2.863756e+00,-4.033486e-01,-6.436198e-02,-4.927202e-01,-4.253635e-01,3.425932e-01,-9.659489e-02,-3.867570e-04,3.953031e-01,2.724996e-01,3.864202e-02
2.981229e+00,4.187591e-02,5.691133e-01,-7.477024e-01,2.742511e-01,3.316909e-01,-4.027813e-02,-4.249698e-02,2.278893e-01,2.274915e-01,-1.275661e-02
3.292277e+00,-2.590978e-02,8.969015e-01,-3.623367e-01,8.170791e-01,-8.257955e-02,-6.536738e-01,-1.955176e-02,4.420921e-01,8.441857e-02,-3.443686e-01
3.606482e+00,-2.341077e-01,6.996525e-01,-5.238812e-01,7.256836e-01,-1.178737e-01,-6.873208e-01,-1.606956e-01,2.421548e-01,8.750598e-02,-2.827295e-01
3.834832e+00,-5.193326e-01,9.390130e-01,-2.790558e-01,3.152102e-01,1.011840e-01,-1.906793e-03,-9.407680e-02,5.513353e-03,-2.306038e-01,-1.784588e-01
3.841659e+00,-7.600979e-01,1.034490e+00,-4.078374e-02,3.203809e-01,-9.025863e-03,-5.446237e-01,-8.084268e-02,1.188617e-01,7.453778e-02,-1.269108e-01
3.800642e+00,-5.049293e-01,8.417307e-01,-3.161253e-01,5.759777e-01,-2.583381e-01,-3.383019e-01,-5.303541e-01,-1.070047e-01,5.988118e-02,-5.398288e-02
3.970034e+00,-8.594576e-01,9.589316e-01,4.878551e-02,6.516909e-01,1.205018e-01,-1.569792e-02,-1.330982e-01,-1.567358e-01,-1.229327e-01,-1.038411e-01
4.058739e+00,-8.380413e-01,7.338787e-01,-5.160710e-01,2.880145e-01,-1.504496e-02,-4.426725e-01,-2.602722e-01,1.919314e-01,2.688805e-01,4.517130e-02
4.190902e+00,-3.947747e-01,8.424274e-01,-1.181399e-01,6.388004e-01,-2.348685e-01,-5.688388e-01,-2.715685e-01,6.778411e-02,-1.676200e-01,-4.600123e-02
4.425631e+00,-6.772537e-01,8.080369e-01,1.038447e-01,1.231980e+00,1.425609e-02,-1.673376e-01,-2.865306e-01,-2.813372e-01,-1.803608e-01,-2.116796e-01
4.156610e+00,-9.415577e-01,4.028506e-01,-5.363375e-01,3.074710e-01,-4.353398e-01,-2.519687e-01,-2.379943e-01,-6.589982e-02,2.383584e-01,4.650810e-03
4.536345e+00,-5.535428e-01,9.815597e-01,2.712438e-02,2.713251e-01,-1.277307e-01,-2.450262e-01,-3.045182e-01,1.233613e-01,-7.016725e-02,-3.015093e-01
4.641041e+00,-7.026313e-01,1.108368e+00,3.860099e-01,1.005431e+00,1.777883e-01,-3.248892e-01,-4.774329e-01,-3.277722e-01,1.226062e-02,-1.070682e-02
4.433134e+00,-7.448586e-01,5.318040e-01,-4.666070e-01,3.870420e-01,-3.737161e-01,-2.753691e-01,-1.598571e-02,-1.171356e-01,-7.195029e-02,2.246330e-01
4.625177e+00,-7.345407e-01,1.264989e+00,-3.464515e-01,4.682289e-01,1.293046e-02,-3.951480e-01,-2.764664e-01,6.259161e-02,-1.070183e-01,-2.994229e-01
4.869665e+00,-5.715313e-01,1.091878e+00,2.409374e-01,8.595265e-01,1.082349e-01,-4.106696e-01,-2.756665e-01,1.331492e-01,-1.727234e-01,-3.120358e-01
5.007716e+00,-7.021254e-01,6.708115e-01,-1.777410e-01,5.727441e-02,-2.519907e-01,5.650376e-02,-2.898091e-01,9.542691e-02,-2.675507e-01,2.718730e-01
4.799877e+00,-1.043341e+00,1.327814e+00,-3.114061e-01,5.337337e-01,-2.256922e-02,-3.417844e-01,-1.969092e-01,-7.686300e-02,-1.997255e-01,-1.892911e-01
4.883635e+00,-7.242543e-01,1.390002e+00,-2.197577e-01,5.680646e-01,-4.504079e-02,7.450159e-02,-1.180131e-01,1.530980e-01,-1.470583e-01,-2.243490e-01
4.923886e+00,-9.303656e-01,1.380251e+00,-4.366934e-01,7.318906e-02,-4.220598e-02,-2.603100e-01,-2.825964e-01,-6.602342e-02,-4.987875e-02,2.646134e-01
5.005807e+00,-1.110041e+00,1.175420e+00,-2.061586e-01,2.717923e-01,-4.840009e-02,-3.172905e-01,-1.749059e-01,8.389064e-02,-2.521841e-01,7.662292e-02
5.067105e+00,-3.916870e-01,1.062087e+00,-4.288275e-01,3.844722e-01,1.867850e-01,2.833171e-02,1.774544e-01,7.013373e-02,-1.243184e-01,-1.563146e-01
4.985310e+00,-6.585022e-01,1.358354e+00,-3.057245e-01,2.192294e-01,-1.175923e-01,-3.991852e-01,-4.189477e-01,-1.141934e-01,-5.532070e-02,-2.227581e-01
4.839248e+00,-8.178853e-01,1.151685e+00,-2.523293e-01,2.053889e-01,-7.122122e-02,-3.306176e-01,-2.793032e-01,7.528425e-02,9.857141e-02,-9.684114e-02
5.182400e+00,-4.422981e-01,7.939167e-01,-5.001215e-01,5.332247e-01,1.117789e-01,5.264162e-02,2.167718e-01,-1.278897e-01,4.027145e-02,1.523621e-01
5.159941e+00,-6.380844e-01,1.352313e+00,-2.542335e-01,2.063315e-01,-2.669977e-01,-2.776545e-01,-1.735979e-01,-3.984793e-01,-1.277710e-01,-2.964167e-01
4.951941e+00,-6.842431e-01,1.355884e+00,5.111896e-02,-2.977986e-02,-8.208653e-02,-2.039152e-01,-4.316999e-01,-9.418958e-02,2.240202e-01,1.972581e-01
5.104522e+00,-8.471200e-01,8.650624e-01,-2.374525e-01,1.579217e-01,3.234897e-01,3.095811e-02,-1.254881e-01,1.400627e-02,6.914452e-02,6.338948e-02
5.450211e+00,-2.853244e-01,7.517388e-01,-3.696767e-02,2.528099e-01,-3.885590e-01,-6.963735e-02,-2.872139e-01,-3.771003e-01,-6.840994e-02,-3.204192e-01
5.071653e+00,-2.467049e-01,1.345822e+00,-1.622879e-01,3.546771e-01,-1.217487e-01,-3.252395e-01,-4.104262e-01,-6.608263e-02,3.324305e-01,-4.794536e-02
4.812802e+00,-6.439757e-01,9.368926e-01,-4.144757e-01,3.822890e-01,2.031918e-01,-1.644811e-01,-4.433720e-01,1.890768e-01,-7.785637e-02,-7.964522e-02
5.573768e+00,-2.540107e-01,8.934750e-01,-1.316936e-01,1.425070e-01,-2.019825e-01,1.793477e-02,-5.674498e-01,-1.318084e-01,-1.281203e-01,1.091745e-02
5.462046e+00,-3.805048e-01,1.250323e+00,8.869657e-02,1.255400e-01,4.642238e-03,5.920962e-02,-4.601133e-01,6.417362e-02,9.128090e-02,8.714428e-02
4.630572e+00,-8.418719e-01,1.197785e+00,-1.962259e-01,1.711596e-01,-2.577007e-01,9.884435e-02,-5.278719e-01,-2.061334e-02,-5.473431e-02,2.382271e-01
5.374694e+00,-2.840971e-01,1.169431e+00,-1.684936e-01,2.085586e-01,-1.915970e-01,2.533393e-02,-6.964351e-01,-1.401274e-01,2.686367e-01,-2.398260e-02
5.440245e+00,-1.868201e-01,9.925983e-01,-3.409325e-02,6.431241e-01,6.837817e-02,-7.401514e-02,-1.691512e-01,-4.050050e-02,1.598306e-01,-3.286254e-01
4.850768e+00,-3.927665e-01,8.557267e-01,-5.009658e-01,3.714698e-01,-4.008693e-01,-2.416647e-03,-7.216922e-02,3.151385e-01,-2.664085e-03,-2.152614e-02
5.325229e+00,-4.291425e-01,1.419689e+00,-1.896791e-02,3.998671e-01,-1.555138e-01,-3.676290e-01,-7.546276e-01,6.658924e-02,6.661357e-01,-9.325126e-03
5.476115e+00,-4.567312e-01,9.182068e-01,2.806834e-01,5.622673e-01,-7.046047e-02,2.998506e-01,-2.483157e-01,-1.266986e-01,2.536196e-01,-3.825584e-01
5.017145e+00,-3.907960e-01,1.055522e+00,-4.908939e-01,1.733553e-01,-5.905400e-01,1.080533e-01,-2.596620e-02,5.663415e-02,2.924065e-01,-8.465061e-02
4.982315e+00,-5.885278e-01,1.275828e+00,7.748099e-02,6.501942e-01,-3.313960e-01,-3.421853e-01,-4.460946e-01,2.819394e-01,4.403766e-01,1.637642e-01
5.457701e+00,-3.518731e-01,1.023901e+00,-6.270571e-02,6.891501e-01,-1.086778e-01,1.136755e-01,-2.187743e-01,6.432404e-02,8.521032e-02,-1.659882e-01
5.355740e+00,-4.680180e-01,1.003139e+00,-4.218809e-01,2.857963e-01,-5.181341e-01,-9.827391e-02,-2.209142e-01,1.800074e-01,2.780500e-01,-3.794392e-01
4.839895e+00,-8.443772e-01,1.005788e+00,8.069004e-02,8.632413e-01,-5.953863e-01,1.708549e-01,-1.414357e-01,3.790203e-01,6.310109e-01,1.886414e-01
5.516052e+00,-3.285814e-01,1.157041e+00,-1.946369e-01,7.189624e-01,-2.887543e-01,1.629779e-01,-4.439609e-01,2.522328e-02,3.282542e-01,-2.452078e-01
5.541535e+00,-7.151144e-01,1.070296e+00,-4.157799e-01,4.993743e-01,-4.349356e-01,-3.519502e-01,-3.254418e-01,1.826794e-01,1.238940e-01,-3.092918e-01
5.044548e+00,-6.108676e-01,1.011948e+00,-7.467046e-02,8.306949e-01,-3.889481e-01,-3.716233e-02,4.026691e-02,4.287764e-01,2.274335e-01,1.485530e-01
5.505699e+00,-2.133997e-01,1.117167e+00,-2.466772e-01,9.318555e-01,-3.515499e-01,-3.896294e-01,-3.276038e-01,2.862387e-01,1.284955e-01,-6.542759e-02
5.379490e+00,-5.897665e-01,1.016328e+00,-9.064066e-02,5.135418e-01,-4.477519e-01,-3.803046e-01,-3.460028e-01,-1.122952e-02,1.783448e-01,-1.735100e-01
5.142446e+00,-8.070761e-01,1.205283e+00,-2.008815e-01,5.108458e-01,-1.956480e-01,6.541923e-02,-6.592469e-03,4.494839e-01,3.173895e-01,-6.423798e-02
5.511286e+00,-5.269146e-01,1.163831e+00,-2.767155e-02,6.571963e-01,-4.494501e-01,-2.621588e-01,-2.515645e-01,9.577329e-02,2.090935e-01,3.228473e-02
5.186909e+00,-5.325014e-01,1.189064e+00,1.838460e-01,5.022914e-01,-4.500435e-01,-3.094766e-01,-3.798236e-01,-4.774843e-02,1.575669e-01,3.983701e-02
5.160654e+00,-8.449063e-01,1.330589e+00,-3.867526e-01,4.745938e-01,5.948252e-03,1.868580e-02,1.780100e-02,5.195197e-01,3.121679e-01,-2.759646e-02
5.021672e+00,-5.641803e-01,1.208712e+00,-1.900364e-01,4.947928e-01,-2.329918e-01,-3.279680e-01,-1.007788e-01,1.175769e-01,6.322346e-02,2.513195e-02
5.251994e+00,-3.608573e-01,1.242465e+00,2.086381e-01,6.184214e-01,-5.174066e-01,-4.160818e-01,-1.752661e-01,1.637404e-01,1.657179e-03,6.637672e-02
5.405862e+00,-5.309754e-01,1.145325e+00,-1.656041e-01,4.406086e-01,-4.538692e-02,1.293516e-01,-7.505898e-02,4.712842e-01,3.090536e-01,-1.221540e-01
4.956761e+00,-9.301959e-01,1.219331e+00,-2.051383e-01,4.421698e-01,-2.975882e-01,6.516534e-03,-1.683183e-01,1.590269e-01,8.226756e-02,-1.087854e-01
5.096148e+00,-5.147804e-01,1.756226e+00,3.359510e-01,2.187013e-01,-5.654540e-01,-2.371663e-01,-3.986980e-02,1.820249e-01,2.898667e-01,3.641839e-02
5.413089e+00,-3.522935e-01,1.367156e+00,1.273639e-02,4.705066e-01,-3.761546e-01,2.218005e-01,1.891470e-01,6.025310e-03,1.177264e-01,1.556305e-01
4.928372e+00,-1.096673e+00,1.174269e+00,-9.421943e-02,2.278895e-01,-2.333215e-01,9.959662e-03,2.311698e-01,1.604274e-01,-3.060706e-03,9.642438e-02
5.139063e+00,-3.365813e-01,1.599514e+00,1.903093e-02,2.648183e-01,-4.557087e-01,8.516742e-02,-2.226645e-02,3.203856e-01,2.365800e-01,-1.439000e-01
5.432753e+00,-2.276835e-01,1.691274e+00,1.903546e-01,4.192558e-01,-4.139391e-01,2.828839e-01,-4.995665e-02,2.182927e-02,-1.033871e-01,-2.688017e-01
5.156524e+00,-7.536321e-01,1.229606e+00,-1.175767e-01,2.615059e-01,-4.425063e-01,2.670612e-02,2.276980e-01,1.486601e-01,-6.689564e-02,8.084302e-02
5.345985e+00,-3.067922e-01,1.536157e+00,-1.126246e-01,3.277868e-02,-1.921516e-01,3.899043e-01,-1.784050e-02,-1.749363e-02,2.457163e-01,8.425377e-02
5.364686e+00,-5.416317e-01,1.898751e+00,2.504821e-01,4.193536e-01,-2.292558e-01,2.672401e-01,-1.278042e-01,-4.252498e-01,-1.025623e-01,-1.843411e-02
4.980153e+00,-8.240192e-01,1.642709e+00,-5.810510e-02,2.615730e-02,-3.237839e-01,5.120962e-02,-5.384404e-02,6.039673e-02,1.483072e-01,9.154364e-02
5.517907e+00,-3.365350e-01,1.260469e+00,-1.145966e-01,4.081733e-01,-2.299234e-01,3.047383e-01,-4.561101e-02,-1.942850e-01,3.166231e-01,2.149009e-01
5.999588e+00,-5.311425e-01,1.311213e+00,3.333761e-01,2.777743e-01,-2.359408e-01,3.942257e-01,-4.496237e-01,-1.541672e-01,6.082485e-02,-1.897356e-01
4.988851e+00,-7.844972e-01,1.603130e+00,-2.465141e-01,2.541164e-01,-9.790663e-02,2.324798e-02,-3.510660e-01,5.747600e-02,3.398141e-01,1.315505e-01
5.340358e+00,-7.228723e-01,1.575289e+00,-3.724028e-02,4.145062e-01,4.114877e-02,1.502357e-01,-3.064642e-01,4.409419e-02,2.707614e-01,5.924446e-02
5.950123e+00,-6.502912e-01,1.515420e+00,-3.694418e-02,1.774420e-01,-2.277425e-01,2.945351e-01,-2.247019e-01,-3.159065e-01,1.864738e-01,1.102212e-01
5.143449e+00,-1.069691e+00,1.325707e+00,-4.458583e-02,4.276421e-01,-1.108677e-01,3.522231e-01,-1.894959e-01,1.629433e-02,2.693871e-01,1.040674e-01
5.347720e+00,-1.186108e+00,1.616804e+00,2.350864e-01,4.530602e-01,8.922474e-02,1.359439e-01,-3.127557e-01,7.796474e-02,3.223025e-01,1.573319e-01
5.865819e+00,-8.745420e-01,1.564812e+00,-3.375629e-02,1.072893e-01,-3.950587e-01,2.900168e-01,-3.438912e-01,8.383648e-02,2.288647e-01,-1.637489e-01
5.319301e+00,-1.289348e+00,1.242370e+00,1.579657e-01,6.505350e-01,1.678032e-01,3.546756e-01,1.329385e-01,8.024225e-02,1.271368e-01,-2.466943e-01
5.628503e+00,-1.103088e+00,1.465562e+00,2.021249e-01,4.173127e-01,-1.369844e-01,2.028261e-01,-1.749414e-01,1.274060e-01,2.917503e-01,7.433818e-02
5.768711e+00,-1.242664e+00,1.658191e+00,-1.023158e-01,2.229980e-01,-4.908139e-01,5.178891e-02,-1.902559e-01,1.298051e-01,3.977771e-01,-5.706193e-02
5.490120e+00,-1.517004e+00,1.559222e+00,1.809116e-01,6.980371e-01,1.791962e-01,2.840880e-01,2.284339e-02,-9.182144e-02,1.557493e-01,-2.755829e-01
5.975368e+00,-1.361321e+00,1.641188e+00,2.207177e-01,2.856938e-01,-1.001589e-01,2.172411e-01,-1.051541e-01,-6.958725e-05,6.287237e-02,1.480026e-01
5.878207e+00,-1.700836e+00,1.419227e+00,8.623194e-03,3.356920e-01,-5.243831e-01,1.108247e-03,-1.098282e-01,-1.217507e-01,7.553270e-01,1.072331e-01
5.692411e+00,-1.229610e+00,1.567698e+00,1.763388e-01,5.757818e-01,2.016987e-01,8.927184e-02,-7.826832e-02,2.603372e-02,1.194179e-01,-4.098082e-01
6.137387e+00,-1.337101e+00,1.728811e+00,7.394771e-02,4.200243e-01,1.468409e-01,-1.895186e-01,4.726689e-02,5.229582e-02,-2.419877e-02,-9.646348e-02
5.407889e+00,-1.637858e+00,1.402337e+00,1.132572e-01,4.535366e-01,-3.324110e-01,-3.153713e-01,-1.857908e-01,-2.956153e-02,4.550581e-01,2.086417e-01
5.923974e+00,-9.977185e-01,1.587849e+00,1.087954e-01,4.748576e-01,5.893645e-02,7.448899e-02,-1.615557e-03,-1.815830e-01,1.324470e-01,-1.732268e-01
6.033935e+00,-1.228937e+00,1.844080e+00,2.546065e-01,2.923078e-01,1.207336e-02,2.542002e-01,-1.066777e-01,-1.679864e-01,-8.151340e-02,-1.087507e-02
5.540316e+00,-1.433931e+00,1.585368e+00,8.933730e-02,1.308455e-01,-3.528525e-01,1.123090e-02,-3.688229e-01,2.845596e-02,5.597197e-01,-5.191976e-02
6.189558e+00,-8.739178e-01,1.391986e+00,5.952473e-02,6.037215e-01,2.609025e-02,5.487747e-02,-3.121415e-01,5.770383e-02,1.624926e-01,-3.161619e-01
6.210761e+00,-8.005738e-01,1.441494e+00,2.438735e-01,7.705461e-01,1.973829e-01,-4.774841e-02,6.492834e-03,-2.877128e-01,-2.301345e-01,-2.141268e-02
5.496941e+00,-1.259679e+00,1.586331e+00,-3.721340e-02,4.929838e-02,-5.995166e-01,4.551029e-02,1.155423e-03,1.307920e-01,2.731189e-01,5.787537e-03
5.974236e+00,-1.198099e+00,1.680338e+00,1.262641e-01,3.939597e-01,-6.153423e-03,5.413340e-02,-1.089133e-01,-5.600966e-02,1.043181e-01,-1.180668e-01
5.881167e+00,-9.049794e-01,1.610584e+00,3.669445e-01,5.907295e-01,1.076449e-01,2.885868e-01,-3.791701e-01,-1.899495e-01,2.977278e-04,-2.289854e-01
6.067592e+00,-1.461847e+00,8.966574e-01,2.308967e-01,3.554209e-01,-7.535970e-01,7.597024e-02,-1.624386e-01,-1.609518e-02,4.722213e-01,2.877403e-02
5.975193e+00,-1.100854e+00,1.471975e+00,1.830632e-01,5.116721e-01,-1.135575e-01,-5.640609e-02,8.308283e-02,2.088326e-01,-6.092797e-02,-2.458337e-01
5.818373e+00,-9.158492e-01,1.642981e+00,-5.201911e-02,6.499425e-01,6.697887e-02,-1.644800e-01,-6.929087e-02,1.569753e-01,1.138196e-01,-2.365471e-01
5.922933e+00,-1.623004e+00,1.377164e+00,-1.239609e-01,4.048950e-01,-1.962809e-01,-3.164704e-01,-2.906103e-01,-7.985871e-02,3.299351e-01,1.683750e-01
5.827008e+00,-1.407230e+00,1.452404e+00,3.831071e-01,5.764576e-01,-1.069318e-01,1.590061e-01,2.384704e-01,-2.511050e-01,4.758385e-02,5.652308e-02
5.987674e+00,-1.243750e+00,1.628304e+00,1.714415e-02,2.066830e-01,7.127756e-02,-5.097873e-02,-6.953555e-02,1.323453e-01,4.347274e-01,1.167692e-02
6.061630e+00,-1.205570e+00,1.301341e+00,1.200290e-02,5.622376e-01,-8.704585e-03,-3.319533e-01,-5.417098e-01,7.566002e-02,1.851616e-01,-2.773422e-01
5.968607e+00,-1.063496e+00,1.432863e+00,1.471540e-01,5.463627e-01,-8.333545e-02,2.038338e-01,-1.179704e-01,-1.505000e-01,2.861414e-01,-2.538667e-01
5.837413e+00,-1.271622e+00,1.418910e+00,-3.985202e-02,2.331781e-01,-1.694887e-01,-5.594901e-02,-2.184118e-02,2.319703e-01,3.061381e-01,1.353013e-01
5.977555e+00,-1.293644e+00,1.481209e+00,3.409657e-01,6.309968e-01,-1.651104e-01,3.850325e-03,-2.634056e-01,-4.039389e-01,-9.125976e-03,-9.297374e-02
5.852959e+00,-9.259638e-01,1.817926e+00,5.289620e-02,3.305337e-01,-7.962410e-02,1.939239e-01,-1.753659e-01,-4.349567e-03,2.274236e-01,-2.164714e-01
5.827762e+00,-1.471173e+00,1.241347e+00,7.273387e-02,7.727456e-02,-2.286851e-01,-1.307691e-02,-2.292049e-01,3.621452e-01,2.106313e-01,-2.256080e-01
6.182694e+00,-8.827238e-01,1.341409e+00,2.761761e-01,6.127195e-01,-2.552285e-01,2.062970e-01,-2.640173e-01,-2.422542e-01,2.416707e-02,-4.402271e-01
5.992206e+00,-8.596480e-01,1.759759e+00,2.340316e-01,4.053780e-01,-3.398196e-02,-8.617161e-02,-7.701627e-02,1.633261e-01,1.148336e-01,-1.808704e-01
5.483649e+00,-1.428827e+00,1.372075e+00,-2.169188e-01,2.897925e-01,-1.275919e-01,-9.584511e-02,-1.605933e-01,9.420430e-02,7.435330e-02,2.436861e-02
5.937256e+00,-8.714470e-01,1.850342e+00,6.372999e-02,1.425343e-01,-1.598565e-01,3.341575e-01,7.369225e-02,-3.722868e-01,-1.409802e-01,-5.597659e-02
6.004384e+00,-1.049987e+00,1.787441e+00,3.578840e-01,5.936676e-01,-2.632759e-02,1.823159e-02,-2.041768e-01,4.448392e-02,2.055437e-01,-7.219345e-03
5.685304e+00,-1.154606e+00,9.480767e-01,-3.095228e-01,5.397847e-01,-1.411737e-01,-3.131144e-01,-1.196659e-03,2.280406e-01,1.925263e-01,-7.782864e-02
6.061552e+00,-1.073228e+00,1.542861e+00,1.896711e-01,4.466302e-01,-3.237107e-02,-1.702177e-02,-8.328890e-02,-9.375007e-03,1.302914e-01,-1.023168e-01
6.032458e+00,-1.389558e+00,1.601201e+00,4.655163e-01,8.901899e-01,1.100304e-01,1.100483e-01,-9.252340e-02,-1.587200e-01,2.425238e-01,-2.517731e-01
5.694826e+00,-1.427481e+00,1.106101e+00,2.882851e-02,1.718170e-01,-4.378156e-01,-2.034210e-01,1.584748e-01,-4.554221e-02,1.172487e-01,2.962574e-01
5.980362e+00,-1.115161e+00,1.469715e+00,1.746016e-01,7.250392e-01,-6.152113e-02,-1.123786e-01,-1.758355e-01,1.368375e-01,5.406278e-01,-6.872595e-02
6.039006e+00,-1.501356e+00,1.367265e+00,4.444733e-01,1.085108e+00,1.063050e-02,2.176787e-01,-7.489938e-02,-1.105053e-01,1.394143e-01,-2.929629e-01
5.953201e+00,-1.323787e+00,1.064722e+00,4.476514e-02,-6.699226e-02,-2.625897e-01,-2.010629e-01,-2.572416e-01,4.735834e-02,5.893061e-04,-1.743886e-02
5.522853e+00,-1.179667e+00,1.546193e+00,2.490699e-01,6.746300e-01,-2.394184e-02,3.247577e-05,-2.946454e-01,4.387870e-01,8.952570e-01,-5.036618e-02
5.972728e+00,-1.340511e+00,1.361589e+00,2.596096e-01,7.713337e-01,7.371214e-02,1.728220e-01,-3.513858e-02,-1.379551e-01,1.374048e-01,3.884324e-04
5.868044e+00,-1.299576e+00,1.463341e+00,-2.628588e-01,-8.815234e-02,-1.241181e-01,-3.714714e-02,-3.956571e-01,-3.085524e-01,1.263520e-01,1.465323e-01
5.424406e+00,-1.238992e+00,1.639877e+00,3.362464e-01,8.254629e-01,1.558940e-01,2.822041e-02,-2.526761e-01,1.184551e-01,3.970224e-01,-1.559179e-01
6.085670e+00,-9.132626e-01,1.296135e+00,-4.239722e-03,5.832472e-01,2.491255e-01,-1.018048e-01,-1.104030e-01,2.614847e-01,3.976267e-03,-3.406618e-01
6.081708e+00,-1.266332e+00,1.484665e+00,-3.995154e-02,1.949372e-01,-2.837846e-01,-6.872626e-02,-3.313059e-01,-1.048376e-01,-6.147208e-02,-1.433630e-01
5.783100e+00,-1.291855e+00,1.510829e+00,1.681021e-01,5.952632e-01,4.205116e-02,1.292470e-01,-1.116688e-01,-4.869981e-02,4.302482e-01,-7.030305e-02
5.762684e+00,-1.307628e+00,1.806461e+00,1.056669e-01,1.159360e-01,-2.296432e-01,2.734413e-01,6.154344e-02,-1.426031e-01,4.129749e-02,-3.189956e-01
6.008884e+00,-1.165533e+00,1.724751e+00,7.176596e-02,3.537449e-01,-1.637013e-01,-1.846005e-01,-1.820373e-01,-1.125451e-01,-3.533250e-02,-2.681577e-01
6.164641e+00,-1.011961e+00,1.171329e+00,1.925308e-01,5.620111e-01,-5.483260e-02,3.150946e-02,2.728645e-01,3.484642e-02,1.520253e-01,-1.546457e-01
5.724666e+00,-1.386302e+00,1.428538e+00,1.415985e-01,4.090362e-01,-3.750285e-01,1.637652e-01,-3.179733e-01,-3.825467e-02,2.637359e-01,-3.878344e-01
6.124530e+00,-1.021955e+00,1.518150e+00,2.225363e-01,2.864548e-01,4.759588e-02,-7.483773e-02,-4.460770e-01,-3.502396e-02,2.812184e-01,-2.006299e-01
6.051942e+00,-1.078101e+00,1.483670e+00,1.063531e-01,3.734838e-01,-3.593377e-02,3.259827e-01,1.681591e-01,-4.813261e-02,2.502907e-01,-1.355952e-01
5.334196e+00,-1.408265e+00,1.468960e+00,-1.011406e-02,5.764845e-01,-1.951362e-01,-3.606301e-02,-2.425878e-01,-1.207549e-01,1.953055e-01,2.561283e-01
6.106070e+00,-1.091554e+00,1.418875e+00,1.434348e-01,5.434708e-01,-3.868738e-02,-3.011305e-01,-5.474588e-02,5.844279e-02,1.838184e-01,-4.906759e-02
5.998856e+00,-7.260991e-01,1.389141e+00,-1.182155e-01,7.604532e-01,6.903697e-02,1.900002e-01,-1.942583e-01,2.302948e-01,1.640410e-01,-3.957893e-01
5.513095e+00,-1.630474e+00,1.323567e+00,3.006797e-01,3.042425e-01,-1.549758e-01,-2.465070e-01,-2.433469e-01,2.983963e-01,2.793833e-01,3.793053e-02
6.033954e+00,-1.278215e+00,1.405424e+00,2.679657e-01,4.880788e-01,-2.312174e-01,2.858701e-02,5.803039e-02,4.771344e-02,1.610973e-01,2.129994e-01
5.879125e+00,-1.121202e+00,1.713785e+00,2.592486e-01,6.875325e-01,1.027354e-01,1.272871e-01,-7.461080e-02,-2.667868e-01,-5.584047e-02,-1.592518e-01
5.767698e+00,-1.450083e+00,1.413682e+00,2.316298e-02,3.352741e-01,-3.207594e-01,-3.125918e-01,-3.373886e-01,1.751765e-01,4.468388e-01,-1.162416e-01
5.823196e+00,-1.068744e+00,1.418335e+00,-1.198731e-01,6.361701e-01,-6.570278e-03,-6.173981e-02,1.174232e-01,2.956192e-01,1.044267e-01,-3.051753e-02
6.237504e+00,-1.091499e+00,1.587661e+00,4.415475e-01,5.884976e-01,7.661753e-03,-2.808970e-02,-1.240354e-01,-3.882630e-01,-3.030241e-02,-1.062303e-01
6.029588e+00,-1.027242e+00,1.232401e+00,-2.172357e-01,2.136101e-01,-2.388499e-01,-6.151972e-02,-6.843087e-01,-1.155365e-01,7.846193e-01,-3.262192e-01
5.712348e+00,-1.222679e+00,1.754531e+00,1.324157e-01,1.190857e-01,-1.117472e-01,4.783949e-01,1.518528e-01,8.400686e-02,1.002675e-01,-1.377565e-01
6.215027e+00,-1.097291e+00,1.635461e+00,2.831718e-01,2.979957e-01,-2.554086e-02,5.198358e-03,-2.250376e-01,-3.842734e-01,2.606424e-01,-2.879424e-02
5.821037e+00,-1.209063e+00,1.431904e+00,-1.943029e-01,4.601345e-01,-4.079691e-01,-2.739389e-01,-2.450537e-01,-1.304872e-01,6.327565e-02,-6.859330e-02
5.803470e+00,-1.267865e+00,1.546476e+00,1.665208e-01,5.967499e-01,1.415452e-01,7.549789e-02,3.233640e-01,1.471405e-01,-1.092187e-01,-1.934848e-01
6.118261e+00,-1.031683e+00,1.409670e+00,3.506478e-01,1.729982e-01,-3.032741e-01,3.918997e-02,-2.227694e-01,-4.320857e-02,2.910968e-01,-2.817491e-01
5.811878e+00,-1.376345e+00,1.626789e+00,1.631111e-01,2.327004e-01,-1.998584e-01,-2.714325e-03,-4.281286e-01,-1.514351e-01,-3.733953e-02,-4.069324e-02
5.746569e+00,-1.489167e+00,1.455006e+00,-7.364550e-03,4.850300e-01,2.004049e-01,1.667676e-01,7.824502e-03,2.871026e-01,4.083047e-01,1.780627e-01
5.757040e+00,-9.816678e-01,1.390593e+00,-1.111596e-01,4.386357e-01,-3.513621e-01,-1.721554e-01,-5.916123e-02,1.084057e-01,1.919434e-01,-2.142014e-01
6.122112e+00,-1.020594e+00,1.355172e+00,-5.179530e-03,6.898521e-01,1.809009e-01,-3.423991e-01,-2.081654e-01,-1.346305e-02,-1.359189e-01,-1.521245e-01
5.895015e+00,-1.268295e+00,1.509850e+00,4.613021e-02,6.191306e-01,-2.807703e-02,6.062883e-02,-1.337996e-01,2.313943e-01,4.135633e-01,2.075381e-01
5.773524e+00,-1.204482e+00,1.170829e+00,-1.955729e-01,2.451977e-01,-4.933185e-02,-7.325183e-03,-2.513210e-01,-4.193745e-02,4.484208e-01,-1.696498e-01
6.085935e+00,-1.175518e+00,1.291723e+00,3.180351e-01,6.025544e-01,-2.565775e-01,2.987201e-01,-1.914785e-01,-1.932491e-01,9.859839e-02,3.882846e-02
6.019458e+00,-1.051058e+00,1.617102e+00,3.130120e-01,5.381606e-01,-1.623969e-01,-4.442630e-02,-1.955187e-01,6.114970e-02,4.460902e-01,9.363584e-02
5.517908e+00,-1.670257e+00,1.121550e+00,-5.071992e-02,3.273481e-01,-1.475034e-02,-5.617652e-02,1.214898e-01,9.989370e-02,5.029009e-02,-7.387217e-02
6.099247e+00,-1.090813e+00,1.410764e+00,-3.629007e-02,6.906338e-01,-8.771681e-02,-4.011042e-02,-5.351705e-02,-8.267028e-03,1.951991e-01,-7.887655e-02
6.160630e+00,-1.009127e+00,1.775174e+00,4.040929e-01,5.360788e-01,-1.529795e-01,-6.534085e-02,-2.063493e-01,-2.134543e-01,3.890445e-01,-7.180173e-02
5.577875e+00,-1.569589e+00,1.238350e+00,2.716046e-01,1.435032e-01,-4.173249e-01,3.429089e-01,2.250493e-02,-1.405641e-01,1.129606e-01,-2.738246e-01
6.026431e+00,-1.026819e+00,1.629820e+00,1.439575e-02,3.366512e-01,2.489547e-02,-5.258968e-04,-1.596648e-01,-6.451560e-02,2.603911e-01,1.206185e-01
6.116806e+00,-9.206056e-01,1.895661e+00,1.558941e-01,5.176466e-01,3.517526e-01,-2.106953e-01,-2.718938e-01,-3.822531e-02,-1.859124e-01,-3.227100e-01
5.491505e+00,-1.151299e+00,1.212849e+00,-1.763519e-01,4.606308e-01,-3.484772e-01,-6.783157e-03,1.385150e-01,-6.779164e-02,3.219921e-02,-1.050521e-01
5.945030e+00,-1.006049e+00,1.800239e+00,2.794580e-01,1.059224e-01,-1.804701e-01,1.149321e-01,-1.917892e-01,-6.610052e-02,3.195062e-01,-2.810117e-03
6.179950e+00,-9.647274e-01,1.800328e+00,1.003610e-01,4.290072e-01,2.050476e-01,1.194800e-01,-6.077933e-01,2.156813e-04,-2.843368e-02,-3.559507e-01
5.535711e+00,-1.530368e+00,1.117015e+00,3.489601e-02,2.627400e-01,-1.892045e-01,1.161080e-01,6.437424e-02,-9.501003e-02,1.818089e-01,-1.098513e-01
5.714773e+00,-9.881486e-01,1.823889e+00,5.751768e-01,2.415368e-01,-4.129624e-01,-5.797470e-02,-6.866042e-02,3.175229e-02,2.315312e-01,6.229490e-02
6.207468e+00,-1.004339e+00,1.450130e+00,-3.389005e-02,7.516445e-01,-1.522596e-01,-1.389283e-01,-3.936588e-01,9.595900e-02,8.200728e-02,-2.671201e-01
5.732340e+00,-1.622382e+00,1.120174e+00,-3.024503e-02,5.001403e-01,1.286379e-01,3.974538e-02,1.304026e-01,4.590617e-02,3.018712e-01,-4.730930e-01
5.612730e+00,-1.296575e+00,1.804058e+00,4.539038e-01,3.918475e-01,-1.035027e-01,1.129928e-01,-1.750289e-01,7.604930e-02,2.657771e-01,-1.215305e-01
6.357217e+00,-1.321742e+00,1.265589e+00,2.768216e-01,5.050673e-01,-4.116142e-01,-1.469438e-01,-4.639601e-02,-2.099279e-01,3.016914e-01,2.121258e-02
5.930226e+00,-1.494067e+00,1.144951e+00,1.797811e-01,4.574454e-01,2.887606e-01,3.213620e-01,-1.158408e-01,-3.504296e-02,3.876000e-01,-3.685996e-01
5.817884e+00,-1.191757e+00,1.610937e+00,-7.124509e-02,6.168572e-01,7.129892e-02,-8.395327e-02,-8.111087e-02,2.282750e-01,1.124983e-01,-7.397068e-02
5.977783e+00,-1.331974e+00,1.451846e+00,-8.495325e-02,3.679573e-01,-1.738473e-01,-4.283792e-01,2.237240e-02,5.055950e-02,1.912162e-01,2.202691e-01
5.606937e+00,-1.061658e+00,1.441034e+00,8.271539e-02,7.431829e-01,1.849819e-01,3.368291e-01,-4.855855e-02,-2.735116e-01,1.254424e-01,-1.682069e-01
6.204790e+00,-1.077973e+00,1.265069e+00,2.610405e-01,4.397943e-01,-7.625658e-02,1.563795e-01,-1.071988e-01,-8.724302e-02,2.376401e-01,-4.653957e-02
5.665987e+00,-1.563041e+00,1.360924e+00,-4.812574e-02,1.635208e-01,-1.874169e-01,-1.304456e-01,-3.344500e-01,1.885047e-01,3.760627e-01,1.712973e-01
5.708378e+00,-9.922171e-01,1.841041e+00,7.548393e-02,5.399176e-01,-8.566751e-02,2.981148e-01,9.246304e-02,-8.458215e-02,-1.720080e-01,-4.338168e-01
6.335419e+00,-7.678119e-01,1.161235e+00,1.379440e-01,6.917220e-01,-1.002278e-01,-1.412913e-01,1.988339e-01,-8.223000e-02,-3.330421e-02,-4.526798e-02
5.349590e+00,-1.433730e+00,1.459784e+00,-1.220268e-01,2.563336e-01,-2.370865e-01,-1.289274e-01,-2.413546e-01,7.961237e-02,1.579045e-01,9.163034e-02
5.989316e+00,-1.152576e+00,1.668046e+00,2.797039e-01,4.055532e-01,-2.864866e-02,2.586136e-01,-2.291065e-01,-1.819659e-01,2.474311e-01,-2.124412e-01
6.225690e+00,-1.136405e+00,1.549669e+00,4.874894e-01,2.712888e-01,-6.825807e-02,2.863321e-01,-1.678545e-01,-3.902732e-02,-3.871637e-03,-2.751859e-01
5.493086e+00,-1.197317e+00,1.583940e+00,-1.818802e-01,2.163685e-01,-4.747231e-01,-4.746017e-02,-1.084245e-01,4.405687e-02,3.172723e-01,-4.916899e-02
6.306010e+00,-8.722691e-01,1.130695e+00,2.685031e-01,7.229552e-01,-4.213291e-02,-1.767283e-02,-2.638848e-01,-1.155290e-01,3.564748e-01,-2.021586e-01
5.962752e+00,-1.307829e+00,1.761647e+00,3.302123e-01,6.619496e-01,2.709884e-01,-5.310377e-02,-8.479486e-02,-2.241800e-01,-1.355213e-01,-1.855857e-01
5.494024e+00,-1.559246e+00,1.713847e+00,-2.553331e-01,8.634341e-02,-3.139360e-01,-2.167229e-01,-1.753173e-01,1.761179e-01,5.077010e-01,1.383655e-01
6.260128e+00,-1.218094e+00,1.331389e+00,2.316067e-01,6.462658e-01,2.027336e-04,-1.660437e-01,-1.104687e-01,-4.020780e-02,3.920888e-01,-2.910530e-01
6.045960e+00,-1.123954e+00,1.387468e+00,5.170992e-01,7.079983e-01,1.148490e-01,1.035773e-01,-2.693347e-01,-1.803481e-01,7.773005e-03,-1.407284e-01
5.814282e+00,-1.646615e+00,1.221254e+00,-1.698953e-02,2.805145e-01,-3.595993e-01,-4.041717e-01,-1.654621e-01,1.716325e-01,3.524427e-01,7.198411e-02
5.877514e+00,-1.165322e+00,1.402484e+00,1.061042e-01,6.963369e-01,-9.981946e-03,-2.096792e-01,-4.669827e-03,2.691151e-01,1.646023e-01,-3.290840e-01
5.957716e+00,-1.090286e+00,1.521626e+00,1.148486e-01,5.062387e-01,-3.345184e-02,1.235432e-01,-4.077537e-02,-1.083480e-01,2.407006e-01,-1.077291e-02
5.931494e+00,-1.550589e+00,1.308265e+00,5.381053e-02,4.430015e-01,-3.960569e-01,-2.268493e-01,-2.906026e-01,-1.628480e-01,2.801220e-01,2.369031e-01
5.688027e+00,-1.256526e+00,1.444585e+00,3.677440e-01,5.358728e-01,-6.042360e-04,2.504353e-01,-1.187065e-01,-1.973071e-02,2.173412e-01,-2.110427e-01
5.999550e+00,-8.496581e-01,1.365130e+00,-3.480407e-02,1.728671e-01,-2.317690e-02,1.815473e-01,-2.159100e-01,3.820135e-01,1.972242e-01,-1.784777e-01
5.889458e+00,-9.357494e-01,1.306807e+00,-4.914950e-02,6.611366e-01,-1.369639e-01,-3.016304e-01,-3.136808e-01,-1.317041e-01,6.088093e-02,-1.666782e-02
6.070161e+00,-1.060328e+00,1.477227e+00,2.879157e-01,5.058946e-01,-3.087668e-01,2.267580e-01,1.252873e-01,-1.649051e-01,4.686334e-02,-1.090475e-01
5.766159e+00,-1.148194e+00,1.532398e+00,-2.113721e-01,9.304060e-02,-1.593365e-01,6.654797e-02,-5.804232e-02,1.884923e-01,2.565730e-01,5.817330e-02
5.966206e+00,-1.375673e+00,1.758894e+00,1.766909e-01,5.010174e-01,1.200352e-01,-2.216159e-01,-1.550804e-01,-2.301116e-01,-7.908945e-02,-3.977328e-01
6.116104e+00,-1.057492e+00,1.846644e+00,2.255439e-01,2.466604e-01,-2.307351e-01,3.083902e-01,-7.093948e-02,-5.173804e-02,6.312100e-02,-2.027980e-01
5.816903e+00,-1.349677e+00,1.093900e+00,-1.071291e-01,3.040870e-01,-3.419476e-01,-2.191164e-01,3.461411e-02,1.440692e-01,1.733827e-01,-1.722690e-01
6.035215e+00,-1.134537e+00,1.691986e+00,8.575558e-02,5.898755e-01,-4.362387e-02,-1.418403e-01,-3.357504e-04,-8.301939e-02,-2.285442e-01,-3.813255e-01
6.000912e+00,-9.977653e-01,1.847739e+00,1.714353e-01,5.335647e-01,-6.452551e-02,5.610906e-02,-3.120830e-01,-4.322363e-02,4.550366e-01,3.482892e-02
5.610617e+00,-1.723685e+00,1.162201e+00,1.358725e-01,1.250394e-01,-1.236174e-01,-1.520739e-01,-1.285482e-01,-2.095066e-01,4.047586e-01,-1.676010e-02
6.205294e+00,-1.046677e+00,1.579683e+00,1.138724e-01,3.723818e-01,-1.965046e-02,2.150862e-01,-2.118439e-01,-2.289953e-01,1.363276e-01,-9.898441e-02
5.978737e+00,-8.930121e-01,1.547453e+00,3.595085e-01,7.645989e-01,-8.674490e-03,-2.345133e-03,-4.431078e-01,1.983074e-01,4.418378e-01,-2.325957e-01
5.570293e+00,-1.522995e+00,1.036320e+00,-1.561816e-01,2.494284e-01,-1.302304e-02,-2.055799e-01,-3.636092e-01,2.894742e-01,5.233385e-01,-9.363566e-02
6.067597e+00,-1.256094e+00,1.564296e+00,2.440013e-01,4.555147e-01,-6.860116e-02,4.094077e-02,1.407608e-02,-8.076631e-02,3.612225e-02,1.474930e-01
5.927960e+00,-1.339408e+00,1.542758e+00,5.186467e-01,8.458471e-01,6.986140e-02,2.438013e-01,-1.648983e-01,-2.606024e-01,3.640489e-01,-1.025175e-01
5.614506e+00,-1.475962e+00,1.248458e+00,-1.769624e-01,1.630647e-01,-2.940229e-01,-2.397594e-01,-3.289058e-01,2.853379e-01,3.025375e-01,-1.374411e-01
5.812254e+00,-1.259150e+00,1.613431e+00,2.668738e-01,5.126772e-01,-8.287897e-02,5.645007e-02,-1.044000e-02,1.407176e-01,2.305786e-01,1.434701e-02
6.095902e+00,-1.379263e+00,1.418420e+00,3.762389e-01,8.898488e-01,1.812071e-01,1.828593e-01,-2.432133e-01,-7.532898e-03,1.379686e-01,-3.782838e-01
5.936430e+00,-1.278110e+00,1.161278e+00,-2.017064e-01,1.214960e-01,-4.952938e-01,-2.087884e-01,-1.212015e-01,6.317712e-02,-2.386461e-01,2.028612e-01
5.215327e+00,-1.214288e+00,1.826194e+00,-2.291025e-02,4.695039e-01,1.586101e-01,-1.442004e-02,1.762802e-01,2.824510e-01,7.182702e-01,2.541685e-01
5.970998e+00,-1.413989e+00,1.647016e+00,1.910991e-01,5.726785e-01,3.614480e-02,2.502268e-01,-4.318284e-02,-2.226456e-01,1.504723e-01,-1.745894e-01
6.109552e+00,-9.690775e-01,1.212484e+00,-2.208913e-01,-3.272462e-03,-2.579248e-01,-7.129577e-02,-1.605778e-01,-3.522415e-01,1.305226e-02,7.216801e-02
5.704619e+00,-9.900827e-01,1.453678e+00,3.524647e-01,7.577138e-01,2.028950e-01,-1.601940e-02,-8.089814e-02,2.253533e-01,2.993276e-01,-4.180734e-01
5.916401e+00,-1.075812e+00,1.527328e+00,1.407958e-01,4.545628e-01,-2.185431e-01,2.323484e-01,7.252194e-02,-5.289914e-02,-9.181180e-02,-2.118106e-01
6.210778e+00,-1.242206e+00,1.414786e+00,8.051212e-02,1.796964e-01,-2.708990e-01,-9.496997e-02,-1.734130e-01,-3.375448e-01,1.102526e-01,-1.345556e-01
5.757580e+00,-1.341048e+00,1.541733e+00,1.756166e-01,5.570242e-01,4.435317e-02,1.339278e-01,-3.151751e-02,1.040967e-01,2.340135e-01,8.924183e-04
5.926566e+00,-1.295001e+00,1.453383e+00,5.878429e-02,6.053249e-01,-4.279909e-01,1.281165e-01,-6.038197e-02,-1.128314e-01,7.205063e-03,6.956906e-02
6.092273e+00,-1.087651e+00,1.529438e+00,1.638591e-01,4.862205e-01,-1.360151e-01,-1.845042e-01,-3.294074e-01,3.206577e-02,-7.809928e-02,-3.396767e-01
5.997482e+00,-1.112471e+00,1.339785e+00,7.612230e-02,4.335569e-01,2.092370e-01,1.452203e-01,-1.630437e-01,3.700040e-01,2.699069e-01,-2.916232e-01
5.639802e+00,-1.534703e+00,1.335874e+00,8.947839e-02,5.243179e-01,-4.001952e-01,5.616872e-02,-2.841271e-01,-1.389332e-01,2.650529e-01,-1.675365e-01
5.998694e+00,-9.345541e-01,1.608621e+00,3.566484e-02,4.139326e-01,1.317640e-01,-1.583391e-01,-4.490027e-01,1.176277e-02,2.002593e-01,7.539492e-03
5.968566e+00,-1.293188e+00,1.623794e+00,2.843894e-02,4.496247e-01,5.058131e-02,1.350258e-01,3.166129e-01,-8.252697e-02,1.805199e-01,1.089948e-01
5.365770e+00,-1.665406e+00,1.460757e+00,-1.399585e-03,4.610602e-01,-1.940178e-01,-1.516543e-02,-2.011301e-01,-4.631509e-02,1.926365e-01,-2.248563e-01
6.250811e+00,-1.011390e+00,1.420740e+00,1.614417e-01,3.551216e-01,2.407087e-01,-3.043046e-01,-3.017050e-01,2.342565e-01,3.419496e-01,-2.267076e-01
6.105520e+00,-9.821105e-01,1.501732e+00,2.121470e-01,4.779532e-01,-1.004576e-01,3.256760e-01,3.241151e-02,3.963186e-02,1.819034e-02,-3.768399e-01
5.382781e+00,-1.526647e+00,1.460326e+00,1.325284e-01,2.313931e-01,-3.956923e-01,-7.455179e-02,1.096969e-02,-1.148142e-01,3.505306e-01,6.847164e-02
6.146171e+00,-1.319558e+00,1.527092e+00,2.604807e-01,3.384547e-01,-1.394042e-01,6.316296e-02,1.419866e-01,-1.099180e-01,3.384891e-01,8.626116e-02
6.018423e+00,-8.747398e-01,1.709230e+00,1.272253e-01,6.991946e-01,1.491934e-01,1.225884e-01,-1.665166e-01,-1.723535e-01,-4.327927e-02,-4.372135e-01
5.682332e+00,-1.106500e+00,1.326315e+00,-5.600089e-02,2.177554e-01,-4.662282e-01,-3.457708e-01,-7.417971e-02,1.668589e-01,7.493987e-02,-1.748186e-02
6.042881e+00,-1.006262e+00,1.369103e+00,3.678900e-02,4.808177e-01,-2.109931e-01,2.781272e-01,1.611411e-01,6.623457e-03,1.301765e-01,8.815798e-02
5.986949e+00,-9.285161e-01,1.511924e+00,3.590154e-01,5.709999e-01,1.496691e-01,-4.024481e-03,-4.218311e-01,-2.245087e-01,1.635734e-02,-1.864292e-01
5.824461e+00,-1.265336e+00,1.530475e+00,-1.883460e-01,-1.574947e-02,-3.093380e-01,-6.236655e-02,-4.199739e-01,-2.190102e-01,3.610441e-01,8.080368e-02
5.728363e+00,-1.261945e+00,1.469922e+00,2.162833e-01,4.760560e-01,-1.858016e-01,2.406712e-01,1.389463e-01,1.188956e-01,8.400636e-02,6.236303e-02
6.124333e+00,-1.085679e+00,1.482336e+00,6.294432e-02,7.279518e-01,-1.222618e-01,-3.147435e-01,-3.964702e-02,-1.653983e-01,-8.037527e-02,5.039591e-02
6.000155e+00,-1.153082e+00,1.360324e+00,-1.946087e-01,5.034496e-01,-2.752708e-01,-2.248757e-01,-5.568113e-01,-9.335575e-03,2.089506e-01,-1.205283e-01
5.664095e+00,-1.526493e+00,1.339484e+00,6.174890e-01,5.187389e-01,9.897723e-02,1.819078e-01,3.050501e-04,2.671943e-01,9.232986e-02,-3.124852e-01
6.145355e+00,-1.367581e+00,1.636598e+00,1.488030e-01,1.270030e-01,-2.401565e-02,-1.772666e-01,-1.858968e-01,-9.213264e-02,2.858004e-01,-1.722785e-01
5.888460e+00,-1.253454e+00,1.369611e+00,1.371389e-01,5.845570e-01,-3.639868e-01,-2.872954e-03,-2.922288e-01,-2.882860e-01,1.273144e-01,7.506742e-02
5.824680e+00,-1.602716e+00,1.275490e+00,9.183343e-02,6.482657e-01,8.628172e-02,3.607835e-03,1.592309e-01,2.846565e-01,6.804190e-01,5.077645e-02
5.965486e+00,-1.072316e+00,1.326580e+00,-1.211986e-01,2.753781e-01,-1.880251e-01,-1.117567e-01,-2.300121e-01,1.378166e-01,2.384969e-01,-2.766887e-01
6.079404e+00,-1.245496e+00,1.387158e+00,3.349818e-01,4.147395e-01,-1.876482e-02,1.428207e-01,-2.269404e-01,-2.832009e-01,1.502879e-01,-1.488119e-01
5.915856e+00,-1.156008e+00,1.467143e+00,1.951828e-01,5.042562e-01,-7.947881e-03,5.008426e-02,-1.637065e-01,9.342101e-02,5.908620e-01,6.184872e-02
5.500845e+00,-1.302880e+00,1.266081e+00,-2.309752e-01,1.114328e-01,-2.056334e-01,2.222357e-01,-2.204839e-01,-1.223221e-01,3.573935e-01,-6.201612e-02
6.037556e+00,-1.267317e+00,1.585362e+00,1.753947e-01,3.932951e-01,-3.752590e-04,1.791904e-01,-8.040509e-02,-1.744726e-01,2.046199e-01,-1.487751e-01
5.989791e+00,-9.974103e-01,1.874904e+00,2.094963e-01,5.359207e-01,-1.882161e-01,-1.950484e-01,-7.866708e-02,2.484460e-01,7.674342e-02,-2.081242e-03
5.251322e+00,-1.344860e+00,1.112849e+00,-3.726524e-01,3.937978e-01,-1.228537e-02,-2.727986e-02,8.079086e-02,1.288238e-01,2.202788e-02,-2.363804e-02
6.135690e+00,-1.210920e+00,1.429475e+00,2.213950e-01,4.543186e-01,-1.934386e-01,2.255535e-01,-2.559097e-01,1.167087e-01,2.339250e-01,-2.762533e-01
6.019127e+00,-9.228369e-01,2.015159e+00,3.948290e-01,2.558419e-01,-2.442319e-01,2.329500e-01,-2.476769e-01,-9.429787e-02,1.202282e-02,-6.403003e-03
5.325889e+00,-1.646883e+00,1.380704e+00,7.397450e-02,1.267180e-01,-9.089844e-02,-8.613444e-02,1.737849e-02,1.782958e-03,8.097895e-02,-8.677497e-02
6.148936e+00,-8.446511e-01,1.381957e+00,-5.959023e-02,6.963050e-01,-1.080083e-01,-2.268205e-01,-8.142790e-02,1.268594e-01,1.780022e-01,-7.391047e-02
6.172549e+00,-7.029981e-01,1.650034e+00,1.586984e-01,7.746689e-01,5.423763e-02,-5.047377e-02,-1.269272e-01,-4.015434e-01,-9.030440e-02,-8.261096e-02
5.581018e+00,-1.652567e+00,1.128732e+00,1.433382e-01,2.315651e-01,-2.669564e-01,-7.907975e-03,-8.854275e-02,4.626900e-03,2.906140e-01,-1.980447e-01
6.258702e+00,-9.960558e-01,1.459507e+00,3.079969e-01,3.817106e-01,-1.677603e-01,6.493510e-02,-4.649542e-01,7.470871e-03,5.362137e-01,-8.918337e-02
6.216493e+00,-1.067427e+00,1.576829e+00,2.949866e-01,6.316817e-01,-6.406881e-02,-5.135757e-02,-1.654742e-01,-3.164767e-01,-4.121970e-02,-8.208492e-02
5.674510e+00,-1.821603e+00,1.159625e+00,-9.986485e-02,4.271309e-01,-1.548677e-01,-2.065046e-02,2.011394e-02,4.176706e-02,2.725326e-01,-1.533041e-01
5.946825e+00,-9.255654e-01,1.549892e+00,3.700258e-01,6.883473e-01,-3.428263e-01,-4.070085e-01,-6.228353e-03,1.312402e-01,2.606280e-01,-4.786725e-02
6.208913e+00,-1.058989e+00,1.487329e+00,-4.960080e-02,6.058084e-01,1.220798e-01,-3.536896e-01,-3.705910e-01,1.025934e-01,1.532042e-01,-3.096134e-01
5.577308e+00,-1.736204e+00,1.136563e+00,1.113450e-01,5.783420e-01,-6.010614e-02,2.026313e-01,1.605078e-01,1.182497e-01,9.133795e-02,-1.706968e-01
5.693668e+00,-1.173618e+00,1.707355e+00,5.443916e-01,3.117275e-01,-3.085410e-01,3.215844e-01,-8.627984e-02,6.740281e-02,1.806345e-01,-1.374220e-01
6.096005e+00,-1.378675e+00,1.607738e+00,3.553736e-02,2.881388e-01,-1.307170e-01,-6.970603e-02,-4.117409e-01,6.562082e-02,3.121900e-01,-9.292322e-02
5.684756e+00,-1.412405e+00,1.341195e+00,-1.665568e-02,6.785897e-01,3.032856e-01,7.412298e-03,1.368378e-01,2.016632e-01,-1.000730e-01,-1.661136e-01
5.803531e+00,-8.333773e-01,1.643787e+00,-1.527087e-01,4.216908e-01,-6.283591e-03,2.192536e-01,-7.813069e-02,-2.369112e-02,1.785975e-01,-5.949246e-02
5.796360e+00,-1.304460e+00,1.404642e+00,4.317562e-02,2.759373e-01,-4.536087e-01,-8.257299e-02,-8.904855e-02,2.422256e-02,2.816475e-01,1.289757e-01
5.700224e+00,-1.050122e+00,1.642233e+00,2.584264e-01,3.839567e-01,2.382092e-01,5.281306e-01,-1.673213e-01,-1.493401e-01,-4.319243e-02,-3.580747e-01
6.176368e+00,-1.090099e+00,1.326047e+00,3.412240e-01,2.323384e-01,6.068786e-03,2.711301e-01,-3.620182e-01,1.094069e-01,3.117577e-01,-3.951266e-01
5.672148e+00,-1.755130e+00,1.377594e+00,-2.341674e-01,3.376955e-01,-3.169346e-01,-2.322145e-01,-1.248903e-01,-1.431605e-02,4.015609e-01,1.932148e-01
5.823416e+00,-7.742467e-01,1.569200e+00,6.493719e-02,7.853072e-01,1.341674e-02,-1.005612e-02,9.084227e-02,-5.108628e-02,-1.085270e-01,-4.050311e-01
6.348308e+00,-1.054178e+00,1.373697e+00,1.273069e-01,5.729105e-01,4.370840e-02,-1.116408e-01,-4.771518e-02,-3.815628e-02,2.940775e-01,-3.085665e-01
5.545185e+00,-1.717442e+00,1.362774e+00,-1.746891e-01,3.352908e-01,-2.048087e-01,-1.699062e-01,-3.176163e-01,-1.307069e-02,2.424090e-01,2.048791e-01
5.932662e+00,-1.098372e+00,1.530055e+00,3.841734e-01,5.158714e-01,1.716878e-02,5.606919e-02,-1.581993e-01,-2.357329e-01,1.801396e-01,-8.921834e-02
6.318005e+00,-9.314911e-01,1.299439e+00,2.658545e-01,6.816838e-01,-5.924778e-02,7.520142e-02,-9.861045e-02,-1.911171e-01,1.398497e-01,-5.549944e-03
5.656179e+00,-1.298905e+00,1.374728e+00,-3.397427e-01,3.944433e-01,-2.238905e-01,-5.082354e-01,-1.684562e-01,3.431081e-01,3.451408e-01,-1.270113e-01
5.911886e+00,-1.049629e+00,1.590429e+00,4.925085e-02,5.777493e-01,2.226803e-01,-8.149768e-02,-3.708406e-01,-3.068066e-02,2.060912e-01,3.872926e-02
6.079442e+00,-1.387953e+00,1.522572e+00,5.419387e-01,7.917426e-01,3.309448e-02,1.000671e-01,-1.605286e-01,-2.338622e-01,-4.988886e-02,-1.271602e-01
5.445285e+00,-1.212903e+00,1.224964e+00,-6.890940e-02,1.136184e-01,-6.457778e-01,-8.961210e-02,-9.314837e-02,1.243569e-01,5.349910e-01,1.096176e-01
6.023941e+00,-1.261760e+00,1.415850e+00,3.472134e-01,4.907061e-01,-1.076754e-01,8.074495e-02,-1.862088e-01,3.961609e-02,2.000671e-01,-1.979578e-01
6.001182e+00,-1.281832e+00,1.351299e+00,6.618386e-01,6.197316e-01,2.434294e-02,1.777888e-01,-2.583996e-01,4.761025e-04,-9.447553e-02,-2.287778e-01
5.505400e+00,-1.228692e+00,1.394651e+00,-3.184847e-01,1.805937e-01,-3.007053e-01,-3.521547e-01,-2.217219e-01,1.619912e-01,2.914663e-01,3.348261e-02
6.057092e+00,-1.381150e+00,1.607766e+00,1.329098e-01,5.409147e-01,-1.357847e-01,4.772327e-03,1.578254e-01,2.494649e-02,2.655839e-01,-3.013175e-01
5.888993e+00,-1.028378e+00,1.519470e+00,2.580130e-01,1.636817e-01,-1.122987e-01,4.133757e-01,3.692413e-02,-1.258269e-01,1.556780e-01,-1.616402e-01
5.912815e+00,-1.504941e+00,1.699354e+00,1.120813e-02,8.987533e-02,-1.879015e-01,-1.353243e-01,-4.040799e-01,-1.797852e-01,2.860073e-01,4.834669e-02
5.741128e+00,-1.125610e+00,1.700006e+00,1.034653e-01,4.752738e-01,1.583668e-01,1.920002e-01,-7.976066e-02,4.022461e-02,1.100252e-01,-2.778131e-01
5.968552e+00,-8.687400e-01,1.292430e+00,-2.146428e-01,4.595019e-01,-8.001514e-02,-1.127510e-01,1.737764e-01,1.195390e-01,2.336262e-01,-1.378838e-01
6.026877e+00,-1.246296e+00,1.647536e+00,-1.013303e-01,4.767069e-01,-5.785570e-02,-8.716665e-02,-4.066561e-01,-2.619638e-01,1.460803e-01,2.470036e-02
5.675553e+00,-1.122047e+00,1.866417e+00,1.443893e-01,3.233167e-01,-8.554016e-02,1.669490e-01,-1.855147e-04,-4.135194e-02,9.118726e-02,-1.773145e-01
5.873582e+00,-1.257210e+00,1.285976e+00,-3.620024e-02,6.820099e-02,-1.502856e-01,-8.862564e-03,-1.384308e-01,1.504307e-01,3.988908e-01,-1.597035e-01
6.265082e+00,-1.166878e+00,1.218591e+00,4.606044e-01,6.903193e-01,-2.348201e-01,1.824877e-01,-3.152813e-01,-3.514530e-01,-5.217296e-02,-1.171434e-01
5.906894e+00,-9.547532e-01,1.560059e+00,2.538607e-01,6.198356e-01,-1.404877e-01,-1.508859e-01,-7.290836e-02,1.807743e-01,5.260359e-02,-1.174050e-01
5.707274e+00,-1.343865e+00,1.072051e+00,-2.245700e-01,1.647381e-01,-1.757882e-01,-1.296579e-01,-3.202440e-01,1.565783e-01,2.342203e-01,-9.556021e-02
6.049951e+00,-1.112336e+00,1.544578e+00,1.454701e-01,6.205734e-01,-2.376715e-02,-3.726073e-02,-1.397448e-01,-1.443072e-01,-1.461799e-02,-2.527421e-01
6.030274e+00,-1.045017e+00,1.822649e+00,2.627266e-01,6.255099e-01,-1.206924e-01,-8.878455e-02,-1.852883e-01,-5.110481e-02,3.587929e-01,1.721073e-01
5.620633e+00,-1.485492e+00,8.380944e-01,1.399254e-01,2.646395e-01,-3.902476e-01,6.256544e-02,-2.761187e-01,-1.571522e-01,1.674068e-01,1.663693e-01
6.194991e+00,-1.071203e+00,1.555620e+00,8.575575e-02,4.638083e-01,-1.343870e-03,8.491236e-02,-1.390633e-01,-4.211174e-02,1.057730e-01,-3.799816e-01
5.894266e+00,-7.463285e-01,1.719865e+00,3.723859e-02,7.845235e-01,1.541716e-01,-2.564459e-01,-1.791545e-01,3.344454e-01,1.616131e-01,-2.010011e-01
5.494708e+00,-1.644443e+00,1.052849e+00,-1.145588e-01,3.296639e-01,-5.077318e-01,-9.591810e-02,7.556995e-02,-5.747154e-02,2.968314e-01,3.661644e-01
6.027171e+00,-1.351079e+00,1.783645e+00,1.811372e-01,2.675404e-01,4.730010e-02,6.819453e-02,1.672797e-01,-1.544751e-01,4.083749e-02,6.193449e-02
5.800693e+00,-1.222606e+00,1.842387e+00,1.933848e-01,7.569664e-01,2.569188e-01,1.130957e-01,-1.342077e-01,-3.141315e-02,6.967787e-02,-2.362736e-01
5.608278e+00,-1.253157e+00,1.179458e+00,-2.660515e-02,-1.955914e-01,-5.177471e-01,-4.619225e-02,-7.923768e-02,-5.009158e-02,2.773726e-01,-2.278911e-01
5.997867e+00,-1.159891e+00,1.235951e+00,4.792380e-01,5.607706e-01,-1.241428e-01,4.071841e-02,4.963774e-02,3.005291e-01,1.876707e-01,-1.665745e-01
5.936508e+00,-1.070281e+00,1.581743e+00,5.465896e-02,8.746999e-01,1.670076e-01,2.287948e-01,-1.554785e-01,-2.686900e-01,6.464495e-02,-1.777201e-02
5.904427e+00,-1.360788e+00,1.342798e+00,-3.074575e-01,-7.890765e-02,-2.760577e-01,-1.931403e-01,-3.105680e-01,-5.356009e-02,2.043864e-01,-1.933395e-01
5.122615e+00,-1.434910e+00,1.583676e+00,3.381070e-01,4.394830e-01,-3.716287e-02,2.710445e-01,8.396722e-02,3.555568e-01,6.534375e-01,3.042790e-01
6.012394e+00,-1.164352e+00,1.537596e+00,1.109935e-01,5.936188e-01,1.454862e-02,2.731375e-01,-1.490684e-01,-2.882319e-01,1.039316e-01,-1.203262e-02
6.267385e+00,-1.099137e+00,9.421877e-01,4.442571e-02,1.805787e-01,-2.961128e-01,-1.315326e-01,-4.677422e-01,-5.831373e-03,1.531767e-01,-1.901199e-01
5.564087e+00,-1.173476e+00,1.586086e+00,2.508964e-01,8.924936e-01,1.723827e-01,-3.986160e-02,-3.560994e-02,2.562981e-01,2.623876e-01,-2.130248e-01
5.874827e+00,-1.492328e+00,1.768312e+00,1.030617e-01,4.424243e-01,-1.198338e-01,1.135367e-01,-1.097230e-01,-5.042691e-02,-3.818962e-02,-1.506010e-01
6.037610e+00,-1.137519e+00,1.334388e+00,7.597980e-02,3.572664e-01,-2.583887e-01,-1.022242e-01,-3.701558e-01,-1.944835e-01,2.251069e-01,-1.041200e-01
5.923708e+00,-1.338293e+00,1.529918e+00,-1.408462e-02,7.495892e-01,7.557974e-02,-1.216117e-02,1.504669e-01,7.652622e-02,2.954658e-01,-3.644345e-02
5.679254e+00,-1.322581e+00,1.536571e+00,6.850699e-03,3.918081e-01,-6.989198e-02,-1.427525e-01,-2.014026e-01,9.921426e-02,-4.873833e-02,-1.984394e-01
6.179357e+00,-8.858911e-01,1.307156e+00,2.314558e-01,6.019534e-01,-9.532681e-02,-3.609554e-01,-1.934802e-01,-3.287428e-02,1.072555e-01,-4.572001e-01
6.131046e+00,-1.104257e+00,1.284235e+00,1.741631e-01,3.676304e-01,5.441860e-02,2.960295e-01,9.558801e-02,1.410096e-01,1.721947e-01,3.959871e-02
5.534364e+00,-1.444647e+00,1.330364e+00,-1.531273e-01,4.311310e-01,-2.441558e-01,-1.469391e-01,-2.426282e-02,-2.878981e-01,2.046818e-01,-9.463162e-02
6.081004e+00,-1.075758e+00,1.732000e+00,1.547256e-01,4.697711e-01,-2.452887e-01,4.274610e-02,-2.351671e-01,-1.452406e-01,2.175183e-01,2.826747e-02
5.967540e+00,-1.045405e+00,1.608508e+00,1.776467e-01,4.502504e-02,8.280716e-02,4.537040e-01,1.881687e-01,-1.006402e-02,7.742984e-02,-1.024228e-01
5.253639e+00,-1.593668e+00,1.091997e+00,7.739083e-02,5.010909e-01,-2.755875e-01,-4.626947e-02,-1.934225e-01,1.191295e-01,6.724164e-02,-3.265539e-01
6.309888e+00,-6.345672e-01,1.364757e+00,7.219060e-02,4.461084e-01,-1.451312e-02,-5.804827e-02,-2.199036e-01,1.426528e-01,2.271986e-01,-6.778274e-04
5.849482e+00,-1.209447e+00,1.730636e+00,2.696427e-01,4.140204e-01,-1.261860e-01,2.659104e-01,1.321056e-01,-8.321760e-02,2.441142e-02,-2.668118e-01
5.320538e+00,-1.797433e+00,1.487148e+00,6.208926e-02,2.986188e-01,-4.155752e-01,-1.553028e-01,-1.325818e-01,4.243842e-02,3.457256e-01,-3.359121e-02
6.009642e+00,-9.373099e-01,1.402014e+00,1.622802e-01,2.063498e-01,1.695368e-01,9.728190e-02,-1.732643e-01,7.149432e-02,3.376625e-01,9.229692e-02
5.938089e+00,-1.140579e+00,1.621124e+00,2.991489e-01,8.581468e-01,1.279917e-01,-7.148530e-02,-1.622409e-01,-1.742671e-01,-8.372139e-02,-3.810286e-01
5.600646e+00,-1.412814e+00,1.375465e+00,-5.359885e-02,1.726828e-01,-4.218688e-01,-3.504826e-01,-4.115473e-01,2.988849e-01,2.660701e-01,-8.386946e-02
5.872537e+00,-1.128247e+00,1.455915e+00,7.796654e-02,2.960120e-01,1.148582e-01,2.313958e-01,-1.478735e-01,-1.799770e-02,4.132968e-01,1.767151e-02
6.160009e+00,-1.159560e+00,1.552897e+00,2.527331e-01,6.178262e-01,2.501141e-01,-4.005374e-02,-5.413577e-01,-3.243766e-01,2.409620e-01,-5.521966e-02
5.744966e+00,-1.443874e+00,1.365846e+00,1.232383e-02,1.824292e-01,-3.642276e-01,-4.440032e-01,-1.750701e-01,-1.828331e-01,2.736088e-01,1.875049e-01
5.823981e+00,-1.260523e+00,1.524556e+00,1.032761e-01,4.728878e-01,-1.139060e-02,1.988422e-01,-9.025949e-03,2.633667e-03,3.548846e-01,-1.021111e-01
6.290197e+00,-1.030209e+00,1.126690e+00,2.439312e-01,6.810804e-01,-1.246533e-01,-1.498486e-01,-4.851809e-01,1.416874e-01,1.764445e-01,-4.027048e-01
6.008088e+00,-1.171215e+00,1.269217e+00,1.264878e-01,3.238087e-01,-1.902390e-01,-2.174434e-01,-5.245498e-01,-1.007153e-01,3.471212e-01,-1.071298e-01
5.759697e+00,-1.471491e+00,1.350878e+00,5.505058e-01,6.623126e-01,-1.790323e-01,2.237746e-01,3.077751e-01,-9.931263e-02,1.503725e-01,-9.592176e-02
5.961199e+00,-1.229219e+00,1.466598e+00,5.990766e-02,3.743598e-01,-2.502854e-01,-2.501592e-01,-8.801149e-03,-6.038716e-02,1.686111e-01,-1.507825e-01
5.765976e+00,-9.248938e-01,1.597511e+00,-2.158302e-01,4.224932e-01,-4.067057e-02,-1.458475e-02,-2.264894e-01,-1.414405e-01,2.851863e-02,-1.851796e-01
5.787623e+00,-1.415030e+00,1.107545e+00,3.857792e-01,5.071076e-01,-1.266679e-01,1.379918e-01,1.726886e-01,3.983507e-01,4.123132e-01,1.668772e-01
5.799596e+00,-9.484864e-01,1.328416e+00,-2.190319e-01,1.767429e-01,-1.957848e-01,-1.168580e-01,-4.028819e-02,1.062803e-02,1.344326e-01,-1.113756e-01
5.943219e+00,-1.119624e+00,1.535740e+00,2.025770e-01,3.860101e-01,-2.097824e-02,2.001971e-01,-7.406348e-02,-1.113006e-01,-1.455924e-01,-1.942405e-01
5.907457e+00,-1.117600e+00,1.657761e+00,1.544181e-01,5.068452e-01,-9.299328e-02,6.989351e-02,-2.285445e-01,1.285811e-01,4.684286e-01,1.912539e-01
5.366101e+00,-1.373578e+00,1.319328e+00,-3.924229e-01,3.124991e-02,-1.539196e-01,3.594775e-02,3.136983e-02,-7.557729e-02,1.014264e-01,-5.724313e-02
6.051155e+00,-1.154140e+00,1.391850e+00,1.839017e-01,4.949674e-01,1.065738e-01,-4.585233e-02,-2.445651e-03,1.984854e-02,-5.426864e-02,1.516401e-02
6.078815e+00,-9.486922e-01,1.778128e+00,2.598348e-01,7.216884e-01,-2.506036e-01,-3.452182e-01,-1.185025e-01,2.035921e-01,3.254694e-01,-2.033456e-01
5.160684e+00,-1.506035e+00,9.528025e-01,-1.287839e-01,1.640446e-01,4.314453e-02,1.781681e-01,-3.412750e-01,7.275914e-02,4.150844e-01,-3.143104e-01
6.289364e+00,-1.332963e+00,1.324494e+00,3.981052e-01,3.711122e-01,-1.209406e-01,1.842947e-01,-1.943287e-01,-1.454764e-01,4.100129e-01,-1.018841e-01
6.058269e+00,-1.122625e+00,1.822591e+00,5.122176e-01,5.039441e-01,-2.816736e-01,-3.504922e-02,-1.481414e-01,-1.732920e-01,2.303666e-01,-1.403724e-02
5.442596e+00,-1.311533e+00,1.184509e+00,-3.772394e-01,4.798865e-01,-1.372351e-02,-2.122841e-01,-1.876432e-01,2.086119e-02,2.320036e-01,-9.224064e-03
6.156783e+00,-1.111399e+00,1.497529e+00,5.800288e-02,5.587388e-01,-1.458098e-02,-2.538741e-01,-1.369404e-01,1.124939e-01,2.089616e-01,-7.343223e-02
6.172768e+00,-9.505310e-01,1.697720e+00,4.492716e-01,4.420643e-01,2.033850e-01,1.094911e-01,-4.475762e-01,-3.060919e-01,8.366034e-02,-2.742252e-01
5.444779e+00,-1.644246e+00,1.138636e+00,-2.717627e-02,2.305191e-01,-3.668289e-01,8.424743e-02,-1.605563e-01,9.123266e-02,2.208450e-01,-5.669247e-02
5.987837e+00,-1.004820e+00,1.561989e+00,1.557106e-01,5.529834e-01,-1.407222e-01,-1.795254e-01,-3.042903e-01,8.680346e-02,3.210321e-01,1.062168e-02
6.102433e+00,-9.682649e-01,1.681795e+00,2.847306e-01,4.841376e-01,-1.569244e-01,9.474256e-02,-8.293019e-02,-3.346080e-01,-2.254129e-01,-7.617289e-02
5.489517e+00,-1.595386e+00,1.131145e+00,-1.818348e-01,4.160679e-01,-1.302689e-01,-1.464221e-01,1.886334e-01,2.847798e-01,3.751766e-03,-2.095338e-01
5.819159e+00,-8.144387e-01,1.691551e+00,1.629939e-01,4.407881e-01,-8.845506e-03,-4.029613e-01,-1.793151e-01,4.004998e-01,1.557562e-01,-2.399664e-01
6.222983e+00,-1.041858e+00,1.377884e+00,2.673158e-01,4.605083e-01,-3.547608e-01,6.997667e-02,-5.481488e-02,-3.572809e-01,3.409545e-02,3.102729e-02
5.623749e+00,-1.625995e+00,1.185001e+00,1.846986e-01,3.530418e-01,-7.005748e-03,4.567372e-01,8.448660e-02,-4.329106e-02,3.290930e-01,-3.801783e-01
5.563271e+00,-9.755532e-01,1.732010e+00,5.115364e-01,8.840922e-02,-6.061892e-02,1.091317e-01,9.349731e-02,1.340959e-01,9.322758e-02,-2.432072e-01
6.077291e+00,-9.585950e-01,1.353104e+00,-1.953935e-01,5.739490e-01,-2.215979e-01,-1.328979e-01,-2.609667e-01,-1.136884e-01,3.578805e-01,1.035864e-02
5.662365e+00,-1.239542e+00,1.258232e+00,8.365536e-02,7.268010e-01,1.444393e-01,1.498303e-01,2.168597e-01,-2.961714e-02,-3.980818e-02,-2.070496e-01
5.945687e+00,-9.726198e-01,1.551478e+00,-6.400356e-02,4.669192e-01,6.707801e-02,6.626853e-02,-1.182973e-01,-7.952570e-02,3.577820e-01,-3.051846e-02
5.917041e+00,-1.602758e+00,1.353920e+00,8.845463e-02,1.968310e-01,-4.128545e-01,1.515372e-01,-4.754450e-01,8.523793e-02,4.559303e-01,3.029812e-02
5.751119e+00,-1.364476e+00,1.710914e+00,3.996281e-01,4.789545e-01,4.158985e-01,1.086187e-01,-8.191746e-02,-5.961604e-02,-9.987498e-02,-3.351851e-01
6.137864e+00,-1.015145e+00,1.442659e+00,-5.551658e-02,6.386541e-01,-1.186296e-01,8.709395e-02,-6.204456e-02,-1.188581e-01,1.491148e-01,1.045729e-01
5.575326e+00,-1.790703e+00,9.739991e-01,-9.280424e-02,2.959052e-01,-3.395192e-01,-3.245165e-01,-1.733237e-01,6.785028e-02,2.630936e-01,1.173515e-01
5.741247e+00,-9.572934e-01,1.718423e+00,2.043765e-01,6.293396e-01,1.525123e-01,6.770077e-03,-1.880556e-01,4.133445e-03,2.204248e-02,-2.525574e-01
6.188090e+00,-1.039534e+00,1.503243e+00,1.107733e-01,4.103005e-01,6.920824e-02,1.057032e-01,-2.771853e-01,8.845581e-02,1.209011e-01,-1.218675e-01
5.442122e+00,-1.779327e+00,1.044600e+00,1.869718e-01,6.051302e-02,-2.909739e-01,4.514888e-02,-3.950846e-01,-1.750660e-01,3.558271e-01,1.204441e-01
5.960221e+00,-9.707195e-01,1.645838e+00,2.152573e-01,6.710195e-01,-1.338367e-01,2.069013e-01,-2.716235e-01,-2.897367e-01,3.026442e-01,-1.237118e-01
6.102037e+00,-7.497295e-01,1.521107e+00,-2.527206e-02,5.772864e-01,2.336556e-01,1.356648e-02,-3.903331e-01,2.251023e-01,8.903600e-02,-3.850891e-01
5.406186e+00,-1.388982e+00,1.290500e+00,-9.864058e-02,3.691352e-02,-3.640763e-01,-2.601256e-01,-5.051378e-02,1.157672e-01,3.225563e-01,1.011834e-02
6.068849e+00,-9.528423e-01,1.479043e+00,2.085234e-01,5.741580e-01,-1.277388e-01,1.161499e-01,-8.492554e-02,-2.298529e-01,7.480614e-02,8.090423e-02
6.003286e+00,-1.278744e+00,1.655284e+00,5.650932e-01,3.919219e-01,3.125442e-01,1.147782e-01,-1.096236e-01,-2.904375e-01,-3.482939e-02,-2.569053e-01
5.401350e+00,-1.453369e+00,1.320505e+00,6.887422e-02,-1.884770e-01,-7.184054e-01,-1.214225e-01,-6.986264e-02,2.648943e-01,5.805019e-01,-1.801502e-01
5.998232e+00,-1.063898e+00,1.589321e+00,5.246154e-02,4.775416e-01,4.127945e-03,-5.779059e-02,9.365550e-02,4.588001e-03,-4.698999e-02,-1.112902e-01
5.910222e+00,-1.113894e+00,1.594881e+00,2.029782e-01,6.920455e-01,8.351741e-02,-1.186453e-01,3.863262e-01,-1.735026e-01,-3.515895e-01,-1.872863e-01
5.747162e+00,-1.199269e+00,1.190669e+00,-2.113119e-01,4.637524e-01,-5.908612e-01,-3.156443e-01,-3.223739e-01,1.014155e-01,4.583346e-01,1.409175e-01
5.864130e+00,-1.329792e+00,1.634333e+00,1.145137e-01,4.107178e-01,1.985086e-02,7.008101e-02,9.269697e-02,5.352113e-02,5.638403e-02,-1.357107e-02
5.885048e+00,-1.319666e+00,1.439093e+00,2.530863e-01,3.201591e-01,-6.721219e-02,2.803752e-01,-2.726201e-02,5.849387e-03,9.969726e-02,-2.507736e-02
6.131572e+00,-1.045073e+00,1.211148e+00,3.143424e-02,4.382609e-01,-3.075137e-01,-1.574276e-01,-5.322607e-01,-1.115617e-01,4.054599e-01,1.090448e-01
5.730949e+00,-9.937328e-01,1.498746e+00,4.208646e-02,8.135520e-01,1.042199e-01,1.201276e-02,1.359974e-02,2.203456e-02,6.768089e-02,-2.948178e-01
5.832419e+00,-1.166713e+00,1.232497e+00,3.681650e-02,3.082732e-01,-7.725818e-02,2.246042e-02,-9.646614e-02,1.765536e-01,2.327194e-01,5.779646e-02
6.046813e+00,-1.245928e+00,1.440993e+00,1.741477e-01,4.125353e-01,-5.605060e-02,-7.988234e-02,-3.709177e-01,-2.809016e-01,1.985820e-01,-5.793580e-02
5.764934e+00,-1.028774e+00,1.661058e+00,2.673295e-01,3.970375e-01,-1.014018e-01,1.209169e-01,-4.112706e-02,-1.072192e-01,2.636164e-01,-2.103743e-01
5.882688e+00,-1.401355e+00,1.139100e+00,1.296584e-01,1.139259e-01,-3.292349e-01,-2.225484e-02,-1.534938e-01,1.992215e-01,2.992515e-01,-1.245655e-01
6.169561e+00,-1.073394e+00,1.532336e+00,3.177312e-02,6.691889e-01,1.799522e-01,-5.636641e-02,-3.503281e-01,-2.165095e-01,4.654234e-02,-5.268737e-01
5.767189e+00,-9.949677e-01,1.798794e+00,2.423289e-01,4.407730e-01,-4.790132e-02,-1.573099e-01,-2.640998e-02,9.818323e-02,1.155762e-01,-1.427242e-01
5.626696e+00,-1.579452e+00,1.244922e+00,-4.286206e-01,1.686497e-01,-1.517915e-01,-4.063241e-01,-1.078419e-01,1.723548e-02,2.400077e-01,-1.021640e-01
6.049019e+00,-8.061896e-01,1.531464e+00,1.365004e-01,3.756975e-01,-4.842293e-02,2.324497e-01,-6.280019e-02,-3.400157e-01,-3.473178e-04,-2.207488e-01
5.957144e+00,-1.197112e+00,1.911261e+00,4.973076e-01,3.416624e-01,-1.182514e-01,-6.405301e-02,-8.591977e-02,2.633592e-02,2.868662e-01,8.323542e-02
5.363528e+00,-1.545490e+00,1.192657e+00,-2.149186e-01,6.238509e-02,-3.196407e-02,-1.341694e-01,-3.797487e-01,-5.843887e-02,1.799920e-01,-8.308528e-02
6.104911e+00,-6.395528e-01,1.296221e+00,9.980424e-02,4.621332e-01,-5.326640e-02,1.687237e-01,-6.824838e-02,1.850412e-03,5.362928e-02,-4.807146e-01
5.902081e+00,-9.207866e-01,1.621432e+00,3.252785e-01,7.355359e-01,-1.441140e-01,-9.661957e-02,3.452163e-02,4.758125e-02,3.389923e-01,6.604595e-03
5.289812e+00,-1.679591e+00,1.124059e+00,-3.657576e-02,-8.934194e-03,-4.178898e-01,-1.239304e-01,2.377496e-02,-2.348133e-02,1.480454e-01,2.616420e-01
6.180415e+00,-1.333188e+00,1.429781e+00,2.743366e-01,5.183111e-01,-3.567153e-02,1.361228e-01,-3.803890e-02,-6.913160e-02,2.904907e-01,2.448089e-02
5.843529e+00,-1.122338e+00,1.435250e+00,4.232763e-01,8.875972e-01,2.136378e-01,4.076600e-02,-3.550223e-01,6.889486e-02,2.908852e-01,-3.646203e-01
5.669784e+00,-1.134822e+00,7.851549e-01,-1.122277e-01,9.790280e-02,-6.872494e-01,-2.938205e-01,2.301872e-02,4.546773e-03,-5.210219e-02,6.141606e-02
5.833765e+00,-1.410394e+00,1.426486e+00,2.649160e-01,6.832221e-01,2.400059e-02,5.068881e-02,-2.598966e-02,1.847740e-01,4.069278e-01,1.375258e-01
5.723089e+00,-1.026494e+00,1.511401e+00,5.206231e-02,8.206861e-01,5.259710e-01,-1.349061e-01,-4.983629e-01,6.153239e-02,2.208177e-01,-2.394268e-01
5.841499e+00,-1.344934e+00,1.351583e+00,-2.471137e-01,-1.754055e-01,-1.926565e-01,-2.134311e-01,-1.875671e-01,-3.298058e-01,2.009028e-01,1.795554e-01
5.520105e+00,-1.497112e+00,1.418719e+00,4.272300e-01,7.110958e-01,-2.021459e-01,2.516216e-01,1.846684e-01,1.435397e-01,5.927125e-01,1.688246e-01
6.027246e+00,-1.052384e+00,1.456497e+00,3.377532e-02,5.569799e-01,3.546469e-01,-7.568921e-02,-3.894169e-01,-7.142295e-02,2.168671e-01,-2.127784e-01
6.156732e+00,-1.225284e+00,1.350513e+00,-2.080693e-01,2.483181e-01,-1.432498e-01,-3.914800e-01,-2.199803e-01,1.420546e-02,2.387624e-02,-2.433174e-01
5.438847e+00,-1.407193e+00,1.560704e+00,6.363566e-01,5.975420e-01,6.077061e-02,2.042401e-01,-1.733895e-03,1.529851e-01,4.403762e-01,-4.001504e-01
5.959797e+00,-1.327540e+00,1.630304e+00,1.843040e-01,3.472590e-01,-1.903352e-01,8.190008e-02,8.573059e-03,-2.930938e-01,5.110797e-02,-1.074029e-01
5.969267e+00,-1.100769e+00,1.459375e+00,1.480325e-01,2.835365e-01,-3.043536e-01,-3.504972e-02,-3.354938e-01,-8.287623e-03,-9.564091e-03,-1.629210e-01
5.870001e+00,-1.169877e+00,1.399402e+00,1.866859e-01,4.569978e-01,1.689867e-01,1.053773e-01,2.496875e-02,2.683803e-01,4.505433e-01,-3.597765e-01
5.763080e+00,-1.105235e+00,1.384486e+00,3.680296e-04,2.683950e-01,-3.507700e-01,1.012000e-01,-5.660917e-02,-6.205449e-02,-1.228425e-01,-3.203604e-01
5.977567e+00,-9.166723e-01,1.489097e+00,3.506476e-01,3.754816e-01,-1.355950e-01,-1.155951e-02,-3.458215e-01,-1.726155e-01,1.992281e-01,-1.728341e-01
5.782484e+00,-9.334026e-01,1.417819e+00,3.737291e-02,2.846788e-01,1.352487e-01,2.825693e-01,2.115752e-01,9.401454e-02,2.636366e-01,-3.681343e-02
5.254265e+00,-1.552067e+00,1.426882e+00,-3.781883e-01,2.105523e-01,-1.328148e-01,2.390218e-02,-3.770549e-01,-1.062095e-01,1.804813e-01,-3.987888e-02
6.014915e+00,-1.183880e+00,1.719364e+00,3.819983e-01,3.202762e-01,-3.201741e-02,-2.372398e-01,-1.442263e-01,-6.828694e-02,3.176707e-01,-1.385578e-01
6.191450e+00,-7.600199e-01,1.148051e+00,1.143459e-01,4.878443e-01,5.595585e-02,1.481890e-01,2.701932e-01,-4.878925e-02,1.545002e-01,-3.781569e-02
5.340192e+00,-1.829083e+00,1.060657e+00,-2.426534e-01,6.610316e-01,-3.810681e-02,-2.422155e-01,-4.040968e-01,3.158356e-01,1.069874e-01,-3.971678e-01
5.908075e+00,-1.206145e+00,1.688038e+00,2.371519e-01,4.501694e-01,1.785287e-02,-2.507205e-01,-1.329810e-01,1.057069e-01,2.918804e-01,1.185432e-01
5.962392e+00,-1.037274e+00,1.463730e+00,3.177249e-01,5.593469e-01,-1.633394e-01,2.598477e-01,6.234963e-02,-2.088213e-01,4.712123e-02,-7.576760e-02
5.525565e+00,-1.894377e+00,1.171751e+00,9.398238e-02,3.509484e-01,-3.646336e-01,-3.650329e-01,-5.198123e-02,-4.584437e-02,3.635055e-01,-4.300379e-02
6.210630e+00,-8.690319e-01,1.179459e+00,6.490660e-02,5.664559e-01,1.503283e-01,-1.747089e-01,-8.232940e-02,5.220375e-02,3.736231e-01,2.302429e-01
6.109349e+00,-1.046574e+00,1.419397e+00,4.962181e-01,7.868637e-01,1.080704e-02,6.887296e-02,-1.841461e-01,-2.888766e-01,-9.220056e-02,-4.811343e-01
5.423193e+00,-1.486125e+00,1.307413e+00,8.531600e-03,5.299902e-02,-5.343423e-01,-3.756808e-01,-2.753200e-01,-4.361964e-03,5.511074e-01,-9.037188e-02
6.050438e+00,-8.416058e-01,1.233727e+00,6.063017e-02,4.234061e-01,3.478452e-02,1.713561e-01,-4.142276e-02,-1.458141e-01,4.054626e-01,1.433400e-01
6.133479e+00,-1.197884e+00,1.620158e+00,1.978033e-01,6.490969e-01,2.512123e-02,2.022084e-02,-2.799712e-01,-4.149279e-01,1.530576e-02,-1.269197e-02
5.577898e+00,-1.470481e+00,1.585976e+00,-1.280951e-02,2.122794e-01,-4.907471e-01,-3.318150e-01,-2.694492e-01,1.444454e-02,2.368281e-01,3.380930e-02
5.938087e+00,-7.805506e-01,1.451161e+00,-9.335833e-02,4.585385e-01,1.238017e-01,2.097171e-02,1.788998e-02,3.695071e-01,-6.578331e-02,-3.771915e-01
6.160617e+00,-9.600997e-01,1.199552e+00,2.246628e-01,4.919143e-01,-1.703212e-01,-2.592060e-02,-3.132267e-01,-6.346541e-02,1.458484e-01,-3.808215e-01
5.891989e+00,-1.335428e+00,1.561839e+00,1.382872e-01,2.511688e-01,-3.954415e-01,-5.744580e-02,-1.863123e-01,-8.522681e-02,-3.420794e-02,1.315491e-01
5.554512e+00,-1.495340e+00,1.876923e+00,1.074704e-01,4.558808e-01,1.928829e-01,2.272999e-01,-2.608175e-02,1.389269e-01,7.852648e-02,-4.564340e-02
5.930316e+00,-1.220596e+00,1.542711e+00,-2.519329e-03,2.309971e-01,-2.627181e-01,-8.072120e-02,-1.400778e-01,3.738245e-02,1.836265e-01,-3.441727e-01
6.015958e+00,-9.666080e-01,1.371273e+00,-3.216606e-02,4.111161e-01,6.661171e-02,-5.963235e-02,-2.022507e-01,-1.195439e-01,1.445413e-01,-9.355772e-02
5.806729e+00,-1.306758e+00,1.313122e+00,2.694393e-01,5.416329e-01,-2.083168e-02,-1.912294e-02,1.123452e-01,2.331863e-01,4.254609e-01,1.130154e-01
5.877626e+00,-1.248588e+00,1.176741e+00,-9.791266e-03,8.286619e-02,-2.665418e-01,1.175137e-02,-1.364220e-01,-1.827259e-01,4.993867e-01,-2.375179e-01
6.001683e+00,-1.215213e+00,1.615341e+00,1.613219e-02,4.999116e-01,2.000533e-01,1.189267e-01,-1.568391e-01,-2.295894e-01,3.016358e-01,-3.828060e-01
5.953520e+00,-1.194672e+00,1.618723e+00,3.862692e-01,4.912117e-01,-1.335337e-01,-6.284159e-02,-2.231791e-01,1.099357e-01,4.559519e-01,1.239289e-01
5.298687e+00,-1.443404e+00,7.381674e-01,-2.931108e-01,2.705854e-01,-3.615072e-01,-9.545326e-02,5.313546e-02,-1.532415e-01,2.393132e-01,2.438382e-01
6.077464e+00,-1.009281e+00,1.389296e+00,-7.806295e-02,7.661406e-01,7.698298e-02,-1.716483e-01,3.833012e-02,1.982731e-01,-2.532384e-01,-8.183186e-02
6.141461e+00,-9.806929e-01,1.670873e+00,5.023410e-01,3.808868e-01,-9.375718e-02,-1.821369e-01,-3.311370e-01,1.947673e-01,3.794558e-01,-1.205562e-01
5.213584e+00,-1.842731e+00,1.041056e+00,-1.177229e-01,3.175248e-01,-3.984972e-01,2.961155e-01,-1.624058e-01,-1.271154e-01,1.512812e-01,-1.935822e-02
6.101434e+00,-1.043613e+00,1.404310e+00,1.421645e-01,4.821582e-01,-1.676736e-01,1.526106e-01,-2.332167e-02,-1.722113e-01,-1.779533e-02,3.032692e-01
5.955732e+00,-9.237211e-01,1.882672e+00,3.166990e-01,4.891386e-01,-7.582212e-02,-2.559336e-01,-9.212980e-02,-3.278796e-02,1.444556e-01,-1.274771e-01
5.205560e+00,-1.259035e+00,1.199392e+00,-3.734713e-01,2.455972e-01,-5.080865e-02,-1.196874e-01,-2.414737e-01,6.911115e-02,1.897804e-01,-1.733888e-01
6.197435e+00,-1.045483e+00,1.537527e+00,2.203843e-01,1.912152e-01,3.319768e-02,-2.910904e-02,-1.507664e-01,-2.812935e-02,1.260436e-01,-7.890524e-02
6.090612e+00,-1.063240e+00,1.957015e+00,4.066861e-01,5.158680e-01,-1.622602e-01,2.280584e-01,-1.567187e-01,-3.401425e-01,-1.544611e-01,-2.940025e-01
5.246009e+00,-1.337151e+00,1.010625e+00,-2.059716e-01,1.738819e-02,-2.105911e-01,-1.705018e-02,-9.724854e-02,3.796024e-02,4.335896e-01,-3.356283e-01
5.988722e+00,-1.160070e+00,1.699393e+00,3.651202e-01,2.565871e-01,-2.511978e-01,-1.186694e-02,-1.863311e-02,-2.103946e-01,1.915206e-01,1.599752e-02
6.081549e+00,-1.075781e+00,1.580100e+00,3.052940e-01,5.651226e-01,-1.885050e-02,-1.689136e-02,-4.105715e-01,-8.966133e-02,-1.408839e-02,-2.130571e-01
5.574513e+00,-1.385244e+00,9.890579e-01,-1.067443e-01,3.409126e-01,-9.736279e-02,-6.133918e-02,1.903526e-01,2.379307e-01,1.613026e-01,-4.074659e-01
5.708966e+00,-9.849233e-01,1.727622e+00,2.506113e-01,3.428913e-01,-2.264955e-01,-4.279809e-02,-3.462831e-02,-1.395326e-02,2.456461e-01,-1.064340e-01
6.162856e+00,-1.434644e+00,1.497578e+00,3.167911e-01,3.998748e-01,-9.767119e-02,-5.072307e-02,-4.412752e-01,-6.872795e-02,1.685384e-01,2.658112e-03
5.466318e+00,-1.388503e+00,1.046963e+00,2.108727e-01,4.019923e-01,1.216175e-01,3.721690e-01,2.717494e-02,1.643975e-02,1.877278e-01,-7.796081e-02
5.595785e+00,-9.278292e-01,1.601649e+00,1.567788e-01,5.009171e-01,1.517687e-01,-1.613488e-01,-8.039382e-02,2.019442e-01,2.190319e-01,-3.922082e-02
5.995018e+00,-1.147252e+00,1.317460e+00,-1.820733e-01,5.969360e-01,-4.220830e-02,-3.618837e-01,-3.668566e-01,1.728127e-01,1.881392e-01,7.413178e-02
5.684265e+00,-1.179230e+00,1.237705e+00,1.847395e-01,6.861361e-01,1.207514e-01,4.197770e-01,-1.104952e-01,-1.137380e-01,1.180954e-01,-6.974550e-02
5.947908e+00,-1.191743e+00,1.535077e+00,2.497220e-01,2.751616e-01,4.657139e-02,6.479495e-02,-2.432608e-01,1.558541e-01,2.629972e-01,-7.033892e-02
5.631808e+00,-1.240877e+00,1.133729e+00,-2.300969e-01,3.880027e-01,-3.117766e-01,-8.538515e-02,-2.747959e-01,4.237653e-02,3.186985e-01,2.143052e-01
5.806175e+00,-1.229332e+00,1.596370e+00,4.944872e-01,7.219680e-01,5.041132e-02,1.767105e-01,1.731755e-01,-3.684651e-01,-4.635939e-02,-3.282354e-01
6.108866e+00,-9.308545e-01,1.405227e+00,-1.846149e-02,5.736743e-01,-1.816648e-02,-6.190692e-02,-1.105818e-01,1.025907e-01,1.697907e-01,-1.881471e-01
5.438602e+00,-1.681026e+00,8.438822e-01,-2.965712e-01,1.859344e-01,-4.636734e-01,-2.305970e-01,-9.541494e-02,-1.009115e-01,1.208346e-01,1.316278e-01
6.038847e+00,-9.487615e-01,1.670142e+00,5.219812e-01,4.611451e-01,-2.305262e-02,1.292853e-01,-1.706283e-01,3.061257e-02,-3.801317e-02,-3.316538e-01
6.200602e+00,-1.021298e+00,1.566529e+00,1.757295e-01,3.172605e-01,-3.523522e-02,5.195417e-02,1.106167e-01,-2.532141e-01,2.824207e-01,-2.604048e-01
5.344515e+00,-1.654655e+00,1.211160e+00,-9.369649e-02,-7.302293e-02,-2.863174e-01,5.086442e-03,-9.551744e-02,-1.724921e-01,-1.522717e-01,1.690606e-01
6.051173e+00,-9.101750e-01,1.707938e+00,1.427666e-01,5.808297e-01,2.403936e-01,-1.766497e-01,-2.452143e-01,-1.863067e-01,4.184519e-01,-2.759990e-01
5.939067e+00,-7.336776e-01,1.544479e+00,-2.053352e-03,6.826421e-01,3.389044e-02,-1.300228e-01,9.194608e-02,3.723466e-02,-1.515471e-01,-2.028957e-01
5.400186e+00,-1.651991e+00,1.376583e+00,-1.610413e-01,-1.801888e-01,-4.122551e-01,-1.531814e-01,-3.697079e-02,1.059973e-01,1.625432e-01,2.269697e-01
6.122083e+00,-1.298561e+00,1.545717e+00,3.686149e-01,5.651046e-01,-1.969936e-01,2.037618e-01,-3.203656e-01,-9.807925e-02,4.114488e-01,-2.477016e-01
5.866346e+00,-1.017351e+00,1.503196e+00,4.065126e-01,5.371839e-01,3.914960e-01,1.202879e-01,-3.204309e-01,-1.289131e-01,5.189753e-03,-2.584742e-01
5.346481e+00,-1.791375e+00,1.362351e+00,-1.681921e-01,1.000947e-01,-7.815306e-01,-4.265039e-01,-1.172728e-01,4.436956e-01,3.613509e-01,1.909481e-01
5.992175e+00,-9.296657e-01,1.096078e+00,2.383967e-01,8.067705e-01,-1.924678e-01,-8.077274e-02,1.531450e-02,-2.060772e-02,2.679681e-01,-1.278814e-01
5.947796e+00,-1.210007e+00,1.482373e+00,2.996243e-01,4.409208e-01,3.581555e-01,4.998846e-02,-8.227839e-02,-2.608222e-02,-7.495775e-02,-1.050606e-01
5.536467e+00,-1.427421e+00,1.409661e+00,1.029069e-01,1.653236e-01,-3.936137e-01,-3.893007e-01,-4.760803e-01,1.765154e-01,5.492160e-01,-4.852635e-02
5.797643e+00,-1.164611e+00,1.150090e+00,4.962731e-01,3.179440e-01,2.013547e-03,2.813337e-01,-1.295031e-01,-1.038766e-01,4.882738e-01,-1.199642e-02
5.923877e+00,-1.190142e+00,1.352032e+00,6.582282e-02,4.603507e-01,-1.092217e-01,2.487873e-01,6.887869e-02,-9.547879e-02,1.197496e-01,-4.235768e-02
5.983223e+00,-8.388353e-01,1.385405e+00,-2.974316e-01,4.431365e-01,1.017097e-01,-4.765352e-01,-4.947989e-01,-1.760490e-02,5.473334e-01,-1.563557e-01
5.883292e+00,-1.297573e+00,1.616870e+00,2.923501e-01,5.824001e-01,2.445719e-01,-1.488158e-01,2.054268e-01,-6.912793e-02,8.221341e-04,-3.350486e-01
5.682142e+00,-1.300887e+00,1.543380e+00,-1.331287e-01,1.937919e-01,-1.215039e-01,5.041934e-02,3.936414e-02,3.917501e-02,1.243475e-01,5.276921e-02
6.181380e+00,-1.113808e+00,1.295300e+00,2.263560e-01,5.217774e-01,-1.441299e-01,-1.853239e-01,-1.301527e-01,-2.549194e-01,4.483594e-03,3.846933e-02
5.858155e+00,-8.750929e-01,1.706245e+00,2.784702e-01,3.034252e-01,-1.701477e-01,2.041771e-01,3.180196e-02,-9.735685e-02,1.429226e-01,-3.257597e-01
5.679743e+00,-1.303849e+00,1.313671e+00,-1.245414e-01,3.661091e-02,-2.127677e-01,-2.277657e-01,-8.042436e-02,3.197108e-01,6.719191e-02,-1.748291e-01
6.055664e+00,-1.003189e+00,1.497719e+00,1.431856e-01,6.672214e-01,4.277476e-02,-1.190010e-01,-4.949847e-02,-1.787125e-01,-2.448550e-01,-3.864344e-01
5.797577e+00,-7.108827e-01,1.505052e+00,3.170398e-01,6.585375e-01,-3.755472e-01,8.995350e-02,-3.524181e-02,-1.699534e-01,2.915839e-01,1.286421e-01
5.459408e+00,-1.695091e+00,8.080079e-01,-1.317868e-01,-5.721077e-02,-3.397675e-01,-2.772355e-01,-3.225381e-01,-8.224006e-02,2.864424e-01,4.797619e-02
6.048175e+00,-9.583670e-01,1.721059e+00,7.577630e-02,2.160976e-01,1.268176e-01,3.274629e-01,-2.766417e-01,-2.204879e-01,3.573412e-02,-2.015293e-01
5.825204e+00,-1.098432e+00,1.589634e+00,6.242461e-01,4.265372e-01,-2.388755e-01,1.178193e-01,-2.927642e-01,1.634314e-01,3.996409e-01,7.494322e-03
5.418508e+00,-1.404761e+00,7.365761e-01,-2.581964e-01,4.103035e-01,-6.397506e-02,-4.349723e-01,-4.389236e-01,-1.471425e-02,3.396204e-01,-1.017330e-01
6.035352e+00,-8.741775e-01,1.317602e+00,8.891278e-02,5.910435e-01,-3.635838e-03,8.066505e-02,-6.710978e-02,5.738731e-03,2.421844e-04,-1.462351e-01
5.899833e+00,-1.374370e+00,1.700862e+00,6.545852e-01,4.031976e-01,3.119665e-03,-1.098381e-01,-5.937740e-02,1.368286e-01,3.517455e-01,-2.009860e-02
5.175051e+00,-1.839271e+00,1.093405e+00,-1.344140e-01,2.261199e-02,-2.717910e-01,-3.169785e-01,-3.051895e-01,5.713568e-02,3.766844e-01,1.667513e-01
5.920592e+00,-1.081862e+00,1.309328e+00,1.927401e-01,4.980875e-01,2.121226e-01,8.809960e-03,-9.235409e-02,1.191792e-01,2.678769e-01,-1.098877e-01
5.986265e+00,-1.208961e+00,1.398120e+00,5.210623e-01,9.027221e-01,9.510830e-02,-5.154514e-02,-9.575858e-02,-2.782406e-01,4.146379e-01,-3.085469e-01
5.374897e+00,-1.487900e+00,1.152979e+00,-2.861780e-01,-9.567305e-02,-5.155339e-01,-4.125729e-01,-1.642178e-01,1.424195e-01,1.499019e-02,-5.442028e-02
5.799285e+00,-1.344817e+00,1.562902e+00,9.554739e-02,4.412355e-01,4.020715e-01,-1.914498e-02,5.807517e-02,1.310070e-01,4.365274e-01,1.082105e-01
5.905704e+00,-1.018807e+00,1.268926e+00,4.138559e-01,8.355763e-01,-7.939522e-02,2.360938e-01,-2.956889e-01,-4.479805e-01,3.482833e-01,-3.424899e-02
5.930001e+00,-1.048622e+00,1.279378e+00,-7.883184e-02,-3.433015e-01,-3.221257e-01,3.860162e-02,-1.854516e-01,-2.433335e-01,-1.156761e-02,1.355054e-01
5.455872e+00,-1.194045e+00,1.379102e+00,4.151240e-01,5.006366e-01,-1.374536e-02,2.821978e-01,1.565590e-01,3.108635e-01,3.305785e-01,-6.689550e-02
5.861759e+00,-6.996837e-01,1.356905e+00,-7.677080e-02,7.456906e-01,1.154325e-01,-1.270342e-01,-3.915550e-01,8.350193e-02,1.362411e-01,-4.504784e-01
6.136270e+00,-9.660260e-01,1.253584e+00,7.212060e-02,1.929157e-03,-2.133826e-01,-2.606987e-01,5.743237e-02,-1.807617e-01,-2.148374e-01,6.266568e-02
5.417126e+00,-1.236394e+00,1.397550e+00,6.080824e-01,7.705787e-01,-2.209040e-01,2.530523e-01,4.192704e-01,-8.801033e-03,1.338301e-01,-1.342549e-01
5.835283e+00,-1.233975e+00,1.672283e+00,9.007530e-02,1.898345e-01,-6.794464e-02,5.763452e-02,-1.346254e-01,-1.663907e-01,-1.036089e-01,-6.417630e-02
5.975994e+00,-9.467338e-01,1.399645e+00,1.242944e-01,4.002403e-01,-1.820095e-01,-2.244694e-01,-2.522922e-01,9.493219e-02,-1.283056e-01,-2.234741e-01
5.766661e+00,-1.155080e+00,1.414457e+00,1.681363e-01,5.435842e-01,1.146527e-02,9.257190e-02,2.683578e-01,2.493747e-01,3.642271e-01,-2.817295e-01
5.861789e+00,-1.476320e+00,1.255609e+00,6.958686e-02,2.310021e-01,-2.066774e-01,-9.927738e-02,-7.307326e-02,-1.583887e-01,-2.112800e-03,-6.707555e-02
5.942467e+00,-1.133210e+00,1.706486e+00,2.083597e-01,5.632034e-01,-5.465500e-02,-1.934357e-01,-2.851078e-01,-1.333191e-01,1.228269e-01,-2.368921e-02
5.788382e+00,-1.151688e+00,1.524818e+00,-8.269245e-02,3.604797e-01,3.565299e-01,1.360476e-01,-2.280268e-02,2.846241e-01,3.900738e-01,-3.500339e-02
5.190942e+00,-1.697699e+00,9.015735e-01,-2.261259e-01,1.111896e-01,-3.927260e-01,3.339583e-02,-2.634010e-01,-3.006287e-01,2.408458e-01,-9.511827e-02
6.078080e+00,-9.671004e-01,1.461033e+00,4.221497e-01,6.124573e-01,-2.363774e-01,-1.319943e-01,-3.382244e-01,9.112950e-02,3.132031e-01,-2.932773e-02
6.084556e+00,-8.953298e-01,1.283008e+00,1.806989e-01,2.565307e-01,4.711699e-01,-1.398167e-01,-7.753095e-03,2.968984e-01,2.528599e-01,-4.128797e-01
4.914581e+00,-1.748964e+00,9.331837e-01,-1.573063e-01,3.721618e-01,-1.386123e-01,8.529439e-02,-2.732715e-01,-2.116685e-01,2.398745e-01,-6.399600e-02
5.976915e+00,-1.254234e+00,1.625444e+00,4.146355e-01,4.582373e-01,-2.642489e-01,-1.445454e-02,-9.265467e-02,-8.120206e-04,3.381076e-01,1.671486e-01
6.043329e+00,-9.080421e-01,1.565629e+00,3.019239e-01,3.739086e-01,-1.122882e-01,3.071151e-01,1.044453e-01,-3.646680e-01,8.180868e-02,-1.115348e-01
5.204756e+00,-1.521426e+00,9.999409e-01,-1.730752e-01,1.915677e-01,-2.962919e-01,-2.703204e-01,-2.310051e-01,1.567420e-02,2.425486e-01,-1.091870e-01
6.057768e+00,-1.061712e+00,1.530899e+00,1.272416e-01,2.342593e-01,2.266173e-01,-8.668030e-02,-1.662243e-01,2.513430e-01,1.764238e-01,1.672322e-02
5.726977e+00,-8.177713e-01,1.575740e+00,4.005818e-01,6.109995e-01,8.738771e-02,1.600967e-01,-1.800204e-01,-3.978821e-01,-2.231925e-01,-2.767527e-01
5.340154e+00,-1.316283e+00,1.275881e+00,-6.659434e-02,-8.397517e-02,-7.721134e-01,-2.577062e-01,-1.026151e-01,-4.368746e-02,3.011907e-01,3.998078e-02
5.843564e+00,-1.005967e+00,1.580540e+00,-3.627314e-02,3.164105e-01,1.272871e-01,1.118277e-01,-1.750192e-01,1.606005e-01,7.622973e-02,2.036006e-01
6.128201e+00,-1.314582e+00,1.651937e+00,2.373703e-01,5.631019e-01,3.154016e-02,-9.026114e-02,-7.214084e-02,-4.262856e-01,-1.284720e-01,-1.358084e-01
5.766070e+00,-1.069083e+00,1.392970e+00,-3.111362e-02,2.783198e-01,-4.438051e-01,-3.548880e-01,-2.032622e-01,4.153168e-02,2.422888e-01,-1.558184e-01
5.948612e+00,-9.292095e-01,1.148899e+00,2.067351e-01,6.747058e-01,-3.147544e-02,-1.174008e-01,4.719095e-02,1.733107e-01,2.578844e-01,-3.418369e-01
6.122703e+00,-1.185699e+00,1.311365e+00,2.857946e-01,2.615848e-01,-3.039921e-02,-7.429227e-02,-1.761604e-01,-2.548886e-01,8.547425e-02,-1.581912e-01
5.804533e+00,-1.405401e+00,1.576025e+00,1.484650e-01,2.355050e-01,-2.923366e-01,1.890122e-02,-2.458484e-01,-1.585110e-01,2.780416e-01,2.475968e-02
5.701880e+00,-1.459183e+00,1.479626e+00,3.208413e-01,6.076381e-01,1.816418e-01,-1.268346e-02,3.215804e-02,-2.378135e-03,4.127713e-01,-1.396154e-01
6.097588e+00,-9.412736e-01,1.050137e+00,3.019070e-02,3.861806e-01,-2.387290e-01,-2.280810e-01,-1.665555e-02,-1.125016e-01,1.731943e-01,-1.499854e-01
5.897087e+00,-9.959826e-01,1.261733e+00,7.799485e-02,5.007436e-01,1.758834e-02,-2.354682e-02,-1.821065e-01,-6.378987e-02,2.180747e-01,-1.317681e-01
5.758087e+00,-1.294423e+00,1.471389e+00,3.033670e-01,3.434312e-01,1.987844e-01,-6.965108e-03,-2.183458e-01,2.504217e-01,4.719640e-01,1.358428e-01
5.573381e+00,-1.443210e+00,1.340670e+00,-1.235525e-01,1.000498e-02,-1.905789e-01,-5.452193e-02,-1.746233e-01,-3.344305e-02,3.100378e-01,-1.017712e-01
5.925710e+00,-1.006882e+00,1.416669e+00,1.700066e-01,4.483437e-01,1.777921e-01,1.874255e-01,-8.603495e-02,-2.951883e-01,3.161002e-01,-2.521722e-01
5.838611e+00,-1.091228e+00,1.724022e+00,3.641560e-01,4.191904e-01,-1.049466e-01,-1.871946e-01,-6.465585e-02,1.270347e-01,1.840124e-01,1.442496e-01
4.883498e+00,-1.855992e+00,9.239675e-01,-6.638356e-01,-1.001386e-01,-2.960979e-01,-1.812564e-01,-6.132635e-02,8.765394e-02,1.339417e-01,-2.457133e-02
6.211958e+00,-1.065745e+00,1.375686e+00,2.272611e-01,4.490492e-01,-5.635452e-02,2.011941e-01,-1.241046e-01,1.998084e-02,1.458855e-01,-3.169721e-01
5.984481e+00,-8.892400e-01,1.918589e+00,3.009660e-01,2.856679e-01,-1.862581e-01,-5.750666e-02,-5.232422e-02,-1.211536e-03,1.681413e-01,-5.262841e-02
4.987604e+00,-1.786526e+00,1.134905e+00,-7.016732e-02,1.088371e-01,-1.679818e-01,7.294015e-02,-4.440367e-02,-2.695277e-01,1.848630e-01,-2.328001e-02
6.140939e+00,-9.789675e-01,1.445653e+00,2.212862e-01,2.881595e-01,-7.676082e-02,9.219138e-02,-1.031093e-02,-1.692251e-01,2.041167e-01,-1.566090e-01
5.963180e+00,-4.342818e-01,1.929483e+00,-1.725962e-02,4.132464e-01,3.671726e-04,-4.155637e-02,-2.565550e-01,1.007946e-01,-2.158877e-02,-2.320656e-01
5.318308e+00,-1.544288e+00,7.067498e-01,3.494240e-03,2.942773e-01,-3.422957e-01,-1.530516e-01,-1.709563e-01,-5.805260e-02,2.411882e-01,4.994297e-02
6.048127e+00,-8.243115e-01,1.315168e+00,2.517156e-01,3.371160e-01,-9.482771e-02,5.923417e-02,-1.632388e-01,-2.613117e-01,2.865611e-01,3.815645e-02
5.888553e+00,-1.072510e+00,1.832420e+00,4.373581e-01,5.735605e-01,1.224781e-01,-1.096700e-01,-2.601023e-01,-1.398229e-01,-1.215043e-01,-3.187950e-01
5.288840e+00,-1.803365e+00,9.965825e-01,-2.200002e-01,2.065764e-01,-3.596311e-01,-1.108795e-01,-1.123511e-01,1.175873e-01,3.660307e-01,1.359463e-02
6.148881e+00,-1.126989e+00,1.459026e+00,2.540152e-01,6.415387e-01,-3.298522e-01,-1.420119e-01,-1.009532e-01,2.765397e-02,-7.769200e-02,2.143337e-01
6.196020e+00,-1.038602e+00,1.268864e+00,3.424438e-01,8.386764e-01,-4.604323e-02,-3.799875e-01,-1.544555e-01,-9.735043e-02,-1.035701e-01,-6.109986e-02
5.401338e+00,-1.407628e+00,9.707496e-01,-3.150592e-02,4.336526e-01,-1.196742e-02,-7.536848e-02,-1.247852e-03,3.704889e-01,2.908199e-01,-2.982947e-01
5.852903e+00,-1.126244e+00,1.477644e+00,4.941258e-01,2.873699e-01,-2.791005e-01,4.789438e-02,-2.002544e-02,-6.712952e-02,2.445650e-01,-7.621774e-02
5.979863e+00,-1.249975e+00,1.426034e+00,1.611576e-01,5.324230e-01,-4.577923e-02,-1.828530e-01,-3.490452e-01,-2.478064e-01,3.086075e-01,2.228548e-01
5.607199e+00,-1.473186e+00,1.266130e+00,1.768720e-02,6.058228e-01,2.219748e-01,9.083602e-02,1.196334e-01,5.033345e-02,2.482295e-01,-2.257244e-01
5.728784e+00,-6.996747e-01,1.487263e+00,8.878135e-02,4.867256e-01,5.123436e-02,-9.639820e-03,-2.891960e-02,1.396718e-01,1.927796e-01,-2.746877e-01
5.785096e+00,-1.242014e+00,1.289914e+00,3.200295e-02,3.201646e-01,-1.033904e-01,-1.884106e-01,-2.896281e-01,-1.060230e-02,3.736688e-01,8.823850e-03
5.845295e+00,-1.212403e+00,1.408544e+00,3.398945e-01,3.833598e-01,2.364012e-01,5.102860e-01,-1.889466e-01,-1.945763e-01,2.153727e-01,-2.871553e-01
6.086833e+00,-1.047711e+00,1.518516e+00,2.522491e-01,2.839497e-01,-1.382442e-01,5.830668e-02,3.637899e-02,-5.001371e-02,3.359968e-01,-1.578870e-01
5.497717e+00,-1.506272e+00,1.341958e+00,-2.392723e-01,4.766640e-02,-1.230230e-01,-1.490886e-01,-2.392159e-01,9.670237e-02,3.693928e-01,-7.874457e-02
5.608667e+00,-8.600916e-01,1.825671e+00,3.785398e-01,4.189644e-01,3.141403e-01,1.501925e-01,1.010603e-01,-1.181518e-01,-4.057962e-01,-4.034858e-01
5.972980e+00,-8.468975e-01,1.258646e+00,2.693813e-01,3.976109e-01,-5.522465e-02,-1.204915e-01,1.998785e-02,7.419116e-02,1.714117e-01,-1.737092e-01
5.171152e+00,-1.939508e+00,6.931418e-01,-6.895978e-01,-1.048825e-01,-3.613885e-01,-4.384678e-01,-2.670395e-01,-1.651208e-01,2.883610e-01,-2.027518e-02
5.819509e+00,-1.003939e+00,1.698595e+00,6.456587e-01,5.135128e-01,-1.504357e-02,3.803366e-02,-1.562271e-01,-2.032799e-01,1.620747e-01,-1.680963e-01
6.044188e+00,-9.223839e-01,1.470926e+00,2.295673e-01,3.203196e-01,-3.047319e-02,1.452866e-01,-1.934566e-01,-7.572597e-02,3.869209e-01,-1.947734e-01
5.199099e+00,-1.662414e+00,1.047760e+00,-1.381273e-01,2.376004e-02,-1.007195e-01,-2.533646e-01,-1.356041e-01,-1.211445e-01,-6.512848e-02,1.395784e-01
5.879239e+00,-5.263845e-01,1.262238e+00,1.577087e-01,9.805704e-01,7.590999e-02,-3.794246e-01,-1.234195e-01,-5.547455e-02,1.874583e-01,2.526935e-02
6.121974e+00,-1.172491e+00,1.438963e+00,4.065382e-01,6.020784e-01,-1.293590e-01,9.829884e-02,-1.368260e-01,-6.324649e-02,2.166395e-01,-2.824538e-01
5.372980e+00,-1.893413e+00,1.062716e+00,-1.345372e-01,-1.449690e-01,-5.799474e-01,-1.082497e-01,-1.086520e-01,1.093584e-01,1.183518e-01,4.116186e-01
6.091030e+00,-9.964923e-01,1.249362e+00,4.267801e-01,5.078975e-01,9.585087e-02,-6.969297e-02,-2.978061e-01,-3.296254e-02,4.756803e-01,-2.471523e-01
5.867819e+00,-1.162602e+00,1.289617e+00,5.792523e-01,8.048861e-01,9.510221e-02,2.751936e-02,-3.315204e-02,-2.339331e-01,4.009651e-02,-2.986298e-01
5.164252e+00,-1.374531e+00,1.215383e+00,-1.810448e-01,2.628250e-03,-6.899709e-01,-5.575504e-01,5.008938e-02,2.979982e-01,2.802785e-01,1.882873e-01
6.026559e+00,-1.295114e+00,1.469987e+00,1.929480e-01,5.102652e-01,8.094127e-02,-4.907680e-02,-1.994193e-01,1.940976e-01,2.676929e-01,-2.199929e-01
5.716246e+00,-1.018197e+00,1.455082e+00,1.606316e-01,4.343767e-01,3.245338e-01,1.989874e-01,-2.169296e-01,9.539411e-02,-5.055363e-02,-1.471082e-01
5.699287e+00,-1.303716e+00,1.562676e+00,1.533221e-01,5.021293e-02,-5.522878e-01,-2.949053e-01,-7.469138e-02,-8.428814e-02,2.635433e-01,2.029429e-01
5.632804e+00,-1.173934e+00,1.478664e+00,1.245334e-01,3.771821e-01,8.508254e-02,2.942705e-01,-1.734135e-01,6.512815e-02,3.478567e-01,1.173109e-01
5.872943e+00,-9.279588e-01,1.428139e+00,-1.355268e-01,2.859436e-01,-4.820932e-02,3.802577e-01,8.254523e-04,-6.598772e-02,2.822947e-02,-1.430499e-01
5.926721e+00,-9.164084e-01,1.458758e+00,-8.981361e-02,2.752023e-01,6.092238e-02,-4.808512e-01,-2.870175e-01,1.620085e-01,7.383863e-02,-1.495705e-01
5.373451e+00,-1.089900e+00,1.741855e+00,3.819089e-01,3.960642e-01,6.375355e-02,1.569802e-01,1.727553e-01,-1.599441e-01,-5.279355e-02,-1.938804e-01
5.765346e+00,-1.074751e+00,1.035548e+00,2.052347e-01,1.202671e-01,-3.177134e-01,2.159149e-01,-7.001158e-02,-1.230929e-01,3.352576e-01,-1.309561e-01
6.048640e+00,-9.824903e-01,1.330647e+00,2.102479e-01,3.397367e-01,1.333787e-01,-4.278894e-02,-5.468983e-01,-2.940454e-02,1.622943e-01,-1.980982e-01
5.773604e+00,-1.015139e+00,1.529965e+00,4.759020e-01,3.925425e-01,-9.868337e-02,4.674690e-03,-1.023837e-02,-4.255583e-02,1.624008e-01,-1.527235e-01
5.618666e+00,-1.040328e+00,8.254619e-01,-8.692474e-02,2.142999e-01,-2.913738e-01,-3.179390e-01,-1.184380e-01,1.320217e-01,1.608617e-01,-7.579875e-02
5.992682e+00,-1.091808e+00,1.448345e+00,2.706855e-01,6.092490e-01,1.070511e-01,-3.241815e-02,-1.984926e-01,-2.019902e-01,-1.032968e-01,-2.438665e-01
5.919878e+00,-1.026223e+00,1.595973e+00,4.297983e-01,4.032343e-01,-5.455156e-02,-3.254049e-02,-1.917313e-01,-4.016361e-02,4.939727e-01,-1.527938e-02
5.082423e+00,-2.017755e+00,6.188182e-01,-5.256673e-01,-2.736027e-01,-3.253549e-01,-5.250628e-01,-5.589069e-01,-1.141958e-01,3.107632e-01,8.486465e-02
6.268379e+00,-1.198141e+00,1.669628e+00,2.439660e-02,5.626741e-01,4.481670e-03,8.229117e-02,-3.155649e-02,-2.026738e-01,-2.178292e-02,-1.346599e-01
5.803607e+00,-7.138527e-01,1.440847e+00,2.166589e-01,7.334856e-01,-1.060302e-01,-3.104992e-01,1.378128e-01,1.466345e-01,2.326951e-01,2.396397e-02
5.143644e+00,-1.412204e+00,7.355849e-01,-2.387634e-01,4.440256e-01,-1.594965e-01,-4.165389e-01,-5.395982e-01,1.233138e-01,1.769113e-01,-2.918857e-02
6.039393e+00,-1.113701e+00,1.483614e+00,2.741721e-01,2.354012e-01,1.588167e-01,8.901487e-02,8.397072e-02,-1.289031e-01,1.952364e-02,-5.987883e-02
5.521887e+00,-9.932831e-01,1.669457e+00,5.600198e-01,4.126881e-01,-2.065916e-01,2.286485e-02,9.889561e-02,1.318525e-01,5.335256e-02,1.146853e-01
5.392991e+00,-1.482037e+00,6.190544e-01,-2.103298e-01,-1.115580e-02,-4.186927e-01,-3.062390e-01,-3.565387e-01,-1.488282e-01,6.025817e-01,-4.335871e-03
5.866317e+00,-1.001630e+00,1.214998e+00,4.126110e-01,3.330638e-01,2.304305e-02,2.185775e-01,1.394105e-01,2.787392e-02,4.265244e-02,4.206937e-02
5.681240e+00,-9.828839e-01,1.578360e+00,4.258569e-01,7.253940e-01,5.274800e-02,-2.839335e-02,-3.263286e-02,-8.122224e-02,-1.244988e-01,-1.617484e-01
5.411957e+00,-1.114568e+00,1.111284e+00,-1.708837e-01,-3.736184e-01,-5.550140e-01,-1.912527e-01,-8.374077e-02,-8.706834e-02,1.778179e-01,-1.864375e-01
5.466461e+00,-1.075617e+00,1.331870e+00,2.795162e-01,3.610415e-01,2.271424e-01,2.396101e-01,9.928668e-02,1.275615e-01,3.426023e-01,2.221494e-01
5.929722e+00,-1.080426e+00,1.637150e+00,3.336907e-01,4.443415e-01,1.140197e-01,2.403298e-01,-2.995547e-01,-5.222926e-01,3.260560e-01,-2.545666e-01
5.841376e+00,-1.099373e+00,1.216129e+00,9.806460e-02,-2.022925e-01,-2.904882e-01,-1.496105e-01,-2.510025e-01,-4.795854e-02,1.548630e-01,-1.319468e-01
5.480478e+00,-1.032219e+00,1.415051e+00,-6.194219e-02,7.411993e-01,4.747669e-01,-1.670419e-01,1.390036e-01,4.004207e-01,3.656862e-01,-2.584071e-01
5.725856e+00,-9.394307e-01,1.428405e+00,2.239387e-01,5.583164e-01,-7.334048e-02,-1.146256e-01,-1.143076e-01,-2.607857e-01,1.861890e-02,-1.487332e-01
6.065098e+00,-1.224921e+00,1.393883e+00,1.592565e-01,4.094323e-02,-1.558411e-01,-2.068515e-01,-2.245803e-01,-1.476366e-01,1.849522e-01,-3.002251e-02
5.375677e+00,-1.504488e+00,1.664119e+00,4.870507e-01,4.272376e-01,3.316876e-01,2.123406e-01,1.309715e-02,3.131503e-01,1.146246e-01,-1.770400e-01
5.607675e+00,-1.025907e+00,1.326372e+00,6.056774e-03,3.637525e-01,6.356253e-02,-1.761986e-01,-2.639266e-01,-1.413496e-01,2.062245e-01,-2.799183e-01
6.247550e+00,-9.414730e-01,1.129821e+00,3.660680e-01,5.534918e-01,-3.887787e-01,-1.025393e-01,-1.987067e-01,-2.177250e-01,2.536720e-01,-2.241200e-01
5.634246e+00,-1.002020e+00,1.195361e+00,3.281171e-01,4.555483e-01,1.296999e-02,1.561250e-01,2.527023e-01,3.579020e-01,2.725391e-01,-1.735341e-01
5.531542e+00,-1.370632e+00,1.211773e+00,-7.994716e-02,1.078957e-01,-1.198086e-01,-3.282640e-02,-2.144365e-01,-1.623498e-01,6.068210e-02,2.182038e-02
6.016843e+00,-1.076374e+00,1.630382e+00,4.054884e-01,4.245680e-01,2.520471e-02,-1.826167e-01,-3.169471e-01,-1.132725e-01,2.053423e-01,-9.607482e-02
5.733113e+00,-7.756010e-01,1.211021e+00,5.436050e-02,4.660104e-01,-3.885502e-04,3.481917e-01,1.924463e-01,-2.354371e-02,3.924875e-01,1.653668e-01
5.253174e+00,-1.891262e+00,7.410774e-01,-2.031158e-01,4.738372e-02,-5.049411e-01,-2.055093e-02,-1.813350e-01,-1.516278e-01,5.122434e-02,-1.795997e-01
5.906127e+00,-6.583989e-01,1.582373e+00,3.202631e-01,5.222711e-01,-8.235390e-02,-2.806662e-01,-2.494638e-01,2.360170e-01,1.086400e-01,-5.449584e-02
5.900792e+00,-8.842950e-01,1.584664e+00,5.934404e-02,2.815028e-01,1.855308e-01,2.372735e-02,2.300449e-01,3.025047e-02,1.075549e-01,-2.010718e-01
5.077402e+00,-2.000008e+00,9.978802e-01,-4.631406e-02,3.556199e-01,-1.902841e-01,5.614230e-02,-5.410790e-02,-2.208930e-01,2.802971e-02,2.839515e-02
5.890712e+00,-9.282826e-01,1.672909e+00,3.017737e-01,2.977417e-01,-2.745525e-01,1.527728e-01,8.035975e-02,-2.338692e-01,2.971756e-01,1.847472e-01
5.986554e+00,-9.821962e-01,1.714240e+00,1.899909e-01,2.837675e-01,4.409087e-01,-2.499386e-01,-1.171978e-01,8.595832e-02,8.815035e-02,-4.059005e-01
5.126925e+00,-1.679407e+00,1.012035e+00,-3.973531e-01,1.619036e-01,-2.479287e-01,-2.827421e-01,-4.447720e-01,1.475547e-01,1.722762e-01,-1.222445e-01
6.044586e+00,-7.996953e-01,1.225588e+00,2.806577e-01,3.719917e-01,-1.003734e-01,6.478460e-02,5.291636e-02,-1.803836e-01,2.602358e-01,2.429264e-01
5.890013e+00,-9.951216e-01,1.502657e+00,4.180786e-01,5.776459e-01,3.629890e-01,6.874761e-02,-5.606265e-01,-3.446638e-01,1.395252e-01,-2.999966e-01
5.146242e+00,-1.344220e+00,1.286016e+00,-1.241325e-02,-1.621834e-02,-5.313292e-01,-3.468269e-01,-3.083181e-01,1.439292e-01,3.932577e-01,-8.864294e-02
6.112227e+00,-1.230911e+00,1.458067e+00,2.105193e-01,2.822772e-01,1.412315e-01,9.855759e-03,-1.087063e-01,-1.392995e-01,3.897646e-01,1.415900e-01
5.930931e+00,-1.129315e+00,1.198807e+00,4.512783e-01,6.500904e-01,-1.428148e-04,-1.352384e-01,-3.332530e-01,-1.353937e-01,-7.261143e-02,-2.230359e-01
5.735647e+00,-8.501101e-01,1.011352e+00,1.949074e-01,4.364939e-01,-5.257808e-01,-3.109128e-01,-2.346999e-01,9.681944e-02,3.927282e-01,-1.030979e-01
5.859500e+00,-1.241933e+00,1.380668e+00,3.369011e-01,4.778652e-01,7.696658e-03,1.944483e-02,-1.356508e-01,1.356227e-01,2.374854e-01,-1.912393e-01
5.868344e+00,-1.344868e+00,1.343118e+00,2.660284e-01,3.668365e-01,-1.283604e-01,-1.298927e-01,-1.934949e-01,-9.902014e-02,-4.261764e-02,-5.280363e-02
5.958028e+00,-1.036407e+00,1.352713e+00,4.908510e-02,3.083253e-01,-1.418722e-01,-8.886891e-02,-8.860942e-02,-1.411182e-01,2.179510e-01,1.733651e-01
5.625091e+00,-1.218371e+00,1.342215e+00,2.654275e-01,7.308879e-01,8.686842e-02,-3.283665e-02,-6.660860e-02,2.154165e-01,2.945055e-01,-1.552447e-01
5.925644e+00,-1.002520e+00,1.249448e+00,-1.262747e-01,1.996372e-01,1.624076e-02,-4.067897e-01,2.056145e-02,-6.905795e-03,9.930816e-02,-2.277204e-01
5.825272e+00,-8.975592e-01,1.448740e+00,4.494040e-02,2.736514e-01,9.659114e-02,8.460604e-02,-2.498415e-02,-2.240102e-02,-1.708273e-02,-1.182352e-01
5.786586e+00,-1.158294e+00,1.538439e+00,2.461540e-01,4.752894e-01,-2.544652e-02,8.272367e-03,-7.390578e-04,-1.411157e-01,5.926858e-01,1.350323e-01
5.549110e+00,-1.132167e+00,1.094502e+00,-2.915831e-02,-1.184466e-01,-3.551928e-01,-5.402998e-02,1.861867e-01,-6.526140e-02,-1.609506e-01,2.327197e-01
5.803085e+00,-9.797019e-01,1.519657e+00,5.587094e-02,5.689603e-01,1.074065e-01,2.137821e-01,-1.486117e-01,-3.625229e-03,3.837845e-02,-2.914276e-01
6.008013e+00,-1.061819e+00,1.620146e+00,4.884415e-01,3.469610e-01,-2.030488e-01,-1.610488e-01,5.363765e-03,1.265434e-01,2.555926e-01,-8.819422e-02
4.931567e+00,-1.655440e+00,7.617642e-01,-3.229082e-01,-2.843067e-03,-4.153506e-01,-2.284756e-02,8.705026e-02,5.577566e-02,2.094863e-01,2.142447e-02
6.077682e+00,-8.408776e-01,1.211202e+00,1.773108e-01,5.942056e-01,-5.841662e-02,2.032081e-01,-2.641448e-01,-4.538064e-02,3.416669e-01,-2.447218e-01
6.067828e+00,-1.144903e+00,1.740857e+00,5.926945e-01,2.582078e-01,-2.476663e-01,-8.457805e-02,1.018477e-02,-9.971138e-02,2.407700e-01,-7.341451e-03
4.745967e+00,-1.580310e+00,1.048228e+00,-8.848053e-02,2.847555e-01,4.828826e-02,-9.339285e-02,-3.006076e-01,-8.606068e-02,1.353317e-01,7.586654e-02
6.248859e+00,-8.781049e-01,1.311464e+00,6.099206e-02,4.738048e-01,2.268312e-01,-2.907091e-01,-1.591078e-01,2.779471e-02,3.402538e-01,-2.719887e-01
6.026768e+00,-6.889833e-01,1.615194e+00,3.493274e-01,5.489270e-01,-1.804676e-01,-1.014753e-01,-1.864414e-01,-1.432961e-02,1.016311e-01,-1.321267e-01
5.110432e+00,-1.979134e+00,9.682819e-01,-1.375737e-01,2.027202e-02,-1.051818e-01,-2.290051e-01,-3.327729e-01,-1.797078e-03,2.856454e-01,1.255838e-01
5.974236e+00,-9.802773e-01,1.312614e+00,3.520088e-01,2.974257e-01,5.604559e-02,-6.537495e-02,-3.721483e-01,-5.157494e-02,3.368625e-01,-1.065077e-02
5.778276e+00,-9.397412e-01,1.745418e+00,4.799412e-01,5.569068e-01,4.565262e-02,8.617051e-03,-2.194546e-01,-3.531633e-01,3.191290e-02,-2.740141e-01
5.437944e+00,-1.768925e+00,1.007473e+00,-1.147112e-01,2.611261e-01,-2.520250e-01,-3.445164e-01,2.254557e-01,1.450081e-01,2.424942e-01,-1.430870e-02
6.031202e+00,-1.047652e+00,1.430351e+00,1.817921e-01,5.691645e-01,-1.280071e-01,-2.256155e-01,-1.653771e-01,9.909800e-03,2.373387e-01,-1.490130e-01
6.067133e+00,-1.007685e+00,1.500945e+00,3.079569e-01,4.664223e-01,1.390977e-01,-1.681019e-01,-3.992403e-01,-8.685506e-02,1.387679e-01,-3.564713e-01
5.581028e+00,-1.495833e+00,1.164564e+00,1.480485e-01,2.001971e-01,-8.826766e-02,2.270648e-01,-5.493347e-03,1.887481e-01,4.539927e-01,-3.581650e-01
5.807615e+00,-9.499280e-01,1.414356e+00,4.801501e-01,2.406799e-01,-4.526077e-01,2.195874e-01,1.987266e-01,-1.767568e-01,4.844930e-02,9.504941e-02
5.929050e+00,-1.078521e+00,1.392843e+00,1.782393e-01,2.790830e-01,1.480086e-01,-2.691505e-01,-2.697098e-01,-1.661592e-01,1.421983e-01,2.020972e-01
5.442105e+00,-9.617656e-01,1.157595e+00,-4.099610e-02,6.431712e-01,2.981822e-01,-8.799160e-03,8.377838e-02,2.868130e-01,4.766286e-03,-2.986519e-01
5.685828e+00,-8.924184e-01,1.600524e+00,1.826617e-01,3.175609e-01,4.153615e-02,-4.288453e-02,1.980293e-01,-1.126741e-02,4.824879e-02,-1.662524e-01
5.727004e+00,-1.103097e+00,1.041812e+00,1.270529e-01,2.112634e-01,-2.479273e-01,5.484740e-02,-2.967910e-01,5.357929e-03,1.880275e-01,2.928508e-01
5.464920e+00,-1.145331e+00,1.566861e+00,2.966879e-01,6.038341e-01,9.655426e-02,3.057896e-01,3.800947e-02,-1.624546e-01,-2.824022e-02,-2.527797e-01
5.977352e+00,-1.028168e+00,1.578377e+00,1.640683e-01,1.739430e-01,1.928958e-01,-1.603237e-01,-4.574812e-02,1.542369e-02,3.423007e-01,-1.583665e-01
5.530862e+00,-1.413926e+00,8.673755e-01,-1.669601e-01,3.143362e-01,-3.810115e-01,-1.268236e-01,-2.326099e-01,1.025225e-01,2.442978e-01,7.338194e-02
5.672706e+00,-1.016066e+00,1.773360e+00,3.648218e-01,8.747722e-01,1.342924e-01,2.064878e-02,-1.621844e-02,-1.273517e-01,-2.632427e-01,-2.089931e-01
6.106795e+00,-9.113868e-01,1.347329e+00,1.573984e-01,4.383454e-01,3.228690e-03,-1.776058e-01,-3.177655e-02,5.803947e-02,2.649702e-01,-1.816678e-01
5.368590e+00,-1.705512e+00,7.566954e-01,-1.956540e-01,9.696598e-03,-2.615934e-01,5.360000e-03,-5.163934e-01,-2.112692e-01,5.578405e-01,-9.695138e-02
5.753183e+00,-1.061192e+00,1.809508e+00,7.905199e-01,3.102504e-01,1.468651e-01,2.824293e-02,-3.379025e-01,-1.516235e-01,1.583701e-01,-7.412924e-02
6.134467e+00,-9.105090e-01,1.436574e+00,1.913253e-01,4.719684e-01,-1.851564e-01,1.565602e-01,-1.712323e-01,-2.887178e-02,3.451575e-01,-2.476627e-01
5.371490e+00,-1.429104e+00,9.056394e-01,-3.784226e-01,3.317340e-01,-2.521708e-02,-3.521178e-01,-2.866147e-01,2.327727e-02,1.493281e-01,-1.885106e-01
5.761024e+00,-8.713808e-01,1.638605e+00,3.497053e-01,5.272536e-01,3.945736e-02,-5.572277e-02,-2.358630e-01,5.826225e-02,3.303246e-02,-5.949174e-02
5.895851e+00,-1.042409e+00,1.524401e+00,3.930230e-01,4.359072e-01,-4.109847e-02,9.951273e-02,-8.545082e-02,-1.005333e-01,1.828462e-01,-1.500912e-01
5.105296e+00,-1.907460e+00,9.435819e-01,-1.198909e-01,-5.215223e-01,-4.522858e-01,-1.827380e-01,-6.057041e-03,1.066040e-01,1.736742e-01,1.652903e-01
5.712507e+00,-6.522821e-01,1.444875e+00,7.364504e-02,5.800675e-01,4.293778e-02,-1.573188e-02,-1.761667e-01,7.219670e-02,7.164729e-02,2.497954e-02
5.648792e+00,-1.068206e+00,1.470285e+00,5.052156e-01,6.100053e-01,8.968268e-02,6.609079e-02,1.497671e-01,-1.137495e-01,-2.725991e-01,-2.930560e-01
5.255364e+00,-1.282886e+00,1.204951e+00,1.089306e-01,-1.668444e-01,-6.714023e-01,-3.670623e-01,-1.098506e-02,2.504710e-01,2.421076e-01,8.182111e-02
5.928852e+00,-7.846550e-01,1.386942e+00,-1.707251e-01,6.317775e-01,2.238692e-01,-1.035574e-01,-9.078887e-02,2.242473e-02,2.771246e-01,3.216177e-02
5.640914e+00,-1.047191e+00,1.301807e+00,3.853152e-01,3.476692e-01,9.568751e-02,2.918669e-01,8.989072e-02,-1.903899e-01,-8.890984e-02,-8.895467e-02
5.705780e+00,-1.032591e+00,1.424627e+00,2.405015e-01,2.837338e-02,-6.222896e-01,-6.207750e-02,-2.368401e-01,-1.303251e-01,5.041231e-01,5.707615e-02
5.710848e+00,-9.758257e-01,1.236572e+00,7.146884e-02,4.944893e-01,2.195955e-01,6.925714e-02,-1.708944e-02,5.268525e-02,3.796586e-01,9.491618e-03
5.897247e+00,-8.639198e-01,9.717248e-01,-8.803633e-02,5.358211e-01,2.160514e-01,-1.285014e-01,-2.123882e-01,2.352506e-01,1.294890e-01,-2.025210e-01
6.031929e+00,-9.116205e-01,1.130442e+00,2.995728e-01,4.048982e-01,-3.038994e-01,-2.990386e-01,2.330915e-02,-2.625578e-01,6.199275e-02,2.619669e-01
