2.923827e+00,7.297430e-01,-1.382865e-01,-4.162138e-01,5.667622e-01,-3.187848e-01,2.939526e-01,-1.425524e-01,-3.370508e-01,-7.506444e-02,6.508130e-02
2.233435e+00,1.973794e-01,3.758370e-01,7.483932e-02,7.331708e-02,-4.035112e-01,2.619806e-01,1.249141e-01,-2.307320e-01,-1.842448e-01,-8.026197e-02
3.073601e+00,3.308961e-01,6.929449e-01,3.095464e-02,6.922877e-02,-4.385767e-01,2.271274e-01,-2.696375e-01,-5.376417e-02,-1.439461e-01,3.479896e-01
2.481637e+00,-2.318706e-01,8.343492e-01,-2.221005e-01,-2.342911e-01,-3.488734e-01,4.981630e-01,1.565771e-02,-4.274266e-01,-4.481710e-01,4.000823e-01
2.973511e+00,-7.492894e-02,8.126471e-01,2.640129e-01,2.896012e-01,-3.906331e-01,1.567203e-01,-1.294573e-01,-1.047216e-01,-2.970873e-01,1.662951e-01
3.077332e+00,4.656786e-01,8.495458e-01,1.257489e-01,1.863978e-01,-5.805219e-01,2.615130e-01,5.925461e-02,-1.286569e-01,-4.554104e-01,1.117150e-01
2.725972e+00,-2.391300e-01,5.328845e-01,-1.718801e-01,-2.868906e-01,-6.580675e-01,-1.869636e-01,-5.513091e-02,3.542096e-01,-9.802807e-02,-4.353519e-02
2.968612e+00,-7.106517e-02,7.050655e-01,-1.816208e-01,2.818777e-01,-1.456571e-01,3.713879e-01,7.527158e-03,-7.794127e-02,2.795098e-02,2.354892e-01
3.465333e+00,-1.730763e-01,8.191303e-01,-1.799327e-01,-6.486863e-02,-3.669273e-01,1.065401e-01,-4.452793e-01,-9.927514e-02,-6.986952e-01,2.673084e-02
3.215331e+00,-7.371212e-02,1.246466e+00,3.579254e-01,1.311286e-01,-4.284610e-01,2.932574e-01,-1.899578e-01,-1.948041e-01,-2.260435e-01,2.060562e-01
3.175407e+00,-2.915339e-01,7.818900e-01,2.146989e-01,1.315747e-01,-7.123226e-01,1.081878e-01,7.585936e-02,2.370714e-01,-2.128427e-01,2.053315e-01
3.715904e+00,-8.090160e-03,9.751133e-01,-1.516965e-01,-3.967521e-02,-3.236887e-01,2.358263e-01,8.714845e-02,3.439449e-01,-3.357371e-01,2.132986e-02
3.682588e+00,-1.242718e-02,7.949671e-01,5.485588e-02,2.627748e-01,-1.013160e-01,3.201785e-01,-2.533536e-01,4.047534e-02,-1.232631e-01,2.101921e-01
3.500633e+00,-4.285271e-01,6.195567e-01,-2.335426e-01,1.309143e-01,-4.084121e-01,2.437494e-02,-2.983749e-01,-1.259115e-01,-3.059594e-01,3.116375e-01
2.849154e+00,-9.152817e-02,1.238883e+00,9.471174e-02,5.491002e-01,-2.453047e-01,3.451205e-01,-2.010245e-03,1.049835e-01,-2.049538e-01,1.637397e-01
4.206183e+00,-1.981019e-01,5.719274e-01,-9.758771e-02,-2.406063e-01,-5.384461e-01,3.101529e-01,-1.610697e-01,-2.572552e-01,-4.062672e-01,1.444881e-02
3.722234e+00,-5.755714e-02,1.067966e+00,-2.937339e-02,3.218165e-01,3.572372e-03,6.595324e-01,1.167332e-01,-3.278475e-01,-3.969414e-01,6.308902e-02
3.424112e+00,-2.460225e-01,1.088778e+00,2.960864e-01,2.372478e-01,-6.210148e-01,-1.107387e-01,2.125392e-01,-2.225082e-01,-1.685257e-01,5.982257e-01
3.760939e+00,-3.114117e-01,7.544195e-01,4.437971e-02,-1.125257e-01,-6.356362e-01,2.348762e-01,-8.575610e-02,-6.208084e-02,-1.595505e-01,2.710212e-01
3.875619e+00,-6.308149e-01,6.844402e-01,1.802607e-02,7.013581e-02,-1.367199e-01,4.022152e-01,1.716843e-01,3.766450e-01,3.174349e-01,3.663896e-01
4.223582e+00,-4.363867e-01,7.445400e-01,-5.824192e-01,-1.144201e-01,1.366259e-02,-4.456090e-02,-2.899149e-01,-2.793966e-01,-1.923411e-01,-6.527128e-03
3.551207e+00,-4.710111e-01,6.252527e-01,1.166240e-01,5.837708e-01,2.683628e-01,-1.071385e-01,-2.495509e-01,1.566956e-01,2.269085e-01,2.031417e-01
4.215833e+00,-3.451011e-01,9.668196e-01,1.843584e-01,-1.718656e-01,-5.133855e-01,-1.769192e-01,-2.640114e-01,1.169614e-01,1.267011e-01,-3.133562e-01
4.170711e+00,-3.806437e-01,8.967873e-01,3.018625e-01,3.318926e-02,1.177272e-01,1.378981e-01,2.041688e-01,-1.473878e-01,-2.912710e-01,-3.241930e-01
3.936160e+00,-5.574570e-01,5.524361e-01,9.294767e-02,7.042013e-02,-1.907997e-02,1.600817e-01,2.364792e-01,8.494179e-02,3.676940e-01,5.631019e-01
3.780763e+00,-6.987958e-01,3.684371e-01,3.113887e-01,-4.068260e-02,-2.947484e-01,-2.131765e-01,-2.416097e-01,-4.556499e-01,-3.447446e-01,-1.603708e-02
4.073749e+00,-3.586111e-01,5.345458e-01,5.022464e-01,1.117270e-01,-3.242355e-01,1.105678e-01,5.090583e-01,2.274843e-01,3.196792e-01,3.244837e-01
4.304337e+00,-1.167880e-01,4.266563e-01,6.577479e-02,1.564986e-01,-2.286800e-01,-6.949701e-02,-8.530605e-02,-2.069169e-01,-1.910564e-01,-5.298262e-02
4.145239e+00,5.806406e-02,2.153639e-01,-4.389980e-02,1.374278e-01,7.585676e-03,9.565268e-02,-8.311425e-02,1.361138e-02,2.181548e-01,-1.308174e-01
4.003300e+00,2.213612e-01,4.760391e-01,1.368639e-01,2.442760e-01,1.224341e-01,-6.238057e-03,-5.233812e-01,-1.379656e-01,-1.919274e-01,2.348521e-02
4.208036e+00,2.280896e-01,6.071832e-01,4.121035e-01,3.491281e-02,-3.997867e-01,-8.859217e-02,-1.025723e-02,-2.251336e-01,-7.067486e-02,-5.582330e-02
3.616988e+00,1.120177e-01,4.803025e-01,1.585963e-01,8.012223e-02,-2.518461e-02,6.485266e-01,5.143642e-01,3.601969e-01,1.141938e-01,3.328267e-01
3.613685e+00,-2.152899e-01,6.359354e-02,-1.253262e-01,-2.807753e-01,-3.829300e-01,-3.938726e-02,-4.568803e-01,-4.474739e-01,-4.725956e-01,-5.591726e-02
3.918622e+00,3.853344e-01,6.489609e-01,-1.450924e-01,1.936096e-01,2.907791e-02,2.706365e-01,5.553653e-02,-3.682161e-01,-2.869871e-02,5.145522e-01
4.056712e+00,4.198533e-01,8.228120e-01,1.647060e-01,8.655126e-03,-1.321174e-01,6.024487e-02,-4.037267e-03,-4.993316e-03,-5.816451e-01,-1.265545e-01
3.944036e+00,2.811723e-01,8.153602e-01,-1.859056e-01,3.374868e-02,-2.999386e-01,1.112210e-01,7.210130e-03,-9.863696e-02,-7.045943e-02,2.385549e-01
3.504736e+00,9.724556e-02,6.027711e-01,-6.816599e-02,4.255098e-01,3.371718e-01,4.985344e-01,6.324246e-03,-2.325212e-01,-3.542224e-01,-5.343025e-02
3.920198e+00,6.077185e-01,8.750883e-01,-2.936141e-01,-1.334416e-01,-3.791324e-01,3.222790e-02,-2.491934e-01,-3.718577e-02,-2.534277e-01,-5.583071e-02
3.480517e+00,2.205226e-01,1.059163e+00,2.920794e-01,5.138747e-01,1.067608e-01,2.687149e-01,-5.598487e-04,2.096948e-01,-1.388649e-01,4.731699e-01
3.781539e+00,-4.036802e-03,7.112178e-01,-1.954511e-01,1.226987e-02,-5.380572e-01,-6.029875e-02,6.590071e-02,-5.545155e-02,-3.622746e-01,8.164924e-02
4.107633e+00,1.892543e-01,8.677685e-01,-2.420491e-01,-1.987208e-02,-1.630794e-01,2.291928e-01,-1.298350e-01,2.416583e-01,-4.559043e-01,2.598480e-01
4.172547e+00,1.724153e-01,1.015080e+00,-3.180124e-01,2.687099e-01,7.648938e-02,1.953421e-01,-2.093062e-01,-3.110570e-02,-1.405902e-01,3.712323e-02
3.828753e+00,1.743448e-01,1.116130e+00,3.650485e-02,3.289272e-01,-3.899119e-01,1.470747e-03,-2.179603e-01,-3.393133e-02,-3.217237e-01,3.551592e-01
3.672147e+00,6.444115e-02,1.393708e+00,-9.533062e-02,-2.006871e-01,-4.689737e-01,3.814135e-03,1.371399e-01,3.712719e-01,-3.436725e-01,-3.212174e-02
4.046478e+00,-1.111614e-01,9.562478e-01,-7.709155e-01,-8.375728e-02,-3.980939e-01,-8.766494e-02,-8.695764e-02,-1.044052e-01,-3.550690e-01,1.681685e-02
3.978741e+00,3.784097e-01,1.214058e+00,-7.106898e-02,1.989620e-01,2.225636e-01,3.317559e-01,8.980607e-02,3.551575e-02,-2.818680e-01,2.823191e-01
3.919895e+00,2.901656e-01,1.265708e+00,-2.854691e-01,1.310124e-01,-2.283907e-01,8.248106e-02,7.064191e-02,-4.207012e-02,-1.979134e-01,1.351475e-01
4.046623e+00,2.518354e-01,1.245816e+00,-3.732274e-01,8.018651e-03,-4.625120e-01,-2.464506e-01,1.902596e-01,2.299070e-01,-3.479115e-01,1.709459e-01
4.281748e+00,3.510395e-01,1.295842e+00,-6.141074e-01,1.626744e-01,-4.848846e-02,1.742882e-01,1.802723e-01,2.086677e-01,-2.337496e-01,1.245482e-02
3.800443e+00,4.800586e-01,1.097903e+00,-4.639487e-01,-1.038646e-01,3.131890e-01,4.772239e-01,-3.938778e-02,-1.669082e-01,-4.319477e-01,1.118769e-01
3.850797e+00,1.921943e-01,1.638491e+00,-1.827964e-01,3.562591e-03,-2.574408e-01,-1.220663e-01,-2.573467e-01,-1.514204e-01,-1.923967e-01,3.381484e-01
3.611707e+00,2.070566e-01,1.221514e+00,-7.623200e-01,-6.463452e-01,-2.401307e-01,3.569788e-02,1.925180e-01,-1.768898e-01,-7.895322e-01,2.731393e-01
4.211515e+00,4.901558e-01,1.922915e+00,-4.154005e-01,-4.989883e-01,-6.444728e-02,5.587025e-01,3.243382e-01,5.619870e-03,-6.177995e-01,1.625038e-01
4.085183e+00,2.475648e-01,1.807563e+00,-3.377909e-01,-7.931101e-02,1.404576e-01,3.781779e-01,-1.918270e-01,-2.346193e-01,-3.240774e-01,3.810427e-01
4.083290e+00,8.242629e-02,1.359320e+00,-4.528700e-01,-4.544646e-01,-1.779315e-01,5.671365e-02,-9.048875e-03,-3.142555e-02,-7.636385e-01,5.066206e-01
4.086236e+00,4.282960e-01,2.127569e+00,-5.152821e-01,-3.347631e-01,-4.143417e-01,2.179715e-01,4.828035e-01,1.368014e-01,-1.655011e-01,-1.414210e-01
4.007989e+00,4.862056e-02,1.345070e+00,-5.840474e-01,-2.923870e-01,4.366397e-01,5.063001e-01,6.353001e-02,1.488236e-01,-3.992372e-01,8.547158e-02
4.239995e+00,2.037201e-01,1.834486e+00,-2.920745e-01,1.594677e-01,-1.849702e-01,-1.799327e-01,-2.728947e-01,-4.935772e-01,-6.884883e-02,5.786064e-01
3.481949e+00,-2.442753e-01,1.603687e+00,-3.216056e-01,-3.485380e-02,-1.320568e-01,2.818374e-01,2.563460e-01,-3.443823e-01,-7.055117e-01,-2.019049e-02
4.238108e+00,1.090578e-01,1.875431e+00,-2.174058e-01,-4.251721e-02,-4.194564e-01,1.879190e-01,2.305013e-01,-1.591997e-02,-3.402826e-01,3.442031e-01
4.073528e+00,1.243211e-01,1.860865e+00,-9.115801e-02,1.270271e-01,1.669833e-01,1.365175e-01,-1.049649e-01,-2.309497e-01,-3.038840e-01,8.941518e-02
3.910913e+00,7.660133e-02,1.396196e+00,-4.172875e-01,-3.050017e-01,-1.932368e-01,-7.971357e-02,1.295182e-01,-2.258745e-01,-5.754828e-01,3.858513e-01
4.091455e+00,1.595801e-01,1.632748e+00,-3.842819e-01,6.759153e-02,6.557785e-02,-1.317591e-01,6.483244e-02,6.256322e-02,-2.509744e-01,-1.400674e-01
3.794972e+00,-1.711256e-01,1.438984e+00,-2.524037e-01,-1.770892e-01,7.868910e-02,5.499598e-01,3.155430e-01,3.398909e-01,1.842377e-01,1.406284e-01
4.275657e+00,1.659849e-01,1.866910e+00,-2.548522e-01,-5.333932e-02,-2.161033e-01,7.700917e-02,-1.426854e-02,-3.789963e-01,-2.363173e-01,2.742002e-01
3.931357e+00,-1.050438e-01,1.466024e+00,-1.597502e-01,-2.548523e-01,-2.502304e-01,2.643828e-01,9.372644e-02,-1.605409e-01,-6.279473e-01,1.209504e-01
4.231110e+00,1.808654e-01,1.481731e+00,-6.021631e-02,-1.427963e-03,-2.088485e-01,1.756216e-01,-1.701745e-01,-1.583033e-01,-1.228934e-01,1.768877e-01
4.346529e+00,5.447892e-01,1.890607e+00,-1.210969e-01,4.437954e-03,-1.012282e-02,2.327424e-01,-5.226930e-02,-2.659955e-01,-1.303130e-01,-4.451923e-02
3.984297e+00,-3.021460e-01,1.408997e+00,-5.158030e-01,-1.057733e-01,-2.746231e-01,1.664133e-01,9.401829e-02,5.660339e-02,-6.116969e-03,6.073077e-02
4.254652e+00,-1.288269e-01,1.379785e+00,-1.333029e-01,1.034334e-01,-3.127642e-01,2.755065e-01,-5.350888e-02,-4.739483e-01,-2.667703e-01,3.459975e-01
3.897230e+00,-7.754337e-02,1.456787e+00,-1.500443e-01,-1.077074e-01,-2.662876e-01,4.595085e-01,1.005322e-01,-3.800661e-02,-8.340241e-02,2.005766e-01
4.276392e+00,2.992853e-01,1.834635e+00,2.187653e-01,6.900283e-03,-2.509519e-01,1.501761e-01,-1.624844e-02,-2.186462e-01,-1.985482e-01,8.558828e-03
4.511891e+00,2.688469e-01,1.382847e+00,-4.854804e-01,-1.830876e-01,-2.938717e-01,1.444102e-01,1.089552e-01,-1.146764e-01,-2.403918e-01,1.605509e-02
4.178265e+00,1.452399e-02,1.685710e+00,-5.164809e-01,-1.173643e-01,-1.980867e-01,2.187605e-01,2.269512e-01,2.729712e-03,-2.783660e-01,-6.940150e-02
4.430507e+00,3.255640e-01,1.787208e+00,-2.727599e-02,1.261014e-01,-1.470824e-01,-9.916566e-02,-3.386727e-02,-8.218480e-02,-3.501416e-01,4.237704e-01
3.737873e+00,-2.643689e-01,1.464351e+00,-3.949932e-01,-2.402964e-01,-1.405712e-01,3.903099e-01,3.022247e-01,1.660601e-01,-6.367534e-02,2.764721e-01
4.317005e+00,-1.113774e-01,1.721810e+00,-2.300421e-01,-5.607046e-01,-4.061065e-01,-3.003965e-02,3.440980e-01,1.081452e-01,-3.423610e-01,6.458203e-02
3.910156e+00,-1.044320e-01,1.417047e+00,-7.144952e-01,-4.840815e-02,8.162850e-02,1.614472e-01,2.647430e-01,9.685138e-03,-2.210211e-01,2.002760e-01
4.162584e+00,2.311582e-01,1.822288e+00,-1.250770e-01,4.579176e-01,4.635192e-01,1.492676e-01,-3.358155e-01,-1.263337e-01,-4.634813e-01,-1.009536e-01
4.430719e+00,2.796949e-01,2.007966e+00,-4.190275e-01,-4.483024e-01,-4.836553e-01,2.247568e-01,3.369648e-01,-3.806131e-02,-4.929022e-01,-1.136642e-01
3.548522e+00,-3.929904e-01,1.425556e+00,-3.716219e-01,-8.860957e-02,-1.600512e-01,4.048780e-01,3.204879e-01,1.243844e-01,-3.720419e-01,4.110415e-02
4.284774e+00,1.042536e-01,1.926080e+00,-2.949956e-01,-1.447026e-01,-8.606320e-03,9.041366e-03,9.027903e-02,-5.468226e-02,-8.996400e-02,2.746042e-01
4.102685e+00,1.301275e-01,1.573063e+00,-3.790349e-01,1.100634e-02,-1.844080e-01,1.878816e-01,2.700095e-01,-1.670257e-01,-4.295576e-01,8.456943e-02
4.514478e+00,9.205429e-02,1.494129e+00,-6.234273e-01,-2.394333e-01,-1.123956e-01,1.128608e-01,-4.241676e-02,4.210603e-02,-2.276213e-01,1.054469e-01
3.872293e+00,-1.151330e-01,1.576411e+00,-2.823066e-01,-3.265015e-01,-2.840786e-01,4.399764e-01,2.515089e-01,1.192033e-01,-9.504603e-02,-2.990738e-02
4.080793e+00,3.814668e-01,1.961641e+00,2.465421e-01,-1.172683e-01,-2.804930e-01,3.171336e-01,-2.641457e-01,-3.092231e-01,-3.150026e-01,2.599211e-01
4.567982e+00,1.824516e-01,1.708509e+00,-1.083925e-01,-5.138881e-03,-2.203194e-01,1.009781e-01,1.053519e-01,-4.636670e-01,-3.273006e-01,2.434903e-01
3.791783e+00,-2.511879e-01,1.036287e+00,-3.820068e-01,-4.062155e-01,-2.752283e-01,2.941181e-01,1.588710e-01,3.951937e-02,-3.752503e-01,1.296804e-02
4.291329e+00,1.301441e-01,1.593319e+00,-2.796248e-01,-9.729733e-03,-2.343498e-01,3.263981e-01,1.837878e-01,1.925336e-01,4.488316e-02,-1.325830e-01
4.200597e+00,3.347288e-01,1.790791e+00,-2.249674e-01,-6.654751e-03,-1.108400e-01,-5.116998e-02,-2.270113e-01,-3.044758e-01,-3.020053e-01,5.194595e-01
4.266141e+00,7.138604e-02,1.623319e+00,-2.763981e-01,-7.873912e-02,-2.223049e-01,1.233292e-01,1.422148e-01,-1.394162e-01,-4.604173e-01,1.231898e-01
4.036244e+00,-2.378262e-01,1.601300e+00,-3.369534e-01,-1.936548e-01,-5.646274e-02,3.895326e-01,3.167792e-01,-1.617196e-01,-4.940590e-01,1.310840e-01
4.254189e+00,2.918528e-01,1.845142e+00,-3.242071e-01,-8.895335e-02,-3.223967e-01,2.318029e-02,-1.150493e-01,-1.835352e-01,-2.164787e-01,3.664321e-01
4.315875e+00,4.200891e-01,2.070249e+00,-3.509387e-01,-6.314226e-02,-9.438939e-02,2.059568e-01,1.309594e-01,1.574404e-02,-3.310975e-01,-2.783707e-01
3.782044e+00,-3.135343e-01,1.609570e+00,-4.598420e-01,-2.821885e-01,-1.976335e-01,-1.326775e-02,-1.614902e-01,8.935826e-02,-1.676168e-01,2.438156e-01
3.730804e+00,-1.021132e-01,1.179139e+00,-3.652913e-01,5.030879e-01,-3.714510e-02,5.232994e-01,4.986997e-01,-1.500158e-01,-2.925766e-01,4.881175e-01
4.381154e+00,2.123101e-01,2.035424e+00,-2.002981e-01,-4.526465e-01,-3.135526e-01,2.980028e-02,1.507214e-01,-9.369629e-02,-5.406288e-01,1.365779e-01
4.161668e+00,1.598812e-01,1.917466e+00,5.210476e-02,-1.603694e-01,-1.219644e-01,2.795898e-01,3.514963e-03,-1.995792e-01,-2.598614e-01,-3.608838e-02
4.140444e+00,1.063087e-02,1.570409e+00,-2.240461e-01,5.001750e-02,-1.729988e-02,7.193607e-02,-1.274822e-01,-1.166530e-01,-3.975398e-01,4.074296e-01
4.227244e+00,4.781886e-01,1.660184e+00,-7.069457e-01,-2.779996e-01,-3.528382e-01,1.465419e-01,1.251465e-01,-2.245609e-01,-5.655826e-01,-1.369783e-02
4.493065e+00,7.168810e-02,1.488709e+00,-2.457573e-02,-1.705503e-01,1.065176e-02,7.644938e-01,3.939300e-02,4.339402e-02,-1.035888e-01,-1.505161e-01
4.218589e+00,1.408783e-01,1.517800e+00,-1.024484e-01,-3.660056e-01,-6.856353e-01,2.642231e-01,2.212660e-01,-2.883000e-01,-6.333842e-03,4.011400e-01
3.607976e+00,-3.218089e-01,1.517699e+00,1.877883e-03,7.037883e-02,-2.151800e-01,3.123725e-01,5.512169e-01,-9.725044e-03,2.619529e-02,2.849272e-01
4.573846e+00,4.485499e-01,1.456991e+00,-4.989456e-01,-2.391534e-01,-1.073998e-01,3.843686e-01,-3.003764e-01,-2.533970e-01,-1.111354e-01,1.292413e-01
4.391459e+00,3.299625e-01,1.400292e+00,-3.207745e-01,2.509153e-01,-2.909320e-02,3.633141e-01,1.021185e-01,-3.006943e-01,-5.030142e-01,-2.084160e-01
4.144761e+00,2.390451e-01,1.784423e+00,-1.729712e-01,-2.367603e-01,-4.868845e-01,2.605863e-01,4.554019e-01,-6.036273e-02,-2.564353e-01,2.159708e-01
3.907784e+00,-2.000412e-01,1.527506e+00,-2.192600e-01,-4.210037e-01,-3.045256e-01,9.010584e-02,-2.337172e-01,-3.372158e-01,-4.322808e-01,-9.283840e-02
4.274994e+00,-1.187987e-02,1.784270e+00,-5.210402e-01,-2.405273e-01,1.797895e-01,3.964707e-01,3.545464e-01,1.387011e-01,-1.118304e-01,1.841087e-01
4.323828e+00,4.298556e-01,1.570686e+00,-5.444091e-01,-2.606668e-02,-3.152233e-01,8.638299e-02,3.245146e-01,-3.684200e-02,-4.118482e-01,5.843808e-04
3.986885e+00,1.786026e-03,1.568666e+00,-4.775136e-01,-3.115467e-01,1.594557e-01,1.267239e-01,-1.444119e-01,2.496988e-01,-2.155335e-01,2.329027e-01
4.085261e+00,1.361912e-01,1.925602e+00,-1.859673e-01,-1.875949e-01,-3.376750e-01,8.671378e-02,2.280739e-02,4.491097e-02,-1.530515e-01,8.924937e-03
4.509572e+00,3.431935e-01,1.720072e+00,-4.385468e-01,-4.830970e-01,-4.460013e-02,2.867029e-01,1.438346e-01,-3.561687e-01,-8.377212e-01,1.323282e-01
4.315383e+00,-2.464086e-01,1.663972e+00,-4.062641e-01,4.113471e-02,4.878960e-02,2.369913e-01,3.179384e-01,-4.178226e-02,-1.049241e-01,3.852890e-01
3.430428e+00,-1.044590e-01,1.778348e+00,-9.987757e-02,-2.935575e-01,-2.734024e-01,-3.558784e-02,-3.477394e-01,-3.894456e-01,-6.385515e-01,2.404290e-01
3.905573e+00,1.767327e-01,1.366326e+00,-5.926593e-01,-4.328034e-02,-1.729974e-03,2.525774e-01,2.484558e-01,3.850531e-01,3.548789e-01,5.211665e-01
4.272873e+00,1.957042e-01,1.899962e+00,-4.471774e-01,2.751836e-02,-5.756016e-02,3.694351e-01,-6.293453e-02,-2.823664e-01,-3.241479e-01,1.240589e-01
4.412394e+00,-4.996389e-02,1.358823e+00,-2.153072e-01,-2.217552e-01,-3.228626e-01,2.728955e-01,1.498738e-01,-2.709668e-02,-5.661899e-01,7.481212e-02
3.883942e+00,-9.737346e-03,1.819192e+00,-1.569011e-01,2.768838e-01,-5.884128e-02,5.193958e-01,3.144296e-01,-6.865310e-01,-3.660394e-01,2.961037e-01
4.476360e+00,4.708938e-01,1.513576e+00,-5.071939e-02,-2.910033e-01,-5.362345e-01,7.939770e-02,-3.453056e-01,-2.319859e-01,-2.506895e-01,1.592793e-01
4.018415e+00,1.809269e-01,1.717039e+00,-1.745641e-01,1.563930e-02,4.262732e-03,6.988151e-01,2.806224e-01,3.417768e-01,-6.396990e-02,-1.594936e-02
4.127618e+00,-1.432611e-01,1.455621e+00,-5.684896e-01,-1.483579e-01,-2.501872e-01,1.014502e-01,6.345661e-02,-4.292555e-02,-2.782805e-01,-2.424112e-02
4.248202e+00,1.346366e-02,1.477915e+00,-2.916825e-01,-2.496221e-01,-2.705151e-01,4.332215e-01,1.511572e-01,-2.711223e-01,-7.931309e-02,3.973082e-01
4.198502e+00,2.062085e-01,2.290828e+00,-1.165265e-02,-3.284529e-01,-2.494291e-01,2.361657e-01,1.282339e-01,-2.843550e-02,-3.719875e-01,-1.153918e-01
4.064077e+00,2.183334e-01,1.773046e+00,-2.123744e-01,-1.545835e-01,-2.028071e-01,1.813939e-01,-5.971659e-02,-4.237243e-01,-4.125912e-01,3.095683e-01
4.040917e+00,-1.894519e-01,1.455840e+00,-2.675695e-01,1.862066e-01,7.700945e-02,1.590304e-01,-7.627834e-02,-8.428571e-03,-3.731780e-01,1.270769e-01
4.227753e+00,4.889287e-01,1.873348e+00,-7.249638e-01,-4.764135e-01,-2.994669e-01,1.987928e-01,-2.880838e-02,-5.194383e-01,-6.542813e-01,-2.727652e-02
3.757387e+00,-1.862487e-01,1.852195e+00,2.696512e-01,4.775573e-01,2.977261e-01,9.831481e-02,2.148602e-01,-1.059745e-01,-1.438873e-01,4.385069e-01
4.209760e+00,4.646624e-02,1.528631e+00,-3.424501e-01,-3.536295e-01,-2.137822e-01,3.416917e-01,3.309993e-01,-6.087480e-02,-2.884920e-01,2.403810e-01
4.124548e+00,-1.460198e-02,1.644668e+00,-5.475715e-01,-3.847761e-01,-2.260606e-01,1.374048e-01,1.780839e-01,3.085019e-02,-3.876122e-01,1.139505e-02
4.492557e+00,5.110825e-01,1.602243e+00,-5.654053e-01,8.952901e-03,2.192193e-01,2.175728e-01,-6.000955e-02,-1.055161e-01,-3.299028e-01,4.663377e-01
3.921501e+00,1.488898e-01,1.730635e+00,-1.697522e-01,1.738827e-01,-1.474939e-01,2.232025e-02,-3.949127e-02,-3.289987e-01,-3.471205e-01,-6.040831e-02
4.214126e+00,8.062008e-02,1.727643e+00,-2.174404e-01,-5.854983e-01,-4.278998e-01,3.561423e-01,3.015930e-01,1.109789e-02,-1.358515e-01,3.381693e-01
4.259873e+00,1.413978e-02,1.169833e+00,-4.901256e-01,-1.762310e-01,-3.712544e-01,1.731328e-01,-2.129596e-02,-3.816690e-01,-4.015265e-01,7.170639e-02
4.156834e+00,1.311039e-01,1.618617e+00,-2.866039e-02,1.121638e-01,-8.487278e-02,2.717628e-01,9.482433e-02,-1.846833e-01,-1.966799e-01,4.518568e-01
4.186737e+00,2.243311e-01,1.484888e+00,-2.031187e-02,-5.000141e-02,-2.869268e-01,5.108851e-01,3.346962e-01,4.788202e-02,-1.278636e-01,5.474766e-03
4.118336e+00,1.204624e-01,1.425175e+00,-5.953152e-01,-3.733441e-01,-2.389203e-01,4.868678e-02,-8.793765e-02,-1.014678e-01,-1.262380e-01,1.774708e-02
4.589183e+00,9.006394e-02,1.677379e+00,-2.728354e-01,-1.622347e-01,-1.529520e-01,3.615368e-01,8.404844e-02,-1.490730e-02,-4.191752e-02,-2.019409e-02
4.073721e+00,2.412231e-01,1.648534e+00,-2.494948e-01,-1.756699e-01,-1.495806e-02,4.988773e-01,-1.154998e-01,-4.282307e-01,-5.452846e-01,1.490885e-02
4.333563e+00,-3.416084e-01,1.485597e+00,-2.986877e-01,-6.382725e-02,-1.655213e-01,4.946232e-02,1.149938e-01,-7.771114e-02,-1.500710e-01,4.519976e-01
3.702063e+00,-8.357560e-02,1.548387e+00,-4.701180e-01,-2.501770e-01,-1.518832e-01,3.469456e-01,2.549970e-04,-1.464118e-01,-4.664115e-01,-4.787824e-02
4.285867e+00,2.803747e-01,1.707780e+00,-2.472046e-01,-4.482415e-02,-1.062770e-01,6.112838e-02,-2.833431e-01,1.500356e-01,7.786695e-02,1.135088e-01
4.323128e+00,-7.519533e-02,2.004683e+00,-1.776399e-01,4.114547e-01,2.120224e-01,1.036553e-01,-3.132479e-02,-1.769867e-01,-3.450465e-01,1.314371e-01
4.031414e+00,-4.339047e-02,1.504729e+00,-3.951085e-01,-3.593780e-01,-4.510932e-01,-2.604342e-02,2.001697e-01,-2.442312e-01,-5.856565e-01,2.859282e-01
4.349573e+00,9.893611e-02,1.852210e+00,-4.843258e-01,-2.029102e-01,-6.674841e-03,4.737095e-01,6.560587e-02,-3.132074e-01,-3.492393e-01,1.794594e-01
4.119001e+00,7.787754e-03,1.668340e+00,-2.164591e-01,3.712011e-02,-2.650606e-01,-4.944733e-02,2.630363e-02,2.959237e-02,-2.887884e-01,2.340963e-01
4.170702e+00,3.818222e-01,1.755061e+00,-4.417706e-01,6.604914e-02,-1.082444e-01,8.451115e-02,3.667616e-03,-1.366123e-01,-3.507930e-01,1.914689e-01
4.217620e+00,-3.067372e-01,1.409625e+00,-2.714857e-01,7.069544e-02,-3.815275e-02,2.634623e-02,-3.314768e-02,-3.110204e-01,-2.691075e-01,8.475511e-02
4.138113e+00,2.502386e-01,1.573763e+00,-2.638218e-01,-2.127005e-02,-2.511835e-01,-1.488238e-02,-6.583965e-02,-2.671034e-01,-1.019415e-01,5.920319e-01
4.250467e+00,9.223625e-02,1.980516e+00,-3.028719e-02,-4.472938e-02,-1.603270e-01,4.314730e-01,3.089501e-01,-1.319239e-02,-4.101545e-01,-1.965308e-01
4.242358e+00,-3.763966e-02,1.296282e+00,-1.508610e-01,-3.903481e-01,-2.758468e-01,2.201034e-01,-1.308697e-01,-1.541166e-01,-2.951280e-01,2.438552e-01
4.208826e+00,1.723816e-01,1.361611e+00,-3.830274e-01,3.864038e-01,-4.947229e-04,-4.053842e-02,-3.344900e-01,-2.546327e-01,-1.889865e-01,-1.487513e-01
4.054538e+00,2.394666e-01,1.725517e+00,-3.659752e-01,-3.619105e-01,1.268732e-01,2.983490e-01,-4.144439e-02,-1.937002e-01,-1.176171e-01,2.115636e-01
4.233602e+00,-7.585513e-02,1.624325e+00,1.413528e-01,1.711194e-01,-3.171676e-01,3.077244e-01,4.854679e-02,-1.437151e-01,-7.156342e-02,-1.377200e-02
4.491321e+00,-2.823960e-02,1.458149e+00,-1.439303e-01,-1.807028e-01,-3.947539e-01,3.185234e-01,-1.021646e-01,-1.899290e-01,-2.985515e-01,1.631091e-01
3.909116e+00,2.420033e-01,1.753993e+00,-1.979662e-01,-1.943396e-01,-2.767957e-01,-5.233916e-02,-1.134578e-01,-1.263849e-01,-2.671699e-01,1.498163e-01
4.607820e+00,3.361163e-01,1.533639e+00,-4.467031e-01,1.382756e-01,-8.374510e-02,3.199724e-01,1.809510e-01,-2.936227e-01,-8.874627e-02,1.677672e-01
4.140194e+00,-1.594949e-01,1.434520e+00,-3.328260e-01,-1.526793e-01,-5.745489e-02,1.712857e-01,2.411535e-01,2.075619e-01,-1.276107e-01,-2.479070e-02
4.033202e+00,1.599725e-01,1.901363e+00,-4.967936e-01,-4.663110e-01,-3.608257e-01,1.176321e-01,9.175128e-02,-2.843080e-01,-2.549429e-01,3.941930e-01
3.879816e+00,-3.687621e-01,1.316835e+00,-1.879921e-01,2.187513e-01,1.043323e-02,1.308164e-01,5.450088e-02,-1.990464e-02,-7.729758e-02,5.624100e-01
4.337505e+00,2.858695e-03,1.376169e+00,-5.267838e-02,1.233748e-01,1.350970e-01,6.047175e-01,1.788725e-01,-2.191249e-01,-4.988976e-01,-3.162981e-02
4.520588e+00,2.608788e-01,1.726317e+00,-4.842181e-01,-2.663185e-02,-2.965061e-01,-5.536615e-02,1.146697e-01,-2.785708e-02,-2.596878e-01,-4.942621e-02
3.811855e+00,-5.415641e-02,1.413991e+00,-3.542404e-01,-5.897077e-03,9.124445e-02,-1.178045e-01,-2.537245e-01,-1.900856e-01,-1.357831e-01,1.464771e-03
4.696407e+00,2.503674e-01,1.551070e+00,-2.208329e-01,1.044102e-01,-1.786330e-01,-2.694612e-02,3.099200e-02,1.391297e-01,-3.254558e-01,2.927392e-01
3.943199e+00,-5.690382e-02,1.589943e+00,-5.026141e-01,-7.293793e-02,-5.057609e-02,5.047627e-01,4.239428e-01,-9.443731e-02,-4.616577e-01,1.635756e-01
4.584293e+00,-3.155464e-01,1.358941e+00,-3.570759e-01,-3.237605e-01,-1.522048e-01,-3.007858e-02,-2.742124e-02,8.339848e-02,-2.955174e-01,2.500702e-01
3.560412e+00,-4.972622e-02,1.712051e+00,-3.177323e-01,1.470155e-01,-1.319231e-01,1.668011e-01,-4.031954e-02,-4.618424e-02,2.403504e-01,4.882757e-01
4.178589e+00,8.795098e-02,1.499849e+00,-1.666342e-01,6.692444e-02,1.992184e-01,2.032160e-01,-3.487989e-02,2.638376e-01,-2.110917e-01,-2.574053e-01
4.622049e+00,-2.916945e-02,1.809893e+00,-1.852264e-01,5.356943e-03,-7.734265e-02,1.242644e-01,-2.350196e-01,-2.631400e-01,-2.346312e-01,2.536183e-02
3.617089e+00,-3.118902e-01,1.211790e+00,-1.468216e-01,-1.442174e-02,-4.077019e-01,1.949975e-01,6.653364e-02,-3.077706e-01,-3.976498e-01,1.454845e-01
4.260167e+00,1.406162e-01,1.856089e+00,-1.264796e-01,-1.631837e-01,-8.562433e-02,2.590929e-01,-2.090491e-01,-1.879143e-01,-8.432961e-02,3.276415e-01
4.097869e+00,-1.528534e-01,1.530289e+00,-2.043017e-01,1.333816e-01,-1.873859e-01,7.825966e-02,3.659186e-02,-2.693618e-02,5.590996e-02,2.044330e-01
4.531767e+00,5.052048e-01,1.228837e+00,-4.691597e-01,-2.665395e-01,-6.545513e-02,2.197196e-01,2.582839e-02,-7.864291e-02,-5.824086e-01,2.528955e-01
4.100046e+00,-3.599745e-01,1.433037e+00,-2.249098e-01,1.699118e-01,-2.287132e-03,2.191773e-02,-1.161596e-01,-1.432681e-01,-6.503752e-02,1.605817e-01
4.088965e+00,-5.933195e-02,1.651864e+00,-1.397748e-01,-5.801256e-02,-7.487688e-02,1.338548e-01,-5.808189e-02,-9.942298e-02,-1.859058e-01,4.458971e-01
4.423397e+00,1.825266e-01,1.911656e+00,2.512302e-01,1.468319e-01,-3.449414e-01,8.818095e-02,-1.880207e-03,-1.882690e-01,-4.547443e-01,-6.639020e-02
3.992792e+00,-1.531439e-01,1.331462e+00,-4.762718e-01,-9.858500e-02,-1.579618e-01,-1.859720e-02,5.270905e-02,-5.778194e-02,-3.421574e-01,3.257368e-01
4.090620e+00,-7.121250e-02,1.485625e+00,-6.026887e-01,1.254035e-01,2.836305e-01,1.594793e-01,-1.134432e-01,3.227231e-02,-9.012782e-02,4.823093e-02
4.321062e+00,9.431147e-02,1.785696e+00,-3.901066e-01,-2.702065e-01,-1.653271e-01,1.611835e-01,8.901307e-02,4.338868e-02,-2.458763e-01,2.900052e-01
4.052110e+00,-4.354348e-02,1.793841e+00,1.785709e-01,3.582448e-01,-3.578369e-01,-2.148581e-01,4.104660e-02,-2.045626e-01,-3.125230e-01,2.584741e-01
4.345282e+00,-1.849968e-01,1.659562e+00,-3.311029e-01,-3.058218e-02,-4.512248e-02,-1.490187e-02,-2.307439e-01,-2.083727e-01,-1.089354e-01,2.499555e-01
4.302822e+00,-9.887539e-02,1.424621e+00,-4.125094e-01,-3.020615e-01,-2.147822e-01,2.402928e-01,8.187084e-02,-9.448077e-03,-3.769901e-01,-2.094817e-01
4.423115e+00,2.788565e-01,1.541094e+00,-1.545326e-01,3.563893e-01,1.270182e-02,1.407185e-01,6.390588e-02,-1.858129e-01,-2.025878e-01,8.189808e-02
4.075933e+00,-2.302803e-01,1.428870e+00,-2.791739e-01,-1.582969e-01,-1.285049e-01,-8.725893e-02,-5.512985e-02,1.506919e-01,1.756430e-01,2.956480e-01
3.896295e+00,-6.478430e-02,1.459973e+00,-5.483417e-01,-1.124395e-01,-2.290314e-01,4.986740e-01,2.419670e-01,9.270903e-02,-1.592067e-01,7.135396e-02
4.730133e+00,-1.918004e-01,1.091793e+00,-1.752312e-01,-1.056187e-01,-2.234085e-01,1.930304e-01,9.241168e-02,-3.126321e-02,-1.150363e-01,3.869845e-01
4.244542e+00,3.517435e-02,1.544837e+00,9.219165e-03,1.022385e-01,6.958487e-02,5.213878e-01,-1.021673e-01,-6.053319e-01,-3.009722e-01,-1.105459e-01
4.294664e+00,2.127057e-01,1.700199e+00,1.474163e-01,1.662745e-02,-5.166513e-01,-1.325822e-01,-1.809763e-01,9.315964e-04,-4.707572e-02,1.556896e-01
4.113340e+00,2.113371e-02,1.053010e+00,-6.288807e-01,-8.116500e-02,-4.144922e-02,9.465151e-02,-9.692272e-02,-2.557851e-01,-2.351407e-01,-6.481814e-02
4.475043e+00,-4.234992e-02,1.620871e+00,-1.879381e-01,1.294361e-01,-1.802622e-01,3.097030e-01,1.591320e-01,8.690109e-02,-1.851245e-01,1.358271e-01
4.082014e+00,-5.381478e-02,1.710503e+00,-1.642617e-01,-1.746083e-01,-3.776766e-01,2.838200e-01,9.757871e-02,-5.885355e-02,-1.791703e-01,3.627047e-01
3.816405e+00,-3.471856e-01,1.324212e+00,-2.662334e-01,-4.959661e-03,-2.096059e-01,1.061584e-01,2.301183e-01,9.893404e-02,2.255272e-02,3.876496e-01
4.240822e+00,2.242215e-01,1.443342e+00,-5.503286e-01,-6.609104e-02,-1.353625e-01,1.073216e-01,2.655824e-01,-1.099556e-02,-2.308482e-02,4.561087e-01
4.452990e+00,2.437556e-01,1.421319e+00,-3.932045e-01,5.391181e-02,-9.891363e-02,-9.169431e-02,-1.065987e-01,8.271589e-02,-5.478034e-01,-3.313980e-01
4.403753e+00,-5.122224e-02,1.845439e+00,-2.842492e-02,3.158602e-01,-6.516509e-03,-1.749386e-01,-5.302441e-01,-2.333745e-01,-1.630873e-01,4.772929e-01
3.648614e+00,-4.376899e-01,1.376593e+00,-3.594686e-01,-6.803560e-03,-8.699866e-02,1.325061e-02,-5.643820e-02,-2.620224e-01,-3.230392e-01,7.154035e-02
4.102240e+00,2.069162e-03,1.789389e+00,-1.413781e-01,-1.730700e-01,-3.828414e-02,1.266658e-01,1.252410e-01,2.224282e-01,-1.754391e-01,2.617280e-01
4.234392e+00,-5.732706e-02,1.629699e+00,-2.412328e-01,3.897893e-01,1.731424e-02,-1.371393e-01,-1.092514e-01,4.095358e-03,-2.340787e-01,5.863604e-02
4.029895e+00,1.144709e-01,1.508290e+00,-4.242157e-01,-1.247304e-01,1.299869e-01,3.500572e-02,-2.283260e-01,5.296944e-02,-3.248021e-01,1.952521e-01
4.071808e+00,-4.572701e-01,1.514487e+00,-3.477485e-01,2.549921e-01,2.362638e-01,3.335596e-01,1.275337e-01,4.902720e-02,-3.572554e-02,-9.852771e-02
4.541339e+00,1.896606e-01,1.629644e+00,-2.059320e-01,-1.686224e-01,-4.973371e-01,-5.574934e-02,-2.631326e-01,-2.818055e-01,-2.483758e-01,2.242714e-01
4.330596e+00,-1.978991e-02,1.692920e+00,3.534500e-02,2.278926e-01,-2.850097e-01,9.319618e-02,2.818892e-01,-1.681933e-02,-3.049521e-01,7.892558e-02
4.130692e+00,-2.718290e-01,1.232711e+00,-4.107621e-01,-1.827754e-01,-2.437225e-01,3.185710e-01,-1.221734e-01,-9.750542e-02,2.089331e-03,2.835092e-01
4.169425e+00,3.620046e-02,1.284493e+00,-5.790476e-02,1.167753e-01,-4.304383e-02,1.033332e-01,-4.368652e-01,1.357080e-01,2.235576e-01,2.220423e-01
4.301923e+00,9.586760e-02,2.020970e+00,-3.035865e-01,-4.304837e-02,-2.000811e-01,2.295155e-01,1.860219e-01,-2.041275e-01,-1.747473e-01,-4.952194e-02
4.342819e+00,-1.604936e-01,1.510721e+00,-1.004929e-01,9.526657e-03,-3.800559e-01,-6.054901e-02,1.429432e-02,-3.216282e-02,-3.650787e-01,1.476256e-01
3.829189e+00,-3.420524e-01,1.327103e+00,-4.005785e-01,3.052867e-01,3.613060e-01,5.596738e-01,1.805004e-01,-1.550352e-01,1.139894e-02,3.367909e-01
4.243709e+00,1.434330e-02,1.706018e+00,9.067718e-02,-2.044009e-02,-3.805174e-01,-4.671812e-01,-4.244163e-01,-3.503752e-01,-5.022594e-01,2.247098e-01
3.967228e+00,4.025248e-02,1.584223e+00,-6.957116e-02,4.844903e-01,3.293959e-01,3.427837e-01,1.673145e-01,1.221440e-01,-3.129769e-01,-1.529530e-02
4.421160e+00,-2.766503e-01,1.355783e+00,-6.150400e-01,-5.121606e-02,-3.798432e-03,-9.027476e-02,1.818073e-01,3.693475e-01,8.130182e-02,1.274158e-02
3.883294e+00,2.661139e-02,1.737761e+00,-4.722402e-01,-3.078557e-01,-2.753178e-01,1.289010e-01,1.525346e-01,8.107400e-03,-3.465590e-01,2.172855e-01
4.377333e+00,-1.120745e-01,1.590085e+00,-8.385457e-02,9.205117e-02,-2.887677e-02,4.836579e-02,-6.824362e-03,-4.541772e-02,-1.858366e-01,2.355509e-01
4.262373e+00,-4.461805e-02,1.601647e+00,-1.790488e-01,-1.859751e-01,-6.450540e-02,8.178491e-02,-8.932032e-02,-1.546895e-01,-4.100967e-01,-4.779066e-02
4.028100e+00,-6.255727e-02,1.541117e+00,-3.558920e-01,-1.201707e-01,-3.130260e-01,1.698857e-01,3.420207e-01,5.614395e-01,3.777108e-02,4.978240e-02
4.271200e+00,1.479500e-02,1.566135e+00,-5.642404e-01,4.494395e-02,-2.176157e-02,-2.259277e-01,-3.993073e-01,-3.831618e-01,-3.452050e-01,2.114352e-01
4.532932e+00,-1.562806e-01,1.281304e+00,1.426470e-01,1.658957e-01,-1.393614e-01,3.132518e-01,-8.892658e-02,6.722617e-02,-1.773535e-01,-4.049013e-02
4.330308e+00,6.023524e-02,1.385095e+00,-1.497753e-01,-3.233388e-01,-2.075879e-01,4.983662e-01,3.596351e-01,3.161619e-02,-1.416797e-01,1.509542e-01
3.995740e+00,-8.816398e-02,1.289946e+00,-4.649741e-01,-1.445114e-01,-3.650307e-01,-5.942054e-02,-5.533974e-02,-1.854339e-01,-5.224566e-03,1.614669e-01
4.583878e+00,2.304635e-01,1.463083e+00,1.249617e-01,9.022318e-02,-1.907191e-01,1.574851e-01,-1.674137e-01,4.070749e-02,-8.848972e-02,2.632816e-01
4.350249e+00,2.023958e-01,1.440795e+00,-1.432369e-01,1.930832e-01,-4.026152e-01,7.275643e-02,-1.309192e-01,-2.263969e-01,-1.982454e-01,-3.519352e-01
4.448080e+00,-7.815120e-02,1.036729e+00,-4.265999e-01,-1.052505e-01,-9.869165e-02,5.007717e-01,1.852547e-01,-1.229319e-01,1.417339e-01,5.481084e-01
4.079897e+00,-2.824456e-01,1.233498e+00,-3.592232e-04,6.195766e-02,-3.957523e-01,4.334624e-02,-1.035202e-01,-6.328056e-02,-2.773587e-01,-2.594430e-02
3.991697e+00,6.373349e-02,1.840420e+00,-2.153825e-02,-5.053720e-02,-3.271248e-01,7.116949e-03,1.684775e-02,-2.611622e-02,-2.108422e-01,3.728390e-01
4.331045e+00,-3.069874e-01,1.590869e+00,1.023053e-02,3.696289e-01,7.652195e-02,2.360083e-01,1.473972e-01,1.937632e-01,-2.086905e-01,1.612647e-01
4.121747e+00,6.810973e-02,1.504230e+00,-6.518335e-01,-2.592368e-01,-2.415210e-01,-3.781673e-02,-2.918595e-01,-1.365371e-02,-2.609879e-01,-5.739576e-02
4.249804e+00,-2.183570e-01,1.830550e+00,-7.764242e-02,-9.580071e-02,1.922700e-01,1.267990e-01,-1.012816e-01,1.354553e-01,-2.986951e-01,-1.387947e-01
4.210744e+00,4.288183e-02,1.887901e+00,-4.491172e-02,1.227274e-01,-3.673757e-01,-2.412208e-01,-2.784756e-01,-2.199178e-01,-2.456849e-01,2.968171e-01
4.185617e+00,-3.134672e-01,1.485675e+00,-2.470034e-01,3.022902e-02,-9.617746e-02,1.191728e-01,2.727398e-01,3.170193e-01,-3.925726e-01,2.779146e-01
4.002841e+00,-2.408255e-01,1.498584e+00,-4.785297e-01,-8.608666e-03,1.165251e-01,1.782992e-01,-2.645837e-01,-1.488244e-01,-9.926621e-02,2.288734e-01
4.214648e+00,-1.105406e-01,1.153199e+00,-4.244450e-01,3.155978e-02,-1.765971e-01,-1.515395e-01,-3.008978e-02,3.496865e-01,1.004514e-01,4.043883e-01
4.104410e+00,1.238867e-01,1.889332e+00,-1.938823e-01,3.301859e-01,1.604961e-01,2.141065e-01,5.724898e-01,8.776265e-02,-2.940372e-01,-1.885849e-01
4.127896e+00,-1.325177e-01,1.515413e+00,-1.076290e-01,-8.665510e-02,-3.403120e-01,-1.454048e-01,-2.683964e-01,-8.327715e-02,-3.229971e-01,1.740505e-01
4.139857e+00,1.376945e-02,1.447063e+00,-2.347447e-01,1.489522e-01,-1.117453e-02,2.505829e-01,-1.102741e-01,-5.694021e-01,-2.818398e-01,2.003557e-01
4.573402e+00,-1.623299e-01,1.527579e+00,-6.172340e-02,-6.102931e-02,-4.227553e-01,4.126996e-02,5.620255e-02,-8.421708e-02,-3.107817e-01,-8.143362e-02
4.055200e+00,1.429466e-01,1.523433e+00,3.406036e-02,1.811192e-01,-3.777882e-02,3.935168e-01,-1.897255e-01,9.764959e-02,2.668302e-02,2.161801e-02
4.149350e+00,-3.220581e-02,1.590421e+00,-7.825782e-03,2.719169e-01,-1.968954e-01,-3.654313e-01,-3.129137e-01,-2.098338e-01,3.040198e-01,2.204829e-01
4.284686e+00,6.453380e-02,1.224986e+00,-3.537111e-01,-3.976017e-01,-4.577280e-01,2.779585e-01,1.362272e-01,-2.915515e-02,-3.294873e-01,6.459274e-02
4.470469e+00,-7.904665e-02,1.524483e+00,-5.738261e-02,5.985251e-02,-1.933648e-01,3.343824e-01,2.986563e-01,7.179703e-02,-1.929420e-01,-2.231837e-02
4.235776e+00,-2.292426e-01,1.622789e+00,-1.497385e-01,-1.463259e-01,-5.237141e-02,1.277676e-01,-4.170566e-03,1.119191e-01,-2.763406e-01,1.228213e-01
4.058746e+00,4.781793e-01,1.641260e+00,-4.082951e-01,3.959450e-02,-5.275658e-01,-2.448873e-01,-2.012774e-02,1.080972e-01,-1.085090e-01,6.354419e-03
4.346097e+00,-1.613340e-02,1.356392e+00,-5.073553e-01,-1.666825e-01,2.987852e-01,6.162554e-03,-1.755568e-01,1.131190e-01,-1.134320e-01,4.062520e-02
4.092525e+00,-3.799000e-01,1.365913e+00,-9.973279e-02,2.300022e-01,7.724046e-02,3.319441e-01,2.618250e-01,-6.647026e-03,-2.119377e-01,-5.198501e-02
4.231812e+00,2.784328e-01,1.945047e+00,1.647277e-02,-3.477382e-02,-4.152500e-01,1.040758e-02,-1.336696e-01,-2.226506e-01,-2.839107e-01,3.329739e-01
3.946652e+00,-4.090385e-01,1.376632e+00,-4.171044e-01,-1.016029e-01,-2.400141e-01,-9.411512e-02,-1.286474e-01,1.332148e-02,-3.487951e-01,-1.555947e-01
4.453396e+00,2.650467e-01,1.766450e+00,-4.551538e-01,-6.042638e-02,-1.315711e-01,8.029645e-02,2.143102e-01,8.949669e-02,-2.290409e-01,1.226538e-01
4.132403e+00,5.472496e-02,1.299199e+00,-2.333941e-01,3.119400e-01,4.427776e-02,2.698369e-01,5.104519e-01,1.116830e-01,-3.691142e-01,-3.620088e-02
4.104890e+00,1.684375e-03,1.583671e+00,-2.869735e-01,-1.799360e-01,-1.883064e-01,-8.459737e-02,-3.648934e-01,-1.725961e-01,3.412573e-02,5.063512e-01
4.129939e+00,-3.798085e-01,1.508955e+00,-4.427509e-03,1.475428e-01,-4.180480e-01,3.370507e-02,2.760096e-01,1.981765e-01,-2.067971e-01,5.914941e-02
4.382502e+00,3.486188e-02,1.427265e+00,-3.452632e-01,-2.123008e-02,-3.355232e-01,4.473160e-01,4.745522e-01,-1.209990e-01,-2.750900e-01,2.170006e-01
4.683726e+00,1.107057e-01,1.479235e+00,7.917193e-02,2.777778e-01,-2.326721e-01,1.291566e-02,-3.631511e-01,-1.063096e-01,-1.316566e-01,8.291515e-02
3.711772e+00,-1.071664e-01,1.350653e+00,-4.602141e-01,2.160507e-03,4.455541e-02,3.577139e-02,-3.916173e-01,-2.635659e-01,-1.372057e-01,-1.847508e-01
4.443494e+00,1.931905e-01,1.715437e+00,7.546802e-02,-1.270149e-01,-3.737872e-01,-1.169888e-01,8.754659e-02,1.793759e-01,-1.694703e-01,-5.340705e-02
4.369304e+00,-9.831145e-02,1.418249e+00,-3.553298e-02,2.817534e-01,-3.668153e-01,3.958556e-01,1.624644e-01,-9.836181e-02,-1.154298e-01,1.189179e-01
4.260774e+00,-2.429875e-01,1.547793e+00,-2.492590e-01,-1.766737e-01,-1.325251e-01,-3.812261e-02,-3.138020e-02,-2.401921e-02,-1.461797e-01,1.000312e-01
3.996714e+00,-1.612765e-01,1.486689e+00,-3.228303e-01,1.498873e-01,-8.725474e-03,1.888947e-01,-1.614136e-01,-3.804006e-01,-2.515141e-01,1.882725e-01
4.144355e+00,-7.868675e-02,1.248426e+00,-1.477057e-02,1.267758e-01,-1.759586e-01,-2.645693e-02,-1.808270e-01,3.797037e-01,5.599010e-02,-3.833712e-02
4.337415e+00,3.321288e-01,2.107077e+00,5.625340e-02,-1.905386e-01,-5.033409e-02,-2.294483e-02,6.886451e-02,-4.212769e-02,-3.435235e-01,-2.040924e-01
4.038211e+00,-2.511543e-01,1.557365e+00,-5.925895e-01,-6.736529e-03,-2.898281e-01,7.169460e-02,2.699210e-02,7.027974e-02,-2.347030e-01,7.019325e-02
4.343415e+00,7.696833e-03,1.499739e+00,-6.620737e-02,-9.336415e-02,-2.257884e-01,2.073807e-01,-6.582444e-03,-2.295588e-01,-3.605565e-01,3.761181e-01
4.017181e+00,-6.474992e-02,1.920292e+00,-8.349791e-02,-9.774761e-02,-2.181110e-01,-2.032002e-03,1.964152e-01,1.477395e-01,-2.327312e-01,-2.898657e-02
4.024452e+00,3.499250e-01,1.616969e+00,-1.310216e-01,1.605071e-01,-7.439715e-02,-2.110793e-01,-7.372349e-03,6.094996e-02,-4.298513e-01,3.548675e-01
4.426257e+00,-6.149856e-02,1.291354e+00,-2.996792e-01,5.965867e-02,-9.208555e-02,-1.831907e-01,-7.852876e-02,-8.617731e-02,-1.861627e-01,-4.917961e-03
3.847472e+00,-3.456871e-01,1.585141e+00,-3.558353e-01,-9.230783e-02,-1.024917e-01,4.476766e-01,2.047808e-01,-4.714644e-03,-3.388584e-01,2.579607e-01
4.276642e+00,3.936833e-02,1.852630e+00,2.608860e-01,2.995729e-01,-1.723938e-01,-6.821043e-02,-5.333390e-02,-3.059164e-02,-3.245892e-01,8.061515e-02
4.410474e+00,1.093706e-01,1.406788e+00,-4.234855e-01,-2.932403e-01,-1.996275e-01,1.798545e-01,-1.290330e-02,2.137833e-01,-1.489188e-01,-9.308194e-03
4.039422e+00,2.278749e-01,1.343016e+00,-3.361495e-01,-2.182173e-01,-4.173056e-01,1.096567e-01,3.594197e-01,1.584666e-01,-2.360525e-01,-1.678111e-01
4.314349e+00,-1.287219e-01,1.425448e+00,-3.839669e-01,-2.059128e-02,3.657396e-02,3.342297e-02,9.673277e-02,3.369290e-02,-3.863894e-03,3.148140e-01
4.130240e+00,-3.031082e-01,1.494674e+00,3.017781e-01,5.587747e-01,-1.112139e-01,2.525895e-01,-4.536351e-02,-1.803189e-01,-3.240613e-01,-1.457104e-01
4.578902e+00,4.441820e-01,1.735216e+00,-2.780637e-01,-4.188458e-01,-5.284867e-01,2.869601e-01,-8.923449e-03,-1.304921e-01,1.410128e-03,-8.286638e-02
3.915444e+00,-6.117308e-01,1.082667e+00,-7.989130e-02,-2.607650e-02,-1.602323e-01,2.078121e-01,1.452081e-01,1.459665e-01,-3.181079e-01,-2.276991e-01
4.201036e+00,2.639051e-01,1.860545e+00,1.920729e-03,1.478449e-01,-5.537076e-02,8.663715e-02,-9.746303e-02,-2.145154e-01,-9.453305e-02,1.079089e-01
4.544054e+00,7.880651e-02,1.404851e+00,-1.807187e-01,-1.790702e-01,-1.969899e-01,1.637286e-01,1.376420e-02,1.045020e-01,-2.794019e-02,-8.736282e-02
3.933073e+00,-1.861208e-01,1.456283e+00,-7.521240e-01,-2.331162e-01,-1.831224e-01,1.855387e-01,9.256131e-02,1.010511e-01,8.446228e-02,8.497303e-02
4.138606e+00,-3.388400e-01,1.406063e+00,-2.723297e-01,-3.187449e-02,-4.525409e-01,9.910189e-02,5.665123e-01,4.587719e-01,-3.506686e-02,5.128424e-01
4.220740e+00,8.028841e-02,1.715252e+00,1.287049e-01,2.304577e-02,-2.511677e-01,3.379840e-02,-2.982023e-01,-3.719265e-01,-3.486989e-01,1.972025e-01
4.532342e+00,1.820558e-01,1.421712e+00,-2.619668e-01,1.549222e-01,-1.333986e-01,-1.395451e-01,1.084380e-02,-1.936458e-01,-3.148044e-01,2.342275e-01
3.806787e+00,-1.208482e-01,1.293141e+00,-4.178182e-01,-2.594919e-02,9.748933e-02,1.885193e-01,-5.375198e-02,-1.330990e-02,-3.250864e-01,-1.048604e-01
4.183916e+00,2.998115e-03,1.801289e+00,1.377552e-01,9.325354e-02,-2.383277e-01,3.385755e-02,1.633644e-01,1.414382e-01,-1.805718e-01,-1.174807e-01
4.216322e+00,-1.831574e-02,1.677540e+00,-7.819569e-02,2.547972e-01,-2.958068e-01,1.353144e-01,4.436762e-03,-1.787950e-01,-2.037388e-01,5.697627e-01
3.971993e+00,-2.206151e-01,1.459534e+00,-3.408690e-01,-2.205781e-01,-1.822930e-01,1.206204e-01,-7.268823e-04,6.055667e-02,-1.163017e-01,1.513327e-01
3.926977e+00,-2.669371e-01,1.241627e+00,-2.436361e-01,-6.650337e-02,1.476475e-01,3.779447e-01,2.907220e-01,9.203882e-02,-1.671592e-01,2.731270e-01
4.349122e+00,1.995852e-01,1.610706e+00,-1.462653e-01,1.846920e-01,-4.523032e-01,-5.195920e-01,-3.593264e-01,2.307036e-01,-1.348169e-01,-1.560066e-01
4.463698e+00,4.318716e-01,1.930059e+00,-1.939542e-01,-1.484926e-01,4.034452e-02,1.546597e-01,-8.728482e-02,-4.400419e-02,-4.387598e-01,-1.825786e-01
3.946911e+00,-4.304281e-01,1.506502e+00,-1.777585e-01,1.316745e-01,-4.256759e-01,8.196132e-03,-1.408746e-01,-4.421255e-02,-3.737633e-02,2.418593e-01
4.148478e+00,-3.618794e-02,1.369266e+00,-2.892983e-02,-7.660550e-02,-1.748352e-01,3.371832e-01,1.364016e-01,-4.923017e-02,-1.335806e-01,2.441989e-01
4.115059e+00,1.115648e-01,1.916344e+00,-2.552199e-01,-2.617315e-01,-4.545084e-01,1.321290e-01,5.776728e-01,4.829762e-01,-1.389792e-01,-3.443125e-01
4.258804e+00,1.919042e-01,1.471813e+00,-3.147958e-01,-1.172940e-02,-1.834655e-01,-6.426610e-03,-3.319435e-01,2.615063e-02,-7.035379e-03,3.078030e-02
3.869678e+00,-3.950986e-01,1.499582e+00,-1.402822e-01,3.416281e-01,1.102138e-01,1.616805e-01,-7.820978e-02,-8.314776e-02,-5.221046e-02,6.526681e-02
4.360639e+00,6.818462e-02,1.716648e+00,-4.251698e-01,-1.672941e-01,-4.634864e-01,2.703382e-02,-6.680022e-02,-4.175583e-01,-4.627428e-01,1.459342e-01
4.308625e+00,-1.017458e-01,1.527398e+00,3.246162e-01,2.014797e-01,6.721476e-02,2.609800e-01,2.097251e-01,4.106176e-02,-4.672832e-01,-2.357130e-01
4.047295e+00,6.648167e-02,1.603838e+00,-4.813214e-01,-2.081299e-01,-1.922266e-01,3.511022e-02,1.350474e-01,5.268940e-02,4.143631e-02,5.183088e-01
3.968954e+00,-1.822555e-01,1.519703e+00,-3.462775e-01,-6.493053e-02,-1.202071e-01,-2.851677e-02,1.397029e-01,2.477027e-01,-2.920014e-01,1.011679e-02
4.437221e+00,-2.377582e-02,1.478242e+00,-4.933410e-01,-1.468447e-01,7.317643e-02,2.645064e-01,1.202717e-01,1.694089e-01,-3.003104e-02,1.453648e-01
4.345821e+00,-7.742886e-02,1.516716e+00,-3.091520e-01,-3.616309e-02,-1.848778e-01,-3.325617e-02,1.049156e-01,-1.357566e-02,-5.268957e-01,-2.689230e-02
3.831276e+00,6.000490e-02,1.850217e+00,-1.552021e-01,-1.286405e-01,-3.335838e-01,1.519115e-01,2.953401e-01,3.067645e-01,-1.101537e-01,2.309315e-01
4.314487e+00,-3.343683e-01,1.521009e+00,-1.550483e-02,-3.501788e-02,-2.372576e-01,-2.749016e-01,-3.213967e-01,-8.365989e-02,-3.475633e-01,-9.580088e-02
4.379211e+00,3.148103e-01,1.540933e+00,-4.097649e-01,4.513863e-02,1.117249e-01,2.419501e-01,1.959911e-01,-1.883996e-01,-3.614259e-01,5.547197e-02
4.204748e+00,4.071962e-02,1.441449e+00,-5.643587e-01,9.080273e-02,-1.434150e-01,6.669703e-02,1.777844e-01,3.255298e-01,2.199599e-01,1.591567e-01
3.741261e+00,-3.304965e-01,1.543066e+00,-3.502114e-01,-1.305461e-01,-2.562185e-01,-4.079359e-02,-3.229068e-01,-6.326933e-02,-1.551473e-01,9.143299e-02
4.228620e+00,9.173573e-02,1.448793e+00,3.164808e-03,1.985946e-02,-5.049608e-01,2.199056e-01,4.245186e-01,2.256080e-01,-1.077670e-01,1.881508e-01
4.564370e+00,4.149538e-03,1.473665e+00,-2.502596e-01,-2.065948e-01,-1.204582e-01,1.312519e-01,3.772035e-02,-4.398733e-01,-2.748596e-01,-1.577065e-01
4.105365e+00,-1.933534e-01,1.109687e+00,-2.492072e-01,2.059113e-01,1.320071e-01,5.485086e-01,2.010876e-01,2.420012e-01,3.680179e-01,3.712608e-02
3.924874e+00,1.753572e-01,1.744242e+00,-6.040893e-02,1.813316e-01,-3.562530e-01,-7.500616e-02,-2.740169e-01,-1.727793e-01,-2.836574e-01,1.226595e-01
4.488952e+00,1.008989e-01,1.485056e+00,-5.635232e-02,8.310619e-02,-4.436632e-01,-5.957137e-02,2.112040e-01,-5.383953e-02,-2.598003e-01,-5.206702e-02
4.206548e+00,1.487968e-02,1.587869e+00,8.434944e-03,-4.611637e-02,1.007543e-02,5.414634e-01,-4.327051e-02,-1.539661e-01,-9.849426e-02,4.465713e-01
4.040063e+00,-1.919797e-01,1.376906e+00,-2.391748e-01,-1.813936e-01,-5.129355e-01,-1.012390e-01,9.113232e-02,-3.922578e-01,-3.508032e-01,5.780943e-02
4.071439e+00,-8.581844e-02,1.717024e+00,-9.595248e-02,2.179254e-01,-2.808483e-02,9.406106e-02,2.105081e-01,-2.196152e-02,-2.847542e-01,3.288979e-01
4.587095e+00,7.335586e-02,1.755215e+00,-2.475950e-01,1.302954e-01,-4.576045e-01,-1.388557e-01,-4.299545e-01,1.942652e-01,-1.504794e-01,-1.811150e-01
4.147447e+00,1.483424e-01,1.700287e+00,-3.336841e-01,-2.572642e-01,6.418282e-02,4.935728e-01,1.922500e-01,-1.572684e-02,-1.422941e-01,1.132614e-01
3.945111e+00,-5.484311e-01,1.286541e+00,-2.459096e-01,3.040563e-01,-1.557908e-01,9.958023e-02,2.141159e-01,-2.987440e-02,-3.245532e-01,2.082463e-01
4.273381e+00,-8.961751e-03,1.667094e+00,-3.932318e-01,-8.970370e-02,-3.125284e-01,-2.923076e-02,-1.016748e-02,-2.779153e-01,-1.635713e-01,3.567816e-01
3.841481e+00,1.669033e-02,2.189605e+00,2.023621e-01,1.496573e-01,-5.321501e-02,1.270285e-01,3.482300e-01,4.080807e-01,-4.071081e-01,-1.606060e-01
4.250032e+00,2.421549e-01,1.366002e+00,-7.503213e-01,1.254232e-01,-1.842925e-01,-1.429257e-01,-2.034006e-01,-1.913280e-01,-1.807649e-01,2.085350e-01
4.094166e+00,-2.185933e-01,1.433361e+00,-2.179574e-01,3.241749e-02,1.636114e-01,4.847423e-02,-1.689990e-02,3.580704e-02,-2.660046e-01,-4.344139e-02
4.429842e+00,1.312650e-01,1.725009e+00,-2.211473e-01,-1.765789e-01,-3.626182e-01,1.354533e-01,-9.545147e-02,-2.444729e-01,-4.050974e-01,-5.794493e-02
3.950362e+00,-1.343807e-01,1.805042e+00,3.341003e-01,4.970450e-01,-2.793669e-02,-2.210382e-01,-1.593105e-02,-8.618347e-02,-1.928580e-01,2.762571e-01
4.148870e+00,-8.423659e-02,1.436919e+00,-4.125100e-01,-2.805942e-01,-1.164885e-01,5.190007e-01,1.098848e-01,2.642872e-02,1.183782e-01,1.724815e-01
4.374290e+00,-3.156967e-02,1.068081e+00,-1.562003e-01,-4.222448e-01,-5.441920e-01,2.818670e-01,-1.937373e-01,2.138940e-01,-1.262089e-01,-3.834759e-01
4.217392e+00,3.590059e-01,1.545940e+00,-1.274033e-01,2.996389e-01,-5.100371e-02,2.577513e-01,1.946588e-01,-1.368112e-01,-3.740571e-02,4.326429e-01
4.335044e+00,4.143383e-02,1.593624e+00,-2.640381e-01,-8.897566e-02,-1.784414e-01,-4.340172e-04,-4.998224e-02,1.309447e-01,-2.809188e-01,-7.606573e-02
4.203191e+00,8.346280e-02,1.517417e+00,-2.785482e-01,-3.260356e-01,-4.513502e-01,1.181918e-01,2.046981e-01,1.306717e-02,-1.917625e-01,1.425868e-01
4.630964e+00,-2.846613e-01,1.373786e+00,-2.988245e-01,2.179240e-02,-2.319306e-01,2.339422e-02,1.377152e-01,-2.028575e-01,-2.207258e-01,2.946029e-02
4.053016e+00,1.531680e-01,1.710461e+00,-2.025409e-01,2.414852e-01,2.007341e-01,2.110494e-01,-3.227348e-01,-1.908226e-01,-3.293151e-01,3.427437e-01
4.119688e+00,1.235618e-01,1.604381e+00,-3.361271e-01,1.146111e-01,-2.074674e-01,-2.107905e-02,8.096740e-02,2.082438e-01,3.366952e-02,-3.233113e-02
3.995799e+00,-2.840484e-01,1.285114e+00,-6.009048e-01,-3.731132e-01,-1.397027e-01,-6.335207e-02,-5.106996e-02,-1.396027e-01,-5.000776e-01,4.148146e-02
4.355638e+00,1.093340e-02,1.697364e+00,-6.259218e-02,5.495500e-03,-3.983167e-01,1.366954e-01,3.782773e-01,-4.465709e-02,-2.006295e-01,1.868038e-01
4.195436e+00,-2.128282e-01,1.910577e+00,-8.520917e-02,1.008075e-01,2.903945e-01,1.158558e-01,-1.065557e-01,-3.240124e-01,-2.378645e-01,1.662352e-01
4.227988e+00,-4.085888e-02,1.275720e+00,-5.256189e-01,2.511069e-02,-2.288278e-01,-1.592174e-01,-1.114291e-01,1.616656e-01,-3.153730e-02,2.876108e-01
4.081781e+00,1.842536e-01,1.809101e+00,-6.232627e-01,-3.709410e-02,-1.526325e-01,3.876218e-02,1.973401e-01,3.657464e-01,-3.617309e-01,-1.788173e-01
4.353291e+00,-1.906594e-01,1.431794e+00,-1.908579e-02,-1.359914e-01,-1.567386e-01,5.077089e-02,-8.817723e-02,9.880459e-02,-1.363449e-02,-3.804132e-02
4.403672e+00,2.261945e-01,1.705806e+00,-1.565622e-01,9.327400e-02,5.834579e-02,3.160062e-01,-3.463338e-01,-3.911354e-01,-1.840773e-01,3.900392e-01
3.992347e+00,-4.247258e-01,1.463528e+00,-3.838568e-01,-3.836880e-02,-5.116259e-01,3.254024e-02,2.294366e-01,-2.252031e-01,-5.789324e-01,-1.968857e-01
4.492631e+00,2.761470e-01,1.603031e+00,-8.955560e-02,-1.961225e-01,-1.914333e-01,2.950324e-01,-3.132664e-01,8.965273e-02,-2.013991e-01,-1.408892e-02
4.216601e+00,1.389451e-01,1.301217e+00,4.251020e-02,6.437692e-01,3.277554e-02,2.552740e-01,4.030517e-02,3.713096e-02,1.879393e-02,1.057807e-03
4.157351e+00,9.395432e-02,1.378254e+00,-2.232851e-01,-1.441628e-01,-3.941252e-01,2.130785e-01,6.889320e-04,-2.755914e-01,1.455217e-01,4.988534e-01
4.365276e+00,-4.680414e-01,1.165058e+00,1.991485e-02,8.791125e-02,-2.208589e-01,3.253517e-01,-6.679113e-02,-2.140534e-01,-3.614006e-01,6.173766e-02
4.152576e+00,-4.637080e-02,1.495844e+00,-4.195766e-01,7.333653e-03,-4.133251e-01,5.603719e-02,1.271096e-01,-2.667734e-01,1.390935e-01,5.360190e-01
4.284018e+00,3.809174e-01,1.838539e+00,-3.482711e-02,-1.310649e-01,-1.470318e-01,3.082570e-01,1.209176e-01,1.422231e-01,-3.653475e-01,-2.636075e-01
4.121556e+00,1.316566e-01,1.390287e+00,-4.459879e-01,8.542912e-03,-1.688547e-01,1.837071e-01,-2.207767e-01,-2.443715e-01,-1.415351e-02,1.195867e-01
4.169266e+00,-7.249552e-02,1.609621e+00,4.653392e-03,1.229129e-01,-1.058265e-01,-2.570004e-01,-1.715145e-01,-1.317348e-01,-2.727952e-01,1.112237e-01
4.214601e+00,6.394386e-02,1.823438e+00,-2.948096e-01,4.244373e-02,-1.171270e-01,2.991142e-01,4.401620e-01,-4.144159e-02,-3.666194e-01,1.139038e-02
3.999538e+00,-3.324289e-01,1.593872e+00,-3.431178e-01,5.123340e-02,-7.585550e-02,-5.193505e-02,8.218896e-02,2.497698e-01,8.360808e-02,3.936026e-01
4.160288e+00,-7.808496e-02,1.517057e+00,-2.341926e-01,-1.470553e-01,-6.857641e-02,4.259208e-02,-2.209081e-01,-2.239909e-01,-4.570276e-01,2.572104e-01
3.713360e+00,-2.662948e-01,1.371126e+00,-3.662681e-01,5.023392e-02,-2.375071e-01,-5.945383e-02,-1.806402e-01,2.396038e-01,-1.092280e-02,2.217429e-01
4.466484e+00,3.478517e-01,1.660822e+00,-3.348216e-01,-1.069602e-01,4.386333e-01,2.367852e-01,-3.089518e-02,-9.868376e-02,-3.104030e-01,2.002514e-01
4.376096e+00,-7.367378e-02,1.666198e+00,-4.000809e-01,-1.556057e-01,-2.095157e-01,2.052615e-02,1.498898e-01,2.046118e-01,-2.000395e-01,-1.396976e-01
4.100601e+00,1.377048e-02,1.611977e+00,-1.225625e-01,-1.876185e-01,-4.250961e-01,1.598191e-01,-6.514840e-02,-2.664851e-01,-3.764723e-01,4.961568e-01
4.454160e+00,-1.444071e-01,1.353023e+00,-1.585257e-01,1.156622e-01,-6.760328e-02,1.267076e-01,6.084363e-02,-1.021305e-01,-4.533306e-02,2.060795e-01
3.950393e+00,-5.603558e-04,1.077651e+00,-2.657336e-01,2.275247e-01,4.268968e-01,6.402668e-01,1.748290e-01,1.260437e-01,-4.015332e-01,-5.723128e-02
4.465566e+00,3.021324e-01,1.544171e+00,-3.371269e-01,-6.803021e-02,-4.516501e-01,-1.968918e-01,1.226416e-01,9.605924e-03,-1.379740e-01,-1.478561e-02
3.609641e+00,-4.410142e-01,1.488561e+00,6.256225e-02,9.889250e-02,-1.453581e-01,2.050057e-01,-2.861003e-01,-5.749822e-01,1.451734e-02,3.154142e-01
4.529430e+00,1.849065e-01,1.490398e+00,-6.271559e-02,1.198149e-01,-3.553211e-01,3.295236e-01,1.956599e-01,-5.524144e-02,-2.876792e-01,5.756442e-02
4.502677e+00,1.828743e-01,1.752125e+00,-5.083892e-01,-2.339900e-01,-7.486260e-02,3.658211e-01,9.642809e-02,-2.290198e-01,-1.602612e-01,7.692252e-02
4.039426e+00,-2.481622e-01,1.157993e+00,-4.469077e-01,-1.303401e-02,-3.569070e-01,1.331379e-02,-7.280393e-02,9.187334e-02,-2.757100e-02,2.040730e-02
3.977073e+00,1.498204e-01,1.968402e+00,-5.610184e-02,3.428033e-02,-2.816200e-01,-1.451931e-01,-1.500943e-01,9.818077e-02,-2.857095e-02,3.524456e-01
4.352391e+00,-3.517037e-01,1.483469e+00,-3.741491e-01,3.243529e-02,1.643401e-01,1.340476e-01,5.925798e-02,-2.224497e-02,-1.180135e-01,4.558750e-02
4.685986e+00,1.458237e-01,1.480746e+00,-3.989246e-01,-6.099224e-02,-2.027175e-01,2.203450e-01,-8.974465e-02,-3.541044e-01,-3.162110e-01,3.453703e-01
3.869610e+00,-5.374331e-01,1.486837e+00,7.964119e-02,2.550648e-02,-9.736103e-02,8.447102e-03,1.483456e-01,9.708906e-02,-6.324944e-01,-1.153620e-02
4.051351e+00,2.400136e-01,1.984233e+00,-4.148785e-01,-5.749365e-03,5.579230e-02,2.094178e-01,-1.037724e-01,-5.660402e-02,-2.518076e-01,2.690902e-01
4.522934e+00,1.793928e-01,1.612333e+00,-2.067594e-01,2.133850e-01,9.969607e-02,-3.553047e-02,-2.244695e-01,-9.711231e-02,-3.055251e-02,1.358931e-01
3.980920e+00,-2.010637e-01,1.359041e+00,-5.519670e-01,-3.701396e-01,-8.020962e-02,2.645183e-01,1.364516e-01,-1.442778e-01,-1.289013e-01,1.845781e-01
3.938488e+00,-2.859351e-01,1.456348e+00,-1.115771e-01,2.566483e-01,-7.292734e-02,7.789415e-02,1.171145e-02,-7.151262e-02,-3.991660e-01,2.958515e-01
4.176867e+00,-5.384954e-03,1.733875e+00,-1.920770e-01,4.522273e-02,-4.090802e-01,-6.737428e-02,-3.719246e-02,-3.194936e-01,-8.428480e-02,4.063431e-01
4.397748e+00,4.708513e-01,1.571589e+00,2.687247e-02,5.735750e-02,-4.228158e-01,2.190892e-01,5.463878e-02,-2.925505e-01,-3.394087e-01,-1.823152e-02
4.295838e+00,1.577367e-01,1.327123e+00,-5.337591e-01,-1.081951e-01,-5.050136e-02,1.310278e-01,-8.060858e-02,-3.302800e-01,-1.134494e-01,3.137892e-01
4.271609e+00,-1.296120e-01,1.268858e+00,-2.790798e-01,2.300918e-01,-9.735864e-02,2.672280e-01,2.628258e-01,7.102696e-02,7.692597e-03,1.222475e-02
4.243049e+00,6.004527e-01,1.883181e+00,-1.221637e-01,-1.769371e-01,-3.953664e-01,3.461639e-01,8.196048e-02,-1.339543e-01,-1.943272e-01,1.854638e-01
3.965302e+00,-3.943998e-01,1.544149e+00,-1.056560e-01,9.174854e-02,-2.875855e-01,1.366889e-02,-1.797064e-01,-9.705619e-02,-7.989496e-02,2.721514e-01
4.043994e+00,-2.501205e-01,1.380796e+00,-1.861356e-01,7.654672e-03,4.761585e-02,2.461581e-01,-1.382683e-01,-2.207658e-01,-2.953767e-01,1.753717e-01
4.496917e+00,2.375774e-01,1.143371e+00,-4.113065e-01,-3.725800e-02,-2.888162e-01,1.030379e-01,-7.904932e-02,-1.027946e-01,-3.096202e-01,-1.658672e-01
4.294660e+00,2.938295e-01,1.784158e+00,4.498034e-02,2.751894e-01,4.377863e-01,1.757589e-01,-4.110346e-01,-2.429420e-01,-4.114111e-01,2.294966e-02
4.235150e+00,-2.195911e-01,1.866542e+00,-2.482457e-01,-2.080695e-01,-2.762799e-01,-1.448057e-01,4.384480e-02,-2.811212e-02,-1.417471e-01,2.094708e-01
3.978832e+00,-6.409935e-02,1.289779e+00,-3.395378e-01,-2.554170e-01,-1.918836e-01,7.081521e-01,4.411742e-01,6.040861e-03,-4.379445e-01,2.444986e-01
4.357036e+00,-1.320954e-01,1.512850e+00,-3.478574e-01,-7.310248e-02,-9.031600e-03,1.276295e-01,1.436005e-01,1.044884e-01,7.476833e-02,1.743597e-01
4.103201e+00,1.107516e-01,1.776951e+00,-6.044315e-01,1.854107e-04,2.129585e-01,-5.048956e-02,-2.003526e-01,-1.291370e-01,-3.279874e-01,3.579984e-02
4.104560e+00,1.503521e-01,1.705528e+00,-2.040147e-01,-6.844277e-02,-3.692729e-01,-1.496054e-01,4.890142e-02,2.113522e-01,-1.178223e-01,1.721188e-01
4.347143e+00,-1.715131e-01,1.490007e+00,-6.459981e-01,-8.849349e-02,-1.285887e-01,8.853642e-02,2.025648e-01,-4.214805e-01,-2.734512e-01,1.163831e-01
4.411437e+00,1.515432e-02,1.673132e+00,-9.853697e-02,7.416787e-02,1.083557e-01,3.116917e-01,-7.879068e-02,-1.476486e-01,-5.775537e-01,1.945788e-01
4.250033e+00,4.011404e-01,1.939748e+00,-1.812608e-01,2.499397e-02,-3.394602e-01,2.576923e-02,-7.878881e-02,-4.754286e-01,-1.755921e-01,5.195740e-01
3.946752e+00,-5.436555e-01,1.123059e+00,-5.162456e-01,-5.821381e-02,-6.196507e-02,1.977534e-02,8.470407e-02,1.776531e-01,-2.473731e-01,5.683908e-02
3.986645e+00,3.667390e-02,1.562165e+00,-6.903927e-01,-2.410271e-01,1.230588e-01,3.920479e-01,2.225796e-01,3.672663e-01,2.924619e-01,3.267103e-01
4.511159e+00,-2.679269e-02,1.523710e+00,-2.667792e-01,-1.548787e-01,2.621774e-02,1.070033e-01,-1.629126e-01,-3.068288e-01,-3.660079e-01,2.287865e-02
4.321752e+00,8.452920e-02,1.338590e+00,1.668783e-01,2.034159e-01,-4.141355e-01,2.073681e-01,-2.538214e-01,-2.740050e-01,-1.889290e-01,6.199854e-01
4.128378e+00,-2.939238e-01,1.598252e+00,-1.282587e-01,-1.462458e-01,-2.338989e-01,2.185182e-01,1.508840e-01,-7.229414e-02,-2.414694e-01,-2.587237e-01
4.405803e+00,4.494700e-01,1.708807e+00,-3.393770e-01,-2.822957e-01,-4.730449e-02,2.467524e-01,-1.541234e-01,-1.847509e-01,-2.667977e-01,1.720681e-01
4.379079e+00,3.172584e-01,1.292727e+00,-2.575055e-03,3.777473e-01,-1.022707e-01,6.626978e-02,-1.446575e-01,-1.532332e-01,-7.213796e-02,1.752286e-01
3.898636e+00,-1.163968e-01,1.492454e+00,-5.281848e-01,-4.749678e-01,-3.250731e-01,1.496234e-01,1.451108e-04,-1.867443e-01,-4.515027e-01,1.224552e-01
3.759296e+00,-3.580513e-01,1.411126e+00,-2.269388e-01,1.485341e-01,-1.003714e-02,3.604509e-01,4.055498e-01,3.854190e-01,-5.888676e-02,3.097837e-01
4.593511e+00,1.595649e-01,1.787834e+00,-2.013822e-01,-1.979511e-01,-2.792987e-01,3.659338e-02,-2.317548e-01,-3.083082e-01,-1.915128e-01,1.375210e-01
4.025254e+00,8.394419e-02,1.841651e+00,-2.059169e-01,1.256325e-01,-3.167002e-02,1.681144e-01,-1.106396e-02,-1.618512e-01,-1.784419e-01,1.713315e-01
3.963457e+00,-1.276036e-01,1.339462e+00,-3.598049e-01,9.061849e-03,2.303547e-01,3.983739e-01,-8.360484e-02,-1.135510e-01,-4.243763e-01,2.202735e-01
4.458205e+00,1.394962e-01,1.525156e+00,-1.909580e-01,1.456093e-01,-4.080507e-01,-9.330694e-02,-2.611849e-01,-2.782891e-01,-2.497502e-01,3.427140e-01
4.016252e+00,2.531302e-01,1.928520e+00,-3.217487e-01,-2.336400e-01,6.060245e-02,6.638522e-01,3.807486e-01,-1.605357e-01,-2.811732e-01,4.033588e-01
4.256011e+00,-2.272423e-01,1.400912e+00,-3.818032e-01,-1.627798e-01,-4.211045e-01,-2.822527e-02,5.355655e-02,-1.715545e-01,-2.036545e-01,1.593087e-01
3.915924e+00,-2.851781e-01,1.433883e+00,-1.137608e-01,8.628500e-02,1.763553e-01,2.871920e-01,1.572050e-01,-1.925556e-01,-1.950732e-01,5.016158e-01
4.481676e+00,5.199200e-01,1.693067e+00,-2.953907e-01,5.136899e-02,-3.349853e-01,-8.678714e-05,-1.547438e-01,-3.921837e-01,-4.205434e-01,3.586671e-02
4.081993e+00,2.238808e-02,1.840562e+00,1.472316e-02,1.535702e-01,1.375319e-01,3.086799e-01,-9.269942e-02,-4.477349e-02,-4.048303e-01,4.222985e-03
3.934291e+00,-4.698789e-01,1.221835e+00,-3.283140e-01,-1.638479e-01,8.402974e-02,4.239602e-01,5.351071e-01,2.740411e-01,3.580909e-02,2.991061e-01
4.052845e+00,1.931229e-01,1.796505e+00,-3.763439e-01,-2.980524e-01,-6.277603e-01,3.078364e-01,-1.228659e-01,-5.684858e-01,-3.917547e-01,2.434270e-01
4.238366e+00,-9.362607e-02,1.382662e+00,-1.045565e-01,6.194201e-02,2.663937e-01,3.430951e-01,1.904334e-01,2.247802e-01,6.386205e-02,1.871559e-01
4.431729e+00,3.536937e-01,1.517890e+00,-6.108190e-01,-2.736344e-01,-1.305536e-01,1.868139e-01,7.864472e-03,-7.881261e-02,-1.429197e-01,-1.447544e-01
4.139904e+00,5.523704e-04,1.461600e+00,-3.264172e-01,-2.483869e-01,-2.712054e-01,1.228299e-01,1.026688e-01,3.419616e-01,-1.944160e-01,9.053515e-02
4.336758e+00,1.004893e-01,1.686834e+00,-3.092037e-01,-2.671846e-02,-1.129069e-01,4.690667e-02,-1.261403e-01,-5.202792e-01,-2.178933e-01,2.542367e-01
4.446541e+00,9.158495e-02,1.531610e+00,-1.481393e-01,1.728882e-01,-2.032388e-02,3.766606e-01,-2.499391e-01,-2.786381e-01,-5.399115e-01,5.419062e-03
3.748256e+00,-2.661882e-01,1.541714e+00,-5.033602e-01,-3.736516e-01,1.760990e-01,7.723048e-01,9.043147e-01,3.342174e-01,3.680404e-02,4.458139e-01
3.664709e+00,-2.819498e-01,1.448157e+00,-4.605878e-01,-1.938089e-01,-2.918988e-01,-1.322677e-01,-2.726367e-01,-2.519384e-01,-3.852475e-01,-2.151767e-02
4.083651e+00,4.616928e-01,1.720644e+00,-3.086905e-01,-4.563906e-02,9.419865e-02,2.189777e-01,-9.081671e-02,-2.131845e-02,-8.031116e-02,5.771002e-01
4.387734e+00,9.137896e-02,1.730926e+00,-3.789034e-01,-5.397499e-02,-2.657877e-02,1.242249e-01,2.604190e-01,-1.661635e-01,-4.956987e-01,4.153981e-02
4.377772e+00,-1.024597e-01,1.348313e+00,-5.422559e-01,-2.122535e-01,-3.007041e-01,2.812249e-01,1.127774e-01,-6.171491e-02,-3.381641e-01,3.499418e-01
4.175910e+00,-4.482069e-02,1.912599e+00,-6.443491e-02,-3.313879e-01,-1.522147e-01,5.766801e-02,1.824199e-01,-6.055965e-02,-2.456781e-01,1.366876e-02
4.159681e+00,3.431814e-01,1.883550e+00,-2.905750e-01,-1.225558e-01,-7.879791e-02,-3.860094e-04,-3.756701e-01,-2.570636e-01,-4.160320e-01,3.364788e-01
4.120266e+00,-6.454516e-05,1.382568e+00,-4.626510e-01,2.950664e-01,1.988872e-01,3.173816e-01,1.813940e-01,1.036899e-01,-8.832264e-02,2.692517e-01
3.953273e+00,-1.490285e-01,1.549683e+00,-4.173725e-01,-3.691030e-01,-1.591341e-01,1.372383e-01,-9.445744e-02,-3.047468e-01,-7.473098e-01,-3.108963e-02
4.185762e+00,-1.687730e-02,1.812467e+00,-1.583146e-01,3.789486e-02,-3.218446e-01,2.192468e-01,-9.829965e-02,-3.547064e-02,-2.279891e-01,1.458204e-01
4.264901e+00,1.103034e-01,1.979661e+00,-7.133764e-02,8.815554e-02,3.504919e-02,1.223761e-01,-1.080505e-02,-4.017807e-01,-1.609432e-01,2.999469e-01
4.314784e+00,5.841179e-02,1.435338e+00,-3.893454e-01,-1.344211e-01,-3.625711e-01,2.257154e-01,6.563293e-02,-7.368335e-02,-3.058036e-01,9.517662e-02
4.125336e+00,1.525420e-01,1.318161e+00,-3.852054e-01,1.896944e-01,1.122538e-01,2.921440e-01,-4.083123e-02,-2.021648e-01,-3.654139e-01,-7.802046e-02
4.358243e+00,1.706709e-01,1.711356e+00,-3.882170e-01,-2.581680e-01,-2.405679e-01,-3.306365e-03,-3.564115e-01,-2.667167e-01,-1.446672e-02,2.365764e-01
3.971002e+00,2.261568e-01,1.864524e+00,-4.233130e-03,-3.045780e-02,-1.136437e-01,6.621907e-01,2.766073e-01,-1.429900e-01,-2.359018e-01,-1.628626e-01
4.121138e+00,-1.782959e-01,1.617709e+00,-2.156489e-02,-1.165864e-01,-3.847470e-01,1.129584e-01,7.823976e-03,-3.058646e-01,-3.290357e-01,2.771519e-01
4.318729e+00,2.647187e-01,1.473904e+00,-5.122145e-01,-1.509913e-02,-1.732446e-01,1.590556e-01,6.837407e-02,-2.968648e-01,-3.146978e-01,2.825531e-01
4.354826e+00,6.903674e-01,1.658454e+00,-2.774670e-01,-1.635237e-01,-6.036212e-02,2.809700e-01,1.854788e-01,2.517206e-01,-2.852193e-01,-1.978721e-01
4.094421e+00,8.945166e-02,1.685510e+00,-1.488924e-01,-1.080179e-01,-1.638796e-01,2.396635e-02,-5.469771e-02,-2.159496e-02,-1.330263e-01,2.122776e-01
4.133495e+00,-7.223978e-02,1.507432e+00,-8.737298e-02,-1.961391e-02,-1.939154e-01,1.444284e-02,1.218291e-02,-5.514211e-01,-4.206180e-01,5.921705e-01
4.136862e+00,1.947621e-01,1.487422e+00,-7.025132e-01,-4.450480e-01,-4.323347e-01,2.965623e-01,3.614290e-01,-3.828028e-01,-6.740623e-01,2.131393e-01
4.324628e+00,-5.804704e-04,1.609985e+00,-1.203102e-01,1.459900e-02,1.952610e-01,4.242589e-01,5.342987e-02,-1.469455e-02,-2.481074e-01,2.874018e-02
4.024282e+00,1.435182e-01,1.959697e+00,-2.174358e-01,-1.489078e-01,-7.091151e-02,4.433573e-02,-1.180236e-01,-3.616374e-02,-7.832456e-02,2.312214e-01
4.057830e+00,5.725307e-02,1.786684e+00,-4.326355e-01,-2.835583e-01,-3.402317e-01,-4.909465e-02,1.828219e-01,-5.876983e-02,-3.918242e-01,2.002360e-02
4.434716e+00,1.187145e-01,1.567724e+00,-4.007571e-01,-2.313264e-01,1.167466e-01,4.247113e-01,4.338080e-02,-8.362098e-02,-8.485859e-02,6.894378e-02
4.048770e+00,-1.777745e-01,1.450862e+00,-4.323537e-01,1.703690e-01,2.963947e-03,5.139337e-01,5.131615e-01,-2.074283e-01,-5.315701e-01,1.194095e-01
4.122374e+00,2.098565e-01,1.980551e+00,1.152971e-01,-3.430201e-01,-4.824498e-01,-2.138793e-01,2.086381e-03,-1.272080e-01,-2.772735e-01,2.986798e-01
4.018811e+00,-1.187213e-01,1.158507e+00,-4.074533e-01,-2.709579e-01,-1.592325e-01,4.051773e-01,-3.295067e-01,-9.862165e-02,-3.709440e-02,-2.673361e-01
4.634431e+00,4.162285e-01,1.468111e+00,-4.555271e-01,-1.682612e-02,5.680111e-02,3.088592e-01,2.527797e-02,-4.742956e-02,-1.448478e-01,9.020618e-02
4.320602e+00,3.254204e-01,1.727096e+00,-1.053197e-01,-6.868260e-03,-3.082420e-01,2.209089e-01,2.397766e-01,-1.109690e-01,-3.381733e-01,-1.288457e-01
4.103222e+00,-1.302920e-01,1.459096e+00,-1.622592e-01,-3.772708e-01,-3.362263e-01,1.439305e-01,-2.995061e-01,-1.292879e-01,-3.562451e-01,3.176064e-01
4.323486e+00,1.570955e-01,1.843668e+00,-2.821272e-01,-2.388138e-01,-2.846900e-01,2.362669e-01,2.034009e-01,-5.873133e-02,-4.481905e-02,4.225243e-02
4.102885e+00,-1.109911e-01,1.340053e+00,-5.000466e-01,-9.916163e-02,1.016234e-01,6.704001e-01,4.167058e-01,1.953477e-01,-4.616264e-01,2.017477e-01
4.505934e+00,3.095862e-01,1.573149e+00,-3.975608e-01,5.837225e-02,-1.266147e-01,-6.802882e-02,-2.130760e-01,-2.291503e-01,-2.845906e-01,4.285794e-01
3.662871e+00,-3.788483e-01,1.696413e+00,-1.135365e-01,1.879740e-02,-8.491490e-02,3.254929e-01,4.644459e-02,-3.211790e-01,-5.031131e-01,-1.229741e-02
4.274324e+00,2.683139e-01,1.799418e+00,-2.050083e-01,-2.002191e-01,-1.683692e-01,1.898688e-01,2.311912e-02,-4.684516e-03,-3.520595e-01,3.100849e-01
4.177400e+00,5.078948e-02,1.987526e+00,-6.168239e-02,1.399396e-01,1.819564e-02,2.644797e-01,-4.024027e-02,-3.473519e-01,-4.063582e-01,7.905517e-02
3.967313e+00,-2.181271e-01,1.644303e+00,-4.901589e-01,-3.083942e-01,-2.433744e-01,9.381089e-02,3.941349e-02,2.473154e-02,-5.747939e-01,8.215488e-02
4.069332e+00,2.585429e-01,1.594305e+00,-4.045587e-01,2.293141e-01,-7.372345e-02,-4.196373e-02,8.794174e-02,-2.501127e-01,-3.559376e-01,2.334158e-01
3.892918e+00,-1.046938e-01,1.679397e+00,-3.393933e-01,-3.244610e-01,7.730010e-02,3.651121e-01,1.174531e-01,3.700630e-01,-1.945516e-02,2.477545e-01
4.314967e+00,1.990156e-01,1.943944e+00,1.642576e-02,-2.116853e-01,-4.033103e-01,1.911998e-01,8.261968e-02,-1.543936e-01,-3.903315e-01,-2.718745e-02
4.261222e+00,4.227476e-03,1.380726e+00,-4.164764e-01,-1.041525e-01,-2.375516e-01,1.072357e-01,2.525749e-01,-2.616456e-01,-5.894809e-01,3.715344e-01
4.333224e+00,8.845606e-02,1.527397e+00,-2.042545e-01,-1.391333e-01,-3.890091e-02,2.402293e-01,-2.522129e-01,-9.935449e-02,-4.088429e-02,5.398938e-02
4.241281e+00,5.639930e-01,2.038660e+00,-8.070184e-02,-2.079735e-01,-1.392685e-01,2.188456e-01,2.073629e-02,-1.103769e-02,-2.270656e-01,-3.048196e-01
3.896648e+00,-1.840308e-01,1.204559e+00,-4.013150e-01,-1.537771e-01,-3.992530e-01,3.910523e-01,3.145835e-01,-5.745006e-03,1.319183e-01,3.532311e-01
4.213878e+00,1.510679e-02,1.310460e+00,-1.435537e-01,-2.267461e-01,-2.408005e-01,3.355947e-01,-1.130363e-01,-2.618920e-01,-3.000860e-01,1.597852e-01
4.051428e+00,2.050084e-02,1.526631e+00,-3.797786e-01,-1.130490e-01,-4.280367e-01,5.468485e-01,3.988126e-01,-2.863919e-01,-2.823205e-01,2.628623e-01
4.321454e+00,2.489563e-01,1.721638e+00,2.111425e-01,3.276627e-01,-1.978146e-01,3.133002e-01,-9.307898e-03,-5.026714e-01,-2.803515e-01,1.592548e-01
4.621217e+00,3.345540e-01,1.337700e+00,-2.913217e-01,-3.185641e-01,-2.691535e-01,6.156768e-02,4.031342e-02,8.534939e-02,-2.026233e-01,-7.239489e-02
3.906499e+00,1.328693e-01,1.619146e+00,-5.352580e-01,-2.618160e-01,-1.145794e-01,3.262765e-01,2.810566e-01,5.392168e-02,-2.345346e-01,-1.718952e-01
4.269607e+00,3.289566e-01,1.754450e+00,-1.061268e-01,2.915277e-02,-3.456502e-02,-6.359996e-02,-1.259642e-01,-9.608387e-02,-2.022225e-01,4.783064e-01
3.939194e+00,-1.343329e-01,1.534073e+00,-2.962688e-01,-7.980273e-02,-3.954891e-01,4.657559e-01,5.107470e-01,-1.493952e-01,-3.728861e-01,1.856736e-01
4.268234e+00,-8.796476e-02,1.984213e+00,-3.905222e-01,-6.288606e-01,-3.904352e-01,4.665420e-02,2.012441e-01,2.441950e-01,-2.637053e-01,-8.653089e-02
3.984560e+00,5.248253e-02,1.352961e+00,-7.497006e-01,-1.426391e-01,1.367926e-01,2.835867e-01,9.100785e-02,-5.223527e-02,-6.552211e-02,1.779429e-01
4.057112e+00,2.743725e-01,1.794112e+00,8.070531e-02,5.296526e-01,1.320504e-01,-1.363022e-01,-7.585906e-02,-2.845106e-01,-5.809014e-01,1.427327e-01
4.485311e+00,1.453389e-01,1.875077e+00,-3.319658e-01,-3.189378e-01,-2.033040e-01,6.966341e-02,1.265563e-01,-1.032943e-01,-3.984177e-01,8.593635e-02
3.611166e+00,-5.615978e-01,1.411326e+00,-5.125585e-01,-6.402014e-02,-1.406284e-01,3.749356e-01,3.152871e-01,1.411319e-01,-3.800273e-01,7.033150e-02
4.391887e+00,1.653692e-01,1.770110e+00,-2.347997e-01,-2.268081e-01,-2.144651e-01,2.634776e-01,2.186007e-01,-5.699135e-02,-7.336247e-02,3.253976e-01
4.144730e+00,8.080130e-02,1.795645e+00,-3.464190e-01,-5.173966e-02,-1.155099e-02,1.549824e-01,-2.177753e-01,-1.151608e-01,-3.364830e-01,-5.196400e-02
4.503409e+00,2.203813e-01,1.390833e+00,-5.809879e-01,-1.318292e-01,-9.733978e-02,1.294131e-01,9.998249e-03,-9.100568e-02,-2.731169e-01,1.672649e-01
3.899093e+00,-7.589769e-02,1.431178e+00,-2.008467e-01,-1.795779e-01,-2.499235e-01,3.762359e-01,2.721509e-01,9.251586e-02,-9.637737e-02,-1.577186e-01
4.271901e+00,3.055699e-01,1.912277e+00,2.107650e-01,-1.850647e-01,-4.041931e-01,2.136659e-01,-2.375502e-01,-2.035633e-01,-1.826488e-01,3.425795e-01
4.491236e+00,1.334664e-01,1.696568e+00,-6.915550e-02,2.474356e-01,-2.584259e-01,3.505108e-02,1.059212e-02,-2.848400e-01,-3.589342e-01,1.246926e-01
3.793613e+00,-1.635239e-01,1.312813e+00,-5.756666e-01,-3.976218e-01,-3.589604e-01,1.965523e-01,2.414052e-01,-2.172580e-02,-3.407890e-01,-1.737949e-02
4.081407e+00,2.911302e-01,1.253922e+00,-4.094237e-01,1.695737e-01,3.896257e-02,3.533746e-01,1.783757e-01,1.078582e-02,8.430989e-02,1.835153e-01
4.121090e+00,1.868422e-01,1.987874e+00,-6.374172e-02,-1.288652e-01,-3.202490e-01,-8.932569e-02,-1.743831e-01,-1.141484e-01,-3.044757e-01,2.000419e-01
4.223684e+00,1.595383e-01,1.749524e+00,-6.909718e-02,-5.679884e-02,-4.242908e-01,2.026672e-01,2.487133e-01,-1.682793e-01,-5.441562e-01,4.757572e-02
4.088427e+00,-2.207208e-01,1.420067e+00,-2.758059e-01,-3.886800e-02,-2.327507e-02,3.597328e-01,-2.220469e-02,-2.308852e-01,-2.241508e-01,2.457693e-01
4.322150e+00,-4.821764e-04,1.843401e+00,-4.061762e-01,-1.205321e-01,-2.106289e-01,-9.253393e-02,-1.760020e-01,-3.077395e-03,-2.692510e-01,1.835760e-01
4.106897e+00,5.032318e-01,1.934898e+00,-2.734009e-01,-1.672375e-01,-3.077818e-02,2.101233e-01,2.345823e-01,2.319313e-01,-3.678749e-01,-3.045856e-01
4.096800e+00,-1.525377e-01,1.377320e+00,-1.645812e-01,-2.691992e-01,-3.441789e-01,-4.144790e-02,-1.408718e-01,9.878627e-02,-1.482216e-01,3.714286e-01
3.489916e+00,-4.173819e-01,1.483164e+00,-3.569116e-01,2.590897e-01,2.863187e-01,4.770049e-01,4.295603e-01,1.640548e-01,-3.286932e-01,3.568153e-01
4.502077e+00,1.652722e-01,1.787758e+00,-2.581959e-01,-2.972604e-01,-3.300967e-01,1.060941e-01,8.600661e-02,-1.988346e-01,-4.332577e-01,1.935258e-01
4.119245e+00,6.958862e-02,1.813676e+00,1.831635e-02,9.265736e-02,-6.413624e-02,3.709457e-01,5.319691e-02,-1.395787e-01,-2.986040e-01,-2.452300e-01
4.051820e+00,6.471539e-02,1.400779e+00,3.671752e-02,6.729725e-02,-1.473577e-01,-1.686279e-02,-8.378138e-02,2.146410e-02,-1.891745e-01,2.342617e-01
4.307898e+00,3.801049e-01,1.446381e+00,-6.318943e-01,-1.831875e-01,-3.325134e-01,1.016274e-01,9.116432e-03,-3.797342e-01,-3.735243e-01,8.987725e-02
4.454258e+00,-4.680041e-02,1.347794e+00,-9.356758e-02,9.071085e-02,-1.286561e-01,5.942494e-01,3.224892e-01,1.254083e-02,-7.848047e-02,6.571097e-02
4.380490e+00,1.505548e-01,1.565434e+00,-1.988349e-01,-2.689373e-01,-6.913189e-01,2.279791e-01,3.487676e-01,-2.186888e-01,-1.295745e-01,2.311879e-01
3.674830e+00,-2.679185e-01,1.739431e+00,-4.343139e-02,-9.707852e-02,-1.719592e-01,9.812219e-02,2.398559e-01,-3.581642e-02,2.021537e-01,2.847405e-01
4.566865e+00,3.341633e-01,1.287906e+00,-2.687664e-01,-9.596968e-02,-1.481858e-01,1.258891e-01,-1.841934e-01,-2.128911e-01,-4.533973e-02,1.712589e-01
4.606890e+00,8.786601e-02,1.529642e+00,-2.811299e-01,9.293376e-02,-2.359736e-01,3.834264e-01,1.016687e-01,-1.813494e-01,-5.354030e-01,-4.876356e-01
4.175435e+00,-8.056897e-02,1.721038e+00,-3.151352e-01,-1.293239e-01,-1.309272e-01,2.157180e-01,1.531618e-01,1.132490e-01,-1.067078e-01,3.499787e-01
3.833662e+00,-4.273632e-01,1.562185e+00,-1.256473e-01,-1.625141e-01,-3.699227e-01,-4.616038e-02,-4.559167e-01,-2.869278e-01,-2.775964e-01,-1.758136e-01
4.250341e+00,7.465443e-02,1.524281e+00,-2.942544e-01,-2.133768e-01,-1.246370e-01,3.776637e-01,5.018818e-01,3.117082e-01,-1.412898e-01,2.680356e-01
4.301210e+00,1.774980e-01,1.611996e+00,-4.845158e-01,4.580001e-02,-2.059155e-02,-8.602291e-02,1.710368e-01,5.442027e-02,-4.585766e-01,-2.108457e-02
4.244503e+00,3.348549e-03,1.342420e+00,-4.586557e-01,-1.427392e-01,-3.251493e-02,1.234546e-01,-6.931730e-04,1.619371e-01,-2.823472e-01,1.377030e-01
3.833435e+00,1.749167e-01,2.147836e+00,-1.014787e-01,-1.510475e-01,-2.895400e-01,-9.002206e-02,3.035237e-02,1.701398e-01,-1.588006e-01,1.286909e-01
4.551395e+00,1.122046e-01,1.695714e+00,-3.409702e-01,-2.515804e-01,-2.206812e-01,3.947905e-02,-2.044841e-02,-1.851189e-01,-5.390533e-01,8.918441e-03
4.206582e+00,-2.858981e-01,1.359541e+00,-5.724295e-02,1.196626e-01,-2.732925e-02,3.369286e-01,2.351394e-01,2.822974e-01,-1.603564e-01,3.122575e-01
3.597859e+00,-8.838208e-02,1.750838e+00,-4.521433e-01,-2.724223e-01,-3.521362e-01,3.422187e-02,-7.565041e-02,-3.073390e-01,-4.158611e-01,1.244910e-01
4.066461e+00,5.436680e-02,1.474444e+00,-3.645724e-01,-4.140269e-02,1.288281e-02,9.395325e-02,1.262332e-02,3.172315e-01,1.017443e-01,4.389030e-01
4.249352e+00,1.150355e-01,1.890852e+00,-1.995990e-01,7.250351e-02,-9.457554e-02,1.293028e-01,-4.431469e-02,-1.048922e-01,-2.851875e-01,1.670424e-02
4.421345e+00,9.865285e-02,1.418038e+00,-2.134642e-01,-1.586694e-01,-4.524201e-01,2.485894e-01,2.724119e-01,-9.037054e-02,-6.999915e-01,1.495016e-01
3.813720e+00,-2.479140e-01,1.497602e+00,1.721408e-02,4.116312e-01,1.928582e-01,3.754775e-01,-4.252625e-03,-3.781848e-01,-2.979179e-01,1.867661e-01
4.383891e+00,1.580776e-03,1.754577e+00,-9.054919e-02,-2.024453e-01,-3.586490e-01,-2.886061e-01,-3.203411e-01,-1.518637e-01,-2.732957e-01,3.453678e-02
3.806699e+00,1.819606e-01,1.728174e+00,1.870192e-02,2.040917e-01,-4.166471e-02,5.994827e-01,1.985689e-01,4.361547e-01,4.894213e-02,-1.711848e-01
4.399705e+00,-1.715526e-01,1.186121e+00,-3.654164e-01,-1.408780e-02,-3.141405e-01,9.671844e-02,6.442537e-02,1.131230e-02,-1.027166e-01,-3.112517e-02
4.172991e+00,-3.346345e-02,1.636126e+00,-5.141973e-01,-2.854692e-01,-1.272191e-01,3.110289e-01,-1.509743e-02,-1.759378e-02,-1.209136e-01,6.270866e-02
4.342120e+00,2.065367e-01,1.710107e+00,1.346154e-01,-3.063131e-02,-3.134079e-01,1.685909e-01,1.424381e-01,-9.590066e-02,-3.455444e-01,9.776193e-02
4.140804e+00,-1.283059e-01,1.918991e+00,-4.892856e-02,1.284170e-02,-1.889650e-01,-2.928328e-01,3.919643e-02,-1.863640e-01,-2.690372e-01,1.030031e-01
4.086528e+00,7.156197e-02,1.332247e+00,-4.229840e-01,1.295919e-01,3.583997e-02,2.945037e-02,-2.152005e-01,2.903279e-01,-9.539966e-02,-4.275446e-02
4.613824e+00,1.010345e-01,1.358111e+00,-5.369496e-01,-2.867694e-01,-1.879789e-01,-1.338444e-02,-2.056247e-01,-2.252630e-01,-4.889905e-01,-5.369287e-02
3.877557e+00,-2.454393e-01,1.666234e+00,1.560899e-01,5.631984e-01,-2.480840e-02,1.091662e-01,1.778626e-01,-4.092509e-02,-1.151450e-01,3.691067e-01
4.149548e+00,3.257451e-02,1.551504e+00,-1.126373e-01,-3.831655e-01,-2.003670e-01,3.542436e-01,2.796027e-01,6.929712e-02,-1.918442e-01,2.017037e-01
4.279322e+00,-9.979865e-02,1.554409e+00,-6.079549e-01,-2.009041e-01,-2.686475e-01,1.164224e-02,1.144933e-01,-1.240436e-01,-8.257682e-02,1.229934e-02
4.517500e+00,2.892478e-01,1.378455e+00,-3.975295e-01,2.025639e-01,-4.330385e-03,1.623247e-01,-2.364772e-02,6.171326e-02,-1.798296e-01,2.243546e-01
4.153671e+00,-3.743874e-02,1.708249e+00,-1.365993e-01,2.544208e-01,-9.552104e-02,4.996871e-02,-5.148470e-02,-3.154206e-01,-3.598735e-01,-1.056546e-01
4.104102e+00,-9.129287e-02,1.542303e+00,-2.192966e-01,-2.738555e-01,-3.298087e-01,1.412747e-01,5.548556e-02,1.341132e-01,-4.983535e-03,4.472114e-01
4.137261e+00,-2.318802e-01,1.158939e+00,-3.796312e-01,-5.301783e-02,-3.698691e-01,-3.215681e-02,1.001490e-01,-2.477331e-01,-2.969453e-01,-3.331689e-02
4.303703e+00,1.254083e-01,1.705653e+00,5.348303e-02,-1.368749e-01,-2.393499e-01,2.556381e-01,1.788313e-01,-5.351875e-02,-2.194530e-01,2.244044e-01
4.166622e+00,-5.278881e-02,1.629700e+00,3.114292e-02,2.015600e-01,-2.650707e-02,2.677510e-01,-7.628959e-02,1.922193e-01,8.541659e-03,-1.523128e-01
4.301440e+00,1.020799e-01,1.220329e+00,-5.254530e-01,-1.397743e-01,-4.448510e-01,2.992337e-03,-1.073235e-02,-2.078997e-01,-7.690490e-02,9.991485e-02
4.321578e+00,2.095578e-01,1.731035e+00,-1.327648e-01,-2.935480e-01,-2.653726e-01,2.818022e-01,1.644836e-01,2.698302e-01,-2.627136e-01,-8.584172e-02
4.349599e+00,-1.549905e-01,1.351833e+00,4.203651e-03,5.648677e-02,-2.416007e-01,2.452823e-01,-2.697083e-02,-2.348803e-01,-2.947519e-01,-1.077473e-01
4.544392e+00,-2.255598e-01,1.317245e+00,-6.916842e-02,7.734929e-02,-1.549921e-01,-8.304912e-02,-3.350748e-02,2.142181e-02,-3.512810e-01,5.229979e-01
3.643912e+00,-1.407660e-01,1.640771e+00,-5.915316e-01,-1.610113e-03,9.771545e-02,3.065481e-01,-4.679186e-02,-1.354094e-01,-2.643665e-01,-2.639940e-01
4.421012e+00,4.250787e-02,1.688523e+00,-1.900915e-01,8.748739e-02,-1.633896e-01,-1.798273e-01,-3.102076e-01,3.530742e-01,-1.479516e-02,1.060541e-01
4.144772e+00,9.415914e-02,1.746830e+00,-5.379270e-02,4.905446e-01,6.202607e-02,1.655990e-01,8.248936e-02,-1.365850e-01,-4.800354e-01,1.938473e-01
3.962861e+00,-1.334444e-01,1.672689e+00,-4.042402e-01,-3.408227e-01,-3.773047e-01,-7.140963e-03,-1.996229e-02,-9.513373e-02,-4.335856e-01,-3.163993e-02
4.394484e+00,-1.156975e-01,1.530915e+00,-2.951446e-01,5.544260e-02,8.296188e-02,1.894366e-01,-1.043761e-01,-2.191557e-01,-3.366907e-01,1.919915e-01
4.204240e+00,-1.866519e-01,1.728674e+00,-2.622576e-01,1.809366e-01,-3.515263e-01,-1.992239e-01,1.586753e-01,2.960450e-02,-6.362486e-02,1.376771e-01
4.153848e+00,3.763375e-01,1.727494e+00,-2.941763e-01,1.647253e-01,-2.165032e-01,-4.631830e-02,9.680080e-02,6.876288e-02,-4.177920e-01,1.735926e-01
4.234986e+00,-2.062638e-01,1.240744e+00,-1.014662e-01,3.845323e-02,-3.972484e-02,-3.428906e-02,-2.311039e-01,-1.505113e-01,-1.748624e-01,9.045024e-02
4.185449e+00,-1.579784e-02,1.674986e+00,-9.934584e-02,-1.867625e-01,-1.736426e-01,-2.573619e-02,-2.278211e-01,-9.652382e-02,-1.987288e-01,4.047155e-01
4.302091e+00,7.730218e-02,1.758673e+00,1.561193e-02,2.293358e-04,-2.434232e-01,2.689874e-01,4.394801e-01,-6.901041e-02,-3.807030e-01,7.856268e-03
4.322512e+00,-4.377264e-01,1.549936e+00,-2.971729e-01,-2.457758e-01,-1.432114e-01,3.766524e-02,-7.408391e-02,5.024529e-02,5.067308e-02,-5.894493e-02
4.127018e+00,2.288074e-01,1.359574e+00,-3.559854e-01,2.012876e-01,-8.157959e-02,-4.849431e-02,-3.946923e-01,-1.236590e-01,-2.221920e-01,1.099702e-01
3.975493e+00,-2.084978e-01,1.373977e+00,-4.888958e-03,2.043644e-02,2.520460e-02,8.506533e-02,1.999449e-02,-4.564972e-02,-1.056379e-01,2.493006e-01
4.248281e+00,-2.554754e-01,1.534952e+00,1.445808e-01,2.910412e-01,-1.130968e-01,3.556507e-01,-3.076847e-02,-1.760564e-02,-1.956803e-01,-2.027969e-01
4.539452e+00,2.359576e-01,1.432073e+00,-2.432451e-01,-1.489843e-01,-3.430774e-01,2.109689e-02,1.046900e-01,-7.488516e-02,-2.676572e-01,1.490972e-01
4.118218e+00,-8.824779e-02,1.528231e+00,-1.986900e-01,2.153598e-01,-4.370622e-01,-1.550861e-01,1.701299e-02,-2.431212e-01,-1.903319e-01,1.331367e-01
4.492188e+00,2.697338e-01,1.489384e+00,-3.113591e-01,-9.283438e-04,8.479013e-02,2.003388e-01,-2.058279e-01,1.396679e-01,-7.872257e-02,-4.965392e-02
4.175271e+00,-1.057160e-01,1.168943e+00,-1.972345e-01,2.507879e-03,-1.252808e-01,2.739834e-01,4.239231e-01,6.949421e-02,-5.375025e-02,-7.175999e-02
4.089110e+00,1.549936e-01,1.515063e+00,-4.178301e-01,-1.717255e-01,-5.195189e-01,-6.863816e-02,2.020463e-02,1.173679e-02,-6.941202e-03,2.411763e-01
3.870747e+00,-5.454621e-01,1.266792e+00,-3.002654e-02,2.068003e-01,1.991581e-02,-5.761159e-02,1.522140e-01,-1.687178e-03,6.753303e-02,6.106199e-01
4.440628e+00,-1.401872e-01,1.571978e+00,-2.101011e-01,2.272207e-01,-8.360770e-02,5.255819e-01,2.543183e-01,-1.602568e-01,-4.272203e-01,-1.130431e-01
4.631566e+00,1.440335e-01,1.481438e+00,-2.022502e-01,-7.101872e-02,-9.922844e-02,-6.583083e-02,-2.193219e-01,1.969522e-01,-3.523641e-01,7.099897e-02
3.644629e+00,-1.383560e-01,1.379088e+00,-5.328452e-01,2.369638e-01,6.201790e-02,-1.641009e-01,-8.660263e-02,-3.230304e-01,-4.784242e-02,1.113926e-01
4.350831e+00,1.809962e-01,1.802652e+00,1.722825e-02,-1.046369e-01,-2.846296e-01,-3.190773e-02,2.423809e-02,2.635972e-01,-3.893272e-01,1.538292e-01
4.188857e+00,-4.133019e-01,1.466637e+00,-3.040369e-01,8.901910e-02,-1.464777e-02,1.897868e-01,3.069650e-01,-6.308208e-02,-2.330204e-01,2.525378e-01
4.576032e+00,-3.271705e-01,1.473933e+00,-5.963065e-01,-5.878702e-02,-2.629676e-01,1.611355e-01,-1.123073e-01,-4.724515e-02,-1.512059e-01,1.673157e-01
3.697070e+00,-2.432313e-01,1.501903e+00,7.667632e-02,-4.426488e-02,-1.403129e-01,3.298294e-01,-2.142749e-01,3.037626e-01,2.939821e-02,-4.125619e-02
4.120234e+00,-3.026854e-02,1.488342e+00,-3.466499e-02,3.728485e-01,-3.105652e-02,-2.404304e-02,7.095505e-02,1.115819e-01,-9.851696e-02,-2.238776e-02
4.588638e+00,2.191790e-01,1.552061e+00,1.066178e-01,1.665295e-01,-1.557446e-01,8.112468e-02,-2.529074e-01,-2.791573e-01,-2.637585e-01,5.755986e-02
3.817963e+00,-4.439050e-01,1.507429e+00,-2.333629e-01,-2.206511e-01,-3.571994e-01,1.344376e-01,2.375735e-02,-8.053137e-02,-2.535587e-01,-2.001636e-01
4.388315e+00,-9.562761e-02,1.482784e+00,5.879902e-03,5.495880e-02,-2.307075e-01,3.118626e-01,-5.248532e-02,-2.462121e-01,-1.076647e-01,3.003076e-01
4.180736e+00,-6.285348e-02,1.520978e+00,-6.683005e-02,1.258382e-01,-2.226775e-01,-1.657796e-01,-4.538931e-02,9.360607e-02,1.907408e-01,1.390290e-01
4.410928e+00,4.174775e-01,1.395380e+00,-3.897782e-01,-1.605606e-02,-6.754588e-02,-4.714445e-02,-4.982203e-02,1.799848e-01,-4.661963e-01,-9.550154e-02
4.107586e+00,-1.491579e-01,1.206377e+00,-2.092806e-01,2.069853e-01,1.996326e-03,-5.922907e-02,-2.170538e-01,-1.987120e-01,6.708305e-02,1.774208e-01
4.481922e+00,-3.197185e-01,1.506046e+00,-8.329257e-02,-1.803535e-01,-7.781044e-02,9.239535e-02,-4.994055e-02,-7.043471e-02,-1.758340e-01,2.503171e-01
4.272655e+00,2.076598e-01,1.884440e+00,1.161539e-01,3.308269e-01,-4.009505e-01,2.824248e-02,1.521227e-01,-1.013426e-01,-4.520748e-01,-5.329807e-02
4.061794e+00,-2.277288e-01,1.377326e+00,-5.248298e-01,-7.977734e-02,2.407725e-02,-1.511030e-01,-7.528341e-02,-1.475073e-02,-1.372115e-02,3.405596e-01
4.001799e+00,-7.426806e-02,1.304471e+00,-5.686688e-01,1.940312e-01,2.005887e-01,1.472136e-01,2.487368e-02,1.536600e-01,-1.791914e-01,4.091701e-02
4.367459e+00,-9.417889e-02,1.542923e+00,-3.293796e-01,-1.273921e-01,-1.784468e-01,1.474547e-02,1.296500e-01,6.694637e-02,-1.790957e-01,1.439836e-01
4.124138e+00,-3.017070e-01,1.901276e+00,2.748966e-01,2.295056e-01,1.737523e-02,-1.268502e-01,-2.433223e-01,-2.986158e-02,-2.903956e-01,-1.046616e-02
4.054649e+00,8.271595e-02,1.703406e+00,-2.370417e-01,6.321354e-02,-2.860821e-01,-1.308760e-01,-1.117214e-01,-1.743232e-01,-6.452093e-02,3.592681e-01
4.408734e+00,-3.069468e-01,1.219953e+00,-2.918286e-01,-2.457452e-01,-2.316770e-01,1.016285e-01,3.974278e-02,8.196007e-02,-4.012614e-01,-3.077427e-01
4.301349e+00,2.017299e-01,1.523275e+00,-2.282249e-01,2.247367e-01,1.443965e-01,1.999912e-01,-9.785574e-02,1.166026e-01,-1.622664e-01,-7.376234e-02
3.946646e+00,-3.514879e-01,1.158519e+00,-2.229170e-01,-8.966597e-02,-2.351973e-01,-7.929370e-02,2.763618e-01,2.039337e-01,4.831101e-01,5.966671e-01
3.999059e+00,-2.229910e-01,1.302611e+00,-3.077156e-01,-1.137459e-01,-2.550915e-01,3.384432e-01,1.272390e-01,2.080257e-01,2.835515e-02,2.799334e-01
4.463312e+00,-1.951862e-01,1.182487e+00,-3.064623e-01,4.515373e-02,-2.720607e-01,1.613452e-01,5.587107e-02,1.195168e-02,-1.003235e-02,2.939974e-01
4.559618e+00,-4.417216e-02,1.310904e+00,4.452808e-02,1.715178e-01,-2.074795e-01,3.551710e-01,3.672445e-03,-4.536542e-01,-3.130090e-01,-2.046045e-01
4.350956e+00,2.808812e-01,1.430038e+00,2.447677e-01,2.450664e-01,-4.106530e-01,-4.044937e-02,-5.137063e-01,-1.516047e-01,1.029859e-01,3.055725e-01
4.033624e+00,-2.519052e-01,1.109124e+00,-5.207032e-01,8.731558e-02,-1.325349e-01,1.002286e-02,-4.100153e-02,-3.585658e-01,-7.741390e-02,-2.550408e-01
4.418880e+00,-4.002853e-02,1.702709e+00,-1.750999e-01,1.962054e-02,-2.347766e-01,1.594328e-01,3.842362e-01,2.550228e-01,-2.696045e-01,4.623111e-02
4.255925e+00,1.957761e-03,1.462611e+00,-1.601052e-01,1.504963e-01,-2.586046e-01,1.188798e-01,8.033352e-03,-1.601352e-01,-1.856295e-01,4.352046e-01
4.033134e+00,-3.596007e-01,1.382718e+00,-3.646623e-01,7.851043e-02,-5.163500e-02,7.286397e-02,1.316384e-02,4.047471e-02,4.496130e-02,3.464138e-01
4.034873e+00,2.246354e-02,1.640030e+00,-3.189602e-01,-1.941800e-01,-8.995407e-02,-4.188186e-02,2.853569e-01,4.594914e-01,-1.999274e-01,-1.132201e-02
4.616659e+00,1.222235e-01,1.406860e+00,-4.365571e-01,2.216933e-01,-2.714917e-01,-2.998920e-01,5.640987e-02,-1.411263e-01,-3.433532e-01,-1.514732e-01
4.468717e+00,-1.903957e-01,1.805317e+00,-3.960848e-02,1.556415e-01,1.244184e-01,-1.614762e-01,-2.881673e-01,-1.419628e-01,-2.110437e-01,5.012281e-01
3.604040e+00,-5.794976e-01,1.595887e+00,-3.234366e-01,-1.383200e-01,-2.132580e-01,4.265369e-02,-8.559797e-02,-1.060232e-01,-2.588559e-01,-8.597759e-02
4.124194e+00,-3.665386e-02,1.500724e+00,4.178901e-03,6.516141e-02,-2.040006e-01,7.340070e-02,1.572940e-01,4.839996e-02,-1.169900e-01,4.791778e-01
4.289168e+00,-7.671219e-02,1.603664e+00,-7.069574e-03,2.784896e-01,-3.773048e-02,-1.283416e-01,-7.698017e-02,3.503648e-02,-3.075780e-01,2.559397e-02
4.072911e+00,3.247194e-02,1.727941e+00,-5.626646e-01,3.755403e-02,-1.214990e-02,-2.730826e-02,-1.392484e-01,-2.501533e-02,-2.085664e-01,-1.033501e-01
3.987716e+00,-5.104754e-01,1.124876e+00,9.998817e-03,5.074286e-01,3.819287e-01,4.414051e-01,2.168411e-01,-7.671008e-03,-2.941662e-01,1.620908e-01
4.534252e+00,-2.216622e-02,1.512065e+00,-4.407237e-03,-2.246456e-02,-5.665412e-01,-2.196811e-01,-3.592417e-01,-2.315995e-01,-1.386748e-01,5.113766e-03
4.081397e+00,8.229834e-02,1.789251e+00,1.123972e-01,1.215602e-01,-3.181794e-01,3.040705e-01,2.865714e-01,1.876263e-01,-3.059148e-01,-7.184673e-02
4.143608e+00,-1.516564e-01,1.205551e+00,-6.379407e-01,-6.088906e-02,-1.096556e-01,1.722771e-01,-3.070182e-02,-9.911760e-02,2.604678e-01,2.529501e-01
4.104297e+00,-8.763112e-02,1.315230e+00,-1.565164e-01,1.892524e-01,-1.993814e-01,1.221616e-02,-2.201402e-01,1.452003e-01,1.407488e-01,1.798733e-01
4.363527e+00,1.684660e-01,1.794049e+00,-1.787670e-01,-9.189314e-02,-1.114341e-01,1.108523e-01,1.529997e-01,-1.116329e-01,-1.742223e-01,-3.660977e-02
4.297197e+00,-1.283896e-01,1.597140e+00,-1.321134e-01,3.060668e-04,-2.637903e-01,-1.140840e-01,-1.247199e-01,2.855175e-02,-2.210559e-01,9.604784e-02
3.982685e+00,-2.139371e-01,1.039641e+00,-1.400685e-01,2.648066e-01,-1.111142e-01,3.871475e-01,3.835793e-01,1.806909e-02,-7.775937e-02,3.424992e-01
4.212361e+00,-2.508196e-01,1.789138e+00,-4.273345e-02,5.544750e-03,-2.360141e-01,-4.866877e-01,-3.321804e-01,-5.100495e-01,-4.112746e-01,3.008965e-02
4.095049e+00,-6.892665e-02,1.618353e+00,-2.404492e-01,4.046183e-01,3.127921e-01,2.164836e-01,-6.986614e-02,1.921694e-01,-1.568290e-01,-6.661445e-02
4.546893e+00,-5.233309e-02,1.218118e+00,-4.074319e-01,-1.244778e-01,-9.162523e-02,1.786894e-02,2.769225e-01,2.867667e-01,2.114469e-02,3.698906e-02
3.916093e+00,-1.782604e-01,1.650779e+00,-5.130492e-01,-1.960979e-01,-2.835746e-01,-9.588058e-03,3.109788e-02,1.433493e-01,-3.544364e-01,1.554485e-01
4.175011e+00,-1.928375e-01,1.719426e+00,-6.906740e-03,2.049811e-01,-7.399717e-02,-6.601489e-02,-1.193289e-01,1.616763e-02,-1.959564e-01,2.823159e-01
4.510040e+00,-1.607345e-01,1.485459e+00,-8.182982e-02,-8.520176e-03,-7.760760e-02,-1.039305e-01,8.316034e-02,-2.468347e-01,-4.224874e-01,-9.724294e-02
4.117759e+00,9.464423e-02,1.383632e+00,-6.574503e-01,-2.603679e-02,-3.528419e-02,1.171977e-01,9.013871e-02,4.960902e-01,3.089076e-01,2.668266e-02
4.314063e+00,-9.075421e-02,1.237682e+00,-2.849550e-01,1.029630e-01,-1.646565e-01,-3.385337e-01,-2.138879e-01,-1.452630e-01,-3.043437e-01,9.631167e-03
4.380469e+00,-1.598347e-01,1.541545e+00,-7.053676e-02,3.459370e-01,-4.201814e-01,2.302309e-01,1.332278e-01,-1.669602e-01,-1.389160e-01,2.957614e-01
4.233210e+00,1.127277e-02,1.387852e+00,-8.106435e-02,-1.811150e-01,-3.828944e-02,5.007485e-01,1.418449e-01,4.682712e-03,-3.659027e-02,2.437727e-01
4.208742e+00,-2.427414e-01,1.239230e+00,-4.393142e-01,-6.517953e-02,-4.453662e-01,-7.000063e-02,-5.475950e-02,-2.619716e-01,5.599438e-02,5.337949e-02
4.332562e+00,2.571933e-01,1.665089e+00,-6.093270e-02,1.383566e-01,-3.411188e-01,1.466504e-01,1.300918e-01,6.837264e-02,-9.974382e-02,-5.181867e-02
4.515946e+00,2.375493e-01,1.226944e+00,3.889801e-02,2.446978e-01,-3.260810e-01,-7.535831e-02,-2.861272e-01,-3.174024e-01,-1.049691e-01,3.414082e-02
4.283951e+00,-2.305510e-01,1.156621e+00,-4.819649e-01,1.211154e-02,-6.378369e-03,3.164969e-01,1.537003e-01,2.627238e-02,1.324969e-01,4.266765e-01
3.852011e+00,-3.556257e-01,1.274221e+00,2.268561e-02,-2.184246e-02,-2.796524e-01,2.765122e-01,-5.048179e-02,6.690444e-02,-4.233862e-01,-2.435007e-01
4.184555e+00,-1.395812e-01,1.506235e+00,-3.528918e-02,4.438854e-03,-4.178100e-01,2.491223e-02,2.930493e-02,8.777485e-02,4.937306e-03,5.367579e-01
4.056575e+00,-1.924343e-01,1.723845e+00,-2.861255e-02,4.836438e-01,2.934832e-01,1.840211e-01,1.570298e-01,2.372433e-01,-1.414589e-01,-2.574934e-02
4.126069e+00,1.031850e-01,1.583531e+00,-6.250091e-01,-2.762718e-01,-1.696315e-01,-5.762799e-02,-4.285589e-01,9.663645e-02,-2.875019e-01,-1.735446e-01
4.186397e+00,-2.300965e-01,1.571557e+00,-4.678576e-02,1.331911e-01,1.273606e-01,4.976141e-02,-3.970052e-02,-3.427508e-02,-5.015899e-01,4.156838e-02
4.156209e+00,-1.132127e-01,1.860207e+00,9.244734e-02,7.158862e-02,-3.706111e-01,-3.214299e-01,-2.021378e-01,-8.056801e-02,-2.379395e-01,6.769653e-02
4.252055e+00,-3.491848e-02,1.532908e+00,-1.403323e-01,4.411373e-02,-1.382001e-01,1.121629e-01,2.899385e-01,2.323444e-01,-3.915969e-01,2.899579e-01
4.023031e+00,-3.521138e-01,1.561127e+00,-3.877919e-01,2.675376e-01,-1.091105e-01,-1.454328e-01,-1.027517e-01,-1.921491e-01,2.587787e-03,2.581399e-01
4.305788e+00,-2.002372e-01,1.317464e+00,-4.873321e-01,-8.862093e-02,-5.239816e-02,-1.850190e-01,-1.090588e-01,3.003781e-01,-2.772260e-02,1.992620e-01
4.204658e+00,2.512945e-01,1.762403e+00,-1.060405e-01,4.073271e-02,-1.077153e-02,3.292321e-01,5.976395e-01,8.061478e-02,-3.539776e-01,-1.505268e-01
4.067871e+00,-1.070385e-01,1.550742e+00,-1.800463e-01,1.094090e-01,-3.216662e-01,-1.666179e-01,-2.466226e-01,-1.265063e-01,-4.615036e-02,1.810259e-01
4.260564e+00,-1.985333e-01,1.505579e+00,-1.212331e-01,2.020239e-02,-1.120188e-01,9.325932e-02,-1.221812e-01,-3.658865e-01,-2.959847e-01,1.776978e-01
4.377960e+00,-1.487049e-01,1.616755e+00,-3.895012e-01,-5.478816e-02,-2.425682e-01,4.023159e-02,1.799996e-01,-2.081469e-01,-1.997447e-01,-6.150629e-02
4.204363e+00,-1.212921e-01,1.398719e+00,-2.973528e-02,3.244099e-01,2.120112e-01,3.047815e-01,-1.837266e-01,2.431655e-01,-1.311939e-01,-3.716529e-02
4.214661e+00,2.300293e-01,1.540709e+00,1.664016e-01,1.733714e-01,-3.833721e-01,-2.991794e-01,-2.087608e-01,-1.004468e-01,5.117994e-02,2.021244e-01
4.196429e+00,-1.081386e-01,1.380443e+00,-3.280584e-01,-3.761669e-01,-4.771676e-01,1.816333e-01,1.540930e-01,-1.912105e-03,-3.977550e-01,-5.453846e-02
4.489311e+00,-4.939405e-02,1.527035e+00,-5.990807e-02,-1.052755e-01,-1.547203e-01,3.294729e-01,1.414499e-01,1.638466e-01,-1.777849e-01,-1.052552e-01
4.108713e+00,-1.667444e-01,1.643198e+00,-3.106999e-01,-6.052244e-02,9.064162e-02,1.921439e-01,2.431150e-01,7.267874e-02,-1.670842e-01,-3.706675e-02
4.029702e+00,1.126172e-01,1.828399e+00,-1.806423e-01,-7.695654e-02,-5.280574e-01,-3.566277e-01,-2.813579e-01,3.308521e-01,-7.664101e-02,1.273266e-01
4.199654e+00,-1.600212e-01,1.154224e+00,-1.591423e-01,1.286147e-02,-1.276875e-01,1.019301e-01,-3.863685e-02,1.955554e-01,-2.054905e-01,7.097716e-02
4.098805e+00,-2.338248e-01,1.464590e+00,-3.290335e-01,1.255314e-01,9.573496e-02,2.669307e-01,3.465676e-01,-4.834136e-02,-2.292779e-01,2.128298e-03
4.314577e+00,2.103365e-01,1.828604e+00,-9.473942e-02,5.360198e-02,-1.518860e-01,-9.195774e-02,-2.424080e-01,-1.434490e-01,-2.723108e-01,2.549672e-01
3.930776e+00,-4.588195e-01,1.224644e+00,-2.678977e-01,9.467012e-02,-3.583798e-01,-1.622852e-01,3.379528e-02,-2.726746e-01,-3.663196e-01,-5.188836e-02
4.464423e+00,4.597416e-01,1.676371e+00,-3.551516e-01,2.987211e-02,-3.749206e-01,3.667011e-03,2.828969e-01,1.307787e-01,-2.332031e-01,9.649223e-02
4.173886e+00,-7.293171e-02,1.355011e+00,-2.913715e-01,2.818295e-01,2.146396e-01,2.151782e-01,1.859155e-01,1.941907e-01,-2.768935e-01,-3.295418e-02
4.217109e+00,-1.376588e-01,1.480722e+00,-4.890071e-01,1.692433e-02,-1.944639e-01,-3.531199e-02,-2.729671e-01,-1.192569e-01,4.916935e-02,3.809383e-01
3.791628e+00,-3.413776e-01,1.599307e+00,3.813100e-02,1.111512e-01,-1.843344e-01,2.897599e-01,3.011677e-01,8.326717e-02,-4.441838e-01,3.785531e-03
4.372302e+00,-1.443712e-01,1.442488e+00,-2.407803e-01,9.586484e-02,-3.495155e-01,1.981930e-01,3.351015e-01,7.658039e-02,-1.499227e-01,1.106431e-01
4.706409e+00,1.303821e-01,1.666494e+00,2.826012e-02,7.178967e-02,-6.534632e-02,1.174510e-01,-4.203591e-01,-7.467152e-02,-2.223695e-01,1.503552e-01
3.781331e+00,-6.625424e-02,1.485507e+00,-4.809974e-01,-1.099340e-01,-1.536635e-01,5.686929e-02,-9.254017e-02,-1.891526e-01,-2.016403e-01,-2.076945e-01
4.408168e+00,3.692598e-02,1.629729e+00,7.970752e-02,6.112897e-02,-4.547914e-01,1.558140e-02,2.836382e-02,-8.311030e-02,-1.364956e-01,6.431534e-02
4.298253e+00,-8.307799e-02,1.521339e+00,1.129703e-01,-2.838819e-02,-2.954654e-01,3.704136e-01,-1.034901e-01,1.180930e-01,4.468767e-02,-7.328262e-02
4.292970e+00,-6.199902e-03,1.561144e+00,-1.745346e-01,-1.224233e-01,-3.950426e-01,1.997132e-01,1.358192e-01,-3.223523e-01,-5.016158e-02,6.557655e-02
4.089215e+00,-3.437095e-01,1.451042e+00,-2.479811e-01,1.977994e-01,-8.844386e-02,2.010580e-03,-1.212360e-01,-2.251496e-01,-4.031603e-01,1.087559e-01
4.024957e+00,-1.267948e-01,1.380758e+00,-1.961106e-01,2.199659e-01,-5.461513e-02,-1.654781e-02,-1.844371e-01,1.917582e-01,7.685492e-02,-3.197242e-02
4.238849e+00,6.473906e-01,2.101360e+00,1.493584e-02,-4.208705e-03,-2.654249e-01,-9.060308e-02,3.292365e-01,-4.379439e-02,-4.169275e-01,-2.559040e-01
4.197545e+00,-1.281171e-01,1.307795e+00,-4.035301e-01,-5.473382e-02,-3.306211e-01,2.322196e-02,1.839021e-01,4.959192e-02,-2.262097e-01,9.315387e-02
4.245193e+00,-2.262305e-01,1.578511e+00,-2.090673e-01,-1.335327e-01,-1.143309e-01,1.198927e-01,4.630314e-02,-4.668537e-02,-3.515229e-01,1.389637e-01
4.078014e+00,2.086367e-02,1.695191e+00,-1.729252e-01,-9.462064e-03,-1.532806e-01,-2.634479e-02,1.484919e-01,7.196259e-02,-2.068809e-01,1.479745e-01
4.044498e+00,2.557593e-01,1.622114e+00,-1.654703e-01,3.654591e-01,1.473686e-01,-3.076914e-01,-1.591657e-01,7.627586e-02,-1.831685e-01,1.079643e-01
4.409011e+00,1.201465e-01,1.511122e+00,-3.208560e-01,-1.757495e-01,-2.442312e-01,2.249840e-02,-1.182722e-01,9.119073e-03,-1.711760e-01,-7.082603e-02
3.898752e+00,-5.415595e-01,1.301202e+00,-1.635814e-01,-1.567128e-01,-6.723945e-02,4.728201e-01,2.683196e-01,8.275208e-02,-2.568595e-01,-2.519481e-02
4.228557e+00,4.802607e-02,1.976391e+00,6.982783e-02,4.275473e-01,-1.738772e-01,-7.103918e-02,-7.308585e-02,-1.824447e-01,-3.416496e-01,4.021381e-01
4.395933e+00,2.276643e-01,1.462298e+00,-4.566219e-01,-3.332786e-01,-1.669688e-01,2.058916e-01,1.032058e-01,7.990300e-02,-1.611060e-01,9.173832e-02
4.114915e+00,-1.250026e-01,1.436536e+00,-5.067283e-01,-2.019403e-01,-2.463728e-01,-4.058634e-02,1.360327e-01,4.233118e-01,-1.084594e-01,-1.754960e-01
4.267347e+00,-7.089842e-02,1.206435e+00,-4.355486e-01,1.849709e-01,-3.107266e-01,1.927388e-01,2.693817e-01,7.548236e-03,1.255183e-01,3.631914e-01
4.128666e+00,-1.488379e-01,1.689983e+00,1.806546e-01,7.979069e-02,1.270085e-01,1.415114e-01,-2.489818e-01,-2.554319e-01,-2.655545e-01,-1.233077e-01
4.208179e+00,3.823500e-01,1.505447e+00,-3.436559e-02,-3.448603e-01,-4.498383e-01,1.810733e-01,8.474501e-02,-1.987552e-01,-1.488715e-01,-1.868600e-01
