2.572775e+00,6.217849e-01,6.796979e-01,-6.112679e-02,7.140696e-01,3.787686e-01,-3.970329e-01,7.837470e-02,-2.365000e-02,-4.176975e-01,-4.501629e-01
2.493146e+00,4.503598e-01,8.911977e-01,-4.215870e-02,4.761714e-01,-1.200639e-01,-2.523099e-01,1.384296e-01,2.124812e-01,-1.367015e-01,-1.477685e-01
2.965796e+00,2.578595e-03,5.575905e-01,-7.720872e-02,1.712077e-01,-6.665328e-01,-7.919358e-02,6.349528e-02,-2.570719e-01,4.982450e-02,-3.079749e-01
2.956090e+00,-2.397181e-01,8.346196e-01,1.373994e-01,-1.148681e-01,-7.764578e-01,-8.066190e-02,1.497253e-01,1.415411e-01,9.214410e-02,5.947580e-03
3.219171e+00,-1.734168e-01,1.023164e+00,2.719268e-01,2.880141e-01,-6.639106e-01,-4.847042e-02,1.949092e-01,3.500141e-01,-7.238560e-02,-1.973760e-01
3.187824e+00,-1.946957e-01,1.000703e+00,1.695410e-01,4.402688e-01,-2.592317e-01,-1.635353e-01,6.731287e-03,2.495765e-01,1.175652e-01,6.857333e-02
3.058115e+00,-2.453082e-01,1.006971e+00,-1.327328e-01,1.032828e-01,-5.745320e-01,2.717634e-01,3.041258e-01,8.873500e-02,-2.086739e-01,-9.939429e-02
3.112682e+00,-3.287966e-02,8.889735e-01,4.804646e-02,-4.320068e-02,-5.661084e-01,2.821100e-02,-3.392868e-01,-4.989065e-01,1.506005e-01,2.290947e-01
3.525541e+00,2.406091e-01,1.205120e+00,2.600803e-01,1.525781e-01,-9.588378e-01,-2.074284e-01,2.273623e-01,6.477589e-03,4.051320e-01,1.507157e-01
3.297758e+00,-2.928156e-01,1.148851e+00,2.451556e-01,2.663829e-01,-5.017781e-01,8.860048e-02,-1.170171e-01,-3.401407e-02,-9.996174e-03,2.350718e-01
3.749035e+00,-8.686013e-02,1.014795e+00,2.044598e-01,5.086584e-01,-4.334412e-01,-1.681210e-01,8.672335e-03,1.174374e-01,2.688867e-02,-2.264111e-01
3.019542e+00,-5.567764e-01,1.657525e+00,7.090261e-01,5.491886e-01,-8.023800e-01,7.956980e-02,1.111134e-01,-1.274520e-01,-4.782972e-01,-4.949656e-01
3.556422e+00,-5.688995e-01,7.176546e-01,-3.027034e-02,2.364190e-01,-1.020240e+00,-5.144185e-01,-1.091735e-01,-2.382434e-01,-2.874260e-01,-3.837523e-02
3.453521e+00,-7.221388e-01,8.385019e-01,2.809606e-01,5.498020e-01,-7.996495e-01,1.086089e-01,3.615397e-01,2.113591e-01,1.500983e-01,1.894679e-02
3.900030e+00,-1.104193e-01,1.457483e+00,2.216551e-01,5.534609e-02,-6.351656e-01,-8.322338e-03,3.457722e-02,2.700135e-01,7.937577e-02,2.740698e-01
3.317923e+00,-4.877715e-01,1.426649e+00,3.190440e-01,2.819380e-01,-9.799559e-01,-2.520139e-01,-1.113721e-01,4.210315e-01,2.309765e-01,1.811309e-01
3.565680e+00,-5.295868e-01,1.272327e+00,3.204710e-01,1.526627e-01,-8.138580e-01,2.674156e-01,-7.050352e-02,1.069381e-02,2.016014e-01,-4.091860e-02
4.236880e+00,-4.069607e-01,1.436184e+00,1.883755e-02,3.174868e-02,-7.397994e-01,5.214559e-02,-2.855595e-01,4.734338e-02,-9.380156e-02,1.714376e-01
3.926447e+00,-7.880291e-01,1.135322e+00,3.138246e-01,3.720831e-01,-6.204416e-01,1.695606e-01,4.574750e-02,2.753666e-01,4.846870e-01,3.837796e-01
4.480052e+00,-3.319520e-01,1.624324e+00,4.576332e-01,4.339326e-02,-7.499322e-01,-2.980256e-01,2.713591e-01,2.468171e-01,-4.431256e-03,-5.514627e-03
3.443904e+00,-1.081844e+00,1.224442e+00,2.460534e-01,6.124530e-01,-1.993320e-01,4.175618e-01,2.325283e-01,3.602305e-01,1.075188e-01,1.890148e-01
4.013709e+00,-6.587025e-01,1.110287e+00,-7.575738e-03,6.792988e-02,-9.229992e-01,-2.925689e-01,-2.923689e-01,-3.987117e-01,-1.506231e-01,-3.743855e-01
3.267014e+00,-1.228305e+00,1.204657e+00,2.764083e-01,4.053978e-01,-8.981970e-01,4.871126e-02,4.843681e-01,3.576729e-01,6.008312e-01,6.192830e-02
4.827470e+00,-2.278524e-01,1.358459e+00,1.378331e-01,7.300244e-01,-6.663053e-01,-2.451204e-01,-4.365831e-02,2.109732e-01,2.687027e-01,-1.129017e-01
4.088767e+00,-9.859676e-01,1.269621e+00,6.632610e-02,5.373829e-02,-8.836092e-01,1.066789e-01,5.089940e-01,4.698713e-01,3.358090e-01,1.281885e-01
4.346012e+00,-3.872199e-01,1.274631e+00,6.698689e-02,3.083176e-01,-4.867686e-01,-1.550496e-01,-6.904864e-02,2.549521e-01,2.153409e-01,1.170577e-01
3.933737e+00,-6.556317e-01,1.222807e+00,-9.882070e-04,-1.232041e-03,-7.284805e-01,-1.558081e-01,-1.248272e-01,-3.341906e-02,3.416968e-01,1.427099e-01
4.028885e+00,-3.502042e-01,1.116654e+00,1.972274e-01,3.749124e-01,-5.944229e-01,4.459099e-01,3.644874e-01,-1.247855e-01,1.214172e-01,2.415851e-01
4.690264e+00,1.052377e-01,1.203262e+00,-7.424506e-02,1.837029e-01,-3.240817e-01,-4.622079e-02,-1.222446e-01,3.588680e-01,2.215863e-01,-6.187786e-02
4.327276e+00,-3.831448e-01,1.614864e+00,4.453811e-01,1.793662e-01,-9.272707e-01,1.783707e-01,1.929024e-01,4.994760e-01,1.036567e-01,-9.574933e-03
4.136278e+00,-4.731369e-01,1.357255e+00,6.113216e-02,9.542068e-02,-8.720146e-01,-4.152676e-01,-8.400462e-02,3.826070e-01,1.849287e-01,-3.143470e-01
3.915201e+00,-9.204236e-01,7.725466e-01,2.508575e-01,3.299984e-01,-8.904341e-01,-1.739099e-01,-9.165355e-02,-1.922564e-01,4.798367e-02,-1.474619e-02
4.448368e+00,-8.080060e-02,1.519809e+00,4.269658e-01,4.928832e-01,-5.782436e-01,1.174714e-01,1.309949e-01,1.628213e-01,8.252769e-02,-3.277891e-01
4.115199e+00,-2.534488e-01,1.427998e+00,2.775453e-01,4.166349e-01,-4.995148e-01,-3.704830e-01,1.226023e-01,3.502454e-01,2.040768e-01,3.767974e-03
4.662720e+00,-9.978005e-02,1.179095e+00,2.534622e-01,3.390766e-01,-5.892506e-01,1.758339e-01,2.322437e-01,1.609287e-01,4.074220e-02,1.602203e-01
4.067898e+00,-3.391394e-01,1.022937e+00,-4.037869e-01,-1.782933e-01,-8.823987e-01,-7.539414e-02,5.800336e-02,-4.302118e-02,-1.866943e-01,2.416720e-01
4.459315e+00,-1.974029e-01,1.233777e+00,2.026091e-01,2.942558e-01,-4.903234e-01,5.902054e-02,9.329382e-02,-1.342308e-02,4.344617e-02,1.645175e-01
4.303186e+00,3.741725e-02,1.582770e+00,2.216114e-01,1.261937e-01,-4.744743e-01,3.329146e-01,-8.419081e-02,3.376665e-01,4.317839e-01,9.435403e-02
4.562625e+00,6.141100e-02,1.346757e+00,3.777611e-01,6.773578e-01,-4.164494e-01,-8.423249e-02,-2.613778e-01,1.716717e-01,-1.374621e-01,1.366785e-01
4.311768e+00,-4.068849e-01,6.917711e-01,-1.406802e-01,4.598541e-01,-7.741841e-01,1.105859e-02,1.327559e-01,4.198009e-01,1.108649e-01,2.758853e-01
4.070813e+00,-8.138850e-02,9.942088e-01,8.981089e-02,2.511152e-01,-1.166752e+00,-1.581668e-01,-1.983933e-01,-1.712916e-02,-2.866736e-01,9.168866e-02
4.315999e+00,-2.296424e-01,1.346052e+00,5.682627e-02,6.956625e-01,-4.559770e-01,3.339442e-01,3.246550e-01,3.474529e-01,1.349082e-01,2.829732e-02
4.215051e+00,-8.410623e-02,1.695002e+00,2.607801e-01,3.842557e-01,-5.420086e-01,3.822991e-01,-2.092894e-01,-9.476445e-02,-2.295478e-01,-3.675338e-01
4.060935e+00,-9.315719e-02,1.434870e+00,-6.141930e-02,7.464529e-01,-3.052903e-01,4.132211e-01,5.909534e-01,4.802070e-01,1.396856e-01,-5.874529e-02
3.982710e+00,-5.640888e-02,1.360359e+00,-1.926832e-02,4.672294e-02,-1.097882e+00,-3.910341e-01,-6.580276e-03,1.155811e-01,3.640709e-01,2.467649e-02
4.328900e+00,3.562135e-01,1.460358e+00,-1.474849e-01,-2.007423e-02,-1.017992e+00,6.807723e-02,7.136287e-01,1.167655e-01,5.144870e-02,-7.938496e-02
4.229650e+00,4.914878e-02,1.777861e+00,-2.022426e-01,3.319825e-01,-2.717391e-01,3.583195e-02,8.750353e-02,1.733115e-01,2.437206e-01,6.606031e-02
4.592950e+00,-4.189088e-02,1.976265e+00,2.574376e-01,3.925597e-01,-6.048689e-01,1.313966e-01,1.369649e-01,1.666019e-01,1.940502e-01,-1.215787e-01
4.026052e+00,-4.072257e-01,1.627392e+00,-1.623926e-01,1.370940e-01,-5.328532e-01,5.506178e-01,3.581980e-01,3.361035e-01,3.640080e-01,-1.440862e-01
4.358101e+00,-5.979712e-02,1.143019e+00,-2.749500e-01,-2.472184e-02,-7.261427e-01,-2.347406e-02,-6.839339e-02,-3.448211e-01,-1.547643e-01,-6.159070e-03
4.251592e+00,6.749561e-02,1.365991e+00,2.519925e-01,2.177573e-01,-4.514634e-01,5.090693e-01,2.013642e-01,2.919787e-01,1.466639e-01,-1.834683e-01
4.327989e+00,1.596198e-01,1.690087e+00,1.641098e-01,3.558892e-01,-3.396761e-01,-5.306328e-02,-2.590061e-01,2.506053e-01,1.510954e-01,-7.576452e-03
4.311392e+00,-2.734666e-01,1.720660e+00,3.964540e-01,3.402154e-01,-1.235949e-01,3.154289e-01,-2.586807e-01,1.886906e-01,5.369648e-02,1.657625e-01
4.364223e+00,-3.430659e-01,1.468178e+00,2.871558e-01,3.377615e-01,-2.694891e-01,1.943838e-01,-3.757545e-01,-1.582751e-01,-2.393196e-02,-2.616435e-01
4.419482e+00,-2.538477e-01,1.288413e+00,9.440937e-02,6.053701e-02,-7.261456e-01,1.309987e-01,-1.156630e-01,1.373636e-02,1.117524e-01,2.955645e-01
4.397556e+00,-1.218535e-02,1.399878e+00,1.272687e-01,-7.636879e-02,-3.154880e-01,3.758992e-01,-1.321901e-01,3.264250e-01,4.736350e-02,-5.743336e-02
4.629351e+00,3.570911e-02,1.588056e+00,2.501062e-01,4.141143e-03,-1.292560e-01,3.596473e-01,-8.426565e-02,3.589109e-01,-4.188105e-02,7.958113e-02
4.234775e+00,-4.867206e-01,1.741499e+00,3.909762e-02,-1.661797e-02,-2.047990e-01,4.325397e-01,3.006834e-02,1.528149e-01,-8.015195e-02,-5.054063e-02
4.160418e+00,-1.580134e-01,1.670798e+00,3.949327e-01,5.475547e-02,-5.424772e-01,-1.501803e-01,-1.222804e-01,9.716608e-02,5.084090e-02,2.819036e-02
4.818519e+00,-6.892200e-02,1.507916e+00,1.695878e-01,2.243803e-02,-6.272695e-01,1.798040e-01,1.039309e-01,-4.582509e-02,2.941944e-01,-1.261359e-01
4.410243e+00,1.932029e-02,1.863041e+00,2.249321e-01,1.095198e-01,-1.443919e-01,2.677486e-01,-6.367868e-02,2.254108e-01,3.073590e-02,2.500770e-02
4.605966e+00,1.945131e-01,2.056494e+00,2.050230e-01,-4.107721e-02,-3.204548e-01,2.665601e-01,5.386228e-02,2.479759e-01,1.522132e-01,-3.361044e-01
4.196487e+00,-3.184075e-01,1.789257e+00,3.580690e-01,4.567031e-01,-2.705480e-01,5.688469e-01,1.048509e-01,-1.235382e-01,-2.073944e-01,-2.932928e-01
4.483555e+00,-4.919841e-01,1.363412e+00,-1.341540e-01,-1.656455e-01,-5.890634e-01,3.998590e-01,-3.141527e-01,-2.939983e-01,-3.346550e-01,-2.663856e-01
4.227917e+00,-6.452866e-01,1.155389e+00,-1.063564e-02,4.767578e-01,-2.108340e-01,5.561356e-01,3.511570e-01,2.730037e-01,2.212092e-01,-6.326283e-02
5.028582e+00,-2.900865e-01,1.770486e+00,4.275625e-01,1.108183e-01,-5.012097e-01,2.380396e-01,5.009812e-02,3.483921e-01,1.427024e-01,5.757531e-02
4.505895e+00,-6.654824e-01,1.390203e+00,1.731585e-01,3.874547e-01,-2.389554e-01,2.079945e-01,-1.345263e-01,2.796343e-01,3.657667e-01,1.945668e-01
4.387482e+00,-6.925502e-01,1.607447e+00,3.390389e-01,2.109045e-01,-3.993926e-01,3.492351e-01,-7.351115e-02,1.737331e-01,6.933118e-02,-8.006541e-02
4.522960e+00,-5.712824e-01,1.456084e+00,2.882258e-01,1.256888e-01,-6.837859e-01,2.256959e-01,-3.016700e-01,3.143538e-02,1.380788e-01,-9.653707e-02
4.508305e+00,-5.207188e-01,1.583068e+00,1.558201e-01,2.697201e-01,-5.129430e-02,6.358904e-01,4.304655e-01,2.997569e-01,2.618307e-02,-1.047931e-01
5.114008e+00,-1.394168e-01,1.703019e+00,2.607724e-01,-8.328989e-02,-3.719417e-01,5.344108e-01,1.083037e-01,-5.796973e-02,-2.385460e-01,1.249215e-01
4.406149e+00,-3.807780e-01,1.842742e+00,1.640827e-01,1.182064e-01,1.728487e-01,9.897589e-01,1.472241e-01,3.149083e-02,-1.488167e-01,-2.153135e-02
4.289948e+00,-4.575256e-01,1.814206e+00,3.218566e-01,-2.663111e-01,-8.841950e-01,1.516316e-01,-6.883894e-02,-1.161284e-01,-4.029187e-01,-3.890285e-01
4.003900e+00,-1.098353e+00,1.295893e+00,-3.752840e-02,3.439654e-01,-2.995863e-01,3.927688e-01,1.804915e-01,3.103833e-02,2.067945e-01,1.601325e-02
4.945510e+00,-5.192314e-01,1.851320e+00,6.296183e-01,6.923621e-01,-3.150980e-01,1.725499e-01,-4.025585e-02,-5.784964e-02,-1.401990e-01,-1.251624e-01
4.502235e+00,-5.436730e-01,1.685786e+00,2.172922e-01,5.595861e-02,-2.941825e-01,2.525463e-01,3.763611e-01,4.822219e-01,2.465966e-01,-2.053856e-02
4.891077e+00,-4.676787e-01,1.515241e+00,3.732743e-01,4.486713e-01,-3.858026e-01,3.749564e-01,1.105987e-01,-1.738643e-01,3.359804e-02,8.550340e-02
4.273681e+00,-8.417224e-01,1.088311e+00,-3.010084e-01,-2.102910e-01,-5.696951e-01,3.909030e-01,1.895142e-01,-1.624932e-01,-1.865077e-01,-9.060425e-02
4.387716e+00,-5.071720e-01,1.779226e+00,2.871861e-01,7.742951e-01,2.246413e-01,5.155655e-01,-1.237697e-01,-5.402177e-01,-2.838466e-01,-1.510148e-02
4.841453e+00,-2.934163e-01,1.390669e+00,1.121575e-01,2.356237e-01,-3.893384e-01,3.063339e-01,2.190386e-01,3.339253e-01,2.966858e-02,1.161705e-01
4.837471e+00,-2.862319e-01,1.714208e+00,4.603992e-01,3.691757e-01,9.209821e-03,1.652065e-01,-2.517687e-01,-2.377775e-03,5.234445e-02,4.273617e-02
4.727182e+00,-1.005839e+00,1.039317e+00,3.667219e-02,2.666746e-01,-5.123373e-01,6.073009e-02,4.984028e-03,-1.055538e-01,-3.352153e-02,1.199750e-01
4.156663e+00,-1.190278e+00,1.319934e+00,3.372614e-01,2.779829e-01,-6.768030e-01,4.192986e-02,-2.962299e-01,-5.215498e-01,-2.239164e-01,-1.928328e-01
4.836727e+00,-5.016098e-01,1.663711e+00,4.139510e-01,5.293622e-01,-6.320341e-02,6.708075e-01,-1.577080e-02,-1.175143e-01,-1.490108e-01,-1.020590e-01
4.499334e+00,-4.097975e-01,1.601343e+00,7.936844e-02,2.850315e-01,-7.910786e-02,4.346374e-01,2.274109e-01,-7.561339e-03,-1.303648e-01,1.475297e-01
4.825191e+00,-2.706523e-01,1.555621e+00,-9.088015e-02,2.828858e-01,6.450280e-02,9.883083e-01,1.445893e-01,-9.908577e-02,2.963493e-03,1.272732e-01
4.170283e+00,-9.776718e-01,1.206273e+00,-1.619499e-01,-3.800337e-02,-6.261699e-01,1.036705e-02,-1.443502e-01,1.144214e-01,7.517593e-02,4.635277e-02
4.763023e+00,-3.004825e-01,1.697958e+00,3.806481e-01,1.167014e-01,-6.951064e-01,4.522743e-01,3.804001e-01,-1.705882e-01,-7.559345e-02,-2.157914e-01
4.469767e+00,-6.337968e-01,1.600510e+00,4.933395e-01,5.998453e-01,-3.589531e-01,4.709880e-01,-6.628494e-03,1.120586e-01,8.752279e-02,1.698793e-01
4.992475e+00,-3.465721e-01,1.881007e+00,4.519697e-01,4.489247e-01,-3.018697e-01,1.095278e-01,1.013832e-01,3.535198e-02,-3.297564e-01,-1.372197e-01
4.244327e+00,-4.401177e-01,1.524533e+00,-4.117575e-02,-1.180132e-01,-4.851184e-01,3.848203e-01,2.134340e-01,4.457362e-01,9.136743e-02,1.708611e-01
4.517692e+00,-6.451195e-01,1.225184e+00,4.333263e-02,-1.247081e-01,-3.111068e-01,1.327099e-01,-4.474124e-01,-2.972368e-01,-4.907707e-01,-2.418238e-01
4.437908e+00,-5.399958e-01,1.488990e+00,3.260368e-01,4.829262e-01,1.075827e-01,7.133767e-01,3.249355e-01,8.067856e-03,-1.574329e-01,9.432223e-02
4.888871e+00,-3.352421e-01,1.431113e+00,2.798187e-01,4.961161e-01,-2.936052e-01,3.788671e-01,-3.526980e-02,-1.122890e-01,3.603351e-02,-3.924479e-02
4.630091e+00,-6.774723e-01,1.530621e+00,5.620036e-01,7.135262e-01,-1.853955e-01,4.287376e-01,1.684879e-01,1.189640e-01,-1.590138e-02,5.822176e-02
4.475097e+00,-5.655019e-01,1.481721e+00,-1.762764e-01,1.062155e-01,-4.004112e-01,2.365016e-01,-5.746685e-03,1.976656e-01,-1.231481e-01,-1.809221e-01
4.682520e+00,-6.003186e-01,1.371169e+00,2.424725e-01,2.964456e-01,-4.394846e-01,2.499685e-01,-1.343239e-01,-2.493726e-01,-2.902154e-02,9.850222e-02
4.443387e+00,-3.365130e-01,1.851644e+00,-1.389343e-01,3.036718e-02,-1.826831e-01,8.416736e-01,3.270475e-01,1.872173e-01,-7.566672e-02,1.410408e-01
4.731040e+00,-2.071226e-01,1.878793e+00,4.814880e-01,6.115649e-01,2.049486e-01,4.609449e-01,-1.410357e-01,-6.783015e-01,-3.335606e-01,1.558156e-01
4.795622e+00,-8.159952e-01,1.139952e+00,-6.835863e-03,1.957286e-01,-1.770645e-01,5.301426e-01,3.653156e-01,2.062560e-01,4.538410e-04,4.886193e-02
4.688781e+00,-6.752025e-01,1.408442e+00,2.218145e-01,3.622871e-02,-4.296133e-01,-2.742677e-02,-4.713812e-01,-1.125535e-01,-3.360753e-01,-1.437762e-01
4.871313e+00,-5.365981e-01,1.293860e+00,2.620755e-01,3.399675e-01,-3.393343e-01,1.469486e-01,1.792233e-01,2.538359e-01,7.233154e-02,-7.320068e-02
4.431084e+00,-4.965286e-01,2.157059e+00,8.581240e-01,5.768760e-01,-2.547028e-01,3.278678e-01,-1.713183e-01,-1.994541e-01,-4.912687e-01,-3.667653e-01
4.697336e+00,-5.388361e-01,1.847174e+00,3.660317e-01,5.097310e-01,4.406018e-02,3.664313e-01,9.259044e-02,-2.041299e-01,-1.800634e-01,-5.128559e-02
4.593945e+00,-3.480945e-01,1.688024e+00,3.469720e-01,1.961555e-01,-4.037540e-01,4.338203e-01,8.557665e-02,-2.462647e-01,-4.730717e-02,1.078317e-01
4.454175e+00,-4.161593e-01,1.417363e+00,3.998399e-02,-1.520591e-01,-5.255526e-01,4.545819e-01,6.060313e-02,-2.514605e-01,-1.043316e-01,-8.503351e-02
4.441816e+00,-5.912784e-01,1.290270e+00,4.963638e-03,2.433416e-01,-6.806974e-02,3.301715e-01,3.256956e-01,2.043664e-01,-1.204191e-01,-1.775822e-02
4.778820e+00,-3.291506e-01,1.748976e+00,3.796627e-01,3.292764e-01,-3.161819e-01,5.445396e-01,2.216412e-01,-8.295966e-02,-9.909627e-02,-1.570764e-01
4.508763e+00,-5.200369e-01,1.702610e+00,1.502860e-01,2.440870e-01,-9.381034e-02,3.304002e-01,-3.950109e-02,2.578054e-01,-6.966471e-02,-9.544535e-02
4.645799e+00,-7.508013e-01,1.527346e+00,2.469640e-01,2.312938e-01,-4.009382e-01,2.125788e-01,-1.050074e-01,-9.213201e-02,-2.975660e-01,1.275849e-01
4.927262e+00,-5.757766e-02,1.272335e+00,1.551659e-01,-1.234095e-01,-5.770026e-01,3.174457e-01,2.058499e-02,-1.780306e-01,-1.981700e-01,2.240771e-01
4.838163e+00,-4.325576e-01,1.563930e+00,3.051998e-01,4.060364e-01,-1.014989e-01,3.972503e-01,-1.311927e-01,9.321620e-02,-1.736895e-01,2.098733e-01
4.856252e+00,-2.003094e-01,1.670527e+00,2.675861e-01,3.721715e-01,-1.880272e-01,2.424320e-01,-8.032821e-03,4.550406e-02,-1.241806e-01,-1.257519e-01
4.723705e+00,-7.324279e-01,1.481912e+00,2.439642e-01,5.123454e-01,8.614272e-02,5.598049e-01,-3.791746e-02,9.479735e-02,1.289316e-02,-1.789624e-01
4.546390e+00,-8.660374e-01,1.168643e+00,-4.418107e-02,2.376161e-01,-5.101758e-01,2.295333e-02,-2.781296e-01,-1.204315e-01,-5.567316e-01,-2.229488e-01
4.382624e+00,-7.737943e-01,1.248406e+00,1.629688e-01,2.628281e-02,-3.381153e-01,5.466024e-01,3.723770e-01,1.557293e-01,4.247240e-02,7.039874e-02
4.950920e+00,-2.654155e-01,1.591618e+00,3.787832e-01,5.838314e-01,-3.437792e-01,3.419607e-01,1.036261e-01,3.113239e-02,-8.874794e-02,3.880036e-02
4.600725e+00,-2.298568e-01,1.990387e+00,4.421716e-02,-5.899139e-02,-3.101110e-01,5.382064e-01,2.270051e-01,-6.080503e-04,-2.850695e-01,1.152870e-01
4.226215e+00,-4.696351e-01,1.617875e+00,3.574014e-01,4.469733e-01,1.358639e-01,5.753224e-01,-1.839763e-01,-2.142567e-01,-1.723764e-01,-3.750006e-02
4.498270e+00,-6.285569e-01,1.436991e+00,9.708185e-02,-2.120972e-01,-5.986071e-01,1.154118e-01,-2.822018e-01,1.089060e-01,-2.173368e-01,-1.057254e-01
4.665254e+00,-7.868836e-01,1.671519e+00,3.553467e-01,2.025486e-01,-6.826549e-02,5.712102e-01,1.934047e-01,3.513332e-01,-5.146198e-02,3.351643e-02
5.205774e+00,-1.841451e-01,1.324168e+00,2.158159e-01,3.606338e-01,-4.246246e-01,2.284955e-01,8.351577e-02,4.090922e-02,-1.330851e-01,-1.690375e-02
4.414397e+00,-5.604428e-01,1.831806e+00,4.857992e-01,3.914075e-01,-8.181007e-02,5.557400e-01,3.963782e-01,8.484171e-02,-3.013375e-01,-3.324481e-02
4.099143e+00,-4.417576e-01,1.635121e+00,1.033261e-01,1.876574e-01,-3.881450e-01,-4.731974e-02,-3.192206e-01,-2.455468e-01,-3.727665e-01,-3.633791e-01
4.334685e+00,-9.532920e-01,1.277143e+00,-2.345556e-02,-9.195092e-02,-3.794464e-01,4.314256e-01,-9.877933e-02,-1.278127e-01,2.692787e-01,1.821955e-01
4.667857e+00,-2.889777e-01,2.161709e+00,4.429118e-01,3.385985e-01,-5.600009e-02,4.272743e-01,4.581049e-02,2.122495e-02,-3.654034e-01,-2.502959e-01
4.800279e+00,-4.295871e-01,1.455000e+00,2.622648e-01,3.130788e-01,-2.627058e-01,2.045959e-01,2.733712e-01,1.932705e-01,1.009310e-01,1.776205e-01
4.462103e+00,-5.654492e-01,1.395591e+00,5.779215e-01,8.339996e-01,-8.752882e-02,3.690327e-01,2.979559e-01,-5.979203e-02,-2.069313e-01,-1.060498e-01
4.495450e+00,-1.033971e+00,1.135855e+00,-3.929660e-01,3.234696e-02,-3.594917e-01,1.465016e-01,-2.862515e-01,-8.539281e-02,-2.339243e-01,-1.825329e-01
4.788006e+00,-6.579114e-01,1.606977e+00,3.529121e-01,3.884295e-01,-5.106171e-02,4.896519e-01,-1.241526e-01,-6.261812e-02,-1.306210e-01,-1.756882e-01
4.914145e+00,-2.482726e-01,1.742922e+00,8.626726e-02,-2.144670e-01,-3.050558e-01,4.145559e-01,1.022712e-01,2.275081e-01,-2.988021e-02,2.533810e-01
4.926870e+00,-3.635750e-01,1.779278e+00,3.313107e-01,3.454253e-01,-1.784890e-02,1.377308e-01,-1.959232e-01,-1.780281e-02,-2.949860e-02,3.422090e-01
4.539775e+00,-7.700316e-01,1.089331e+00,5.221595e-02,6.981027e-02,-5.867719e-01,1.100861e-01,1.550663e-01,-1.759833e-01,-7.210841e-02,1.841517e-02
4.204199e+00,-7.936316e-01,1.362218e+00,-7.185399e-02,2.605514e-01,-5.224147e-01,1.278515e-02,-2.605304e-01,-2.470440e-01,-2.008909e-02,-7.107199e-02
4.736959e+00,-5.179466e-01,1.675071e+00,3.465100e-01,5.104282e-01,-2.099265e-01,4.158758e-01,1.562063e-01,2.354199e-01,-2.068102e-01,-2.665918e-01
4.621498e+00,-4.639095e-01,1.578205e+00,1.596604e-01,8.883988e-02,-3.309992e-01,7.103705e-01,2.218617e-01,1.401992e-01,2.464215e-01,3.593518e-02
4.548756e+00,-3.666773e-01,1.687813e+00,1.083936e-01,5.122971e-01,1.734560e-01,4.292044e-01,1.315766e-01,1.766935e-01,-2.732962e-01,-3.046154e-01
4.079209e+00,-6.531442e-01,1.622742e+00,9.208486e-02,-1.990713e-01,-6.145007e-01,2.334950e-01,2.304321e-01,7.242075e-02,5.689200e-02,2.146810e-01
4.582676e+00,-7.325501e-02,1.508178e+00,3.996943e-01,4.639782e-01,-2.199023e-01,1.917832e-01,-1.376778e-01,-1.751170e-01,-1.284767e-01,-3.421428e-01
4.340257e+00,-8.791368e-01,1.435895e+00,5.673634e-01,3.718760e-01,-5.414700e-02,3.379231e-01,1.843058e-02,2.660000e-01,5.926575e-02,5.168641e-01
4.997626e+00,-1.914053e-01,1.980480e+00,3.723880e-01,1.089545e-01,-3.459987e-01,3.174298e-01,-1.458093e-01,3.061874e-01,-4.347850e-02,-3.164816e-01
4.276440e+00,-8.603418e-01,1.312766e+00,1.445054e-01,9.850497e-02,-2.843608e-01,3.096861e-01,1.160375e-01,4.006979e-01,2.372336e-01,2.995843e-01
4.587269e+00,-7.024086e-01,1.604478e+00,-4.033169e-01,-4.851518e-02,-5.213954e-01,2.920802e-01,-2.560024e-01,-4.055983e-01,-4.841344e-01,-1.817783e-01
4.188643e+00,-4.499810e-01,1.331496e+00,4.182773e-01,7.912601e-01,2.374200e-01,8.901982e-01,2.804177e-01,-1.011624e-01,-1.576248e-01,-7.195035e-03
4.946842e+00,-2.839482e-01,1.707628e+00,5.191427e-02,2.321480e-01,-2.488264e-01,3.855730e-01,7.383799e-02,-1.465660e-01,1.934928e-01,1.650207e-01
4.385105e+00,-4.820440e-01,2.021001e+00,3.734426e-01,3.834721e-01,-2.418512e-01,3.103792e-01,-6.043298e-03,3.565998e-01,-9.490154e-02,3.385148e-02
4.668089e+00,-7.791766e-01,1.296494e+00,4.466761e-02,3.643833e-01,-2.059002e-01,2.759133e-01,-5.311560e-02,1.547488e-01,2.894612e-01,-2.273740e-02
4.412982e+00,-6.895377e-01,1.615717e+00,3.760598e-01,5.380961e-01,-3.383682e-01,-4.658030e-02,-3.224625e-01,-1.540239e-01,-3.033297e-01,-1.563222e-01
4.253533e+00,-9.815451e-01,1.237585e+00,2.222623e-01,4.702299e-01,1.722594e-01,6.443612e-01,5.672216e-01,6.506731e-01,2.805228e-01,6.044454e-02
4.981065e+00,-1.107959e-01,1.671490e+00,4.969392e-01,4.426622e-01,1.648192e-02,3.844391e-01,-2.228558e-01,-2.805924e-01,-1.808414e-01,-5.020245e-02
4.538356e+00,-6.478045e-01,1.416336e+00,-2.595604e-02,-5.269456e-02,-6.952440e-02,6.268126e-01,3.896067e-01,2.634695e-01,3.286645e-03,2.558022e-01
4.682222e+00,-2.859532e-01,1.642840e+00,-7.860984e-02,4.438180e-02,-2.959485e-01,-1.112361e-01,-4.743117e-01,-1.732857e-01,1.262887e-02,-1.355159e-01
4.405013e+00,-4.769517e-01,1.662443e+00,2.890911e-01,6.123520e-03,-6.530584e-01,3.580251e-01,2.816037e-01,1.750765e-01,7.312459e-02,-1.102570e-01
4.521094e+00,-5.569942e-02,2.152889e+00,3.472785e-01,4.685811e-01,6.290584e-02,-6.754713e-02,-8.316886e-02,-2.057283e-01,-5.246698e-02,-1.488312e-01
4.745010e+00,-4.715070e-01,1.590756e+00,4.897140e-01,3.352555e-01,-2.849654e-01,4.174983e-01,1.099895e-01,6.389903e-02,-8.789322e-02,-5.274443e-03
4.723369e+00,-2.186140e-01,1.913306e+00,2.684204e-01,1.505553e-01,-5.247531e-01,2.655039e-01,3.975849e-01,3.800315e-02,1.516247e-01,-1.364991e-01
4.251570e+00,-6.859470e-01,1.472783e+00,-3.046556e-01,1.425956e-02,-2.201792e-01,2.507168e-01,-1.364027e-01,-2.033358e-01,-1.268166e-01,-2.281781e-02
4.445441e+00,-7.294251e-01,1.322335e+00,1.282515e-01,1.896521e-01,-1.509048e-01,6.238451e-01,-5.542696e-02,-8.818388e-02,1.433678e-01,1.691494e-02
4.725531e+00,-2.093682e-01,1.788571e+00,3.014156e-01,4.513442e-01,1.244030e-01,1.740464e-01,3.365483e-02,1.851129e-01,-1.227473e-01,-2.997144e-01
4.590109e+00,-6.805172e-01,1.596764e+00,5.461795e-01,6.442582e-01,-2.563461e-01,1.501342e-01,-1.582981e-01,2.427308e-01,-1.199872e-01,1.194830e-01
4.873878e+00,-5.611369e-01,1.583179e+00,2.167196e-01,6.392972e-02,-4.629566e-01,1.540545e-01,-5.004186e-02,1.061277e-01,2.290623e-02,-1.613999e-01
4.600049e+00,-6.044049e-01,1.290047e+00,-3.032509e-02,1.948973e-01,-5.385441e-01,3.031073e-02,-2.652017e-01,-1.736666e-01,1.683326e-02,1.770045e-01
4.769765e+00,-3.014176e-01,1.800673e+00,1.448623e-01,2.367801e-01,-1.854676e-01,4.461927e-01,8.319561e-02,5.627201e-02,1.014129e-01,-9.222225e-02
4.613770e+00,-4.948686e-02,1.757899e+00,2.413455e-01,4.048094e-01,-2.406709e-02,5.573435e-01,-2.128223e-01,-3.060586e-01,-1.808407e-01,-1.329393e-01
4.623704e+00,-3.259487e-01,1.556246e+00,-1.344697e-01,4.566517e-01,2.628722e-01,5.816209e-01,2.553628e-01,1.551162e-01,-8.483579e-02,1.039797e-01
4.282656e+00,-6.752750e-01,1.339738e+00,9.506278e-02,-1.770570e-01,-5.658038e-01,1.221929e-02,-2.295934e-01,-7.071419e-02,-2.977297e-01,-2.009422e-01
4.479397e+00,-4.065022e-01,1.201985e+00,1.269653e-02,3.320765e-01,-4.814465e-01,1.193536e-01,-9.749235e-02,2.281342e-01,2.874154e-01,2.039568e-02
4.468348e+00,-4.800890e-01,2.101390e+00,6.879238e-01,6.175393e-01,-6.780534e-02,2.306704e-01,-4.239565e-02,-6.073299e-02,-1.196202e-01,-6.520831e-03
4.849816e+00,-2.186744e-01,1.681078e+00,2.617077e-01,4.320453e-01,-2.183289e-01,4.009430e-01,-2.714821e-01,1.872426e-01,-8.090319e-02,-3.064425e-01
4.325735e+00,-5.425975e-01,1.685170e+00,3.538417e-01,2.347326e-01,8.474136e-02,3.641232e-01,1.880934e-02,2.067116e-01,-1.373968e-01,-1.056901e-02
4.153245e+00,-4.861910e-01,1.435360e+00,-5.891223e-02,-2.658545e-01,-6.651487e-01,-7.398502e-02,-1.802620e-01,4.242642e-02,-3.327358e-01,-2.467025e-01
4.790668e+00,-3.358840e-01,1.479840e+00,9.873834e-02,3.005079e-01,-1.140015e-01,6.232435e-01,1.170805e-01,2.807530e-01,1.740683e-01,-4.319916e-02
4.855329e+00,-3.374096e-01,1.558936e+00,2.562982e-01,3.617518e-01,-3.983305e-01,1.921705e-01,8.740384e-02,-1.504765e-01,-9.940052e-03,5.508962e-02
4.429837e+00,-1.562436e-01,2.001908e+00,2.757629e-01,4.075813e-01,-1.817693e-01,2.740373e-01,2.279177e-01,5.460027e-01,8.138507e-03,-3.651676e-01
4.140576e+00,-9.799049e-01,1.223915e+00,3.487027e-02,-9.656246e-02,-5.246560e-01,-9.951556e-02,-5.670036e-01,-1.291706e-01,-3.775913e-02,3.681384e-02
4.487450e+00,-5.171123e-01,1.434740e+00,-2.772490e-01,7.410126e-02,-5.478513e-01,1.549305e-01,6.160426e-02,4.180759e-02,-1.216656e-01,6.499200e-02
4.830502e+00,-2.674595e-01,1.737061e+00,1.747492e-01,3.060629e-01,1.638518e-01,5.997927e-01,-6.291412e-02,-1.474712e-01,1.323878e-01,1.889898e-01
4.944620e+00,-2.907304e-01,1.567404e+00,3.099028e-01,3.279826e-01,-2.183160e-01,3.547174e-01,-3.789531e-02,5.950290e-02,1.449418e-01,1.421621e-01
4.541848e+00,-5.243920e-01,1.575108e+00,2.589971e-01,4.929149e-01,3.295462e-01,4.319678e-01,8.396788e-03,6.016635e-02,-1.477874e-01,-2.037177e-01
4.616264e+00,-7.765545e-01,1.074121e+00,1.195482e-01,2.283782e-01,-1.907212e-01,5.145341e-02,-3.611911e-01,-2.189045e-01,-1.669959e-01,-2.976817e-01
4.668147e+00,-2.465188e-01,1.773061e+00,2.296993e-01,1.903665e-01,-3.306160e-01,2.200316e-01,2.363695e-01,3.711434e-01,-2.570706e-01,-3.304063e-01
4.741545e+00,-3.331195e-01,1.686374e+00,1.108286e-01,2.738484e-01,-2.360444e-01,2.867984e-02,-5.949453e-02,5.834049e-02,2.324239e-01,1.758106e-01
4.930830e+00,-1.605309e-01,1.781658e+00,3.091526e-01,2.260975e-01,-2.641035e-01,3.696165e-01,-3.850525e-02,3.569367e-02,8.530367e-02,3.957144e-02
4.385130e+00,-4.513727e-01,1.405176e+00,-1.987518e-02,2.476381e-01,-1.810403e-01,2.634644e-01,-1.836987e-02,-2.606887e-01,-2.581414e-02,-5.182067e-02
4.227881e+00,-5.167897e-01,1.244777e+00,-4.443394e-02,3.105360e-02,-5.293414e-01,-9.893901e-02,-1.595252e-01,-3.504212e-03,1.700872e-02,-3.647397e-02
4.659764e+00,-3.420836e-01,1.605668e+00,2.560928e-01,3.181889e-01,-2.312452e-01,5.181208e-01,1.209127e-01,3.091833e-01,5.835074e-02,-3.206725e-01
4.785481e+00,-2.439762e-01,1.525623e+00,1.215989e-01,3.303964e-01,-1.109754e-01,1.614358e-01,1.856374e-01,2.817512e-01,1.105845e-01,2.749400e-02
4.504340e+00,-4.253385e-01,1.909613e+00,3.547743e-01,3.377974e-01,-1.312090e-02,4.324464e-01,-6.372565e-02,2.793422e-02,-1.036441e-01,-2.149748e-01
4.280169e+00,-3.020396e-01,1.885349e+00,3.234053e-01,1.503906e-01,-4.600369e-01,1.506308e-01,-1.315253e-02,8.569231e-02,-1.905709e-01,-4.155353e-02
4.763754e+00,-2.798290e-01,1.596840e+00,7.544164e-02,2.325965e-01,-2.193627e-01,2.924391e-01,-3.383307e-01,-2.152474e-01,-9.432613e-02,7.821096e-02
4.378028e+00,-5.172193e-01,1.498801e+00,3.958992e-01,5.843918e-01,-1.087923e-01,4.938604e-01,-1.942032e-02,-3.727248e-02,-3.685590e-02,-7.123561e-03
5.048226e+00,-1.586862e-02,1.806301e+00,1.803236e-01,2.863527e-01,-3.383242e-01,1.714263e-01,-2.861308e-02,3.351338e-01,1.340038e-02,-2.192462e-01
4.275635e+00,-7.741892e-01,1.474448e+00,1.223378e-01,6.064695e-01,-7.809515e-02,3.483267e-01,-7.881887e-02,1.138807e-01,1.681756e-01,1.414361e-01
4.739075e+00,-5.539150e-01,1.277460e+00,-1.083126e-01,1.803941e-02,-4.589161e-01,5.282947e-02,-2.104594e-01,-5.069335e-02,-2.491769e-01,-5.498892e-01
4.258210e+00,-7.600864e-01,1.339580e+00,2.353745e-01,5.663084e-01,2.318918e-02,6.263518e-01,-1.003479e-01,7.745779e-02,2.995257e-01,1.904824e-01
4.902558e+00,6.211276e-02,1.684660e+00,1.316398e-01,2.669733e-01,-3.649211e-01,1.095088e-01,2.377091e-01,2.145905e-01,1.482631e-01,9.874210e-02
4.531457e+00,-2.576439e-01,1.561082e+00,1.996729e-01,3.077603e-01,-1.416910e-01,3.553569e-01,-2.606088e-01,8.553874e-03,2.328133e-01,4.435513e-01
4.584971e+00,-5.394431e-01,1.348132e+00,1.626927e-02,3.507621e-01,1.550244e-02,4.293522e-01,4.221160e-02,2.979288e-01,3.743122e-03,1.160848e-01
4.359638e+00,-5.731731e-01,1.726214e+00,3.345364e-01,7.830805e-02,-2.041764e-01,8.881824e-02,-3.048596e-01,-3.030345e-01,-2.999546e-01,-3.169667e-01
4.291801e+00,-7.669856e-01,1.269244e+00,1.423459e-01,4.199515e-01,1.227739e-01,7.009096e-01,2.048254e-01,2.637548e-01,2.294424e-01,-7.155245e-03
5.026560e+00,1.585660e-01,1.771424e+00,2.870364e-01,2.767812e-01,-3.437108e-01,3.142252e-01,2.892902e-01,-1.160051e-01,-2.456012e-01,-1.899127e-01
4.292996e+00,-4.287547e-01,1.376994e+00,-8.988968e-03,4.548261e-01,-8.227207e-02,6.463446e-01,3.987324e-01,1.310596e-01,1.264915e-01,1.363900e-01
4.589633e+00,-2.057589e-01,2.043077e+00,-3.447549e-02,5.559515e-02,-5.722683e-01,-1.477924e-01,-2.908135e-01,1.487576e-02,5.066506e-02,-1.663357e-01
4.150731e+00,-7.197878e-01,1.657254e+00,4.306592e-02,8.306636e-02,-3.957304e-01,3.229277e-01,6.373607e-02,1.359040e-01,1.970348e-01,-1.303161e-01
4.923241e+00,-2.923889e-01,1.553799e+00,6.994528e-01,6.002135e-01,-1.434972e-01,2.734991e-01,-2.760279e-01,-1.269430e-01,1.213546e-01,-1.238946e-01
4.807198e+00,-6.106607e-01,1.394564e+00,1.987515e-01,2.051341e-01,-2.074607e-01,2.327183e-01,2.501315e-01,3.290667e-01,3.381346e-01,1.872672e-01
4.893220e+00,-3.936873e-01,1.636726e+00,2.395556e-01,5.551599e-01,-4.060801e-01,3.099854e-01,3.006906e-01,1.822374e-01,8.657767e-02,-6.036377e-02
4.440936e+00,-1.016125e+00,1.064589e+00,-3.482688e-01,-1.290482e-02,-3.973075e-01,2.238165e-01,-1.724662e-01,-1.098358e-01,1.952578e-02,-7.409115e-02
4.346395e+00,-3.699569e-01,1.737526e+00,5.658153e-02,3.144119e-01,-7.721632e-02,4.880254e-01,-6.500899e-03,-1.734270e-01,-3.853307e-01,-1.772008e-01
4.847345e+00,-2.089719e-01,1.755728e+00,2.603023e-01,1.211099e-01,-8.729438e-02,4.975831e-01,-9.520564e-02,-8.635898e-02,1.463475e-01,2.643357e-01
4.576886e+00,-1.838649e-01,1.912817e+00,4.130864e-01,5.059033e-01,-5.697014e-02,9.631908e-02,-1.866356e-01,-1.202857e-01,1.062893e-01,-1.685703e-02
4.761306e+00,-6.471582e-01,1.357300e+00,1.670618e-02,3.061966e-01,-3.768153e-01,2.495275e-01,8.679185e-02,-4.112858e-02,-3.806543e-02,1.143679e-02
4.299492e+00,-6.954900e-01,9.457661e-01,-8.023388e-02,2.642910e-01,-4.647027e-01,-1.531656e-01,-3.703798e-01,-3.764746e-01,8.330323e-02,-2.984600e-03
4.683557e+00,-2.848248e-01,1.707659e+00,3.029872e-01,3.627233e-01,-3.737388e-01,4.710093e-01,3.341286e-01,2.152266e-01,-3.812643e-02,-2.708964e-01
4.671103e+00,-6.343869e-01,1.637467e+00,3.863454e-01,4.858999e-01,2.902447e-02,4.498349e-01,-3.431172e-01,-1.434419e-01,-6.881095e-02,4.348221e-02
4.931392e+00,-1.741460e-01,1.634510e+00,3.697931e-02,2.874071e-01,-6.108656e-02,7.086203e-01,1.355256e-01,1.146034e-01,1.111747e-01,-2.321705e-01
3.925487e+00,-1.179876e+00,1.095750e+00,-3.687221e-01,-3.186992e-01,-6.587847e-01,-1.499085e-01,-3.381889e-01,-5.100403e-02,9.251652e-02,3.669163e-01
4.670253e+00,-1.092352e-01,1.299843e+00,8.729196e-02,4.130852e-01,-6.112331e-01,-1.119170e-01,-4.208307e-03,6.527277e-02,2.451362e-02,4.404288e-02
4.429039e+00,-4.139783e-01,1.802405e+00,6.356296e-01,5.618578e-01,-3.952376e-01,5.532305e-01,2.192099e-01,-1.214366e-02,-8.158466e-02,-1.880818e-01
4.858286e+00,-2.798072e-01,1.833320e+00,3.798514e-01,4.000192e-01,-9.455066e-02,2.976164e-01,-8.111218e-02,-6.765103e-02,-3.019578e-01,-2.201408e-01
4.394794e+00,-5.527761e-01,1.732461e+00,9.339919e-02,2.625192e-01,-3.506783e-01,5.399667e-01,1.970063e-01,3.305957e-01,9.730610e-02,-1.495072e-01
4.324355e+00,-4.243565e-01,1.462793e+00,-1.403458e-01,-1.527249e-01,-4.679123e-01,1.826582e-01,-7.867110e-02,-3.947887e-01,-5.206018e-01,-2.715947e-01
4.628421e+00,-3.800691e-01,1.427153e+00,-4.672037e-02,4.888396e-01,2.617871e-04,6.892044e-01,1.296964e-01,4.372256e-02,6.069664e-02,2.388456e-01
4.801424e+00,-1.946417e-01,1.471834e+00,3.597460e-01,3.427227e-01,-3.801712e-01,4.064064e-01,-1.458994e-02,-6.134008e-02,-9.354172e-04,-1.321186e-01
4.619041e+00,-5.334979e-01,1.737571e+00,6.834744e-01,6.205619e-01,-1.812731e-01,2.452593e-01,3.005793e-02,4.112777e-02,1.397602e-01,1.702361e-01
4.383468e+00,-7.894395e-01,1.144067e+00,-1.665731e-01,9.294219e-02,-3.323784e-01,7.089133e-02,-2.482105e-01,2.578927e-01,6.249801e-02,-6.312329e-03
4.796396e+00,-6.659154e-01,1.224531e+00,1.151128e-01,-3.428037e-02,-5.965579e-01,2.136877e-01,-4.035908e-02,-2.934864e-01,-2.089791e-02,-3.564863e-02
4.513893e+00,-6.144536e-01,1.429802e+00,1.142429e-01,4.732075e-01,1.742135e-01,6.718970e-01,2.585209e-01,4.242081e-01,2.537269e-01,3.682398e-02
5.117295e+00,-1.163973e-01,1.816926e+00,3.338765e-01,3.247171e-01,-2.161360e-01,4.429840e-01,2.369064e-01,-2.337056e-01,-4.188648e-01,-6.104429e-02
4.707440e+00,-4.782824e-01,1.225706e+00,2.295844e-01,3.258256e-01,-1.067075e-01,6.786354e-01,9.341694e-02,-1.577311e-01,-3.160650e-02,1.185974e-01
4.556922e+00,-3.428360e-01,1.583077e+00,5.106779e-03,1.986688e-01,-2.522074e-01,2.792339e-02,-2.044809e-01,-3.157854e-01,-3.400639e-01,-1.144376e-01
4.666863e+00,-6.382031e-01,1.676135e+00,3.461261e-01,1.953144e-01,-3.789567e-01,2.104010e-01,8.601811e-02,7.074746e-02,1.514549e-01,-2.631527e-02
4.646938e+00,-3.010197e-01,1.516016e+00,4.169765e-01,5.648054e-01,-1.636536e-01,2.285989e-01,-3.515939e-01,-3.076246e-02,2.893542e-03,-1.312623e-01
5.013174e+00,-2.130296e-01,1.784017e+00,3.007155e-01,1.858728e-01,-2.286811e-01,3.168115e-01,4.503139e-01,-2.182921e-02,-3.203851e-01,5.563975e-02
4.494234e+00,-5.823257e-01,1.365623e+00,4.398765e-01,3.619947e-01,-2.069437e-01,5.983079e-01,-1.120288e-01,3.518123e-02,-2.356405e-01,-1.448259e-01
4.337289e+00,-6.111613e-01,1.369135e+00,-1.117427e-01,-1.632049e-01,-5.060360e-01,1.658758e-01,-8.429313e-02,-2.578441e-01,-1.481925e-01,3.895402e-02
4.583579e+00,-5.675595e-01,1.587288e+00,1.089213e-01,4.831189e-02,-2.898172e-01,4.736767e-01,2.439326e-01,2.921628e-01,-6.759259e-02,-6.250593e-02
5.014040e+00,-2.035633e-01,1.472955e+00,3.282069e-01,4.726428e-01,-2.898037e-01,4.421563e-01,-3.041849e-03,-4.310849e-02,8.308333e-02,6.671469e-02
4.610442e+00,-4.031191e-01,1.834786e+00,3.314937e-01,3.013243e-01,-2.937286e-01,3.009915e-02,2.626038e-01,2.726852e-01,-2.454538e-01,-1.967297e-01
4.414883e+00,-5.414451e-01,1.566496e+00,4.996616e-01,4.864825e-01,-3.189840e-01,1.659745e-01,-1.980354e-01,1.072008e-02,-4.004395e-01,6.799053e-02
5.026731e+00,-3.872968e-01,1.310419e+00,-2.809112e-02,1.727685e-01,-4.379696e-01,3.096987e-01,-2.322280e-01,-2.481018e-01,-2.108683e-02,-6.063617e-02
4.415276e+00,-5.515400e-01,1.600271e+00,2.636790e-01,4.161702e-01,-2.466429e-01,6.877219e-01,2.249958e-01,-1.450060e-01,-1.429673e-01,-1.404740e-02
5.174148e+00,-1.544213e-01,1.650994e+00,1.189693e-01,3.158931e-01,-1.364756e-01,4.187303e-01,-9.682966e-02,-1.109133e-01,9.905285e-02,1.034281e-01
4.480058e+00,-6.109529e-01,1.372205e+00,4.145477e-01,4.206508e-01,5.180188e-02,7.960932e-01,1.089961e-01,1.906750e-01,-1.517740e-01,-1.994495e-01
4.528907e+00,-7.260395e-01,1.210309e+00,9.487296e-02,1.634863e-01,-1.656570e-01,1.415184e-01,-1.824789e-01,-2.779523e-01,-5.814324e-01,1.509182e-02
4.542654e+00,-6.966244e-01,1.279230e+00,1.478060e-01,1.176967e-01,-3.021470e-01,3.326550e-01,-2.023850e-02,2.838864e-01,7.606327e-02,3.271762e-02
4.810823e+00,-2.335966e-01,1.654065e+00,4.789257e-01,3.604234e-01,-6.597252e-01,5.553180e-01,2.175274e-01,-1.154802e-01,1.336218e-01,3.268922e-01
4.780992e+00,-4.185214e-01,1.567190e+00,-3.028011e-02,1.931719e-01,-1.331683e-01,2.382154e-01,-1.133264e-02,-1.281194e-02,9.025891e-02,3.416030e-01
4.407369e+00,-3.824109e-01,1.696429e+00,2.516844e-01,1.967581e-01,-2.756710e-01,9.393713e-01,3.715978e-01,8.299500e-02,-2.202413e-01,-2.283978e-01
4.628592e+00,-7.048772e-01,1.430353e+00,1.724680e-02,1.474043e-01,-4.350528e-01,-2.383012e-01,-9.445932e-02,-1.718482e-01,-3.570228e-01,-1.243494e-01
4.412907e+00,-6.938324e-01,1.448576e+00,1.106233e-01,4.130094e-01,-1.770734e-01,4.124755e-01,2.928715e-01,2.674476e-01,-2.147264e-02,-4.500117e-02
5.133291e+00,-2.467433e-01,1.522401e+00,5.466297e-01,3.389310e-01,-5.967126e-01,5.559925e-01,7.053242e-03,-1.617284e-01,8.549713e-02,-2.177548e-01
4.421429e+00,-5.726113e-01,1.520558e+00,4.310044e-01,5.821652e-01,-1.043180e-01,5.236071e-01,2.660583e-01,1.179720e-01,3.410381e-02,-2.277568e-02
4.573233e+00,-3.969066e-01,1.867182e+00,3.336666e-01,1.829207e-01,-6.390328e-01,4.562260e-02,-1.957910e-01,-1.567897e-01,-1.729447e-01,-2.757684e-02
4.371149e+00,-1.108452e+00,9.558104e-01,-1.111437e-01,-2.751740e-02,-4.327666e-01,4.352364e-01,-3.924484e-02,4.253641e-02,-1.394647e-01,1.057680e-01
4.613032e+00,-1.447330e-01,1.716551e+00,3.140504e-01,6.164292e-01,3.058687e-01,4.456428e-01,-1.331854e-01,-3.119539e-01,-3.178036e-01,1.897003e-01
4.732399e+00,-4.608255e-01,1.687234e+00,2.157182e-01,-2.820937e-01,-4.616301e-01,4.505701e-01,5.695290e-01,3.023663e-01,-1.817311e-02,-1.110525e-02
4.737472e+00,-5.033766e-01,1.544320e+00,3.426897e-01,6.350378e-01,-1.003925e-01,4.372883e-01,-1.812042e-03,-4.928877e-02,1.138532e-02,7.365734e-02
4.288683e+00,-1.012704e+00,9.611425e-01,-4.498708e-01,-1.439602e-01,-6.366570e-01,1.282085e-02,1.207703e-01,-1.971485e-01,-2.516897e-01,-4.150199e-02
4.517982e+00,-7.534857e-01,1.480084e+00,5.449865e-01,5.897262e-01,-1.865610e-01,2.184755e-01,-1.790040e-01,-3.287212e-01,-3.367750e-01,-6.899729e-02
4.879041e+00,-4.666022e-02,1.606450e+00,4.605573e-02,3.234481e-01,-1.948981e-01,1.937298e-01,-6.128408e-02,1.390199e-01,2.104887e-01,1.319965e-01
4.780879e+00,-5.626215e-01,1.971011e+00,3.814820e-01,3.072193e-01,-2.114333e-01,2.819113e-01,-4.000377e-02,-1.460905e-01,1.603501e-02,2.235774e-01
4.829092e+00,-6.558021e-01,1.160972e+00,4.797449e-02,2.785760e-01,-2.100492e-01,5.901178e-01,-1.929544e-01,-4.891681e-02,2.274152e-02,-9.087636e-03
4.086547e+00,-1.175450e+00,1.303093e+00,1.287108e-01,-1.172205e-01,-6.516884e-01,1.191248e-01,-1.693825e-01,-1.972031e-01,-3.045710e-01,-2.138299e-01
4.662208e+00,-5.390517e-01,1.432134e+00,5.882992e-01,5.473679e-01,-1.142424e-02,6.372067e-01,2.504250e-01,1.117763e-01,-3.463338e-01,-7.005439e-02
4.787524e+00,-3.972714e-01,1.258190e+00,3.036968e-01,2.582838e-01,-3.313410e-01,7.399144e-01,4.263286e-02,1.182005e-01,1.859989e-01,-5.136237e-02
4.859500e+00,-3.725320e-01,1.924781e+00,2.197822e-01,2.894151e-01,-1.361401e-01,4.568480e-01,3.294755e-01,-7.228544e-02,-4.308043e-01,-5.678962e-03
3.792021e+00,-7.950055e-01,1.470832e+00,-3.972846e-01,-2.329303e-01,-4.914521e-01,2.231477e-01,8.052340e-02,2.014254e-01,3.937915e-01,5.817228e-01
4.639306e+00,-3.830172e-01,1.790471e+00,1.836591e-01,6.336784e-02,-5.599120e-01,3.727406e-01,-1.892194e-01,-2.933089e-01,-1.566697e-01,-1.202021e-01
4.366179e+00,-5.237718e-01,1.421795e+00,4.125784e-01,6.599916e-01,-2.700415e-01,4.477282e-01,3.017734e-01,-1.182978e-02,-2.956000e-02,2.932991e-01
5.133802e+00,-1.453328e-01,1.440453e+00,3.033745e-01,5.171033e-01,-2.950093e-01,1.898388e-01,-3.662440e-02,-1.389980e-02,2.755417e-02,-1.882948e-01
4.442589e+00,-7.056692e-01,1.570433e+00,2.518224e-01,1.470398e-01,-5.325682e-01,4.468988e-01,5.209792e-01,4.545724e-01,-1.828795e-02,-3.128278e-02
4.519801e+00,-7.733740e-01,1.301542e+00,-8.317114e-02,2.837465e-02,-2.934010e-01,1.315575e-01,-2.531195e-01,-1.274821e-01,-3.083250e-01,-2.774683e-01
4.734403e+00,-7.974147e-01,1.485442e+00,4.697860e-01,2.918966e-01,4.137010e-02,6.878526e-01,5.452440e-02,1.041591e-01,-1.141841e-01,2.483339e-02
4.726235e+00,-4.579781e-01,1.578277e+00,2.515567e-01,2.798157e-01,-2.444021e-01,6.099536e-01,-7.564646e-02,-3.252684e-04,-4.095704e-03,9.998608e-02
4.725719e+00,-1.152004e-01,1.705762e+00,4.449435e-01,8.328883e-01,5.390990e-03,2.111842e-01,-2.719806e-02,-3.849082e-01,-1.987242e-02,3.817934e-01
4.493354e+00,-6.761287e-01,1.185998e+00,-1.662224e-03,8.122052e-02,-4.913580e-01,5.921429e-01,4.006556e-01,1.239929e-01,1.030638e-01,-4.647845e-02
4.558933e+00,-7.070047e-01,1.376111e+00,-8.300459e-03,2.405475e-01,-3.307800e-01,-1.090610e-01,-3.384275e-01,-2.460725e-01,-3.037440e-01,-3.824966e-02
4.486599e+00,-7.074787e-01,1.719632e+00,4.124699e-02,8.653524e-02,-1.379415e-01,5.350221e-01,5.722782e-01,2.841455e-01,3.861288e-02,5.653625e-02
4.902670e+00,-3.650194e-01,1.726521e+00,7.902335e-01,7.094994e-01,-1.755790e-01,5.664126e-01,-2.745647e-01,-5.803702e-01,-2.648047e-01,-2.357307e-01
4.760992e+00,-4.678687e-01,1.470560e+00,-2.345985e-01,3.519456e-01,-3.510245e-02,4.183667e-01,2.057910e-01,-5.968088e-02,4.170771e-02,2.150329e-01
4.661012e+00,-3.982940e-01,1.689031e+00,2.084952e-01,1.499704e-01,-5.221498e-01,7.961081e-02,-1.602226e-01,-3.136680e-01,-1.805082e-02,-1.230034e-01
4.733250e+00,-4.640374e-01,1.423225e+00,4.049928e-01,1.516521e-01,-4.101289e-01,1.127554e-01,-4.988045e-02,1.707499e-01,8.634826e-02,1.570732e-01
4.493342e+00,-5.586958e-01,1.932379e+00,6.228353e-01,2.305930e-01,-1.252670e-01,3.544765e-01,-3.253125e-02,4.722641e-02,-3.234218e-01,-3.058361e-01
4.816091e+00,-5.443813e-01,1.620053e+00,7.561047e-01,2.750711e-01,-1.776992e-01,5.500503e-01,1.168271e-01,1.191965e-01,-3.753025e-01,-2.029310e-01
4.557154e+00,-6.018667e-01,1.743639e+00,1.257434e-01,2.944953e-01,-2.534615e-02,4.973628e-01,1.194556e-01,1.909873e-01,9.686106e-02,-1.740810e-01
4.101703e+00,-5.838267e-01,1.438300e+00,-6.929134e-02,1.781973e-02,-7.267801e-01,1.346343e-01,2.509509e-01,-2.301547e-01,-5.607828e-01,-2.075006e-01
4.616215e+00,-3.974256e-01,1.292320e+00,-1.959320e-01,1.385594e-01,-2.222355e-01,3.778803e-01,1.559667e-01,-1.385124e-01,-9.345978e-03,2.280808e-01
4.903893e+00,-3.815971e-01,1.885035e+00,3.486413e-01,3.685862e-01,-1.265906e-01,4.840222e-01,-1.133226e-01,-1.322409e-01,-9.337506e-02,9.028549e-02
4.514740e+00,-4.998873e-01,1.909472e+00,3.385051e-01,3.136817e-01,-2.785101e-01,1.261814e-01,-6.500667e-02,8.957818e-02,-6.419340e-02,1.765436e-01
4.776517e+00,-5.173044e-01,1.440827e+00,2.304378e-01,2.591606e-01,-1.904786e-01,2.940307e-01,-2.506899e-01,1.224976e-02,1.051691e-01,-5.388735e-02
4.637160e+00,-3.493249e-01,1.327492e+00,-5.501161e-02,6.473414e-02,-7.076916e-01,7.567729e-02,1.258389e-01,-7.916719e-03,-5.532579e-01,-8.098455e-02
4.945797e+00,-5.329325e-01,1.332951e+00,1.599111e-01,4.199206e-01,-1.483902e-01,4.652261e-01,1.207248e-01,6.865081e-02,2.764989e-02,-2.353506e-02
5.113832e+00,-2.219393e-01,1.537909e+00,5.230510e-01,3.059153e-01,-3.825846e-01,6.238538e-01,-6.018181e-02,-4.075109e-02,-8.315805e-02,-1.386017e-01
4.589162e+00,-6.930667e-01,1.603296e+00,2.979023e-01,3.436199e-01,3.933241e-01,8.126421e-01,7.069019e-02,1.941036e-01,-2.768620e-01,1.827391e-03
4.343896e+00,-6.593112e-01,1.278718e+00,1.944790e-01,2.542763e-01,-1.452791e-01,1.580619e-01,-3.402488e-01,-1.382122e-01,-3.902185e-01,-5.965077e-02
4.181568e+00,-7.965665e-01,1.412206e+00,-2.443896e-02,-5.978623e-02,-6.838614e-01,3.558320e-03,3.303059e-02,1.358616e-01,1.069753e-01,-3.909523e-02
4.676495e+00,-4.097172e-01,1.612290e+00,4.602224e-01,7.965015e-01,-2.129216e-01,1.043989e-01,1.463256e-01,1.013620e-01,-8.216808e-02,1.323193e-01
4.725987e+00,-2.111488e-01,1.602839e+00,1.634040e-01,1.421148e-01,-5.720395e-01,4.027760e-01,2.111474e-01,-4.762673e-02,2.616705e-02,-6.765052e-02
4.454952e+00,-7.319995e-01,1.743908e+00,5.074612e-01,3.605239e-01,1.072065e-01,6.640165e-01,2.455145e-01,-3.445472e-03,-2.692685e-01,-4.727747e-02
4.261232e+00,-5.934136e-01,1.602115e+00,-2.573684e-01,-1.321433e-01,-5.002394e-01,1.739980e-02,-4.200656e-01,-2.210620e-01,-2.213808e-01,-6.545159e-02
4.666021e+00,-6.595805e-01,1.693476e+00,1.672947e-01,-1.613582e-01,-2.300960e-01,5.944813e-01,2.705346e-01,2.039922e-01,9.174439e-02,-1.061618e-01
4.971508e+00,-1.568563e-01,1.547103e+00,3.894532e-01,3.870043e-01,-3.233688e-01,2.327851e-01,-7.072667e-02,1.356292e-01,-3.137441e-01,-5.755311e-02
4.667983e+00,-3.191620e-01,1.601913e+00,5.763131e-01,3.197900e-01,-1.826865e-01,4.731496e-01,1.680086e-01,1.615020e-01,4.968222e-02,8.738887e-02
4.333158e+00,-6.161489e-01,1.656820e+00,7.257513e-01,3.772865e-01,-4.243423e-01,2.981255e-02,-5.011045e-02,-2.124919e-01,-4.903812e-01,-2.245943e-01
4.188470e+00,-1.117067e+00,1.137119e+00,-3.802636e-01,-2.217930e-01,-3.301852e-01,1.331223e-01,-3.222686e-01,-1.896678e-02,-6.407236e-02,5.255620e-02
4.641569e+00,-6.219181e-01,2.004350e+00,3.112840e-01,4.352909e-01,1.798772e-01,5.941294e-01,4.062206e-01,4.660078e-04,-2.277923e-01,-2.735977e-01
4.813376e+00,-1.569578e-01,1.396574e+00,1.909267e-02,3.144446e-01,-3.429414e-01,2.963478e-01,7.642276e-02,9.235571e-02,2.165030e-01,1.735245e-01
4.851935e+00,-4.866185e-01,1.605651e+00,3.358755e-01,5.572468e-01,7.927208e-02,2.216130e-01,9.680509e-02,-1.025901e-01,-1.352974e-01,3.163755e-02
4.390354e+00,-8.396473e-01,1.116362e+00,-2.010879e-01,2.058110e-01,-5.257731e-01,9.109976e-02,-1.054414e-01,-1.724661e-01,-2.226925e-01,-1.057000e-01
4.672033e+00,-6.928258e-01,1.682304e+00,2.325239e-01,2.353074e-01,-2.689869e-01,2.225712e-01,-2.551147e-01,-8.242834e-02,8.176512e-02,-5.359632e-03
4.727682e+00,-2.476352e-01,1.926540e+00,2.802416e-01,4.289190e-02,-4.772668e-01,1.345397e-01,1.899283e-01,2.998255e-01,-6.943628e-02,6.128896e-02
4.982571e+00,-1.972080e-01,1.565097e+00,3.364445e-01,1.560634e-01,-1.647773e-01,4.536879e-01,-1.779991e-01,1.055284e-01,-2.280488e-02,1.625126e-01
4.570817e+00,-3.799197e-01,1.440734e+00,-3.654462e-02,5.446616e-02,-2.105140e-02,3.988950e-01,1.379564e-01,5.968445e-02,-2.758324e-01,-1.659112e-01
4.085228e+00,-8.093946e-01,1.342055e+00,-3.813481e-02,-1.349029e-02,-5.359624e-01,2.740530e-01,-2.470867e-01,-5.321795e-02,-2.222473e-01,5.480809e-02
4.580511e+00,-4.755928e-01,1.602778e+00,4.018801e-01,5.214938e-01,-3.529239e-02,3.552911e-01,2.044750e-01,1.545574e-02,-2.008567e-02,-2.062848e-01
4.460397e+00,-5.592433e-01,1.703879e+00,2.888727e-01,2.547625e-01,-3.629808e-01,4.044949e-01,2.773749e-01,2.623314e-01,4.854122e-02,8.352025e-02
4.694110e+00,-2.889054e-01,1.811509e+00,4.133701e-01,5.114332e-01,-1.382964e-01,2.174431e-01,3.880605e-03,1.618664e-01,-1.878851e-01,-3.027332e-01
4.146291e+00,-5.506865e-01,1.715169e+00,2.585752e-01,2.010715e-01,-5.650733e-01,-1.010477e-01,-9.185566e-02,2.221543e-01,3.698255e-01,2.082167e-01
4.490005e+00,-3.170344e-01,1.693702e+00,1.375768e-01,1.705654e-01,-4.605094e-01,2.702891e-01,-1.935307e-01,-8.557789e-02,-4.680703e-01,-3.757982e-01
4.354720e+00,-7.241013e-01,1.444837e+00,1.751863e-01,6.896715e-01,-6.378149e-03,6.382492e-01,7.601855e-03,-2.269477e-01,2.149340e-01,4.773938e-01
5.109540e+00,-3.127425e-02,1.812142e+00,2.954804e-01,-7.483071e-02,-4.523927e-01,6.019692e-01,-1.312423e-02,4.293914e-03,1.566948e-02,-4.219616e-02
4.245837e+00,-8.973291e-01,1.340324e+00,2.475004e-01,2.272081e-01,-8.027594e-03,4.747081e-01,2.333428e-01,4.428071e-01,1.945877e-01,2.787795e-01
4.822470e+00,-6.014435e-01,1.298386e+00,-3.699288e-02,-8.971930e-02,-2.236819e-01,2.703023e-01,-3.026714e-01,4.100723e-02,-2.748723e-01,-1.514663e-01
4.180369e+00,-4.761767e-01,1.658740e+00,4.932608e-01,8.646268e-01,4.507511e-02,2.282654e-01,-5.689756e-02,-1.483005e-01,-4.500566e-01,-2.217911e-01
4.645332e+00,-5.091419e-01,1.657364e+00,3.080483e-01,2.975379e-01,-3.165465e-01,3.194277e-01,9.500379e-03,1.882711e-01,3.628833e-01,3.007451e-01
4.609354e+00,-8.218399e-03,1.968947e+00,1.886675e-01,4.834272e-01,-2.778021e-01,4.432469e-01,-1.143493e-01,-2.233895e-01,1.525193e-01,4.318570e-02
4.407333e+00,-8.897015e-01,1.247922e+00,-7.066568e-02,3.551767e-01,1.314656e-01,5.748989e-01,4.372325e-01,1.731237e-01,3.299433e-01,3.000098e-01
4.459293e+00,-4.651793e-01,1.461720e+00,1.068073e-02,2.274054e-01,-2.346285e-01,-2.614769e-01,-5.520051e-01,-1.275234e-01,-3.041355e-01,-3.320343e-01
4.282084e+00,-7.618657e-01,1.343970e+00,1.857447e-01,3.233268e-01,-1.608375e-01,1.757711e-01,5.589973e-01,4.173182e-01,7.806631e-02,-1.065656e-01
4.936837e+00,-1.564445e-01,1.785338e+00,4.742885e-01,4.038923e-01,-1.644066e-02,1.854683e-01,-1.884840e-01,-7.999026e-02,-1.441963e-01,-2.191380e-01
4.631025e+00,-5.265313e-01,1.612314e+00,1.482992e-01,1.982584e-01,-4.814567e-01,5.897257e-01,3.960399e-01,9.534298e-02,1.328766e-01,-8.195438e-02
4.742118e+00,-2.241186e-01,1.864775e+00,3.804488e-01,1.963014e-02,-5.725402e-01,-1.112453e-01,-1.800928e-01,-2.669113e-02,8.041780e-02,5.136909e-02
4.336714e+00,-3.332804e-01,1.681380e+00,-9.906705e-02,-7.796460e-02,-1.417733e-01,3.412378e-01,-1.228274e-01,1.182993e-02,3.407286e-02,9.725627e-02
4.616870e+00,-2.367445e-01,1.856803e+00,3.242975e-01,2.642399e-01,6.771608e-02,3.070220e-01,2.147704e-02,1.049246e-01,-3.159051e-01,-2.254256e-01
4.704952e+00,-4.445356e-01,1.610919e+00,7.947017e-02,4.737971e-01,-1.473848e-01,3.796389e-01,7.589449e-02,1.038929e-01,2.528013e-01,-1.332909e-02
4.628023e+00,-5.852514e-01,1.839985e+00,3.182081e-01,4.301152e-01,-3.670153e-01,3.515979e-01,3.699546e-01,2.073232e-01,1.892940e-01,-1.560587e-01
4.415247e+00,-8.572303e-01,1.284532e+00,-2.283052e-01,6.660068e-02,-5.008606e-01,1.822413e-01,-7.308033e-02,-1.704355e-01,-1.409190e-01,-1.018080e-01
4.356505e+00,-7.596331e-01,1.308797e+00,-4.015281e-02,1.562595e-01,-2.342643e-01,1.607211e-01,-1.652533e-01,-1.411472e-01,1.021681e-01,1.421332e-01
4.805582e+00,-9.481359e-02,1.969406e+00,3.679189e-01,3.602874e-01,-5.023779e-03,2.110947e-01,-9.596675e-02,2.168849e-01,-5.599481e-02,-3.211775e-01
4.524984e+00,-4.819958e-01,1.735638e+00,3.905733e-01,6.797555e-01,-1.452650e-01,2.499561e-01,-2.630398e-01,-2.083138e-01,4.772854e-02,1.670152e-01
4.827634e+00,-1.467392e-01,1.591777e+00,-1.937846e-02,-3.496656e-02,-1.436014e-01,3.663582e-01,5.646614e-02,1.759717e-01,-1.798141e-02,-2.873705e-01
4.585239e+00,-8.177747e-01,1.075391e+00,1.534484e-01,2.953734e-02,-6.259738e-01,1.190435e-01,-4.067153e-01,-1.405942e-01,-1.503106e-01,5.527266e-02
4.725633e+00,-3.823013e-01,1.454812e+00,2.136003e-01,2.801533e-01,-1.119968e-01,3.999006e-01,1.032367e-01,3.644148e-01,2.361085e-01,-2.013750e-01
4.495648e+00,-2.474725e-01,1.766001e+00,5.098127e-01,6.450445e-01,5.547536e-02,3.255317e-01,-5.698527e-02,-2.173791e-01,-3.791387e-01,-1.925540e-01
4.845799e+00,-2.276828e-01,1.562491e+00,6.764140e-02,5.438239e-01,4.987115e-02,4.565680e-01,-5.880719e-02,8.496088e-02,-2.733572e-02,-7.841054e-02
4.070155e+00,-2.801862e-01,1.701240e+00,-1.698023e-01,-1.123401e-01,-2.765741e-01,1.281375e-01,-1.571388e-01,-8.203208e-02,9.617481e-02,1.329185e-01
4.251443e+00,-7.608596e-01,1.398716e+00,-1.323942e-01,1.484527e-02,-6.884664e-01,-6.618244e-02,-2.358734e-01,-2.963636e-02,9.834589e-02,4.009428e-02
4.615451e+00,-3.384759e-01,1.755075e+00,3.821659e-01,5.063318e-01,-1.778795e-02,5.017492e-01,5.555855e-02,2.214879e-02,5.045583e-02,-6.312196e-02
4.825841e+00,-2.120446e-01,1.706772e+00,2.481678e-01,3.924141e-01,-4.829962e-01,2.587749e-01,2.387373e-01,8.046277e-03,-2.850476e-01,-2.596971e-01
4.410209e+00,-4.036169e-01,1.550078e+00,4.330460e-01,4.286757e-01,2.196524e-03,4.377762e-01,2.019004e-01,5.194638e-01,-6.269903e-02,-3.688231e-01
4.344241e+00,-5.985952e-01,1.410569e+00,-8.876113e-02,-1.150015e-01,-4.563181e-01,-4.829606e-02,-3.911200e-01,-5.838382e-02,-4.041529e-01,-2.013612e-01
4.665372e+00,-4.230151e-01,1.538020e+00,-3.196865e-02,1.188209e-01,-2.040386e-01,4.667459e-01,4.108467e-02,3.528328e-01,7.179060e-02,-4.851450e-02
4.860949e+00,-2.745430e-01,1.689049e+00,3.565704e-01,3.219016e-01,-9.777261e-02,3.471418e-01,-3.382213e-01,-2.485514e-01,1.538037e-01,2.434165e-01
4.708230e+00,-4.143333e-02,1.866117e+00,4.653164e-01,4.576957e-01,-3.610938e-01,2.228929e-01,1.127673e-01,2.475891e-01,2.448787e-01,-1.851451e-01
4.346168e+00,-6.903388e-01,1.273754e+00,3.817013e-02,2.080615e-01,-9.842709e-02,1.098190e-01,-2.245041e-02,-1.375725e-01,1.229906e-01,7.610780e-02
4.542676e+00,-5.623188e-01,1.180206e+00,-3.934809e-01,1.901165e-02,-3.845010e-01,-1.335698e-01,-1.690763e-01,8.185990e-04,-1.839814e-01,-2.815644e-01
4.576856e+00,-6.186904e-01,1.689984e+00,1.926374e-01,4.430198e-01,7.048640e-02,6.725875e-01,2.128888e-01,2.562770e-01,9.832968e-03,-5.528420e-02
4.924222e+00,-2.445098e-01,1.692149e+00,1.332880e-01,2.087679e-01,-5.948342e-02,3.032426e-01,-5.143763e-02,-1.457234e-01,1.447592e-01,9.412389e-02
4.693240e+00,-2.174217e-01,1.729886e+00,2.471545e-01,3.603355e-01,1.290465e-02,7.093481e-01,-5.656718e-02,-1.681996e-01,-1.110534e-01,-1.958681e-01
4.418728e+00,-5.664458e-01,1.366079e+00,2.391636e-01,4.687373e-01,-5.464414e-02,1.050862e-01,-2.741167e-01,-4.737419e-01,-2.825979e-01,-6.052271e-02
4.574001e+00,-1.210377e-01,1.665218e+00,1.923709e-01,1.905761e-01,-4.952970e-01,-1.345007e-01,-7.128003e-02,5.199089e-01,3.234910e-02,-3.372765e-01
4.740524e+00,-4.785289e-01,1.460312e+00,3.592257e-01,2.394112e-01,-6.234861e-02,1.025318e-01,-1.852077e-01,1.878674e-01,7.139715e-03,1.136896e-01
5.001124e+00,-3.284356e-01,1.633072e+00,2.979991e-01,1.979670e-01,-1.785583e-01,2.749504e-01,6.699939e-02,2.836158e-01,3.664764e-02,-7.102002e-02
4.147206e+00,-5.598594e-01,1.482637e+00,2.318010e-01,3.184986e-01,-1.634929e-01,4.993044e-01,5.880335e-02,1.090725e-01,-8.203942e-02,-3.112258e-01
4.297726e+00,-5.499571e-01,1.318311e+00,-5.531650e-02,2.366139e-01,-5.502771e-01,1.229380e-02,-4.988743e-02,-2.018039e-01,-1.701587e-02,4.460533e-02
4.665852e+00,1.991680e-02,1.640602e+00,-2.752804e-01,3.428598e-01,-1.244660e-01,3.734519e-01,-3.889701e-02,6.913373e-02,6.548062e-02,-1.098380e-02
4.701671e+00,-1.384473e-01,1.734686e+00,1.983257e-01,3.483754e-01,-1.560342e-01,2.371788e-01,7.844273e-02,1.586444e-01,-1.900023e-02,2.027099e-03
4.785461e+00,-2.726640e-01,1.964452e+00,4.789950e-01,2.901666e-01,-2.751732e-01,3.725233e-01,-2.639891e-01,1.850740e-01,-1.102466e-02,-4.024519e-02
4.202085e+00,-1.348497e-01,1.780129e+00,3.441014e-01,2.886681e-01,-2.977178e-01,2.857592e-01,4.558082e-02,-3.225351e-02,-2.704352e-01,-1.974169e-01
4.798971e+00,-5.804558e-01,1.321588e+00,1.177915e-01,1.175886e-01,-3.607049e-01,2.528961e-01,-2.195425e-01,-2.503008e-01,-3.207697e-01,-2.954652e-01
4.355008e+00,-5.066869e-01,1.296622e+00,1.000309e-01,6.519307e-01,-6.458569e-02,5.679431e-01,1.288076e-01,7.424370e-02,-1.302676e-01,7.421806e-02
5.236264e+00,1.830351e-02,1.679166e+00,1.712893e-01,9.448705e-02,-1.873544e-01,2.878722e-01,-8.820080e-02,1.684791e-01,1.857936e-01,-3.384942e-02
4.256677e+00,-7.907452e-01,1.212867e+00,2.087125e-01,4.907392e-01,2.205819e-01,7.255468e-01,-4.515393e-02,3.083984e-01,2.936719e-01,4.288967e-01
4.706327e+00,-5.613134e-01,1.423361e+00,-7.048930e-03,1.385707e-01,-2.836103e-01,1.779200e-01,-1.159966e-01,4.511531e-02,-5.131313e-02,-2.726017e-01
4.339040e+00,-7.250615e-01,1.574987e+00,3.749919e-01,4.228717e-01,-3.364446e-01,1.509094e-01,-3.003403e-01,-5.558769e-02,2.822814e-01,1.280123e-01
4.597712e+00,-1.427487e-01,1.479884e+00,2.019620e-01,3.967651e-01,-3.383397e-01,2.640967e-01,4.017543e-01,2.455823e-01,1.356292e-01,4.707942e-02
4.954644e+00,-1.789838e-01,1.472090e+00,2.002595e-01,3.315022e-01,-1.724985e-01,2.283179e-01,-1.046726e-01,3.556543e-02,3.460734e-02,1.534254e-01
4.458009e+00,-5.742999e-01,1.384231e+00,2.196225e-02,4.977523e-01,1.540663e-01,8.307822e-01,4.198917e-01,2.022510e-01,-7.811474e-03,9.563863e-02
4.522882e+00,-4.402194e-01,1.838015e+00,-2.481360e-02,-3.622237e-01,-2.292486e-01,1.050678e-01,-4.860783e-01,-2.825070e-01,-3.469952e-01,-4.186131e-01
4.089500e+00,-9.652754e-01,1.388978e+00,6.291391e-02,3.030922e-01,7.564275e-03,6.569593e-01,1.118598e-01,1.237590e-01,5.559360e-02,1.304860e-01
5.010413e+00,-4.191912e-02,1.697849e+00,5.338740e-01,4.034304e-01,-2.314066e-01,1.382102e-01,4.382799e-02,2.562981e-02,-1.297514e-01,-2.755524e-01
4.463429e+00,-4.248923e-01,1.288471e+00,2.563279e-01,5.034598e-01,-4.709142e-01,4.738450e-01,3.529890e-01,3.290024e-01,3.217191e-01,2.627769e-01
4.779027e+00,-3.029640e-01,1.751516e+00,3.525053e-01,2.856037e-01,-5.748774e-01,-3.428578e-02,-2.014052e-01,1.431361e-01,7.215328e-02,-8.301954e-02
3.980068e+00,-1.135943e+00,1.242199e+00,-2.872901e-01,-1.930690e-02,-2.298109e-01,3.070589e-01,2.385405e-01,3.482372e-01,2.538563e-01,8.019701e-02
4.542545e+00,-4.133222e-01,1.720545e+00,2.389926e-01,6.448491e-01,1.692574e-01,5.648468e-01,-1.529655e-01,-2.340430e-01,-1.192102e-01,8.826563e-02
4.795569e+00,-4.958548e-01,1.413562e+00,-5.448526e-02,1.161373e-01,-1.611765e-01,3.915866e-01,2.890173e-01,1.595485e-01,4.630730e-01,2.760513e-01
4.805044e+00,-7.831663e-02,1.584227e+00,2.380898e-01,5.430425e-01,-2.999539e-01,3.457249e-01,1.866579e-01,1.028477e-02,-1.075058e-02,-6.270427e-02
4.671510e+00,-9.906988e-01,9.078006e-01,-1.036739e-01,-6.326754e-03,-4.525881e-01,5.891971e-02,-9.118438e-02,-9.857006e-02,-1.304470e-01,-6.527236e-02
4.031282e+00,-4.969302e-01,1.487189e+00,1.693677e-01,2.945611e-01,-3.599108e-01,1.229015e-01,-1.949853e-01,-2.163810e-01,-4.150150e-01,-9.259532e-02
4.819311e+00,-2.835249e-01,1.725834e+00,5.110634e-01,2.709233e-01,-8.941459e-02,3.929621e-01,-1.170637e-01,1.782141e-02,3.859459e-02,-3.096939e-02
4.575990e+00,-3.738342e-01,1.650705e+00,2.959727e-01,5.050609e-01,-1.033762e-01,3.885125e-01,-4.306094e-02,-1.547681e-01,-7.966357e-02,3.598984e-02
4.961873e+00,-2.918294e-01,1.445939e+00,-2.315179e-01,2.950949e-01,-4.910070e-02,6.873796e-01,-1.173380e-01,-1.153138e-01,2.431880e-01,-6.167211e-02
4.276695e+00,-8.631299e-01,9.269397e-01,-8.639378e-02,1.073758e-01,-5.953852e-01,2.242912e-02,-3.510221e-01,-3.447614e-01,-1.191355e-02,1.449476e-01
4.658857e+00,-2.801600e-01,1.607416e+00,1.713985e-01,4.280765e-01,-3.833367e-01,5.696345e-01,3.205755e-01,2.922044e-01,8.944380e-03,-2.365568e-01
4.554697e+00,-7.010777e-01,1.624956e+00,4.319468e-01,5.082705e-01,-1.521008e-01,3.446422e-01,1.047486e-01,-1.869751e-01,9.556557e-02,6.726307e-02
4.921924e+00,-2.003861e-01,1.836581e+00,3.382857e-01,3.691768e-01,-3.269905e-01,3.984221e-01,1.017583e-01,2.123473e-02,-1.615100e-01,-1.844100e-01
4.148877e+00,-8.232502e-01,1.469571e+00,4.266475e-02,-9.714456e-02,-6.532639e-01,1.257468e-01,-8.726237e-02,2.181350e-01,4.231776e-01,2.398012e-01
4.527950e+00,-3.009524e-01,1.297663e+00,-1.368937e-01,2.167424e-01,-5.474941e-01,-5.388568e-02,-9.573183e-02,-1.246641e-01,-4.325393e-01,-1.811163e-01
4.625877e+00,-3.563331e-01,1.622339e+00,3.395924e-01,4.416925e-01,-8.250999e-02,8.099910e-01,1.091456e-01,5.524990e-02,-1.152841e-01,-1.373705e-01
4.878564e+00,-2.301065e-01,1.648682e+00,2.278622e-01,4.291286e-01,-1.742115e-01,3.871601e-01,-3.807747e-02,-2.043601e-01,-1.542099e-01,-9.955975e-02
4.439211e+00,-6.252968e-01,1.403463e+00,5.057492e-01,4.187755e-01,-1.071356e-01,6.084999e-01,3.203531e-01,2.938219e-01,9.074964e-02,-7.713719e-03
4.548962e+00,-5.383641e-01,1.334117e+00,-6.276527e-02,-6.490081e-02,-4.694570e-01,1.661100e-01,-2.382083e-02,-3.852241e-02,-2.869566e-01,-3.090362e-01
4.746609e+00,-5.109694e-01,1.299872e+00,1.774249e-01,3.159549e-01,-1.630516e-01,3.161448e-01,4.554939e-02,2.189001e-02,-3.613719e-02,1.967331e-01
4.550771e+00,-2.952637e-01,1.678048e+00,2.028735e-01,3.913621e-01,-2.849519e-01,2.109465e-01,1.271069e-01,5.603145e-02,1.870534e-01,-6.682302e-02
4.888714e+00,-9.684734e-02,1.681998e+00,3.973343e-01,6.187385e-01,-3.116032e-02,5.000571e-01,-1.197092e-01,-4.598258e-01,7.737924e-02,2.270926e-01
4.470712e+00,-8.843310e-01,1.071674e+00,-1.150934e-01,2.143864e-01,-2.719307e-01,5.504461e-01,3.278884e-01,1.349005e-01,1.544292e-01,1.257284e-01
4.715456e+00,-5.501321e-01,1.188075e+00,-1.111938e-01,-1.506235e-01,-3.178840e-01,-7.802660e-02,-3.404315e-01,-2.517451e-01,-3.336833e-01,-5.301961e-02
4.830502e+00,-6.925825e-01,1.354480e+00,3.290874e-01,2.986711e-01,-1.529944e-01,4.142105e-01,1.624933e-01,4.478925e-01,-8.937930e-02,-7.706084e-02
4.835682e+00,-1.824147e-01,1.837860e+00,4.993068e-01,5.019744e-01,-2.425294e-01,3.105286e-01,1.566642e-01,-1.718058e-01,-4.260330e-01,-4.260429e-01
4.877748e+00,-4.524841e-01,1.334722e+00,4.622503e-01,4.675555e-01,-9.732591e-02,5.976269e-01,2.053906e-03,-2.550573e-01,-8.102818e-03,2.465566e-02
4.645929e+00,-4.202446e-01,1.634878e+00,2.917173e-01,4.562912e-01,-4.762892e-01,1.803030e-01,-2.013448e-01,-2.745103e-01,-1.203887e-01,1.360010e-03
4.562048e+00,-4.011025e-01,1.610091e+00,7.931736e-02,-1.148006e-01,-1.877892e-01,3.381706e-01,-9.774084e-02,-1.635796e-01,1.149752e-01,2.738102e-01
4.639947e+00,-6.126421e-01,1.526106e+00,1.109611e-01,3.271663e-01,-1.384625e-01,3.473352e-01,-8.475941e-03,1.024596e-01,-1.196616e-01,-6.970290e-02
4.894238e+00,-1.562881e-01,1.795138e+00,2.603377e-01,1.896010e-01,-3.695504e-01,5.560933e-01,3.853643e-01,4.846466e-02,-3.123275e-01,4.787378e-02
4.275938e+00,-5.388470e-01,1.444618e+00,2.285490e-01,3.884778e-01,-3.497040e-01,5.633691e-01,3.652748e-01,1.025857e-01,3.502756e-03,-2.714812e-01
4.455526e+00,-6.721566e-01,1.288640e+00,3.319519e-01,1.731920e-01,-5.760658e-01,2.131470e-01,-1.300021e-01,-2.172600e-01,-3.400957e-01,-3.801040e-02
4.822450e+00,-2.519254e-01,1.747508e+00,-7.376235e-02,-1.979935e-01,-4.483090e-01,5.353275e-01,9.618138e-02,4.543800e-02,-9.307575e-02,-4.689456e-02
4.902262e+00,-3.033915e-01,1.617201e+00,5.159696e-01,5.174071e-01,-1.068075e-01,2.567060e-01,-1.919032e-01,-9.066890e-02,-1.922140e-01,3.164406e-01
4.888853e+00,-2.565888e-01,1.683093e+00,4.495576e-01,3.124103e-01,-3.155316e-01,2.638617e-01,-7.149525e-02,1.593090e-01,-1.176659e-01,-6.109779e-02
4.633372e+00,-4.556249e-01,1.391849e+00,2.944383e-01,6.182121e-01,-1.379302e-01,2.661038e-01,1.301754e-03,-9.885415e-02,-8.405393e-02,-1.131834e-01
4.747250e+00,-6.856174e-01,1.127350e+00,3.931575e-02,1.334754e-01,-5.007201e-01,1.999495e-01,-2.144805e-01,-2.339323e-01,-3.217586e-01,-2.071574e-01
4.396862e+00,-6.823112e-01,1.332059e+00,1.017108e-01,3.231595e-01,-6.515145e-02,5.997699e-01,2.613165e-01,2.242441e-01,3.936441e-02,-2.119601e-01
5.117914e+00,-2.859686e-01,1.493158e+00,3.775652e-01,4.407387e-01,-4.073987e-01,3.888387e-01,1.776778e-01,-1.017718e-01,-3.997322e-02,1.948261e-01
4.509900e+00,-2.631691e-01,1.503044e+00,8.672201e-02,3.037485e-01,-5.530736e-02,6.115911e-01,1.409890e-01,5.083321e-03,-5.258892e-02,6.749237e-02
4.504155e+00,-4.218707e-01,1.487386e+00,1.517125e-02,3.420826e-01,-3.561580e-02,5.284872e-01,-1.989269e-01,-4.454609e-01,-2.511138e-01,2.416743e-01
4.434224e+00,-5.304611e-01,1.512403e+00,2.523540e-02,1.545969e-01,-5.496243e-01,-1.024017e-02,-7.072598e-02,1.309376e-01,-6.987309e-02,-2.046601e-02
4.769128e+00,-4.872898e-01,1.526412e+00,4.670087e-01,2.594910e-01,-9.337066e-02,5.013545e-01,1.266607e-01,2.060227e-01,-4.310461e-02,1.612558e-01
5.076322e+00,-3.622611e-01,1.391970e+00,2.214235e-01,2.468526e-01,-3.606335e-01,2.932957e-01,-1.540289e-02,1.198524e-01,-2.133159e-01,1.626995e-01
4.479187e+00,-5.790861e-01,1.543718e+00,6.916128e-01,3.889916e-01,-1.794772e-01,7.163576e-01,6.527048e-01,7.278797e-02,-2.604067e-01,-2.771415e-01
4.450980e+00,-6.642788e-01,1.441454e+00,6.961396e-02,1.386456e-01,-6.411557e-01,-3.171844e-02,-3.626673e-01,-2.763649e-01,-2.756538e-01,-3.577845e-01
4.419994e+00,-8.436533e-01,1.369733e+00,-1.054228e-01,2.133646e-01,-2.555266e-01,4.243127e-01,2.109466e-01,9.473778e-02,7.308344e-02,1.981618e-01
4.762873e+00,-2.252629e-02,1.968270e+00,3.908824e-01,2.449322e-01,-2.069040e-01,4.983829e-01,-1.061311e-01,-1.780617e-01,-4.223289e-02,-4.625178e-02
4.619827e+00,-5.352614e-01,1.607961e+00,4.072444e-01,3.045767e-01,-2.468068e-01,3.495860e-01,1.647621e-01,3.064852e-01,1.573922e-01,9.035282e-02
4.691129e+00,-4.071582e-01,1.553057e+00,5.704911e-01,4.272870e-01,-6.353873e-01,3.762194e-01,2.150397e-01,-4.007702e-01,-1.761480e-01,1.256973e-01
4.288419e+00,-8.537234e-01,9.884454e-01,-4.007563e-01,-4.163285e-02,-4.333652e-01,1.403894e-01,8.852003e-02,-1.345199e-01,-3.061661e-01,-1.092713e-01
4.607447e+00,-5.930303e-01,1.461128e+00,6.298611e-01,5.649158e-01,1.885449e-01,5.131081e-01,2.216317e-01,-6.773282e-02,-5.249300e-01,8.139722e-02
4.834019e+00,-1.324926e-01,1.612205e+00,-1.191281e-01,-1.904855e-01,-2.891180e-01,5.817577e-01,5.210674e-02,3.024817e-01,1.474145e-01,9.408294e-02
4.982532e+00,-4.345454e-01,1.575336e+00,4.978311e-01,3.819635e-01,1.428989e-02,3.494438e-01,-1.900193e-01,-1.850876e-01,-4.313689e-02,2.485858e-01
4.224398e+00,-1.037982e+00,7.164213e-01,-4.581842e-01,-1.565598e-01,-7.689336e-01,8.494170e-02,-2.255190e-01,-1.602247e-01,-1.517416e-01,7.605755e-02
4.431128e+00,-7.654595e-01,1.295504e+00,4.003893e-01,5.922834e-01,-5.849533e-01,6.314844e-04,-2.486221e-01,-3.619379e-01,-1.542832e-01,2.601474e-01
4.774466e+00,-2.373984e-01,1.502706e+00,3.766574e-01,4.807786e-01,-2.983960e-01,2.064542e-01,1.320460e-01,1.784371e-01,-9.742968e-02,-1.173820e-01
4.768490e+00,-5.768092e-01,1.726213e+00,1.816323e-01,2.686694e-01,-2.102751e-01,4.356667e-01,6.402060e-02,1.997068e-01,-1.748563e-02,1.433344e-01
4.800879e+00,-6.683933e-01,1.282136e+00,1.875982e-01,5.722361e-01,-1.647164e-01,5.871736e-01,2.548356e-01,6.696671e-04,-5.150682e-02,-1.905995e-01
3.836409e+00,-7.980326e-01,1.482941e+00,-1.769436e-01,-3.551558e-01,-6.248587e-01,4.510924e-01,1.057672e-01,4.816452e-02,-8.301352e-02,1.329795e-01
4.698148e+00,-2.816942e-01,1.622667e+00,2.747232e-01,4.804186e-01,-6.368336e-02,4.594735e-01,1.253136e-01,-2.161738e-01,-2.742386e-01,-1.257613e-02
4.481292e+00,-5.578315e-01,1.447588e+00,3.273660e-01,3.565653e-01,-2.920134e-01,4.774150e-01,1.959632e-01,1.873268e-01,-2.630283e-02,3.343420e-01
4.946279e+00,-1.374110e-01,1.906991e+00,5.978640e-01,1.582322e-01,-3.367484e-01,2.418112e-01,5.202113e-02,1.752228e-01,-3.466023e-01,-4.427509e-02
4.152165e+00,-7.190820e-01,1.270607e+00,1.060234e-01,-1.828900e-02,-5.772918e-01,1.674213e-01,5.217982e-02,4.349569e-01,3.237293e-01,2.422590e-01
4.491080e+00,-7.533420e-01,1.505677e+00,1.044868e-01,4.662672e-02,-6.215202e-01,2.448270e-01,-2.546536e-01,-3.207063e-01,-3.876095e-01,-2.721205e-01
4.350225e+00,-5.083524e-01,1.585006e+00,1.641327e-01,6.245663e-01,1.663806e-01,4.908927e-01,1.737696e-01,4.944992e-02,-4.801537e-02,-1.208912e-01
5.091665e+00,-2.420487e-01,1.468380e+00,2.255194e-01,3.436328e-01,-4.199859e-01,4.697080e-01,9.991081e-02,-2.460930e-01,-9.643769e-03,2.657545e-01
4.412348e+00,-4.401120e-01,1.617093e+00,2.288963e-01,3.874480e-01,-1.939811e-01,5.867837e-01,5.893503e-01,2.215166e-01,1.623618e-01,2.971723e-02
4.665523e+00,-8.054728e-01,1.298097e+00,2.557199e-02,1.200197e-01,-2.989173e-01,2.466305e-01,-5.095625e-02,1.756122e-02,-1.117592e-01,-7.617555e-02
4.562573e+00,-7.341431e-01,1.690880e+00,3.588064e-01,4.922533e-01,-3.601876e-01,2.453861e-01,-3.237264e-02,-1.727492e-01,-1.032765e-01,-7.779948e-02
4.279849e+00,-6.024817e-01,1.531301e+00,2.294272e-01,3.075019e-01,-4.790311e-03,3.759791e-01,2.513908e-01,2.839378e-01,1.111730e-01,4.838712e-02
4.860617e+00,-3.189561e-01,1.682551e+00,6.763825e-01,8.397238e-01,-1.135145e-01,2.276700e-01,-1.160779e-01,-2.476087e-01,-4.427693e-01,3.367534e-02
4.595591e+00,-7.199260e-01,9.885417e-01,-3.550504e-02,1.287396e-01,-1.985207e-01,9.177154e-01,5.472023e-01,2.097110e-01,3.175137e-01,2.898899e-01
4.681369e+00,-6.531397e-01,1.388778e+00,-9.610378e-02,1.206626e-01,-3.746683e-01,-1.093718e-01,-4.927617e-01,-4.553260e-01,-3.161307e-01,-4.580903e-02
4.618731e+00,-5.336379e-01,1.617517e+00,1.490474e-01,2.314460e-02,-3.190640e-01,4.417765e-01,3.810964e-01,1.705746e-01,6.239244e-02,-4.521579e-02
4.789705e+00,-3.076815e-01,1.913494e+00,5.032009e-01,6.055797e-01,-1.451170e-01,3.082306e-01,-1.919754e-01,-3.516523e-01,-1.476151e-01,-2.059170e-01
4.648391e+00,-5.889685e-01,1.652022e+00,2.981281e-01,4.519259e-01,-2.472380e-01,1.993369e-01,2.958726e-01,5.429736e-02,-1.529492e-01,-6.631234e-03
4.691615e+00,-2.279174e-01,1.765982e+00,4.347477e-01,1.036251e-01,-6.691358e-01,2.260906e-01,3.495587e-02,-8.956370e-02,5.608256e-02,3.615654e-02
4.435399e+00,-4.251818e-01,1.328748e+00,6.181163e-02,3.818753e-01,-5.685441e-01,1.337107e-01,1.844094e-01,8.355573e-03,-1.666741e-01,-2.199434e-02
4.405666e+00,-6.119276e-01,1.678858e+00,1.090668e-01,1.226325e-01,-1.918588e-02,5.600945e-01,2.038196e-01,-6.278941e-02,-1.697362e-01,1.116522e-01
4.854710e+00,-2.371689e-01,1.766734e+00,2.147803e-01,5.394202e-01,-6.329496e-02,4.782614e-01,-1.222020e-02,1.014492e-01,-7.146740e-02,-3.597504e-01
4.606922e+00,-8.119919e-01,1.606937e+00,4.293954e-01,2.978882e-01,-1.719484e-01,4.608076e-01,5.425828e-02,2.855649e-01,-9.130992e-02,-2.062415e-02
4.508860e+00,-4.972489e-01,1.372112e+00,1.574191e-01,-4.771122e-02,-4.714753e-01,1.142013e-01,-2.508065e-02,1.160091e-01,-3.457251e-01,-1.495867e-01
4.920008e+00,-5.899043e-01,1.082773e+00,2.409935e-01,1.992637e-01,-6.206317e-01,1.870349e-01,-1.483547e-02,-8.505378e-02,-4.846079e-02,2.277144e-01
4.740442e+00,-3.174683e-01,1.877699e+00,3.234561e-01,4.034510e-01,-1.826677e-01,2.755010e-01,-4.835496e-02,-5.742621e-02,-4.732110e-02,2.690084e-01
4.711123e+00,-2.758071e-01,1.921504e+00,1.008368e-01,4.029854e-01,-1.181353e-01,3.007306e-01,-1.551060e-01,-1.001949e-01,7.135272e-03,-8.565984e-02
4.852279e+00,-4.471067e-01,1.513800e+00,1.160880e-01,2.383225e-01,-1.401457e-01,6.861577e-01,-7.818401e-02,-1.250677e-01,6.909101e-02,5.978343e-02
4.442152e+00,-4.767779e-01,1.443688e+00,-2.585004e-01,-6.319190e-02,-6.490020e-01,5.757770e-02,7.866526e-02,-1.509344e-01,-5.585512e-01,-2.659650e-01
4.506554e+00,-7.080592e-01,1.283017e+00,8.642409e-02,3.577205e-01,-7.569050e-02,5.023344e-01,2.516135e-01,3.218632e-01,6.484772e-02,2.535022e-02
4.786404e+00,-3.224679e-01,1.707174e+00,5.508002e-01,5.829078e-01,-4.105848e-01,3.629062e-01,2.585891e-01,-2.644429e-04,-2.636722e-01,-6.489069e-02
4.652669e+00,-4.461305e-01,1.649660e+00,3.074423e-01,4.536202e-01,1.094537e-01,2.525395e-01,-4.066533e-02,9.943167e-02,-1.773312e-01,-8.077606e-02
4.327255e+00,-5.700356e-01,1.381336e+00,5.283854e-01,4.163804e-01,-1.359214e-01,2.438677e-01,-2.504604e-01,-5.962551e-02,-1.219936e-01,1.084452e-01
4.368154e+00,-6.865864e-01,1.595616e+00,-9.964564e-02,-2.432549e-01,-6.962199e-01,1.147405e-02,-1.982314e-01,8.905577e-02,-3.396246e-02,-1.452297e-01
4.649207e+00,-4.512925e-01,1.678084e+00,1.308665e-01,4.401833e-01,1.053807e-01,3.167208e-01,1.461531e-01,2.549112e-01,-7.721499e-03,5.264677e-02
4.968547e+00,-2.995051e-01,1.470151e+00,3.763483e-01,1.497582e-01,-6.368326e-01,4.336152e-01,1.803156e-01,-1.144848e-01,-8.779846e-02,-3.646781e-02
4.430739e+00,-2.392320e-01,1.850743e+00,1.724302e-01,4.350839e-01,-3.937437e-02,5.692027e-01,4.361801e-01,2.008392e-01,-5.667358e-02,-1.756689e-01
4.064669e+00,-8.657981e-01,1.364649e+00,1.491516e-01,-3.801743e-02,-6.916853e-01,-2.127686e-01,-1.814079e-01,-3.820774e-01,-4.275219e-01,-4.709468e-02
4.537997e+00,-5.262676e-01,1.522016e+00,-6.455025e-02,-1.104442e-01,-4.077023e-01,4.790086e-01,1.046659e-01,1.851653e-01,1.185933e-01,-1.279184e-01
4.622460e+00,-1.539096e-01,1.969216e+00,3.383065e-01,4.980441e-01,3.621142e-03,1.183015e-01,-9.185945e-02,-1.472656e-01,-2.100526e-01,2.498984e-01
4.739428e+00,-2.348842e-01,1.756691e+00,2.774290e-01,2.550935e-01,-1.282792e-01,3.529945e-01,5.782659e-02,6.161473e-02,1.842322e-01,1.920109e-01
4.674890e+00,-4.363377e-01,1.366445e+00,4.462335e-01,7.282306e-01,-1.231236e-01,4.093343e-01,1.025307e-01,-9.221316e-02,-1.581656e-01,-1.498017e-01
4.455827e+00,-1.101597e+00,1.079690e+00,-1.079745e-01,-6.192368e-02,-3.149273e-01,-2.761013e-02,-1.698512e-01,-2.069114e-01,-2.456894e-01,-1.109735e-01
4.627310e+00,-4.521060e-01,1.625919e+00,4.126832e-01,3.025644e-01,-6.353532e-03,4.595212e-01,2.152192e-01,2.778766e-01,-2.729561e-01,-2.605267e-01
4.837187e+00,-4.305044e-01,1.440986e+00,2.353714e-01,2.402086e-01,-4.130108e-01,1.272001e-01,9.485532e-04,2.928062e-01,1.593629e-01,2.556577e-02
4.704608e+00,-3.719981e-01,1.815254e+00,2.747748e-01,5.057972e-01,-1.705214e-01,2.154352e-01,1.540566e-02,-3.445363e-02,-6.106245e-02,1.251878e-01
4.466516e+00,-4.478772e-01,1.187321e+00,-7.554459e-02,1.185705e-01,-4.190511e-01,2.982760e-01,-2.818354e-01,-3.343412e-01,6.994836e-02,3.515480e-03
4.439066e+00,-5.571934e-01,1.611058e+00,-3.536206e-02,9.962027e-02,-4.635732e-01,1.703720e-01,-2.688758e-01,-2.251749e-01,5.162321e-02,2.787257e-01
4.583486e+00,-1.690138e-01,1.898714e+00,1.880816e-01,1.762450e-01,-2.874752e-01,2.304840e-01,3.832598e-01,2.046820e-01,-3.966614e-01,2.134614e-02
4.861458e+00,-2.347853e-01,1.459662e+00,1.516737e-01,2.571042e-01,-1.188591e-01,3.644432e-01,3.901685e-02,2.109635e-01,1.325677e-01,2.277374e-02
4.262896e+00,-5.296602e-01,1.632386e+00,3.878167e-01,4.032383e-01,-9.285935e-02,5.399341e-01,3.009184e-01,2.036764e-01,-5.038899e-01,-1.949831e-01
4.094416e+00,-5.586535e-01,1.577020e+00,1.777622e-01,1.123161e-01,-4.140531e-01,-2.362511e-02,-1.406246e-01,2.834202e-01,-3.973854e-02,-2.275467e-01
4.811607e+00,-2.970074e-01,1.468674e+00,4.623921e-01,2.845133e-01,-3.069355e-01,4.748870e-01,-1.780098e-01,-6.196063e-02,-1.173112e-01,-5.934073e-02
4.502943e+00,-4.947460e-01,1.792431e+00,2.767514e-01,3.785232e-01,-1.033981e-01,2.367341e-01,-4.492088e-02,2.028206e-01,-3.034791e-03,2.824174e-01
4.839708e+00,-1.728435e-02,1.973198e+00,2.303917e-01,2.955378e-01,-2.874395e-01,1.667941e-01,-2.458767e-02,1.995183e-01,-3.032543e-02,-1.243060e-01
4.398103e+00,-7.176554e-01,1.492721e+00,3.129724e-01,3.019885e-01,-5.257973e-01,2.966747e-01,-4.322419e-02,1.622774e-01,1.899256e-01,3.421280e-02
4.461056e+00,-4.365781e-01,1.706104e+00,-3.585485e-01,-2.433766e-02,-5.076640e-01,1.695548e-02,-1.783246e-02,-9.198352e-02,-5.397777e-01,-5.813153e-01
4.176041e+00,-7.806917e-01,1.310059e+00,4.741341e-01,7.433877e-01,6.204848e-02,5.820236e-01,5.345406e-02,2.723209e-02,-8.629096e-02,2.002400e-01
5.082561e+00,-8.308964e-02,1.722468e+00,2.482675e-01,6.629321e-04,-3.390535e-01,2.009004e-01,2.699416e-01,1.680069e-01,-1.298390e-03,-4.286286e-02
4.306366e+00,-4.741297e-01,1.633196e+00,1.832674e-02,4.266938e-01,8.781737e-02,3.482090e-01,-3.561808e-02,7.075749e-02,2.063840e-01,5.677113e-01
4.788022e+00,-6.344412e-01,1.343229e+00,1.149305e-01,1.229695e-01,-2.378109e-01,4.136666e-01,-1.177207e-01,-6.105532e-02,1.415234e-01,6.617742e-02
4.264418e+00,-4.602065e-01,1.859695e+00,3.986453e-01,6.486357e-01,-3.960448e-02,4.250904e-03,-4.352271e-01,-2.639630e-01,-3.127741e-01,-1.189962e-01
4.180568e+00,-8.526774e-01,1.416956e+00,2.552862e-01,3.821838e-01,5.924684e-02,4.612721e-01,2.890803e-01,5.309258e-01,1.784279e-01,2.298820e-01
5.016140e+00,-4.403949e-02,1.650993e+00,5.513742e-01,2.555924e-01,-2.570398e-01,3.333440e-01,1.493225e-02,3.420266e-03,-1.057758e-01,-3.137069e-01
4.434549e+00,-6.828116e-01,1.092280e+00,-2.587826e-02,4.613156e-01,7.612559e-02,5.339757e-01,3.801404e-01,3.151508e-01,3.365284e-01,1.558600e-01
4.532393e+00,-4.834731e-01,1.630635e+00,5.104039e-02,5.895613e-02,-6.095331e-01,-2.891578e-01,-1.005718e-01,-3.064947e-01,-2.372669e-01,-2.380608e-01
4.258117e+00,-3.971199e-01,1.483785e+00,-3.117565e-02,2.486236e-01,-3.265924e-01,4.475894e-01,1.296960e-01,2.027389e-01,2.414681e-01,-1.254556e-01
4.817719e+00,-3.333736e-01,2.158124e+00,3.364307e-01,5.032102e-01,-7.123730e-02,4.363777e-02,-2.047586e-01,-1.751407e-02,-1.718897e-01,6.154696e-02
4.543168e+00,-4.220675e-01,1.743014e+00,1.182308e-01,3.537713e-01,-3.366774e-01,2.314180e-01,1.779537e-01,3.651658e-01,1.662322e-01,-5.552687e-03
4.893679e+00,-1.678926e-01,1.718783e+00,3.731006e-01,2.359904e-01,-6.262476e-01,8.295271e-02,1.129885e-01,2.020549e-01,1.504810e-01,-1.266197e-01
4.235521e+00,-7.657998e-01,1.252682e+00,-1.355238e-01,1.943507e-01,-3.279194e-01,1.564409e-01,6.267272e-02,2.917461e-02,-1.921749e-01,1.980591e-01
4.321913e+00,-4.358057e-01,1.630647e+00,2.674718e-01,3.329661e-01,-1.996222e-02,5.831826e-01,1.367798e-01,1.594900e-01,-1.491037e-01,-4.113613e-01
4.959656e+00,-3.809433e-01,1.783492e+00,2.414419e-02,2.214816e-01,2.460299e-02,4.783923e-01,-1.291609e-01,9.124398e-02,1.367352e-01,6.810378e-02
4.583758e+00,-4.190298e-01,1.915757e+00,2.072430e-01,4.982513e-01,-2.269853e-01,3.220723e-01,-3.385101e-02,1.877449e-01,-3.140715e-02,-1.872026e-02
4.731990e+00,-3.998473e-01,1.232534e+00,-1.097676e-02,5.225195e-02,-3.842497e-01,2.485104e-01,-1.787084e-01,-1.698842e-01,2.030797e-01,-1.631556e-01
4.269358e+00,-6.565792e-01,1.157985e+00,1.408298e-01,2.136792e-01,-5.571450e-01,-4.997460e-02,-1.974423e-01,-2.478133e-01,1.216552e-02,2.304785e-01
4.703014e+00,-1.099300e-01,1.994373e+00,2.015904e-01,3.248744e-01,-1.681765e-01,1.115724e-01,2.778815e-01,3.030087e-01,-1.413009e-01,-4.000768e-01
4.538050e+00,-4.870026e-01,1.618586e+00,4.212661e-01,7.039241e-01,-4.421812e-02,3.293148e-01,-3.411952e-01,-2.316864e-01,-9.641019e-02,2.907123e-02
4.793109e+00,-2.783000e-01,1.554452e+00,-5.365076e-02,3.332096e-01,-2.308975e-02,3.913639e-01,1.514498e-01,4.434183e-01,-1.621285e-01,-1.861569e-01
4.283807e+00,-6.795369e-01,1.196816e+00,-4.164516e-01,1.226635e-02,-3.133602e-01,-3.331574e-02,-5.231105e-01,-3.434926e-01,1.128399e-01,1.547478e-01
4.691955e+00,-3.756398e-01,1.362378e+00,2.294391e-01,2.293496e-01,-3.532994e-01,3.152647e-01,-1.987506e-03,2.684648e-01,1.245187e-01,-1.068634e-01
4.538082e+00,-3.807371e-01,2.021465e+00,4.246259e-01,6.404000e-01,6.524902e-02,2.290302e-01,-2.457080e-02,-6.204894e-02,-2.553438e-01,2.858021e-03
4.768466e+00,-2.866501e-01,1.764464e+00,4.900719e-01,4.827642e-01,-1.109348e-01,2.673348e-01,-1.710074e-01,-2.102628e-02,-2.115958e-01,-2.154157e-02
4.285764e+00,-4.549695e-01,1.627462e+00,1.753391e-01,7.352477e-02,-3.911834e-01,2.697701e-01,9.080690e-02,3.978957e-01,7.958431e-02,-2.173496e-01
4.222938e+00,-6.322536e-01,1.489635e+00,-3.875701e-01,-1.123726e-01,-5.152538e-01,3.837584e-03,-3.429682e-01,-1.739598e-01,-2.043377e-01,-2.514600e-01
4.608487e+00,-1.740513e-01,1.496134e+00,7.071443e-02,4.334754e-01,6.895292e-04,6.411355e-01,1.586636e-01,1.443095e-01,1.738216e-01,-2.149502e-01
4.828122e+00,-5.162104e-02,1.628967e+00,1.584492e-01,3.507607e-01,-3.234074e-01,2.051992e-01,2.798957e-01,-2.240915e-01,-1.908698e-01,-1.015452e-01
4.476285e+00,-4.049643e-01,1.696681e+00,3.357367e-01,5.132024e-01,6.105424e-02,3.496453e-01,1.583489e-01,4.453453e-01,6.298472e-02,-4.996318e-02
4.467222e+00,-8.229001e-01,1.212182e+00,-5.553714e-02,-1.665431e-02,-6.147931e-01,-2.559988e-02,-2.641665e-01,-1.088451e-01,1.500452e-03,-7.942890e-02
4.656312e+00,-4.968595e-01,1.438751e+00,-1.483593e-03,1.043600e-01,-2.618664e-01,-1.250054e-02,-1.118509e-01,3.446927e-01,6.966587e-02,-4.534721e-02
4.696886e+00,-4.764405e-01,1.576803e+00,2.662640e-01,5.102429e-01,3.258999e-03,1.198981e-01,1.141319e-02,1.150371e-01,1.831792e-01,4.296076e-02
4.943725e+00,2.815854e-02,1.700665e+00,3.305427e-01,2.836163e-01,-3.019811e-02,2.580014e-01,5.138466e-02,6.140008e-02,-5.421097e-03,-1.765338e-01
4.466699e+00,-6.091194e-01,1.304026e+00,-4.405782e-02,3.502460e-01,2.193360e-01,7.115669e-01,9.740142e-02,-1.530168e-02,2.012204e-01,1.659996e-01
4.705308e+00,-4.527615e-01,1.273812e+00,-1.958985e-01,-3.322649e-02,-4.032355e-01,1.545153e-01,-2.174123e-01,-2.957069e-01,-3.815175e-01,-1.116661e-01
4.688950e+00,-4.223956e-01,1.649927e+00,1.525383e-01,3.138078e-01,-1.595941e-01,5.150277e-01,1.594777e-01,3.433416e-02,1.080280e-01,-1.609903e-01
4.675176e+00,-1.993360e-01,1.671401e+00,1.483478e-01,3.712439e-01,-8.953982e-02,1.131474e-01,-1.295156e-01,4.342447e-02,-4.092615e-02,-2.268754e-02
4.744146e+00,-2.297580e-01,1.829848e+00,3.918144e-01,3.177468e-01,-1.866186e-01,2.721801e-01,9.884680e-02,9.440117e-02,-4.081444e-02,-2.459842e-01
4.372258e+00,-5.149972e-01,1.304378e+00,3.954077e-01,6.091689e-01,-4.825930e-02,1.675933e-01,-2.393930e-01,-3.627681e-01,-1.698990e-01,-6.186179e-02
4.513104e+00,-3.983567e-01,1.539469e+00,-5.685497e-02,-2.694473e-02,-5.019252e-01,-4.406025e-03,-5.309183e-02,2.398331e-01,-1.341248e-01,6.284397e-02
4.669571e+00,-4.253401e-01,1.504393e+00,1.584414e-02,3.237388e-01,-1.447992e-01,5.450517e-01,-3.546112e-02,5.578274e-02,1.299443e-01,1.232630e-01
4.951151e+00,-1.502006e-01,1.585357e+00,6.745718e-02,2.932214e-01,2.904095e-02,2.509940e-01,-1.074051e-01,4.390027e-01,-1.612327e-02,-4.586686e-02
4.256741e+00,-4.219341e-01,1.782113e+00,2.450042e-01,2.295871e-01,-2.242899e-01,3.934890e-01,2.183124e-01,2.954893e-01,-2.090537e-01,-4.173060e-01
4.403533e+00,-3.523500e-01,1.403207e+00,4.554206e-01,4.045140e-01,-3.959970e-01,8.503162e-02,-2.855542e-01,-4.498568e-02,-2.315590e-01,-1.314605e-01
4.896148e+00,-3.470354e-01,1.461324e+00,1.939692e-01,2.502121e-01,-4.582648e-01,1.178776e-01,4.260182e-02,-4.167242e-02,-6.977712e-02,6.614565e-03
4.511688e+00,-2.544219e-01,1.848244e+00,3.046779e-01,3.941197e-01,-1.874258e-01,4.424647e-01,6.379396e-02,-5.435577e-02,-2.002349e-01,-5.527394e-02
4.866922e+00,2.748458e-03,1.843402e+00,8.431814e-03,3.109585e-01,-7.188263e-02,3.135466e-01,-1.686506e-01,7.566864e-02,3.287337e-02,4.300240e-02
4.322725e+00,-1.816448e-01,1.562077e+00,1.692474e-01,4.795203e-01,8.047683e-02,3.798016e-01,-5.002378e-02,-1.913877e-02,-2.505271e-01,-1.504681e-01
4.729769e+00,-7.156522e-01,1.081584e+00,-5.258740e-02,8.346696e-02,-3.463975e-01,1.520582e-01,-3.824453e-01,-2.723898e-01,-3.612751e-01,-3.500280e-01
4.218278e+00,-7.887727e-01,1.111793e+00,1.204655e-01,5.063968e-01,9.571373e-02,5.512990e-01,3.287324e-01,3.736370e-01,1.680236e-01,1.092458e-01
4.991289e+00,-2.350071e-01,1.576735e+00,4.607381e-01,1.101156e-01,-3.045295e-01,2.063753e-01,1.168453e-01,2.757747e-01,-9.702143e-03,2.098327e-01
4.614679e+00,-5.514268e-01,1.352345e+00,1.825195e-01,4.751837e-01,-7.529588e-02,1.240341e-01,-2.247709e-01,1.792068e-01,3.783450e-01,2.804843e-01
4.508369e+00,-3.747728e-01,1.561500e+00,7.479382e-02,1.942093e-01,-1.853413e-01,4.234938e-01,1.269195e-01,7.267046e-02,-1.027509e-01,-4.846193e-02
4.583799e+00,-5.823829e-01,1.586844e+00,9.371439e-02,1.518680e-01,-2.247857e-01,9.257014e-02,-4.272433e-01,-1.675332e-01,-1.321484e-03,-4.677330e-02
4.503194e+00,-3.591230e-01,1.331812e+00,1.623993e-01,3.549641e-01,-4.996991e-02,6.611180e-01,3.020429e-01,3.475432e-01,5.762961e-02,-5.344075e-02
5.078974e+00,-2.519378e-01,1.608808e+00,3.136264e-01,3.104879e-01,-3.703170e-01,3.732493e-01,1.359406e-01,-2.113782e-01,-1.301470e-01,9.199533e-02
4.596442e+00,-5.021031e-01,1.376249e+00,2.242247e-01,6.491932e-01,1.005176e-01,6.172537e-01,3.681656e-01,6.882694e-02,-7.554399e-02,-1.155588e-01
4.413309e+00,-4.430910e-01,1.948524e+00,1.058059e-01,-5.072243e-03,-7.766998e-01,-7.641853e-03,-1.186115e-01,-1.454448e-01,-2.767894e-01,-3.879331e-01
3.965483e+00,-1.062279e+00,1.150855e+00,-8.945134e-03,2.173026e-01,-3.504631e-02,3.458712e-01,1.246240e-01,3.814868e-01,5.006543e-02,2.480244e-01
4.767454e+00,-1.094644e-02,1.797519e+00,4.382111e-01,5.043453e-01,-3.357502e-02,3.130786e-01,-2.974899e-01,-9.684230e-02,-1.426702e-01,9.469893e-02
4.789874e+00,-5.994397e-01,1.746401e+00,9.850488e-03,8.996225e-02,-4.047787e-01,4.019127e-01,4.472858e-01,3.545581e-01,1.143437e-01,2.061415e-01
4.783708e+00,-2.541732e-01,1.499950e+00,2.839162e-01,4.385089e-01,-2.601059e-01,3.307444e-01,5.827394e-02,-3.616235e-02,1.192666e-01,6.516241e-02
4.342036e+00,-8.544851e-01,1.023117e+00,-1.882407e-01,-8.670144e-02,-6.076100e-01,3.055923e-01,7.025698e-02,-5.734639e-02,-8.587430e-02,-2.365942e-01
4.391462e+00,-5.005452e-01,1.414978e+00,5.319855e-01,7.249057e-01,1.094365e-01,2.868031e-01,1.011626e-02,-2.344463e-01,-3.856034e-01,-1.438610e-01
4.903469e+00,-1.907090e-01,1.497203e+00,-4.533139e-02,3.235593e-01,-1.974414e-01,1.877522e-01,2.420113e-04,4.054902e-01,1.216282e-01,-8.041440e-02
4.800923e+00,-3.545858e-01,1.756433e+00,5.414063e-01,4.747684e-01,-3.268433e-01,2.850631e-01,-4.238265e-02,-6.932948e-02,-4.831604e-02,6.359241e-02
4.518886e+00,-5.081839e-01,1.173794e+00,-2.250413e-01,2.669072e-01,-2.587997e-01,2.442670e-01,-2.935069e-01,-1.746702e-01,1.513293e-01,9.461272e-02
3.887792e+00,-1.102763e+00,9.289735e-01,9.980896e-02,-2.317987e-02,-6.655141e-01,-1.592063e-02,-3.866411e-01,-4.934977e-01,-4.244445e-01,1.466225e-01
4.757712e+00,-3.911750e-01,1.690872e+00,3.262368e-01,6.083959e-01,-1.600441e-02,5.245860e-01,2.488046e-02,8.746961e-04,-2.218066e-01,-1.523860e-01
4.614958e+00,-4.609079e-01,1.443037e+00,1.001217e-01,4.616337e-01,-2.632118e-03,2.647347e-01,3.061580e-02,2.703942e-01,-1.506349e-01,1.340640e-01
4.814735e+00,-5.568444e-01,1.513277e+00,2.217601e-01,3.032135e-01,-3.463162e-02,7.058903e-01,2.564991e-01,6.606365e-02,8.194501e-03,-1.612755e-01
4.040294e+00,-9.403564e-01,1.067853e+00,-3.250809e-01,-3.460424e-02,-6.140595e-01,8.851198e-02,-2.738096e-01,2.535149e-02,1.337158e-01,2.807246e-01
4.798743e+00,-2.068926e-01,1.845795e+00,2.292675e-01,5.390730e-02,-7.019451e-01,5.081682e-01,3.320939e-01,-1.585214e-01,-2.659954e-01,-7.926175e-02
4.467352e+00,-5.067191e-01,1.547067e+00,5.256173e-01,4.911579e-01,-2.768417e-01,5.086608e-01,-8.986290e-02,9.800503e-02,1.216142e-01,2.461581e-01
5.055354e+00,-1.715858e-01,1.851818e+00,2.710959e-01,4.365694e-01,-1.864913e-01,1.529492e-01,1.093888e-02,-3.230585e-02,-2.065008e-01,-1.326381e-01
4.170426e+00,-5.703878e-01,1.543770e+00,1.001463e-01,3.225615e-02,-6.460534e-01,3.298337e-01,3.683760e-01,4.052756e-01,1.583365e-01,-1.156509e-01
4.548527e+00,-5.986110e-01,9.729698e-01,1.141187e-01,1.900962e-01,-6.121204e-01,6.209640e-02,-2.939737e-01,-2.801786e-01,-3.066046e-01,-4.754425e-01
4.572035e+00,-6.492735e-01,1.506374e+00,3.047568e-01,4.512520e-01,1.453490e-01,6.060152e-01,3.829537e-01,2.507515e-02,4.201655e-04,-1.995641e-02
4.965374e+00,-3.314560e-01,1.281523e+00,4.650704e-01,3.220508e-01,-2.155481e-01,3.882027e-01,3.783499e-02,-7.452045e-03,-2.363615e-01,1.144397e-04
4.671510e+00,-2.497462e-01,1.647222e+00,2.474146e-01,4.904664e-01,1.987141e-01,4.657788e-01,1.876693e-02,-4.090515e-02,1.183023e-01,2.086194e-01
4.420102e+00,-5.123396e-01,1.505322e+00,-1.660635e-01,-2.358279e-02,-5.906188e-01,2.544631e-01,3.021019e-01,2.945998e-02,-2.615227e-01,5.137891e-02
4.794889e+00,-4.320740e-01,1.296904e+00,2.493236e-02,2.430898e-01,-2.747305e-01,1.415626e-01,-1.733413e-01,-2.699519e-01,5.945233e-02,4.431260e-02
4.579121e+00,-7.180730e-01,1.640312e+00,1.853832e-01,2.388322e-01,-1.913655e-01,5.797400e-01,4.743616e-01,2.891347e-01,4.636960e-02,-5.468990e-02
4.955086e+00,-3.967137e-01,1.724543e+00,5.870486e-01,7.909376e-01,-8.113927e-02,3.050178e-01,-7.261446e-02,-2.653681e-01,-4.401998e-01,-1.023453e-01
4.848704e+00,-4.826741e-01,9.538399e-01,-2.589986e-02,2.609726e-01,-8.026820e-02,5.749783e-01,1.803539e-01,4.503809e-02,2.082080e-01,6.716285e-02
4.632424e+00,-4.199969e-01,1.304367e+00,1.102955e-01,2.586927e-01,-5.837561e-01,4.703649e-02,-1.976901e-01,-4.271670e-01,-3.615369e-01,-5.444108e-02
4.818259e+00,-5.496859e-01,1.575019e+00,-1.528002e-04,3.551109e-01,-1.531668e-01,2.778151e-01,3.326329e-02,6.619335e-02,2.235722e-01,3.610097e-02
4.456059e+00,-4.032548e-01,2.018736e+00,9.335739e-01,5.073699e-01,-2.873620e-01,4.670691e-01,-2.110687e-01,-2.271056e-01,-4.628362e-01,-4.609358e-01
4.803970e+00,-6.674303e-01,1.813729e+00,4.457189e-01,5.461311e-01,-1.826039e-02,3.701495e-01,7.275011e-02,-1.087946e-01,-2.935568e-01,7.456989e-02
4.671716e+00,-4.351741e-01,1.407096e+00,3.795276e-01,2.978930e-01,-2.586527e-01,2.684107e-01,7.305913e-02,8.447387e-02,-1.646773e-01,-6.259767e-02
4.396384e+00,-6.219765e-01,1.310421e+00,2.144140e-01,4.300946e-02,-7.826508e-01,3.079384e-01,1.412083e-01,-1.809792e-01,-1.179004e-01,-1.463297e-01
4.433360e+00,-3.996586e-01,1.436533e+00,-2.446375e-01,1.903633e-01,-7.690993e-02,5.161860e-01,3.042222e-01,8.479223e-02,-1.492307e-02,1.465580e-01
4.805016e+00,-5.937397e-02,1.790203e+00,2.100649e-01,3.296995e-01,-2.407769e-01,6.923466e-01,4.343757e-02,-2.378293e-01,-1.138737e-01,-1.293132e-02
4.518441e+00,-5.540113e-01,1.664672e+00,2.894627e-01,1.282161e-01,-2.709061e-01,3.567924e-01,2.441258e-01,9.133240e-02,-1.291310e-01,-7.788682e-02
4.578849e+00,-3.467064e-01,1.415583e+00,1.512889e-01,4.148208e-01,-4.058517e-01,1.098330e-01,-2.502692e-01,-7.456928e-02,-4.873579e-02,4.400476e-02
4.946646e+00,-3.563994e-01,1.342145e+00,3.260321e-01,-6.752423e-02,-8.037403e-01,3.061824e-01,1.851003e-01,-1.727544e-01,-1.332144e-02,-2.178783e-01
4.842344e+00,-3.733039e-01,1.293747e+00,3.316790e-01,7.164535e-01,-1.755800e-01,2.057254e-01,-2.930032e-02,1.368948e-01,-1.058845e-01,-2.497095e-02
4.884185e+00,-2.955061e-01,1.653453e+00,3.799453e-01,3.745496e-01,-3.067108e-01,2.952818e-01,6.145594e-02,6.237401e-02,-1.499198e-01,-2.399600e-03
4.714471e+00,-5.116992e-01,1.287402e+00,4.707491e-01,3.566072e-01,1.027688e-01,6.704616e-01,-8.338555e-03,1.961970e-02,-1.902057e-01,-4.029729e-02
4.489286e+00,-6.326422e-01,1.245555e+00,-2.785926e-01,8.409847e-02,-2.053939e-01,2.315952e-01,-3.520678e-01,-4.873747e-01,-3.106744e-01,-9.001785e-02
4.410165e+00,-7.948927e-01,1.377840e+00,-1.918992e-02,9.375820e-02,-3.758634e-01,3.888652e-01,5.022949e-01,8.361951e-02,-8.073007e-02,-4.311857e-02
4.957986e+00,-1.225852e-01,1.445213e+00,3.551387e-01,6.271471e-01,-4.069354e-01,3.370318e-01,1.175307e-01,4.309488e-02,-2.546155e-02,1.661980e-01
4.592459e+00,-2.940974e-01,1.762887e+00,1.696203e-01,1.251640e-01,-3.597905e-01,2.569127e-01,2.923010e-01,-1.808526e-02,-1.832963e-01,1.486613e-01
4.500064e+00,-7.068669e-01,1.435398e+00,4.747816e-01,6.276500e-01,-1.761604e-01,6.210156e-01,2.955263e-02,-1.591660e-01,-2.401478e-01,-6.773425e-02
4.615981e+00,-4.944262e-01,1.446608e+00,-7.955782e-02,-1.954247e-02,-5.336230e-01,1.505753e-01,-3.330654e-01,-2.515387e-01,5.488907e-02,-1.424465e-01
4.687091e+00,-5.744317e-01,1.530905e+00,2.237631e-01,2.609868e-01,-1.676715e-01,5.477884e-01,4.034433e-01,1.365723e-01,-7.568130e-02,1.848065e-01
5.198510e+00,-1.717190e-01,1.501210e+00,1.784772e-01,2.751266e-01,-2.621799e-01,3.575894e-01,-1.049098e-01,-2.885536e-02,-1.252305e-01,2.335172e-02
4.687711e+00,-6.113118e-01,1.668267e+00,6.039073e-01,2.931679e-01,5.274169e-02,5.454748e-01,3.657115e-01,2.021291e-01,-2.400999e-01,-1.846118e-01
4.178030e+00,-6.804223e-01,1.700719e+00,6.375847e-01,2.481112e-01,-6.338120e-01,-5.430401e-02,-1.298677e-01,-2.549837e-01,-5.920247e-01,-2.096350e-01
4.298753e+00,-7.869689e-01,9.446739e-01,1.259857e-02,2.081046e-03,-3.971815e-01,2.401990e-01,-1.343339e-01,2.585559e-02,3.403322e-01,1.044620e-01
4.566826e+00,-3.746166e-01,1.990609e+00,6.783984e-01,4.091900e-01,-2.072267e-01,4.029668e-01,2.995992e-01,-7.615274e-02,-5.084133e-01,-8.841389e-02
4.757328e+00,-2.990965e-01,1.632138e+00,-1.038075e-01,1.904322e-01,-1.013688e-01,2.866051e-01,1.146251e-01,2.002124e-01,1.448753e-01,1.419414e-01
4.515656e+00,-4.666452e-01,1.438683e+00,6.227744e-01,5.533337e-01,4.846849e-02,5.872214e-01,2.320215e-01,-2.119813e-01,-6.197371e-02,7.827996e-02
4.416099e+00,-7.564138e-01,9.644749e-01,-3.817215e-01,4.777613e-02,-6.340175e-01,2.542183e-01,-2.963619e-02,-2.790019e-01,-3.839739e-01,-4.050617e-02
4.730606e+00,-4.602661e-01,1.350900e+00,3.580075e-01,5.328418e-01,-2.001704e-01,4.794289e-01,-9.145189e-02,-2.402192e-01,-8.951686e-02,1.069298e-01
4.870445e+00,-3.364322e-01,1.647192e+00,2.582560e-01,5.216632e-03,-5.226641e-01,2.813273e-01,1.920334e-01,3.165886e-01,1.672140e-02,-3.909948e-02
4.838111e+00,-3.822202e-01,1.674618e+00,5.002485e-01,4.642072e-01,-1.144164e-01,5.346000e-02,-2.428543e-01,1.321350e-01,-3.527629e-02,2.839484e-01
4.670362e+00,-7.539749e-01,1.170403e+00,-2.915063e-02,1.882688e-01,-4.512905e-01,2.420868e-01,-7.247772e-02,2.723352e-02,-2.522124e-01,1.443084e-02
4.207638e+00,-8.154142e-01,1.118833e+00,8.861111e-02,1.276765e-01,-5.284242e-01,1.958135e-01,-3.054894e-01,-2.777279e-01,-2.762909e-01,1.241756e-01
4.767528e+00,-3.693060e-01,1.644692e+00,2.929531e-01,6.047745e-01,-1.502066e-01,5.190455e-01,2.224055e-01,-1.015784e-01,-1.331281e-01,3.801298e-02
4.554614e+00,-5.241226e-01,1.618015e+00,9.263393e-02,2.709634e-01,-4.549370e-01,7.164599e-01,2.914493e-01,1.601201e-01,1.270432e-01,6.459617e-02
4.671614e+00,-3.895567e-01,1.462683e+00,3.537281e-01,6.433955e-01,-6.047539e-02,3.324240e-01,2.999140e-01,4.978648e-02,-4.248078e-01,-1.383251e-01
4.075029e+00,-6.581730e-01,1.625939e+00,-2.830620e-02,-2.513136e-02,-6.515314e-01,2.238961e-02,1.148157e-01,3.468176e-01,2.810927e-02,3.750732e-02
4.658451e+00,-3.489038e-01,1.476374e+00,7.206923e-01,3.991070e-01,-6.073381e-01,3.522964e-01,-8.372148e-02,-1.877837e-01,-2.112747e-01,-3.020591e-01
4.207586e+00,-5.625353e-01,1.380110e+00,2.810570e-01,3.864741e-01,-6.171422e-04,4.068922e-01,5.733355e-02,3.675362e-02,4.683437e-01,5.320555e-01
5.072974e+00,-9.493680e-02,1.859243e+00,3.467341e-01,1.535388e-01,-6.470925e-01,5.907918e-01,1.464250e-01,-1.491842e-01,-1.220686e-01,1.546125e-02
4.325308e+00,-6.281991e-01,1.330003e+00,5.317796e-02,1.073401e-01,-3.674313e-01,3.251548e-01,2.668694e-01,2.346945e-01,2.629203e-01,1.961988e-01
4.639430e+00,-7.615409e-01,1.326436e+00,-5.485244e-02,-1.682331e-01,-4.198620e-01,1.860838e-01,-2.821078e-01,-2.084304e-01,-4.196718e-01,-2.757031e-01
4.097252e+00,-8.564828e-01,1.473096e+00,6.337009e-01,8.441561e-01,2.823172e-01,7.738376e-01,4.444861e-01,2.332378e-01,-3.696682e-01,-2.774394e-01
4.869087e+00,-4.270066e-01,1.609585e+00,9.393696e-02,2.623575e-01,-1.861264e-01,3.494571e-01,3.974996e-03,5.063933e-02,1.966019e-01,1.628514e-01
4.459682e+00,-3.132002e-01,1.912137e+00,4.829249e-01,6.133082e-01,-5.589220e-01,3.445971e-01,3.351563e-01,-8.235074e-02,-1.423113e-01,2.441198e-01
4.626094e+00,-8.025903e-01,1.366982e+00,-1.092720e-01,2.891014e-01,-2.268511e-01,3.955602e-01,1.519399e-01,-1.150920e-01,3.581150e-01,2.262787e-01
4.581168e+00,-5.892418e-01,1.494214e+00,3.148891e-01,4.372938e-01,-3.454269e-01,5.384949e-02,-3.364229e-01,-3.489374e-01,-2.853186e-01,-4.024671e-02
4.299774e+00,-8.857113e-01,1.351183e+00,1.638460e-01,3.901067e-01,1.032945e-01,4.173936e-01,6.561833e-01,5.490399e-01,1.399603e-01,-1.119943e-03
5.140299e+00,-3.280013e-01,1.718323e+00,4.981850e-01,6.450904e-01,-1.677016e-01,3.805468e-01,-2.810687e-01,-2.333375e-01,-1.333052e-01,-1.195108e-01
4.488353e+00,-7.075938e-01,1.340552e+00,3.099409e-02,1.189120e-01,-1.882082e-01,4.528992e-01,4.165482e-01,3.813526e-01,5.093062e-02,-4.929977e-02
4.820269e+00,-4.474203e-01,1.407625e+00,2.784438e-01,2.330124e-02,-5.247686e-01,9.374319e-02,-3.208986e-01,-3.363905e-01,-1.624045e-01,1.193372e-01
4.522449e+00,-1.819275e-01,1.535473e+00,1.765139e-01,1.520602e-01,-5.836713e-01,4.180520e-01,1.925438e-01,9.063193e-02,1.219785e-01,3.409240e-02
4.747490e+00,-2.938704e-01,2.071986e+00,4.733237e-01,3.095832e-01,-5.985393e-02,1.697212e-01,1.676626e-02,-2.079424e-01,-3.424157e-01,2.898662e-02
4.619445e+00,-3.320461e-01,1.689083e+00,1.967755e-01,5.105747e-01,-9.380656e-02,3.090134e-01,3.868186e-02,1.749094e-01,-1.085178e-01,-7.254088e-02
4.520581e+00,-4.490843e-01,1.910447e+00,3.765860e-01,2.028246e-02,-4.207392e-01,3.270372e-01,4.432130e-01,1.715611e-01,1.562823e-03,-1.489413e-01
4.202928e+00,-6.415145e-01,1.121444e+00,7.557657e-02,2.386759e-01,-6.246006e-01,4.901683e-02,1.194408e-01,-9.548312e-02,-2.714190e-01,-1.407885e-01
4.475457e+00,-7.444911e-01,1.118767e+00,1.585897e-01,3.171720e-01,-3.454230e-01,4.419712e-01,1.534910e-01,-3.449656e-02,1.575590e-01,2.958568e-02
3.803686e+00,7.793714e-01,1.014060e+00,4.930287e-01,2.572542e-01,-1.748064e-01,8.034321e-02,2.955803e-01,1.894537e-01,-1.717630e-02,-1.357860e-01
