3.708942e+00,-2.679413e-01,5.449661e-01,-1.408906e+00,-7.176766e-02,-1.424263e-01,-6.085211e-01,7.072792e-01,-2.060009e-01,-2.574169e-01,-1.540485e-01
2.888746e+00,-1.007897e+00,1.523883e-01,-8.834714e-01,1.868175e-01,2.354978e-01,-4.537433e-01,-6.206990e-02,2.087622e-01,-8.254099e-02,-2.312588e-01
2.906884e+00,-9.744890e-01,-3.596663e-01,-1.052555e+00,-6.712508e-01,-7.296957e-01,-9.319716e-01,-2.111499e-01,9.668285e-02,1.478685e-01,-1.771231e-01
3.386333e+00,-7.813283e-01,-8.516184e-01,-8.806373e-01,-3.070539e-01,-6.479929e-01,-9.458270e-01,-3.557256e-01,-1.407515e-01,2.236908e-01,8.170711e-02
3.784678e+00,-8.233941e-01,-4.742828e-02,-8.609767e-01,-2.545477e-01,-4.181145e-01,-1.001582e+00,-7.248957e-02,-1.461325e-01,6.387105e-02,1.134635e-01
3.752821e+00,-8.657123e-01,1.366520e-02,-1.332671e+00,-5.941048e-01,-2.337277e-01,-1.052072e+00,-4.114166e-01,1.855910e-01,-3.602038e-02,-3.656371e-02
3.681880e+00,-1.267454e+00,-1.934920e-01,-1.273735e+00,-6.995211e-01,-1.630936e-01,-8.094789e-01,-4.327388e-01,3.100798e-02,1.987194e-01,3.078282e-02
4.211345e+00,-7.640665e-01,-4.057247e-02,-1.087194e+00,-7.526840e-01,-4.941255e-01,-6.263264e-01,-4.254253e-01,-1.162861e-01,1.619708e-01,-9.344431e-02
4.044847e+00,-1.156338e+00,-1.804100e-01,-1.269898e+00,-3.816717e-01,1.184340e-01,-7.154784e-01,-3.462508e-01,2.590579e-01,1.348579e-01,5.047137e-02
3.930250e+00,-1.247481e+00,-2.433082e-01,-1.786596e+00,-9.115356e-01,-9.350752e-01,-1.084835e+00,-5.142893e-01,-1.959127e-01,-4.934450e-01,-1.463060e-01
4.284169e+00,-1.382848e+00,-3.989541e-01,-1.318892e+00,-3.365320e-01,-4.375548e-01,-6.711242e-01,-3.477916e-01,-8.829288e-02,2.910289e-02,-1.952011e-02
4.443468e+00,-1.416046e+00,-2.738352e-01,-1.536482e+00,-8.616800e-01,-9.329290e-01,-9.610425e-01,-6.402765e-01,-3.484967e-01,-6.917059e-02,-4.070451e-01
4.131850e+00,-1.578388e+00,-2.087680e-01,-1.424711e+00,-6.395619e-01,-5.980621e-01,-7.808398e-01,-5.105169e-01,-1.086355e-01,4.247754e-02,-7.229795e-02
4.596948e+00,-1.354854e+00,-8.971448e-02,-1.399384e+00,-6.031442e-01,-6.837516e-01,-9.721354e-01,-6.663711e-01,-7.419535e-02,-3.414981e-04,-1.946726e-01
4.790457e+00,-1.423034e+00,-1.815121e-01,-1.314274e+00,-3.983424e-01,-1.124369e+00,-5.628457e-01,-5.916635e-01,-1.960454e-01,5.080666e-02,-1.250523e-01
4.657006e+00,-1.245915e+00,-2.333006e-01,-1.361897e+00,-1.604785e-01,-7.663244e-01,-9.989101e-01,-3.016681e-01,-9.518019e-02,-4.131885e-02,2.824431e-02
4.583539e+00,-1.227767e+00,-9.901338e-03,-1.607007e+00,-4.709845e-01,-8.019344e-01,-1.082343e+00,-3.079380e-01,-3.596128e-02,-2.214188e-01,-2.007293e-01
4.532140e+00,-1.466045e+00,-2.610850e-01,-1.327743e+00,-2.978425e-01,-5.825554e-01,-7.818028e-01,-3.347291e-01,-1.601012e-01,1.172631e-01,-8.290763e-02
4.628057e+00,-1.347944e+00,-2.285364e-01,-1.672943e+00,-5.703834e-01,-7.731373e-01,-1.019570e+00,-6.743951e-01,-2.107644e-01,-1.097089e-01,-3.778869e-01
4.475742e+00,-1.675138e+00,5.813335e-04,-1.486577e+00,-3.435659e-01,-2.366073e-01,-6.610006e-01,-3.675347e-01,9.381849e-02,-3.419176e-02,-1.717565e-01
4.570530e+00,-1.477902e+00,-2.056742e-01,-1.675765e+00,-5.834732e-01,-6.097749e-01,-1.032153e+00,-7.250548e-01,-1.352401e-01,-1.997492e-01,-1.120432e-01
4.508074e+00,-1.275394e+00,-3.578275e-01,-1.485206e+00,-2.212309e-01,-5.065398e-01,-4.982661e-01,-2.201638e-01,3.968472e-02,8.408902e-02,-3.283804e-01
4.765872e+00,-1.233207e+00,-4.342573e-01,-1.638414e+00,-3.119717e-01,-8.196310e-01,-1.022260e+00,-6.298945e-01,-3.055930e-01,-2.515062e-01,-4.958143e-02
4.446588e+00,-1.186561e+00,9.416208e-02,-1.732872e+00,-4.748166e-01,-6.918029e-01,-7.120551e-01,-3.940445e-01,1.663939e-01,-2.582066e-01,-4.106919e-01
4.442016e+00,-1.280806e+00,-3.587486e-01,-1.529647e+00,-6.967396e-01,-6.492777e-01,-9.117367e-01,-8.783059e-01,-2.183032e-01,7.019663e-02,-1.559526e-01
4.303309e+00,-1.085070e+00,-4.558523e-01,-1.301433e+00,-8.780234e-01,-7.798811e-01,-7.410811e-01,-8.295670e-01,-2.765528e-01,1.551131e-01,-3.191289e-01
4.393331e+00,-1.336013e+00,-2.371068e-01,-1.734507e+00,-9.174600e-01,-5.658964e-01,-1.117338e+00,-9.576897e-01,-2.256084e-01,1.210310e-01,-4.843936e-01
4.802829e+00,-1.267805e+00,-1.959257e-02,-1.562870e+00,-7.119365e-01,-5.872380e-01,-9.111367e-01,-8.442571e-01,-1.357038e-01,1.768853e-01,-2.354875e-01
4.694565e+00,-1.061587e+00,-2.605261e-01,-1.648026e+00,-5.939026e-01,-8.057339e-01,-7.782823e-01,-4.765370e-01,-1.773305e-01,1.042866e-01,-2.797692e-01
4.646504e+00,-1.080294e+00,-5.217166e-01,-1.674696e+00,-7.994730e-01,-6.928482e-01,-1.189363e+00,-7.380702e-01,-3.351771e-01,6.050783e-02,-1.444320e-01
4.385539e+00,-1.185199e+00,-1.757176e-01,-1.423292e+00,-8.648300e-01,-3.529662e-01,-6.909306e-01,-4.205791e-01,1.861361e-02,1.440583e-01,-1.481870e-01
4.657138e+00,-1.453864e+00,-2.780138e-01,-1.614435e+00,-1.126559e+00,-7.850518e-01,-1.028073e+00,-8.722914e-01,-3.804199e-01,1.244644e-01,-2.932589e-01
4.896656e+00,-1.617046e+00,-2.189402e-01,-1.559692e+00,-5.717395e-01,-7.224233e-01,-4.957837e-01,-5.422509e-01,-1.620548e-01,3.975317e-01,-2.901921e-01
4.969092e+00,-1.682546e+00,2.389632e-02,-1.751190e+00,-8.807145e-01,-1.073948e+00,-9.517664e-01,-5.965156e-01,-2.594843e-01,7.757258e-02,-2.028222e-01
4.821876e+00,-1.447438e+00,-1.658689e-01,-1.563400e+00,-5.342389e-01,-7.249064e-01,-8.523451e-01,-5.461438e-01,9.950167e-02,3.723286e-02,-9.316785e-02
4.816114e+00,-1.404859e+00,-4.150066e-02,-1.398721e+00,-9.936485e-01,-1.126889e+00,-8.396030e-01,-5.996461e-01,-8.427430e-02,7.839551e-02,-1.679880e-01
4.791823e+00,-1.748805e+00,-7.546069e-02,-1.525167e+00,-7.987898e-01,-1.193821e+00,-8.392385e-01,-7.927824e-01,-2.237177e-01,1.649785e-01,-1.556206e-01
4.737739e+00,-1.624148e+00,1.156216e-01,-1.536686e+00,-9.192855e-01,-9.845054e-01,-1.008943e+00,-8.037362e-01,6.771967e-02,1.176557e-01,-1.546334e-01
4.881673e+00,-1.856576e+00,2.032824e-01,-1.461084e+00,-9.966134e-01,-1.174261e+00,-9.957637e-01,-7.570641e-01,-1.351397e-01,1.938997e-01,-2.502651e-01
4.976735e+00,-1.501468e+00,-1.187268e-01,-1.325466e+00,-5.203028e-01,-1.127303e+00,-7.791328e-01,-6.945223e-01,6.775788e-02,2.439984e-01,-1.096599e-01
4.966553e+00,-1.744792e+00,-2.685918e-03,-1.670321e+00,-9.458767e-01,-1.566437e+00,-1.193483e+00,-6.000705e-01,-1.905300e-01,-2.695831e-01,-3.403850e-01
4.853317e+00,-1.774154e+00,5.808673e-02,-1.355302e+00,-4.614786e-01,-8.619328e-01,-6.740252e-01,-5.528353e-01,2.457301e-01,1.311206e-01,1.226758e-03
4.929082e+00,-1.617172e+00,1.563026e-02,-1.522731e+00,-8.322354e-01,-1.402038e+00,-7.768608e-01,-9.706444e-01,1.194420e-01,-7.752432e-02,-2.448749e-01
4.966618e+00,-1.910434e+00,-9.669097e-02,-1.245729e+00,-4.186499e-01,-1.041058e+00,-4.020965e-01,-5.152777e-01,-1.074090e-02,3.840463e-01,-1.953337e-01
4.778287e+00,-1.603242e+00,-1.604040e-01,-1.564285e+00,-7.519282e-01,-1.212382e+00,-9.426603e-01,-1.014073e+00,5.800805e-02,-2.897619e-02,-2.618443e-01
4.730095e+00,-1.644435e+00,-1.455611e-01,-1.313239e+00,-6.128248e-01,-9.280380e-01,-6.527943e-01,-6.270993e-01,1.704111e-01,4.358294e-02,-2.891811e-01
5.094980e+00,-1.502058e+00,-4.559188e-01,-1.326371e+00,-5.117907e-01,-1.357582e+00,-8.597472e-01,-8.286847e-01,-1.116342e-01,7.759018e-02,-2.003229e-01
4.897377e+00,-1.393640e+00,-2.465546e-01,-1.430977e+00,-5.621351e-01,-1.268760e+00,-8.352395e-01,-5.535316e-01,6.448574e-02,-9.067484e-02,-3.739579e-01
4.944464e+00,-1.767463e+00,-1.716282e-01,-1.362192e+00,-6.378689e-01,-1.101170e+00,-9.676662e-01,-8.305059e-01,-4.018184e-02,1.460332e-01,-2.321519e-01
5.033635e+00,-1.694969e+00,-5.625551e-02,-1.327943e+00,-7.340935e-01,-1.187919e+00,-8.436748e-01,-7.768956e-01,-5.758798e-02,2.350594e-01,-4.163399e-01
4.976402e+00,-1.559464e+00,-4.608175e-01,-1.092985e+00,-5.730113e-01,-1.224889e+00,-6.791665e-01,-8.582325e-01,-6.413896e-02,3.979291e-01,-2.345364e-01
4.952840e+00,-1.630900e+00,-3.311327e-01,-1.235717e+00,-7.402900e-01,-1.131256e+00,-9.725855e-01,-8.367879e-01,-1.048422e-01,2.142438e-01,-1.624642e-01
4.843038e+00,-1.514756e+00,-4.808903e-01,-1.245412e+00,-5.528112e-01,-9.286322e-01,-8.658815e-01,-5.045563e-01,1.066044e-01,1.445468e-01,-2.549120e-01
5.266950e+00,-1.706152e+00,-6.595639e-01,-1.235344e+00,-6.216826e-01,-1.262999e+00,-9.289404e-01,-8.331950e-01,-2.663741e-01,2.982383e-01,-2.184349e-01
4.888676e+00,-1.804923e+00,-3.948540e-01,-1.137556e+00,-7.724989e-01,-1.032241e+00,-5.115557e-01,-3.993824e-01,-5.604445e-02,2.907143e-01,-4.681229e-01
5.096115e+00,-1.852640e+00,-5.872691e-01,-1.454383e+00,-9.573962e-01,-7.916564e-01,-1.227869e+00,-1.016391e+00,-1.391420e-01,3.029442e-01,-2.909500e-01
5.095187e+00,-1.873658e+00,-3.823482e-01,-1.116480e+00,-8.400419e-01,-6.649064e-01,-7.576901e-01,-4.361967e-01,-2.733490e-02,3.822971e-01,-3.122795e-01
5.083143e+00,-1.824610e+00,-1.108262e+00,-1.321834e+00,-9.915160e-01,-1.384745e+00,-1.088181e+00,-1.013926e+00,-4.616726e-01,1.850529e-01,-2.681503e-01
5.247104e+00,-1.806394e+00,-5.942259e-01,-1.176606e+00,-6.406705e-01,-8.889835e-01,-9.862600e-01,-5.115721e-01,-8.253727e-02,2.724438e-01,-6.115650e-02
5.158637e+00,-1.933032e+00,-3.657028e-01,-1.344694e+00,-9.367732e-01,-1.125140e+00,-1.041521e+00,-6.676930e-01,-1.244159e-01,1.586857e-01,-2.080372e-01
5.216987e+00,-1.831456e+00,-6.047914e-01,-1.154695e+00,-7.665083e-01,-1.004185e+00,-9.688978e-01,-8.485901e-01,-4.421847e-02,4.325378e-01,-1.265059e-01
5.140226e+00,-1.890910e+00,-4.134904e-01,-1.096932e+00,-1.038386e+00,-1.168422e+00,-7.535571e-01,-6.091859e-01,-1.533729e-01,2.987815e-01,-2.212811e-01
5.210645e+00,-2.065814e+00,-4.615385e-01,-1.506427e+00,-8.702274e-01,-1.088042e+00,-1.085175e+00,-9.108417e-01,-7.679396e-02,2.933329e-01,-2.859754e-01
5.287264e+00,-2.066541e+00,-4.584426e-01,-1.279070e+00,-6.762622e-01,-9.645313e-01,-6.844388e-01,-5.362840e-01,-3.286804e-02,2.276049e-01,-3.467743e-02
5.350284e+00,-2.025101e+00,-9.048591e-01,-1.485513e+00,-9.983622e-01,-1.591154e+00,-9.168454e-01,-7.208289e-01,-5.571911e-01,1.829775e-01,-3.156670e-01
5.105912e+00,-2.099113e+00,-6.914726e-01,-1.242795e+00,-7.596953e-01,-7.153488e-01,-5.135175e-01,-6.233993e-01,1.215114e-02,3.596415e-01,-9.076982e-02
4.982901e+00,-1.975608e+00,-4.756603e-01,-1.509586e+00,-1.460081e+00,-1.268857e+00,-8.600103e-01,-8.543195e-01,-1.701945e-01,-1.110230e-01,-3.734687e-01
5.240796e+00,-2.142116e+00,-6.828530e-01,-1.246710e+00,-7.108809e-01,-7.233251e-01,-4.829698e-01,-6.811716e-01,2.377428e-02,4.371074e-01,-1.802758e-01
5.388022e+00,-2.016642e+00,-5.811241e-01,-1.274638e+00,-1.055423e+00,-1.245716e+00,-7.865366e-01,-7.011683e-01,-3.549279e-01,1.748731e-01,-2.286807e-01
5.103655e+00,-1.959448e+00,-7.129513e-01,-1.350282e+00,-7.547607e-01,-8.368191e-01,-8.541913e-01,-7.250592e-01,2.563454e-02,1.598367e-01,-1.810583e-01
5.282276e+00,-2.105401e+00,-5.629557e-01,-1.202975e+00,-9.467165e-01,-1.056524e+00,-8.715980e-01,-8.585114e-01,-1.597753e-01,1.870348e-01,-1.587047e-01
5.226025e+00,-1.963980e+00,-6.755366e-01,-1.185827e+00,-9.423789e-01,-1.208366e+00,-6.678516e-01,-8.623055e-01,-1.615284e-01,2.647990e-01,-2.676457e-01
5.227645e+00,-2.195324e+00,-5.013021e-01,-1.200024e+00,-8.544031e-01,-9.693258e-01,-7.906604e-01,-9.009966e-01,-1.462942e-01,3.695947e-01,-2.447148e-01
5.211314e+00,-2.061773e+00,-4.021666e-01,-1.327600e+00,-1.103752e+00,-1.109552e+00,-8.268498e-01,-7.987073e-01,-1.633896e-01,1.536805e-01,-4.248363e-01
5.151927e+00,-1.983857e+00,-8.036071e-01,-1.177666e+00,-7.346266e-01,-8.870042e-01,-7.258672e-01,-7.296233e-01,-4.867695e-02,2.316986e-01,-1.369652e-01
5.285315e+00,-1.971414e+00,-8.095854e-01,-1.258081e+00,-9.579557e-01,-1.220344e+00,-8.000727e-01,-8.476071e-01,-3.258237e-01,6.271522e-02,-6.632030e-02
5.117514e+00,-2.180032e+00,-5.742793e-01,-1.365325e+00,-7.696399e-01,-6.456297e-01,-6.062656e-01,-6.309995e-01,1.450008e-01,3.068478e-01,-3.877694e-01
5.328493e+00,-2.268266e+00,-6.192953e-01,-1.403389e+00,-1.050749e+00,-1.042792e+00,-8.992670e-01,-9.998499e-01,-2.945601e-01,2.400953e-01,-3.262688e-01
5.161902e+00,-1.964194e+00,-5.827445e-01,-1.229404e+00,-8.048075e-01,-9.076019e-01,-4.095713e-01,-4.065330e-01,6.415152e-02,3.518046e-01,-3.825160e-01
5.247377e+00,-2.214124e+00,-8.871204e-01,-1.443684e+00,-1.077345e+00,-1.159622e+00,-1.078637e+00,-9.709391e-01,-3.635529e-01,1.286892e-01,-1.911732e-01
5.197848e+00,-1.850288e+00,-5.119818e-01,-1.253648e+00,-8.401691e-01,-9.738321e-01,-5.906449e-01,-5.720217e-01,1.297343e-01,1.485998e-01,-2.041964e-01
5.322829e+00,-2.119218e+00,-7.089320e-01,-1.444172e+00,-1.034007e+00,-1.097503e+00,-1.005179e+00,-9.589525e-01,-2.622242e-01,3.012245e-01,-2.363489e-01
5.421966e+00,-1.950383e+00,-5.599919e-01,-1.123262e+00,-9.766971e-01,-1.023689e+00,-6.785110e-01,-7.670816e-01,-1.760838e-01,4.604719e-01,-1.048977e-01
5.157654e+00,-1.811231e+00,-5.570006e-01,-1.391842e+00,-1.120390e+00,-8.899704e-01,-8.963069e-01,-9.718052e-01,4.555348e-03,3.205069e-01,-2.679518e-01
5.329996e+00,-2.021801e+00,-4.923617e-01,-1.407488e+00,-9.613466e-01,-1.017400e+00,-9.125206e-01,-9.280157e-01,-8.064104e-02,2.470109e-01,-8.722035e-03
5.424891e+00,-1.672630e+00,-5.310781e-01,-1.362031e+00,-8.370969e-01,-1.069202e+00,-6.306954e-01,-4.898613e-01,-6.209761e-02,3.228500e-01,-1.927006e-01
5.415620e+00,-2.107773e+00,-7.696694e-01,-1.481835e+00,-1.053166e+00,-1.155868e+00,-9.920809e-01,-9.652244e-01,-2.658576e-01,2.822546e-01,-2.263144e-01
5.263687e+00,-2.068047e+00,-4.273317e-01,-1.377806e+00,-8.887724e-01,-6.928978e-01,-5.818162e-01,-5.921871e-01,1.360107e-01,3.474553e-01,-2.709457e-01
5.050782e+00,-2.161991e+00,-9.390010e-01,-1.690119e+00,-1.333485e+00,-1.217504e+00,-1.146774e+00,-1.205256e+00,-3.014162e-01,1.336569e-01,-4.536048e-01
5.308924e+00,-2.001110e+00,-8.337439e-01,-1.114192e+00,-7.031863e-01,-8.215325e-01,-3.265489e-01,-6.390184e-01,6.223234e-02,5.196346e-01,-8.771606e-02
5.336742e+00,-1.861761e+00,-6.311776e-01,-1.648503e+00,-1.069166e+00,-1.066950e+00,-1.064993e+00,-9.036321e-01,-1.137974e-01,1.952527e-01,-4.829150e-01
5.197960e+00,-2.045961e+00,-7.175282e-01,-1.371511e+00,-7.284261e-01,-7.708155e-01,-7.847029e-01,-7.227142e-01,9.586495e-03,3.438956e-01,-1.226217e-01
5.258563e+00,-1.685618e+00,-6.040136e-01,-1.282373e+00,-1.102186e+00,-1.189016e+00,-7.372921e-01,-8.190474e-01,-1.052615e-01,2.701343e-01,-3.395928e-01
5.278357e+00,-2.087086e+00,-6.293628e-01,-1.351586e+00,-8.679429e-01,-8.941476e-01,-8.120658e-01,-1.018017e+00,-2.821500e-02,4.054159e-01,-1.718035e-01
5.220168e+00,-2.028786e+00,-3.813251e-01,-1.320953e+00,-9.645273e-01,-9.085173e-01,-8.692516e-01,-8.869304e-01,2.340565e-02,2.608007e-01,-2.186951e-01
5.274205e+00,-1.990349e+00,-6.640719e-01,-1.496667e+00,-8.575396e-01,-1.017468e+00,-1.019727e+00,-9.588442e-01,-1.477352e-01,3.657793e-01,-4.110909e-01
5.307966e+00,-1.916766e+00,-8.993498e-01,-1.061007e+00,-6.825018e-01,-1.081397e+00,-6.569407e-01,-6.629049e-01,-2.439258e-01,4.118479e-01,-1.381346e-01
5.154058e+00,-1.880719e+00,-6.346601e-01,-1.424190e+00,-1.086022e+00,-1.053818e+00,-9.258979e-01,-9.038787e-01,-5.229114e-02,1.019162e-02,-3.548727e-01
5.046714e+00,-2.236163e+00,-6.513415e-01,-1.242825e+00,-7.804110e-01,-7.025437e-01,-5.612391e-01,-7.822302e-01,6.993675e-02,2.957017e-01,-2.848779e-01
5.369727e+00,-2.062238e+00,-5.731735e-01,-1.397247e+00,-1.126983e+00,-1.192137e+00,-7.391938e-01,-8.320637e-01,-3.577938e-01,2.298844e-01,-5.036056e-01
5.053820e+00,-2.178847e+00,-7.285313e-01,-1.276640e+00,-7.002062e-01,-6.388970e-01,-4.637336e-01,-5.620319e-01,6.551283e-02,3.296951e-01,-2.478952e-01
5.191626e+00,-2.057301e+00,-7.193111e-01,-1.491626e+00,-1.090691e+00,-1.097860e+00,-9.538445e-01,-9.092282e-01,-2.770854e-01,-5.211695e-02,-2.012222e-01
5.224705e+00,-1.921740e+00,-5.687565e-01,-1.361412e+00,-7.535683e-01,-7.902319e-01,-5.577498e-01,-6.104466e-01,8.085917e-02,2.339936e-01,-2.666962e-01
5.226351e+00,-2.114259e+00,-9.057845e-01,-1.344228e+00,-1.050102e+00,-1.335288e+00,-8.184070e-01,-9.577137e-01,-4.987583e-01,2.739970e-01,-1.545375e-01
5.225727e+00,-1.892622e+00,-2.632854e-01,-1.324443e+00,-1.071152e+00,-9.495275e-01,-7.109660e-01,-5.787295e-01,9.160721e-03,2.989419e-01,-4.992513e-01
5.206371e+00,-2.163532e+00,-6.712456e-01,-1.248728e+00,-1.099420e+00,-1.045661e+00,-9.199627e-01,-9.894957e-01,-1.148472e-01,2.730946e-01,-1.366674e-01
5.305627e+00,-1.788128e+00,-5.732860e-01,-1.168581e+00,-9.351948e-01,-1.237674e+00,-7.306859e-01,-6.999027e-01,-7.154109e-02,2.164649e-01,-8.951242e-02
5.359861e+00,-1.973692e+00,-6.891260e-01,-1.265187e+00,-7.638580e-01,-1.100984e+00,-7.593957e-01,-7.430363e-01,-6.719004e-02,3.082544e-01,-5.279668e-02
5.444097e+00,-2.203162e+00,-5.072164e-01,-1.355834e+00,-1.081737e+00,-1.065197e+00,-9.311056e-01,-8.835674e-01,-1.678437e-01,2.683694e-01,-2.256013e-01
5.273223e+00,-2.042678e+00,-4.278477e-01,-1.391663e+00,-8.680261e-01,-7.860301e-01,-6.342011e-01,-6.300890e-01,7.800824e-02,4.068472e-01,-3.112882e-01
5.300866e+00,-2.233653e+00,-9.420783e-01,-1.429821e+00,-1.113128e+00,-1.414298e+00,-8.673363e-01,-1.019981e+00,-4.873957e-01,2.731074e-01,-1.242934e-01
5.207048e+00,-1.898559e+00,-5.224384e-01,-1.279124e+00,-8.774065e-01,-7.457372e-01,-4.764787e-01,-4.299951e-01,2.758642e-01,2.569316e-01,-2.317287e-01
5.204157e+00,-2.224428e+00,-9.268761e-01,-1.502366e+00,-1.160001e+00,-1.258012e+00,-1.067079e+00,-1.001149e+00,-2.573024e-01,4.818432e-02,-1.251692e-01
5.402286e+00,-2.088708e+00,-6.172032e-01,-1.262371e+00,-7.560263e-01,-9.075271e-01,-5.717058e-01,-4.899999e-01,-4.160258e-02,4.418787e-01,-2.324718e-01
5.361173e+00,-1.979570e+00,-7.325085e-01,-1.217929e+00,-1.078156e+00,-1.157795e+00,-8.331333e-01,-8.824088e-01,-2.111258e-01,3.260782e-01,-2.157121e-01
5.226254e+00,-2.148604e+00,-5.369625e-01,-1.220363e+00,-9.309969e-01,-8.867107e-01,-7.300241e-01,-8.620848e-01,6.407423e-02,3.022726e-01,-1.034603e-01
5.243144e+00,-1.901577e+00,-3.870276e-01,-1.342513e+00,-1.066291e+00,-1.059738e+00,-9.249174e-01,-7.318297e-01,-8.336910e-03,1.938856e-01,-3.020207e-01
5.408205e+00,-2.080587e+00,-8.626303e-01,-1.188426e+00,-8.286047e-01,-1.293952e+00,-8.618156e-01,-7.422266e-01,-4.354658e-01,4.103842e-01,-5.306551e-02
5.368863e+00,-1.831535e+00,-3.856851e-01,-1.339968e+00,-8.685257e-01,-9.840653e-01,-7.690258e-01,-6.192568e-01,3.012324e-02,2.464610e-01,-3.648816e-01
5.152975e+00,-2.218407e+00,-6.353895e-01,-1.442300e+00,-1.142863e+00,-1.042254e+00,-9.770507e-01,-1.057165e+00,-2.368611e-01,4.669046e-02,-1.598875e-01
5.157962e+00,-2.022489e+00,-5.976374e-01,-1.270810e+00,-8.591559e-01,-7.882903e-01,-5.245133e-01,-7.728140e-01,-2.511963e-03,2.685162e-01,-2.127094e-01
5.273437e+00,-2.001010e+00,-7.566176e-01,-1.370483e+00,-1.104148e+00,-1.168533e+00,-7.636642e-01,-9.464560e-01,-3.995602e-01,2.251800e-01,-3.691492e-01
5.111126e+00,-2.266292e+00,-6.345737e-01,-1.310361e+00,-6.498528e-01,-5.952969e-01,-5.176530e-01,-5.121886e-01,4.863807e-03,3.249521e-01,-2.703132e-01
5.245358e+00,-1.823482e+00,-6.284995e-01,-1.468268e+00,-1.100558e+00,-1.103405e+00,-8.769826e-01,-7.923262e-01,-1.258202e-01,-8.991260e-02,-3.233302e-01
5.227124e+00,-2.141028e+00,-8.555901e-01,-1.144083e+00,-6.019553e-01,-9.148649e-01,-3.677583e-01,-6.441251e-01,-1.175951e-01,3.862911e-01,-1.717520e-01
5.123153e+00,-1.930890e+00,-6.166057e-01,-1.564726e+00,-1.108981e+00,-1.016876e+00,-9.625621e-01,-1.007108e+00,-1.178543e-01,1.115234e-01,-4.428496e-01
5.190282e+00,-2.153868e+00,-4.565628e-01,-1.296577e+00,-8.845340e-01,-7.230409e-01,-7.434727e-01,-8.036722e-01,1.113565e-02,3.095580e-01,-2.603131e-01
5.278163e+00,-2.063982e+00,-7.025092e-01,-1.472570e+00,-9.437386e-01,-1.114130e+00,-9.339511e-01,-1.053406e+00,-2.066520e-01,3.456140e-01,-3.584741e-01
5.337664e+00,-1.716824e+00,-6.369907e-01,-1.228544e+00,-8.008573e-01,-1.112784e+00,-7.598042e-01,-7.309235e-01,-7.426373e-02,2.989220e-01,-1.185814e-01
5.198790e+00,-2.009881e+00,-6.746845e-01,-1.353495e+00,-8.653232e-01,-9.345941e-01,-9.169210e-01,-9.825937e-01,-7.733454e-03,2.768468e-01,-7.103899e-02
5.295126e+00,-1.777541e+00,-4.231923e-01,-1.424169e+00,-1.129155e+00,-1.024851e+00,-8.616859e-01,-9.254823e-01,5.134167e-02,3.002060e-01,-5.154641e-01
5.417015e+00,-2.081628e+00,-7.381722e-01,-1.194087e+00,-7.828863e-01,-8.895181e-01,-6.508038e-01,-7.538408e-01,-1.650440e-01,6.154955e-01,-1.859674e-01
5.282620e+00,-1.962031e+00,-6.276763e-01,-1.595187e+00,-9.996541e-01,-1.113838e+00,-9.545691e-01,-1.010021e+00,-1.023166e-01,2.480629e-01,-3.485848e-01
5.209406e+00,-2.033488e+00,-6.626882e-01,-1.320270e+00,-6.818963e-01,-7.279223e-01,-5.834327e-01,-6.182900e-01,1.871667e-01,3.346956e-01,-1.360203e-01
5.023220e+00,-2.269491e+00,-1.192666e+00,-1.717445e+00,-1.305943e+00,-1.402008e+00,-1.267825e+00,-1.219898e+00,-4.325909e-01,-7.548296e-02,-3.343680e-01
5.277120e+00,-1.876275e+00,-6.181781e-01,-1.287749e+00,-7.774650e-01,-8.209756e-01,-4.954717e-01,-4.673656e-01,4.052722e-02,4.802978e-01,-2.870094e-01
5.238896e+00,-2.173561e+00,-6.825572e-01,-1.481533e+00,-1.149914e+00,-1.051458e+00,-9.618480e-01,-1.102112e+00,-1.950417e-01,2.589670e-01,-2.295921e-01
5.240780e+00,-1.819521e+00,-4.235600e-01,-1.364192e+00,-1.037286e+00,-8.097500e-01,-6.349973e-01,-7.573560e-01,1.808356e-01,2.944571e-01,-3.197394e-01
5.375287e+00,-1.902969e+00,-7.591386e-01,-1.267251e+00,-9.272685e-01,-1.215524e+00,-7.847579e-01,-9.081652e-01,-2.637259e-01,3.376046e-01,-3.063634e-02
5.310473e+00,-1.854257e+00,-6.321183e-01,-1.349652e+00,-8.704877e-01,-1.074151e+00,-8.458689e-01,-7.519758e-01,-1.359129e-01,3.156478e-01,-1.554449e-01
5.361791e+00,-1.970273e+00,-3.535124e-01,-1.305667e+00,-9.251191e-01,-9.526302e-01,-8.343696e-01,-7.107261e-01,-8.844559e-02,3.470479e-01,-2.342661e-01
5.256144e+00,-2.199401e+00,-6.113359e-01,-1.391975e+00,-1.039171e+00,-1.121466e+00,-9.148355e-01,-1.008805e+00,-2.062374e-01,2.243503e-01,-1.346699e-01
5.212285e+00,-1.802024e+00,-5.251272e-01,-1.183619e+00,-9.572516e-01,-1.041051e+00,-5.334856e-01,-6.210143e-01,-5.817297e-03,2.322036e-01,-2.701916e-01
5.161289e+00,-2.202463e+00,-7.954602e-01,-1.358848e+00,-1.137526e+00,-1.097746e+00,-9.966000e-01,-1.037882e+00,-3.008964e-01,1.060073e-01,-1.827095e-01
5.161772e+00,-2.010484e+00,-5.358297e-01,-1.372330e+00,-7.105465e-01,-7.151096e-01,-6.270462e-01,-4.564173e-01,8.258709e-02,2.213693e-01,-3.645997e-01
5.394792e+00,-2.095745e+00,-8.335984e-01,-1.309806e+00,-9.314487e-01,-1.233185e+00,-8.309670e-01,-8.931255e-01,-4.228232e-01,1.584902e-01,-1.283290e-01
5.108225e+00,-2.204314e+00,-7.100682e-01,-1.196118e+00,-7.194881e-01,-6.680678e-01,-4.143523e-01,-6.550060e-01,4.852483e-02,3.545686e-01,-2.424257e-01
5.180876e+00,-2.123785e+00,-5.035312e-01,-1.370812e+00,-1.128620e+00,-1.018547e+00,-8.441756e-01,-9.801468e-01,-1.878618e-01,7.167297e-02,-2.905351e-01
5.102247e+00,-2.183669e+00,-6.867895e-01,-1.135433e+00,-8.174434e-01,-7.470037e-01,-6.841910e-01,-7.605280e-01,-9.001216e-02,2.823355e-01,-1.620739e-01
5.452663e+00,-1.989979e+00,-6.108119e-01,-1.284990e+00,-9.813637e-01,-1.349275e+00,-8.072423e-01,-6.929234e-01,-3.324569e-01,2.168365e-01,-4.401285e-01
5.234911e+00,-2.112217e+00,-5.808779e-01,-1.170235e+00,-7.032352e-01,-9.995958e-01,-8.179362e-01,-7.741545e-01,-9.344752e-02,1.970185e-01,-3.436810e-02
5.070645e+00,-1.968568e+00,-5.568804e-01,-1.351138e+00,-9.565448e-01,-9.782706e-01,-1.014003e+00,-8.905814e-01,-1.806058e-02,1.262885e-01,-2.653881e-01
5.286704e+00,-2.034920e+00,-6.417201e-01,-1.033015e+00,-9.950434e-01,-1.102188e+00,-7.818105e-01,-8.634930e-01,-2.360260e-01,3.112193e-01,-1.208038e-01
5.364340e+00,-2.187663e+00,-5.462719e-01,-1.294406e+00,-7.934273e-01,-9.184439e-01,-7.660902e-01,-8.116111e-01,-1.487358e-01,4.920403e-01,-3.457262e-01
5.261067e+00,-2.009741e+00,-4.191898e-01,-1.345874e+00,-1.101300e+00,-1.126997e+00,-8.520605e-01,-8.016360e-01,-1.652556e-01,8.524039e-02,-2.386583e-01
5.268601e+00,-2.089562e+00,-7.455444e-01,-1.212594e+00,-6.812263e-01,-8.275226e-01,-6.041763e-01,-6.406102e-01,-9.048330e-03,3.032720e-01,-2.051082e-02
5.232579e+00,-1.861553e+00,-8.679244e-01,-1.399835e+00,-1.217386e+00,-1.456796e+00,-8.045303e-01,-8.695499e-01,-4.021268e-01,5.228675e-02,-2.566542e-01
5.111117e+00,-2.135103e+00,-5.626363e-01,-1.185130e+00,-8.031459e-01,-6.218840e-01,-4.963599e-01,-5.978084e-01,6.810665e-02,3.764903e-01,-1.729023e-02
5.258109e+00,-2.306913e+00,-5.802055e-01,-1.790764e+00,-1.203237e+00,-1.157898e+00,-1.116343e+00,-1.093579e+00,-3.408546e-01,1.976465e-01,-5.297434e-01
5.260914e+00,-1.997331e+00,-6.089455e-01,-1.158909e+00,-8.363578e-01,-9.832859e-01,-4.819706e-01,-6.666685e-01,-5.750113e-02,3.302712e-01,-4.915506e-02
5.298287e+00,-1.885244e+00,-8.472866e-01,-1.377114e+00,-9.384575e-01,-1.110215e+00,-1.043802e+00,-9.533100e-01,-1.794001e-01,1.833493e-01,-4.861856e-02
5.182215e+00,-1.827259e+00,-4.021507e-01,-1.244007e+00,-9.958398e-01,-1.031407e+00,-7.780880e-01,-5.963433e-01,-2.209182e-02,1.707063e-01,-1.456314e-01
5.411779e+00,-2.068641e+00,-4.983052e-01,-1.318912e+00,-8.101212e-01,-1.048038e+00,-8.369861e-01,-1.015887e+00,-7.731845e-02,4.395406e-01,-1.773227e-01
5.366659e+00,-1.940316e+00,-5.633825e-01,-1.314715e+00,-1.009444e+00,-1.312254e+00,-7.406462e-01,-8.759389e-01,-2.797615e-01,4.039733e-01,-2.556292e-01
5.255771e+00,-2.007443e+00,-4.835163e-01,-1.212788e+00,-8.634708e-01,-8.491641e-01,-7.420096e-01,-8.977611e-01,-2.058255e-02,3.985679e-01,-1.033216e-01
5.081457e+00,-1.937693e+00,-8.204388e-01,-1.531211e+00,-1.093228e+00,-1.045420e+00,-1.125024e+00,-1.178538e+00,-1.336721e-01,1.566702e-01,-2.940199e-01
5.202001e+00,-1.892803e+00,-6.789003e-01,-1.168680e+00,-7.152453e-01,-8.914188e-01,-6.229386e-01,-5.414283e-01,-6.091639e-02,2.954699e-01,-8.984128e-02
5.343274e+00,-2.158707e+00,-8.169490e-01,-1.578573e+00,-9.249933e-01,-1.136170e+00,-1.095208e+00,-1.129962e+00,-3.351866e-01,2.926949e-01,-3.489487e-01
4.955047e+00,-2.064270e+00,-4.241509e-01,-1.254061e+00,-8.621256e-01,-7.221584e-01,-4.253237e-01,-5.773049e-01,2.476502e-01,2.466390e-01,-3.595810e-01
5.221603e+00,-2.060650e+00,-6.998308e-01,-1.374603e+00,-9.568941e-01,-9.378511e-01,-1.015736e+00,-1.108751e+00,-2.247242e-01,2.752247e-01,-2.858762e-01
5.121497e+00,-1.904195e+00,-8.359333e-01,-1.198937e+00,-6.812756e-01,-9.412799e-01,-5.637537e-01,-6.747767e-01,-1.325914e-01,4.081470e-01,-2.739331e-01
5.323223e+00,-2.015995e+00,-7.144393e-01,-1.297113e+00,-8.777798e-01,-1.063049e+00,-9.565716e-01,-9.826540e-01,-2.540189e-01,2.093038e-01,-2.422996e-01
5.264000e+00,-2.060789e+00,-5.189319e-01,-1.416844e+00,-6.686979e-01,-7.788209e-01,-8.864511e-01,-9.469744e-01,-1.893215e-02,3.340781e-01,-3.060851e-01
5.096379e+00,-1.877854e+00,-5.149703e-01,-1.218606e+00,-1.000947e+00,-1.028902e+00,-8.086791e-01,-9.229817e-01,-1.648509e-01,2.110861e-01,-1.757894e-01
5.148990e+00,-1.898530e+00,-6.715579e-01,-1.128387e+00,-8.787037e-01,-8.917513e-01,-8.321174e-01,-1.077524e+00,-1.866061e-01,3.841794e-01,-1.141384e-01
5.075540e+00,-1.930202e+00,-3.141170e-01,-1.322665e+00,-1.052739e+00,-9.069804e-01,-8.114444e-01,-8.042296e-01,-4.900732e-02,1.638181e-01,-3.403359e-01
5.318324e+00,-2.076141e+00,-4.952229e-01,-1.390379e+00,-7.991099e-01,-1.014918e+00,-9.795090e-01,-9.313636e-01,-2.716821e-01,2.218903e-01,-1.373317e-01
5.204859e+00,-1.805053e+00,-8.155571e-01,-1.224047e+00,-6.419946e-01,-1.005705e+00,-6.065043e-01,-6.808971e-01,-1.404372e-01,3.268172e-01,-1.385982e-01
5.315512e+00,-2.072069e+00,-6.212998e-01,-1.264988e+00,-1.129480e+00,-1.054915e+00,-9.304596e-01,-9.567822e-01,-3.067265e-01,1.492456e-01,-1.952829e-01
5.015328e+00,-2.067618e+00,-5.970523e-01,-1.214294e+00,-7.441262e-01,-5.232797e-01,-5.849349e-01,-7.379506e-01,1.971908e-01,3.680029e-01,-1.608347e-01
5.121529e+00,-2.170271e+00,-6.541397e-01,-1.513236e+00,-1.344862e+00,-1.368615e+00,-9.950514e-01,-1.012463e+00,-4.677316e-01,4.419967e-02,-4.524547e-01
5.359338e+00,-2.100927e+00,-6.877890e-01,-1.152409e+00,-6.466039e-01,-8.449633e-01,-5.841327e-01,-6.876212e-01,-1.193212e-01,4.792229e-01,-5.979093e-02
5.079039e+00,-1.941707e+00,-6.610684e-01,-1.487140e+00,-1.162635e+00,-1.209248e+00,-1.112116e+00,-9.112860e-01,-2.296054e-01,-5.531174e-02,-1.514054e-01
5.220022e+00,-1.982129e+00,-5.248571e-01,-1.108510e+00,-8.353561e-01,-8.118253e-01,-8.177004e-01,-7.771667e-01,-4.755811e-02,3.079372e-01,7.331741e-02
5.348455e+00,-1.944323e+00,-7.092363e-01,-1.214977e+00,-9.359126e-01,-1.145189e+00,-9.318014e-01,-9.883066e-01,-3.043353e-01,4.971278e-01,-2.011223e-01
5.295968e+00,-2.137403e+00,-3.581257e-01,-1.177545e+00,-9.848244e-01,-1.093074e+00,-8.400767e-01,-9.060579e-01,-1.419988e-01,3.280596e-01,-1.035234e-01
5.305249e+00,-2.000323e+00,-5.002488e-01,-1.213233e+00,-7.749282e-01,-8.348050e-01,-9.809221e-01,-9.608916e-01,5.026810e-02,3.642933e-01,-7.235044e-02
5.220076e+00,-1.889604e+00,-5.978043e-01,-1.157721e+00,-1.112962e+00,-1.362121e+00,-9.135613e-01,-7.472679e-01,-2.377174e-01,1.437088e-01,-1.954527e-01
5.225205e+00,-1.881864e+00,-8.479091e-01,-1.000748e+00,-6.604633e-01,-9.576670e-01,-7.222585e-01,-7.114005e-01,-1.392608e-01,4.292558e-01,2.829012e-02
5.097049e+00,-2.282639e+00,-6.254134e-01,-1.528027e+00,-1.277668e+00,-1.270547e+00,-1.144012e+00,-1.061224e+00,-3.237404e-01,1.113045e-02,-3.458342e-01
5.142171e+00,-2.221491e+00,-5.014630e-01,-1.106846e+00,-7.870568e-01,-6.869408e-01,-5.109704e-01,-6.848814e-01,5.602888e-02,3.914319e-01,-1.037697e-01
5.190098e+00,-1.981616e+00,-8.475626e-01,-1.345466e+00,-1.010629e+00,-1.225826e+00,-9.167079e-01,-1.086846e+00,-3.297088e-01,2.214796e-01,-1.475009e-01
4.957839e+00,-2.021128e+00,-5.852246e-01,-1.121930e+00,-8.528403e-01,-8.391641e-01,-5.530690e-01,-4.913656e-01,-7.596150e-02,1.967016e-01,-5.192449e-02
5.290953e+00,-1.976155e+00,-6.848251e-01,-1.408589e+00,-8.448310e-01,-9.879216e-01,-1.094549e+00,-1.027584e+00,-1.882319e-01,1.433368e-01,-1.811703e-01
5.216648e+00,-2.135915e+00,-2.978027e-01,-1.239390e+00,-9.059687e-01,-1.122842e+00,-5.603619e-01,-6.455433e-01,-1.930688e-01,2.291302e-01,-3.239182e-01
5.338518e+00,-2.030677e+00,-5.936178e-01,-1.172071e+00,-7.817925e-01,-1.125565e+00,-7.848932e-01,-1.016841e+00,-3.104919e-01,3.932403e-01,-1.526270e-01
5.020392e+00,-2.017184e+00,-5.111905e-01,-1.104253e+00,-1.047133e+00,-9.537506e-01,-8.319823e-01,-9.576364e-01,-1.269548e-01,1.411666e-01,-1.602260e-01
5.030726e+00,-1.967472e+00,-5.573963e-01,-1.088470e+00,-9.292699e-01,-9.448620e-01,-8.587858e-01,-8.818301e-01,-1.492973e-01,1.618606e-01,-1.307495e-01
5.408190e+00,-2.078630e+00,-6.463662e-01,-1.359595e+00,-6.587922e-01,-1.214076e+00,-9.481642e-01,-8.942580e-01,-4.334325e-01,2.891992e-01,-1.895677e-01
5.063940e+00,-2.032166e+00,-4.532852e-01,-1.216466e+00,-8.553430e-01,-1.044977e+00,-6.177126e-01,-6.624536e-01,-1.459139e-01,1.171250e-01,-1.846695e-01
5.205358e+00,-1.985027e+00,-6.209289e-01,-1.395479e+00,-9.161172e-01,-8.464823e-01,-1.000799e+00,-1.201045e+00,-9.896524e-02,2.148464e-01,-2.493459e-01
4.957367e+00,-2.087201e+00,-4.282570e-01,-1.140612e+00,-9.350871e-01,-7.401544e-01,-4.717599e-01,-5.394955e-01,1.482501e-02,2.619767e-01,-2.614590e-01
5.258980e+00,-1.997101e+00,-9.055223e-01,-1.342398e+00,-9.520844e-01,-1.176850e+00,-9.255388e-01,-1.108004e+00,-3.811270e-01,3.131845e-01,-2.398996e-01
5.281715e+00,-2.239644e+00,-5.256229e-01,-1.272536e+00,-6.080292e-01,-8.102254e-01,-5.449663e-01,-6.186888e-01,2.689161e-02,3.868944e-01,-2.937734e-01
5.167625e+00,-2.132661e+00,-7.572799e-01,-1.467546e+00,-1.096353e+00,-1.188590e+00,-1.132408e+00,-1.035316e+00,-2.475295e-01,-7.223107e-03,-2.056113e-01
5.219929e+00,-1.881673e+00,-7.646696e-01,-1.099546e+00,-7.004795e-01,-8.268891e-01,-7.439500e-01,-8.129559e-01,-4.215382e-02,4.802382e-01,-1.068904e-01
5.064255e+00,-1.952681e+00,-5.837133e-01,-1.315870e+00,-1.189883e+00,-1.296313e+00,-8.796764e-01,-9.741826e-01,-2.060237e-01,2.231872e-01,-3.642068e-01
5.459204e+00,-2.095136e+00,-3.430861e-01,-1.458740e+00,-7.183228e-01,-7.386265e-01,-1.026823e+00,-1.005809e+00,2.480078e-02,5.263345e-01,-2.601102e-01
5.286469e+00,-1.911124e+00,-4.497679e-01,-1.288654e+00,-9.279930e-01,-1.041711e+00,-8.966647e-01,-8.237771e-01,-7.990296e-02,2.667860e-01,-8.978553e-02
5.432742e+00,-1.747770e+00,-8.509275e-01,-1.211785e+00,-7.976546e-01,-1.186141e+00,-8.835172e-01,-9.203803e-01,-2.725171e-01,4.270059e-01,-4.936379e-02
5.261110e+00,-1.910390e+00,-5.726955e-01,-1.286689e+00,-8.474047e-01,-7.676421e-01,-8.311880e-01,-8.642674e-01,8.224514e-03,3.710029e-01,-7.876507e-02
5.110977e+00,-2.031415e+00,-5.630135e-01,-1.509125e+00,-1.259497e+00,-1.092780e+00,-9.972901e-01,-1.066838e+00,-1.958799e-01,1.476794e-01,-2.803625e-01
5.515432e+00,-2.069528e+00,-5.806493e-01,-1.334888e+00,-6.310627e-01,-6.788178e-01,-5.586034e-01,-8.184297e-01,-1.180754e-02,7.138616e-01,-3.017956e-01
5.009336e+00,-2.047058e+00,-7.817271e-01,-1.588781e+00,-1.472454e+00,-1.422667e+00,-1.057288e+00,-9.708303e-01,-4.221815e-01,-5.972362e-02,-4.506861e-01
5.096117e+00,-1.963984e+00,-7.252302e-01,-1.307429e+00,-6.524104e-01,-5.802820e-01,-6.976967e-01,-6.162806e-01,1.501024e-01,2.994624e-01,-2.781001e-02
5.268175e+00,-1.929137e+00,-6.756959e-01,-1.387440e+00,-1.145598e+00,-1.106126e+00,-9.762819e-01,-9.069509e-01,-2.252956e-01,8.198113e-02,-2.227180e-01
5.417472e+00,-2.062312e+00,-6.344316e-01,-1.188364e+00,-7.434870e-01,-9.577799e-01,-5.474044e-01,-6.491001e-01,-2.379351e-01,5.166285e-01,-1.723435e-01
5.295191e+00,-2.002012e+00,-4.428649e-01,-1.449251e+00,-9.001350e-01,-9.317310e-01,-9.303219e-01,-1.048657e+00,-1.174766e-01,3.188219e-01,-2.596998e-01
5.047041e+00,-1.998620e+00,-4.222053e-01,-1.276763e+00,-1.101664e+00,-9.504200e-01,-8.086892e-01,-7.968908e-01,-1.122910e-01,1.689609e-01,-2.343874e-01
5.305782e+00,-1.754219e+00,-7.944505e-01,-1.135832e+00,-7.737241e-01,-8.989233e-01,-9.047298e-01,-9.281961e-01,-1.322708e-01,3.939653e-01,-1.069838e-01
5.214277e+00,-1.956372e+00,-5.770599e-01,-1.294138e+00,-9.365152e-01,-1.310865e+00,-7.847467e-01,-7.816092e-01,-2.363937e-01,8.867944e-02,-1.813784e-01
5.278140e+00,-2.204241e+00,-4.674661e-01,-1.315168e+00,-7.242635e-01,-8.116410e-01,-8.166923e-01,-8.523656e-01,-6.638102e-02,3.594115e-01,-3.209154e-01
5.195785e+00,-2.111292e+00,-6.182637e-01,-1.247966e+00,-1.069464e+00,-1.001541e+00,-8.881746e-01,-1.031536e+00,-1.741493e-01,1.462893e-01,-2.502770e-01
5.097810e+00,-2.081703e+00,-7.879356e-01,-1.038392e+00,-7.504154e-01,-9.257290e-01,-4.715141e-01,-5.809670e-01,-1.708052e-01,3.556758e-01,-2.099488e-01
5.280394e+00,-2.113944e+00,-7.281049e-01,-1.437534e+00,-8.745887e-01,-1.020319e+00,-1.025354e+00,-1.011791e+00,-2.167017e-01,1.277407e-01,-2.452404e-01
5.088316e+00,-2.229941e+00,-4.695768e-01,-1.240219e+00,-7.616847e-01,-8.664067e-01,-4.258761e-01,-3.441488e-01,9.627917e-02,1.243885e-01,-3.186922e-01
5.364286e+00,-2.104897e+00,-8.324433e-01,-1.482851e+00,-8.655579e-01,-1.111377e+00,-1.001580e+00,-1.067605e+00,-2.698937e-01,2.123587e-01,-2.893788e-01
5.049925e+00,-1.967065e+00,-6.100053e-01,-1.033941e+00,-9.806811e-01,-9.042115e-01,-4.841449e-01,-5.503478e-01,-7.093197e-02,2.630453e-01,-1.948386e-01
5.088760e+00,-2.120830e+00,-7.610984e-01,-1.423929e+00,-1.160655e+00,-1.061637e+00,-9.970050e-01,-1.166270e+00,-2.116457e-01,1.872033e-01,-3.128445e-01
5.257477e+00,-2.041520e+00,-4.222190e-01,-1.209340e+00,-8.403509e-01,-9.629980e-01,-6.642790e-01,-7.924425e-01,-2.474209e-02,2.988511e-01,-1.123480e-01
5.411768e+00,-1.984719e+00,-7.016757e-01,-1.273401e+00,-9.200836e-01,-1.361676e+00,-8.049834e-01,-7.225922e-01,-3.603057e-01,2.544723e-01,-1.081132e-01
5.331420e+00,-1.935492e+00,-6.576012e-01,-1.218925e+00,-8.787982e-01,-1.042995e+00,-9.274360e-01,-8.484834e-01,-1.118277e-01,3.016920e-01,-1.096139e-01
5.070436e+00,-1.919244e+00,-3.625464e-01,-1.225688e+00,-1.171834e+00,-1.047277e+00,-6.990289e-01,-6.261080e-01,-2.418915e-02,1.405613e-01,-2.286069e-01
5.310709e+00,-1.991445e+00,-6.661884e-01,-1.390447e+00,-9.924804e-01,-1.043146e+00,-9.414033e-01,-1.017747e+00,-1.128077e-01,2.583605e-01,-1.431916e-01
5.368504e+00,-2.080536e+00,-5.253642e-01,-1.173315e+00,-8.789896e-01,-9.758926e-01,-4.453747e-01,-5.437691e-01,-1.145795e-01,3.751892e-01,-1.233062e-01
5.214052e+00,-2.147659e+00,-7.929073e-01,-1.701713e+00,-1.119437e+00,-1.256523e+00,-1.068018e+00,-1.071969e+00,-2.646177e-01,7.104988e-02,-3.447991e-01
5.104543e+00,-1.978302e+00,-7.684874e-01,-1.158235e+00,-7.799136e-01,-6.971460e-01,-5.434764e-01,-4.924412e-01,5.005308e-02,2.918339e-01,5.002525e-02
5.171558e+00,-1.909773e+00,-9.555110e-01,-1.407450e+00,-1.292704e+00,-1.432532e+00,-8.687429e-01,-9.260809e-01,-4.151315e-01,1.049133e-01,-3.031287e-01
5.348571e+00,-2.210649e+00,-5.590318e-01,-1.281456e+00,-7.537718e-01,-7.480792e-01,-5.503160e-01,-7.671092e-01,6.422126e-02,4.538492e-01,-1.531643e-01
5.239327e+00,-2.099428e+00,-3.002284e-01,-1.447175e+00,-1.257223e+00,-1.156655e+00,-9.061526e-01,-7.745250e-01,-1.421638e-01,1.430056e-01,-4.186495e-01
5.294062e+00,-2.015246e+00,-6.960049e-01,-1.295775e+00,-7.888098e-01,-8.636390e-01,-8.711572e-01,-8.210070e-01,-3.241350e-02,4.027711e-01,-1.935802e-01
5.364204e+00,-1.837779e+00,-7.228310e-01,-1.069244e+00,-8.709982e-01,-1.218320e+00,-7.920494e-01,-7.265016e-01,-1.560548e-01,2.599524e-01,-5.470375e-02
5.154117e+00,-1.951287e+00,-6.327725e-01,-1.411725e+00,-9.069169e-01,-9.723759e-01,-1.056097e+00,-9.046699e-01,-2.108746e-02,2.097947e-01,-2.058968e-01
5.298636e+00,-2.161887e+00,-4.337787e-01,-1.269231e+00,-8.170802e-01,-8.945393e-01,-8.237468e-01,-8.323304e-01,-7.207221e-02,4.093560e-01,-2.426718e-01
5.269688e+00,-1.942365e+00,-7.356052e-01,-1.288455e+00,-1.177268e+00,-1.244013e+00,-8.065752e-01,-9.030170e-01,-3.104166e-01,2.922364e-01,-4.489943e-01
5.140584e+00,-1.999191e+00,-7.431068e-01,-1.142169e+00,-8.114966e-01,-6.230170e-01,-7.037099e-01,-7.569930e-01,5.656399e-03,3.530497e-01,-1.636188e-01
5.249317e+00,-1.977752e+00,-5.900291e-01,-1.467804e+00,-1.073329e+00,-1.053651e+00,-9.147722e-01,-8.679222e-01,-1.829121e-01,-1.128046e-02,-2.632529e-01
5.192028e+00,-2.124326e+00,-7.617941e-01,-1.399765e+00,-5.331264e-01,-6.464030e-01,-5.109069e-01,-6.457637e-01,7.181924e-02,3.929177e-01,-3.465280e-01
5.382968e+00,-2.039209e+00,-7.488065e-01,-1.373695e+00,-9.868353e-01,-1.067208e+00,-8.686080e-01,-8.931181e-01,-4.223690e-01,2.625606e-01,-2.798809e-01
5.010429e+00,-2.092913e+00,-4.906335e-01,-1.421305e+00,-8.407229e-01,-5.929342e-01,-5.827749e-01,-6.853259e-01,1.339754e-01,2.674276e-01,-4.132343e-01
5.159091e+00,-2.044080e+00,-7.347677e-01,-1.400488e+00,-1.074697e+00,-9.217189e-01,-9.538004e-01,-1.103083e+00,-1.778787e-01,1.854113e-01,-2.581407e-01
5.232103e+00,-1.729838e+00,-5.115723e-01,-1.191585e+00,-9.229144e-01,-1.093549e+00,-4.950688e-01,-5.357814e-01,-4.722975e-03,1.788230e-01,-2.686657e-01
5.368720e+00,-2.023500e+00,-7.449221e-01,-1.510078e+00,-8.149500e-01,-1.089912e+00,-9.872844e-01,-9.755838e-01,-1.870498e-01,2.957469e-01,-2.036074e-01
5.234104e+00,-1.866651e+00,-4.167432e-01,-1.272552e+00,-1.032275e+00,-9.762592e-01,-7.919811e-01,-7.695052e-01,-4.249186e-02,2.630110e-01,-2.605305e-01
5.208343e+00,-1.878306e+00,-6.454019e-01,-1.391846e+00,-9.821483e-01,-8.487091e-01,-8.905016e-01,-9.796776e-01,-5.382572e-02,4.234305e-01,-2.621526e-01
5.372483e+00,-1.862201e+00,-6.390918e-01,-1.240914e+00,-9.544745e-01,-1.104620e+00,-7.498421e-01,-8.934112e-01,-2.337036e-01,4.426128e-01,-1.374934e-01
5.242235e+00,-1.963665e+00,-4.824851e-01,-1.359920e+00,-9.611486e-01,-8.488761e-01,-6.462851e-01,-7.253906e-01,1.106755e-01,2.477747e-01,-2.184734e-01
5.416934e+00,-2.144981e+00,-7.385738e-01,-1.568826e+00,-9.885620e-01,-1.073298e+00,-1.138832e+00,-8.978549e-01,-2.661575e-01,2.746739e-01,-3.111663e-01
5.164542e+00,-1.850798e+00,-6.777448e-01,-1.182718e+00,-8.002857e-01,-9.686067e-01,-4.181340e-01,-3.515269e-01,5.719094e-02,2.883348e-01,-1.256204e-01
5.043831e+00,-2.191626e+00,-1.103873e+00,-1.678426e+00,-1.285352e+00,-1.265910e+00,-1.227811e+00,-1.270822e+00,-3.072335e-01,6.387898e-02,-4.263992e-01
5.238176e+00,-2.190661e+00,-5.121526e-01,-1.227256e+00,-8.671092e-01,-7.481821e-01,-4.647142e-01,-6.584073e-01,1.734972e-01,3.778193e-01,-1.885451e-01
5.323100e+00,-2.119261e+00,-6.542048e-01,-1.640382e+00,-1.023663e+00,-1.209863e+00,-9.789777e-01,-1.045250e+00,-1.362161e-01,2.648509e-01,-4.049798e-01
5.419670e+00,-1.945872e+00,-8.578469e-01,-1.094915e+00,-7.248070e-01,-1.051046e+00,-5.980038e-01,-6.502438e-01,-1.562165e-01,4.710221e-01,-1.391304e-02
5.280378e+00,-1.780935e+00,-5.092632e-01,-1.295640e+00,-1.085993e+00,-1.194425e+00,-8.506104e-01,-7.215228e-01,5.081907e-03,1.175174e-01,-2.112218e-01
5.223652e+00,-2.092042e+00,-5.586242e-01,-1.371647e+00,-8.805886e-01,-9.626124e-01,-9.113943e-01,-9.434715e-01,-9.983292e-06,2.809720e-01,-4.247702e-02
5.218329e+00,-1.878510e+00,-4.167506e-01,-1.170151e+00,-1.051756e+00,-1.189312e+00,-6.735201e-01,-6.676753e-01,-1.240222e-01,3.332461e-01,-2.154175e-01
5.344131e+00,-2.175656e+00,-6.627190e-01,-1.474238e+00,-9.900114e-01,-1.141653e+00,-9.404170e-01,-1.052908e+00,-2.456154e-01,3.836877e-01,-3.929088e-01
5.123387e+00,-1.993820e+00,-5.302276e-01,-1.128239e+00,-9.318925e-01,-8.514720e-01,-6.610092e-01,-6.481914e-01,4.183944e-02,1.973469e-01,-1.190873e-01
5.156107e+00,-1.925942e+00,-8.380477e-01,-1.532915e+00,-1.034890e+00,-1.189246e+00,-1.014814e+00,-9.140746e-01,-1.886004e-01,-3.471114e-02,-2.636001e-01
5.277182e+00,-2.135661e+00,-8.790509e-01,-1.054945e+00,-6.640106e-01,-1.007883e+00,-3.299942e-01,-5.330262e-01,-1.912619e-01,4.240360e-01,-1.768353e-01
5.283937e+00,-2.067135e+00,-4.373580e-01,-1.484781e+00,-1.228064e+00,-1.150945e+00,-7.812964e-01,-8.094864e-01,-2.147889e-01,3.245226e-02,-4.796825e-01
5.009563e+00,-2.336353e+00,-5.911589e-01,-1.269285e+00,-8.043393e-01,-5.679882e-01,-5.258320e-01,-5.618050e-01,1.216619e-02,3.241026e-01,-2.840435e-01
5.230817e+00,-1.945779e+00,-7.118276e-01,-1.288619e+00,-1.126049e+00,-1.181305e+00,-7.274486e-01,-8.273363e-01,-3.624647e-01,9.670360e-02,-2.522305e-01
5.133265e+00,-1.934849e+00,-7.487072e-01,-1.263727e+00,-6.988292e-01,-8.971600e-01,-6.002233e-01,-6.540946e-01,-5.280938e-02,1.981016e-01,-1.428082e-01
5.213006e+00,-2.130305e+00,-6.186860e-01,-1.355572e+00,-9.979345e-01,-1.048717e+00,-9.418797e-01,-8.809703e-01,-2.050712e-01,2.504987e-02,-7.179645e-02
5.268500e+00,-1.966521e+00,-4.102987e-01,-1.291918e+00,-9.752572e-01,-8.738195e-01,-8.582033e-01,-6.980913e-01,-1.034250e-02,2.993107e-01,-4.419649e-01
5.215844e+00,-2.070724e+00,-8.700082e-01,-1.049094e+00,-9.621225e-01,-1.205027e+00,-7.443268e-01,-9.141928e-01,-3.474455e-01,4.488283e-01,-1.402105e-01
5.244031e+00,-1.875074e+00,-3.105677e-01,-1.251582e+00,-1.120671e+00,-1.086976e+00,-8.392039e-01,-6.969567e-01,3.665206e-02,1.810816e-01,-3.923629e-01
5.278759e+00,-2.201472e+00,-6.302249e-01,-1.289044e+00,-8.286692e-01,-9.161776e-01,-8.192232e-01,-8.142516e-01,-8.639545e-03,2.637021e-01,-1.483194e-01
5.384507e+00,-1.917949e+00,-7.124259e-01,-1.315165e+00,-9.393509e-01,-1.264349e+00,-8.828115e-01,-7.263064e-01,-2.564604e-01,2.341777e-01,-2.540305e-01
5.369144e+00,-2.082963e+00,-6.312129e-01,-1.294639e+00,-7.189121e-01,-7.579847e-01,-6.212130e-01,-5.239475e-01,-2.504372e-02,4.691950e-01,-1.808782e-01
5.165917e+00,-2.166785e+00,-7.342878e-01,-1.464707e+00,-1.232809e+00,-1.070303e+00,-9.969431e-01,-1.063707e+00,-1.615208e-01,1.316921e-01,-1.825601e-01
5.098887e+00,-1.876736e+00,-5.985647e-01,-1.302159e+00,-9.181016e-01,-6.414981e-01,-4.705446e-01,-6.195203e-01,2.901274e-01,3.377281e-01,-2.918107e-01
5.305069e+00,-2.212205e+00,-1.065918e+00,-1.490566e+00,-1.159133e+00,-1.402276e+00,-1.017713e+00,-1.008710e+00,-5.374625e-01,2.598186e-01,-1.973369e-01
5.379070e+00,-1.851552e+00,-4.876115e-01,-1.388545e+00,-7.696382e-01,-8.626962e-01,-6.490272e-01,-4.863564e-01,7.520586e-02,3.336356e-01,-2.479817e-01
5.286751e+00,-1.959094e+00,-7.363815e-01,-1.358927e+00,-1.071121e+00,-1.067286e+00,-9.813243e-01,-9.715075e-01,-1.001942e-01,2.686018e-01,-2.358362e-01
5.352346e+00,-1.984811e+00,-5.651166e-01,-1.283908e+00,-9.355109e-01,-9.719099e-01,-7.595516e-01,-8.142960e-01,-7.259240e-02,4.293667e-01,-1.634279e-01
5.284824e+00,-1.774388e+00,-5.289385e-01,-1.283175e+00,-9.911178e-01,-1.068781e+00,-7.789134e-01,-8.749942e-01,-4.469396e-02,4.333355e-01,-2.299769e-01
5.352436e+00,-2.100475e+00,-5.391776e-01,-1.381581e+00,-9.886636e-01,-9.976112e-01,-8.953142e-01,-1.002654e+00,-7.767258e-02,3.645538e-01,-1.596526e-01
5.210352e+00,-1.579747e+00,-4.129441e-01,-1.352500e+00,-1.018145e+00,-8.889803e-01,-7.965165e-01,-5.568097e-01,1.315238e-01,2.140730e-01,-3.209546e-01
5.149421e+00,-1.896719e+00,-1.107337e+00,-1.438884e+00,-1.012526e+00,-1.290145e+00,-9.700736e-01,-9.894426e-01,-4.238406e-01,1.886877e-01,-4.118636e-02
5.148516e+00,-1.859725e+00,-4.852951e-01,-1.349012e+00,-8.814537e-01,-8.177468e-01,-4.974852e-01,-6.312468e-01,1.111632e-01,2.892581e-01,-3.106415e-01
5.232926e+00,-2.121163e+00,-6.886183e-01,-1.606246e+00,-1.158500e+00,-9.451253e-01,-1.016646e+00,-1.116983e+00,-2.243572e-01,2.237458e-01,-4.162215e-01
5.128689e+00,-2.194708e+00,-6.667180e-01,-1.230319e+00,-8.105475e-01,-6.179314e-01,-4.741880e-01,-5.484574e-01,2.752861e-02,4.765310e-01,-3.308164e-01
5.320972e+00,-1.816776e+00,-8.320525e-01,-1.471533e+00,-9.630476e-01,-1.155028e+00,-8.385323e-01,-9.775860e-01,-2.233827e-01,2.198262e-01,-4.101663e-01
5.127573e+00,-2.125000e+00,-7.392425e-01,-1.276334e+00,-6.587024e-01,-7.731516e-01,-6.809672e-01,-6.527173e-01,4.774487e-02,2.265664e-01,-1.546080e-01
5.129928e+00,-1.799287e+00,-5.520092e-01,-1.381546e+00,-1.073202e+00,-1.030935e+00,-8.971564e-01,-8.307925e-01,-9.846361e-04,1.104208e-02,-3.474146e-01
5.306990e+00,-2.116637e+00,-6.994906e-01,-1.194336e+00,-7.588567e-01,-9.969182e-01,-6.974008e-01,-8.004835e-01,-2.329367e-01,5.293815e-01,-3.235768e-01
5.143903e+00,-2.039015e+00,-5.825241e-01,-1.279764e+00,-1.035132e+00,-1.006849e+00,-8.802890e-01,-9.263572e-01,-1.784537e-01,2.812061e-01,-3.352596e-01
5.102509e+00,-1.914369e+00,-5.427330e-01,-1.324581e+00,-9.257162e-01,-8.846163e-01,-9.504965e-01,-9.356345e-01,3.773872e-02,1.923767e-01,-2.149404e-01
5.227011e+00,-2.068267e+00,-7.442968e-01,-1.237054e+00,-8.137926e-01,-1.014793e+00,-8.153275e-01,-8.032786e-01,-1.758540e-01,2.391050e-01,-7.320339e-02
5.394715e+00,-1.717117e+00,-6.708030e-01,-1.278698e+00,-9.581490e-01,-1.200286e+00,-7.973962e-01,-7.510309e-01,-1.667688e-01,2.871212e-01,-3.966562e-01
5.228136e+00,-2.307427e+00,-5.371085e-01,-1.337236e+00,-7.513433e-01,-8.014577e-01,-6.434800e-01,-7.291271e-01,-8.740873e-02,4.203721e-01,-2.510478e-01
5.177745e+00,-1.958573e+00,-4.787853e-01,-1.453856e+00,-1.269844e+00,-1.126174e+00,-8.961421e-01,-8.628107e-01,-9.468531e-02,1.047542e-01,-4.915851e-01
5.187012e+00,-2.117769e+00,-8.758380e-01,-1.057840e+00,-7.817872e-01,-7.825135e-01,-3.972313e-01,-5.744632e-01,-3.528138e-02,4.633979e-01,-1.016371e-01
5.085061e+00,-2.077655e+00,-8.797008e-01,-1.511089e+00,-1.224678e+00,-1.288260e+00,-1.031596e+00,-9.444611e-01,-3.137712e-01,-7.235351e-03,-2.570296e-01
5.341104e+00,-2.053110e+00,-4.988315e-01,-1.346667e+00,-7.304184e-01,-7.264570e-01,-6.655593e-01,-4.253071e-01,3.142054e-02,2.988959e-01,-1.862054e-01
5.185904e+00,-2.164024e+00,-8.502947e-01,-1.380798e+00,-1.249106e+00,-1.218217e+00,-9.944825e-01,-9.749797e-01,-3.799281e-01,1.792631e-01,-2.090376e-01
5.295459e+00,-1.743214e+00,-5.281216e-01,-1.246729e+00,-9.888600e-01,-1.047994e+00,-5.551238e-01,-6.305080e-01,-5.780653e-02,3.427881e-01,-2.502680e-01
5.305492e+00,-2.127566e+00,-4.583459e-01,-1.287470e+00,-1.073855e+00,-1.014306e+00,-9.063321e-01,-8.752020e-01,-1.690626e-01,3.299949e-01,-5.520142e-02
5.257867e+00,-1.798037e+00,-4.919631e-01,-1.298339e+00,-1.031905e+00,-1.021462e+00,-8.115995e-01,-8.032737e-01,4.940048e-03,2.436664e-01,-1.871534e-01
5.459872e+00,-1.946208e+00,-6.864491e-01,-1.130051e+00,-8.303841e-01,-1.183377e+00,-7.550287e-01,-6.470232e-01,-2.459829e-01,4.096323e-01,-7.140109e-02
5.267761e+00,-2.067705e+00,-7.619603e-01,-1.335871e+00,-1.085074e+00,-1.130724e+00,-1.027739e+00,-8.785496e-01,-2.542466e-01,1.932865e-01,-1.215853e-01
5.171453e+00,-1.959720e+00,-4.106981e-01,-1.184558e+00,-9.380430e-01,-8.597370e-01,-6.044862e-01,-6.536387e-01,1.700412e-01,2.537711e-01,-2.129097e-01
5.062262e+00,-2.331262e+00,-8.991379e-01,-1.467664e+00,-1.258875e+00,-1.234707e+00,-1.065492e+00,-1.164412e+00,-3.620337e-01,8.091078e-02,-2.400541e-01
5.300187e+00,-2.011731e+00,-4.703484e-01,-1.267480e+00,-8.256757e-01,-9.515941e-01,-4.923430e-01,-2.628267e-01,-6.218765e-03,4.308358e-01,-4.540166e-01
5.345011e+00,-2.247586e+00,-7.503597e-01,-1.476082e+00,-9.763805e-01,-1.167136e+00,-1.012548e+00,-9.620056e-01,-3.395538e-01,1.088854e-01,-1.921824e-01
5.166726e+00,-2.023545e+00,-6.271343e-01,-1.335910e+00,-7.192172e-01,-7.646420e-01,-5.690406e-01,-6.024208e-01,1.749856e-01,2.557749e-01,-2.717358e-01
5.365905e+00,-2.026882e+00,-7.228737e-01,-1.224594e+00,-9.940455e-01,-1.098158e+00,-8.128216e-01,-8.955928e-01,-3.265666e-01,2.343747e-01,-1.005516e-01
5.127873e+00,-2.058542e+00,-7.214435e-01,-1.164516e+00,-8.991648e-01,-8.504822e-01,-6.909927e-01,-8.655704e-01,-6.907369e-02,3.578711e-01,-2.500447e-01
5.175926e+00,-2.014102e+00,-4.147017e-01,-1.314345e+00,-1.059375e+00,-1.008374e+00,-8.647353e-01,-8.546491e-01,-1.560357e-01,2.294429e-01,-4.101066e-01
5.134810e+00,-2.061569e+00,-6.417510e-01,-1.203990e+00,-8.419976e-01,-9.745610e-01,-9.109121e-01,-8.759415e-01,-1.190313e-01,2.066229e-01,-8.876347e-02
5.225792e+00,-1.699555e+00,-7.534147e-01,-1.181600e+00,-8.204569e-01,-1.192124e+00,-7.347481e-01,-6.917027e-01,-1.582711e-01,1.649273e-01,-2.046975e-01
5.185007e+00,-2.006061e+00,-6.151323e-01,-1.211044e+00,-9.338479e-01,-1.014390e+00,-8.778877e-01,-9.411090e-01,-1.668035e-01,2.472681e-01,-2.465810e-01
5.114143e+00,-2.058239e+00,-4.955498e-01,-1.397712e+00,-8.616460e-01,-6.585763e-01,-7.955795e-01,-8.109138e-01,-1.345600e-02,3.289905e-01,-3.884559e-01
5.255772e+00,-1.989743e+00,-5.881363e-01,-1.342809e+00,-1.058130e+00,-1.158959e+00,-7.804836e-01,-9.206502e-01,-3.177242e-01,2.376395e-01,-3.215663e-01
5.158658e+00,-2.064587e+00,-7.988963e-01,-1.229078e+00,-7.003690e-01,-7.116382e-01,-4.745601e-01,-7.086229e-01,-3.152982e-02,4.215975e-01,-2.115311e-01
5.147405e+00,-1.803530e+00,-5.795024e-01,-1.534744e+00,-1.214994e+00,-1.193990e+00,-9.318905e-01,-8.382626e-01,-1.693795e-01,-1.030947e-01,-3.301273e-01
5.121969e+00,-2.027364e+00,-7.160235e-01,-1.259475e+00,-6.595406e-01,-6.483500e-01,-5.431186e-01,-6.611386e-01,4.725806e-02,3.470627e-01,-7.012968e-02
5.266732e+00,-1.923204e+00,-8.698138e-01,-1.566704e+00,-1.199340e+00,-1.348826e+00,-9.256441e-01,-1.039517e+00,-4.058913e-01,2.836250e-01,-5.304480e-01
5.240581e+00,-2.066307e+00,-5.018711e-01,-1.256596e+00,-8.353231e-01,-7.311428e-01,-6.676991e-01,-8.634460e-01,9.522857e-02,3.029511e-01,-5.233953e-02
5.088693e+00,-1.977575e+00,-6.055763e-01,-1.505471e+00,-1.037607e+00,-9.921723e-01,-1.063206e+00,-1.077134e+00,-3.365876e-02,2.502970e-01,-2.336880e-01
5.297659e+00,-1.779859e+00,-6.296048e-01,-1.195545e+00,-8.407348e-01,-1.033570e+00,-8.203215e-01,-7.338479e-01,-1.156934e-01,4.094530e-01,-1.781258e-01
5.359203e+00,-1.917309e+00,-7.639613e-01,-1.223759e+00,-8.043146e-01,-1.088415e+00,-9.621465e-01,-8.471440e-01,-1.820373e-01,4.381724e-01,-1.101932e-01
5.295419e+00,-1.870678e+00,-3.403189e-01,-1.501336e+00,-1.027656e+00,-1.075132e+00,-9.077874e-01,-9.308718e-01,4.014176e-02,2.429194e-01,-3.722019e-01
5.256013e+00,-1.987352e+00,-5.650422e-01,-1.155068e+00,-8.682835e-01,-8.102624e-01,-7.104186e-01,-9.199554e-01,6.488989e-02,4.174983e-01,-3.706691e-02
5.207484e+00,-1.801962e+00,-9.750190e-01,-1.384750e+00,-1.121945e+00,-1.234403e+00,-9.289364e-01,-1.081580e+00,-3.128116e-01,3.235415e-01,-2.489158e-01
5.165183e+00,-2.005198e+00,-5.996757e-01,-1.225811e+00,-7.723154e-01,-7.627179e-01,-6.588632e-01,-6.125353e-01,4.249264e-02,3.745700e-01,-1.117709e-01
5.185424e+00,-2.161426e+00,-8.574457e-01,-1.602932e+00,-1.066587e+00,-1.153985e+00,-1.194536e+00,-1.038484e+00,-3.170530e-01,1.192130e-01,-2.422093e-01
5.130396e+00,-1.947060e+00,-5.915668e-01,-1.189584e+00,-7.767733e-01,-8.332827e-01,-4.791886e-01,-4.667656e-01,1.079284e-01,3.534379e-01,-2.162898e-01
5.277121e+00,-2.134049e+00,-7.501203e-01,-1.348348e+00,-9.876617e-01,-1.139276e+00,-9.324823e-01,-1.064859e+00,-3.100620e-01,2.327907e-01,-1.191267e-01
5.102718e+00,-1.965909e+00,-3.592606e-01,-1.284848e+00,-1.040829e+00,-7.889968e-01,-6.882207e-01,-6.851231e-01,1.798460e-01,1.896996e-01,-3.667261e-01
5.310170e+00,-2.096231e+00,-6.023660e-01,-1.189150e+00,-9.780117e-01,-1.019373e+00,-8.777453e-01,-9.854418e-01,-2.550899e-01,2.938869e-01,-1.750241e-01
5.307584e+00,-1.845362e+00,-7.565959e-01,-1.228034e+00,-7.425597e-01,-1.180376e+00,-7.721366e-01,-7.692219e-01,-2.486071e-01,3.065672e-01,-1.604801e-01
5.152461e+00,-1.892457e+00,-6.017618e-01,-1.099562e+00,-9.387457e-01,-9.984475e-01,-8.439176e-01,-8.075415e-01,-2.194448e-01,1.308525e-01,1.929920e-03
5.105855e+00,-2.035731e+00,-5.743130e-01,-1.232436e+00,-1.005141e+00,-9.416170e-01,-9.507107e-01,-1.044661e+00,-1.992567e-01,1.971458e-01,-1.720180e-01
5.090930e+00,-1.984148e+00,-3.675852e-01,-1.200420e+00,-9.614629e-01,-9.565413e-01,-6.450059e-01,-6.784350e-01,-2.193354e-01,2.442143e-01,-3.086368e-01
5.358684e+00,-2.193524e+00,-5.752013e-01,-1.265015e+00,-9.000702e-01,-1.092256e+00,-9.136628e-01,-9.145345e-01,-4.525736e-01,3.201211e-01,-1.995376e-01
5.085240e+00,-2.065219e+00,-4.939600e-01,-1.258875e+00,-7.691791e-01,-8.026588e-01,-5.826239e-01,-6.429916e-01,7.305401e-02,8.811225e-02,-2.741681e-01
5.145321e+00,-2.025256e+00,-7.546028e-01,-1.209229e+00,-9.959667e-01,-1.105307e+00,-9.904936e-01,-8.841728e-01,-3.122876e-01,5.692690e-02,-1.100288e-01
5.030664e+00,-2.013856e+00,-8.574939e-01,-1.102742e+00,-5.641618e-01,-7.714025e-01,-4.758070e-01,-5.636528e-01,-3.977649e-02,4.064773e-01,-1.828211e-01
5.173049e+00,-2.191800e+00,-6.014124e-01,-1.283053e+00,-1.195840e+00,-1.216631e+00,-9.020918e-01,-9.849373e-01,-3.584671e-01,1.612525e-01,-3.590568e-01
5.145372e+00,-2.164627e+00,-5.176838e-01,-1.176902e+00,-7.306273e-01,-6.526360e-01,-6.862038e-01,-8.334960e-01,4.826278e-02,3.596704e-01,-1.631332e-01
5.004951e+00,-1.931024e+00,-5.908413e-01,-1.288593e+00,-1.284358e+00,-1.295633e+00,-9.885494e-01,-8.368331e-01,-2.533841e-01,-1.482768e-03,-2.514574e-01
5.302784e+00,-1.878469e+00,-8.118270e-01,-9.971402e-01,-7.017317e-01,-1.023242e+00,-7.941734e-01,-7.585360e-01,-2.597809e-01,4.047135e-01,6.142281e-02
5.168508e+00,-1.981969e+00,-4.824527e-01,-1.329557e+00,-9.718119e-01,-1.127996e+00,-9.849205e-01,-9.397887e-01,-8.287431e-02,1.736153e-01,-1.609036e-01
5.368343e+00,-2.165002e+00,-3.270328e-01,-1.201934e+00,-9.031811e-01,-9.691131e-01,-9.294964e-01,-9.002313e-01,-1.533756e-01,3.440340e-01,-6.638162e-02
5.295459e+00,-1.909420e+00,-6.393462e-01,-1.183352e+00,-7.173548e-01,-1.052583e+00,-7.574756e-01,-9.356774e-01,-8.170469e-02,4.984562e-01,-1.334590e-01
5.129236e+00,-1.970845e+00,-6.283207e-01,-1.194792e+00,-1.150856e+00,-1.226744e+00,-8.773987e-01,-9.659788e-01,-2.167922e-01,1.638565e-01,-1.457122e-01
5.162129e+00,-1.936229e+00,-6.872481e-01,-1.175636e+00,-7.361494e-01,-7.052167e-01,-8.358592e-01,-7.596552e-01,1.055372e-01,3.005610e-01,-2.337736e-02
5.205074e+00,-2.176057e+00,-6.774324e-01,-1.593332e+00,-1.227611e+00,-1.496552e+00,-1.041355e+00,-9.190140e-01,-4.528396e-01,3.877382e-02,-4.444375e-01
5.267523e+00,-2.067630e+00,-6.831442e-01,-1.142588e+00,-6.030101e-01,-9.020223e-01,-3.734728e-01,-6.994728e-01,3.888132e-04,5.008236e-01,-1.790538e-02
5.048682e+00,-2.107983e+00,-6.602274e-01,-1.559836e+00,-1.276811e+00,-1.102778e+00,-1.083968e+00,-1.153394e+00,-2.596116e-01,2.637355e-02,-2.095002e-01
5.089012e+00,-2.038083e+00,-4.399580e-01,-1.219266e+00,-8.865881e-01,-7.668363e-01,-5.788020e-01,-7.319321e-01,4.099702e-02,3.002427e-01,-8.049242e-02
5.324843e+00,-1.755868e+00,-8.453617e-01,-1.315274e+00,-8.498277e-01,-1.110791e+00,-9.179646e-01,-1.068169e+00,-2.680409e-01,3.351709e-01,-1.131605e-01
5.266047e+00,-1.940079e+00,-3.560079e-01,-1.308617e+00,-8.494259e-01,-1.154160e+00,-7.088468e-01,-6.270607e-01,-1.380115e-01,2.085248e-01,-1.645312e-01
5.208307e+00,-1.908089e+00,-5.378063e-01,-1.324678e+00,-7.905371e-01,-8.762230e-01,-1.003373e+00,-1.100579e+00,-2.225840e-02,2.620750e-01,-6.807101e-02
5.023508e+00,-1.875523e+00,-5.129362e-01,-1.189613e+00,-1.103828e+00,-1.123688e+00,-8.168266e-01,-9.786050e-01,-8.494510e-02,2.152409e-01,-2.664491e-01
5.199398e+00,-1.892581e+00,-6.924143e-01,-1.039388e+00,-7.689546e-01,-9.364280e-01,-7.716369e-01,-8.841591e-01,-2.731767e-01,5.400116e-01,-1.458100e-01
5.169353e+00,-2.069694e+00,-5.387939e-01,-1.471996e+00,-9.221470e-01,-1.009947e+00,-1.068757e+00,-1.098310e+00,-1.847516e-01,2.390134e-01,-3.386532e-01
5.128644e+00,-2.041216e+00,-5.928035e-01,-1.212102e+00,-7.321068e-01,-7.823108e-01,-7.274861e-01,-7.315037e-01,-3.991279e-02,2.147866e-01,-2.042148e-01
5.252763e+00,-1.856054e+00,-9.188811e-01,-1.375936e+00,-8.403939e-01,-1.015788e+00,-1.057831e+00,-1.101274e+00,-3.207775e-01,2.882350e-01,-2.324601e-01
4.801821e+00,-1.941422e+00,-6.091900e-01,-1.112012e+00,-8.884846e-01,-6.213392e-01,-5.068791e-01,-4.969491e-01,1.114482e-02,2.821418e-01,-3.037280e-01
5.135156e+00,-2.054686e+00,-6.516202e-01,-1.381090e+00,-1.001402e+00,-8.645906e-01,-1.047227e+00,-1.166834e+00,-2.163833e-01,2.417993e-01,-2.727815e-01
5.191209e+00,-2.166702e+00,-4.464681e-01,-1.283637e+00,-7.159937e-01,-6.637194e-01,-6.126876e-01,-6.311610e-01,-1.086171e-02,3.788748e-01,-3.710525e-01
5.197318e+00,-1.918613e+00,-9.541046e-01,-1.218989e+00,-8.920013e-01,-1.299792e+00,-9.386729e-01,-9.670858e-01,-4.451686e-01,2.334328e-01,-1.342785e-01
5.184020e+00,-1.876603e+00,-6.848961e-01,-1.241154e+00,-6.778407e-01,-7.479022e-01,-8.804542e-01,-8.722634e-01,2.865504e-02,3.084877e-01,-1.887075e-01
5.094118e+00,-2.069980e+00,-5.274658e-01,-1.286066e+00,-1.181105e+00,-1.089897e+00,-1.044861e+00,-9.597570e-01,-1.954411e-01,1.344574e-01,-3.157055e-01
5.403339e+00,-2.016242e+00,-5.049072e-01,-1.230996e+00,-7.327834e-01,-9.310915e-01,-8.383504e-01,-9.998340e-01,-1.237068e-01,4.872692e-01,-1.437342e-01
5.204323e+00,-1.965663e+00,-3.303836e-01,-1.257321e+00,-1.089490e+00,-1.155381e+00,-7.577501e-01,-7.419811e-01,-1.623493e-01,2.940490e-01,-3.351141e-01
5.233746e+00,-1.974046e+00,-5.997824e-01,-1.289914e+00,-9.575162e-01,-9.816075e-01,-9.517113e-01,-1.036427e+00,-1.484661e-01,2.265159e-01,-6.717230e-02
5.147104e+00,-1.790127e+00,-6.172953e-01,-1.273480e+00,-8.123360e-01,-8.679626e-01,-7.607026e-01,-6.279717e-01,-1.825544e-02,2.019901e-01,-2.267506e-02
5.350931e+00,-1.956772e+00,-8.504939e-01,-1.269300e+00,-1.050011e+00,-1.304406e+00,-8.524420e-01,-8.513160e-01,-5.295265e-01,2.800677e-01,-6.837139e-02
5.260302e+00,-2.057110e+00,-5.675540e-01,-1.304945e+00,-7.063411e-01,-6.803654e-01,-5.341605e-01,-7.522872e-01,1.145370e-01,4.979139e-01,-2.175665e-01
4.898339e+00,-2.311240e+00,-7.487750e-01,-1.662103e+00,-1.537888e+00,-1.418867e+00,-1.080123e+00,-1.181377e+00,-3.960602e-01,-2.028572e-01,-3.886958e-01
5.263551e+00,-1.994266e+00,-7.586962e-01,-1.105024e+00,-7.314303e-01,-7.027948e-01,-6.032389e-01,-6.453314e-01,4.399707e-02,4.726569e-01,-6.373413e-02
5.205673e+00,-1.867095e+00,-7.777575e-01,-1.253180e+00,-1.180426e+00,-1.351713e+00,-8.860321e-01,-7.658195e-01,-3.424632e-01,1.108872e-01,-2.398532e-01
5.273856e+00,-2.090611e+00,-5.193028e-01,-1.278796e+00,-7.227474e-01,-9.108197e-01,-7.777937e-01,-7.303217e-01,1.595918e-02,2.689819e-01,-5.146513e-02
5.343653e+00,-2.084337e+00,-4.452377e-01,-1.346475e+00,-9.596070e-01,-1.021691e+00,-9.640829e-01,-8.886014e-01,-1.636007e-01,2.860839e-01,-1.811356e-01
5.181994e+00,-1.892385e+00,-7.662552e-01,-9.812200e-01,-1.051936e+00,-1.206543e+00,-6.780692e-01,-8.440168e-01,-2.603014e-01,3.813060e-01,-5.559188e-02
5.135866e+00,-1.818015e+00,-6.425232e-01,-1.156882e+00,-8.628445e-01,-8.266733e-01,-8.896332e-01,-9.794984e-01,2.311409e-02,3.531882e-01,-9.628274e-02
5.073129e+00,-2.019679e+00,-4.657553e-01,-1.340779e+00,-1.186886e+00,-1.250113e+00,-9.538739e-01,-7.457442e-01,-2.117214e-01,4.930430e-02,-2.858194e-01
5.438485e+00,-2.091008e+00,-6.961099e-01,-1.286480e+00,-5.110485e-01,-1.011467e+00,-6.820317e-01,-8.122276e-01,-6.146606e-02,3.574708e-01,-1.665230e-01
5.111821e+00,-2.061252e+00,-7.673048e-01,-1.303397e+00,-1.124430e+00,-1.362795e+00,-8.409724e-01,-9.398933e-01,-3.277814e-01,5.974683e-02,-2.943293e-01
5.039119e+00,-2.256878e+00,-5.609513e-01,-1.219241e+00,-7.197201e-01,-6.399583e-01,-5.733633e-01,-6.950769e-01,9.521864e-02,2.635159e-01,-2.033946e-01
5.105690e+00,-2.023830e+00,-7.315178e-01,-1.266236e+00,-1.080928e+00,-1.007910e+00,-9.060570e-01,-1.050233e+00,-2.022606e-01,1.226921e-01,-2.922446e-01
5.168113e+00,-2.220744e+00,-7.383249e-01,-1.114814e+00,-6.829510e-01,-9.615154e-01,-3.034706e-01,-4.874836e-01,-1.477878e-01,3.167715e-01,-2.391678e-01
5.325320e+00,-2.042551e+00,-7.219468e-01,-1.475305e+00,-8.002136e-01,-1.036736e+00,-1.022351e+00,-9.706986e-01,-2.142083e-01,7.795291e-02,-1.700333e-01
4.930721e+00,-1.942511e+00,-4.741232e-01,-1.194961e+00,-9.938277e-01,-9.154127e-01,-5.618888e-01,-5.699989e-01,1.696851e-02,-4.317005e-02,-1.928016e-01
5.155760e+00,-1.902915e+00,-8.114900e-01,-1.272784e+00,-1.012320e+00,-9.518725e-01,-9.427303e-01,-1.035691e+00,-2.403550e-01,3.333559e-01,-2.679639e-01
5.311359e+00,-2.037653e+00,-4.509783e-01,-1.146527e+00,-9.541136e-01,-1.018809e+00,-6.140407e-01,-7.453872e-01,-2.333611e-01,3.414226e-01,-2.108589e-01
5.182028e+00,-2.077570e+00,-5.068600e-01,-1.388374e+00,-9.921014e-01,-9.946034e-01,-9.136119e-01,-9.435643e-01,-1.296998e-01,2.467961e-01,-2.907608e-01
5.294976e+00,-1.925132e+00,-6.162707e-01,-1.265333e+00,-8.558689e-01,-1.036366e+00,-8.680940e-01,-8.854583e-01,-1.400509e-01,2.548660e-01,-1.524845e-01
5.197643e+00,-1.765930e+00,-7.506333e-01,-1.105084e+00,-9.742876e-01,-1.096326e+00,-6.979447e-01,-5.072150e-01,-1.986405e-01,2.212266e-01,-8.812972e-02
5.229022e+00,-1.900772e+00,-7.513932e-01,-1.368715e+00,-9.890002e-01,-8.990760e-01,-1.044492e+00,-9.942934e-01,-1.440040e-01,2.747896e-01,-1.949421e-01
5.147277e+00,-2.108884e+00,-3.425991e-01,-1.336053e+00,-9.819892e-01,-8.320685e-01,-5.141985e-01,-5.678692e-01,8.270221e-02,3.186377e-01,-3.678714e-01
5.232537e+00,-2.085371e+00,-8.505491e-01,-1.639382e+00,-1.104377e+00,-1.076897e+00,-1.092997e+00,-1.214665e+00,-2.594951e-01,2.283092e-01,-3.545797e-01
5.194852e+00,-1.895777e+00,-7.856322e-01,-1.123223e+00,-7.522738e-01,-7.618228e-01,-4.359847e-01,-5.429351e-01,6.610188e-02,4.030889e-01,-5.960453e-03
5.170483e+00,-2.066761e+00,-9.660928e-01,-1.636015e+00,-1.231957e+00,-1.178453e+00,-1.195168e+00,-1.089650e+00,-2.858879e-01,2.879842e-02,-3.028466e-01
5.313430e+00,-2.006552e+00,-6.186848e-01,-1.344509e+00,-7.309272e-01,-7.200169e-01,-7.191263e-01,-7.796177e-01,7.561379e-02,4.380450e-01,-1.227654e-01
5.370777e+00,-1.969615e+00,-5.609419e-01,-1.437296e+00,-1.078395e+00,-1.340605e+00,-7.857935e-01,-8.564705e-01,-2.719420e-01,3.386434e-01,-3.368592e-01
5.325853e+00,-1.878426e+00,-6.813834e-01,-1.236034e+00,-8.966241e-01,-6.988195e-01,-9.447530e-01,-9.283199e-01,3.809433e-02,5.587947e-01,-2.143431e-01
5.208681e+00,-1.859483e+00,-4.223622e-01,-1.272577e+00,-1.042859e+00,-9.745562e-01,-9.217337e-01,-7.749026e-01,2.434261e-02,2.474093e-01,-1.884910e-01
5.177957e+00,-1.815433e+00,-8.188895e-01,-1.329353e+00,-9.153316e-01,-1.021778e+00,-1.091641e+00,-8.783938e-01,-1.129872e-01,3.025054e-01,-1.174477e-01
5.550219e+00,-1.972265e+00,-6.298913e-01,-1.240612e+00,-7.155666e-01,-1.002452e+00,-7.273675e-01,-7.120061e-01,-1.418874e-01,4.928151e-01,-1.847862e-01
5.089819e+00,-2.026999e+00,-7.050131e-01,-1.442595e+00,-1.296182e+00,-1.086294e+00,-9.966437e-01,-1.038130e+00,-1.609188e-01,1.016781e-01,-3.305119e-01
5.148674e+00,-2.003181e+00,-6.046633e-01,-1.318259e+00,-7.768360e-01,-5.770423e-01,-6.160919e-01,-8.587617e-01,1.594779e-01,3.786289e-01,-1.973094e-01
5.173756e+00,-1.868944e+00,-7.600624e-01,-1.330632e+00,-1.323850e+00,-1.318221e+00,-7.356796e-01,-8.068383e-01,-4.032887e-01,1.681727e-01,-3.995367e-01
5.130236e+00,-2.027228e+00,-8.113697e-01,-1.325346e+00,-5.831946e-01,-6.043756e-01,-4.839045e-01,-6.513127e-01,1.306939e-01,3.620610e-01,-1.911586e-01
5.372529e+00,-2.066418e+00,-4.785776e-01,-1.557067e+00,-9.537081e-01,-1.115376e+00,-8.826945e-01,-7.790451e-01,-2.983659e-01,7.262545e-02,-3.169536e-01
4.997682e+00,-2.009748e+00,-7.303328e-01,-1.254916e+00,-8.062353e-01,-7.404959e-01,-5.886283e-01,-6.746304e-01,-3.946573e-02,2.472068e-01,-2.157314e-01
5.228175e+00,-1.909053e+00,-8.694009e-01,-1.152068e+00,-1.033480e+00,-1.077831e+00,-7.868626e-01,-9.655303e-01,-3.152252e-01,2.713344e-01,-2.060078e-01
5.040501e+00,-2.035332e+00,-4.163352e-01,-1.266613e+00,-9.917698e-01,-9.424657e-01,-6.558448e-01,-7.437794e-01,-2.841997e-02,1.308900e-01,-3.037974e-01
5.260267e+00,-2.108759e+00,-5.607859e-01,-1.403921e+00,-8.270111e-01,-9.372286e-01,-9.837506e-01,-9.578640e-01,-9.218158e-02,2.623432e-01,-2.501763e-01
5.223253e+00,-1.762715e+00,-6.633465e-01,-1.071497e+00,-9.765946e-01,-1.320875e+00,-6.623125e-01,-6.069261e-01,-2.636886e-01,2.085735e-01,-2.715329e-01
5.178611e+00,-1.934834e+00,-7.718901e-01,-1.294150e+00,-7.991248e-01,-9.264099e-01,-8.708780e-01,-8.649684e-01,-7.596537e-02,3.346656e-01,-2.361203e-01
5.195904e+00,-2.044682e+00,-5.214199e-01,-1.273367e+00,-1.121654e+00,-9.956596e-01,-8.340730e-01,-9.426038e-01,-1.045962e-01,1.257088e-01,-1.743858e-01
5.148309e+00,-2.095661e+00,-6.092841e-01,-1.277238e+00,-8.762184e-01,-8.512304e-01,-5.567607e-01,-7.766059e-01,4.908890e-02,3.281222e-01,-2.612917e-01
5.485861e+00,-2.153321e+00,-7.681017e-01,-1.386657e+00,-8.837564e-01,-1.279997e+00,-8.089533e-01,-9.006425e-01,-3.818267e-01,3.517931e-01,-2.178533e-01
5.010965e+00,-1.946064e+00,-6.197711e-01,-1.147454e+00,-8.901395e-01,-7.809923e-01,-5.220449e-01,-2.926948e-01,1.877980e-01,1.149619e-01,-1.022124e-01
5.112980e+00,-2.159552e+00,-1.010119e+00,-1.549219e+00,-1.124421e+00,-1.190780e+00,-1.166098e+00,-1.091549e+00,-2.232851e-01,2.932387e-02,-2.567324e-01
5.241469e+00,-2.055437e+00,-5.991780e-01,-1.135299e+00,-8.763065e-01,-1.008143e+00,-4.194947e-01,-4.837832e-01,-3.166454e-02,3.469220e-01,-2.145909e-01
5.372665e+00,-2.211800e+00,-7.510783e-01,-1.538791e+00,-1.083189e+00,-1.134701e+00,-1.037314e+00,-1.083250e+00,-1.822405e-01,2.603192e-01,-3.141872e-01
5.316763e+00,-2.092081e+00,-4.827166e-01,-1.136870e+00,-1.007192e+00,-8.166703e-01,-7.035274e-01,-7.355826e-01,2.592565e-02,3.384681e-01,-1.012910e-01
5.217823e+00,-1.833613e+00,-6.514019e-01,-1.328391e+00,-1.064274e+00,-1.103045e+00,-9.178184e-01,-8.599669e-01,-6.690620e-02,2.103605e-01,-1.493558e-01
5.410913e+00,-1.872502e+00,-8.533506e-01,-1.153451e+00,-8.216133e-01,-1.238966e+00,-8.228802e-01,-7.218446e-01,-2.965018e-01,3.494826e-01,1.369281e-01
5.222401e+00,-1.787472e+00,-3.524306e-01,-1.223462e+00,-1.113963e+00,-1.080007e+00,-6.869679e-01,-6.071097e-01,1.576603e-02,1.998914e-01,-2.060957e-01
5.326637e+00,-2.168512e+00,-5.823186e-01,-1.436463e+00,-1.118149e+00,-9.766095e-01,-1.004636e+00,-1.002785e+00,-1.367677e-01,2.861875e-01,-2.176531e-01
5.149293e+00,-1.901246e+00,-5.800103e-01,-1.130774e+00,-1.018868e+00,-9.406760e-01,-5.213838e-01,-5.852167e-01,-5.746666e-02,2.495304e-01,-9.679701e-02
5.023233e+00,-2.046130e+00,-1.088713e+00,-1.617903e+00,-1.275897e+00,-1.265666e+00,-1.140310e+00,-1.146340e+00,-3.405040e-01,2.042304e-02,-3.805404e-01
5.230951e+00,-2.108945e+00,-6.571187e-01,-1.191475e+00,-7.350670e-01,-7.442002e-01,-4.843357e-01,-4.942701e-01,9.017191e-02,2.597053e-01,-7.697982e-02
5.329139e+00,-1.969338e+00,-6.241155e-01,-1.564936e+00,-1.095372e+00,-1.120783e+00,-9.573077e-01,-8.312124e-01,-2.161397e-01,1.043677e-01,-3.876601e-01
5.216749e+00,-2.119574e+00,-8.737580e-01,-1.119056e+00,-7.131324e-01,-8.686498e-01,-4.345509e-01,-5.567499e-01,-2.101108e-01,5.892300e-01,-2.339706e-01
5.148627e+00,-1.850054e+00,-5.710894e-01,-1.297139e+00,-1.291989e+00,-1.023150e+00,-8.178830e-01,-8.582860e-01,-1.502504e-01,1.201785e-01,-4.023552e-01
5.062430e+00,-2.033447e+00,-6.843861e-01,-1.256780e+00,-9.450596e-01,-6.253678e-01,-8.400710e-01,-8.531868e-01,3.886656e-02,2.478106e-01,-1.600169e-01
5.425998e+00,-2.021773e+00,-5.396875e-01,-1.348610e+00,-8.037736e-01,-1.133070e+00,-7.897938e-01,-8.424955e-01,-1.688708e-01,2.052106e-01,-1.450823e-01
5.280211e+00,-1.819337e+00,-7.678603e-01,-1.292676e+00,-7.765859e-01,-9.567812e-01,-9.427079e-01,-7.809980e-01,-1.605989e-01,4.183761e-01,-3.144184e-01
5.101838e+00,-2.054691e+00,-6.221444e-01,-1.224793e+00,-9.108182e-01,-8.478141e-01,-9.153146e-01,-9.117413e-01,-4.575878e-02,2.634788e-01,-1.681282e-01
5.103815e+00,-1.849109e+00,-4.997607e-01,-1.345722e+00,-1.082947e+00,-9.829151e-01,-8.846384e-01,-9.065602e-01,1.217613e-02,1.706880e-01,-3.938581e-01
5.191833e+00,-1.995309e+00,-9.728264e-01,-1.122461e+00,-7.437880e-01,-1.004712e+00,-5.700526e-01,-8.746924e-01,-1.571770e-01,4.552586e-01,-1.996264e-01
5.335725e+00,-1.923981e+00,-5.383127e-01,-1.403307e+00,-1.052177e+00,-1.091001e+00,-8.605806e-01,-8.189851e-01,-1.029802e-01,9.772608e-02,-3.396547e-01
5.166280e+00,-2.028550e+00,-7.543138e-01,-1.381030e+00,-6.478618e-01,-5.727063e-01,-6.741890e-01,-6.306060e-01,1.570958e-01,3.337971e-01,-2.051780e-01
5.170208e+00,-1.910548e+00,-9.206232e-01,-1.403028e+00,-1.145542e+00,-1.153470e+00,-8.998562e-01,-1.027595e+00,-2.479336e-01,1.242102e-01,-2.387655e-01
5.172814e+00,-1.898181e+00,-6.638954e-01,-1.353478e+00,-7.657476e-01,-6.849678e-01,-4.510604e-01,-6.557882e-01,9.191273e-02,4.747194e-01,-2.910304e-01
5.167097e+00,-2.292155e+00,-6.574610e-01,-1.725466e+00,-1.164897e+00,-1.121539e+00,-1.046810e+00,-1.164762e+00,-2.762329e-01,1.821040e-01,-3.593711e-01
5.262181e+00,-1.848894e+00,-3.627679e-01,-1.316527e+00,-1.030012e+00,-8.282977e-01,-6.273583e-01,-5.239915e-01,3.419735e-02,3.157492e-01,-3.770583e-01
5.377752e+00,-1.853939e+00,-1.016446e+00,-1.353634e+00,-9.094785e-01,-1.271615e+00,-9.408966e-01,-9.122192e-01,-3.583667e-01,4.014792e-01,-1.863673e-01
5.187282e+00,-1.742340e+00,-5.900449e-01,-1.200216e+00,-1.014152e+00,-1.030062e+00,-7.906353e-01,-6.728261e-01,-5.115800e-02,2.373108e-01,-8.292019e-02
5.200178e+00,-1.779833e+00,-6.095848e-01,-1.297879e+00,-1.018653e+00,-8.205617e-01,-9.462898e-01,-9.534351e-01,1.064185e-01,3.470763e-01,-1.533370e-01
5.416828e+00,-2.104402e+00,-5.567722e-01,-1.298579e+00,-1.043646e+00,-1.104323e+00,-8.291867e-01,-9.159187e-01,-2.026904e-01,4.230249e-01,-2.070845e-01
5.190390e+00,-1.749721e+00,-6.337642e-01,-1.238120e+00,-9.489386e-01,-9.533732e-01,-6.617665e-01,-6.610026e-01,-2.885665e-02,3.956022e-01,-2.246728e-01
5.124783e+00,-2.097368e+00,-8.955261e-01,-1.475297e+00,-1.186610e+00,-1.092459e+00,-1.109618e+00,-1.030853e+00,-2.368312e-01,8.249905e-02,-9.394130e-02
5.174672e+00,-1.812860e+00,-5.094952e-01,-1.226682e+00,-9.213478e-01,-8.562950e-01,-5.144424e-01,-3.818250e-01,1.681958e-01,1.835565e-01,-2.081545e-01
5.231418e+00,-2.092415e+00,-1.089204e+00,-1.498672e+00,-1.129847e+00,-1.293195e+00,-1.014059e+00,-1.085011e+00,-4.225190e-01,1.947165e-01,-2.614966e-01
5.087447e+00,-2.182550e+00,-5.596714e-01,-1.230219e+00,-8.866331e-01,-7.576896e-01,-4.767724e-01,-4.792871e-01,3.268308e-02,4.106414e-01,-2.514967e-01
5.195438e+00,-1.969679e+00,-7.399986e-01,-1.419304e+00,-1.110985e+00,-9.749016e-01,-9.804701e-01,-1.039745e+00,-7.920084e-02,1.982312e-01,-3.636784e-01
5.155601e+00,-2.095791e+00,-7.704205e-01,-1.103140e+00,-8.342901e-01,-9.233112e-01,-6.083755e-01,-6.980530e-01,2.447223e-02,2.382538e-01,-4.702657e-02
5.374254e+00,-1.788060e+00,-7.357480e-01,-1.254809e+00,-8.929927e-01,-1.279909e+00,-8.119558e-01,-7.188862e-01,-1.445144e-01,1.326535e-01,-2.132345e-01
5.279707e+00,-2.272300e+00,-6.068867e-01,-1.272515e+00,-8.528419e-01,-1.028598e+00,-8.511080e-01,-8.624922e-01,-1.222088e-01,2.888945e-01,-2.282468e-01
5.168324e+00,-1.998187e+00,-3.595016e-01,-1.244520e+00,-1.051975e+00,-9.890949e-01,-8.082376e-01,-7.763865e-01,-2.722293e-03,1.364621e-01,-2.657814e-01
5.182991e+00,-2.028254e+00,-7.502319e-01,-1.191711e+00,-9.714269e-01,-1.071283e+00,-8.647892e-01,-9.138225e-01,-2.835365e-01,3.113334e-01,-1.289771e-01
5.088937e+00,-2.079804e+00,-6.304725e-01,-1.159904e+00,-9.504767e-01,-9.066695e-01,-6.798582e-01,-7.677227e-01,-1.553874e-01,2.327680e-01,-1.807317e-01
5.176841e+00,-1.874295e+00,-6.343793e-01,-1.413396e+00,-9.630111e-01,-9.941747e-01,-9.503577e-01,-8.490234e-01,-1.524768e-01,7.771701e-02,-2.753738e-01
5.223026e+00,-2.247880e+00,-7.122330e-01,-1.187503e+00,-7.485585e-01,-7.571831e-01,-6.467587e-01,-4.742053e-01,-2.255930e-01,3.069397e-01,-1.754944e-01
5.221846e+00,-1.729849e+00,-7.691351e-01,-1.284549e+00,-1.211267e+00,-1.256428e+00,-7.318627e-01,-8.345104e-01,-2.330302e-01,2.576260e-02,-3.874899e-01
4.990328e+00,-2.247051e+00,-7.081533e-01,-1.097965e+00,-8.446434e-01,-5.705447e-01,-4.262608e-01,-6.121360e-01,7.768697e-02,3.025861e-01,-1.421126e-01
5.134293e+00,-2.061271e+00,-5.510074e-01,-1.524387e+00,-1.242720e+00,-1.137683e+00,-9.301108e-01,-8.898401e-01,-2.089403e-01,1.060153e-02,-3.961341e-01
5.317473e+00,-2.034184e+00,-7.301182e-01,-1.185530e+00,-6.901897e-01,-9.335617e-01,-5.092840e-01,-5.692713e-01,-1.597481e-01,3.850334e-01,-1.542870e-01
5.190547e+00,-2.024949e+00,-8.389108e-01,-1.377449e+00,-1.062453e+00,-1.255895e+00,-9.485849e-01,-8.827317e-01,-2.665301e-01,1.107455e-01,-9.545570e-02
5.154080e+00,-1.808079e+00,-4.297659e-01,-1.320250e+00,-8.987519e-01,-8.511561e-01,-7.722617e-01,-7.267415e-01,1.040933e-01,1.924695e-01,-1.384209e-01
5.232475e+00,-2.105992e+00,-5.621913e-01,-1.295632e+00,-1.001627e+00,-1.078531e+00,-8.507646e-01,-9.901223e-01,-1.282685e-01,3.232586e-01,-5.664235e-02
5.368402e+00,-1.678102e+00,-5.995026e-01,-1.161078e+00,-1.108204e+00,-1.132916e+00,-7.150513e-01,-8.060263e-01,-8.254186e-02,4.022324e-01,-3.149281e-01
5.284658e+00,-2.072202e+00,-5.719368e-01,-1.238024e+00,-8.960463e-01,-9.060929e-01,-8.283005e-01,-8.235380e-01,-5.976871e-02,4.034851e-01,-1.111585e-01
5.137498e+00,-1.786296e+00,-7.950470e-01,-1.385301e+00,-1.040141e+00,-1.074936e+00,-1.038082e+00,-8.993957e-01,-8.859349e-02,1.474281e-01,-2.045309e-01
5.354423e+00,-1.904989e+00,-7.752071e-01,-1.115892e+00,-7.280183e-01,-9.270794e-01,-5.776691e-01,-6.028486e-01,-8.526674e-04,4.199332e-01,-7.048193e-02
5.219672e+00,-2.248757e+00,-8.865457e-01,-1.550141e+00,-1.160431e+00,-1.219709e+00,-1.096681e+00,-1.106224e+00,-3.535060e-01,1.784157e-01,-2.881692e-01
5.063119e+00,-1.985364e+00,-4.622693e-01,-1.329408e+00,-9.012387e-01,-6.371340e-01,-5.749545e-01,-5.348655e-01,2.689953e-01,3.667117e-01,-3.715486e-01
5.325930e+00,-2.208452e+00,-8.076297e-01,-1.460025e+00,-1.134751e+00,-1.064020e+00,-1.032722e+00,-1.094797e+00,-2.733221e-01,2.374717e-01,-2.325538e-01
5.197794e+00,-1.607063e+00,-8.027164e-01,-1.204572e+00,-8.429711e-01,-9.253648e-01,-5.447420e-01,-5.047180e-01,5.126441e-02,3.694348e-01,-2.240387e-01
5.290433e+00,-1.946510e+00,-7.621511e-01,-1.407694e+00,-9.703412e-01,-1.011851e+00,-9.825330e-01,-1.003930e+00,-1.234217e-01,1.288521e-01,-3.985134e-02
5.145558e+00,-1.914986e+00,-5.872351e-01,-1.333677e+00,-9.692361e-01,-8.381992e-01,-8.103293e-01,-8.467349e-01,-1.385742e-02,3.764392e-01,-3.227126e-01
5.332122e+00,-1.865372e+00,-5.176939e-01,-1.302834e+00,-9.132260e-01,-9.863161e-01,-8.073114e-01,-8.514404e-01,-2.522106e-01,5.320057e-01,-3.643023e-01
5.103287e+00,-1.995992e+00,-7.334428e-01,-1.254197e+00,-1.040518e+00,-1.037956e+00,-8.922423e-01,-1.063686e+00,-1.508475e-01,2.284938e-01,-1.292181e-01
5.144712e+00,-1.731392e+00,-4.355009e-01,-1.406009e+00,-9.419618e-01,-8.571445e-01,-7.848272e-01,-8.217016e-01,1.153409e-01,1.601968e-01,-3.704079e-01
5.291695e+00,-2.071362e+00,-6.934508e-01,-1.432357e+00,-8.543920e-01,-1.078786e+00,-1.001993e+00,-9.320786e-01,-2.500670e-01,1.484560e-01,-1.300829e-01
5.162541e+00,-1.828794e+00,-7.400886e-01,-1.216036e+00,-7.709474e-01,-9.085406e-01,-5.618911e-01,-5.475416e-01,-2.149957e-01,3.409688e-01,-2.926612e-01
5.353837e+00,-2.137402e+00,-5.426902e-01,-1.435317e+00,-1.000816e+00,-9.531294e-01,-9.085371e-01,-1.000058e+00,-2.540886e-01,2.560658e-01,-3.574702e-01
4.909823e+00,-2.177580e+00,-6.545140e-01,-1.233310e+00,-7.772243e-01,-5.698430e-01,-4.229818e-01,-7.144717e-01,9.011730e-02,2.985600e-01,-2.678115e-01
5.135227e+00,-1.843355e+00,-7.704296e-01,-1.429841e+00,-1.085226e+00,-1.116309e+00,-8.819020e-01,-9.876037e-01,-2.736540e-01,1.426041e-01,-3.695286e-01
5.269895e+00,-2.184835e+00,-7.830801e-01,-1.185858e+00,-6.032265e-01,-8.160041e-01,-4.909708e-01,-6.629408e-01,-9.040641e-02,3.007324e-01,-6.589040e-02
5.115773e+00,-1.823021e+00,-6.227862e-01,-1.470595e+00,-1.226997e+00,-1.103406e+00,-1.083060e+00,-8.001412e-01,-1.476657e-01,5.570405e-02,-5.541590e-01
5.099348e+00,-2.063298e+00,-5.762943e-01,-1.193553e+00,-7.352394e-01,-8.353544e-01,-7.072538e-01,-8.182833e-01,-2.319029e-02,2.965011e-01,-6.813088e-02
5.227281e+00,-1.993489e+00,-7.522698e-01,-1.229469e+00,-1.070202e+00,-1.280328e+00,-8.960179e-01,-8.753139e-01,-3.221872e-01,3.288703e-01,-2.709684e-01
5.230504e+00,-1.986728e+00,-5.640842e-01,-1.116371e+00,-9.485679e-01,-9.181265e-01,-8.885197e-01,-8.770440e-01,-4.107791e-02,2.927296e-01,-1.135261e-01
5.194132e+00,-2.053981e+00,-6.101600e-01,-1.186299e+00,-9.398859e-01,-9.742263e-01,-9.802721e-01,-8.092616e-01,-5.549718e-02,2.424210e-01,-9.018512e-02
5.365398e+00,-1.795292e+00,-6.178640e-01,-1.262006e+00,-9.381709e-01,-1.121219e+00,-9.400209e-01,-7.376901e-01,-1.444126e-01,1.864832e-01,-1.259024e-01
5.245903e+00,-1.985448e+00,-7.688450e-01,-1.021127e+00,-8.302744e-01,-9.544757e-01,-6.116326e-01,-7.733976e-01,-9.812626e-02,4.189375e-01,6.169150e-04
5.105075e+00,-1.932700e+00,-5.717238e-01,-1.532867e+00,-1.247174e+00,-1.112838e+00,-9.492068e-01,-1.053953e+00,-5.300137e-02,6.756740e-02,-3.383346e-01
5.213187e+00,-2.200501e+00,-5.197812e-01,-1.135495e+00,-8.523161e-01,-6.592737e-01,-5.498131e-01,-6.110554e-01,1.281058e-02,4.684764e-01,-1.017276e-01
5.167658e+00,-2.095605e+00,-1.111141e+00,-1.482725e+00,-1.240673e+00,-1.453584e+00,-1.039081e+00,-1.051287e+00,-6.155046e-01,2.021126e-01,-3.694787e-01
5.206106e+00,-2.015396e+00,-5.991216e-01,-1.173385e+00,-7.870422e-01,-8.237717e-01,-5.819070e-01,-4.688368e-01,4.158382e-02,2.486978e-01,-3.284353e-02
5.159057e+00,-2.077235e+00,-7.493966e-01,-1.383936e+00,-1.095669e+00,-1.083670e+00,-1.058231e+00,-9.904965e-01,-2.251884e-01,4.453432e-02,-2.808384e-02
5.083910e+00,-1.763993e+00,-4.675049e-01,-1.156524e+00,-1.014480e+00,-1.037683e+00,-5.468474e-01,-6.309918e-01,3.631238e-02,2.449774e-01,-2.423764e-01
5.354115e+00,-2.023854e+00,-6.491574e-01,-1.087383e+00,-9.791723e-01,-1.082710e+00,-8.146493e-01,-8.960343e-01,-3.597377e-01,4.558705e-01,-1.161615e-01
5.117120e+00,-1.857998e+00,-3.920689e-01,-1.316476e+00,-1.092720e+00,-9.545028e-01,-9.344500e-01,-7.874390e-01,1.850658e-02,1.639005e-01,-2.457285e-01
5.214280e+00,-1.937892e+00,-6.018797e-01,-1.089657e+00,-8.704982e-01,-1.016458e+00,-7.824001e-01,-8.698766e-01,-1.219043e-01,1.806264e-01,7.465171e-02
5.150483e+00,-1.806074e+00,-9.217977e-01,-1.225829e+00,-9.462929e-01,-1.282638e+00,-9.499711e-01,-9.105687e-01,-3.816881e-01,2.638445e-01,-1.534034e-01
5.125083e+00,-2.021316e+00,-4.841015e-01,-1.112458e+00,-9.239646e-01,-8.044080e-01,-7.201021e-01,-6.632404e-01,-1.516047e-01,2.640483e-01,-1.722546e-01
5.155316e+00,-2.187376e+00,-5.949937e-01,-1.344259e+00,-1.069103e+00,-9.907337e-01,-1.012678e+00,-1.116609e+00,-2.225231e-01,2.002328e-01,-2.744863e-01
4.942546e+00,-2.018332e+00,-5.160648e-01,-1.132848e+00,-8.730986e-01,-7.972295e-01,-4.707791e-01,-5.509859e-01,3.239460e-02,2.309857e-01,-3.460171e-01
5.157087e+00,-1.994878e+00,-8.856966e-01,-1.218225e+00,-8.797640e-01,-1.208700e+00,-9.388369e-01,-9.650544e-01,-4.024833e-01,1.785641e-01,-1.306264e-01
4.864255e+00,-1.945246e+00,-7.901755e-01,-1.162891e+00,-6.723860e-01,-6.000798e-01,-6.789736e-01,-5.472061e-01,1.202732e-01,1.649849e-01,-2.425836e-01
5.328281e+00,-2.250045e+00,-5.683837e-01,-1.329042e+00,-9.788549e-01,-1.090595e+00,-9.977029e-01,-9.548977e-01,-3.436827e-01,2.292678e-01,-3.716235e-01
5.198352e+00,-1.988799e+00,-7.753023e-01,-1.110025e+00,-6.581215e-01,-8.220668e-01,-6.752549e-01,-7.982468e-01,-1.857796e-01,4.967211e-01,-2.498489e-01
5.026650e+00,-1.941933e+00,-5.413960e-01,-1.228497e+00,-1.136458e+00,-1.137647e+00,-8.834880e-01,-1.005910e+00,-1.757849e-01,1.290962e-01,-2.893175e-01
5.157023e+00,-2.016968e+00,-5.602105e-01,-1.230442e+00,-7.818607e-01,-8.204479e-01,-8.827798e-01,-1.050449e+00,-4.361407e-02,3.141853e-01,-1.196374e-01
5.029263e+00,-1.722721e+00,-5.436531e-01,-1.247419e+00,-1.059463e+00,-1.138342e+00,-9.686610e-01,-7.438706e-01,-1.261580e-01,1.507782e-01,-2.659194e-01
5.330129e+00,-1.869515e+00,-6.761165e-01,-1.192085e+00,-6.845177e-01,-1.139159e+00,-8.452437e-01,-9.162398e-01,-3.052125e-01,4.071553e-01,-3.589123e-02
5.071094e+00,-1.851451e+00,-5.336281e-01,-1.296974e+00,-9.398164e-01,-7.997475e-01,-8.571835e-01,-9.567171e-01,9.395119e-02,3.084492e-01,-2.536443e-01
5.176020e+00,-2.046125e+00,-5.048252e-01,-1.390787e+00,-1.071841e+00,-1.032659e+00,-9.293107e-01,-1.122903e+00,-1.306885e-01,1.276195e-01,-1.211072e-01
5.154009e+00,-1.858815e+00,-7.341974e-01,-1.166265e+00,-6.950100e-01,-8.003558e-01,-5.825671e-01,-7.522790e-01,-5.682873e-03,5.120580e-01,-1.010249e-01
5.205398e+00,-1.962353e+00,-7.117854e-01,-1.550295e+00,-1.188013e+00,-1.313877e+00,-9.988267e-01,-9.495680e-01,-3.777132e-01,9.820310e-02,-3.666353e-01
5.154746e+00,-2.019870e+00,-6.400343e-01,-1.261254e+00,-6.492564e-01,-6.791145e-01,-6.215206e-01,-6.682233e-01,1.129654e-01,3.857982e-01,-3.201719e-02
5.064826e+00,-1.931752e+00,-7.434258e-01,-1.633420e+00,-1.242205e+00,-1.240624e+00,-1.030263e+00,-1.168974e+00,-2.510028e-01,5.038807e-02,-3.410775e-01
5.288774e+00,-1.903562e+00,-6.967918e-01,-1.024521e+00,-8.570435e-01,-8.268826e-01,-5.829833e-01,-7.555800e-01,-1.377573e-01,5.523988e-01,-3.393691e-02
5.190835e+00,-1.914544e+00,-5.756345e-01,-1.433834e+00,-1.044170e+00,-9.049266e-01,-1.069930e+00,-1.098026e+00,-1.667179e-01,3.664266e-01,-2.567320e-01
5.219065e+00,-1.992393e+00,-3.817536e-01,-1.284326e+00,-9.572153e-01,-8.991851e-01,-9.714038e-01,-7.443785e-01,-1.213726e-01,3.705632e-01,-2.281300e-01
5.269268e+00,-1.748167e+00,-8.384932e-01,-1.071439e+00,-7.744478e-01,-1.039315e+00,-9.799095e-01,-8.784529e-01,-2.153589e-01,3.717092e-01,9.156682e-02
5.099379e+00,-1.746612e+00,-4.998460e-01,-1.214922e+00,-1.085217e+00,-1.257727e+00,-9.305471e-01,-7.973885e-01,-6.546808e-02,1.837417e-01,-2.648670e-01
5.178970e+00,-2.068941e+00,-4.939261e-01,-1.103302e+00,-8.300804e-01,-7.573957e-01,-8.716372e-01,-9.059049e-01,-1.317224e-02,3.487559e-01,-9.281376e-03
5.195972e+00,-2.069438e+00,-5.762682e-01,-1.417634e+00,-1.153865e+00,-1.112975e+00,-1.087371e+00,-1.066855e+00,-1.571549e-01,1.970437e-01,-3.892738e-01
5.343737e+00,-2.135313e+00,-7.066825e-01,-1.046250e+00,-6.316942e-01,-9.899816e-01,-4.652570e-01,-7.429809e-01,-1.686341e-01,4.379838e-01,-8.639153e-02
5.165610e+00,-1.930983e+00,-7.666997e-01,-1.412102e+00,-9.438421e-01,-1.038836e+00,-1.134816e+00,-1.000654e+00,-2.243532e-01,1.104332e-01,-2.013108e-01
4.871357e+00,-2.065976e+00,-6.202654e-01,-1.149893e+00,-7.804781e-01,-6.369675e-01,-5.753324e-01,-4.631575e-01,1.549493e-02,2.065170e-01,-1.253486e-01
5.242852e+00,-2.068739e+00,-7.571218e-01,-1.278199e+00,-9.440603e-01,-1.126934e+00,-9.279156e-01,-1.057086e+00,-4.082028e-01,3.108838e-01,-2.809784e-01
4.996407e+00,-2.018733e+00,-4.636010e-01,-1.147996e+00,-8.932313e-01,-8.337440e-01,-5.345834e-01,-5.870435e-01,-9.088267e-02,2.749962e-01,-3.505032e-01
5.095920e+00,-2.102971e+00,-5.033992e-01,-1.225256e+00,-9.599234e-01,-9.868527e-01,-9.124755e-01,-1.035898e+00,-1.596154e-01,1.213233e-01,-6.404639e-02
4.993237e+00,-1.816530e+00,-6.984988e-01,-1.098089e+00,-8.547387e-01,-8.477158e-01,-8.234389e-01,-8.253131e-01,-7.549682e-02,2.123457e-01,-2.330482e-01
5.217104e+00,-1.899797e+00,-8.341044e-01,-1.015336e+00,-8.675249e-01,-1.354169e+00,-8.198476e-01,-7.320824e-01,-4.808028e-01,2.583426e-01,-8.957379e-02
5.240822e+00,-1.984605e+00,-4.981193e-01,-1.281263e+00,-7.455188e-01,-9.492843e-01,-8.906156e-01,-9.866098e-01,-1.052944e-01,2.665417e-01,-1.623209e-01
5.022611e+00,-2.011932e+00,-3.246728e-01,-1.178922e+00,-1.128020e+00,-1.084016e+00,-6.830128e-01,-7.561388e-01,-1.004294e-01,1.495658e-01,-2.932278e-01
5.208726e+00,-1.936555e+00,-7.036284e-01,-1.158431e+00,-9.785283e-01,-9.768398e-01,-8.875852e-01,-1.014860e+00,-2.510568e-01,2.387942e-01,-3.211021e-02
5.031751e+00,-1.840716e+00,-5.192948e-01,-1.121841e+00,-9.816399e-01,-9.326994e-01,-5.939732e-01,-4.787420e-01,-7.120969e-02,1.931772e-01,-1.435544e-01
5.249242e+00,-2.100051e+00,-7.194683e-01,-1.416358e+00,-9.834595e-01,-1.177368e+00,-9.827927e-01,-9.967054e-01,-3.448684e-01,8.747015e-02,-1.733590e-01
5.001048e+00,-1.953887e+00,-6.946912e-01,-1.208065e+00,-7.316408e-01,-7.370852e-01,-5.662640e-01,-5.663785e-01,9.768100e-02,3.638935e-01,-2.080409e-01
5.109056e+00,-2.103076e+00,-1.034475e+00,-1.271748e+00,-1.305894e+00,-1.395250e+00,-9.624122e-01,-9.959908e-01,-5.473632e-01,1.198878e-01,-1.734224e-01
5.238997e+00,-2.046032e+00,-5.686429e-01,-1.228737e+00,-6.826956e-01,-7.466134e-01,-5.740516e-01,-8.628629e-01,2.132165e-01,4.356104e-01,-1.886514e-01
4.990735e+00,-2.038216e+00,-6.385327e-01,-1.328437e+00,-1.376918e+00,-1.237162e+00,-1.002261e+00,-9.024500e-01,-2.265117e-01,4.205587e-02,-3.337703e-01
5.387860e+00,-2.009066e+00,-6.550892e-01,-1.236117e+00,-6.527597e-01,-1.006901e+00,-8.497531e-01,-7.319406e-01,-8.950838e-02,4.007950e-01,-6.632815e-02
5.291825e+00,-1.836917e+00,-7.121507e-01,-1.144298e+00,-9.869087e-01,-1.207119e+00,-8.894911e-01,-7.821043e-01,-1.724192e-01,1.955325e-01,-4.252596e-02
5.150480e+00,-1.926490e+00,-5.491341e-01,-1.138604e+00,-1.030251e+00,-9.269130e-01,-9.672928e-01,-8.596732e-01,-5.551864e-02,3.395780e-01,-8.893672e-02
5.113424e+00,-1.857598e+00,-6.007931e-01,-1.192528e+00,-9.788678e-01,-7.625080e-01,-9.528771e-01,-8.917916e-01,-3.043545e-02,3.897686e-01,-1.195419e-01
5.209781e+00,-1.968848e+00,-7.101842e-01,-1.273537e+00,-1.149294e+00,-1.374921e+00,-8.164025e-01,-8.971464e-01,-3.323338e-01,2.538363e-01,-1.537053e-01
5.393753e+00,-1.977572e+00,-6.303113e-01,-1.297450e+00,-6.448634e-01,-7.395584e-01,-7.005830e-01,-8.741248e-01,1.005254e-01,4.425875e-01,-1.707409e-01
4.953010e+00,-1.896784e+00,-6.911661e-01,-1.472636e+00,-1.317741e+00,-1.349979e+00,-1.024053e+00,-7.917575e-01,-2.168409e-01,-1.079657e-01,-3.515736e-01
5.100283e+00,-1.978185e+00,-8.634604e-01,-1.171636e+00,-6.620853e-01,-7.021410e-01,-5.274101e-01,-7.225832e-01,9.605192e-02,3.619011e-01,-1.128686e-01
5.052567e+00,-1.844250e+00,-9.027766e-01,-1.234221e+00,-1.271294e+00,-1.166343e+00,-8.840132e-01,-9.853251e-01,-3.003159e-01,1.549948e-01,-3.061982e-01
4.999266e+00,-2.110974e+00,-5.459961e-01,-1.261992e+00,-8.230269e-01,-5.690302e-01,-5.965973e-01,-6.190014e-01,1.517300e-02,3.667798e-01,-2.525317e-01
5.166603e+00,-1.878360e+00,-6.455152e-01,-1.457983e+00,-9.509624e-01,-9.051762e-01,-9.914334e-01,-1.026204e+00,-1.549130e-01,2.171526e-01,-2.556406e-01
5.055011e+00,-1.710764e+00,-8.837122e-01,-1.085011e+00,-9.648939e-01,-1.003388e+00,-6.597558e-01,-5.530980e-01,-2.892708e-01,1.894341e-01,-1.234335e-01
5.188009e+00,-1.781937e+00,-7.244958e-01,-1.327089e+00,-8.873738e-01,-8.013203e-01,-1.036132e+00,-9.732379e-01,-1.473463e-01,3.158180e-01,-2.005451e-01
4.968292e+00,-1.846955e+00,-4.634077e-01,-1.260479e+00,-1.148118e+00,-8.783058e-01,-8.410624e-01,-8.410737e-01,-7.758987e-02,1.093361e-01,-3.129821e-01
5.285775e+00,-2.063900e+00,-5.574984e-01,-1.243689e+00,-8.966121e-01,-9.041694e-01,-8.344177e-01,-9.280912e-01,-2.034520e-01,4.891242e-01,-3.519107e-01
5.265863e+00,-1.827033e+00,-7.069578e-01,-1.223052e+00,-9.210286e-01,-9.812555e-01,-8.247219e-01,-9.656921e-01,-2.142264e-01,3.745460e-01,-2.554623e-01
4.944412e+00,-1.855808e+00,-6.452340e-01,-1.217333e+00,-8.536666e-01,-8.347856e-01,-7.207633e-01,-7.474129e-01,9.810821e-02,1.279852e-01,-1.319999e-01
5.338452e+00,-1.907408e+00,-8.249740e-01,-1.458558e+00,-8.792717e-01,-8.520907e-01,-1.186756e+00,-9.144821e-01,-2.473201e-01,3.277563e-01,-3.240328e-01
5.090475e+00,-1.934104e+00,-6.619376e-01,-1.127802e+00,-8.906333e-01,-9.844621e-01,-4.464098e-01,-3.318381e-01,-9.316250e-02,3.983819e-01,-4.075401e-01
5.288510e+00,-2.123236e+00,-7.611483e-01,-1.490462e+00,-1.007668e+00,-1.003120e+00,-9.908607e-01,-1.170056e+00,-1.575901e-01,1.776389e-01,-1.945827e-01
5.017125e+00,-1.975719e+00,-5.267683e-01,-1.160224e+00,-1.009659e+00,-5.789170e-01,-6.082147e-01,-5.156304e-01,1.700103e-01,2.982072e-01,-2.685944e-01
5.038789e+00,-2.044115e+00,-1.047233e+00,-1.450766e+00,-1.192055e+00,-1.218770e+00,-1.062860e+00,-1.109485e+00,-3.831359e-01,1.721092e-01,-2.865398e-01
5.315810e+00,-1.732630e+00,-8.502709e-01,-1.159129e+00,-6.986082e-01,-9.223143e-01,-6.890714e-01,-6.285848e-01,-1.031112e-01,4.668025e-01,-1.067898e-01
5.263565e+00,-2.048245e+00,-6.015575e-01,-1.337366e+00,-1.174924e+00,-1.068527e+00,-1.006293e+00,-8.236015e-01,-2.342520e-01,2.281075e-01,-2.432015e-01
5.241202e+00,-1.873145e+00,-5.576577e-01,-1.303727e+00,-8.263629e-01,-8.683284e-01,-8.582463e-01,-1.000743e+00,1.288776e-01,3.893475e-01,-1.623098e-01
5.099489e+00,-1.744083e+00,-6.029283e-01,-1.056284e+00,-1.205574e+00,-1.196953e+00,-7.061458e-01,-6.742907e-01,-1.556512e-01,2.737871e-01,-1.685205e-01
5.198770e+00,-1.923639e+00,-7.337587e-01,-1.219385e+00,-1.099637e+00,-9.760973e-01,-1.042225e+00,-9.201151e-01,-1.057415e-01,2.894200e-01,-1.314219e-01
5.317137e+00,-1.935617e+00,-4.692567e-01,-1.266582e+00,-8.410884e-01,-9.548936e-01,-6.432287e-01,-6.760878e-01,7.555293e-02,1.916416e-01,-1.045981e-01
5.090095e+00,-1.981488e+00,-8.368948e-01,-1.463523e+00,-1.140749e+00,-1.289171e+00,-1.000238e+00,-8.918787e-01,-2.835909e-01,2.887079e-02,-1.167004e-01
5.166231e+00,-1.855086e+00,-8.727172e-01,-1.111229e+00,-8.240040e-01,-7.564967e-01,-5.587318e-01,-5.279504e-01,-1.702862e-01,5.137739e-01,-1.173957e-01
4.912128e+00,-2.007810e+00,-7.435700e-01,-1.414241e+00,-1.541557e+00,-1.282644e+00,-8.713183e-01,-9.855943e-01,-2.499613e-01,-7.585315e-02,-3.414708e-01
5.103550e+00,-2.043689e+00,-7.043666e-01,-1.252416e+00,-7.742769e-01,-5.017924e-01,-5.649451e-01,-6.675617e-01,1.899525e-01,3.715065e-01,-1.378152e-01
5.275955e+00,-1.919175e+00,-6.311539e-01,-1.323558e+00,-1.178848e+00,-1.389559e+00,-7.651722e-01,-6.431984e-01,-4.192112e-01,1.325994e-01,-3.264595e-01
5.104180e+00,-1.896809e+00,-9.510155e-01,-1.145956e+00,-7.938469e-01,-8.406350e-01,-7.132659e-01,-7.146711e-01,-7.353874e-03,2.151121e-01,-6.558300e-02
5.124375e+00,-1.941738e+00,-5.816055e-01,-1.206484e+00,-1.072940e+00,-9.631657e-01,-9.428454e-01,-7.958305e-01,-1.252807e-01,1.295563e-01,-1.866639e-01
5.065529e+00,-2.054946e+00,-6.216893e-01,-1.184054e+00,-1.005992e+00,-9.341337e-01,-8.202117e-01,-8.111955e-01,-1.123059e-01,2.751694e-01,-2.576808e-01
5.244103e+00,-1.990632e+00,-7.409710e-01,-1.108653e+00,-8.294052e-01,-1.122244e+00,-7.611362e-01,-8.899545e-01,-2.342232e-01,4.240405e-01,-2.124507e-01
5.224776e+00,-2.084899e+00,-4.231293e-01,-1.238531e+00,-1.101989e+00,-1.106358e+00,-8.482735e-01,-7.056284e-01,-1.786300e-01,1.676756e-01,-3.695224e-01
5.117386e+00,-1.948222e+00,-7.635845e-01,-1.273553e+00,-6.946006e-01,-8.466792e-01,-8.544712e-01,-8.339515e-01,8.143489e-02,1.441866e-01,-1.337973e-01
5.154117e+00,-1.859160e+00,-7.900642e-01,-1.188512e+00,-1.064184e+00,-1.238427e+00,-7.628976e-01,-7.769865e-01,-3.262438e-01,1.066747e-01,-1.981386e-01
5.090514e+00,-2.061725e+00,-7.758352e-01,-1.220618e+00,-7.965646e-01,-7.162157e-01,-6.124393e-01,-6.918914e-01,-2.434794e-02,4.156360e-01,-3.371082e-01
5.300744e+00,-2.258978e+00,-5.517647e-01,-1.446039e+00,-1.111799e+00,-9.820116e-01,-9.229467e-01,-1.000300e+00,-2.146962e-01,1.226456e-01,-2.927691e-01
4.914630e+00,-2.048880e+00,-6.640692e-01,-1.172626e+00,-8.998118e-01,-6.430771e-01,-4.900795e-01,-4.785545e-01,1.647258e-01,2.543920e-01,-2.520058e-01
5.217072e+00,-1.941476e+00,-1.146396e+00,-1.277877e+00,-1.046254e+00,-1.209153e+00,-9.982174e-01,-9.011735e-01,-4.581555e-01,2.208151e-01,-1.731900e-01
5.140820e+00,-1.879757e+00,-4.550620e-01,-1.201258e+00,-9.523370e-01,-9.174806e-01,-5.800766e-01,-3.732990e-01,1.479969e-01,3.057591e-02,-1.863542e-01
5.139546e+00,-2.069363e+00,-8.042773e-01,-1.535300e+00,-1.092697e+00,-9.950805e-01,-1.118862e+00,-1.107628e+00,-1.439331e-01,1.770089e-01,-2.944941e-01
5.262915e+00,-1.881799e+00,-5.691761e-01,-1.095888e+00,-1.078920e+00,-9.643672e-01,-6.647798e-01,-6.485929e-01,-1.677054e-01,4.134608e-01,-1.977526e-01
5.086585e+00,-1.721932e+00,-7.967296e-01,-1.293126e+00,-1.094183e+00,-9.165386e-01,-9.861110e-01,-9.198392e-01,-1.519990e-01,3.831852e-01,-1.445093e-01
5.098655e+00,-1.690174e+00,-6.763497e-01,-1.159715e+00,-1.069727e+00,-8.749847e-01,-9.249808e-01,-8.321392e-01,-3.944952e-02,2.848690e-01,-1.946642e-02
5.318181e+00,-1.730524e+00,-6.087701e-01,-1.256216e+00,-1.006504e+00,-9.333103e-01,-7.642585e-01,-6.473516e-01,-2.064942e-02,2.674910e-01,-1.406960e-01
5.354113e+00,-1.841911e+00,-9.474816e-01,-1.325679e+00,-9.933112e-01,-1.167217e+00,-9.297554e-01,-9.141999e-01,-3.326484e-01,4.054114e-01,-1.223156e-01
5.041703e+00,-1.788216e+00,-4.841840e-01,-1.253434e+00,-1.042310e+00,-8.014931e-01,-5.557629e-01,-5.505180e-01,1.034194e-01,2.866067e-01,-2.422010e-01
5.093486e+00,-2.085629e+00,-8.956606e-01,-1.677853e+00,-1.296996e+00,-9.822593e-01,-1.220132e+00,-1.234303e+00,-1.794041e-01,2.300583e-01,-4.669907e-01
5.155020e+00,-1.936295e+00,-7.320064e-01,-1.171598e+00,-8.017114e-01,-6.864197e-01,-4.963878e-01,-4.642215e-01,5.012041e-02,4.887924e-01,-1.504979e-01
5.362310e+00,-2.019148e+00,-8.291927e-01,-1.639856e+00,-1.018684e+00,-1.252857e+00,-1.040984e+00,-9.637723e-01,-2.507110e-01,1.691547e-01,-3.140905e-01
5.206489e+00,-1.969636e+00,-7.855981e-01,-1.248483e+00,-7.913523e-01,-6.317843e-01,-7.585324e-01,-6.203969e-01,5.232894e-02,4.302032e-01,-1.905177e-01
5.106168e+00,-1.693386e+00,-6.156402e-01,-1.249529e+00,-1.245897e+00,-1.055517e+00,-8.221340e-01,-8.665318e-01,-2.189473e-03,1.241799e-01,-2.864438e-01
5.224942e+00,-1.861237e+00,-8.922452e-01,-1.264525e+00,-7.764975e-01,-9.485505e-01,-7.231856e-01,-9.419165e-01,-1.458449e-01,5.612814e-01,-1.815825e-01
5.223998e+00,-1.898044e+00,-4.264156e-01,-1.295277e+00,-1.062306e+00,-1.051905e+00,-8.275479e-01,-7.999413e-01,-1.254372e-01,3.350194e-01,-3.788433e-01
5.106288e+00,-1.878686e+00,-7.339326e-01,-1.391505e+00,-8.975989e-01,-8.840146e-01,-1.036870e+00,-1.013743e+00,-4.199077e-03,2.782779e-01,-2.294224e-01
5.193906e+00,-1.857924e+00,-6.914257e-01,-1.151815e+00,-7.864284e-01,-9.539428e-01,-8.026309e-01,-6.896415e-01,-8.422110e-02,2.619461e-01,-9.242186e-02
5.237614e+00,-1.982393e+00,-7.379642e-01,-1.310540e+00,-1.029239e+00,-1.126883e+00,-8.872630e-01,-8.995121e-01,-2.215415e-01,1.624135e-01,-2.581468e-01
4.986300e+00,-2.071478e+00,-7.110661e-01,-1.193251e+00,-8.441607e-01,-6.939390e-01,-6.295065e-01,-8.520455e-01,7.314176e-02,2.995670e-01,-3.136905e-01
5.186291e+00,-2.003033e+00,-4.345990e-01,-1.376546e+00,-1.224828e+00,-1.099903e+00,-7.801345e-01,-7.843832e-01,-2.021110e-01,6.088697e-02,-4.530995e-01
5.098501e+00,-2.039205e+00,-1.014065e+00,-1.157790e+00,-6.683195e-01,-7.013755e-01,-4.725222e-01,-5.682721e-01,-6.086538e-02,4.430909e-01,-2.591619e-01
5.088417e+00,-1.794944e+00,-8.551370e-01,-1.269921e+00,-1.179187e+00,-1.120031e+00,-8.611956e-01,-7.819395e-01,-2.949551e-01,-5.312452e-02,-1.885139e-01
5.035358e+00,-1.957436e+00,-6.732589e-01,-1.288468e+00,-8.009313e-01,-5.720510e-01,-6.375228e-01,-5.861591e-01,1.059019e-01,2.171843e-01,-2.320756e-01
5.219169e+00,-2.151694e+00,-7.267490e-01,-1.385822e+00,-1.163972e+00,-1.119749e+00,-8.574797e-01,-9.921210e-01,-2.739902e-01,1.158120e-01,-1.231810e-01
5.280310e+00,-1.949602e+00,-5.139519e-01,-1.177103e+00,-9.776119e-01,-1.017599e+00,-5.002067e-01,-6.628110e-01,-9.079170e-02,3.335654e-01,-3.165193e-01
5.055989e+00,-2.042101e+00,-7.422457e-01,-1.305232e+00,-1.132066e+00,-9.607916e-01,-1.058793e+00,-9.568595e-01,-1.604743e-01,2.120531e-01,-1.539987e-01
5.096474e+00,-1.686185e+00,-4.716783e-01,-1.059035e+00,-1.155882e+00,-1.031938e+00,-8.433517e-01,-4.923950e-01,-1.950529e-02,1.227941e-01,-1.407539e-01
5.347213e+00,-1.842341e+00,-9.449070e-01,-1.175816e+00,-7.939180e-01,-1.148654e+00,-8.400282e-01,-8.218060e-01,-1.603525e-01,4.079222e-01,-8.336648e-02
5.297202e+00,-2.068478e+00,-5.172536e-01,-1.297960e+00,-1.049386e+00,-1.199927e+00,-8.135700e-01,-8.653300e-01,-1.330071e-01,2.114768e-01,-1.578579e-01
5.139639e+00,-1.916645e+00,-5.866825e-01,-1.276403e+00,-8.933061e-01,-7.393449e-01,-7.091393e-01,-7.863305e-01,1.608187e-01,3.746424e-01,-2.317151e-01
5.216310e+00,-2.090042e+00,-8.532264e-01,-1.287194e+00,-1.207714e+00,-1.159301e+00,-9.045114e-01,-1.030705e+00,-2.471901e-01,1.973364e-01,-1.540821e-01
5.158688e+00,-1.793219e+00,-7.915528e-01,-1.106757e+00,-8.763606e-01,-8.886925e-01,-4.557319e-01,-3.988482e-01,5.159438e-02,3.099654e-01,-1.031646e-01
4.911508e+00,-2.258800e+00,-1.172449e+00,-1.674353e+00,-1.353198e+00,-1.283344e+00,-1.384280e+00,-1.059882e+00,-5.003742e-01,-5.666260e-02,-2.597893e-01
5.109582e+00,-1.969290e+00,-5.211241e-01,-1.208617e+00,-9.175546e-01,-7.948449e-01,-5.001963e-01,-4.099331e-01,9.744817e-02,3.354536e-01,-2.482784e-01
5.240946e+00,-1.921197e+00,-9.986483e-01,-1.252267e+00,-1.160877e+00,-1.128921e+00,-9.698217e-01,-9.709906e-01,-3.037998e-01,3.532850e-01,-2.888969e-01
5.079073e+00,-1.984060e+00,-6.871875e-01,-1.072667e+00,-1.054539e+00,-8.058190e-01,-7.276192e-01,-6.563388e-01,-2.137906e-02,3.196030e-01,-8.304035e-02
5.213819e+00,-1.838481e+00,-6.029777e-01,-1.297325e+00,-1.080912e+00,-9.620758e-01,-9.749449e-01,-9.106245e-01,3.718281e-02,2.223117e-01,-3.315152e-01
5.152373e+00,-1.908117e+00,-8.898774e-01,-1.037777e+00,-1.021305e+00,-1.004160e+00,-9.260680e-01,-7.684408e-01,-1.723823e-01,2.840574e-01,-4.532727e-02
5.248373e+00,-1.633534e+00,-5.468171e-01,-1.150335e+00,-9.775225e-01,-1.146094e+00,-7.810993e-01,-4.754259e-01,-1.537554e-01,2.787253e-01,-2.728846e-01
5.024362e+00,-2.000141e+00,-7.572763e-01,-1.274925e+00,-1.145156e+00,-9.300465e-01,-9.984259e-01,-1.001213e+00,-1.795506e-01,2.078539e-01,-1.345964e-01
4.978269e+00,-1.872789e+00,-5.411283e-01,-1.170153e+00,-1.102580e+00,-7.556938e-01,-6.417942e-01,-6.983540e-01,-2.460452e-02,2.116524e-01,-2.745847e-01
5.341579e+00,-2.037741e+00,-7.236419e-01,-1.478856e+00,-9.567295e-01,-1.120539e+00,-8.437263e-01,-9.751050e-01,-3.282796e-01,2.339391e-01,-2.174910e-01
5.084191e+00,-2.069688e+00,-7.600222e-01,-1.185799e+00,-7.450698e-01,-6.987277e-01,-5.292942e-01,-5.035303e-01,-6.377770e-02,2.404438e-01,-1.597287e-01
5.147205e+00,-1.723801e+00,-7.785180e-01,-1.420881e+00,-1.102381e+00,-9.180121e-01,-9.797306e-01,-8.891695e-01,-1.360161e-01,3.070609e-02,-3.621886e-01
3.918658e+00,-1.061233e+00,-6.731143e-01,-4.403701e-01,-4.027017e-01,-1.717629e-01,-4.820492e-02,-1.127418e-01,2.687369e-01,3.427660e-01,-1.315867e-01
