3.025266e+00,2.195216e-01,-5.862284e-01,-2.289507e-01,-1.871689e-01,1.858393e-01,4.432644e-01,-2.273180e-01,2.150089e-02,-1.112822e-01,4.543603e-01
2.664291e+00,1.828450e-01,4.258171e-01,-3.584463e-01,4.494813e-01,2.817323e-02,-6.450977e-03,1.543567e-02,2.533914e-01,-4.174444e-01,4.977690e-02
2.934459e+00,-9.746415e-02,5.612799e-02,-1.067424e+00,3.079236e-01,-4.531055e-01,-4.154113e-01,-2.932345e-01,2.535312e-01,-2.309275e-01,-3.816712e-01
3.591378e+00,9.768274e-02,3.193186e-01,-6.998734e-01,4.683893e-01,-4.922316e-01,-3.494296e-01,-4.671438e-01,5.023666e-02,-4.459511e-01,-3.906686e-01
3.093371e+00,-1.606075e-01,6.750625e-01,-2.412808e-01,3.628428e-01,-1.595082e-01,1.161579e-02,-2.508056e-01,-2.452220e-01,-4.539506e-01,-2.392012e-01
3.366827e+00,-5.753850e-01,6.031474e-01,-2.957354e-01,4.692472e-02,-3.153294e-01,-3.133228e-01,-3.138096e-01,8.227523e-02,-5.194445e-02,2.306552e-01
3.767819e+00,4.201790e-02,9.692346e-01,-2.878008e-01,-1.470751e-01,-2.236656e-01,-2.492914e-03,-5.273859e-01,-2.562524e-02,-1.148187e-01,-3.265462e-01
3.621191e+00,-2.039620e-01,8.051668e-01,-2.424243e-01,3.220125e-01,-2.953541e-01,-1.417362e-01,-2.868467e-01,3.007480e-01,-3.079674e-01,-4.051509e-01
3.336791e+00,-5.986760e-01,3.404453e-01,-5.744932e-01,1.447517e-01,-2.767907e-01,-2.711874e-01,-3.462577e-01,2.853336e-01,-5.225695e-02,-3.894544e-02
4.038190e+00,-1.341227e-02,4.877923e-01,-2.134827e-01,2.612374e-01,-3.542415e-01,-5.137668e-01,-4.272598e-01,-3.476498e-02,-4.753866e-01,-1.597007e-01
3.752265e+00,-4.231060e-01,9.974977e-01,-1.625829e-01,1.360032e-02,-7.634759e-01,-1.047016e-01,-2.046540e-01,2.235973e-01,-1.036948e-01,-4.564291e-01
3.509282e+00,-7.857355e-01,4.869035e-01,-7.404649e-01,4.515561e-02,-4.891040e-01,2.370699e-01,-3.470295e-01,3.128336e-03,-2.695209e-02,9.907572e-02
4.050003e+00,-4.495573e-01,7.231672e-01,-2.187004e-01,1.222203e-01,-3.097684e-01,-2.849041e-01,-1.037920e+00,-1.475754e-01,6.790746e-02,-3.587682e-01
3.946608e+00,-2.128842e-01,7.814118e-01,-7.071798e-01,-3.951208e-02,-3.711967e-01,-2.713253e-01,-5.447322e-01,-1.137591e-01,-1.323052e-02,-3.949301e-01
3.601042e+00,-7.835147e-01,4.305721e-01,-9.482336e-01,5.634788e-02,-3.014522e-01,-1.068782e-01,-2.164436e-01,1.397753e-01,2.548109e-01,-2.103758e-01
4.238268e+00,-4.651650e-01,7.033555e-01,-3.411775e-01,3.779622e-01,-3.617282e-01,-2.295964e-01,-6.279055e-01,-2.682651e-01,-2.473481e-01,-3.650526e-01
4.345863e+00,-4.581962e-01,9.167869e-01,-5.625677e-01,1.061001e-01,-5.277676e-01,-1.754661e-01,-4.559715e-01,-6.550865e-02,-3.355269e-02,-1.025657e-01
4.013989e+00,-1.001550e+00,4.844813e-01,-7.941295e-01,2.565868e-01,-4.741230e-01,-5.087744e-02,-7.379189e-02,3.956909e-02,3.615036e-02,-1.429184e-01
4.120144e+00,-4.782599e-01,8.657279e-01,-5.587484e-01,2.480033e-01,-2.460956e-01,-8.790737e-02,-5.301552e-01,-2.655047e-01,-3.531332e-01,-5.998094e-01
4.362539e+00,-3.905723e-01,9.303595e-01,-4.221682e-01,1.564279e-01,-5.451576e-01,-4.675629e-01,-5.145200e-01,2.415471e-01,6.628318e-02,-2.971341e-01
4.330028e+00,-8.468414e-01,6.183572e-01,-6.438572e-01,-9.406020e-02,-1.050095e-01,-7.925749e-02,-1.499716e-01,3.171846e-02,-2.173361e-01,8.511206e-02
4.515975e+00,-8.557694e-01,7.621590e-01,-5.124175e-01,2.699068e-01,-2.329369e-01,-1.272937e-01,-5.560004e-01,-1.283164e-01,-4.246965e-01,-2.946878e-01
4.544791e+00,-2.598156e-01,1.205431e+00,-5.073262e-01,1.593912e-01,-6.443357e-01,-6.204174e-01,-4.195963e-01,2.823258e-01,-4.480327e-02,-1.511720e-01
4.457134e+00,-5.915197e-01,7.127940e-01,-7.977148e-01,4.931043e-02,-1.266366e-01,-1.278490e-01,-4.183752e-01,2.118453e-01,-2.424147e-01,6.846524e-03
4.787812e+00,-7.479609e-01,5.248404e-01,-4.165679e-01,-1.347197e-01,1.264214e-01,-3.557637e-01,-6.250517e-01,6.916429e-03,-4.043782e-01,-9.985059e-02
4.764948e+00,-3.794898e-01,1.112059e+00,-2.345023e-01,-5.143284e-01,-1.576995e-01,-1.816090e-01,-5.439133e-01,-1.261817e-01,-2.482455e-01,1.467620e-01
4.525416e+00,-6.840081e-01,6.954559e-01,-1.083420e-01,-2.932106e-01,-1.820215e-01,-1.457652e-01,-4.793517e-01,2.266648e-01,-1.508632e-01,7.218828e-02
4.689756e+00,-6.091975e-01,5.066642e-01,-3.846907e-01,-3.611239e-01,-2.495029e-01,-2.259772e-02,-4.970401e-01,-7.799571e-02,-4.354735e-01,1.902534e-02
4.846918e+00,-1.934900e-01,4.511461e-01,-1.910319e-01,1.168529e-01,-4.266226e-01,-2.233411e-01,-4.483169e-01,1.776200e-01,-5.866419e-01,-1.341159e-01
4.452634e+00,-1.914557e-01,4.181182e-01,-4.127164e-02,1.248452e-01,-3.567058e-01,-1.691400e-01,-5.674886e-01,3.334695e-01,-2.066911e-01,-3.582220e-02
4.629848e+00,-2.742442e-01,3.511907e-01,-3.905404e-01,-4.369507e-01,-6.609825e-01,1.140269e-01,-2.637469e-01,-3.892170e-02,-5.103999e-01,8.332191e-02
4.840716e+00,-3.209119e-01,6.124947e-01,-7.261143e-02,-2.063250e-01,-4.055327e-01,1.085470e-01,-4.709858e-01,-1.604138e-01,-3.508356e-01,-1.019830e-01
4.165509e+00,1.391761e-01,6.836449e-01,-1.592048e-01,-5.317591e-02,-3.343190e-01,3.084336e-01,-5.931640e-01,-2.475557e-01,6.490085e-04,1.177387e-01
4.550653e+00,-8.677882e-02,2.742820e-01,-6.321805e-01,-3.288256e-01,-5.266238e-01,1.354749e-01,-5.373205e-01,-4.553489e-02,4.795462e-02,1.907099e-02
4.642292e+00,5.779179e-01,5.023565e-01,-3.800139e-01,-2.830098e-02,-4.979058e-01,-4.929270e-02,-2.172378e-01,-1.045038e-01,-4.982966e-01,-1.863112e-01
4.418207e+00,1.845512e-01,4.358793e-01,-7.692033e-02,3.230725e-01,-4.614510e-01,4.432056e-02,-1.752031e-01,-1.305918e-01,-5.451437e-01,2.414703e-01
4.422827e+00,-7.873400e-03,4.299198e-02,-4.199851e-01,-1.736581e-01,-8.196742e-01,1.632542e-01,-2.792817e-01,-1.670637e-01,-1.917860e-03,3.523364e-01
4.572682e+00,1.740713e-01,6.705957e-01,-1.811953e-01,-5.511671e-03,-8.191506e-01,6.820876e-02,-1.628518e-01,-4.094777e-01,-3.226441e-01,-1.564730e-01
4.245659e+00,2.215894e-01,8.477263e-01,-1.592702e-01,3.383278e-02,-5.228017e-01,3.028868e-01,-4.554711e-02,-2.473742e-01,-4.476800e-01,-1.202866e-01
4.373538e+00,-8.758683e-02,2.098752e-01,-4.125534e-01,-9.843967e-02,-7.014999e-01,-5.879712e-02,-3.536241e-01,2.646260e-01,2.296219e-02,3.677239e-01
4.556544e+00,4.781115e-01,6.659801e-01,-3.705943e-01,1.599263e-01,-6.372617e-01,-7.863139e-02,-2.834686e-01,-2.959913e-01,-4.909511e-01,2.692832e-02
4.346896e+00,3.743182e-01,7.726647e-01,-3.898144e-01,2.313255e-01,-4.742162e-01,2.720952e-01,-4.051487e-01,-7.851204e-02,-2.056934e-01,-2.076698e-01
3.970387e+00,-5.964066e-02,5.321266e-01,-4.285085e-01,-3.243238e-01,-6.292323e-01,2.389657e-01,-3.916508e-01,2.607564e-01,4.435040e-01,2.338813e-01
4.641375e+00,2.915129e-01,1.039908e+00,-5.199205e-01,-9.324715e-02,-3.919658e-01,3.034065e-02,-6.747902e-01,-2.926525e-01,-1.975122e-01,1.323955e-02
4.565411e+00,2.253015e-01,7.767483e-01,-5.274000e-01,1.521412e-01,-3.694475e-01,1.443509e-01,-5.830430e-01,6.870609e-02,-1.969700e-01,-2.635966e-01
4.058256e+00,1.347905e-01,6.832361e-01,-6.259048e-01,-2.176002e-01,-4.433461e-01,1.907791e-01,-9.517331e-02,2.916208e-01,-1.250473e-01,1.174362e-01
4.388578e+00,3.974825e-01,1.035807e+00,-4.604129e-01,3.803904e-02,-4.399370e-01,-3.391373e-01,-5.415124e-01,1.097990e-01,-1.914570e-01,-2.831125e-01
4.806116e+00,4.519862e-02,9.801883e-01,-5.399991e-01,-1.838881e-01,-2.511712e-01,8.935505e-02,-4.968585e-01,7.072492e-02,-3.988390e-01,-1.265638e-02
4.101312e+00,-3.517764e-01,8.556978e-01,-4.619812e-01,-2.295064e-01,-1.699595e-01,4.067127e-01,-4.594261e-01,2.939251e-01,1.085672e-02,4.917824e-02
4.346380e+00,8.549365e-02,1.432912e+00,-3.329819e-01,-3.006149e-01,-3.911713e-01,-1.245853e-01,-6.338282e-01,1.188164e-01,-1.535211e-01,-1.617934e-01
4.717839e+00,1.093395e-01,1.259995e+00,-6.129492e-01,-4.709835e-01,-1.930770e-01,1.731344e-01,-5.604910e-01,3.651146e-02,-2.503211e-01,-1.427032e-01
4.431724e+00,-3.403452e-01,9.209996e-01,-6.605667e-01,1.784396e-02,7.183958e-02,8.675776e-02,-4.087883e-01,3.990852e-01,-8.610450e-02,-9.360018e-02
4.366696e+00,-2.911133e-02,1.509907e+00,-3.484869e-01,-1.163217e-01,-3.720201e-01,-3.426631e-01,-4.681007e-01,2.110111e-01,-2.476772e-01,-1.426917e-01
4.733416e+00,-8.821667e-03,1.274694e+00,-4.971702e-01,-2.001898e-01,-5.590838e-01,8.825550e-02,-4.554995e-01,2.222641e-01,-3.694351e-01,-3.020541e-01
4.154313e+00,-5.164096e-01,1.222590e+00,-3.281478e-01,-2.874825e-01,-4.179852e-02,3.454233e-01,-3.230570e-01,1.944420e-01,2.781480e-02,-2.152062e-01
4.087090e+00,-3.719581e-01,1.860959e+00,-3.964445e-02,-2.415633e-01,-5.926614e-01,-2.429680e-01,-5.016552e-01,1.625594e-01,3.393522e-02,1.854267e-02
4.808532e+00,-2.162090e-01,1.434227e+00,-3.506417e-01,-4.551844e-01,-3.066403e-01,1.256436e-01,-6.782342e-01,7.591042e-02,-1.163975e-01,-3.793976e-01
4.216974e+00,-2.348480e-01,1.249649e+00,-5.068573e-01,-1.010503e-01,-2.734498e-02,4.019254e-01,-3.530276e-01,1.601085e-01,1.173580e-01,-4.225219e-01
4.144249e+00,-5.420969e-02,1.624160e+00,-4.428837e-01,-3.819246e-01,-3.399658e-01,3.183389e-02,-4.932980e-01,1.367528e-01,1.892122e-01,-3.371199e-01
5.049740e+00,-2.289778e-01,1.509747e+00,-1.552917e-01,-5.782292e-01,-2.310458e-01,2.208137e-02,-5.604297e-01,-1.769891e-02,-9.314663e-02,-3.279114e-01
4.397331e+00,-7.402325e-01,1.729653e+00,-3.763195e-01,-3.058984e-01,-1.949053e-01,4.271402e-01,-2.845065e-01,-8.998340e-02,-4.630423e-02,-3.776010e-01
4.308059e+00,-7.262928e-01,1.730901e+00,-4.178735e-01,-5.163919e-01,-5.133946e-01,1.937195e-02,-1.438729e-01,1.049825e-01,1.308969e-01,-5.069860e-01
4.717512e+00,-4.384702e-01,1.892166e+00,-6.723816e-03,-4.970741e-01,-4.873797e-01,-2.112769e-02,-4.706891e-01,1.294542e-01,-2.950249e-02,-7.082840e-01
4.626666e+00,-8.835330e-01,1.786694e+00,-1.194592e-01,-3.786640e-01,-2.929423e-01,6.295157e-02,-4.161719e-02,1.830095e-02,-3.562997e-01,-3.507851e-01
4.428719e+00,-1.017709e+00,1.533022e+00,-4.540184e-01,-3.408915e-01,-6.772841e-01,1.810831e-02,-2.885787e-02,1.553634e-01,1.094068e-03,-3.412563e-01
4.933355e+00,-7.231124e-01,2.037526e+00,-1.218663e-01,-1.782362e-01,-5.342172e-01,3.819824e-02,-3.713532e-01,-1.543804e-01,-7.658933e-02,-6.574800e-01
4.728197e+00,-9.672247e-01,1.883871e+00,-1.273593e-01,-2.420649e-01,-3.257118e-01,-2.843063e-02,-2.582266e-01,1.201289e-02,-7.725355e-02,-5.862173e-01
4.585644e+00,-1.146284e+00,1.698458e+00,-7.429496e-01,-5.159512e-01,-4.054656e-01,1.745671e-01,-2.864180e-01,2.455983e-01,1.205839e-01,-1.438900e-01
5.018626e+00,-7.729401e-01,1.858519e+00,-9.551995e-02,-1.842749e-01,-1.962418e-01,1.012299e-04,-7.593249e-01,-1.162732e-01,4.005028e-02,-5.293117e-01
5.068898e+00,-1.116672e+00,1.949789e+00,-1.905013e-01,-4.017781e-02,-4.092448e-01,1.720661e-01,-5.984909e-01,-5.753790e-02,-5.053607e-02,-4.094303e-01
4.669569e+00,-1.400379e+00,1.370685e+00,-5.498263e-01,-3.666995e-01,-5.302763e-01,9.472303e-02,-9.001245e-02,3.439495e-01,1.715333e-01,4.567188e-02
5.333851e+00,-1.131684e+00,1.723097e+00,1.327297e-01,-2.818702e-02,-4.657908e-01,-1.672685e-01,-5.287492e-01,3.098738e-02,-3.213750e-01,-7.265803e-01
5.171011e+00,-1.028788e+00,1.762093e+00,3.986050e-02,-1.699541e-01,-2.743764e-01,5.183266e-02,-3.890141e-01,-1.836022e-01,-3.155986e-01,-3.645174e-01
4.758051e+00,-1.746634e+00,1.366348e+00,-3.794518e-01,-3.129921e-01,-4.430386e-01,7.679034e-02,-1.730221e-01,2.408731e-01,4.962882e-01,-6.563087e-02
5.191113e+00,-1.043772e+00,1.895804e+00,-2.301134e-02,-3.589937e-01,-3.073355e-01,4.687880e-02,-5.385770e-01,-3.660531e-01,-2.026787e-01,-4.960040e-01
5.365254e+00,-1.102138e+00,1.976813e+00,-4.452021e-01,-2.806131e-02,8.835535e-02,-1.046398e-01,-6.794118e-01,-1.433559e-01,5.512124e-02,-3.919379e-01
4.863387e+00,-1.458031e+00,1.441128e+00,-6.061218e-01,-4.346266e-02,-2.379898e-01,-9.925548e-02,-1.747937e-01,1.621484e-01,2.317634e-01,3.987027e-02
5.418314e+00,-1.371670e+00,1.841890e+00,-1.181784e-01,-7.743808e-02,-4.232142e-01,-1.421391e-01,-4.873307e-01,-1.951020e-01,-3.720723e-01,-3.451883e-01
5.392226e+00,-1.274109e+00,1.763810e+00,-1.739687e-01,9.357741e-02,-3.359577e-01,-3.082304e-01,-1.522139e-01,-1.073147e-01,-4.489793e-01,-2.971392e-01
4.828689e+00,-1.646104e+00,1.651551e+00,-3.588179e-01,-1.589844e-01,-2.025677e-01,-2.017634e-02,5.639440e-02,-5.006325e-02,1.325390e-02,-6.388965e-02
5.167383e+00,-1.348829e+00,1.602066e+00,1.006096e-02,-8.694669e-03,-5.151850e-01,-2.052934e-01,-5.343562e-01,-1.212457e-01,-2.100679e-01,-3.766223e-01
5.222955e+00,-9.329154e-01,1.882608e+00,-4.341850e-01,-2.148904e-01,-2.296013e-01,6.575168e-02,-3.897343e-01,-4.435013e-01,-2.079080e-01,-2.738548e-01
4.848130e+00,-1.356123e+00,1.586199e+00,-4.664828e-01,9.198193e-02,2.110343e-02,-1.981823e-02,-4.328856e-02,-2.267564e-01,1.969300e-01,-1.470755e-01
5.176854e+00,-8.685714e-01,1.489168e+00,-3.623180e-01,3.082595e-02,-3.460882e-01,-1.749618e-01,-6.825955e-01,-9.979533e-02,2.504209e-02,-5.329890e-01
5.460174e+00,-9.041860e-01,1.675190e+00,-3.397931e-01,-6.585073e-02,-4.604211e-01,-2.469194e-02,-3.349793e-01,-3.113292e-01,-3.192057e-01,-4.289021e-01
4.698176e+00,-1.642313e+00,1.674640e+00,-5.304098e-02,1.616642e-01,-2.460540e-01,2.797066e-01,-1.895817e-01,-1.685547e-01,-1.428304e-02,-4.741632e-01
4.892209e+00,-1.055606e+00,1.688343e+00,-2.432076e-01,-2.633640e-01,-4.416112e-01,1.903082e-02,-4.206521e-01,-2.655481e-01,-1.899591e-01,-2.658542e-01
5.429753e+00,-9.850107e-01,1.788717e+00,-3.883832e-01,-9.823855e-02,-3.847225e-01,-3.148777e-02,-6.595069e-01,-1.143092e-01,-1.991266e-01,-4.117724e-01
4.771566e+00,-8.330587e-01,1.488718e+00,-5.141214e-01,3.553124e-01,2.312856e-01,-9.837737e-02,-3.168168e-01,-1.388453e-01,-2.868075e-01,-3.192720e-01
4.926832e+00,-1.305641e+00,1.836372e+00,-3.993245e-01,-2.701911e-01,-3.615031e-01,4.979656e-02,-3.635974e-01,-1.846436e-01,-3.407780e-01,-9.902202e-02
5.484018e+00,-1.191712e+00,1.804365e+00,-1.415402e-01,-1.534389e-01,-5.282043e-01,-8.028727e-02,-5.789090e-01,-1.877914e-02,-3.790754e-01,-2.812306e-01
4.932879e+00,-1.236210e+00,1.791378e+00,-1.711442e-01,-1.453515e-01,-4.482026e-02,1.389753e-01,-3.084793e-01,-2.115659e-01,-4.133628e-01,-3.397104e-01
5.050062e+00,-1.416992e+00,1.551669e+00,-3.773476e-01,-1.436332e-01,-2.195275e-01,-2.188646e-01,-2.663198e-01,6.232322e-02,-3.717725e-01,-9.768539e-02
5.581404e+00,-8.773525e-01,1.727318e+00,-3.721644e-01,-1.826870e-01,-1.337563e-01,-2.201214e-01,-7.812902e-01,3.938685e-02,-3.481862e-01,-1.815265e-01
5.073280e+00,-9.974811e-01,1.901159e+00,-3.637562e-01,-2.361698e-01,-1.933396e-01,3.133216e-01,-4.309021e-01,-2.679628e-01,-4.479287e-01,-1.756771e-01
4.913101e+00,-1.616977e+00,1.582054e+00,-4.210021e-01,-2.544743e-01,-1.679725e-01,-1.310833e-01,-2.982537e-01,1.980392e-02,5.433570e-02,-2.919768e-01
5.290264e+00,-1.048358e+00,1.772680e+00,-1.443558e-01,-1.569029e-01,-3.884800e-01,1.609416e-03,-6.726544e-01,-1.471637e-01,-3.052762e-01,-4.904655e-01
5.030634e+00,-1.181503e+00,1.795515e+00,-9.595654e-02,-1.814482e-01,-3.842424e-01,7.317663e-02,-3.837495e-01,-1.605822e-01,-3.234880e-01,-3.886302e-01
4.718599e+00,-1.365231e+00,1.344000e+00,-6.354325e-01,-4.448473e-02,-3.329897e-01,-1.091821e-01,-1.798489e-01,1.861609e-01,-3.461405e-02,-7.531527e-02
5.131718e+00,-6.396663e-01,1.829389e+00,-5.249618e-01,-2.193612e-02,-1.548045e-01,1.282767e-01,-7.613106e-01,-4.282142e-01,-2.460407e-01,-2.924181e-01
5.143823e+00,-1.001141e+00,1.782870e+00,-4.177184e-01,3.477716e-02,-2.124154e-01,-1.319586e-01,-5.904936e-01,-1.795232e-01,4.866205e-02,-5.175763e-01
4.441162e+00,-1.644071e+00,1.491001e+00,-6.023570e-01,-2.668612e-01,-4.378994e-01,1.441121e-01,-1.060084e-02,1.177729e-01,1.646542e-01,2.758254e-02
5.102235e+00,-1.312427e+00,1.882745e+00,-6.020207e-02,1.398544e-01,-3.204792e-01,-8.012890e-02,-4.522057e-01,-3.985281e-01,-4.535663e-01,-4.085543e-01
5.166559e+00,-9.363228e-01,1.584361e+00,-2.636102e-01,1.400580e-01,-2.967055e-01,-3.091352e-01,-4.875639e-01,-5.097819e-03,-3.128171e-01,-3.882145e-01
4.573151e+00,-1.284491e+00,1.526314e+00,-8.579801e-01,-3.036553e-01,-1.455318e-01,1.246740e-01,-1.251422e-01,1.304197e-01,9.893187e-02,1.059482e-01
5.043364e+00,-1.111545e+00,1.856185e+00,-2.529523e-01,1.689580e-01,9.750098e-02,-9.273247e-02,-7.845811e-01,-4.668129e-01,-1.270191e-01,-5.229881e-01
5.316529e+00,-1.239696e+00,1.823838e+00,-3.345946e-02,-2.394749e-01,-3.116888e-01,5.547104e-02,-6.085341e-01,-2.371817e-01,-1.839078e-01,-3.302637e-01
4.866235e+00,-1.572184e+00,1.342232e+00,-3.231768e-01,-2.021195e-01,-3.238917e-01,4.820107e-02,-2.156009e-01,3.413718e-01,-1.028019e-02,2.034098e-02
5.333214e+00,-1.255641e+00,1.563474e+00,-1.050452e-01,2.404038e-01,-2.134372e-01,-2.602195e-01,-5.839169e-01,-6.441337e-02,-5.477413e-01,-4.077763e-01
5.395280e+00,-9.481563e-01,1.658204e+00,-7.284670e-02,-1.522690e-01,-3.031696e-01,-3.200328e-02,-4.204805e-01,-2.338929e-01,-4.530611e-01,-2.111697e-01
5.040243e+00,-1.539097e+00,1.530775e+00,-4.723260e-01,-7.523097e-02,-2.423932e-01,2.571195e-01,-6.492003e-01,2.944928e-01,2.984598e-01,-7.341814e-02
5.181111e+00,-1.184656e+00,1.714581e+00,-3.537695e-01,-7.262598e-02,-1.349743e-01,-1.048056e-01,-5.405079e-01,-3.605956e-01,-2.915954e-01,-1.544816e-01
5.311997e+00,-1.108253e+00,1.752504e+00,-2.610395e-01,1.157696e-01,-2.575320e-01,-1.912453e-01,-5.723237e-01,-4.835178e-02,-2.401762e-01,-4.451059e-01
4.992348e+00,-1.345172e+00,1.245303e+00,-1.391476e-01,2.121119e-01,-4.321596e-01,-1.854049e-01,-1.248927e-01,2.907968e-01,-2.334723e-01,-1.033923e-01
5.034058e+00,-1.245336e+00,1.660937e+00,-3.297793e-01,-6.996040e-02,-4.452134e-01,-4.882893e-02,-3.268605e-01,-3.588561e-01,-3.167499e-01,-1.592319e-01
5.251352e+00,-1.042137e+00,1.653569e+00,-2.800502e-01,1.606574e-01,-2.121761e-01,-3.168736e-01,-4.644976e-01,-2.657615e-01,-6.884037e-02,-4.010811e-01
4.958388e+00,-1.154413e+00,1.639969e+00,-3.560924e-01,-4.273910e-02,-3.064115e-02,1.644476e-01,-6.953268e-01,-5.402197e-02,2.477094e-01,-3.286435e-01
5.052092e+00,-1.132995e+00,1.440834e+00,-4.257835e-01,3.788978e-02,-4.160204e-01,-1.637495e-01,-4.930598e-01,-1.705719e-01,2.154739e-02,-2.181258e-01
5.349995e+00,-1.179678e+00,1.625718e+00,-1.512171e-01,1.385149e-01,-4.115098e-01,-3.069355e-01,-3.335390e-01,-3.037570e-01,-1.871604e-01,-4.046208e-01
4.944724e+00,-1.228075e+00,1.430841e+00,6.755489e-02,2.844180e-01,-3.291339e-01,2.391653e-02,-3.770217e-01,-1.087369e-01,-2.702609e-01,-4.169842e-01
5.072397e+00,-1.366259e+00,1.425321e+00,-3.844898e-01,1.122119e-02,-4.128523e-01,-1.938579e-01,-6.084798e-01,8.412909e-02,1.647629e-01,-3.747276e-01
5.320985e+00,-9.094965e-01,1.698774e+00,-2.948264e-01,-1.118819e-01,-2.889325e-01,-7.853218e-02,-5.638438e-01,-4.102965e-01,-7.330928e-02,-2.477922e-01
5.023166e+00,-1.352935e+00,1.750891e+00,-7.022228e-02,2.305774e-01,2.115957e-01,-3.356522e-03,-7.856488e-01,-2.448393e-01,-1.129021e-01,-3.163225e-01
4.992205e+00,-1.384817e+00,1.223036e+00,-3.066427e-01,1.015730e-02,-3.663602e-01,-3.656170e-01,-2.714207e-01,1.183989e-01,-1.944929e-01,2.452438e-02
5.422387e+00,-1.056821e+00,1.731472e+00,-3.508644e-01,1.219747e-01,-4.471688e-01,-3.272022e-01,-4.495734e-01,-7.783111e-02,-3.831178e-01,-2.793527e-01
5.069651e+00,-1.466949e+00,1.703120e+00,-1.534356e-02,3.377045e-01,-2.405399e-01,-1.395986e-01,-5.497273e-01,-4.610149e-02,-3.393837e-01,-3.591022e-01
4.805103e+00,-1.661991e+00,1.463683e+00,-3.729688e-01,-2.412048e-01,-3.051637e-01,1.178860e-01,-4.680220e-01,1.756199e-02,4.504655e-02,7.084614e-02
5.361066e+00,-9.807134e-01,1.725746e+00,-4.436031e-01,6.140462e-02,-2.086744e-01,-2.861502e-01,-7.758688e-01,-1.401122e-01,2.302262e-04,-3.052822e-01
5.252203e+00,-1.134000e+00,1.685770e+00,-3.078915e-01,2.077698e-01,-1.645289e-01,-2.246035e-01,-6.189015e-01,1.915261e-02,-2.000799e-01,-5.030646e-01
4.740744e+00,-1.649414e+00,1.116477e+00,-3.148274e-01,-1.157455e-01,-1.539588e-01,-3.636342e-02,-3.921242e-01,3.997765e-01,6.232551e-02,-8.338552e-02
5.260633e+00,-1.338504e+00,1.676835e+00,-7.680200e-02,1.435144e-01,-5.489964e-01,-1.257353e-01,-7.683740e-01,-2.796667e-02,-2.363840e-01,-3.800931e-01
5.207248e+00,-1.200605e+00,1.746485e+00,-6.463058e-02,-1.792265e-01,-3.623419e-01,9.622111e-03,-5.216095e-01,-1.954120e-01,-2.239261e-01,-3.335375e-01
4.584473e+00,-1.758700e+00,1.009716e+00,-3.761638e-01,-7.463745e-02,-5.154953e-02,7.514954e-02,-3.710861e-01,4.538267e-01,5.795421e-01,-2.096548e-01
5.237569e+00,-9.393709e-01,1.609108e+00,-3.325378e-01,2.034090e-01,-1.849267e-01,-2.156509e-01,-8.133613e-01,-2.301377e-01,-9.314904e-02,-3.220151e-01
5.243864e+00,-9.531922e-01,1.612430e+00,-3.088850e-01,9.577135e-02,-3.278260e-01,-3.288266e-01,-4.720537e-01,-1.147800e-01,-1.950732e-01,-2.502160e-01
4.589259e+00,-1.861053e+00,1.230010e+00,-2.364869e-01,-3.416942e-02,-1.699141e-01,-2.742860e-02,-1.406636e-01,2.741619e-01,2.570071e-01,-1.297181e-01
5.110768e+00,-1.268288e+00,1.791128e+00,-8.417682e-02,1.092597e-01,-1.809593e-01,-2.077436e-01,-6.234756e-01,-2.345901e-01,-3.623659e-01,-4.072247e-01
5.355967e+00,-1.264774e+00,1.841082e+00,-3.023136e-01,1.277344e-02,-2.223890e-01,-4.837601e-01,-5.680070e-01,9.786425e-03,-4.961885e-02,-3.838411e-01
4.891792e+00,-1.683482e+00,1.455587e+00,-5.398789e-01,-3.317228e-02,6.581525e-02,-1.291575e-01,-1.489149e-01,9.566137e-02,8.764192e-02,7.424027e-02
4.998242e+00,-1.091789e+00,1.678330e+00,-2.021862e-01,2.938761e-01,8.436492e-02,-1.698780e-01,-8.814395e-01,-2.116254e-01,-1.962379e-01,-5.000735e-01
5.345223e+00,-1.142428e+00,1.734487e+00,-2.577850e-01,1.487361e-01,-4.164933e-01,-4.584195e-01,-5.043548e-01,2.049209e-03,-1.290696e-01,-3.840744e-01
4.787164e+00,-1.582128e+00,1.492749e+00,-3.485671e-01,-6.520311e-02,-2.555355e-01,1.577332e-01,-2.913551e-01,-1.684696e-02,7.513447e-02,-1.456070e-01
5.213772e+00,-1.549010e+00,1.510380e+00,1.241830e-01,2.456962e-01,-3.648381e-01,1.583590e-03,-7.078812e-01,-1.727971e-01,-1.478701e-01,-5.866207e-01
5.418385e+00,-1.119869e+00,1.778673e+00,-1.755350e-01,6.856063e-02,-5.922236e-01,-7.283194e-02,-6.390375e-01,-1.043989e-01,-1.078211e-01,-3.645756e-01
5.026719e+00,-9.650921e-01,1.219866e+00,-6.461208e-01,3.601211e-01,-1.448272e-01,-2.239451e-01,-4.332084e-01,9.997249e-02,9.086955e-02,-2.477744e-01
5.259480e+00,-1.524132e+00,1.643069e+00,-3.604642e-01,1.731648e-01,-2.134966e-01,-1.409699e-01,-6.408935e-01,-1.062020e-01,-7.107446e-02,-3.909544e-01
5.287655e+00,-1.120136e+00,1.807023e+00,-1.064158e-01,-2.958699e-02,-4.294773e-01,-1.331646e-01,-5.536752e-01,-1.821201e-01,-1.760068e-01,-3.424285e-01
5.070555e+00,-1.614340e+00,1.596888e+00,-1.186987e-01,2.372879e-02,-3.084872e-01,-1.574815e-01,-4.172135e-01,2.801063e-02,-2.889064e-02,-2.885682e-01
5.223678e+00,-1.362871e+00,1.443310e+00,-3.951904e-01,4.639526e-02,-2.667967e-01,-3.262515e-01,-2.499791e-01,-6.410695e-02,-3.147607e-01,-2.051521e-01
5.379843e+00,-9.908392e-01,1.577364e+00,-8.497740e-02,4.981777e-02,-1.313461e-01,-4.142936e-01,-6.300639e-01,-4.716630e-03,-1.662096e-01,-4.651873e-01
5.119596e+00,-1.231684e+00,1.602912e+00,-2.760572e-01,9.968124e-02,-1.348758e-01,-1.589191e-01,-5.171143e-01,-2.762392e-01,6.443601e-02,-2.008003e-01
5.117803e+00,-1.494635e+00,1.596071e+00,-4.371692e-01,-3.070013e-01,-1.858282e-01,-1.130840e-01,-3.904456e-01,-1.558941e-01,5.878727e-02,-6.315731e-02
5.457775e+00,-1.219977e+00,1.538853e+00,1.541740e-01,-5.933444e-03,-2.353185e-01,-3.697182e-01,-5.851064e-01,9.373617e-03,-2.610312e-01,-4.819521e-01
5.197013e+00,-1.325753e+00,1.646727e+00,-5.286252e-02,1.592009e-01,-2.492856e-01,-1.114516e-01,-4.346229e-01,-2.978206e-01,-2.720695e-01,-3.349242e-01
5.077415e+00,-1.329912e+00,1.127056e+00,-4.194190e-01,5.718110e-02,-4.324012e-01,-3.350300e-01,-1.583853e-01,6.384820e-02,3.900556e-02,-1.192998e-01
5.552720e+00,-1.156055e+00,1.705357e+00,-1.051536e-01,-8.181758e-03,-3.591708e-01,-6.442044e-03,-7.295123e-01,-2.892248e-01,4.849623e-02,-5.763908e-01
5.073973e+00,-1.065217e+00,1.776733e+00,-3.428278e-01,2.936387e-01,5.471945e-02,-3.714930e-02,-7.685164e-01,-4.103804e-01,-1.901513e-02,-4.087473e-01
4.829921e+00,-1.733642e+00,1.400814e+00,-6.012333e-01,6.588177e-02,-4.823563e-01,-6.553163e-02,-3.199135e-01,1.799634e-01,2.490466e-01,-5.838938e-02
5.352602e+00,-1.070348e+00,1.742249e+00,-7.452291e-02,-1.429116e-01,-4.099827e-01,-1.783425e-01,-2.218523e-01,-4.762161e-01,-2.978947e-01,-3.553138e-01
5.149931e+00,-1.288486e+00,1.717299e+00,-1.906744e-01,5.492436e-01,-3.762243e-01,-1.845643e-01,-4.578571e-01,-1.844712e-01,-3.806204e-01,-4.973063e-01
4.583072e+00,-1.735271e+00,1.323033e+00,-7.742274e-01,8.171365e-02,-3.327565e-01,1.605462e-03,-1.308518e-01,2.402724e-01,3.484987e-01,1.018356e-01
5.311001e+00,-9.303626e-01,1.863070e+00,-4.865669e-01,-7.835604e-02,-1.523574e-01,-9.502644e-02,-7.515469e-01,-3.119863e-01,5.274544e-02,-4.243896e-01
5.174595e+00,-1.225620e+00,1.739214e+00,-7.783474e-02,4.058025e-02,-2.542285e-01,-3.951061e-02,-6.490472e-01,-1.403182e-01,-2.057311e-01,-4.498799e-01
4.507002e+00,-1.739993e+00,1.436340e+00,-6.748689e-01,-1.555040e-01,-2.204375e-01,2.366079e-01,1.209038e-02,1.254313e-01,1.870580e-01,2.635519e-01
5.303755e+00,-1.073612e+00,1.570182e+00,-1.744712e-01,1.466564e-01,-3.942419e-01,-3.840416e-01,-4.726706e-01,-4.874339e-02,-3.153951e-01,-5.047719e-01
5.559087e+00,-1.164000e+00,1.637897e+00,-1.192688e-01,-3.538107e-02,-3.512680e-01,-8.222600e-02,-5.931395e-01,-4.960010e-03,-4.002577e-01,-4.680560e-01
4.648486e+00,-1.608836e+00,1.353086e+00,-3.064928e-01,-2.446866e-01,-6.108053e-02,2.281343e-01,-3.125954e-01,1.506138e-01,2.529536e-01,7.261335e-03
5.260483e+00,-1.113390e+00,1.656674e+00,-4.333309e-02,-2.725440e-01,-7.083990e-02,-1.982450e-01,-6.868400e-01,-2.523322e-01,-1.373914e-01,-1.680669e-01
5.526758e+00,-8.571987e-01,1.747622e+00,-3.052113e-01,-4.019665e-01,-1.157416e-01,-1.747171e-04,-5.829226e-01,-2.484780e-01,-4.032631e-01,-2.310599e-01
4.916931e+00,-1.526252e+00,1.272919e+00,-3.053236e-01,2.243192e-01,-1.844791e-01,-1.751099e-01,-1.074006e-01,2.648322e-01,-1.492828e-01,-2.955335e-01
4.940540e+00,-1.259160e+00,1.832683e+00,-4.733769e-02,-1.040391e-01,-3.325202e-01,-1.558702e-01,-4.397240e-01,-1.916126e-01,-4.062424e-01,-2.895349e-01
5.393511e+00,-1.100378e+00,1.925843e+00,-4.026799e-01,-1.685344e-01,-3.166511e-01,-1.579380e-01,-5.236891e-01,-1.809913e-01,-2.819605e-01,-3.090973e-01
4.750794e+00,-1.377126e+00,1.563111e+00,-3.851618e-01,-9.887387e-02,1.009289e-01,4.521538e-02,-5.025430e-01,-4.920190e-02,1.168689e-01,-3.336728e-01
4.973322e+00,-9.150763e-01,2.038281e+00,-7.356877e-01,1.046296e-01,-9.808527e-02,1.820265e-02,-6.623753e-01,-2.444869e-01,-2.429797e-01,-3.141915e-01
5.438819e+00,-1.089790e+00,1.879733e+00,-4.285320e-01,4.089195e-02,-4.862757e-01,-3.140801e-01,-3.727756e-01,-1.119515e-01,-3.297832e-01,-3.778188e-01
4.952308e+00,-1.363789e+00,1.536691e+00,-2.469824e-01,8.437758e-02,-4.637430e-01,2.064194e-01,-2.761427e-01,-1.433769e-01,-3.647520e-01,-2.625655e-01
4.788028e+00,-1.258278e+00,1.711028e+00,-1.438353e-01,2.264720e-03,-2.812138e-01,4.610806e-02,-4.966077e-01,-1.960727e-01,-1.543299e-01,-4.029058e-01
5.364184e+00,-9.225485e-01,1.776088e+00,-3.498322e-01,-3.291124e-02,-4.887228e-01,-1.678848e-01,-4.980667e-01,-1.710744e-01,-1.720893e-01,-4.137354e-01
5.119025e+00,-9.825246e-01,1.804560e+00,-5.279333e-01,-3.404846e-01,-6.943321e-02,3.890891e-01,-6.305760e-01,-3.780941e-01,-8.730099e-02,-2.851871e-01
4.950401e+00,-1.202697e+00,1.474045e+00,-3.518594e-01,1.742496e-01,-2.917242e-01,-2.336876e-01,-1.933633e-01,-6.292351e-02,-2.933690e-01,-2.563997e-01
5.339691e+00,-1.008364e+00,1.875239e+00,-3.174946e-01,-9.003481e-02,-4.247766e-01,-1.352017e-01,-4.637663e-01,-1.724134e-01,-3.276324e-01,-3.850568e-01
5.162084e+00,-1.133152e+00,1.732645e+00,-2.656187e-01,-2.136425e-01,-1.548979e-01,-1.197887e-01,-3.585951e-01,-1.308331e-01,-3.676828e-01,-4.174655e-01
4.973820e+00,-1.679855e+00,1.663316e+00,-2.409935e-01,-3.092636e-01,-1.961804e-01,-7.723927e-02,-2.795188e-01,4.373460e-02,-1.290625e-01,-1.571069e-01
5.354460e+00,-9.042038e-01,1.987742e+00,-3.876440e-01,-2.624397e-01,-1.823569e-01,-3.201237e-02,-4.192057e-01,-4.249403e-01,-4.594269e-01,-6.162685e-02
5.119482e+00,-8.644491e-01,1.647265e+00,-3.150482e-01,-1.398006e-01,-9.716616e-02,-1.528701e-01,-4.779244e-01,-2.497860e-01,-2.683632e-01,-3.152235e-01
4.943053e+00,-1.326126e+00,1.355877e+00,-4.564980e-01,-2.727871e-01,-1.661464e-01,-1.490497e-01,-1.790321e-01,1.987434e-01,-9.122000e-02,-1.125293e-01
5.109664e+00,-1.046451e+00,1.858551e+00,-9.972671e-02,-1.095001e-01,-3.223759e-01,-7.287582e-03,-4.674662e-01,-3.263137e-01,-4.132444e-01,-3.208257e-01
5.220330e+00,-1.311918e+00,1.736930e+00,3.733553e-02,-9.402438e-02,-4.265132e-01,-1.493630e-02,-4.245038e-01,-3.070778e-01,-3.615424e-01,-3.347160e-01
4.818949e+00,-1.413555e+00,1.377876e+00,-5.213234e-01,-4.900516e-01,-2.693130e-01,2.965682e-01,-2.793228e-01,2.394096e-01,7.352318e-02,-2.830614e-02
5.216792e+00,-7.244044e-01,1.634042e+00,-3.897101e-01,3.313930e-01,-2.279423e-01,-1.410072e-01,-6.480260e-01,-1.835386e-01,-2.911834e-01,-5.131115e-01
5.208436e+00,-8.782075e-01,1.732886e+00,-3.635540e-01,1.268327e-01,-2.102148e-01,-5.645438e-02,-6.099850e-01,-3.960364e-01,-1.180004e-01,-4.261487e-01
4.628188e+00,-1.825214e+00,1.261475e+00,-5.518750e-01,-3.770485e-01,-4.542509e-01,4.992569e-01,-9.369451e-02,3.493840e-01,3.531955e-01,2.007011e-01
5.191064e+00,-1.352761e+00,1.810839e+00,3.182600e-03,9.398965e-02,-4.020781e-01,-4.805138e-02,-4.771651e-01,-3.017842e-01,-3.601944e-01,-4.286344e-01
5.007843e+00,-8.506942e-01,1.856534e+00,-3.234675e-01,6.025882e-02,-2.426617e-01,-5.101366e-02,-4.708711e-01,-3.357331e-01,-4.147759e-01,-3.579535e-01
4.742380e+00,-1.550711e+00,1.219521e+00,-5.793424e-01,-8.987166e-02,-3.523595e-01,2.753995e-02,-4.160816e-02,3.592662e-01,8.582807e-02,1.259880e-01
5.203831e+00,-9.575969e-01,1.701709e+00,-3.532748e-01,1.663003e-02,-6.885771e-02,-1.101942e-01,-6.048126e-01,-4.451536e-01,-1.296106e-01,-2.682450e-01
5.195765e+00,-1.084714e+00,1.981747e+00,-3.444929e-01,5.228890e-02,-2.512044e-01,-7.860832e-02,-4.589186e-01,-3.528069e-01,-3.520065e-01,-2.509822e-01
4.767351e+00,-1.564547e+00,1.364622e+00,-3.450538e-01,-2.110906e-01,-2.479935e-01,-1.101109e-01,-1.735483e-01,3.073298e-01,6.498999e-02,-9.945034e-02
5.209418e+00,-1.056271e+00,1.623316e+00,-1.392596e-01,-2.168440e-01,-1.627401e-01,-7.650348e-02,-4.555913e-01,-3.836768e-01,-3.382944e-01,-2.543682e-01
5.227365e+00,-1.098697e+00,1.638452e+00,-1.058239e-01,1.476139e-01,-4.075182e-01,-2.512923e-01,-3.770986e-01,-2.069015e-01,-3.870580e-01,-2.968845e-01
4.895745e+00,-1.225372e+00,1.397678e+00,-4.634429e-01,6.373574e-02,-3.736568e-01,-4.388026e-02,-2.658876e-01,9.825566e-02,1.024203e-02,-1.653514e-01
5.287185e+00,-1.025381e+00,1.580612e+00,-2.577236e-01,-2.235375e-01,-8.657349e-02,3.150691e-03,-7.609992e-01,-2.504861e-01,3.681252e-02,-4.233867e-01
5.310061e+00,-1.097222e+00,1.583996e+00,-9.878318e-02,3.948459e-03,-3.700881e-01,-1.299945e-01,-6.260858e-01,-2.118697e-01,-1.057795e-01,-4.137403e-01
4.759647e+00,-1.301290e+00,1.624346e+00,-1.420882e-01,-2.427898e-01,-2.864882e-01,1.839214e-01,-4.016843e-01,-1.184662e-01,-1.471306e-01,-1.451328e-01
5.113942e+00,-1.287380e+00,1.472148e+00,-8.966286e-02,9.556226e-02,-4.790566e-01,-2.390804e-01,-3.824322e-01,8.074181e-02,-4.030372e-01,-3.254100e-01
5.424933e+00,-9.974417e-01,1.687177e+00,-4.043291e-01,5.856774e-02,-2.367628e-01,-3.149463e-01,-6.501121e-01,-6.905961e-03,-2.546981e-01,-4.235510e-01
4.992686e+00,-1.296199e+00,1.795017e+00,-4.960794e-01,2.339954e-01,-1.052178e-01,4.231003e-02,-7.234849e-01,-3.305121e-02,-1.541760e-01,-2.267212e-01
4.892873e+00,-1.344360e+00,1.661168e+00,-2.610277e-01,-1.496375e-01,-1.225168e-01,-8.042186e-02,-6.715701e-01,1.530658e-02,7.674777e-03,-2.132166e-01
5.536892e+00,-1.081651e+00,1.858685e+00,-4.088645e-01,-1.297697e-01,-3.779390e-01,-1.010520e-01,-5.213442e-01,-1.915657e-01,-4.381874e-01,-1.061024e-01
4.987400e+00,-1.445939e+00,1.613837e+00,-1.283506e-01,4.860336e-01,-3.721058e-01,-1.276199e-01,-5.731464e-01,8.820042e-02,-4.477762e-01,-4.090026e-01
4.979950e+00,-1.349461e+00,1.402712e+00,-3.251891e-01,1.984216e-01,-3.044766e-01,-2.128364e-01,-2.998727e-01,8.003520e-02,-2.484078e-01,-1.282141e-01
5.466454e+00,-1.131459e+00,1.680626e+00,-1.006145e-01,-3.255009e-01,-2.557057e-01,-1.657602e-01,-6.180539e-01,-1.785371e-01,-1.395398e-01,-3.021573e-01
5.134644e+00,-1.200130e+00,1.649222e+00,-1.823820e-01,3.234544e-02,5.711456e-03,-1.158433e-01,-7.938354e-01,-1.840695e-01,-3.560845e-02,-2.851875e-01
4.686636e+00,-1.359403e+00,1.480366e+00,-3.835980e-01,-1.307901e-01,-4.700172e-02,7.865242e-02,-4.834399e-01,1.579957e-02,9.370054e-02,-1.790900e-01
5.643666e+00,-1.217440e+00,1.526421e+00,-1.498431e-01,1.498332e-01,-5.090479e-01,-3.016995e-01,-5.425530e-01,5.238518e-02,-3.175456e-01,-4.918315e-01
5.111690e+00,-1.217169e+00,1.737221e+00,-2.262376e-01,1.441161e-01,-3.118357e-01,-2.637204e-01,-4.840611e-01,-1.307044e-01,-2.764462e-01,-4.253806e-01
4.608696e+00,-1.805725e+00,1.487790e+00,-4.194270e-01,1.067946e-01,-2.650501e-01,-5.206766e-02,-1.376009e-01,1.021558e-01,2.068549e-01,-1.589114e-01
5.334592e+00,-1.075943e+00,1.623618e+00,-2.241139e-01,-4.958060e-03,-1.682682e-01,-2.280529e-01,-7.458791e-01,-1.726152e-01,5.126981e-02,-5.069057e-01
5.281919e+00,-1.028138e+00,1.850362e+00,-4.809726e-01,3.584115e-02,-2.055051e-01,-1.188877e-01,-6.853385e-01,-3.023349e-01,-6.541191e-02,-3.028733e-01
4.380902e+00,-1.822735e+00,1.205385e+00,-4.162928e-01,6.873423e-02,-2.365704e-01,-9.852775e-02,4.047759e-02,2.817457e-01,3.580416e-01,3.267845e-02
5.188864e+00,-1.069510e+00,1.605595e+00,-1.585568e-01,2.449155e-01,-4.000694e-01,-1.815022e-01,-5.336559e-01,-1.730272e-01,-3.672871e-01,-3.691193e-01
5.338284e+00,-1.229714e+00,1.603171e+00,-5.870487e-03,-2.839169e-02,-2.814945e-01,-4.272303e-01,-4.945401e-01,-9.684231e-02,-2.098970e-01,-4.446354e-01
4.496810e+00,-1.927624e+00,1.205135e+00,-5.522570e-01,-4.171138e-02,-1.727276e-01,3.171040e-02,-1.370817e-01,4.425617e-01,4.509112e-01,1.104984e-01
5.223332e+00,-1.144014e+00,1.855614e+00,-2.401287e-01,6.707809e-02,-4.412701e-02,7.368839e-02,-8.839903e-01,-3.556864e-01,-8.149054e-02,-3.489171e-01
5.655634e+00,-1.187774e+00,1.548149e+00,-2.096217e-02,-3.326995e-02,-2.985687e-01,-2.068115e-01,-8.232579e-01,-2.660829e-02,-4.603610e-02,-4.895619e-01
4.875915e+00,-1.440121e+00,1.005454e+00,-4.587320e-01,-3.977793e-02,-2.427532e-01,-7.898925e-02,-2.053561e-01,2.784559e-01,1.357310e-01,-5.790424e-02
5.242877e+00,-1.564738e+00,1.737747e+00,9.650907e-02,3.866506e-01,-1.907205e-01,-1.712612e-01,-6.352167e-01,-1.177536e-01,-4.963011e-01,-4.599649e-01
5.553557e+00,-1.366907e+00,1.730014e+00,8.303883e-02,-1.225789e-01,-3.540256e-01,-2.257554e-01,-6.410757e-01,-5.163365e-02,-2.387149e-01,-3.102959e-01
5.013844e+00,-1.603051e+00,1.404215e+00,-4.442093e-01,-2.600072e-01,-1.912621e-01,-4.068873e-02,-2.942761e-01,-6.509582e-02,2.202437e-01,3.659153e-02
5.084052e+00,-1.095053e+00,1.584844e+00,-3.940371e-01,4.462210e-01,1.955650e-02,-2.849455e-01,-7.241099e-01,-2.116095e-01,-1.168737e-01,-3.228878e-01
5.226893e+00,-8.180540e-01,1.641495e+00,-1.849686e-01,3.522229e-02,-2.490486e-01,-3.301786e-01,-4.900705e-01,-1.595445e-01,-2.659475e-01,-3.507884e-01
4.993009e+00,-1.542433e+00,1.353704e+00,-2.901793e-01,7.872800e-02,-5.690419e-01,-1.721842e-01,-1.871865e-01,1.128252e-02,-1.082615e-02,-1.385814e-01
5.116799e+00,-1.510495e+00,1.665808e+00,-2.225599e-01,2.135211e-01,-2.688477e-01,-1.758934e-01,-4.596570e-01,-3.220997e-01,-1.056652e-02,-3.714935e-01
5.250188e+00,-1.099975e+00,1.762585e+00,-1.684959e-01,1.592718e-01,-3.850313e-01,-2.392127e-01,-5.329862e-01,-2.061872e-01,-9.949946e-02,-4.950648e-01
5.063964e+00,-1.235957e+00,1.435321e+00,-4.283108e-01,1.147055e-01,-3.075548e-01,-2.082162e-01,-5.233702e-01,-1.448789e-02,2.395848e-01,-4.607819e-01
5.126605e+00,-9.115745e-01,1.344940e+00,-5.269207e-01,2.601436e-01,-2.890878e-01,-1.458349e-01,-3.480404e-01,-3.356537e-01,-7.288752e-02,-1.706200e-01
5.290066e+00,-1.216555e+00,1.638723e+00,2.178379e-02,1.246344e-01,-4.939716e-01,-1.277859e-01,-6.143443e-01,-2.189252e-01,3.251165e-03,-5.085942e-01
5.175134e+00,-1.363152e+00,1.463393e+00,-6.298762e-02,1.016564e-02,-3.040773e-01,-1.612792e-01,-5.158868e-01,-1.215780e-01,9.498171e-03,-4.738008e-01
4.986536e+00,-1.504939e+00,1.556338e+00,-2.823480e-01,-2.200804e-02,-3.271182e-01,-1.266515e-01,-3.780466e-01,-3.186981e-02,1.058831e-02,-2.897949e-01
5.421009e+00,-1.166261e+00,1.639382e+00,-1.563900e-01,1.699025e-01,-4.028121e-01,-3.433883e-01,-4.916253e-01,-1.184403e-01,-2.247373e-01,-2.952759e-01
5.124773e+00,-1.031597e+00,1.693594e+00,-3.798187e-01,9.758577e-02,1.928367e-02,-2.600746e-02,-7.941973e-01,-2.636414e-01,-2.062009e-01,-1.826254e-01
5.205758e+00,-1.553614e+00,1.505731e+00,-5.790710e-01,1.243410e-01,-1.525203e-01,-2.761674e-01,-3.959018e-01,2.470337e-01,-8.931371e-02,5.429948e-03
5.441736e+00,-1.165560e+00,1.771449e+00,-1.906492e-01,-1.674801e-01,-1.728035e-01,-3.445760e-01,-5.735836e-01,-3.828893e-02,-2.277757e-01,-3.058133e-01
5.095828e+00,-1.554580e+00,1.738411e+00,2.044245e-01,2.777758e-01,-2.384490e-01,-7.359366e-02,-6.266513e-01,-2.049890e-01,-5.190783e-01,-4.023059e-01
4.896851e+00,-1.745589e+00,1.331064e+00,-2.588050e-01,-1.086782e-01,-2.024709e-01,-5.032688e-02,-2.898490e-01,2.194021e-01,4.096243e-02,-4.957508e-02
5.433592e+00,-7.738342e-01,1.653072e+00,-5.004345e-01,7.044030e-02,-3.058402e-01,-3.032592e-01,-4.405720e-01,-1.476754e-01,-3.469319e-01,-2.548663e-01
5.100354e+00,-1.058698e+00,1.706940e+00,-2.221029e-01,2.526576e-01,-8.460724e-03,-1.647107e-01,-9.199302e-01,-1.575146e-01,-2.116533e-02,-5.776598e-01
4.678292e+00,-1.701900e+00,1.285307e+00,-3.630760e-01,-2.199344e-01,-1.242978e-01,2.442589e-01,-3.292311e-01,1.733099e-01,2.997193e-01,-1.155989e-01
5.294083e+00,-1.312470e+00,1.750016e+00,-2.177234e-02,-2.101025e-01,-3.684206e-01,-2.065328e-01,-4.231888e-01,-2.770587e-01,-6.188255e-02,-4.621915e-01
5.134960e+00,-1.154218e+00,1.729661e+00,-2.463776e-01,3.463344e-01,-4.071255e-01,-2.717932e-01,-5.936703e-01,-8.063945e-02,-2.288842e-01,-5.801281e-01
4.502999e+00,-1.647187e+00,1.095744e+00,-5.919173e-01,-7.041439e-03,-1.405545e-01,1.709002e-01,-8.361851e-02,4.264036e-01,2.812635e-01,-6.710608e-02
5.343586e+00,-1.141337e+00,1.741201e+00,-3.242952e-01,5.843542e-02,-2.556740e-01,-2.552202e-01,-5.372906e-01,-2.801160e-01,2.958291e-02,-4.514469e-01
5.164731e+00,-1.029647e+00,1.927722e+00,-4.409010e-01,-3.924187e-02,-2.305706e-01,-8.216285e-02,-6.268293e-01,-4.198471e-01,-9.928692e-02,-2.206692e-01
4.548636e+00,-1.848832e+00,1.324544e+00,-3.814908e-01,-8.156304e-02,-1.981582e-01,5.624431e-02,-1.329055e-01,2.046756e-01,2.998751e-01,-1.170772e-01
5.163159e+00,-1.143355e+00,1.724880e+00,-2.136003e-01,1.301116e-01,-2.582526e-01,-2.917857e-01,-5.168814e-01,-1.075842e-01,-2.080838e-01,-4.945853e-01
5.407275e+00,-1.121581e+00,1.866439e+00,-4.014848e-01,6.409173e-02,-3.816159e-01,-3.820949e-01,-2.750482e-01,-2.386288e-01,-5.092194e-01,-1.890544e-01
4.724753e+00,-1.662772e+00,1.328348e+00,-3.396234e-01,-7.051207e-02,-1.895031e-01,-9.570969e-02,-2.634749e-01,1.799933e-01,1.173750e-02,-6.536377e-02
5.178549e+00,-1.013416e+00,1.917982e+00,-2.704676e-01,-2.299489e-01,1.399009e-01,6.222861e-02,-8.495369e-01,-2.845458e-01,-1.392873e-01,-2.662070e-01
5.505735e+00,-1.093670e+00,1.856966e+00,-3.939562e-01,-7.841887e-02,-2.686597e-01,-2.860491e-01,-5.955225e-01,-1.659851e-01,-8.291255e-02,-4.066234e-01
5.064847e+00,-1.624062e+00,1.445411e+00,-4.097642e-01,-3.510561e-02,-3.438913e-01,4.547158e-02,-4.119326e-01,-9.509893e-03,8.967332e-02,-2.746830e-01
5.016338e+00,-1.204226e+00,1.596569e+00,1.974215e-01,1.767413e-01,-2.911912e-01,3.695646e-02,-4.239026e-01,-2.342648e-01,-5.794340e-01,-4.896471e-01
5.552179e+00,-1.190648e+00,1.847310e+00,-2.699055e-01,-1.845268e-02,-5.036843e-01,-2.629781e-01,-4.056647e-01,-1.344298e-01,-2.209417e-01,-4.426230e-01
4.987456e+00,-1.026150e+00,1.440314e+00,-5.753006e-01,-2.387973e-01,-1.462300e-01,7.110631e-02,-4.984158e-01,-1.568691e-01,-6.608447e-02,-1.357681e-01
4.944784e+00,-1.226421e+00,1.715667e+00,-1.300771e-01,2.475464e-02,2.765314e-02,1.587008e-01,-8.303229e-01,-1.614462e-01,-8.715902e-02,-3.917863e-01
5.395499e+00,-1.054604e+00,1.882093e+00,-2.884456e-01,-1.421157e-01,-3.631775e-01,-2.510452e-01,-2.892794e-01,-3.229942e-01,-2.372883e-01,-3.260499e-01
4.963638e+00,-1.136057e+00,1.509255e+00,-3.718347e-01,-9.894917e-02,-4.766867e-01,-3.751123e-02,-2.438210e-01,-1.702200e-01,-3.390125e-01,-2.352942e-01
4.969326e+00,-1.218730e+00,1.413009e+00,-2.008558e-01,2.377791e-01,-2.202467e-01,-2.443941e-01,-3.063459e-01,6.426237e-02,-2.826840e-01,-3.544359e-01
5.239194e+00,-9.613571e-01,1.983942e+00,-3.224898e-01,-2.323276e-01,-3.490023e-01,4.858333e-02,-4.463893e-01,-3.441731e-01,-3.555103e-01,-2.617435e-01
5.062989e+00,-1.091266e+00,1.632205e+00,-3.650804e-01,-1.639924e-01,-2.983625e-01,-3.422391e-02,-4.418958e-01,-3.559851e-01,-7.663921e-02,-1.956133e-01
5.001305e+00,-1.329818e+00,1.626661e+00,-4.489283e-01,-6.859632e-02,-1.996368e-01,1.105532e-01,-4.250200e-01,-1.201385e-01,1.555175e-01,-2.747234e-01
5.320930e+00,-6.727597e-01,1.567504e+00,-2.281705e-01,7.940947e-02,-3.864545e-01,-2.110989e-01,-2.922106e-01,-1.754463e-01,-5.459569e-01,-3.779960e-01
5.235823e+00,-1.230623e+00,1.632225e+00,-1.629915e-01,-3.943633e-02,-3.279992e-01,-1.857071e-01,-3.908593e-01,-2.576136e-01,-3.156016e-01,-3.172981e-01
4.813278e+00,-1.356770e+00,1.484292e+00,-2.661266e-01,-3.073306e-01,-4.059996e-01,2.259543e-01,-6.584526e-02,-6.837739e-02,-1.701528e-01,4.910350e-02
5.304896e+00,-1.081134e+00,1.797106e+00,-5.189736e-03,-1.819857e-01,-3.550617e-01,7.356674e-02,-5.925571e-01,-2.374982e-01,-1.940397e-01,-4.095995e-01
5.079367e+00,-7.979225e-01,1.772209e+00,-5.401613e-01,9.879587e-02,8.600185e-04,-1.640046e-01,-6.200177e-01,-4.236552e-01,-1.943413e-01,-3.173425e-01
4.733967e+00,-1.317099e+00,1.559053e+00,-7.910211e-01,-9.143942e-02,-3.420106e-01,2.320402e-01,-1.381099e-01,1.677818e-01,-1.420307e-01,1.691507e-01
5.268291e+00,-1.005455e+00,1.709163e+00,-1.685471e-01,1.523327e-01,-5.599251e-01,-3.056596e-02,-5.273841e-01,-2.575513e-02,-4.189827e-01,-3.844078e-01
4.964950e+00,-1.189408e+00,1.949578e+00,-4.860136e-02,-2.474459e-02,-2.589809e-01,5.425992e-02,-4.175922e-01,-4.767061e-01,-6.055541e-01,-3.707653e-01
4.586097e+00,-1.577312e+00,1.352541e+00,-6.715638e-01,-1.390685e-01,-2.811185e-01,1.138089e-01,-1.124061e-01,3.287854e-01,1.369806e-01,3.598198e-02
5.213855e+00,-9.613331e-01,1.801199e+00,-3.345614e-01,-6.159638e-02,-2.488903e-01,6.940171e-03,-7.312541e-01,-1.463289e-01,-6.857538e-02,-4.941569e-01
5.061867e+00,-7.233320e-01,1.858705e+00,-2.743191e-01,-7.383027e-02,-6.163687e-02,1.092488e-01,-5.940505e-01,-4.600816e-01,-5.265124e-01,-3.234818e-01
4.576047e+00,-1.689069e+00,1.183542e+00,-6.518906e-01,-1.548195e-01,-2.814313e-01,9.672058e-02,-1.138645e-01,4.930370e-01,1.327605e-01,2.062909e-01
5.249613e+00,-1.078359e+00,1.680779e+00,-9.338981e-02,-1.991342e-01,-2.798654e-01,-5.572698e-02,-5.168709e-01,-1.310691e-01,-3.461394e-01,-4.209513e-01
5.170695e+00,-1.090610e+00,1.678879e+00,1.658341e-01,-2.400291e-01,-2.383117e-01,1.256205e-02,-6.715603e-01,-1.703974e-01,-3.375411e-01,-5.625350e-01
4.833640e+00,-1.696781e+00,1.387665e+00,-4.024381e-01,-2.985419e-01,-3.360207e-01,7.123780e-02,-1.806773e-01,1.612079e-01,9.150908e-02,7.820094e-03
5.176955e+00,-8.318925e-01,1.787723e+00,-4.417142e-01,-1.420778e-01,-1.457605e-01,9.741411e-03,-5.042019e-01,-3.648359e-01,-2.835780e-01,-1.384881e-01
5.443858e+00,-9.274452e-01,1.597554e+00,-2.474371e-01,-1.258789e-02,-7.118810e-02,-3.259482e-01,-6.992854e-01,-4.554057e-02,-2.682773e-01,-4.108137e-01
4.771465e+00,-1.458801e+00,1.554968e+00,-4.217187e-01,-2.594717e-01,-2.679461e-01,-4.751393e-02,-1.818819e-01,7.888180e-02,-1.643326e-01,-8.415170e-02
4.989203e+00,-1.327878e+00,1.859620e+00,-1.476160e-01,-7.223483e-02,-2.643561e-01,-1.030195e-01,-4.669864e-01,-1.766686e-01,-2.302271e-01,-2.633955e-01
5.342606e+00,-1.285115e+00,1.798790e+00,-1.774952e-01,-4.499311e-02,-4.077927e-01,-1.386389e-01,-6.500621e-01,-4.503519e-02,-3.874291e-01,-2.747585e-01
4.784212e+00,-1.208953e+00,1.699093e+00,-6.486225e-01,-1.474022e-02,-2.612250e-01,3.687871e-02,-3.949204e-01,1.517850e-02,-2.788360e-01,-1.711064e-01
4.975429e+00,-9.543154e-01,1.672935e+00,-4.980118e-01,2.482718e-01,-9.594832e-03,-3.207743e-01,-4.756331e-01,-1.782962e-01,-7.013092e-03,-3.666931e-01
5.351963e+00,-1.110565e+00,1.879685e+00,-3.818145e-01,-1.346151e-01,-4.217971e-01,5.442952e-02,-7.030480e-01,-2.214561e-01,-2.126741e-01,-2.518203e-01
4.953144e+00,-1.446834e+00,1.560289e+00,-2.275714e-01,1.543095e-02,-3.649933e-01,3.114137e-02,-5.572694e-01,-5.011494e-02,-8.774870e-02,-3.149716e-01
4.934684e+00,-1.483502e+00,1.692258e+00,-1.303365e-01,2.929057e-01,-3.891270e-01,5.185901e-02,-4.321638e-01,-1.134199e-01,-6.204231e-02,-5.655206e-01
5.485154e+00,-8.229796e-01,1.549174e+00,-3.214765e-01,-3.801534e-02,-4.519369e-01,-1.637187e-01,-4.274126e-01,-2.436248e-01,-2.219847e-01,-4.357998e-01
5.171392e+00,-1.228739e+00,1.445201e+00,-2.693444e-01,3.762640e-02,-1.902127e-01,-1.512619e-01,-6.805600e-01,-7.374320e-02,4.038676e-02,-4.687640e-01
4.726053e+00,-1.222282e+00,1.695569e+00,-3.495313e-01,5.009767e-02,8.502474e-02,4.167028e-02,-3.420791e-01,-2.559507e-01,-8.431603e-02,-1.449106e-01
5.451061e+00,-1.142013e+00,1.725252e+00,-2.977412e-01,-1.455631e-01,-1.916537e-01,-2.744636e-01,-6.096428e-01,-7.075101e-02,-1.184675e-01,-3.707735e-01
5.142473e+00,-1.315226e+00,1.439470e+00,3.050738e-02,-6.433805e-02,-3.654266e-01,-2.100786e-01,-5.769126e-01,6.396648e-02,-3.587314e-01,-3.303038e-01
4.751519e+00,-1.555449e+00,1.581133e+00,-1.082333e-01,-1.061601e-01,4.641392e-03,-9.856070e-02,-4.858300e-02,-3.947828e-02,-1.356309e-01,-1.196942e-01
5.566066e+00,-1.092486e+00,1.476278e+00,-2.161846e-01,1.048022e-01,-2.454114e-01,-4.978878e-01,-3.466177e-01,-3.405680e-02,-4.459181e-01,-1.743304e-01
5.396619e+00,-1.085853e+00,1.663956e+00,-2.854036e-01,-2.266646e-01,-1.405668e-02,-1.503994e-01,-7.954711e-01,-1.816784e-01,-1.237581e-01,-2.417343e-01
4.726779e+00,-1.436978e+00,1.359875e+00,-3.373500e-01,1.835951e-02,-4.881007e-02,-5.596500e-02,-3.047766e-01,2.202912e-01,2.365867e-01,-1.178547e-01
5.384407e+00,-1.355232e+00,1.742775e+00,-1.197339e-01,2.989412e-02,-3.591978e-01,-1.438792e-01,-4.605487e-01,-2.346315e-01,-2.162070e-01,-2.933924e-01
5.300872e+00,-1.122798e+00,1.470788e+00,-7.190589e-02,1.584565e-01,-5.147284e-01,-1.457791e-01,-5.386129e-01,-2.847587e-01,-2.566388e-01,-3.324253e-01
4.795290e+00,-1.591064e+00,1.110896e+00,-2.876196e-01,1.533893e-01,-4.635869e-01,-2.246318e-02,-1.902710e-01,3.706491e-01,2.571801e-01,-2.373701e-01
5.258622e+00,-9.707708e-01,1.677078e+00,-2.460774e-01,1.253858e-01,-2.754249e-01,-2.149329e-02,-5.117117e-01,-3.163171e-01,-1.976434e-01,-3.512570e-01
5.193561e+00,-1.106358e+00,1.738268e+00,-3.567595e-01,1.483369e-01,-2.078041e-01,-7.379486e-02,-9.034181e-01,-3.483453e-01,7.416555e-02,-2.657002e-01
4.565036e+00,-1.675083e+00,1.126765e+00,-4.219906e-01,-1.192686e-01,-3.986016e-01,1.191660e-01,-2.066573e-01,2.438112e-01,3.997623e-01,1.186127e-01
5.116111e+00,-1.113294e+00,1.729025e+00,-2.485062e-01,3.703547e-01,-3.093978e-01,-1.264001e-01,-5.313008e-01,-1.656327e-01,-1.905710e-01,-5.245708e-01
5.280034e+00,-1.206566e+00,1.583691e+00,-1.466216e-01,3.808946e-01,-3.314178e-01,-5.544991e-01,-3.341059e-01,-1.620995e-01,-4.190485e-01,-3.979664e-01
4.739124e+00,-1.692243e+00,1.298858e+00,-6.051718e-01,-1.791747e-01,-4.345524e-01,1.309409e-01,-2.536659e-01,2.035936e-01,2.322926e-01,1.299129e-01
5.139535e+00,-1.216173e+00,1.694590e+00,-1.731050e-01,1.752811e-01,-3.586475e-02,-1.408721e-01,-6.834660e-01,-2.846569e-01,5.287289e-02,-4.163421e-01
5.220418e+00,-1.106314e+00,1.855925e+00,-2.576246e-01,7.399496e-03,-1.115248e-02,-2.762401e-01,-6.031159e-01,-3.696396e-01,-5.810038e-02,-4.064890e-01
4.891837e+00,-1.402449e+00,1.157889e+00,-5.333796e-01,-1.461272e-01,-2.420620e-01,-2.521579e-01,-3.921268e-01,3.165415e-01,1.574889e-01,-1.095329e-01
5.333503e+00,-1.386453e+00,1.389972e+00,1.149156e-01,2.567576e-01,-2.506062e-01,-3.422292e-01,-3.903585e-01,-4.667106e-02,-3.901344e-01,-3.512284e-01
5.284349e+00,-1.187659e+00,1.731752e+00,9.027279e-02,-1.512838e-01,-2.144843e-01,-1.706908e-01,-4.394574e-01,-3.057762e-01,-3.631987e-01,-2.731321e-01
5.067069e+00,-1.509336e+00,1.219313e+00,-2.318496e-01,-2.628068e-01,-2.830739e-01,-2.314220e-01,-4.506150e-01,1.289016e-01,2.571823e-01,-2.844962e-01
5.207177e+00,-1.173045e+00,1.554564e+00,-2.312388e-01,2.310452e-02,-3.028365e-03,1.278924e-02,-8.602380e-01,-9.225984e-02,3.579519e-02,-3.521606e-01
5.311589e+00,-1.078342e+00,1.716071e+00,-1.980050e-01,6.257521e-02,-1.610149e-01,-2.611393e-01,-6.381016e-01,-1.915554e-01,-1.038019e-01,-3.390603e-01
5.020505e+00,-1.483206e+00,1.360455e+00,-2.419415e-01,3.338056e-02,-5.037878e-01,-2.455842e-01,-3.704011e-01,1.433921e-01,-1.373519e-01,-2.482120e-01
5.228970e+00,-1.417229e+00,1.638457e+00,-2.614400e-01,1.537211e-01,-2.427339e-01,-4.637710e-02,-5.505838e-01,8.549921e-02,-2.970600e-01,-2.719098e-01
5.216395e+00,-1.242862e+00,1.761243e+00,-2.191433e-01,1.126203e-01,-2.531765e-01,-4.016614e-01,-6.037582e-01,-3.691089e-02,-6.726911e-02,-5.214499e-01
4.967522e+00,-1.470674e+00,1.777044e+00,-4.250419e-01,1.343019e-03,-2.795119e-01,-1.356829e-01,-4.627126e-01,-2.162021e-01,-9.911270e-03,-2.604120e-01
5.006016e+00,-1.347450e+00,1.640458e+00,-4.589076e-01,1.084165e-01,-4.378286e-02,8.932098e-02,-7.663293e-01,8.251476e-02,1.042394e-01,-1.936041e-01
5.385046e+00,-9.741232e-01,1.527753e+00,-3.328659e-01,2.832622e-01,-4.041926e-01,-5.241391e-01,-3.580271e-01,-2.992299e-02,-3.176855e-01,-3.075410e-01
5.087355e+00,-1.359665e+00,1.725036e+00,-2.692774e-01,1.023823e-01,-1.220670e-01,-3.364782e-01,-3.803416e-01,-2.907602e-01,-5.652464e-02,-4.570009e-01
5.029468e+00,-1.727190e+00,1.366786e+00,-5.706423e-02,1.720539e-01,-3.229618e-01,5.227363e-02,-2.942553e-01,4.107468e-02,9.251378e-02,-4.103679e-01
5.449643e+00,-1.230901e+00,1.763445e+00,-1.351196e-01,-2.387645e-01,-3.910747e-01,-7.280587e-02,-5.369481e-01,-2.706994e-01,7.803602e-03,-4.044348e-01
5.040457e+00,-1.109157e+00,1.653232e+00,-3.055576e-01,2.757446e-01,-3.957220e-02,-3.530929e-01,-6.545327e-01,-2.164564e-01,-2.907956e-02,-4.398521e-01
4.930249e+00,-1.415399e+00,1.321722e+00,-4.841260e-01,1.614568e-01,1.719365e-01,-1.798136e-01,-3.145744e-01,1.932985e-01,8.542221e-02,-2.883505e-01
5.463517e+00,-9.918852e-01,1.548461e+00,-2.242897e-01,-1.327204e-01,-2.245100e-01,-2.935002e-01,-4.911449e-01,-1.204260e-01,-1.211668e-01,-3.930912e-01
5.005968e+00,-1.552243e+00,1.836640e+00,8.148038e-02,4.171518e-02,-3.098618e-01,-3.524690e-01,-4.645258e-01,-2.222811e-01,-2.028851e-01,-4.125977e-01
4.639274e+00,-1.630143e+00,1.465297e+00,-3.315311e-01,-7.632022e-02,-5.557469e-02,5.941183e-02,-8.048747e-02,2.006179e-02,-4.363682e-02,-6.893527e-02
5.378621e+00,-1.042114e+00,1.484325e+00,-1.909668e-01,-5.780655e-02,-1.582147e-01,-2.814445e-01,-6.541593e-01,-3.229859e-02,4.511548e-02,-5.782144e-01
5.253250e+00,-8.961360e-01,1.563874e+00,-3.446283e-01,2.847753e-01,-2.163515e-01,-5.139314e-01,-4.759770e-01,-2.408082e-01,-2.567523e-01,-2.433726e-01
4.774536e+00,-1.677982e+00,1.490845e+00,-5.651517e-01,-5.418685e-02,-3.645866e-02,-2.362330e-02,-1.264538e-01,1.146529e-02,2.903401e-01,-8.906796e-02
5.402390e+00,-1.330253e+00,1.554847e+00,-2.704615e-03,6.072374e-03,-3.696065e-01,-1.440625e-01,-5.441502e-01,-5.073124e-02,-1.837210e-01,-4.313137e-01
5.247821e+00,-1.083724e+00,1.778579e+00,-2.341529e-01,3.588253e-03,-4.012620e-01,-5.854276e-02,-7.338868e-01,-2.076745e-01,-2.129912e-01,-3.894002e-01
4.746039e+00,-1.777852e+00,1.186836e+00,-3.911670e-01,-1.964980e-02,-2.970256e-01,-1.106754e-01,-1.102392e-01,2.706337e-01,2.402456e-01,-1.958192e-02
5.307107e+00,-1.132031e+00,1.580437e+00,-6.706757e-02,6.760121e-02,-3.062885e-01,-2.776765e-02,-4.924146e-01,-1.850353e-01,-1.982769e-01,-4.203836e-01
5.395092e+00,-8.872751e-01,1.689074e+00,-3.983848e-01,2.369750e-02,-2.177220e-01,-1.363548e-01,-8.360672e-01,-2.210519e-01,-3.494254e-02,-2.945059e-01
4.880906e+00,-1.724921e+00,1.288953e+00,-5.102265e-01,-4.935518e-02,-3.508360e-01,-7.848642e-02,-3.685861e-01,2.137925e-01,2.265485e-01,-3.741610e-02
4.951615e+00,-1.099675e+00,1.842522e+00,-1.114972e-01,-2.001331e-02,-1.836880e-01,1.687591e-01,-4.316195e-01,-3.567225e-01,-3.428853e-01,-2.706258e-01
5.460286e+00,-1.390006e+00,1.798939e+00,-7.680477e-02,1.130141e-02,-5.070064e-01,-2.162620e-01,-4.782432e-01,-1.380792e-01,-2.991335e-01,-3.088484e-01
4.956302e+00,-1.435550e+00,1.240522e+00,-5.145071e-01,-8.255201e-02,-3.710349e-01,-2.653032e-01,-1.608974e-01,1.410495e-02,-7.548955e-02,2.041111e-02
5.028569e+00,-1.004365e+00,1.737981e+00,-3.604332e-01,3.515398e-01,2.505999e-01,-2.007031e-01,-5.241306e-01,-2.645787e-01,-1.732528e-01,-4.080319e-01
5.342773e+00,-1.056993e+00,1.795631e+00,-2.839354e-01,-4.474955e-02,-2.868958e-01,-1.570658e-01,-6.123116e-01,-1.739559e-01,-8.685470e-02,-4.526723e-01
4.839303e+00,-1.195734e+00,1.510130e+00,-5.809062e-01,-3.775475e-01,-3.428111e-01,7.633939e-02,-3.372454e-01,-3.124300e-01,1.533677e-02,3.040341e-02
4.805268e+00,-1.399002e+00,1.593151e+00,8.959511e-02,2.808559e-01,-2.343172e-01,-6.509015e-02,-2.662249e-01,-2.806704e-01,-1.951102e-01,-3.883600e-01
5.333488e+00,-8.880129e-01,1.638753e+00,-2.261654e-01,1.062655e-01,-4.446201e-01,-2.035657e-01,-3.393714e-01,-1.113179e-01,-4.031072e-01,-5.598199e-01
4.997838e+00,-1.096228e+00,1.330660e+00,-3.976029e-01,-2.131330e-01,-3.792835e-01,-5.610312e-02,-5.537974e-01,-2.489296e-02,-2.237136e-02,-2.248474e-01
4.887677e+00,-1.236347e+00,1.609247e+00,-2.502026e-01,1.263191e-01,-1.013490e-01,1.215215e-01,-4.800685e-01,-2.913964e-01,1.482406e-01,-2.481694e-01
5.138373e+00,-7.643379e-01,1.874456e+00,-2.575380e-01,-3.160223e-01,-2.094112e-01,2.049496e-01,-6.050664e-01,-3.918013e-01,-1.276936e-01,-4.050890e-01
5.160950e+00,-1.309354e+00,1.455245e+00,-2.730224e-01,-5.491686e-02,-4.908907e-01,-7.837842e-02,-5.851542e-01,4.902824e-02,-1.677981e-01,-4.534378e-01
4.934241e+00,-1.400260e+00,1.675461e+00,-3.693350e-01,1.015061e-01,-1.939365e-01,-2.249093e-02,-2.116821e-01,1.225878e-01,-3.019544e-01,-1.507682e-01
5.327680e+00,-1.027016e+00,1.837006e+00,-2.690633e-01,8.576474e-02,-4.112137e-01,-1.755729e-01,-4.051748e-01,1.510614e-02,-5.750657e-01,-2.161168e-01
5.139143e+00,-1.283035e+00,1.572988e+00,-7.192927e-02,-3.698100e-01,-1.268698e-01,-4.678244e-02,-6.777120e-01,-1.422469e-01,-2.554501e-01,-2.869527e-01
4.891657e+00,-1.093303e+00,1.792920e+00,-8.438801e-01,-1.396192e-01,9.928097e-02,2.080332e-01,-4.436019e-01,1.710005e-02,-3.076598e-02,4.035666e-02
5.248551e+00,-1.147280e+00,1.911333e+00,-1.750580e-01,-1.461040e-01,-2.951457e-01,-2.165428e-01,-4.376351e-01,-5.168314e-02,-3.091717e-01,-2.724154e-01
5.205200e+00,-1.097832e+00,1.503768e+00,3.428390e-02,-1.244475e-01,-2.457546e-01,-8.235435e-02,-4.214533e-01,-2.123735e-01,-7.124070e-01,-2.230263e-01
4.822056e+00,-1.433088e+00,1.412870e+00,-3.323664e-01,-1.450154e-01,-2.712603e-01,7.352057e-02,-1.335803e-01,9.871469e-02,-1.728222e-01,-4.142049e-02
5.234351e+00,-9.543511e-01,1.734347e+00,-2.212482e-01,-7.511382e-02,-3.383256e-01,-2.956329e-01,-3.088218e-01,-1.178687e-01,-1.856677e-01,-4.300506e-01
4.968435e+00,-8.599692e-01,2.010908e+00,-3.149089e-01,-2.276717e-01,9.706682e-02,3.115252e-01,-8.241479e-01,-5.769574e-01,-2.067116e-01,-6.505133e-01
4.832711e+00,-1.468483e+00,1.420539e+00,-5.771776e-01,-9.338960e-02,-2.859845e-01,2.271534e-01,-3.672222e-01,6.843282e-02,1.385273e-01,-1.389064e-01
5.042690e+00,-8.379713e-01,1.735611e+00,-2.848108e-01,-1.385300e-01,-3.520077e-01,-8.329356e-02,-4.125947e-01,-1.717744e-01,-1.343924e-01,-4.247257e-01
4.997831e+00,-1.013176e+00,1.846439e+00,-1.494890e-01,1.230075e-01,-2.510515e-01,-2.357658e-01,-2.908797e-01,-2.992419e-01,-6.765303e-01,-5.141438e-01
4.568658e+00,-1.554222e+00,1.334491e+00,-4.664342e-01,-1.555493e-01,-3.258934e-01,1.080204e-01,-2.305119e-01,2.239132e-01,4.196757e-02,-1.732421e-01
5.082112e+00,-8.894266e-01,1.963461e+00,-4.791289e-01,-2.140188e-01,-3.165289e-01,1.469561e-01,-3.906325e-01,-4.423819e-01,-6.576701e-02,-2.765081e-01
5.071767e+00,-1.022827e+00,1.969701e+00,-3.278089e-01,-8.798373e-02,-1.279538e-01,-8.666421e-02,-6.183868e-01,-4.776337e-01,-1.141776e-01,-3.224188e-01
4.722570e+00,-1.268464e+00,1.239866e+00,-6.891323e-01,-9.942691e-02,-1.673997e-01,-3.439483e-02,-2.536871e-01,2.809345e-01,-1.492667e-02,-8.698923e-02
5.229157e+00,-1.094295e+00,1.761809e+00,-2.995292e-01,3.688253e-02,-3.555264e-01,-1.263311e-01,-2.528681e-01,-1.275698e-01,-3.830777e-01,-2.577341e-01
5.278992e+00,-1.289481e+00,1.843014e+00,-1.308767e-01,-2.157303e-02,-4.143792e-01,-1.681907e-01,-5.155162e-01,-1.992552e-01,-3.935304e-01,-2.776515e-01
4.888013e+00,-1.569404e+00,1.619562e+00,-4.360163e-01,-5.308835e-01,-1.845691e-01,1.981914e-01,-3.409262e-01,2.132436e-02,-1.391918e-01,-1.959534e-02
5.179214e+00,-1.190942e+00,1.705843e+00,-1.532446e-01,-2.228161e-02,-1.720963e-01,2.799204e-02,-5.805619e-01,-3.129078e-02,-1.239530e-01,-3.818629e-01
5.469525e+00,-7.380632e-01,1.591385e+00,-3.843700e-01,-1.704282e-01,-1.563527e-02,-1.981810e-01,-8.323526e-01,-9.332963e-02,-1.630395e-01,-2.440216e-01
5.081187e+00,-1.413405e+00,1.342573e+00,-2.625020e-01,-2.991619e-01,-3.913516e-01,5.442640e-02,-3.560288e-01,2.887791e-02,-2.788882e-01,-3.848922e-02
4.977135e+00,-1.391678e+00,1.638318e+00,9.967053e-02,1.160174e-01,-2.622936e-01,9.082286e-02,-4.278659e-01,-1.443777e-02,-2.856537e-01,-3.606509e-01
5.210436e+00,-9.105361e-01,1.777445e+00,-2.661127e-01,-2.883956e-01,-3.248198e-01,-5.121979e-02,-4.250306e-01,-3.292277e-01,-2.876192e-01,-2.771475e-01
5.003129e+00,-1.441166e+00,1.478559e+00,-3.846740e-01,-8.668600e-02,-4.385832e-01,-1.455580e-01,-3.674803e-01,-1.107511e-01,6.319584e-03,-2.499323e-01
4.755323e+00,-1.093315e+00,1.645941e+00,-2.041471e-01,2.643838e-01,1.698848e-01,1.247306e-01,-4.962894e-01,-2.111655e-01,-9.987210e-02,-3.458089e-01
5.353732e+00,-8.627009e-01,1.711790e+00,-5.592867e-01,1.574658e-01,-4.416284e-01,-1.793718e-01,-3.720524e-01,-2.156566e-01,-3.523016e-01,-1.878070e-01
5.006737e+00,-1.301230e+00,1.513212e+00,-4.573945e-01,1.850523e-02,-4.307922e-01,-2.417925e-01,-4.586134e-01,-8.407576e-02,3.257708e-02,-2.888148e-01
4.601440e+00,-1.247786e+00,1.647642e+00,-4.877264e-02,1.572465e-01,-8.315557e-02,3.444843e-01,-2.873134e-01,-1.512879e-01,-2.190880e-01,-4.246877e-01
5.294694e+00,-1.267533e+00,1.696593e+00,-1.696997e-01,1.237723e-02,-4.556123e-01,-1.179631e-01,-4.373982e-01,-1.877820e-01,-1.864755e-01,-3.527338e-01
5.052271e+00,-1.064627e+00,1.470766e+00,-3.992791e-01,-3.418422e-02,-4.058544e-01,-1.995323e-01,-4.526482e-01,-2.595133e-01,-1.447601e-02,-1.850906e-01
4.846150e+00,-1.105899e+00,1.451700e+00,-2.735651e-01,1.256055e-01,-3.971796e-02,1.881366e-01,-4.729350e-01,1.011896e-02,1.042870e-01,-2.543673e-01
5.437523e+00,-9.800889e-01,1.478846e+00,-2.972103e-01,2.137859e-01,-3.175903e-01,-7.763081e-02,-7.162987e-01,3.931705e-03,-1.319833e-01,-3.906465e-01
5.035754e+00,-1.256303e+00,1.724446e+00,-2.584893e-01,-1.923838e-01,-4.769290e-01,8.877021e-02,-5.724589e-01,-3.252427e-01,-2.569538e-01,-6.745145e-02
4.962799e+00,-1.672409e+00,1.522113e+00,-2.463912e-02,-7.080494e-02,-2.544675e-01,-1.774102e-01,-9.063056e-02,8.545641e-02,-2.041321e-02,-1.245784e-01
5.372052e+00,-1.105146e+00,1.635507e+00,-1.954974e-01,7.683286e-02,-2.139171e-01,-7.140238e-02,-6.605193e-01,5.955387e-02,-2.986434e-01,-3.842900e-01
5.384952e+00,-1.061775e+00,1.507224e+00,-5.236050e-01,3.506426e-01,-2.125621e-01,-5.119308e-01,-4.694963e-01,-1.137574e-01,-4.525427e-01,-1.436319e-01
4.854483e+00,-1.358373e+00,1.544466e+00,-5.677878e-01,-7.656148e-02,-6.174654e-02,-1.387472e-01,-5.072589e-01,1.945369e-01,2.547128e-01,1.609369e-03
5.209033e+00,-1.124968e+00,1.728985e+00,-1.637177e-02,-1.456375e-01,-2.665367e-01,9.160345e-02,-5.060256e-01,-1.556137e-01,-3.601081e-01,-2.384306e-01
5.043071e+00,-1.366636e+00,1.598003e+00,-2.343615e-02,1.408691e-01,-2.768070e-01,-2.247318e-01,-6.422903e-01,-2.298225e-01,-2.297705e-01,-4.193721e-01
4.956260e+00,-1.478108e+00,1.352510e+00,-5.389635e-01,2.104627e-02,-3.727475e-01,-2.220928e-01,-2.081103e-01,2.511543e-01,2.319907e-02,-7.229871e-02
5.309502e+00,-1.172660e+00,1.533718e+00,6.136308e-02,1.572601e-02,-2.627856e-01,-1.474467e-01,-5.164253e-01,8.543160e-02,-2.845676e-01,-4.809637e-01
5.081522e+00,-1.071249e+00,1.632081e+00,-1.994141e-01,2.318262e-01,-5.108087e-02,-8.946991e-02,-8.458358e-01,-3.666928e-01,-1.385088e-02,-5.902501e-01
4.697911e+00,-1.417292e+00,1.349796e+00,-5.705427e-01,-3.377492e-01,-2.347768e-01,5.405981e-02,-4.415895e-01,8.125906e-02,3.491091e-01,-2.978248e-02
5.308656e+00,-1.291512e+00,1.596950e+00,-1.159766e-01,1.497725e-01,-1.957725e-01,-2.043559e-01,-6.030245e-01,6.156502e-02,5.771272e-02,-6.563686e-01
5.082304e+00,-1.318219e+00,1.798698e+00,5.360719e-03,9.474278e-02,-1.224862e-01,-2.039186e-01,-4.690125e-01,-3.643178e-01,-3.230833e-01,-5.810013e-01
4.897568e+00,-1.659208e+00,1.234662e+00,-5.219525e-01,5.879595e-02,-5.363611e-01,-3.096139e-01,-8.289312e-02,2.017542e-01,1.832915e-02,-4.811505e-02
5.242245e+00,-1.235268e+00,1.574825e+00,-1.927148e-01,8.359585e-02,7.569293e-03,-3.090954e-01,-4.545650e-01,-1.132172e-01,8.416301e-02,-3.544573e-01
5.157400e+00,-9.446772e-01,1.772213e+00,-3.433062e-01,6.915620e-03,7.116449e-02,-1.754062e-01,-7.232465e-01,-3.467938e-01,-5.811785e-02,-3.801006e-01
4.890826e+00,-1.690093e+00,1.495374e+00,-5.497085e-01,-1.267608e-01,-2.768287e-01,-2.882294e-01,-3.825820e-01,8.394985e-02,2.653485e-01,-1.201027e-01
5.133587e+00,-1.452789e+00,1.699126e+00,-8.842672e-02,3.724507e-02,-1.587931e-01,-1.169224e-01,-2.772112e-01,-1.174497e-01,-2.297478e-01,-1.072686e-01
5.323173e+00,-1.237428e+00,1.581662e+00,-6.640833e-02,1.514547e-01,-2.537115e-01,-4.898718e-01,-4.196693e-01,-3.247053e-02,-3.538086e-01,-4.350695e-01
5.042016e+00,-1.623222e+00,1.607232e+00,-6.724079e-01,1.589872e-01,-3.538799e-01,-2.972684e-01,-5.093296e-01,2.039849e-01,5.921615e-02,-3.076996e-01
4.966279e+00,-1.349559e+00,1.694849e+00,-2.755354e-01,1.420340e-01,-7.968800e-02,1.508247e-01,-5.325563e-01,-7.926217e-02,1.124856e-01,-3.235260e-01
5.429869e+00,-1.137195e+00,1.648212e+00,-1.969855e-01,-1.189816e-01,-1.028894e-01,-1.813494e-01,-8.401487e-01,-2.020071e-01,2.811411e-01,-5.107885e-01
4.922243e+00,-1.367828e+00,1.451059e+00,-2.302360e-01,-1.121970e-01,-3.918078e-01,-5.755347e-02,-4.587871e-01,-1.517574e-01,1.337677e-02,-3.048681e-01
5.017151e+00,-1.446622e+00,1.370665e+00,-1.479885e-01,4.960932e-01,-1.439271e-01,-1.577280e-01,-2.610438e-01,2.097681e-01,-1.703612e-01,-4.565742e-01
5.442235e+00,-1.115997e+00,1.488961e+00,-8.847653e-02,4.751447e-02,-4.536650e-01,-2.709090e-01,-4.621941e-01,-6.796800e-02,-1.356123e-01,-3.999830e-01
5.062768e+00,-1.546011e+00,1.621404e+00,-1.201720e-01,-1.178866e-01,-3.936820e-01,-7.463781e-02,-5.166437e-01,-2.130614e-01,1.735409e-02,-3.033216e-01
4.807987e+00,-1.345167e+00,1.489960e+00,-2.982411e-01,2.256185e-01,2.630972e-01,-3.593553e-02,-5.433937e-01,-3.660311e-02,1.056377e-01,-2.517738e-01
5.424748e+00,-9.998221e-01,1.714700e+00,-4.135948e-01,-1.317901e-01,-1.445802e-01,-2.335591e-01,-5.238150e-01,-1.499611e-01,-7.768345e-02,-3.069619e-01
5.244338e+00,-1.249037e+00,1.341516e+00,-8.605722e-02,1.437990e-01,-3.351581e-01,-5.593452e-01,-3.621475e-01,4.729746e-02,-2.612965e-01,-3.555374e-01
4.924087e+00,-1.732514e+00,1.607986e+00,-1.881350e-01,3.135392e-01,-1.563628e-01,3.120734e-02,-2.884612e-01,-5.441253e-03,-2.302375e-01,-2.508656e-01
5.399875e+00,-1.285190e+00,1.615600e+00,-1.586372e-01,-5.170952e-02,-2.876819e-01,-3.064833e-01,-2.866689e-01,-2.128242e-01,-1.462565e-01,-2.257417e-01
5.253414e+00,-1.232113e+00,1.580486e+00,-1.646595e-01,-3.569336e-02,-2.319087e-01,-2.723344e-01,-8.299676e-01,-6.524652e-03,1.181953e-01,-4.660238e-01
4.888166e+00,-1.195163e+00,1.464341e+00,-4.043598e-01,-2.772555e-02,6.239550e-02,6.017266e-02,-3.620367e-01,-2.058672e-01,4.515325e-02,-3.306617e-02
5.424912e+00,-1.192967e+00,1.499365e+00,-2.632960e-01,2.037351e-01,-3.150319e-01,-2.151408e-01,-4.505147e-01,-1.453681e-01,-2.089214e-02,-3.129935e-01
5.315226e+00,-1.224843e+00,1.496185e+00,-3.374909e-02,1.479218e-01,-5.899515e-01,-2.383048e-01,-4.871119e-01,-1.821814e-01,-2.364268e-01,-3.318885e-01
4.791402e+00,-1.496517e+00,1.368674e+00,-1.847609e-01,-2.512790e-02,-3.162619e-01,-9.244764e-02,-2.648387e-01,5.563086e-02,1.557112e-01,-3.605142e-01
5.168710e+00,-1.158575e+00,1.552541e+00,-2.574966e-01,2.937049e-01,-3.656584e-01,-5.453043e-02,-4.900647e-01,-1.392861e-01,1.502002e-02,-3.990088e-01
5.172231e+00,-1.118120e+00,1.835205e+00,-3.709766e-01,4.510794e-03,-3.083776e-01,-4.130000e-02,-7.139934e-01,-3.849548e-01,-1.100794e-01,-1.440699e-01
4.923724e+00,-1.211942e+00,1.216721e+00,-6.435931e-01,1.696106e-01,-2.287400e-01,-3.442102e-01,-3.140553e-01,1.502287e-01,1.722687e-01,-5.321410e-02
5.017972e+00,-1.083872e+00,1.634638e+00,-2.540094e-01,2.435052e-01,-2.210188e-01,-8.413216e-02,-3.309836e-01,-1.195512e-01,-1.949889e-01,-4.151731e-01
5.066397e+00,-1.188360e+00,1.610949e+00,-9.473689e-02,1.430735e-01,-3.921140e-01,-2.587244e-01,-5.455266e-01,-1.804222e-01,-2.461330e-01,-4.013677e-01
4.882271e+00,-1.711491e+00,1.294966e+00,-2.133923e-01,-3.830514e-01,-2.981124e-01,-1.338303e-01,-4.041165e-01,1.688444e-01,1.767918e-01,-1.081134e-02
4.945145e+00,-1.151496e+00,1.668191e+00,-6.134093e-02,4.939167e-02,-1.100078e-01,9.622576e-02,-3.150854e-01,-2.240765e-01,-2.755587e-01,-2.797756e-01
5.215401e+00,-8.327271e-01,1.540073e+00,-3.488023e-01,1.167637e-01,7.255981e-02,-3.960538e-01,-7.456682e-01,-8.168047e-02,-6.097285e-02,-5.194521e-01
5.103563e+00,-1.438528e+00,1.246428e+00,-4.397453e-01,-4.243478e-01,-2.395410e-01,-1.285423e-01,-4.540630e-01,1.571694e-01,3.597194e-02,-1.894920e-02
4.933270e+00,-1.382927e+00,1.562424e+00,1.650842e-01,4.312705e-03,5.245523e-03,3.460747e-02,-3.646358e-01,-1.048378e-01,-1.218449e-01,-4.137749e-01
5.339736e+00,-1.403011e+00,1.801544e+00,-2.298359e-02,7.065250e-03,-2.704901e-01,-1.452308e-01,-5.228760e-01,-1.125328e-01,-3.343327e-01,-4.413371e-01
5.069062e+00,-1.436156e+00,1.271328e+00,-2.971551e-01,-4.648881e-01,-3.922041e-01,-5.247235e-02,-5.149874e-01,1.593501e-01,-2.946420e-02,-1.197746e-01
5.135281e+00,-1.287010e+00,1.559520e+00,-2.864705e-01,3.499355e-01,1.515491e-01,-1.867483e-01,-3.219866e-01,7.165655e-02,-8.330291e-02,-3.466391e-01
5.022491e+00,-7.858426e-01,1.812220e+00,-4.145261e-01,7.521722e-03,-8.242929e-02,-6.764033e-02,-4.599898e-01,-3.774483e-01,-2.639794e-01,-2.582953e-01
4.878796e+00,-1.382555e+00,1.424527e+00,-4.056416e-01,-2.969837e-01,-3.641497e-01,-1.486909e-01,-5.097263e-01,-2.875472e-02,1.288707e-01,-1.807940e-01
4.882773e+00,-1.500357e+00,1.742444e+00,-1.854742e-01,2.048772e-01,-1.266573e-01,6.803548e-02,-3.508432e-01,7.754957e-02,-1.404580e-01,-2.990339e-01
5.057346e+00,-1.180363e+00,1.978481e+00,-2.946150e-01,4.289989e-02,-3.473002e-01,-8.994791e-02,-3.817102e-01,-1.491933e-01,-3.692492e-01,-3.858466e-01
4.901310e+00,-1.297314e+00,1.434145e+00,-4.264436e-01,-6.039006e-02,-3.498588e-01,-2.683693e-01,-4.444389e-01,-1.508995e-02,-8.302216e-02,-2.476086e-01
5.046411e+00,-1.217350e+00,1.856319e+00,-5.235170e-01,1.175272e-02,-8.078735e-02,2.400967e-01,-4.480350e-01,-1.957997e-01,-4.885690e-02,-2.338449e-01
5.083927e+00,-7.535776e-01,1.767177e+00,-4.846211e-01,4.541310e-02,-1.290689e-01,-2.050346e-01,-6.101761e-01,-9.647030e-02,3.269072e-02,-4.292575e-01
4.985361e+00,-1.364113e+00,1.600398e+00,-3.356163e-01,-5.883285e-02,-3.931226e-01,-4.464105e-03,-5.337729e-01,-1.975496e-01,-4.260255e-02,-4.133492e-01
5.101780e+00,-1.417153e+00,1.495523e+00,-8.045699e-03,-1.944712e-01,-2.481948e-01,1.495920e-01,-2.913733e-01,-1.661032e-01,-1.444984e-01,-2.598419e-01
5.283069e+00,-1.051567e+00,1.672183e+00,-8.234174e-02,-7.294018e-02,-4.728282e-01,-1.453818e-01,-3.694217e-01,-6.266155e-02,-1.140523e-01,-4.360037e-01
5.010218e+00,-9.602228e-01,1.595340e+00,-3.635725e-01,-6.408246e-02,-1.802776e-01,-1.518046e-01,-2.562863e-01,-3.253370e-01,-4.989014e-01,-2.464725e-01
4.977947e+00,-1.162057e+00,1.515630e+00,-5.038205e-01,-1.592281e-01,1.921076e-01,3.413133e-03,-6.595249e-01,3.153335e-03,4.687776e-02,-1.910121e-01
5.247630e+00,-1.060421e+00,1.791745e+00,-1.175237e-01,-3.577825e-01,-2.459983e-01,-1.198228e-01,-3.636330e-01,-8.970228e-02,-2.206450e-01,-1.493477e-01
4.908445e+00,-1.260889e+00,1.857600e+00,-3.573839e-02,-2.922987e-01,-1.249693e-01,-5.071324e-02,-4.165119e-01,-3.028830e-01,-4.888281e-01,-3.022734e-01
4.911690e+00,-1.259981e+00,1.278521e+00,-3.337055e-01,8.499563e-02,-1.560710e-01,-1.982184e-01,-2.738488e-01,2.180769e-01,-4.370240e-01,-1.579388e-01
5.398021e+00,-9.957050e-01,1.790167e+00,-2.981016e-01,-2.476823e-01,-2.740301e-01,-7.331016e-02,-2.688014e-01,-5.306327e-02,-3.784102e-01,-2.712919e-01
4.972964e+00,-9.517652e-01,1.731395e+00,-2.188148e-01,2.043896e-02,-2.849795e-01,-5.347697e-02,-5.577182e-01,-3.059869e-01,-2.990971e-01,-3.380930e-01
4.841511e+00,-1.406034e+00,1.646374e+00,-5.769269e-01,-1.152179e-01,-2.316242e-01,3.007162e-01,-5.260736e-01,-1.081338e-01,-1.329748e-02,-5.018918e-02
5.195230e+00,-8.291648e-01,1.559881e+00,-1.777156e-01,-2.553234e-01,-2.412201e-01,1.361533e-01,-4.200132e-01,-1.111522e-01,-1.816943e-01,-2.783797e-01
5.064498e+00,-1.000275e+00,1.612767e+00,-6.023495e-02,6.038421e-02,-4.832588e-01,-1.092421e-01,-5.102170e-01,-1.948841e-01,-3.351217e-01,-4.592535e-01
4.790336e+00,-1.235424e+00,1.349168e+00,-4.761061e-01,7.743007e-02,-6.751738e-01,1.999593e-01,-8.831221e-02,-5.203712e-02,-3.939036e-01,-3.442006e-02
5.154053e+00,-1.134758e+00,1.615743e+00,-1.098826e-01,-9.628435e-02,-2.764838e-01,1.891196e-01,-3.674644e-01,-1.692412e-01,5.347688e-02,-4.591102e-01
5.060136e+00,-8.522142e-01,1.747748e+00,-3.162602e-01,-1.033300e-01,-1.895244e-01,-1.326326e-01,-5.964846e-01,-3.621702e-01,-9.793128e-02,-3.162462e-01
4.678660e+00,-1.112474e+00,1.592891e+00,-8.575123e-01,-2.540956e-01,-1.537276e-01,1.201472e-01,-4.586875e-01,-1.267274e-01,1.083261e-01,-2.364285e-02
4.977676e+00,-1.179194e+00,1.503087e+00,-3.020308e-02,1.280774e-01,-2.079254e-01,3.064914e-02,-1.002087e-01,1.187977e-03,-2.457606e-01,-3.196432e-01
5.145552e+00,-9.727074e-01,1.727549e+00,-1.650341e-01,-1.210618e-01,-4.278013e-01,-1.588723e-01,-2.414274e-01,-2.814734e-01,-5.290195e-01,-2.106938e-01
4.819368e+00,-1.407532e+00,1.429226e+00,-5.436821e-01,-2.122722e-01,-3.168217e-01,-2.579042e-01,-1.919846e-01,-6.166596e-02,-2.150061e-02,-1.726091e-02
4.757926e+00,-1.297313e+00,1.628727e+00,-6.969771e-02,1.517190e-01,8.927050e-02,2.091024e-01,-2.355678e-01,4.929601e-03,-5.430705e-02,-4.630373e-01
5.239828e+00,-7.331372e-01,1.818872e+00,-3.895981e-01,-4.564367e-01,2.020213e-02,6.497774e-02,-6.364291e-01,-3.444757e-01,-1.963943e-01,-1.211203e-01
4.849166e+00,-1.371649e+00,1.391354e+00,-4.161492e-01,-2.727090e-01,-4.393852e-01,-1.876061e-01,-3.122441e-01,-5.040947e-02,-7.423776e-02,4.651909e-02
4.750084e+00,-1.128693e+00,1.489703e+00,1.381164e-02,3.061253e-01,-2.531405e-02,1.618452e-01,-1.709460e-01,-1.162343e-01,-3.800285e-01,-4.764546e-01
5.373429e+00,-1.027691e+00,1.471969e+00,-8.952427e-03,-1.156950e-01,-3.205591e-01,-2.307591e-02,-6.049075e-01,4.632938e-02,-2.650569e-01,-5.920826e-01
4.995995e+00,-1.454585e+00,1.480535e+00,-2.856736e-01,-3.288230e-01,-5.775448e-01,-6.588166e-02,-4.044636e-01,-9.549964e-02,5.662620e-02,-2.537865e-01
4.832567e+00,-1.220556e+00,1.865993e+00,-2.552901e-01,3.379564e-02,4.537439e-02,3.315100e-01,-5.408055e-01,-2.510656e-01,-2.204655e-01,-1.769556e-01
5.327574e+00,-1.035893e+00,1.579536e+00,-2.506521e-01,4.855208e-02,-1.582485e-01,-1.706869e-02,-7.111959e-01,1.552708e-02,-1.888957e-01,-3.873267e-01
5.162814e+00,-1.042087e+00,1.443116e+00,-6.220143e-01,-8.010622e-02,-3.725907e-01,-3.025305e-01,-3.944549e-01,1.645304e-02,-2.369893e-01,-1.999670e-01
4.770238e+00,-1.412879e+00,1.760235e+00,-1.135304e-01,1.028064e-01,-2.409770e-01,-3.261543e-02,-3.939728e-01,1.274825e-02,-2.241571e-01,-2.975158e-01
5.132437e+00,-1.391313e+00,1.757064e+00,-2.935955e-02,4.391433e-03,-2.823075e-01,-6.137276e-02,-4.179975e-01,-4.466535e-02,-3.335005e-01,-3.245106e-01
5.086323e+00,-1.264707e+00,1.678212e+00,-4.626589e-01,-3.038816e-01,-2.315605e-01,-4.482816e-02,-6.047560e-01,-2.044353e-01,-8.062175e-02,-2.221803e-01
4.883898e+00,-1.080065e+00,1.609751e+00,-3.940802e-01,3.116155e-02,1.029457e-02,-3.793282e-01,-4.003589e-01,3.198610e-04,5.886720e-02,-2.685822e-01
5.218235e+00,-9.446930e-01,1.800563e+00,-4.966966e-01,1.090517e-01,-4.844403e-02,-1.400135e-01,-4.437635e-01,-1.330528e-01,-1.510062e-01,-3.045415e-01
5.127962e+00,-1.281581e+00,1.315605e+00,-5.724547e-02,-5.248193e-02,-3.455315e-01,-1.880392e-01,-4.623075e-01,-2.134006e-01,-1.687665e-01,-3.374660e-01
5.034236e+00,-1.528268e+00,1.573611e+00,-5.397059e-02,-2.096591e-01,-3.311759e-01,-1.861937e-01,-2.671487e-01,-9.737075e-02,6.807867e-02,-2.756235e-01
5.222678e+00,-1.027336e+00,1.669087e+00,-2.160723e-01,1.724356e-02,-1.926147e-01,-1.037300e-01,-3.997999e-01,-7.041390e-02,-1.654273e-03,-4.939345e-01
5.201599e+00,-1.417699e+00,1.510818e+00,-4.290579e-02,-2.635042e-02,-8.663187e-02,-2.185876e-01,-5.821570e-01,-2.563293e-01,-5.599985e-02,-5.570510e-01
4.962538e+00,-9.032322e-01,1.440863e+00,-7.438589e-01,-1.032135e-02,-1.300006e-01,-1.967777e-01,-3.810682e-01,-1.263795e-01,-1.344963e-02,1.613084e-02
5.112051e+00,-1.259940e+00,1.750658e+00,-2.204031e-01,1.005660e-01,-2.666329e-01,-1.312163e-01,-3.843174e-01,-6.606094e-03,5.984824e-02,-4.246623e-01
4.942575e+00,-1.329721e+00,1.642683e+00,-7.642265e-02,2.878156e-01,-1.234825e-01,-2.268210e-01,-5.214857e-01,-2.315883e-01,-3.239372e-01,-6.415445e-01
4.865284e+00,-1.503869e+00,1.508482e+00,-3.558008e-01,-2.759254e-01,-2.357512e-01,-1.510788e-01,-3.558905e-01,-4.019749e-02,8.618862e-02,-2.077979e-01
5.164598e+00,-1.356963e+00,1.601670e+00,-1.054681e-01,2.026285e-01,-3.522711e-01,-1.857549e-01,-1.792020e-01,6.865895e-03,-5.175525e-02,-2.813739e-01
5.064437e+00,-1.060484e+00,1.768060e+00,-3.874671e-01,3.339029e-01,-1.104166e-01,-6.050128e-04,-7.061722e-01,-3.370703e-01,-3.195136e-01,-4.264095e-01
5.107148e+00,-1.424633e+00,1.348296e+00,-6.243249e-01,6.074815e-02,-2.833568e-01,-2.048679e-01,-5.584012e-01,2.503573e-01,5.430477e-02,-1.334396e-01
5.101149e+00,-1.381716e+00,1.660832e+00,-1.704954e-01,1.032413e-01,-1.617209e-01,5.260181e-02,-3.781723e-01,1.460722e-01,1.212187e-02,-2.061531e-01
5.185049e+00,-1.338299e+00,1.601740e+00,1.144972e-01,-1.014638e-02,-2.136199e-01,-1.514122e-01,-5.307937e-01,-3.054515e-01,-2.694152e-01,-2.941888e-01
5.146353e+00,-1.869609e+00,1.313079e+00,-1.383848e-01,-1.401789e-01,-5.284542e-01,-1.386601e-02,-5.501848e-01,2.888664e-01,-7.951548e-03,-2.703295e-01
5.197302e+00,-1.036388e+00,1.422461e+00,-2.674911e-01,1.621553e-01,9.304282e-02,-2.283589e-01,-5.730696e-02,5.435117e-02,-7.507061e-02,-3.116933e-01
5.217185e+00,-1.065016e+00,1.587239e+00,-2.637250e-01,1.384548e-01,-1.443731e-01,-2.249547e-01,-7.325955e-01,-1.770263e-01,-1.858707e-02,-2.463715e-01
4.858061e+00,-1.386122e+00,1.197763e+00,-2.277617e-01,-3.135690e-01,-2.040755e-01,-4.463695e-02,-6.140566e-01,-1.054660e-02,2.121294e-01,-1.376374e-01
5.113156e+00,-1.510152e+00,1.695266e+00,-7.947815e-02,5.645105e-02,-9.159153e-02,-7.873284e-02,-2.447811e-01,-9.709715e-02,1.718540e-02,-3.236323e-01
5.197303e+00,-1.219306e+00,1.599936e+00,-1.777703e-01,2.135638e-01,-3.740791e-01,-4.404500e-01,-3.360834e-01,-9.615373e-02,-1.579027e-01,-3.565038e-01
4.948215e+00,-1.279216e+00,1.305429e+00,-5.433878e-01,5.628533e-02,-3.640726e-01,-2.511969e-01,-3.766921e-01,-3.766137e-02,-7.407540e-03,-2.102343e-01
4.955350e+00,-1.335102e+00,1.500610e+00,-1.036924e-01,3.380904e-01,-1.643023e-01,-8.037549e-02,-3.527394e-01,-1.529201e-01,-2.411342e-02,-3.958035e-01
5.128575e+00,-9.012602e-01,1.752328e+00,-5.170676e-01,-3.155348e-02,-8.665873e-02,-1.915953e-01,-5.279883e-01,-3.839717e-01,2.307366e-01,-2.151217e-01
4.933854e+00,-1.393991e+00,1.432245e+00,-4.341827e-01,9.016380e-03,-4.325342e-01,-2.098059e-01,-5.407624e-01,-3.781215e-02,1.713806e-01,-2.905714e-01
4.905609e+00,-1.454087e+00,1.416866e+00,1.870293e-01,3.091237e-01,-1.283481e-01,-4.669146e-02,-4.070785e-01,-2.068641e-01,-1.117065e-01,-6.190241e-01
5.263794e+00,-1.091957e+00,1.600453e+00,-3.035696e-01,1.116774e-01,-3.766985e-01,-1.926771e-01,-2.347890e-01,-2.576409e-01,-1.105158e-01,-2.999113e-01
5.129939e+00,-1.423556e+00,1.394787e+00,-2.497251e-01,1.051374e-01,-6.509243e-01,-3.022106e-01,-3.967995e-01,-1.957866e-02,3.752933e-02,-3.012572e-01
5.005092e+00,-1.238071e+00,1.543041e+00,-1.155331e-01,1.552097e-01,7.700304e-02,1.411066e-01,-8.226930e-01,-1.114592e-01,-1.577432e-02,-5.470819e-01
5.535776e+00,-1.369395e+00,1.719937e+00,-3.834021e-01,1.008493e-01,-1.298675e-01,-7.042346e-02,-5.857477e-01,-1.280796e-01,1.172319e-01,-3.090021e-01
5.135050e+00,-1.448020e+00,1.575217e+00,-1.684066e-01,-1.514781e-01,-4.094642e-01,-2.982038e-01,-5.385445e-01,-1.099532e-02,-3.582167e-02,-1.600542e-01
5.015766e+00,-1.291470e+00,1.460284e+00,-6.290963e-02,1.063289e-01,-2.117286e-01,-1.828732e-01,-3.990824e-01,7.235027e-02,-4.130551e-01,-2.204313e-01
5.321476e+00,-1.419961e+00,1.492672e+00,-3.777531e-02,1.000714e-01,-4.489291e-02,-3.451029e-01,-3.110035e-01,1.298955e-01,-2.623898e-01,-2.914976e-01
5.104698e+00,-1.169917e+00,1.594596e+00,-3.062280e-01,-1.446896e-01,-2.029660e-01,-3.121554e-01,-5.532542e-01,-1.085519e-01,-1.625919e-01,-1.251304e-01
4.987443e+00,-1.375887e+00,1.655127e+00,-2.540375e-01,-2.282476e-01,-1.262159e-02,-1.655995e-01,-6.772152e-01,-6.664829e-03,1.014732e-01,-7.471570e-02
5.159723e+00,-1.246220e+00,1.555644e+00,-1.872894e-01,1.313968e-01,2.784035e-03,-4.473777e-02,-4.277865e-01,2.386705e-03,-6.359068e-02,-2.820238e-01
5.197039e+00,-1.170888e+00,1.516460e+00,-2.964565e-01,1.105710e-01,-2.384119e-01,-3.735179e-01,-4.616418e-01,-1.629316e-01,-1.445505e-01,-4.116614e-01
4.975021e+00,-1.325737e+00,1.277370e+00,-2.099502e-01,1.409121e-01,-5.043342e-01,-4.468679e-01,-2.221929e-01,7.104388e-02,-3.124432e-02,-3.127828e-01
5.026664e+00,-1.321173e+00,1.657224e+00,-1.035272e-01,2.086555e-02,-6.669253e-02,2.987324e-01,-4.078379e-01,-6.557036e-02,6.765623e-02,-5.165565e-01
5.178638e+00,-1.383220e+00,1.663221e+00,-1.611415e-01,8.937139e-02,-1.781268e-01,-2.141262e-01,-5.494741e-01,-3.250570e-01,1.108126e-02,-4.561498e-01
4.830518e+00,-1.116696e+00,1.481502e+00,-6.332482e-01,-1.944364e-01,-1.592239e-01,-1.650550e-01,-7.232392e-01,-1.396036e-02,4.454464e-01,-2.177149e-01
4.904661e+00,-1.102067e+00,1.308862e+00,-1.375227e-01,3.363755e-01,5.586349e-02,6.131113e-02,-1.171677e-01,1.517233e-01,-5.760230e-02,-5.133071e-01
4.993510e+00,-1.438445e+00,1.702328e+00,-3.139982e-02,2.705883e-01,-2.127131e-01,-3.180442e-01,-3.454281e-01,-2.359023e-01,-2.984577e-01,-5.800227e-01
4.905039e+00,-1.459621e+00,1.625798e+00,-5.626678e-01,-2.727158e-01,-4.322124e-01,-1.704801e-01,-2.909546e-01,-8.587735e-02,1.074685e-02,5.118360e-02
5.046780e+00,-1.491538e+00,1.609186e+00,-9.996451e-02,2.058563e-01,-1.100658e-01,1.054705e-01,-4.000595e-01,1.328394e-01,5.466069e-03,-3.926549e-01
5.116322e+00,-1.161023e+00,1.724017e+00,-2.341991e-01,2.028737e-01,1.009810e-01,-2.429591e-01,-5.054422e-01,-3.095849e-01,-2.204742e-01,-4.304255e-01
4.901750e+00,-1.381762e+00,1.499938e+00,-6.412380e-01,-2.100675e-01,-3.357795e-01,-2.601625e-01,-3.795637e-01,1.117856e-02,6.986365e-02,7.372528e-02
5.171485e+00,-1.347502e+00,1.542400e+00,-9.303737e-02,1.982304e-01,-2.189352e-01,-1.180983e-01,-3.125633e-01,7.333718e-02,-2.159681e-01,-2.341768e-01
5.140475e+00,-1.158887e+00,1.732546e+00,-9.722079e-02,-1.050523e-01,-1.033339e-02,-1.420380e-02,-5.808425e-01,-1.386172e-01,-4.245360e-01,-3.109292e-01
4.815787e+00,-1.508507e+00,1.276083e+00,-2.132028e-01,-3.306670e-01,-2.980843e-01,-3.829011e-01,-3.316557e-01,1.352161e-01,7.663424e-03,-1.729161e-01
5.105047e+00,-1.245839e+00,1.652206e+00,-3.316083e-02,-1.788287e-01,-1.238094e-01,1.203852e-02,-4.536833e-01,-1.745085e-01,-2.730249e-03,-3.439762e-01
5.257650e+00,-9.012863e-01,1.495673e+00,-1.499843e-01,-4.204691e-02,-1.172771e-01,7.419844e-02,-7.875818e-01,-8.733724e-02,-7.161172e-02,-3.397224e-01
5.020916e+00,-1.298523e+00,1.229683e+00,-4.400706e-01,-4.880678e-02,-2.965004e-01,-2.669768e-01,-4.493068e-01,1.424365e-02,9.707723e-02,-2.969858e-01
4.990101e+00,-1.057244e+00,1.742068e+00,-3.066252e-01,-3.682496e-02,-2.299298e-01,9.935167e-02,-4.614484e-01,-1.774367e-01,-3.030034e-01,-1.904511e-01
5.170464e+00,-1.271695e+00,1.579137e+00,1.569801e-01,-1.229189e-01,-4.399042e-01,-1.929319e-02,-4.784484e-01,4.549930e-02,-2.048074e-01,-3.646511e-01
4.874083e+00,-1.363656e+00,1.462740e+00,-3.299386e-01,-1.684736e-01,-3.578946e-01,-5.244876e-02,-3.507451e-01,-2.453069e-01,1.860130e-02,-2.687626e-01
5.100350e+00,-1.196302e+00,1.749545e+00,-5.767977e-01,3.802717e-01,-2.527673e-01,-6.628035e-02,-4.849311e-01,-1.572503e-01,-2.499040e-01,-2.475644e-01
5.144023e+00,-6.932826e-01,1.614293e+00,-5.073447e-01,6.561654e-02,-1.213856e-01,-1.973304e-01,-5.638984e-01,1.018703e-01,4.439321e-03,-3.220810e-01
4.804601e+00,-1.072789e+00,1.524173e+00,-3.130928e-01,-2.572495e-01,-3.202472e-01,4.482003e-02,-3.268239e-01,-3.248909e-01,-2.000978e-01,-1.388004e-01
4.944226e+00,-1.518252e+00,1.609075e+00,-6.083982e-03,4.203205e-02,-2.005138e-01,-8.033756e-02,-3.134686e-01,-3.025113e-01,-3.224236e-01,-1.814323e-01
5.179323e+00,-1.074635e+00,1.752430e+00,-2.342711e-01,-1.528199e-01,-3.224477e-01,4.707483e-02,-3.155778e-01,-1.331967e-02,-1.703867e-01,-2.494131e-01
5.058379e+00,-1.146442e+00,1.441296e+00,-1.283290e-01,-1.679026e-01,-3.052051e-01,-2.000133e-01,-3.725096e-01,-1.346895e-01,-9.722206e-02,-4.459003e-01
5.035020e+00,-1.062025e+00,1.379897e+00,-3.540423e-01,3.156858e-01,-1.942179e-01,-5.202094e-02,-4.173069e-01,-2.419052e-01,-2.942261e-01,-2.637696e-01
5.041835e+00,-8.523181e-01,1.617362e+00,-1.886542e-01,-3.593620e-01,-1.072512e-01,3.031638e-01,-3.165013e-01,-2.644398e-01,6.432904e-03,-1.451324e-01
5.109292e+00,-1.276368e+00,1.616664e+00,-1.051092e-01,-9.046786e-02,-4.747692e-01,-4.960399e-02,-5.473422e-01,-4.702470e-02,-2.009194e-01,-3.392557e-01
4.758904e+00,-1.143229e+00,1.582709e+00,-3.243671e-01,-7.904712e-02,-1.425759e-01,-2.604533e-02,-3.895117e-01,-1.543049e-01,-2.532489e-01,-3.499707e-01
5.059432e+00,-1.252561e+00,1.579728e+00,-1.876536e-01,1.293534e-01,-2.117908e-01,1.032638e-01,6.633712e-02,3.973783e-03,-2.121188e-01,-2.266005e-01
4.982449e+00,-1.035691e+00,1.626464e+00,-1.616441e-01,-7.037154e-02,-4.153942e-01,-1.010072e-01,-5.029731e-01,-1.056686e-01,-2.990159e-01,-2.890559e-01
4.789687e+00,-8.113138e-01,1.578476e+00,-6.503593e-01,-2.676912e-01,-2.365476e-02,-9.771682e-03,-3.723630e-01,-3.254404e-01,-1.835160e-01,-9.389859e-03
4.924731e+00,-1.200575e+00,1.636962e+00,-2.191203e-01,-3.860663e-02,1.338123e-01,1.106649e-01,-1.924749e-01,7.067051e-02,2.460191e-02,-3.833478e-01
5.027402e+00,-1.042197e+00,1.738188e+00,-7.532451e-02,-2.565648e-01,-3.667115e-01,-1.294391e-02,-4.205322e-01,-2.033888e-01,-3.728037e-01,-2.822251e-01
4.945820e+00,-1.478769e+00,1.561462e+00,-3.246536e-01,-2.390997e-01,-4.958645e-01,5.686684e-03,-3.352400e-01,-8.498990e-02,-2.035909e-01,-1.559022e-01
5.168812e+00,-1.090992e+00,1.486836e+00,-2.154860e-01,2.330254e-01,-9.575788e-02,-1.501837e-01,1.266775e-02,2.300509e-02,-2.945778e-01,-4.874350e-01
5.108214e+00,-7.968481e-01,1.877179e+00,-3.802936e-01,-3.039398e-01,-1.604143e-01,1.794099e-01,-6.213601e-01,-2.171305e-01,-2.709377e-01,-4.087325e-01
5.075866e+00,-1.245485e+00,1.413888e+00,-5.195972e-01,-4.233091e-01,-1.859376e-01,-1.039624e-02,-7.322711e-01,-1.259177e-02,2.417717e-01,-1.752112e-01
5.035106e+00,-1.327758e+00,1.794486e+00,-6.662420e-02,-1.811547e-01,3.382229e-02,1.718561e-01,-3.180435e-01,-1.850559e-01,-2.309848e-01,-3.346903e-01
5.022503e+00,-1.081103e+00,1.772048e+00,-1.305124e-01,-6.457973e-02,-2.854933e-01,-1.338081e-01,-1.689610e-01,-1.724920e-01,-5.676964e-01,-2.814141e-01
5.054866e+00,-1.281771e+00,1.264486e+00,-4.692623e-01,-2.182226e-01,-3.779166e-01,-4.173505e-01,-3.133991e-01,1.896415e-01,-7.220983e-02,-2.404578e-01
4.970122e+00,-1.098979e+00,1.818498e+00,-2.462923e-01,-4.968950e-02,-8.850327e-02,1.956249e-01,-2.839959e-01,-3.232286e-01,-4.360563e-01,-2.229589e-01
5.024599e+00,-1.203635e+00,1.903517e+00,-2.562779e-01,-1.047050e-01,4.538908e-02,-7.710252e-02,-3.940252e-01,-3.154353e-01,-1.737070e-01,-2.171512e-01
4.949489e+00,-1.346555e+00,1.635814e+00,-7.025799e-01,-3.065364e-01,-4.857009e-01,2.507689e-02,-5.635981e-01,2.460526e-02,5.023325e-02,-7.373028e-02
4.942252e+00,-1.101897e+00,1.734980e+00,-2.390709e-01,9.341908e-02,-1.590222e-01,-3.049808e-02,-4.464883e-01,-1.341634e-01,-2.959224e-01,-4.059320e-01
5.071506e+00,-1.178446e+00,1.707425e+00,-3.170019e-01,3.451044e-01,-1.216976e-01,-3.518231e-01,-1.462954e-01,-5.936584e-02,-3.443371e-01,-4.867271e-01
4.872783e+00,-1.309313e+00,1.657312e+00,-5.527594e-01,-4.419082e-01,-4.761887e-01,1.459194e-02,-2.065591e-01,-2.755019e-01,-9.516359e-02,-1.958304e-01
5.043849e+00,-1.263023e+00,1.728244e+00,-5.523039e-02,-6.673073e-02,-2.451938e-01,-1.637378e-03,-6.192152e-01,-1.781948e-01,1.240063e-02,-4.936101e-01
5.036214e+00,-9.303195e-01,1.746553e+00,-4.375256e-01,4.853767e-02,7.342507e-02,6.219683e-02,-6.132823e-01,-1.352315e-01,1.435852e-01,-4.612374e-01
4.963402e+00,-1.179075e+00,1.338958e+00,-3.674224e-01,-3.081681e-01,-3.182230e-01,-4.390359e-02,-3.899823e-01,-2.235518e-01,2.280724e-02,-2.441611e-01
5.149886e+00,-1.161121e+00,1.439019e+00,3.061795e-02,6.293258e-02,-4.170956e-01,-1.908092e-01,-4.738379e-01,-1.610818e-02,-2.445622e-01,-4.305468e-01
5.084067e+00,-1.123157e+00,1.735368e+00,-8.800905e-02,-2.178846e-01,-1.524974e-01,9.092308e-02,-1.236277e-01,-1.862500e-01,-2.700311e-01,-2.045679e-01
5.062663e+00,-1.371230e+00,1.378547e+00,-2.989922e-01,-1.050156e-01,-1.756645e-01,-2.316161e-01,-4.467712e-01,5.836170e-03,-1.623251e-01,-2.623987e-01
5.139475e+00,-1.163555e+00,1.643107e+00,-2.001131e-01,-2.734736e-01,-4.106527e-02,-6.493873e-02,-7.735533e-01,-2.882732e-02,-1.665095e-01,-1.692431e-01
5.015614e+00,-1.000682e+00,1.666210e+00,-3.084137e-01,-7.815207e-02,5.871906e-02,-1.789526e-02,-3.361241e-01,3.394783e-02,2.941301e-02,-1.212159e-01
5.077257e+00,-1.376503e+00,1.432693e+00,-2.345242e-01,5.067280e-02,-1.075477e-01,-3.485368e-01,-2.724194e-01,-1.329802e-01,-2.393576e-01,-3.195209e-01
5.221087e+00,-1.208486e+00,1.590802e+00,-2.852693e-01,-1.342829e-01,-2.599016e-01,-8.988039e-02,-4.070924e-01,-1.102845e-01,-4.700505e-01,-1.766610e-01
4.968784e+00,-1.461625e+00,1.618166e+00,-8.975326e-02,1.558170e-01,-1.396095e-01,1.243429e-01,-2.147601e-01,3.203948e-01,9.768705e-02,-2.915700e-01
5.024513e+00,-1.418234e+00,1.612419e+00,-1.143976e-01,3.619058e-02,-2.040325e-01,-2.905851e-02,-3.518532e-01,-4.205673e-01,-1.605574e-01,-2.806014e-01
4.987756e+00,-1.163955e+00,1.492190e+00,-3.667205e-01,-4.460117e-02,-2.728126e-01,5.842582e-02,-6.413526e-01,-2.419171e-01,6.978224e-02,-2.617255e-01
5.245082e+00,-8.858187e-01,1.311176e+00,-3.301928e-01,4.354430e-01,-3.174720e-01,-1.785341e-01,-2.872438e-01,2.271251e-01,7.497018e-02,-4.213639e-01
4.856211e+00,-1.131826e+00,1.568002e+00,-1.446150e-01,1.121478e-01,-2.362756e-01,-1.471624e-02,-3.979838e-01,-4.329813e-01,-2.127215e-01,-3.480475e-01
4.951681e+00,-1.420963e+00,1.352963e+00,-1.744302e-01,6.408050e-02,-4.251466e-01,-1.850958e-01,-3.521921e-01,-1.309317e-01,-3.253339e-02,-3.192324e-01
5.116429e+00,-1.212631e+00,1.601315e+00,1.093801e-02,-1.052211e-01,-3.903729e-01,9.737254e-02,-3.465673e-01,-9.818787e-02,1.383992e-01,-4.247734e-01
5.015163e+00,-1.165951e+00,1.587005e+00,-3.217187e-01,3.670758e-01,-2.160461e-01,-2.879383e-01,-4.603064e-01,-2.595058e-01,-1.133948e-01,-3.117166e-01
4.891688e+00,-1.160310e+00,1.362073e+00,-6.037218e-01,2.781480e-02,2.335859e-03,-4.116507e-01,-4.352474e-01,-1.263616e-01,1.531327e-01,-2.273744e-01
5.193932e+00,-1.011324e+00,1.581052e+00,-1.585281e-01,-5.635991e-02,-2.745354e-01,-3.831962e-02,-2.783065e-01,-1.251563e-01,-1.405969e-01,-2.365895e-01
5.128614e+00,-1.470270e+00,1.675463e+00,-3.048062e-02,6.424435e-02,-1.808130e-01,-3.125029e-01,-4.560964e-01,-1.979790e-01,-3.917580e-02,-2.573702e-01
4.962977e+00,-1.576859e+00,1.417367e+00,-3.939999e-01,-1.226801e-01,-2.964344e-01,-2.551066e-01,-3.166963e-01,-4.030623e-02,-8.525656e-02,-1.360194e-01
5.198474e+00,-1.246973e+00,1.509019e+00,9.398567e-02,-1.403617e-01,-7.144742e-02,-2.198414e-01,-3.805817e-01,-3.169814e-02,-3.640332e-02,-5.042300e-01
5.240737e+00,-1.029550e+00,1.454074e+00,-1.773700e-01,1.229879e-01,-1.372550e-01,-2.782594e-01,-5.564058e-01,5.835842e-03,-1.318668e-01,-2.086823e-01
5.070946e+00,-1.357559e+00,1.338575e+00,-5.627008e-01,-3.143178e-01,-6.790700e-02,-2.268640e-01,-5.302117e-01,-7.287666e-02,1.121779e-01,5.005332e-02
5.243976e+00,-1.307626e+00,1.495939e+00,1.443192e-02,1.111212e-01,-4.097894e-02,-2.101305e-01,-5.372437e-01,-2.597203e-03,-8.464614e-02,-5.813418e-01
5.235949e+00,-1.345511e+00,1.680832e+00,-3.364883e-02,-8.627506e-02,-2.762039e-01,5.006089e-02,-5.426367e-01,1.291928e-02,-1.444638e-01,-3.819775e-01
5.000296e+00,-1.628905e+00,1.322584e+00,-3.307196e-01,-1.108741e-01,-5.387725e-01,-2.440034e-01,-4.172978e-01,7.068456e-02,1.088092e-01,-1.298333e-01
4.924189e+00,-1.256242e+00,1.577979e+00,-2.922986e-02,3.005885e-01,-7.090821e-02,-2.430850e-01,-3.671169e-01,-2.655334e-01,-2.228422e-01,-4.977430e-01
5.107274e+00,-9.622975e-01,1.516187e+00,-3.070302e-01,2.447069e-02,1.083630e-01,-1.206103e-01,-4.759882e-01,-1.078001e-01,7.529456e-02,-4.026750e-01
4.964619e+00,-1.449055e+00,1.449028e+00,-5.206259e-01,-9.739120e-02,-3.528580e-01,-3.631644e-01,-5.134560e-01,3.648787e-02,3.475795e-01,-2.850958e-01
4.979994e+00,-1.547633e+00,2.017760e+00,-1.842777e-01,1.971629e-01,-1.877180e-01,-5.520656e-02,-4.308306e-01,-4.175528e-01,-2.026795e-01,-4.144254e-01
5.008774e+00,-1.475527e+00,1.608513e+00,-9.472075e-02,1.567243e-01,-1.558592e-02,-1.227040e-01,-2.756322e-01,-2.711492e-02,9.156629e-02,-5.956122e-01
5.081867e+00,-1.430809e+00,1.464749e+00,-5.325250e-01,1.066758e-01,-4.872293e-01,-3.998542e-01,-4.075553e-01,1.584814e-01,-1.900580e-02,-2.966832e-01
4.980115e+00,-1.073126e+00,1.613442e+00,-2.559455e-01,2.194029e-01,-1.171272e-01,-4.384506e-01,-4.426421e-01,-1.577949e-01,-1.398653e-01,-4.169928e-01
5.083293e+00,-1.457468e+00,1.617093e+00,-2.284014e-01,1.426742e-01,3.183275e-01,8.786049e-02,-3.459800e-01,-3.589905e-02,3.408868e-01,-4.657075e-01
5.001729e+00,-1.267134e+00,1.382576e+00,-1.608157e-01,-3.777150e-01,-2.780408e-01,-1.420222e-02,-5.273259e-01,-2.131220e-01,7.011936e-02,-1.288176e-01
5.009802e+00,-1.278241e+00,1.504424e+00,-1.275798e-02,2.976284e-02,-2.926089e-01,-4.155735e-01,-4.802682e-01,-1.588460e-01,1.434173e-01,-4.886719e-01
5.096662e+00,-1.319698e+00,1.328439e+00,1.376709e-02,2.625525e-01,-3.565302e-02,-6.180075e-02,3.992141e-03,1.122166e-01,-1.338287e-01,-4.344196e-01
5.184631e+00,-1.444530e+00,1.440541e+00,-1.824499e-01,-3.692860e-02,-3.013636e-01,-1.376603e-01,-5.116312e-01,-4.622073e-03,-1.321086e-01,-3.409840e-01
5.025062e+00,-1.206395e+00,1.596385e+00,-2.842130e-01,-1.347527e-01,-5.386699e-02,-5.355483e-01,-5.173985e-01,-1.685571e-01,1.804386e-01,-2.023590e-01
5.074009e+00,-1.135366e+00,1.748886e+00,-4.064560e-01,-7.241885e-02,1.802552e-01,9.044318e-02,-4.743663e-01,-8.219609e-02,1.116814e-01,-3.255543e-01
5.080298e+00,-1.323287e+00,1.354291e+00,-6.689804e-02,3.774974e-02,-4.665566e-02,-2.513571e-01,-6.081877e-01,1.136911e-01,-1.260375e-01,-5.511417e-01
4.970863e+00,-1.366266e+00,1.595848e+00,-2.430344e-01,-4.690715e-02,-5.123277e-01,-3.063690e-01,-4.098647e-01,1.363541e-02,-1.965655e-01,-1.347003e-01
5.297046e+00,-1.286303e+00,1.520361e+00,-2.479788e-01,3.567546e-01,-4.040734e-01,-1.382119e-01,-2.494582e-01,9.210555e-02,-3.202846e-01,-1.652816e-01
4.985191e+00,-1.356458e+00,1.430441e+00,1.148437e-01,8.370771e-02,1.341127e-02,-8.359635e-02,-6.052165e-01,-1.121020e-01,-1.542346e-01,-5.274865e-01
4.843392e+00,-8.941620e-01,1.456315e+00,-5.360488e-01,-1.804953e-01,-3.191455e-01,-4.453834e-02,-6.969460e-01,-7.379313e-02,5.311581e-02,-2.507771e-02
5.159110e+00,-1.197559e+00,1.556200e+00,-1.795721e-01,1.110148e-01,-3.150132e-01,-3.032541e-02,-5.843520e-01,-4.038635e-02,7.295912e-02,-2.253644e-01
4.996175e+00,-1.242814e+00,1.355630e+00,1.583678e-01,3.342416e-01,-2.308300e-01,1.342066e-02,-3.668476e-01,-2.768084e-01,-4.785883e-01,-3.567566e-01
5.061718e+00,-1.325982e+00,1.273180e+00,-2.622920e-01,-3.654543e-02,-5.383993e-01,-2.152124e-01,-4.898499e-01,1.434499e-01,3.283101e-03,-3.595680e-01
5.206103e+00,-1.126877e+00,1.528613e+00,-1.606422e-01,1.560944e-01,-3.711990e-01,-2.711286e-01,-4.016352e-01,-1.426412e-02,-7.602490e-02,-3.255614e-01
5.014114e+00,-1.304334e+00,1.716628e+00,-1.210104e-01,-2.404740e-02,9.921716e-02,-5.693671e-02,-4.258581e-01,-4.318494e-01,-6.649477e-02,-2.483025e-01
4.847792e+00,-1.250454e+00,1.253803e+00,-3.706799e-01,-2.233037e-01,-2.028933e-01,-1.923966e-01,-5.499909e-01,-4.835934e-02,2.060309e-01,-1.121679e-01
5.135078e+00,-1.015093e+00,1.718738e+00,-2.874809e-01,1.885158e-02,-3.314802e-01,-1.506555e-01,-3.520995e-01,-2.308799e-01,-1.362747e-01,-2.597920e-01
5.013301e+00,-1.041005e+00,1.384090e+00,-1.825697e-01,3.263371e-01,-8.868539e-02,-4.335851e-01,-2.600545e-01,3.725036e-02,-2.653115e-01,-2.939756e-01
4.748418e+00,-1.528293e+00,1.219165e+00,-1.270397e-01,-2.484181e-01,-3.938882e-01,-1.756861e-01,-2.871997e-01,-1.002684e-02,-8.259368e-05,-2.156074e-01
5.097798e+00,-1.158287e+00,1.732035e+00,-1.227064e-01,-9.496405e-02,-3.205039e-01,-4.608582e-02,-3.400487e-01,-4.052900e-01,-1.315932e-01,-2.671679e-01
4.918648e+00,-1.014385e+00,1.626110e+00,-3.538742e-01,1.164124e-01,-4.496954e-02,-6.683490e-02,-5.726524e-01,-5.555178e-02,2.359480e-01,-3.065071e-01
4.964678e+00,-1.157487e+00,1.332792e+00,-6.437032e-01,-1.756345e-01,-1.655363e-01,-1.336473e-01,-3.786430e-01,-1.042449e-01,9.240229e-02,-1.908901e-01
5.146543e+00,-1.032569e+00,1.408197e+00,-1.060696e-01,2.638530e-01,-3.424129e-01,-7.403844e-02,-5.993547e-01,-9.861355e-02,-2.754220e-01,-4.850463e-01
4.966280e+00,-1.292081e+00,1.546972e+00,5.222322e-02,1.233593e-02,-3.674351e-01,1.322180e-01,-2.510989e-01,7.845235e-02,-9.352919e-02,-2.752089e-01
4.860789e+00,-1.385019e+00,1.362611e+00,-2.183457e-01,-3.599457e-01,-3.884822e-01,-1.765962e-02,-3.669702e-01,-6.029879e-02,3.996078e-02,-2.079014e-01
5.029094e+00,-1.169156e+00,1.558528e+00,-8.891591e-02,1.793456e-01,-3.556357e-02,-8.531518e-02,-7.434111e-01,-1.596911e-01,-2.059960e-01,-6.435788e-01
4.867570e+00,-9.096300e-01,1.671049e+00,-3.815884e-01,-1.698993e-01,1.873086e-01,3.003199e-01,-2.750157e-01,-5.728403e-02,-1.471872e-02,-5.606430e-02
4.909365e+00,-1.212631e+00,1.385487e+00,-3.189595e-01,-1.995278e-01,-3.066661e-01,-2.472062e-01,-3.936811e-01,6.948624e-02,-4.665568e-02,-1.090552e-01
4.971561e+00,-1.322990e+00,1.608337e+00,1.275139e-01,1.755440e-02,-3.359451e-02,-1.390204e-01,-5.152235e-01,-1.385689e-01,-6.637314e-01,-3.381371e-01
5.041672e+00,-1.226843e+00,1.761913e+00,-2.634446e-01,-1.202218e-01,3.764151e-02,-4.177661e-02,-1.941681e-01,6.533047e-04,-1.097565e-01,-3.912691e-01
5.044494e+00,-1.522197e+00,1.692501e+00,-2.898384e-01,-2.052591e-01,-3.193742e-01,-3.179447e-01,-2.756754e-01,-9.101495e-02,6.671869e-02,-2.272296e-01
4.840791e+00,-9.574543e-01,1.693351e+00,-1.947321e-01,-2.987720e-01,-1.230996e-02,1.222837e-02,-4.755132e-01,-3.994948e-01,-3.791287e-01,-2.540594e-01
5.143286e+00,-8.132936e-01,1.502773e+00,-4.493117e-01,1.293080e-01,3.137473e-02,-1.542696e-01,-3.028129e-01,2.449320e-03,-1.850390e-01,-2.624124e-01
4.812467e+00,-1.045875e+00,1.534595e+00,-2.590534e-01,-1.644325e-01,-3.305957e-01,-1.580756e-01,-3.917252e-01,-8.958911e-02,-3.776342e-03,-2.630102e-01
5.109352e+00,-1.243817e+00,1.610611e+00,-2.391889e-01,-1.374388e-01,-3.674921e-01,-3.269728e-03,-4.920549e-01,-2.793834e-01,-1.138411e-01,-3.915401e-01
5.209737e+00,-1.393640e+00,1.697359e+00,2.471801e-02,-1.241901e-01,-3.282787e-01,2.075445e-01,-3.085341e-01,-1.803511e-01,-3.284510e-02,-6.243424e-01
4.766760e+00,-9.793223e-01,1.812466e+00,-4.189979e-01,-1.131237e-01,-4.196850e-01,9.369722e-02,-2.680413e-01,-2.421161e-01,-2.918302e-01,-2.001247e-01
5.044643e+00,-8.663021e-01,1.481733e+00,-6.904964e-01,-1.077122e-01,6.173394e-02,-4.739801e-01,-5.438529e-01,-1.300346e-01,1.159619e-01,-3.701402e-01
5.128913e+00,-9.283761e-01,1.604561e+00,-2.796572e-01,-3.834418e-02,-1.189027e-01,9.661551e-02,-4.108094e-01,-1.162229e-01,-2.605743e-01,-4.166361e-01
4.761935e+00,-1.219444e+00,2.041761e+00,-3.767408e-01,-1.271334e-01,-2.387353e-01,1.302104e-01,-3.613983e-01,-2.252142e-01,-2.177339e-01,-3.135940e-01
4.867779e+00,-1.327208e+00,1.522378e+00,-2.855818e-01,-2.684807e-01,-4.205339e-01,-3.419276e-01,-2.390223e-01,-1.410529e-01,-1.247252e-01,-1.494939e-01
5.218655e+00,-9.793554e-01,1.659195e+00,-1.812122e-01,-2.114603e-01,-1.531619e-01,1.826354e-01,-4.381321e-01,-1.215047e-01,-4.054248e-01,-4.721314e-01
4.893673e+00,-8.335756e-01,1.497250e+00,-2.445444e-01,3.026150e-01,-1.351901e-01,-1.662604e-01,-2.303919e-01,5.213108e-02,-6.757585e-01,-1.874607e-01
4.976642e+00,-1.164723e+00,1.586483e+00,-5.639350e-01,-4.331688e-01,-2.514873e-01,-1.496550e-01,-5.096063e-01,-1.171206e-01,4.682277e-03,1.079263e-01
5.228964e+00,-8.828773e-01,1.556634e+00,-2.941589e-02,-4.560178e-01,2.111101e-03,8.361359e-02,-5.077884e-01,-2.669373e-01,-3.077375e-01,-2.241655e-01
4.832031e+00,-1.292635e+00,1.634523e+00,1.712191e-01,2.498448e-02,-1.623840e-03,1.042385e-01,-3.877943e-01,-4.985338e-02,-3.622084e-01,-5.449866e-01
4.889213e+00,-1.156041e+00,1.357086e+00,-3.275089e-01,-4.968886e-01,-4.285470e-01,-1.543177e-01,-2.055058e-01,-6.568478e-02,-2.140854e-01,-3.297837e-02
5.276944e+00,-1.053721e+00,1.546274e+00,-1.639257e-02,-1.155804e-01,-3.148036e-01,-9.910255e-02,-4.822321e-01,-8.600305e-02,-3.819502e-01,-2.884898e-01
3.890718e+00,-2.058598e-01,1.048622e+00,4.454378e-01,-1.391077e-01,7.349976e-02,3.795157e-02,-2.806505e-01,-4.040170e-02,-3.690206e-02,-3.039885e-01
