2.336886e+00,-2.563722e-01,-8.036266e-01,-5.542738e-01,3.623333e-01,-6.511965e-02,1.638310e-01,2.309483e-02,-9.815084e-02,-4.382785e-01,1.976783e-01
2.187234e+00,-1.613578e+00,-1.415024e+00,-8.678940e-01,3.981657e-01,3.585884e-01,2.595911e-01,5.215643e-02,-1.726817e-01,-2.104141e-01,-1.775074e-01
2.065654e+00,-2.228731e+00,-1.800897e+00,-9.860488e-01,3.593973e-01,2.766438e-01,2.958327e-01,7.528133e-01,5.812163e-01,-8.346275e-02,-3.163305e-01
2.517199e+00,-1.928201e+00,-1.626387e+00,-8.854672e-01,6.101226e-01,9.328163e-02,2.087033e-01,3.020255e-01,4.151519e-01,-4.837213e-02,-4.717857e-01
2.975057e+00,-1.785145e+00,-1.559393e+00,-7.390050e-01,8.440581e-01,4.001297e-01,6.587407e-01,6.124098e-01,4.976965e-01,1.949950e-01,-4.635785e-01
3.330938e+00,-1.878209e+00,-1.480003e+00,-8.077596e-01,7.757630e-01,2.758539e-01,6.931161e-01,7.661649e-01,6.290242e-01,3.752727e-01,-5.356580e-01
2.720716e+00,-2.209625e+00,-1.835597e+00,-5.940010e-01,7.785244e-01,4.847010e-01,1.086946e+00,7.908846e-01,1.042717e+00,3.834146e-01,-3.722847e-01
2.155930e+00,-2.631693e+00,-2.493430e+00,-1.196099e+00,2.656706e-01,-1.601075e-01,3.113814e-01,2.196855e-01,7.276778e-01,-8.856818e-02,-2.686045e-01
2.598983e+00,-2.529932e+00,-1.885070e+00,-1.119262e+00,6.966292e-01,1.429113e-01,8.773607e-01,5.687712e-01,1.157290e+00,5.256002e-02,2.123993e-02
2.780037e+00,-2.482140e+00,-1.930258e+00,-1.209178e+00,3.413307e-01,-1.465209e-02,4.331435e-01,3.367378e-01,8.804313e-01,-2.289715e-01,-2.139755e-01
2.894885e+00,-2.559016e+00,-1.823578e+00,-1.030667e+00,5.913761e-01,4.814654e-01,7.122982e-01,7.435115e-01,1.121360e+00,-5.784819e-02,-2.497669e-01
3.017447e+00,-2.657080e+00,-1.808450e+00,-9.990260e-01,2.437463e-01,2.847035e-01,4.924190e-01,4.272127e-01,8.485457e-01,-2.167993e-01,-4.096033e-01
2.450419e+00,-2.883205e+00,-2.278182e+00,-1.073080e+00,1.340234e-01,1.849317e-01,4.477408e-01,6.713424e-01,9.494469e-01,3.150330e-02,-1.139241e-01
2.938590e+00,-2.493635e+00,-1.901549e+00,-8.818864e-01,4.892577e-01,1.995617e-01,6.154019e-01,7.227888e-01,1.031416e+00,-1.005757e-01,-8.246881e-02
2.753209e+00,-2.837942e+00,-2.069744e+00,-1.109672e+00,4.115280e-01,2.089337e-01,7.949604e-01,9.459167e-01,1.332918e+00,1.116805e-01,2.018186e-01
2.847188e+00,-2.945371e+00,-1.907922e+00,-1.114534e+00,4.714503e-01,1.986576e-01,8.937373e-01,9.346660e-01,1.224152e+00,1.037375e-01,-7.691210e-02
2.988035e+00,-2.941589e+00,-1.907065e+00,-1.167066e+00,4.077069e-01,9.258090e-03,6.772962e-01,7.820880e-01,1.089200e+00,1.916410e-02,-3.893279e-01
2.762473e+00,-3.262529e+00,-2.137624e+00,-1.186544e+00,3.965669e-01,9.657150e-02,6.627754e-01,9.587452e-01,1.260270e+00,2.780467e-01,-2.506800e-01
2.748705e+00,-3.399005e+00,-2.212775e+00,-1.053606e+00,1.730466e-01,5.194241e-02,6.588224e-01,8.579728e-01,1.108838e+00,1.908108e-01,-2.958719e-01
2.979711e+00,-3.204475e+00,-2.273646e+00,-1.027982e+00,9.111984e-02,-8.545083e-02,7.276791e-01,7.165941e-01,1.126191e+00,1.557943e-01,-2.763435e-01
3.232043e+00,-2.978565e+00,-2.281687e+00,-1.033385e+00,2.721302e-01,-8.690319e-02,6.229864e-01,7.445178e-01,1.046958e+00,-1.563283e-01,-3.232158e-01
3.182687e+00,-3.082529e+00,-2.201253e+00,-1.049703e+00,2.075854e-01,-2.819325e-02,6.935755e-01,7.786329e-01,1.227364e+00,-4.853968e-02,-1.049037e-01
3.027949e+00,-3.220147e+00,-2.107513e+00,-9.337152e-01,1.178128e-01,1.434833e-01,7.796448e-01,8.714645e-01,1.309264e+00,2.264645e-01,-8.743248e-02
2.980171e+00,-3.392901e+00,-2.185592e+00,-1.078238e+00,2.579770e-02,-1.225345e-01,5.799532e-01,5.803217e-01,1.170530e+00,1.044904e-01,-3.775295e-01
3.487257e+00,-3.279940e+00,-1.890233e+00,-1.001026e+00,1.382620e-01,5.301702e-02,6.447591e-01,7.290523e-01,1.203389e+00,4.063356e-02,-2.412503e-01
3.637765e+00,-3.210361e+00,-1.878700e+00,-8.456611e-01,9.568974e-02,1.192448e-01,8.569217e-01,8.533394e-01,1.043234e+00,2.718097e-01,-4.389715e-01
3.485174e+00,-3.465638e+00,-2.207837e+00,-9.507929e-01,9.133891e-02,-3.939616e-02,9.924791e-01,8.895254e-01,1.133037e+00,3.500728e-01,-5.144034e-01
3.601345e+00,-3.501526e+00,-2.355624e+00,-9.974018e-01,5.546517e-02,-3.225389e-01,9.420218e-01,7.591677e-01,9.498705e-01,4.175682e-01,-5.256958e-01
3.554989e+00,-3.649578e+00,-2.164479e+00,-9.271988e-01,1.151853e-01,-1.662848e-01,1.039013e+00,6.628251e-01,1.183031e+00,5.340904e-01,-4.145677e-01
3.588543e+00,-3.606328e+00,-1.878126e+00,-1.108935e+00,1.569866e-01,-1.024096e-01,7.651686e-01,7.302221e-01,1.091004e+00,2.260950e-01,-3.279481e-01
3.487723e+00,-3.604984e+00,-1.886952e+00,-1.472531e+00,2.891338e-01,-1.996417e-01,7.472202e-01,7.703403e-01,1.243462e+00,-4.095711e-02,-2.346044e-01
3.731497e+00,-3.317037e+00,-1.859284e+00,-1.277880e+00,2.266554e-01,-3.234062e-03,6.459292e-01,8.506733e-01,1.087496e+00,3.390877e-03,-2.952860e-01
3.688429e+00,-3.295806e+00,-1.939884e+00,-1.200155e+00,1.964496e-01,-6.213510e-02,6.788972e-01,8.960399e-01,9.307078e-01,2.089625e-01,-3.672095e-01
3.570183e+00,-3.546424e+00,-2.075058e+00,-1.220305e+00,8.267426e-02,-8.643479e-02,4.178300e-01,8.527464e-01,7.833846e-01,1.745255e-01,-3.868551e-01
3.384898e+00,-3.864190e+00,-2.160169e+00,-1.397271e+00,1.587722e-01,1.700147e-01,4.483300e-01,1.079902e+00,1.142759e+00,2.577490e-01,-1.845246e-01
3.667981e+00,-3.780311e+00,-2.093498e+00,-1.312814e+00,-7.269898e-02,2.251529e-01,5.463921e-01,9.694946e-01,1.189214e+00,2.195889e-01,-8.682552e-02
4.058236e+00,-3.571374e+00,-2.002771e+00,-1.087789e+00,-1.511060e-01,2.043400e-01,6.516648e-01,7.650646e-01,1.139738e+00,6.215052e-02,-3.226126e-01
3.839081e+00,-3.504339e+00,-2.332730e+00,-9.744055e-01,-2.683724e-01,2.360537e-01,6.676957e-01,8.506828e-01,1.321955e+00,1.151471e-01,-7.128051e-02
3.852867e+00,-3.429293e+00,-2.444052e+00,-8.566634e-01,-1.509363e-01,2.833247e-01,5.989033e-01,9.029871e-01,1.176306e+00,1.314509e-01,3.101893e-02
3.475049e+00,-3.920773e+00,-2.775830e+00,-1.022079e+00,-5.601434e-01,4.733676e-03,3.668425e-01,6.459176e-01,9.768929e-01,2.347947e-02,1.444604e-01
3.643376e+00,-3.774878e+00,-2.664346e+00,-9.886139e-01,-3.464281e-01,7.415393e-02,6.776881e-01,8.725859e-01,1.243232e+00,2.292493e-01,2.161012e-01
3.968332e+00,-3.800867e+00,-2.685438e+00,-1.066264e+00,-5.654385e-01,9.984445e-02,3.266497e-01,6.864356e-01,1.051419e+00,-3.439892e-01,5.315535e-02
3.962954e+00,-3.996828e+00,-2.857000e+00,-1.208321e+00,-5.294567e-01,-1.155110e-01,3.720146e-01,7.122263e-01,9.622298e-01,-1.665554e-01,-1.217124e-02
4.205550e+00,-3.860495e+00,-2.822202e+00,-8.104514e-01,-4.626241e-01,1.332683e-01,6.165269e-01,7.851877e-01,1.164119e+00,1.337053e-01,9.514053e-02
4.103242e+00,-3.905765e+00,-3.019352e+00,-6.735767e-01,-5.111586e-01,1.218135e-02,6.129431e-01,6.125991e-01,1.088865e+00,1.023630e-01,5.652490e-02
4.094976e+00,-3.921030e+00,-3.366234e+00,-7.792028e-01,-6.331172e-01,-3.082788e-01,5.735986e-01,4.327206e-01,8.582007e-01,1.224798e-01,-1.743773e-01
4.248941e+00,-3.850957e+00,-3.545406e+00,-7.772933e-01,-6.964728e-01,-3.276022e-01,5.964707e-01,4.494065e-01,8.965983e-01,-1.536294e-02,-2.503845e-01
4.200810e+00,-3.978251e+00,-3.497750e+00,-9.499914e-01,-7.923857e-01,-4.512147e-01,3.986442e-01,3.882822e-01,7.345437e-01,-9.305795e-02,-4.196625e-01
4.122123e+00,-4.115136e+00,-3.167892e+00,-1.081448e+00,-5.918684e-01,-1.778106e-01,4.063428e-01,5.911751e-01,9.178710e-01,2.229858e-02,-1.395064e-01
3.893070e+00,-4.372491e+00,-3.188317e+00,-1.203075e+00,-6.599106e-01,-1.303071e-01,1.604449e-01,5.700196e-01,9.021024e-01,-5.263987e-02,-1.359495e-01
3.878203e+00,-4.475591e+00,-3.079624e+00,-1.367492e+00,-5.198516e-01,-1.415624e-01,8.050917e-02,6.579636e-01,9.271599e-01,-2.097357e-02,-2.650187e-01
4.096977e+00,-4.284297e+00,-3.067234e+00,-1.339915e+00,-5.640173e-01,-2.430253e-01,2.251143e-01,5.770317e-01,8.419168e-01,-1.611065e-01,-1.690235e-01
4.304454e+00,-4.273293e+00,-3.008280e+00,-1.290728e+00,-5.456855e-01,-2.030807e-01,3.340379e-01,5.932560e-01,8.293063e-01,-8.779952e-02,-2.205338e-01
4.327931e+00,-4.322382e+00,-3.023955e+00,-1.296746e+00,-5.485993e-01,-2.478947e-01,3.284617e-01,5.405337e-01,8.528126e-01,-1.078750e-01,-2.347574e-01
4.109003e+00,-4.329440e+00,-3.175727e+00,-1.250346e+00,-5.856020e-01,-2.367656e-01,2.458542e-01,5.294644e-01,9.566749e-01,-1.265697e-01,-1.831098e-01
3.993739e+00,-4.383412e+00,-3.236135e+00,-1.172271e+00,-5.990938e-01,-2.514279e-01,3.201679e-01,4.447911e-01,9.341726e-01,-3.776210e-02,-1.639090e-01
4.008368e+00,-4.369678e+00,-3.373162e+00,-1.115621e+00,-7.762598e-01,-2.758859e-01,4.139109e-01,3.406465e-01,9.285771e-01,-8.209123e-02,-2.471889e-01
4.361166e+00,-4.163481e+00,-3.268221e+00,-9.653976e-01,-7.639839e-01,-1.814596e-01,4.333362e-01,3.880939e-01,1.008856e+00,-1.333137e-01,-2.520061e-01
4.284191e+00,-4.118642e+00,-3.266363e+00,-1.132407e+00,-6.310856e-01,-2.332672e-01,3.771307e-01,4.213458e-01,1.025148e+00,-1.995856e-01,-2.765583e-01
4.088042e+00,-4.259301e+00,-3.244647e+00,-1.205180e+00,-6.553868e-01,-1.848066e-01,2.949847e-01,5.056843e-01,9.338972e-01,-1.727640e-01,-1.444937e-01
3.847822e+00,-4.406077e+00,-3.216517e+00,-1.238469e+00,-6.249795e-01,-2.742454e-01,3.020205e-01,4.485375e-01,9.028498e-01,-9.019402e-02,-9.190388e-02
3.868671e+00,-4.458205e+00,-3.165221e+00,-1.329878e+00,-6.012882e-01,-2.869374e-01,2.487883e-01,5.295029e-01,8.908748e-01,-7.394215e-02,-8.906069e-02
4.265502e+00,-4.203607e+00,-3.053331e+00,-1.270768e+00,-4.971865e-01,-1.694048e-01,2.533734e-01,6.081480e-01,9.190349e-01,-1.557159e-01,-1.506924e-01
4.290260e+00,-4.278129e+00,-3.059516e+00,-1.353094e+00,-5.391021e-01,-2.211566e-01,2.664907e-01,6.045724e-01,8.334838e-01,-1.099788e-01,-2.784770e-01
4.193534e+00,-4.192666e+00,-2.960993e+00,-1.261347e+00,-5.201978e-01,-2.301713e-01,3.401700e-01,6.207468e-01,8.223357e-01,-1.169018e-02,-2.704627e-01
3.902304e+00,-4.464671e+00,-3.212789e+00,-1.312736e+00,-6.196920e-01,-2.774505e-01,2.587129e-01,4.912839e-01,8.283776e-01,-4.817619e-02,-2.213984e-01
3.886294e+00,-4.395217e+00,-3.337172e+00,-1.246722e+00,-5.990942e-01,-3.119772e-01,2.469215e-01,4.111018e-01,8.852102e-01,-1.049906e-01,-2.279938e-01
4.207868e+00,-4.260021e+00,-3.294997e+00,-1.082931e+00,-6.861292e-01,-2.124372e-01,4.083394e-01,3.920121e-01,1.034397e+00,-1.528665e-01,-1.981239e-01
4.289433e+00,-4.131634e+00,-3.245035e+00,-1.055830e+00,-7.130993e-01,-3.043646e-01,4.937049e-01,3.613127e-01,9.594781e-01,-1.026285e-01,-3.347656e-01
4.187662e+00,-4.160733e+00,-3.230359e+00,-1.146845e+00,-6.115730e-01,-2.933027e-01,5.177912e-01,4.053892e-01,9.590754e-01,-8.350940e-02,-2.837446e-01
4.089368e+00,-4.278406e+00,-3.289764e+00,-1.166009e+00,-6.449819e-01,-2.048532e-01,2.626309e-01,4.645150e-01,9.639663e-01,-1.972380e-01,-1.307272e-01
3.719996e+00,-4.486265e+00,-3.363611e+00,-1.298338e+00,-6.801240e-01,-3.267374e-01,1.870597e-01,4.237281e-01,9.241484e-01,-1.401339e-01,-1.118946e-01
4.141492e+00,-4.348078e+00,-3.088536e+00,-1.193005e+00,-6.420923e-01,-1.496352e-01,2.583484e-01,5.432289e-01,8.834094e-01,-1.498957e-01,-7.913030e-02
4.119421e+00,-4.268021e+00,-3.094271e+00,-1.356286e+00,-5.594499e-01,-2.474440e-01,3.072728e-01,5.800852e-01,8.079080e-01,-9.502354e-02,-2.580909e-01
4.394691e+00,-4.175584e+00,-2.992637e+00,-1.267871e+00,-4.986391e-01,-1.582335e-01,2.406894e-01,6.563743e-01,8.818786e-01,-1.425484e-01,-2.160318e-01
4.100106e+00,-4.370763e+00,-3.123480e+00,-1.369172e+00,-5.625319e-01,-2.667895e-01,2.304263e-01,5.508352e-01,8.681742e-01,-1.009795e-01,-2.310174e-01
3.931544e+00,-4.468924e+00,-3.214154e+00,-1.243776e+00,-6.448532e-01,-2.463064e-01,2.597043e-01,4.574792e-01,8.764211e-01,-7.132719e-02,-9.331315e-02
4.047136e+00,-4.447940e+00,-3.213705e+00,-1.216442e+00,-6.789425e-01,-2.299463e-01,3.078889e-01,4.125837e-01,9.589050e-01,-1.510170e-01,-1.180008e-01
4.247725e+00,-4.193578e+00,-3.255987e+00,-1.127744e+00,-6.849200e-01,-2.359136e-01,3.326304e-01,4.380104e-01,1.021823e+00,-1.885520e-01,-2.367291e-01
4.414424e+00,-4.108756e+00,-3.243418e+00,-1.025429e+00,-6.529508e-01,-2.242015e-01,4.803703e-01,3.738875e-01,1.037749e+00,-1.428855e-01,-3.093823e-01
4.210620e+00,-4.220109e+00,-3.343437e+00,-1.026805e+00,-7.897403e-01,-2.081105e-01,4.325061e-01,3.452209e-01,1.000134e+00,-1.478253e-01,-2.120126e-01
3.992804e+00,-4.268757e+00,-3.269800e+00,-1.089222e+00,-6.776040e-01,-2.503711e-01,3.756150e-01,3.939484e-01,9.773902e-01,-9.869376e-02,-1.610341e-01
3.890981e+00,-4.316351e+00,-3.283808e+00,-1.204551e+00,-6.133928e-01,-2.303063e-01,2.371706e-01,4.562990e-01,1.006816e+00,-1.593021e-01,-9.784278e-02
4.083652e+00,-4.336661e+00,-3.277658e+00,-1.231529e+00,-7.273687e-01,-1.611796e-01,1.895719e-01,4.879545e-01,9.408520e-01,-2.746885e-01,-7.822836e-02
4.337854e+00,-4.219842e+00,-3.022072e+00,-1.219875e+00,-5.754853e-01,-1.645553e-01,3.362887e-01,5.449275e-01,9.192635e-01,-1.608379e-01,-1.686126e-01
4.262903e+00,-4.323895e+00,-3.031204e+00,-1.313951e+00,-6.414366e-01,-1.997738e-01,2.031379e-01,6.087116e-01,8.479861e-01,-1.353607e-01,-2.124494e-01
4.095673e+00,-4.383404e+00,-3.115050e+00,-1.364329e+00,-5.317415e-01,-2.130326e-01,2.259827e-01,5.738811e-01,9.148137e-01,-1.387692e-01,-1.554483e-01
3.940184e+00,-4.441573e+00,-3.232680e+00,-1.250269e+00,-6.215785e-01,-2.189913e-01,1.863181e-01,5.065702e-01,8.861797e-01,-8.930126e-02,-8.407722e-02
4.023216e+00,-4.482381e+00,-3.239734e+00,-1.265306e+00,-7.312345e-01,-2.687259e-01,2.694331e-01,4.054033e-01,9.302066e-01,-1.644059e-01,-1.535460e-01
4.380421e+00,-4.087106e+00,-3.164895e+00,-9.671474e-01,-7.065953e-01,-1.171918e-01,4.053758e-01,4.659341e-01,1.008619e+00,-1.618008e-01,-1.755281e-01
4.248604e+00,-4.192304e+00,-3.390567e+00,-1.152120e+00,-7.251604e-01,-2.814998e-01,3.968162e-01,3.394024e-01,1.002235e+00,-2.226961e-01,-3.630516e-01
4.330570e+00,-4.128665e+00,-3.258581e+00,-9.377129e-01,-7.303262e-01,-1.392822e-01,4.040810e-01,3.788331e-01,1.051852e+00,-2.149916e-01,-1.743879e-01
3.828154e+00,-4.481644e+00,-3.394612e+00,-1.153333e+00,-7.551681e-01,-3.342313e-01,3.568239e-01,3.201191e-01,9.744027e-01,-6.929069e-02,-1.605653e-01
3.907084e+00,-4.424924e+00,-3.259950e+00,-1.263005e+00,-6.517832e-01,-2.911842e-01,2.809292e-01,4.134884e-01,8.854136e-01,-1.153362e-01,-1.517767e-01
4.194749e+00,-4.194612e+00,-3.167793e+00,-1.247712e+00,-5.560306e-01,-2.013053e-01,3.064227e-01,5.326351e-01,9.465908e-01,-2.049195e-01,-1.733968e-01
4.251297e+00,-4.218817e+00,-3.099579e+00,-1.306441e+00,-6.032196e-01,-2.360738e-01,2.462707e-01,5.719106e-01,8.896298e-01,-1.804330e-01,-2.346622e-01
4.185825e+00,-4.293245e+00,-2.998139e+00,-1.314627e+00,-5.241352e-01,-2.070514e-01,3.026005e-01,6.243546e-01,8.021172e-01,-3.346706e-02,-2.237052e-01
3.888982e+00,-4.485169e+00,-3.193707e+00,-1.364150e+00,-6.011024e-01,-2.818526e-01,2.177058e-01,5.350662e-01,7.946155e-01,-1.438764e-02,-1.512384e-01
3.860370e+00,-4.469563e+00,-3.233422e+00,-1.360249e+00,-5.619110e-01,-2.770832e-01,1.854318e-01,5.431371e-01,8.873840e-01,-5.410129e-02,-1.418944e-01
4.171385e+00,-4.154973e+00,-3.095789e+00,-1.168082e+00,-5.735987e-01,-1.873143e-01,3.126053e-01,5.411308e-01,9.670320e-01,-1.619800e-01,-1.707908e-01
4.243688e+00,-4.286443e+00,-3.213872e+00,-1.188818e+00,-7.297256e-01,-2.218413e-01,3.593245e-01,4.316184e-01,9.302649e-01,-2.048078e-01,-1.944719e-01
4.293567e+00,-4.107139e+00,-3.138420e+00,-1.111495e+00,-5.385133e-01,-2.926653e-01,5.287877e-01,4.114044e-01,9.227553e-01,-3.533144e-02,-3.367950e-01
4.069158e+00,-4.283785e+00,-3.405006e+00,-1.078297e+00,-7.410265e-01,-2.819141e-01,3.346788e-01,3.859768e-01,9.864632e-01,-1.264243e-01,-2.444302e-01
3.833777e+00,-4.375356e+00,-3.435554e+00,-1.150739e+00,-7.072197e-01,-3.105030e-01,3.076920e-01,3.314702e-01,9.665975e-01,-1.282360e-01,-1.968247e-01
4.102454e+00,-4.315245e+00,-3.202651e+00,-1.136824e+00,-6.716903e-01,-1.951413e-01,3.534140e-01,4.519488e-01,9.241936e-01,-1.411486e-01,-1.289333e-01
4.114505e+00,-4.293341e+00,-3.190890e+00,-1.286728e+00,-6.567080e-01,-2.690850e-01,3.026950e-01,4.987966e-01,8.650749e-01,-1.366977e-01,-2.311309e-01
4.338837e+00,-4.121705e+00,-3.016672e+00,-1.235885e+00,-4.866765e-01,-1.778156e-01,2.833486e-01,6.129721e-01,9.466142e-01,-1.724488e-01,-1.824709e-01
4.035688e+00,-4.402936e+00,-3.156263e+00,-1.458789e+00,-5.392501e-01,-3.190885e-01,2.368584e-01,5.406576e-01,7.990738e-01,-1.107564e-01,-2.720959e-01
4.080545e+00,-4.516383e+00,-3.053907e+00,-1.304885e+00,-5.654888e-01,-2.295198e-01,2.410448e-01,5.199293e-01,8.302432e-01,-5.306048e-02,-1.593190e-01
3.913030e+00,-4.383261e+00,-3.127309e+00,-1.275916e+00,-5.874339e-01,-2.376067e-01,2.499655e-01,5.308138e-01,8.907671e-01,-7.759446e-02,-1.331642e-01
4.169218e+00,-4.246647e+00,-3.227670e+00,-1.243839e+00,-6.390102e-01,-2.110012e-01,2.373607e-01,4.960206e-01,9.512212e-01,-2.290058e-01,-1.630670e-01
4.303584e+00,-4.105443e+00,-3.194806e+00,-1.132904e+00,-6.317339e-01,-1.521339e-01,3.387041e-01,4.988698e-01,9.806898e-01,-1.937571e-01,-2.227128e-01
4.183039e+00,-4.232178e+00,-3.242857e+00,-1.136724e+00,-7.172056e-01,-2.966553e-01,4.406014e-01,3.631001e-01,9.656559e-01,-1.225633e-01,-2.764814e-01
3.970007e+00,-4.311395e+00,-3.393344e+00,-1.045355e+00,-7.444703e-01,-2.837906e-01,4.425963e-01,3.073709e-01,1.011229e+00,-5.922667e-02,-2.309522e-01
4.035996e+00,-4.325704e+00,-3.358119e+00,-1.076611e+00,-6.392519e-01,-2.739583e-01,3.787743e-01,3.152494e-01,1.031973e+00,-9.284975e-02,-2.047707e-01
4.110392e+00,-4.330340e+00,-3.383915e+00,-1.136998e+00,-7.871704e-01,-1.826624e-01,2.718716e-01,4.157050e-01,1.000765e+00,-2.332443e-01,-1.362465e-01
4.308822e+00,-4.062078e+00,-3.037240e+00,-1.110115e+00,-6.069014e-01,-2.022977e-01,3.902823e-01,5.162428e-01,9.677665e-01,-1.408731e-01,-1.926891e-01
4.142219e+00,-4.281912e+00,-3.141390e+00,-1.307345e+00,-6.532457e-01,-2.132880e-01,2.691478e-01,5.448344e-01,8.626672e-01,-1.801417e-01,-1.810762e-01
4.149672e+00,-4.269849e+00,-3.095225e+00,-1.261639e+00,-5.043876e-01,-1.761470e-01,2.379365e-01,5.788680e-01,9.013319e-01,-1.144056e-01,-1.692204e-01
3.843974e+00,-4.577830e+00,-3.226056e+00,-1.386443e+00,-6.406972e-01,-2.677498e-01,7.505760e-02,5.273417e-01,8.424485e-01,-1.103084e-01,-1.310975e-01
3.956108e+00,-4.364870e+00,-3.190808e+00,-1.283059e+00,-6.734910e-01,-2.443660e-01,2.217867e-01,4.998707e-01,8.560418e-01,-1.465496e-01,-1.332601e-01
4.256983e+00,-4.206617e+00,-3.095038e+00,-1.213046e+00,-6.062411e-01,-1.708100e-01,3.439452e-01,5.645887e-01,8.876639e-01,-1.149555e-01,-1.887118e-01
4.240694e+00,-4.171571e+00,-3.234274e+00,-1.208066e+00,-6.699188e-01,-1.944400e-01,2.720381e-01,4.857396e-01,9.867162e-01,-2.462085e-01,-1.979066e-01
4.193417e+00,-4.179284e+00,-3.222523e+00,-1.097987e+00,-6.184874e-01,-2.212940e-01,3.772211e-01,4.507762e-01,1.035340e+00,-1.255584e-01,-1.761377e-01
3.865215e+00,-4.453678e+00,-3.423643e+00,-1.147784e+00,-7.393687e-01,-3.601293e-01,3.980160e-01,2.723228e-01,9.337688e-01,-5.137857e-02,-2.219044e-01
4.042204e+00,-4.364929e+00,-3.382656e+00,-1.033010e+00,-7.842849e-01,-2.400317e-01,4.080750e-01,3.134244e-01,9.930274e-01,-1.255720e-01,-1.741949e-01
4.233708e+00,-4.102098e+00,-3.222164e+00,-1.087589e+00,-6.332919e-01,-1.962903e-01,3.702214e-01,4.555947e-01,1.010481e+00,-1.751501e-01,-2.645108e-01
4.316156e+00,-4.173383e+00,-3.166180e+00,-1.169187e+00,-6.336179e-01,-1.950465e-01,3.122271e-01,4.993363e-01,9.435774e-01,-1.924267e-01,-2.568992e-01
4.242701e+00,-4.296809e+00,-3.073855e+00,-1.225128e+00,-6.017979e-01,-1.723244e-01,3.365815e-01,5.336552e-01,8.910153e-01,-1.148919e-01,-1.739768e-01
3.969503e+00,-4.438714e+00,-3.164117e+00,-1.279082e+00,-6.339386e-01,-2.535181e-01,2.452006e-01,5.137648e-01,8.368536e-01,-8.095692e-02,-1.531032e-01
3.886211e+00,-4.535634e+00,-3.203768e+00,-1.386834e+00,-6.162843e-01,-2.459253e-01,1.324443e-01,5.432434e-01,9.246217e-01,-1.495802e-01,-7.969633e-02
4.094540e+00,-4.239313e+00,-3.116397e+00,-1.299133e+00,-5.061228e-01,-2.227153e-01,2.799652e-01,5.711397e-01,8.883744e-01,-1.216689e-01,-1.700795e-01
4.244135e+00,-4.306742e+00,-3.129257e+00,-1.260616e+00,-6.519266e-01,-2.015299e-01,3.065956e-01,5.180255e-01,9.004161e-01,-1.855353e-01,-1.358908e-01
4.242572e+00,-4.126237e+00,-3.098439e+00,-1.116312e+00,-6.381944e-01,-1.800418e-01,3.587172e-01,5.040186e-01,9.722153e-01,-1.819331e-01,-1.780288e-01
3.991395e+00,-4.327120e+00,-3.376428e+00,-1.195530e+00,-7.374590e-01,-2.421760e-01,2.627401e-01,4.147296e-01,9.523906e-01,-2.214257e-01,-1.866412e-01
3.964076e+00,-4.308163e+00,-3.322703e+00,-1.105622e+00,-6.194000e-01,-2.582029e-01,3.379615e-01,3.694587e-01,9.700231e-01,-8.647848e-02,-2.043205e-01
4.114536e+00,-4.330199e+00,-3.346382e+00,-9.858208e-01,-8.008664e-01,-1.733588e-01,4.108855e-01,3.599392e-01,1.018057e+00,-9.876205e-02,-1.856054e-01
4.311095e+00,-4.202563e+00,-3.218528e+00,-1.055070e+00,-7.199211e-01,-2.530591e-01,4.387706e-01,3.869118e-01,9.680441e-01,-1.241315e-01,-2.841323e-01
4.357751e+00,-4.192003e+00,-3.147213e+00,-1.200339e+00,-5.879262e-01,-1.888898e-01,3.574975e-01,5.089822e-01,9.884025e-01,-2.016275e-01,-2.155832e-01
4.168052e+00,-4.303578e+00,-3.119613e+00,-1.323625e+00,-5.433627e-01,-2.673545e-01,2.939267e-01,5.180818e-01,8.794827e-01,-1.495625e-01,-2.228634e-01
3.919974e+00,-4.519752e+00,-3.180672e+00,-1.255195e+00,-6.829439e-01,-2.198652e-01,1.870680e-01,5.241351e-01,8.931675e-01,-6.463020e-02,-8.648154e-02
4.031612e+00,-4.469298e+00,-3.084374e+00,-1.321140e+00,-5.733852e-01,-2.414608e-01,2.250342e-01,5.299419e-01,8.526733e-01,-5.516230e-02,-1.221453e-01
4.093205e+00,-4.202743e+00,-3.167021e+00,-1.309949e+00,-5.445710e-01,-2.249150e-01,2.662766e-01,5.765145e-01,8.764368e-01,-1.507569e-01,-1.954917e-01
4.265517e+00,-4.079370e+00,-3.088141e+00,-1.231619e+00,-5.674757e-01,-1.608493e-01,2.549596e-01,5.971179e-01,9.256169e-01,-1.981003e-01,-2.026923e-01
4.082434e+00,-4.160494e+00,-3.161182e+00,-1.178301e+00,-6.358659e-01,-2.021263e-01,3.469421e-01,5.225893e-01,9.090538e-01,-1.088629e-01,-1.718092e-01
4.007469e+00,-4.368615e+00,-3.243413e+00,-1.168437e+00,-6.371701e-01,-2.420515e-01,3.554568e-01,4.139274e-01,9.458489e-01,-7.577314e-02,-1.214616e-01
3.858089e+00,-4.405608e+00,-3.464262e+00,-1.156056e+00,-7.488966e-01,-2.932773e-01,2.778730e-01,3.029366e-01,1.012012e+00,-1.815128e-01,-1.534531e-01
4.162021e+00,-4.179559e+00,-3.319494e+00,-1.076227e+00,-6.879687e-01,-2.999454e-01,4.319043e-01,3.646602e-01,1.011918e+00,-1.029433e-01,-3.024148e-01
4.293625e+00,-4.174030e+00,-3.253183e+00,-1.093781e+00,-7.015687e-01,-2.586589e-01,4.752822e-01,3.696747e-01,9.740379e-01,-1.262505e-01,-3.072523e-01
4.310047e+00,-4.243615e+00,-3.192492e+00,-1.119174e+00,-7.075405e-01,-1.669720e-01,3.653254e-01,4.544943e-01,9.496792e-01,-1.554018e-01,-2.052593e-01
4.074125e+00,-4.251566e+00,-3.183027e+00,-1.219657e+00,-5.589889e-01,-2.497482e-01,2.748878e-01,5.252466e-01,9.023939e-01,-6.964666e-02,-2.345608e-01
3.836672e+00,-4.560208e+00,-3.228097e+00,-1.426957e+00,-5.775251e-01,-3.165333e-01,1.437425e-01,5.251124e-01,8.200841e-01,-3.843953e-02,-2.191147e-01
4.102546e+00,-4.339572e+00,-3.092444e+00,-1.246525e+00,-6.193093e-01,-1.669515e-01,2.368029e-01,5.507593e-01,8.312385e-01,-1.257621e-01,-1.543384e-01
4.209321e+00,-4.235210e+00,-3.098162e+00,-1.234998e+00,-6.303315e-01,-1.515439e-01,2.801664e-01,5.676582e-01,9.097278e-01,-1.702844e-01,-1.274449e-01
4.211030e+00,-4.066139e+00,-3.069796e+00,-1.238503e+00,-5.051601e-01,-2.260602e-01,2.936651e-01,5.815999e-01,9.484931e-01,-1.624702e-01,-1.950370e-01
4.038099e+00,-4.307530e+00,-3.210111e+00,-1.335387e+00,-5.587162e-01,-2.747213e-01,2.963916e-01,5.200161e-01,9.192522e-01,-1.437224e-01,-1.617907e-01
3.834691e+00,-4.324189e+00,-3.314904e+00,-1.169136e+00,-6.772765e-01,-2.632079e-01,2.948267e-01,4.207691e-01,8.933851e-01,-9.244983e-02,-1.068206e-01
3.908704e+00,-4.371816e+00,-3.321182e+00,-1.127407e+00,-7.359316e-01,-2.484765e-01,3.534576e-01,3.777939e-01,1.006543e+00,-1.314266e-01,-1.191449e-01
4.238942e+00,-4.182931e+00,-3.335235e+00,-1.055841e+00,-7.153055e-01,-2.104566e-01,3.691890e-01,4.047766e-01,1.015185e+00,-1.548200e-01,-2.530788e-01
4.313382e+00,-4.090171e+00,-3.279622e+00,-1.073298e+00,-6.329027e-01,-2.403771e-01,4.627961e-01,4.024512e-01,1.004296e+00,-1.208008e-01,-3.344480e-01
4.285684e+00,-4.236591e+00,-3.177424e+00,-1.090618e+00,-7.254627e-01,-1.691612e-01,3.725381e-01,4.556807e-01,9.434465e-01,-1.315777e-01,-2.249713e-01
3.932162e+00,-4.438229e+00,-3.210858e+00,-1.262455e+00,-6.351992e-01,-2.934927e-01,3.263254e-01,4.628087e-01,9.060747e-01,-3.365195e-02,-2.129514e-01
4.072360e+00,-4.415585e+00,-3.096422e+00,-1.270892e+00,-4.938403e-01,-2.026196e-01,2.167287e-01,5.580511e-01,8.729168e-01,-4.205510e-02,-1.675530e-01
4.072254e+00,-4.369572e+00,-3.191924e+00,-1.340422e+00,-5.916515e-01,-2.424719e-01,2.312717e-01,5.320269e-01,8.756633e-01,-1.672429e-01,-1.732486e-01
4.361402e+00,-4.242240e+00,-2.951389e+00,-1.239275e+00,-5.959831e-01,-1.533709e-01,2.735276e-01,6.080255e-01,9.006680e-01,-1.781589e-01,-1.354124e-01
4.140834e+00,-4.244974e+00,-3.120825e+00,-1.263251e+00,-6.537668e-01,-1.928010e-01,2.962721e-01,5.557832e-01,8.865884e-01,-1.763668e-01,-1.496772e-01
4.061342e+00,-4.318601e+00,-3.180109e+00,-1.271047e+00,-5.816150e-01,-1.935840e-01,2.409017e-01,5.247354e-01,9.450106e-01,-1.875577e-01,-8.353812e-02
3.804838e+00,-4.360709e+00,-3.324788e+00,-1.193044e+00,-6.208009e-01,-2.356307e-01,2.386616e-01,4.540802e-01,9.994237e-01,-1.505570e-01,-3.837851e-02
4.046358e+00,-4.365944e+00,-3.246232e+00,-1.157845e+00,-7.154207e-01,-2.513079e-01,3.288623e-01,4.095083e-01,9.542855e-01,-1.339659e-01,-1.765196e-01
4.283352e+00,-4.139060e+00,-3.234454e+00,-1.046855e+00,-6.813291e-01,-2.323402e-01,5.065748e-01,3.748559e-01,9.824832e-01,-1.404963e-01,-2.748893e-01
4.348734e+00,-4.131042e+00,-3.311243e+00,-1.063724e+00,-7.064741e-01,-2.155274e-01,4.216083e-01,3.616486e-01,1.052323e+00,-2.264900e-01,-2.768029e-01
4.293314e+00,-4.217072e+00,-3.213414e+00,-1.079101e+00,-6.118097e-01,-2.593570e-01,4.185800e-01,4.196817e-01,1.030358e+00,-9.978216e-02,-2.671615e-01
3.989647e+00,-4.502374e+00,-3.288667e+00,-1.143220e+00,-7.353819e-01,-2.167925e-01,2.857657e-01,4.039687e-01,9.313848e-01,-1.040391e-01,-1.290976e-01
3.934994e+00,-4.519167e+00,-3.256183e+00,-1.292278e+00,-7.395167e-01,-2.436623e-01,1.926926e-01,4.688251e-01,8.117214e-01,-1.187443e-01,-1.721826e-01
4.204060e+00,-4.233265e+00,-3.056185e+00,-1.325282e+00,-4.991304e-01,-2.308610e-01,2.907865e-01,6.112801e-01,8.694917e-01,-6.705941e-02,-2.660954e-01
4.198026e+00,-4.166352e+00,-3.090816e+00,-1.328674e+00,-5.448986e-01,-2.214651e-01,2.034279e-01,6.234284e-01,8.551562e-01,-1.604287e-01,-2.296074e-01
4.093988e+00,-4.218898e+00,-3.100376e+00,-1.294173e+00,-5.358011e-01,-2.474566e-01,3.383485e-01,5.432998e-01,8.545683e-01,-8.992990e-02,-1.855854e-01
3.921872e+00,-4.313023e+00,-3.176366e+00,-1.210307e+00,-6.294650e-01,-2.066370e-01,2.689036e-01,5.128586e-01,8.913868e-01,-1.134597e-01,-4.405747e-02
3.775208e+00,-4.481265e+00,-3.293811e+00,-1.372060e+00,-6.216747e-01,-3.659014e-01,2.306441e-01,4.193054e-01,9.564618e-01,-1.413481e-01,-1.368763e-01
4.225112e+00,-4.149415e+00,-3.198297e+00,-1.108313e+00,-6.038331e-01,-1.695509e-01,3.451331e-01,4.501156e-01,1.044733e+00,-2.243587e-01,-1.103319e-01
4.218153e+00,-4.225011e+00,-3.253158e+00,-1.180357e+00,-6.648609e-01,-2.952311e-01,4.460069e-01,3.804927e-01,9.311353e-01,-1.092077e-01,-3.088153e-01
4.320161e+00,-4.075088e+00,-3.229895e+00,-9.704723e-01,-7.147322e-01,-1.953086e-01,4.533374e-01,3.961368e-01,9.857818e-01,-1.072382e-01,-2.774832e-01
4.054561e+00,-4.370689e+00,-3.394604e+00,-1.164409e+00,-7.681950e-01,-2.811034e-01,3.243382e-01,3.571193e-01,9.731665e-01,-1.648240e-01,-2.729287e-01
3.935560e+00,-4.399784e+00,-3.382010e+00,-1.152241e+00,-7.348952e-01,-1.988002e-01,1.927515e-01,4.149143e-01,9.611525e-01,-1.405919e-01,-1.325388e-01
4.110077e+00,-4.384614e+00,-3.162113e+00,-1.209588e+00,-6.311532e-01,-2.083349e-01,3.167618e-01,5.045255e-01,9.032394e-01,-4.144401e-02,-1.710730e-01
4.149093e+00,-4.229375e+00,-3.110256e+00,-1.248547e+00,-6.373494e-01,-2.581597e-01,2.957497e-01,5.261773e-01,8.900158e-01,-1.215069e-01,-2.064524e-01
4.276522e+00,-4.138458e+00,-3.068088e+00,-1.258460e+00,-5.428720e-01,-1.532824e-01,2.670224e-01,6.077516e-01,9.128566e-01,-1.816047e-01,-2.057230e-01
4.034023e+00,-4.256086e+00,-3.145642e+00,-1.400869e+00,-4.838742e-01,-3.215334e-01,2.911659e-01,5.129527e-01,8.582408e-01,-1.665981e-01,-2.299572e-01
3.826736e+00,-4.378673e+00,-3.177780e+00,-1.281984e+00,-5.742295e-01,-2.899092e-01,2.424602e-01,4.764869e-01,8.823642e-01,-1.136756e-01,-9.286091e-02
3.859451e+00,-4.243820e+00,-3.158824e+00,-1.241165e+00,-5.013793e-01,-3.005647e-01,3.441075e-01,4.827265e-01,8.926323e-01,-3.735758e-02,-1.307572e-01
4.141929e+00,-4.254548e+00,-3.300463e+00,-1.187217e+00,-7.271689e-01,-1.837591e-01,2.478159e-01,4.894954e-01,9.336537e-01,-2.505271e-01,-1.256141e-01
4.328549e+00,-4.038787e+00,-3.226291e+00,-1.053716e+00,-6.599843e-01,-1.501157e-01,3.800592e-01,4.743883e-01,1.036691e+00,-2.164690e-01,-2.191551e-01
4.190327e+00,-4.278572e+00,-3.284472e+00,-1.113587e+00,-7.676107e-01,-2.759280e-01,4.028088e-01,3.696246e-01,9.504292e-01,-1.300440e-01,-2.964041e-01
3.991350e+00,-4.345169e+00,-3.330890e+00,-1.098448e+00,-6.624145e-01,-3.037671e-01,4.612411e-01,3.224886e-01,9.613392e-01,-2.156129e-02,-2.459410e-01
3.946732e+00,-4.424456e+00,-3.293282e+00,-1.219667e+00,-5.970957e-01,-2.926379e-01,2.961580e-01,4.173161e-01,8.949714e-01,-4.233738e-02,-2.433922e-01
4.088215e+00,-4.317834e+00,-3.196492e+00,-1.312662e+00,-5.672845e-01,-3.212397e-01,3.158585e-01,5.005664e-01,8.743716e-01,-8.684794e-02,-3.277695e-01
4.381219e+00,-4.190617e+00,-2.996022e+00,-1.197317e+00,-5.892932e-01,-1.300875e-01,3.064000e-01,5.908298e-01,9.009618e-01,-1.518676e-01,-1.867637e-01
4.107046e+00,-4.309625e+00,-3.146961e+00,-1.350448e+00,-6.129668e-01,-2.719480e-01,2.929750e-01,5.116581e-01,8.332434e-01,-1.594338e-01,-2.123001e-01
4.028765e+00,-4.159546e+00,-3.151691e+00,-1.176372e+00,-5.484777e-01,-1.495398e-01,2.230940e-01,5.972857e-01,9.177630e-01,-1.398000e-01,-7.953909e-02
3.714594e+00,-4.444248e+00,-3.291113e+00,-1.331412e+00,-6.252469e-01,-2.542597e-01,1.474481e-01,5.202215e-01,9.563662e-01,-1.607599e-01,-2.225527e-02
3.919421e+00,-4.321535e+00,-3.223848e+00,-1.262636e+00,-6.648270e-01,-2.453896e-01,2.697611e-01,4.803882e-01,8.680603e-01,-1.735297e-01,-8.391731e-02
4.180185e+00,-4.163573e+00,-3.122042e+00,-1.190714e+00,-5.752454e-01,-2.167214e-01,4.190782e-01,5.006683e-01,9.390270e-01,-1.366526e-01,-1.592259e-01
4.198765e+00,-4.129403e+00,-3.225542e+00,-1.164352e+00,-6.531293e-01,-2.674121e-01,3.347553e-01,4.530720e-01,9.921745e-01,-1.807464e-01,-2.444318e-01
4.250178e+00,-4.238832e+00,-3.223292e+00,-1.131672e+00,-5.919306e-01,-2.384869e-01,4.233597e-01,4.303539e-01,1.009009e+00,-1.188370e-01,-2.454829e-01
3.978356e+00,-4.418050e+00,-3.302477e+00,-1.158989e+00,-6.579867e-01,-3.481344e-01,4.382195e-01,2.918821e-01,9.407847e-01,-3.309852e-02,-2.708052e-01
3.903579e+00,-4.541407e+00,-3.330747e+00,-1.283905e+00,-7.297292e-01,-3.676707e-01,3.081337e-01,3.772968e-01,8.157624e-01,-3.347194e-02,-3.130385e-01
4.300286e+00,-4.149975e+00,-3.119194e+00,-1.136337e+00,-5.609426e-01,-2.083188e-01,3.561927e-01,4.960220e-01,9.627100e-01,-1.046934e-01,-2.812424e-01
4.238616e+00,-4.275918e+00,-3.156704e+00,-1.365125e+00,-5.486799e-01,-2.728372e-01,2.663734e-01,5.604345e-01,8.472081e-01,-1.201281e-01,-3.108484e-01
4.175515e+00,-4.142612e+00,-3.060421e+00,-1.214560e+00,-5.516378e-01,-1.875481e-01,3.430351e-01,5.627671e-01,8.784263e-01,-9.343541e-02,-1.961664e-01
3.811709e+00,-4.451043e+00,-3.231973e+00,-1.345798e+00,-6.757920e-01,-3.158895e-01,2.252289e-01,4.735173e-01,8.873238e-01,-1.531511e-01,-8.275654e-02
3.748292e+00,-4.347926e+00,-3.222162e+00,-1.374510e+00,-4.876807e-01,-3.425898e-01,2.318597e-01,4.878065e-01,8.685339e-01,-8.161992e-02,-1.360066e-01
4.145093e+00,-4.224659e+00,-3.186441e+00,-1.204718e+00,-5.908503e-01,-1.385661e-01,2.327807e-01,5.526367e-01,9.657603e-01,-2.308244e-01,-5.388802e-02
4.137109e+00,-4.216207e+00,-3.173721e+00,-1.254733e+00,-6.619857e-01,-2.632668e-01,3.217196e-01,4.747224e-01,8.987202e-01,-1.915764e-01,-2.216988e-01
4.252193e+00,-4.083828e+00,-3.114017e+00,-1.087780e+00,-6.484678e-01,-1.712948e-01,4.002526e-01,4.950385e-01,9.533403e-01,-1.528646e-01,-1.928151e-01
3.959484e+00,-4.306037e+00,-3.412035e+00,-1.207995e+00,-7.117985e-01,-3.249439e-01,3.355740e-01,3.331628e-01,9.311643e-01,-1.411396e-01,-2.890831e-01
4.016289e+00,-4.351531e+00,-3.375097e+00,-1.070791e+00,-6.532516e-01,-2.577255e-01,3.539266e-01,3.356328e-01,1.046489e+00,-6.523951e-02,-1.959097e-01
4.103468e+00,-4.303687e+00,-3.282838e+00,-1.069629e+00,-6.982737e-01,-2.787603e-01,4.293053e-01,3.883652e-01,9.512143e-01,2.661956e-02,-3.246902e-01
4.357325e+00,-4.324085e+00,-3.126813e+00,-1.199097e+00,-6.852547e-01,-2.337734e-01,3.871637e-01,4.410463e-01,9.134802e-01,-1.250416e-01,-2.763409e-01
4.310953e+00,-4.123147e+00,-3.122869e+00,-1.195356e+00,-5.741966e-01,-1.611055e-01,3.197359e-01,5.764950e-01,9.109140e-01,-1.292317e-01,-2.460596e-01
4.082593e+00,-4.294563e+00,-3.213797e+00,-1.317679e+00,-6.051700e-01,-2.890951e-01,2.226390e-01,4.981595e-01,9.197428e-01,-1.632721e-01,-2.042359e-01
3.803697e+00,-4.390934e+00,-3.220029e+00,-1.239098e+00,-6.272392e-01,-1.917329e-01,2.170592e-01,5.516554e-01,9.180465e-01,-7.530382e-02,1.618638e-02
3.872470e+00,-4.317444e+00,-3.208471e+00,-1.230918e+00,-6.329201e-01,-2.158656e-01,2.546112e-01,4.957803e-01,8.765269e-01,-1.179969e-01,-6.775828e-02
4.018124e+00,-4.213299e+00,-3.218794e+00,-1.296306e+00,-6.262347e-01,-2.128865e-01,2.425068e-01,5.741732e-01,8.989404e-01,-1.933953e-01,-1.168308e-01
4.267289e+00,-4.017349e+00,-3.069486e+00,-1.215531e+00,-4.816361e-01,-2.416376e-01,3.332511e-01,5.483168e-01,9.712459e-01,-1.926155e-01,-2.127366e-01
4.041644e+00,-4.261191e+00,-3.221775e+00,-1.261496e+00,-6.303743e-01,-2.591276e-01,3.338091e-01,4.899873e-01,8.653077e-01,-1.074665e-01,-2.280252e-01
4.059283e+00,-4.305207e+00,-3.206384e+00,-1.092628e+00,-6.342474e-01,-2.375897e-01,4.200055e-01,3.783241e-01,9.629857e-01,-7.472380e-02,-1.749459e-01
3.899920e+00,-4.512914e+00,-3.384315e+00,-1.215550e+00,-7.156838e-01,-3.347737e-01,3.273433e-01,3.735258e-01,9.753711e-01,-3.706569e-02,-2.376759e-01
4.236630e+00,-4.217873e+00,-3.246152e+00,-1.145218e+00,-6.013460e-01,-2.969817e-01,4.099853e-01,4.068797e-01,9.544511e-01,-5.337093e-02,-3.568161e-01
4.379727e+00,-4.237460e+00,-3.133311e+00,-1.136474e+00,-6.408927e-01,-1.764005e-01,3.910559e-01,4.981665e-01,9.038828e-01,-6.720949e-02,-3.145295e-01
4.235479e+00,-4.279631e+00,-3.107290e+00,-1.261666e+00,-6.103942e-01,-2.732272e-01,3.485653e-01,4.852043e-01,8.487261e-01,-7.769509e-02,-3.117596e-01
4.011143e+00,-4.294230e+00,-3.164273e+00,-1.251453e+00,-5.615694e-01,-2.502552e-01,3.156360e-01,5.451996e-01,8.998965e-01,-9.044284e-02,-2.024874e-01
3.769574e+00,-4.351349e+00,-3.246753e+00,-1.346375e+00,-5.219948e-01,-2.935468e-01,1.900512e-01,4.925887e-01,8.688271e-01,-1.287025e-01,-1.581727e-01
3.868536e+00,-4.348237e+00,-3.242500e+00,-1.295149e+00,-6.297588e-01,-2.468567e-01,2.621469e-01,5.045690e-01,8.721487e-01,-1.336682e-01,-1.079998e-01
4.213562e+00,-4.167216e+00,-3.006991e+00,-1.236384e+00,-5.258994e-01,-2.175048e-01,3.300152e-01,5.870412e-01,8.909687e-01,-1.081803e-01,-1.444273e-01
4.121420e+00,-4.162806e+00,-3.135451e+00,-1.328041e+00,-5.312028e-01,-2.717985e-01,3.238470e-01,5.266396e-01,9.204359e-01,-1.993912e-01,-1.943789e-01
4.095385e+00,-4.123955e+00,-3.206972e+00,-1.168720e+00,-5.856549e-01,-1.514899e-01,2.938296e-01,5.712858e-01,9.321591e-01,-1.600063e-01,-1.422165e-01
3.759987e+00,-4.408832e+00,-3.405548e+00,-1.199272e+00,-7.425980e-01,-3.185413e-01,2.714428e-01,3.642175e-01,8.926183e-01,-9.761594e-02,-2.053768e-01
3.971613e+00,-4.385942e+00,-3.364175e+00,-1.056364e+00,-7.854511e-01,-2.483072e-01,3.330402e-01,3.586799e-01,9.419689e-01,-7.152565e-02,-2.006541e-01
4.289902e+00,-4.183331e+00,-3.245149e+00,-1.071163e+00,-6.438830e-01,-2.267731e-01,4.388001e-01,4.098697e-01,9.483151e-01,-8.924805e-02,-3.412967e-01
4.336008e+00,-4.212068e+00,-3.202627e+00,-1.217312e+00,-6.197105e-01,-2.451886e-01,3.436369e-01,5.012554e-01,8.882880e-01,-9.153759e-02,-4.095134e-01
4.259037e+00,-4.181823e+00,-3.074024e+00,-1.161783e+00,-5.956855e-01,-2.454962e-01,3.905340e-01,5.217413e-01,9.108652e-01,-4.230877e-02,-2.935196e-01
3.959000e+00,-4.530407e+00,-3.207616e+00,-1.328696e+00,-6.652291e-01,-2.788913e-01,2.382207e-01,4.415934e-01,8.588549e-01,-1.142374e-01,-1.555308e-01
3.908317e+00,-4.379339e+00,-3.186110e+00,-1.281376e+00,-5.393380e-01,-2.390801e-01,2.214066e-01,4.857015e-01,9.125546e-01,-1.244630e-01,-8.984874e-02
4.034355e+00,-4.236056e+00,-3.200358e+00,-1.279645e+00,-5.868609e-01,-2.020704e-01,2.223491e-01,5.696556e-01,9.446323e-01,-2.158393e-01,-8.354613e-02
4.132530e+00,-4.109703e+00,-3.067501e+00,-1.282392e+00,-5.489169e-01,-2.399388e-01,3.310843e-01,5.607031e-01,9.061902e-01,-1.480109e-01,-1.809925e-01
4.103177e+00,-4.156358e+00,-3.136088e+00,-1.232063e+00,-6.077943e-01,-1.880113e-01,3.313547e-01,5.397872e-01,9.219633e-01,-1.682869e-01,-1.043761e-01
4.033277e+00,-4.293952e+00,-3.232214e+00,-1.237796e+00,-6.226394e-01,-2.200992e-01,2.455838e-01,4.845062e-01,9.186678e-01,-1.242794e-01,-1.707445e-01
3.801265e+00,-4.351750e+00,-3.332414e+00,-1.202845e+00,-6.182397e-01,-2.690787e-01,2.531708e-01,4.571413e-01,1.003667e+00,-9.028333e-02,-1.279548e-01
4.136549e+00,-4.331746e+00,-3.268885e+00,-1.095559e+00,-7.555420e-01,-2.101287e-01,3.492794e-01,3.688332e-01,9.629553e-01,-1.630712e-01,-1.900393e-01
4.375947e+00,-4.288652e+00,-3.189825e+00,-1.109768e+00,-6.936173e-01,-2.330005e-01,4.932946e-01,3.601223e-01,1.005481e+00,-1.191174e-01,-2.922821e-01
4.502009e+00,-4.200316e+00,-3.167714e+00,-1.068942e+00,-6.720661e-01,-2.046757e-01,3.906974e-01,4.254646e-01,9.993293e-01,-1.335403e-01,-3.154344e-01
4.189390e+00,-4.222187e+00,-3.237214e+00,-1.149810e+00,-6.237257e-01,-1.842819e-01,3.133805e-01,5.037017e-01,9.835949e-01,-1.237491e-01,-2.193158e-01
3.973718e+00,-4.375742e+00,-3.202923e+00,-1.160161e+00,-6.696056e-01,-1.697772e-01,2.551036e-01,4.796449e-01,9.152295e-01,-1.028811e-01,-6.505561e-02
3.747607e+00,-4.410148e+00,-3.282073e+00,-1.329672e+00,-6.378906e-01,-3.302992e-01,2.836005e-01,4.784585e-01,8.272782e-01,-4.199981e-02,-1.662381e-01
4.126967e+00,-4.146794e+00,-3.115125e+00,-1.235541e+00,-5.793754e-01,-1.981704e-01,2.379132e-01,5.631262e-01,9.454826e-01,-1.821873e-01,-1.362387e-01
4.132522e+00,-4.121663e+00,-3.170823e+00,-1.314350e+00,-5.257972e-01,-2.204951e-01,2.620023e-01,5.585534e-01,9.452711e-01,-2.467359e-01,-1.635644e-01
4.141599e+00,-4.200449e+00,-3.106485e+00,-1.249699e+00,-5.688458e-01,-2.200249e-01,3.351400e-01,5.410233e-01,8.759835e-01,-1.377877e-01,-1.366053e-01
3.821895e+00,-4.345701e+00,-3.212508e+00,-1.256143e+00,-6.381257e-01,-2.912400e-01,2.996833e-01,4.822711e-01,8.988006e-01,-1.063729e-01,-1.016209e-01
3.816873e+00,-4.426301e+00,-3.332958e+00,-1.279494e+00,-6.399746e-01,-3.303102e-01,2.261681e-01,4.082992e-01,8.842581e-01,-1.526806e-01,-1.664722e-01
4.223167e+00,-4.233908e+00,-3.271527e+00,-1.138594e+00,-6.084799e-01,-2.298574e-01,3.726890e-01,4.103211e-01,9.864740e-01,-1.538384e-01,-2.567993e-01
4.266954e+00,-4.172537e+00,-3.188443e+00,-1.140838e+00,-6.267419e-01,-2.763084e-01,4.534261e-01,4.343959e-01,9.142340e-01,-6.362171e-02,-3.573309e-01
4.378865e+00,-4.148944e+00,-3.149168e+00,-1.032836e+00,-6.653286e-01,-2.413090e-01,4.872062e-01,4.582714e-01,9.032167e-01,1.276481e-03,-3.828230e-01
4.078642e+00,-4.354932e+00,-3.234413e+00,-1.261436e+00,-5.879944e-01,-3.053689e-01,3.618970e-01,4.659435e-01,8.701582e-01,-5.575211e-03,-3.176420e-01
3.883923e+00,-4.426264e+00,-3.339168e+00,-1.234732e+00,-6.577034e-01,-2.295045e-01,1.618059e-01,4.646071e-01,9.253844e-01,-1.194585e-01,-1.237264e-01
3.899081e+00,-4.274304e+00,-3.187884e+00,-1.239185e+00,-5.830013e-01,-2.669151e-01,3.020802e-01,5.301766e-01,8.692975e-01,-4.339902e-02,-1.685002e-01
4.105518e+00,-4.181156e+00,-3.089217e+00,-1.266035e+00,-5.912256e-01,-2.379677e-01,3.274747e-01,5.543122e-01,8.480827e-01,-1.490523e-01,-1.473076e-01
4.102414e+00,-4.074877e+00,-3.168210e+00,-1.234708e+00,-5.854400e-01,-1.803727e-01,2.910115e-01,5.685407e-01,9.070154e-01,-2.318347e-01,-1.368501e-01
4.046182e+00,-4.202037e+00,-3.191957e+00,-1.279837e+00,-5.860078e-01,-1.976142e-01,1.728194e-01,5.821509e-01,8.919529e-01,-2.226055e-01,-1.224568e-01
3.697825e+00,-4.438621e+00,-3.273082e+00,-1.326957e+00,-6.011773e-01,-3.372867e-01,2.617901e-01,4.527437e-01,8.800446e-01,-6.111574e-02,-1.722330e-01
3.954387e+00,-4.300054e+00,-3.177170e+00,-1.176766e+00,-5.943458e-01,-2.132130e-01,3.104689e-01,5.030386e-01,8.691722e-01,-4.486609e-02,-1.109898e-01
4.141001e+00,-4.313757e+00,-3.264103e+00,-1.225322e+00,-6.897678e-01,-2.527799e-01,3.546559e-01,4.746251e-01,9.149548e-01,-1.188869e-01,-2.518861e-01
4.387073e+00,-4.045523e+00,-3.174695e+00,-1.084224e+00,-5.902548e-01,-2.325712e-01,3.935669e-01,4.795742e-01,9.999437e-01,-9.684419e-02,-3.909568e-01
4.241555e+00,-4.304844e+00,-3.273583e+00,-1.165975e+00,-6.569729e-01,-3.288961e-01,4.702370e-01,3.668415e-01,8.989517e-01,-7.575718e-03,-4.225852e-01
4.087338e+00,-4.417471e+00,-3.253258e+00,-1.123350e+00,-7.003106e-01,-2.169807e-01,3.592406e-01,3.919022e-01,9.329807e-01,-7.660635e-02,-1.944873e-01
3.848699e+00,-4.392744e+00,-3.254041e+00,-1.284075e+00,-5.625542e-01,-3.485988e-01,3.053325e-01,4.288235e-01,8.769085e-01,-3.953668e-02,-2.449374e-01
4.091159e+00,-4.236250e+00,-3.147153e+00,-1.325212e+00,-5.051986e-01,-3.224660e-01,3.093550e-01,5.161233e-01,9.132812e-01,-1.227018e-01,-2.185758e-01
4.227477e+00,-4.146523e+00,-3.109364e+00,-1.198262e+00,-6.093605e-01,-1.390016e-01,3.015396e-01,5.489104e-01,9.430162e-01,-2.015807e-01,-1.332859e-01
4.063367e+00,-4.180549e+00,-3.131786e+00,-1.273112e+00,-6.130909e-01,-2.136190e-01,2.832733e-01,5.344906e-01,8.839046e-01,-1.727548e-01,-1.482393e-01
3.921567e+00,-4.152518e+00,-3.140274e+00,-1.223117e+00,-5.449508e-01,-2.264461e-01,2.843421e-01,5.679260e-01,9.283866e-01,-1.352625e-01,-9.588522e-02
3.819049e+00,-4.295599e+00,-3.275284e+00,-1.237168e+00,-5.848784e-01,-1.995547e-01,1.761795e-01,5.235137e-01,9.536302e-01,-1.683591e-01,-2.785465e-02
3.912730e+00,-4.422051e+00,-3.264101e+00,-1.332982e+00,-6.494421e-01,-2.829623e-01,2.657710e-01,4.718092e-01,8.707486e-01,-1.049817e-01,-1.744083e-01
4.301191e+00,-4.167257e+00,-3.091776e+00,-1.118619e+00,-6.251134e-01,-1.775545e-01,3.844518e-01,4.939906e-01,9.500755e-01,-7.841125e-02,-2.419061e-01
4.263489e+00,-4.195514e+00,-3.261265e+00,-1.171489e+00,-6.967280e-01,-2.591292e-01,3.377535e-01,4.414896e-01,8.895677e-01,-9.470257e-02,-3.904382e-01
4.283507e+00,-4.233662e+00,-3.268831e+00,-1.129556e+00,-6.060940e-01,-2.723276e-01,4.437848e-01,4.196515e-01,9.419796e-01,-3.123637e-02,-3.894836e-01
4.013010e+00,-4.446091e+00,-3.287160e+00,-1.167131e+00,-6.920099e-01,-2.929041e-01,3.244647e-01,3.486911e-01,9.149196e-01,-3.953186e-02,-2.797545e-01
3.895018e+00,-4.437740e+00,-3.334158e+00,-1.185701e+00,-7.494635e-01,-3.050706e-01,2.935409e-01,3.764029e-01,9.199206e-01,-5.903713e-02,-2.393429e-01
4.248778e+00,-4.151101e+00,-3.113842e+00,-1.149603e+00,-5.972169e-01,-1.213887e-01,2.892723e-01,5.597499e-01,9.261360e-01,-1.248145e-01,-1.859089e-01
4.101100e+00,-4.158141e+00,-3.208900e+00,-1.355015e+00,-5.401236e-01,-2.912631e-01,2.973920e-01,5.362092e-01,9.137745e-01,-1.914487e-01,-2.291440e-01
4.150815e+00,-4.030912e+00,-3.093920e+00,-1.106926e+00,-6.049816e-01,-1.611611e-01,3.323502e-01,5.755878e-01,9.417846e-01,-1.646245e-01,-7.235396e-02
3.813708e+00,-4.467899e+00,-3.228135e+00,-1.362047e+00,-6.375494e-01,-3.048104e-01,2.416288e-01,4.492852e-01,8.852764e-01,-1.568973e-01,-9.150515e-02
3.698103e+00,-4.335571e+00,-3.248075e+00,-1.351620e+00,-5.111162e-01,-3.122062e-01,2.184934e-01,5.059102e-01,8.396504e-01,-6.122734e-02,-1.159480e-01
3.941214e+00,-4.163712e+00,-3.193448e+00,-1.317377e+00,-4.778693e-01,-2.715005e-01,2.976659e-01,5.637337e-01,9.093856e-01,-1.527486e-01,-1.488403e-01
4.097786e+00,-4.094723e+00,-3.175927e+00,-1.207893e+00,-6.361103e-01,-2.653006e-01,3.428746e-01,5.109481e-01,8.918360e-01,-1.278942e-01,-2.756950e-01
4.253745e+00,-4.180146e+00,-3.165427e+00,-1.142993e+00,-6.069058e-01,-2.429179e-01,4.493937e-01,5.001267e-01,8.506818e-01,3.696360e-03,-3.384321e-01
4.072548e+00,-4.306941e+00,-3.349704e+00,-1.144587e+00,-6.774488e-01,-2.805148e-01,3.643813e-01,3.867323e-01,9.167417e-01,-2.729704e-02,-3.346841e-01
3.940862e+00,-4.543771e+00,-3.381304e+00,-1.253559e+00,-6.502401e-01,-3.874497e-01,3.017063e-01,3.565390e-01,9.595326e-01,-3.182463e-02,-2.962003e-01
4.088171e+00,-4.197892e+00,-3.195731e+00,-1.082830e+00,-6.131634e-01,-2.354856e-01,4.292860e-01,4.412951e-01,9.480005e-01,-5.676273e-02,-2.052539e-01
4.061653e+00,-4.257285e+00,-3.253812e+00,-1.241076e+00,-7.087918e-01,-2.546289e-01,3.368240e-01,4.751291e-01,8.448613e-01,-1.294228e-01,-2.333568e-01
4.195830e+00,-4.010641e+00,-3.113158e+00,-1.167632e+00,-5.091041e-01,-2.112556e-01,3.873664e-01,5.311122e-01,9.662993e-01,-1.533194e-01,-1.952987e-01
4.004077e+00,-4.275697e+00,-3.202081e+00,-1.349663e+00,-5.776756e-01,-2.557905e-01,1.926621e-01,5.373289e-01,9.261222e-01,-2.189767e-01,-1.274313e-01
3.732476e+00,-4.330250e+00,-3.211650e+00,-1.307666e+00,-5.348566e-01,-2.972929e-01,2.789747e-01,5.171713e-01,8.423059e-01,-4.836422e-02,-9.686498e-02
3.804176e+00,-4.355919e+00,-3.169129e+00,-1.284664e+00,-6.099269e-01,-2.024550e-01,2.351360e-01,5.803130e-01,8.317493e-01,-6.974427e-02,-4.877447e-02
3.924289e+00,-4.162783e+00,-3.196618e+00,-1.316494e+00,-5.870830e-01,-2.998086e-01,2.557802e-01,5.324598e-01,8.670314e-01,-1.448872e-01,-2.357421e-01
4.227817e+00,-4.025203e+00,-3.152578e+00,-1.190484e+00,-5.261042e-01,-1.821463e-01,2.899570e-01,5.641718e-01,9.325061e-01,-1.910751e-01,-2.198706e-01
4.165669e+00,-4.309988e+00,-3.174942e+00,-1.279631e+00,-5.843233e-01,-3.083199e-01,4.028140e-01,4.756726e-01,8.423406e-01,-2.761387e-02,-3.373266e-01
4.131791e+00,-4.354667e+00,-3.239131e+00,-1.052083e+00,-7.222819e-01,-2.410155e-01,4.137702e-01,3.853534e-01,9.527420e-01,-4.008339e-02,-2.168401e-01
3.948827e+00,-4.379567e+00,-3.333350e+00,-1.132564e+00,-6.550311e-01,-3.401728e-01,3.863700e-01,3.649285e-01,9.342784e-01,3.139322e-02,-2.832187e-01
4.086620e+00,-4.244038e+00,-3.346445e+00,-1.213800e+00,-6.260637e-01,-2.827792e-01,3.327658e-01,3.842693e-01,9.926578e-01,-1.484963e-01,-2.883710e-01
4.239717e+00,-4.120422e+00,-3.144946e+00,-1.166848e+00,-5.738026e-01,-2.186585e-01,3.915780e-01,5.346101e-01,8.809206e-01,-5.364526e-02,-2.807504e-01
4.064400e+00,-4.120458e+00,-3.154962e+00,-1.227551e+00,-6.288366e-01,-2.896114e-01,3.446940e-01,5.113175e-01,8.876193e-01,-1.041673e-01,-2.321754e-01
3.875818e+00,-4.228144e+00,-3.240000e+00,-1.263416e+00,-6.002060e-01,-2.153051e-01,2.587949e-01,5.694454e-01,8.840003e-01,-1.180757e-01,-1.094422e-01
3.730336e+00,-4.287251e+00,-3.238124e+00,-1.361386e+00,-4.404226e-01,-3.231998e-01,2.289571e-01,4.832366e-01,9.317872e-01,-1.409919e-01,-6.281321e-02
3.808253e+00,-4.358173e+00,-3.266408e+00,-1.350365e+00,-6.278804e-01,-3.194554e-01,2.225859e-01,4.746297e-01,8.524761e-01,-1.514075e-01,-1.308102e-01
4.215323e+00,-4.158261e+00,-2.924843e+00,-1.310777e+00,-4.272375e-01,-2.804414e-01,4.146971e-01,5.784386e-01,8.581694e-01,-3.576287e-02,-2.266434e-01
4.186779e+00,-4.251156e+00,-3.197074e+00,-1.286951e+00,-6.547452e-01,-2.337303e-01,2.916434e-01,5.426585e-01,8.632646e-01,-1.499498e-01,-2.095493e-01
4.260550e+00,-4.150611e+00,-3.101610e+00,-1.195216e+00,-4.948271e-01,-1.996590e-01,3.268252e-01,5.488512e-01,9.274654e-01,-7.887762e-02,-2.818990e-01
3.840465e+00,-4.599918e+00,-3.350719e+00,-1.323084e+00,-7.520628e-01,-3.727318e-01,1.941735e-01,3.248284e-01,8.551089e-01,-1.310634e-01,-3.091167e-01
3.913360e+00,-4.263138e+00,-3.341791e+00,-1.075736e+00,-6.743997e-01,-2.739488e-01,4.056537e-01,3.868479e-01,8.718106e-01,7.087589e-02,-3.360889e-01
4.137458e+00,-4.180219e+00,-3.253702e+00,-1.158197e+00,-6.370753e-01,-2.484669e-01,4.164883e-01,4.685108e-01,9.054544e-01,-3.890485e-02,-3.190785e-01
4.229412e+00,-4.110491e+00,-3.183003e+00,-1.281111e+00,-5.077079e-01,-3.663616e-01,4.075156e-01,4.523999e-01,9.548686e-01,-1.066834e-01,-3.702273e-01
4.135235e+00,-4.151874e+00,-3.118338e+00,-1.240700e+00,-5.171845e-01,-2.533032e-01,3.854564e-01,5.080604e-01,9.131424e-01,-7.072089e-02,-2.414979e-01
3.783960e+00,-4.404233e+00,-3.304134e+00,-1.316334e+00,-6.617241e-01,-3.296124e-01,2.586906e-01,4.011219e-01,8.568493e-01,-1.660035e-01,-9.788666e-02
3.728272e+00,-4.297886e+00,-3.304429e+00,-1.218475e+00,-6.255808e-01,-2.251940e-01,2.277153e-01,5.046062e-01,9.259631e-01,-1.380283e-01,-1.587999e-02
4.019918e+00,-4.110579e+00,-3.110715e+00,-1.263141e+00,-4.927028e-01,-2.304681e-01,2.570695e-01,6.337160e-01,9.041229e-01,-1.339563e-01,-1.335470e-01
4.063192e+00,-4.132610e+00,-3.121148e+00,-1.308429e+00,-5.439595e-01,-2.252568e-01,2.897735e-01,5.886939e-01,8.638373e-01,-1.340573e-01,-1.709397e-01
4.217300e+00,-4.153223e+00,-3.059521e+00,-1.206527e+00,-5.446462e-01,-1.808968e-01,3.444939e-01,5.909854e-01,8.462929e-01,-6.638602e-02,-2.066653e-01
3.900890e+00,-4.249050e+00,-3.247023e+00,-1.232316e+00,-6.338316e-01,-2.895542e-01,2.913228e-01,4.757617e-01,9.086523e-01,-1.101096e-01,-2.131119e-01
3.964489e+00,-4.414913e+00,-3.304952e+00,-1.211332e+00,-5.909757e-01,-2.908977e-01,2.922523e-01,4.409469e-01,9.416999e-01,-4.788133e-02,-2.185761e-01
4.084272e+00,-4.399304e+00,-3.226121e+00,-1.232709e+00,-6.345273e-01,-2.911347e-01,3.817176e-01,3.812753e-01,9.201625e-01,-8.112152e-02,-2.926741e-01
4.291386e+00,-4.289222e+00,-3.210949e+00,-1.148644e+00,-6.767043e-01,-2.638368e-01,4.408304e-01,4.063623e-01,9.356505e-01,-4.780943e-02,-3.351255e-01
4.304337e+00,-4.074565e+00,-3.188634e+00,-1.065455e+00,-6.533973e-01,-1.961131e-01,3.921413e-01,4.411212e-01,1.008630e+00,-1.729876e-01,-2.604493e-01
4.006487e+00,-4.286793e+00,-3.266952e+00,-1.316083e+00,-6.045230e-01,-2.522723e-01,2.584818e-01,5.467149e-01,8.914540e-01,-1.527673e-01,-1.942401e-01
3.803411e+00,-4.266803e+00,-3.210323e+00,-1.255439e+00,-5.130103e-01,-3.105854e-01,3.291062e-01,4.665380e-01,8.833750e-01,-6.302077e-02,-1.280198e-01
3.720688e+00,-4.314770e+00,-3.200783e+00,-1.277246e+00,-5.772596e-01,-2.801191e-01,2.733745e-01,5.327777e-01,8.750877e-01,-5.775336e-02,-9.527519e-02
3.981887e+00,-4.173863e+00,-3.174601e+00,-1.295758e+00,-5.875325e-01,-2.198230e-01,2.337374e-01,5.290316e-01,8.875907e-01,-2.222281e-01,-1.408670e-01
4.230652e+00,-4.106093e+00,-3.091887e+00,-1.286771e+00,-4.817824e-01,-1.960905e-01,3.042647e-01,5.973693e-01,9.384199e-01,-2.063751e-01,-1.613337e-01
4.173757e+00,-4.267376e+00,-3.063063e+00,-1.285319e+00,-6.160886e-01,-2.136916e-01,2.870734e-01,5.285291e-01,9.280066e-01,-2.442414e-01,-1.036752e-01
3.891440e+00,-4.370571e+00,-3.160866e+00,-1.279614e+00,-5.635435e-01,-2.959268e-01,3.361882e-01,4.940172e-01,8.632558e-01,-2.546362e-03,-2.092539e-01
3.902698e+00,-4.409954e+00,-3.296943e+00,-1.219072e+00,-6.079492e-01,-2.949819e-01,3.080283e-01,4.106617e-01,8.944269e-01,7.427223e-03,-2.495891e-01
4.103073e+00,-4.229211e+00,-3.389548e+00,-1.115937e+00,-6.910295e-01,-2.187295e-01,3.359391e-01,4.427241e-01,9.614705e-01,-8.317502e-02,-3.135551e-01
4.352738e+00,-4.056562e+00,-3.198061e+00,-1.007111e+00,-6.802809e-01,-2.475299e-01,4.631662e-01,4.425551e-01,9.546834e-01,-5.203589e-02,-3.506476e-01
4.169529e+00,-4.188963e+00,-3.237804e+00,-1.155023e+00,-6.761200e-01,-2.845536e-01,4.623011e-01,3.983167e-01,9.382571e-01,-1.030184e-01,-2.655669e-01
4.086487e+00,-4.210179e+00,-3.184509e+00,-1.155916e+00,-5.830055e-01,-1.889185e-01,3.441592e-01,4.636489e-01,9.870007e-01,-1.384478e-01,-1.235245e-01
3.639391e+00,-4.372317e+00,-3.384031e+00,-1.372844e+00,-5.565583e-01,-3.978933e-01,1.982069e-01,4.253239e-01,9.005616e-01,-1.138055e-01,-1.813750e-01
3.952182e+00,-4.248913e+00,-3.224766e+00,-1.181962e+00,-6.599836e-01,-2.056565e-01,2.673147e-01,5.057434e-01,9.427402e-01,-1.889735e-01,-3.759405e-02
4.026773e+00,-4.121704e+00,-3.120902e+00,-1.289709e+00,-5.411455e-01,-2.586202e-01,3.620224e-01,5.459709e-01,8.422560e-01,-1.203885e-01,-1.844361e-01
4.139268e+00,-4.123894e+00,-3.122712e+00,-1.265795e+00,-5.700608e-01,-2.036942e-01,2.782859e-01,5.798252e-01,8.932671e-01,-1.909977e-01,-1.361328e-01
3.983139e+00,-4.142031e+00,-3.171165e+00,-1.316260e+00,-5.119256e-01,-2.469910e-01,1.859327e-01,6.025572e-01,8.795680e-01,-1.229179e-01,-2.258292e-01
3.797263e+00,-4.458147e+00,-3.261718e+00,-1.325412e+00,-6.133296e-01,-2.960067e-01,2.536861e-01,4.917964e-01,8.692225e-01,-1.564311e-02,-1.505111e-01
4.053937e+00,-4.425088e+00,-3.185238e+00,-1.217685e+00,-6.447046e-01,-2.735854e-01,3.290290e-01,4.626932e-01,8.301350e-01,2.223999e-02,-2.329732e-01
4.225520e+00,-4.229651e+00,-3.094335e+00,-1.238898e+00,-5.241931e-01,-3.125921e-01,4.337748e-01,4.886210e-01,8.779747e-01,2.373254e-02,-3.882411e-01
4.309921e+00,-4.024697e+00,-3.264723e+00,-1.085272e+00,-5.951836e-01,-2.479568e-01,4.275922e-01,4.039156e-01,1.027924e+00,-1.099661e-01,-3.942360e-01
4.190929e+00,-4.218933e+00,-3.258320e+00,-1.171572e+00,-6.129541e-01,-3.076468e-01,4.714110e-01,3.674849e-01,9.446893e-01,-1.052306e-01,-3.374735e-01
3.810781e+00,-4.233343e+00,-3.269566e+00,-1.208361e+00,-6.126429e-01,-3.712961e-01,3.923450e-01,3.762129e-01,8.343575e-01,-2.989387e-02,-2.787589e-01
3.745713e+00,-4.363779e+00,-3.269781e+00,-1.281577e+00,-5.848802e-01,-3.504617e-01,3.011090e-01,4.471531e-01,9.233013e-01,-6.464997e-02,-1.194329e-01
3.966662e+00,-4.147209e+00,-3.225655e+00,-1.291513e+00,-5.168962e-01,-2.352709e-01,2.569994e-01,5.323427e-01,9.565771e-01,-1.837456e-01,-1.085985e-01
4.047331e+00,-4.106509e+00,-3.194792e+00,-1.246156e+00,-5.792027e-01,-2.167520e-01,3.280296e-01,5.400293e-01,9.236780e-01,-1.515172e-01,-1.860812e-01
4.107339e+00,-4.149427e+00,-3.039126e+00,-1.283408e+00,-5.548044e-01,-2.619997e-01,3.229030e-01,5.671525e-01,8.599974e-01,-1.189727e-01,-1.833888e-01
3.872921e+00,-4.308816e+00,-3.157116e+00,-1.372763e+00,-5.117002e-01,-3.100528e-01,3.101284e-01,5.747226e-01,8.247907e-01,-4.518941e-02,-1.854491e-01
4.072025e+00,-4.433634e+00,-3.174382e+00,-1.254170e+00,-5.216354e-01,-2.094998e-01,1.981682e-01,5.104950e-01,9.305505e-01,-1.439397e-01,-1.162832e-01
3.986186e+00,-4.423836e+00,-3.205672e+00,-1.323908e+00,-5.906032e-01,-2.898838e-01,2.667746e-01,4.908800e-01,8.180978e-01,-3.654519e-02,-3.286151e-01
4.324028e+00,-4.184095e+00,-3.107658e+00,-1.085764e+00,-6.694736e-01,-2.048654e-01,3.944342e-01,4.850009e-01,9.065509e-01,-7.083479e-02,-2.972512e-01
4.228137e+00,-4.152681e+00,-3.308379e+00,-1.109950e+00,-6.936132e-01,-2.874895e-01,4.872990e-01,3.648708e-01,9.777180e-01,-1.328794e-01,-3.205200e-01
4.194463e+00,-4.043260e+00,-3.323307e+00,-9.899711e-01,-6.437599e-01,-1.777497e-01,4.065590e-01,4.556923e-01,9.910505e-01,-1.028125e-01,-2.641835e-01
3.774674e+00,-4.424580e+00,-3.375905e+00,-1.226250e+00,-7.116853e-01,-3.519269e-01,2.500213e-01,3.532012e-01,8.775071e-01,-1.064383e-01,-2.771858e-01
3.800395e+00,-4.343304e+00,-3.323244e+00,-1.205493e+00,-6.834344e-01,-2.908463e-01,2.884800e-01,3.985572e-01,8.947193e-01,-1.233447e-01,-1.374798e-01
3.954911e+00,-4.108179e+00,-3.176771e+00,-1.265808e+00,-5.342130e-01,-2.347566e-01,3.264484e-01,6.040816e-01,8.198565e-01,-8.372315e-02,-1.756442e-01
4.072796e+00,-3.994699e+00,-3.181764e+00,-1.252367e+00,-5.519643e-01,-2.121594e-01,2.473289e-01,5.966980e-01,9.027129e-01,-2.064914e-01,-2.099591e-01
4.132731e+00,-4.186484e+00,-3.055965e+00,-1.275093e+00,-5.348371e-01,-1.902758e-01,2.838830e-01,5.839244e-01,9.236636e-01,-1.613521e-01,-1.332131e-01
3.766218e+00,-4.362256e+00,-3.204374e+00,-1.338964e+00,-5.751786e-01,-2.917909e-01,2.781212e-01,4.709469e-01,8.674996e-01,-1.098425e-01,-9.867934e-02
3.738748e+00,-4.493532e+00,-3.234094e+00,-1.418118e+00,-5.675920e-01,-3.417213e-01,2.087246e-01,4.728431e-01,8.379147e-01,-6.920304e-02,-1.576668e-01
4.005948e+00,-4.190760e+00,-3.110683e+00,-1.314028e+00,-4.980281e-01,-2.593507e-01,2.737272e-01,6.143123e-01,8.995734e-01,-6.616827e-02,-2.358468e-01
4.206405e+00,-4.159241e+00,-3.238824e+00,-1.149383e+00,-7.047603e-01,-1.713151e-01,2.886332e-01,5.273643e-01,8.690185e-01,-1.017032e-01,-3.075939e-01
4.202758e+00,-4.102536e+00,-3.225966e+00,-1.078607e+00,-6.460285e-01,-2.198920e-01,4.739317e-01,4.063458e-01,9.798007e-01,-9.434505e-02,-2.593219e-01
4.011992e+00,-4.203076e+00,-3.385400e+00,-1.060204e+00,-7.320253e-01,-2.845310e-01,3.893487e-01,3.383481e-01,9.914236e-01,-1.058761e-01,-2.427101e-01
3.730617e+00,-4.306500e+00,-3.492671e+00,-1.174657e+00,-6.564703e-01,-3.669411e-01,3.512214e-01,3.355488e-01,1.013215e+00,-6.024847e-02,-2.373796e-01
4.043619e+00,-4.237521e+00,-3.199439e+00,-1.168586e+00,-6.057615e-01,-2.283515e-01,3.551390e-01,4.413526e-01,9.554287e-01,-1.412462e-01,-1.203449e-01
4.033870e+00,-4.219594e+00,-3.155872e+00,-1.316220e+00,-5.823233e-01,-2.794970e-01,3.415699e-01,4.818135e-01,8.819145e-01,-1.619424e-01,-2.073312e-01
4.210616e+00,-4.006123e+00,-3.086144e+00,-1.161746e+00,-5.611866e-01,-1.915128e-01,2.859767e-01,5.719168e-01,9.154976e-01,-1.443584e-01,-2.274436e-01
3.926427e+00,-4.206434e+00,-3.240382e+00,-1.351319e+00,-5.430329e-01,-2.499864e-01,2.458515e-01,5.666200e-01,9.247466e-01,-1.956524e-01,-1.290938e-01
3.856102e+00,-4.312222e+00,-3.174411e+00,-1.287285e+00,-5.227675e-01,-2.701746e-01,2.568353e-01,5.407997e-01,8.228758e-01,-2.801841e-02,-1.371725e-01
3.730142e+00,-4.388001e+00,-3.202193e+00,-1.360903e+00,-5.496091e-01,-3.415024e-01,2.917039e-01,5.493912e-01,8.083571e-01,5.469023e-02,-1.725023e-01
4.133746e+00,-4.248960e+00,-3.183980e+00,-1.229834e+00,-6.543023e-01,-2.099339e-01,2.650092e-01,4.849302e-01,9.461347e-01,-2.001851e-01,-1.618066e-01
4.283288e+00,-4.095463e+00,-3.155969e+00,-1.251817e+00,-4.878966e-01,-2.471764e-01,3.553837e-01,5.425965e-01,9.200045e-01,-1.107141e-01,-3.184426e-01
4.165795e+00,-4.168018e+00,-3.246680e+00,-1.157190e+00,-6.506361e-01,-2.978494e-01,4.397774e-01,4.048722e-01,9.549232e-01,-1.058066e-01,-2.772291e-01
4.032530e+00,-4.404685e+00,-3.338107e+00,-1.078399e+00,-8.058238e-01,-2.603976e-01,3.740035e-01,2.940944e-01,1.031771e+00,-1.534461e-01,-1.621015e-01
3.880102e+00,-4.235430e+00,-3.379492e+00,-1.041833e+00,-6.414819e-01,-2.863675e-01,4.134940e-01,3.469571e-01,9.691572e-01,9.444440e-03,-2.033529e-01
3.934186e+00,-4.219368e+00,-3.410530e+00,-1.228907e+00,-6.919069e-01,-2.305144e-01,2.292700e-01,4.595632e-01,9.620416e-01,-1.955475e-01,-1.785666e-01
4.249354e+00,-4.024136e+00,-3.074535e+00,-1.141112e+00,-5.482738e-01,-2.272934e-01,4.099322e-01,5.116084e-01,9.819365e-01,-1.571079e-01,-2.130868e-01
3.980699e+00,-4.230252e+00,-3.170082e+00,-1.335375e+00,-6.453627e-01,-2.886767e-01,2.962299e-01,5.131089e-01,8.193311e-01,-1.651276e-01,-2.012228e-01
3.948862e+00,-4.201728e+00,-3.127815e+00,-1.265471e+00,-4.846308e-01,-2.456465e-01,3.541790e-01,5.132210e-01,9.234479e-01,-1.174483e-01,-1.100704e-01
3.682348e+00,-4.408902e+00,-3.297844e+00,-1.407841e+00,-5.231102e-01,-3.442991e-01,1.451859e-01,5.179610e-01,8.441840e-01,-8.848529e-02,-1.373697e-01
3.918397e+00,-4.369894e+00,-3.158346e+00,-1.360174e+00,-5.897795e-01,-2.937253e-01,2.047230e-01,5.687783e-01,8.319068e-01,-8.636290e-02,-1.535747e-01
4.196201e+00,-4.168489e+00,-3.027872e+00,-1.260943e+00,-5.101429e-01,-2.497846e-01,4.074300e-01,5.517714e-01,8.404638e-01,-7.637525e-02,-2.349059e-01
4.089785e+00,-4.181029e+00,-3.151366e+00,-1.325685e+00,-5.532208e-01,-2.834055e-01,3.218992e-01,5.722665e-01,7.972355e-01,-4.226313e-02,-3.198643e-01
4.060255e+00,-4.063500e+00,-3.226468e+00,-1.150213e+00,-5.498869e-01,-2.222650e-01,3.013002e-01,5.270165e-01,9.619430e-01,-8.883023e-02,-2.971059e-01
3.841576e+00,-4.376187e+00,-3.371009e+00,-1.190465e+00,-6.286652e-01,-3.697752e-01,3.983094e-01,3.245699e-01,9.389677e-01,-4.281325e-02,-2.848970e-01
3.765086e+00,-4.304985e+00,-3.395631e+00,-1.200847e+00,-6.381209e-01,-4.330397e-01,4.582717e-01,3.447384e-01,8.157998e-01,6.814445e-02,-3.168199e-01
4.087888e+00,-4.132277e+00,-3.162945e+00,-1.195973e+00,-5.439134e-01,-3.080495e-01,4.673543e-01,4.411633e-01,9.381703e-01,-9.313605e-02,-2.444798e-01
4.159544e+00,-4.130746e+00,-3.246464e+00,-1.255037e+00,-5.810877e-01,-2.850016e-01,2.986851e-01,5.057533e-01,9.438240e-01,-1.674509e-01,-2.781593e-01
4.080490e+00,-4.107062e+00,-3.151819e+00,-1.226763e+00,-5.190299e-01,-2.044198e-01,3.417186e-01,5.552129e-01,9.168549e-01,-1.446876e-01,-1.523669e-01
3.771717e+00,-4.290016e+00,-3.201968e+00,-1.297739e+00,-5.648582e-01,-3.190936e-01,3.036671e-01,5.175639e-01,7.669412e-01,-1.643694e-02,-2.031224e-01
3.669825e+00,-4.482602e+00,-3.368322e+00,-1.270662e+00,-8.036862e-01,-2.246264e-01,9.048653e-02,5.229565e-01,8.564689e-01,-1.407068e-01,-5.802706e-02
4.148164e+00,-4.189495e+00,-3.049141e+00,-1.299406e+00,-4.269578e-01,-2.262802e-01,2.904900e-01,5.935325e-01,9.174783e-01,-9.223811e-02,-1.856637e-01
4.126762e+00,-4.279880e+00,-3.126017e+00,-1.412335e+00,-5.174450e-01,-2.931119e-01,2.648544e-01,6.052314e-01,7.658000e-01,-4.575095e-02,-2.998065e-01
4.193748e+00,-4.070469e+00,-3.064155e+00,-1.178923e+00,-5.354617e-01,-2.306802e-01,3.941108e-01,5.411313e-01,8.859442e-01,-6.530093e-02,-2.478250e-01
3.954031e+00,-4.396104e+00,-3.274274e+00,-1.267850e+00,-7.293760e-01,-2.499433e-01,2.673120e-01,4.702058e-01,8.837730e-01,-7.708439e-02,-2.342038e-01
3.829868e+00,-4.268382e+00,-3.359440e+00,-1.217999e+00,-4.969257e-01,-3.978222e-01,4.082087e-01,3.587446e-01,9.497759e-01,2.263118e-02,-2.957953e-01
3.981939e+00,-4.191783e+00,-3.422416e+00,-1.029890e+00,-7.028616e-01,-2.466099e-01,4.177101e-01,3.545609e-01,1.010584e+00,-8.603266e-02,-2.027786e-01
4.059808e+00,-4.142191e+00,-3.275591e+00,-1.141205e+00,-6.955194e-01,-3.188546e-01,4.031812e-01,4.346822e-01,9.157093e-01,-6.203131e-02,-2.877099e-01
4.185470e+00,-4.027735e+00,-3.184777e+00,-1.122497e+00,-6.275885e-01,-1.835351e-01,3.698141e-01,5.321536e-01,9.028075e-01,-1.073332e-01,-2.500659e-01
4.006487e+00,-4.203082e+00,-3.267712e+00,-1.281371e+00,-6.026797e-01,-2.624739e-01,2.835126e-01,4.828453e-01,9.497852e-01,-2.238930e-01,-1.426335e-01
3.805653e+00,-4.285872e+00,-3.188517e+00,-1.267745e+00,-4.951512e-01,-2.836806e-01,2.840612e-01,5.204100e-01,9.165301e-01,-3.506064e-02,-1.177470e-01
3.801940e+00,-4.300275e+00,-3.169159e+00,-1.264737e+00,-5.707407e-01,-2.491238e-01,2.444570e-01,5.036374e-01,8.811642e-01,-1.229028e-01,-7.757868e-02
3.993261e+00,-4.207451e+00,-3.114192e+00,-1.365060e+00,-5.092498e-01,-2.611895e-01,2.847392e-01,6.291157e-01,7.412415e-01,1.405663e-02,-3.043612e-01
4.203249e+00,-4.023053e+00,-3.099389e+00,-1.269140e+00,-4.837399e-01,-2.047408e-01,2.802985e-01,6.324688e-01,8.705889e-01,-1.131656e-01,-2.817397e-01
4.052369e+00,-4.180883e+00,-3.181416e+00,-1.259271e+00,-6.049894e-01,-2.890885e-01,3.203929e-01,4.919705e-01,9.147891e-01,-1.309859e-01,-2.358688e-01
3.913826e+00,-4.334955e+00,-3.253438e+00,-1.182901e+00,-6.200950e-01,-2.370347e-01,3.439935e-01,4.798521e-01,8.993046e-01,8.177809e-04,-1.561272e-01
3.786563e+00,-4.335036e+00,-3.392339e+00,-1.179699e+00,-6.655897e-01,-3.267956e-01,3.355667e-01,3.327121e-01,9.294039e-01,-5.266754e-02,-2.331011e-01
4.030533e+00,-4.159023e+00,-3.431280e+00,-1.053809e+00,-7.759542e-01,-1.982860e-01,3.116732e-01,4.409358e-01,9.919062e-01,-1.439720e-01,-2.662945e-01
4.214166e+00,-3.994078e+00,-3.230847e+00,-1.070556e+00,-6.134842e-01,-2.280466e-01,4.297225e-01,4.562847e-01,9.441060e-01,-9.915871e-02,-3.202146e-01
4.009335e+00,-4.139533e+00,-3.289948e+00,-1.212153e+00,-6.498296e-01,-3.133808e-01,4.099758e-01,3.937151e-01,9.098063e-01,-1.752550e-01,-1.917203e-01
4.047792e+00,-4.190537e+00,-3.144197e+00,-1.176583e+00,-5.527883e-01,-2.346651e-01,3.696232e-01,4.490227e-01,9.717932e-01,-1.176980e-01,-1.494551e-01
3.570756e+00,-4.308676e+00,-3.342391e+00,-1.349660e+00,-5.357106e-01,-3.308475e-01,1.983864e-01,5.591247e-01,8.764796e-01,-2.294356e-02,-1.618282e-01
3.868870e+00,-4.269301e+00,-3.124684e+00,-1.373015e+00,-4.831292e-01,-2.989994e-01,2.849157e-01,5.827897e-01,8.023815e-01,-2.318148e-02,-1.826922e-01
4.086404e+00,-4.167925e+00,-3.042356e+00,-1.298625e+00,-5.021159e-01,-2.254403e-01,3.457603e-01,6.036020e-01,8.140246e-01,-4.072926e-02,-2.375915e-01
4.196455e+00,-4.252451e+00,-2.975896e+00,-1.393154e+00,-4.896771e-01,-3.058725e-01,2.869126e-01,5.901279e-01,8.216422e-01,-6.100088e-02,-2.953167e-01
4.114696e+00,-4.230808e+00,-3.173283e+00,-1.274669e+00,-5.578820e-01,-1.793888e-01,2.318837e-01,6.097414e-01,9.055242e-01,-1.252869e-01,-1.907540e-01
3.852508e+00,-4.388212e+00,-3.307321e+00,-1.241119e+00,-6.632866e-01,-2.898475e-01,2.616982e-01,4.199221e-01,8.858541e-01,-1.379523e-01,-1.412862e-01
3.650216e+00,-4.325402e+00,-3.402153e+00,-1.204117e+00,-7.235502e-01,-3.113857e-01,3.229457e-01,3.882893e-01,9.042035e-01,-9.122929e-02,-1.519001e-01
4.212333e+00,-4.084850e+00,-3.279252e+00,-9.636646e-01,-7.073263e-01,-2.035344e-01,4.572863e-01,3.655878e-01,1.048339e+00,-1.246575e-01,-2.578433e-01
4.097339e+00,-4.029895e+00,-3.292768e+00,-1.239606e+00,-5.027485e-01,-3.480602e-01,4.422890e-01,4.280284e-01,9.539182e-01,-1.079082e-01,-3.761349e-01
4.137836e+00,-4.056466e+00,-3.134165e+00,-1.177139e+00,-5.065486e-01,-2.600919e-01,4.591360e-01,4.831958e-01,9.483990e-01,-9.701035e-02,-2.366055e-01
3.706515e+00,-4.314913e+00,-3.295633e+00,-1.256054e+00,-6.701649e-01,-3.376963e-01,3.093223e-01,4.548793e-01,8.485329e-01,-2.084301e-02,-2.314813e-01
3.820832e+00,-4.419178e+00,-3.241619e+00,-1.247036e+00,-6.450825e-01,-2.432047e-01,2.107894e-01,4.543178e-01,9.066275e-01,-1.679514e-01,-2.661737e-02
3.943094e+00,-4.143499e+00,-3.261370e+00,-1.219866e+00,-6.014804e-01,-8.637680e-02,1.567215e-01,6.471809e-01,9.277755e-01,-1.514811e-01,-1.273827e-01
4.114977e+00,-4.160077e+00,-3.108167e+00,-1.327648e+00,-5.229582e-01,-2.791768e-01,2.968117e-01,6.202759e-01,8.032376e-01,-7.218962e-02,-2.438153e-01
4.071096e+00,-4.126109e+00,-2.984454e+00,-1.348021e+00,-4.597730e-01,-3.094727e-01,3.657415e-01,5.993286e-01,7.678381e-01,-4.812453e-02,-2.736613e-01
3.895267e+00,-4.347618e+00,-3.217137e+00,-1.356212e+00,-5.791731e-01,-3.291578e-01,2.793092e-01,4.740054e-01,7.803507e-01,-1.187954e-01,-2.484588e-01
3.820785e+00,-4.270557e+00,-3.247932e+00,-1.257862e+00,-4.866027e-01,-2.865760e-01,2.497471e-01,4.475853e-01,9.174051e-01,-8.512723e-02,-2.282147e-01
3.984535e+00,-4.244340e+00,-3.251335e+00,-1.172459e+00,-6.112721e-01,-2.788206e-01,3.495415e-01,4.347758e-01,9.905157e-01,-1.166524e-01,-1.755737e-01
4.145337e+00,-4.101472e+00,-3.148939e+00,-1.187866e+00,-5.414024e-01,-3.439390e-01,5.377812e-01,4.150312e-01,9.002409e-01,-2.276920e-02,-3.327801e-01
4.109574e+00,-4.006899e+00,-3.251967e+00,-1.099040e+00,-6.312150e-01,-2.298905e-01,4.710478e-01,4.157652e-01,9.938979e-01,-1.449246e-01,-2.644199e-01
4.013642e+00,-4.052049e+00,-3.334057e+00,-1.123112e+00,-5.934511e-01,-2.651047e-01,3.507207e-01,4.730689e-01,9.658494e-01,-7.278032e-02,-2.775549e-01
3.749427e+00,-4.363449e+00,-3.318811e+00,-1.298127e+00,-5.777205e-01,-3.596859e-01,2.958503e-01,4.145552e-01,9.086081e-01,-5.621721e-02,-1.862754e-01
3.839562e+00,-4.362583e+00,-3.179019e+00,-1.304161e+00,-5.696440e-01,-2.851956e-01,3.093340e-01,5.016407e-01,8.642496e-01,-4.301416e-02,-8.701765e-02
3.872305e+00,-4.166872e+00,-3.161290e+00,-1.374672e+00,-5.256846e-01,-3.428509e-01,3.318370e-01,5.393080e-01,7.907176e-01,-7.635460e-02,-2.269072e-01
4.192246e+00,-4.087035e+00,-2.985960e+00,-1.381470e+00,-3.918406e-01,-2.906711e-01,2.487845e-01,6.590910e-01,8.369850e-01,-9.790093e-02,-2.999347e-01
4.099136e+00,-4.209452e+00,-3.101587e+00,-1.355699e+00,-4.844253e-01,-2.460421e-01,2.836664e-01,5.767912e-01,8.683930e-01,-1.145589e-01,-2.232477e-01
3.868474e+00,-4.239550e+00,-3.134090e+00,-1.274968e+00,-5.238303e-01,-2.716548e-01,2.468041e-01,5.834471e-01,7.084049e-01,3.052880e-02,-2.297614e-01
3.712239e+00,-4.424182e+00,-3.286004e+00,-1.303296e+00,-6.388850e-01,-2.875956e-01,2.434654e-01,5.032385e-01,8.951775e-01,-2.111340e-02,-1.369669e-01
4.086612e+00,-4.117987e+00,-3.271321e+00,-1.112603e+00,-6.593344e-01,-1.554614e-01,2.331945e-01,5.364290e-01,9.214601e-01,-1.294960e-01,-2.342642e-01
4.141056e+00,-4.079332e+00,-3.290857e+00,-1.171424e+00,-5.639683e-01,-3.144733e-01,4.703928e-01,4.268047e-01,9.494407e-01,-6.240244e-02,-3.229603e-01
4.271040e+00,-4.090740e+00,-3.239700e+00,-1.021406e+00,-6.988386e-01,-2.034097e-01,4.394707e-01,4.283046e-01,9.527586e-01,-7.150402e-02,-2.916000e-01
3.936690e+00,-4.221703e+00,-3.347778e+00,-1.124951e+00,-6.934698e-01,-3.116360e-01,4.393873e-01,3.730383e-01,9.947528e-01,-7.979774e-02,-2.217549e-01
3.685072e+00,-4.385289e+00,-3.344141e+00,-1.385499e+00,-5.480207e-01,-4.033767e-01,2.388107e-01,4.095028e-01,8.632792e-01,-5.473723e-02,-2.458945e-01
3.789133e+00,-4.224963e+00,-3.238147e+00,-1.319842e+00,-4.839353e-01,-3.174185e-01,3.414939e-01,4.981905e-01,8.630428e-01,-2.890499e-02,-2.599036e-01
3.992139e+00,-4.068146e+00,-3.090663e+00,-1.261069e+00,-5.058021e-01,-2.695713e-01,3.415932e-01,5.940070e-01,8.097267e-01,-1.211613e-02,-3.048554e-01
4.077425e+00,-4.057574e+00,-3.074989e+00,-1.301008e+00,-4.868798e-01,-2.409411e-01,3.142871e-01,6.521586e-01,7.779795e-01,-1.095667e-02,-2.914799e-01
3.893132e+00,-4.134915e+00,-3.218354e+00,-1.356314e+00,-5.047559e-01,-2.938330e-01,2.477321e-01,5.780214e-01,8.008921e-01,-1.259213e-01,-2.750361e-01
3.745725e+00,-4.343229e+00,-3.252339e+00,-1.260084e+00,-6.241202e-01,-2.071453e-01,1.660008e-01,5.557072e-01,8.832471e-01,-1.012665e-01,-4.967401e-02
3.786992e+00,-4.315833e+00,-3.113870e+00,-1.333327e+00,-4.431386e-01,-3.654037e-01,3.773124e-01,4.918960e-01,8.870673e-01,1.199805e-02,-1.373249e-01
4.087490e+00,-4.210192e+00,-3.177355e+00,-1.246702e+00,-5.755437e-01,-2.807786e-01,4.059214e-01,4.454386e-01,9.426230e-01,-1.608092e-01,-1.432533e-01
4.107365e+00,-3.977197e+00,-3.243341e+00,-1.221973e+00,-4.781584e-01,-3.309789e-01,4.594419e-01,4.744210e-01,9.255720e-01,-8.532323e-02,-3.699796e-01
4.053400e+00,-4.027419e+00,-3.320566e+00,-1.036787e+00,-7.242457e-01,-2.459520e-01,3.702784e-01,4.163463e-01,9.828379e-01,-1.897165e-01,-2.425038e-01
3.872532e+00,-4.369450e+00,-3.404217e+00,-1.121011e+00,-7.562099e-01,-3.010050e-01,3.990287e-01,2.886895e-01,9.810534e-01,-1.219339e-01,-2.019307e-01
3.984293e+00,-4.324149e+00,-3.218306e+00,-1.109320e+00,-5.798102e-01,-2.024074e-01,3.559424e-01,4.445414e-01,9.692086e-01,-5.846249e-02,-1.099352e-01
3.854904e+00,-4.156589e+00,-3.325075e+00,-1.263295e+00,-6.281954e-01,-2.519630e-01,2.364196e-01,5.194257e-01,8.858179e-01,-1.574520e-01,-2.323298e-01
4.112459e+00,-4.012947e+00,-3.083445e+00,-1.232978e+00,-5.182324e-01,-2.197093e-01,3.044302e-01,6.121830e-01,8.601733e-01,-1.095293e-01,-2.591214e-01
4.116765e+00,-4.299131e+00,-3.008810e+00,-1.441690e+00,-4.473781e-01,-3.299235e-01,3.585273e-01,6.004762e-01,7.466313e-01,2.979135e-02,-3.110710e-01
3.789973e+00,-4.167451e+00,-3.160369e+00,-1.325145e+00,-4.990819e-01,-2.697400e-01,2.481206e-01,6.085464e-01,7.595585e-01,-1.308423e-02,-1.956900e-01
3.677129e+00,-4.361594e+00,-3.220907e+00,-1.416269e+00,-4.749780e-01,-3.431721e-01,1.606446e-01,5.950559e-01,8.200509e-01,-7.434754e-03,-1.961464e-01
3.811141e+00,-4.157714e+00,-3.251012e+00,-1.243236e+00,-5.673474e-01,-2.652588e-01,2.918972e-01,5.325591e-01,8.704068e-01,-9.913740e-02,-1.535772e-01
3.999778e+00,-4.092595e+00,-3.158361e+00,-1.226913e+00,-5.787614e-01,-2.134078e-01,3.560821e-01,5.517480e-01,8.629383e-01,-8.094484e-02,-2.016669e-01
4.100954e+00,-4.049605e+00,-3.238161e+00,-1.134792e+00,-6.555647e-01,-2.770203e-01,3.599799e-01,4.692527e-01,8.542654e-01,-8.463338e-02,-3.483692e-01
4.090758e+00,-4.061236e+00,-3.274725e+00,-1.136719e+00,-5.228409e-01,-2.942791e-01,4.520424e-01,4.314169e-01,1.001487e+00,-7.359350e-02,-3.088706e-01
3.775940e+00,-4.164515e+00,-3.316964e+00,-1.199181e+00,-4.815609e-01,-4.049366e-01,4.594817e-01,3.966197e-01,8.631585e-01,1.116524e-01,-3.652259e-01
3.754820e+00,-4.365043e+00,-3.411499e+00,-1.189975e+00,-7.292013e-01,-3.396288e-01,3.635866e-01,3.593728e-01,8.927926e-01,-4.266240e-02,-1.936801e-01
4.096792e+00,-4.132024e+00,-3.139457e+00,-1.152194e+00,-6.158914e-01,-2.079703e-01,3.442075e-01,5.005498e-01,9.619026e-01,-9.338669e-02,-2.298963e-01
4.059889e+00,-4.086476e+00,-3.236994e+00,-1.309492e+00,-5.570923e-01,-2.413533e-01,2.490268e-01,5.568020e-01,9.068106e-01,-1.735179e-01,-2.477638e-01
4.116373e+00,-4.130669e+00,-3.128023e+00,-1.271593e+00,-5.199312e-01,-2.087094e-01,3.020986e-01,6.138228e-01,8.405105e-01,-3.718603e-02,-2.786422e-01
3.652059e+00,-4.315501e+00,-3.216796e+00,-1.370841e+00,-6.164485e-01,-3.003529e-01,1.709489e-01,5.796547e-01,7.323489e-01,-2.038890e-02,-2.315907e-01
3.682597e+00,-4.383049e+00,-3.203374e+00,-1.349424e+00,-5.566510e-01,-2.866399e-01,1.974001e-01,5.412741e-01,8.288100e-01,-3.309118e-02,-1.250231e-01
3.953701e+00,-4.165311e+00,-3.106105e+00,-1.384476e+00,-4.094576e-01,-2.487088e-01,2.349179e-01,6.316238e-01,8.411614e-01,-6.686269e-02,-1.934318e-01
4.062361e+00,-4.082922e+00,-3.225261e+00,-1.267814e+00,-5.412118e-01,-3.066695e-01,3.745100e-01,5.092080e-01,9.099073e-01,-1.371534e-01,-2.043987e-01
4.137347e+00,-4.026236e+00,-3.057455e+00,-1.164582e+00,-5.740371e-01,-2.201456e-01,3.809708e-01,5.322987e-01,8.942359e-01,-1.084594e-01,-2.511518e-01
3.892495e+00,-4.263286e+00,-3.366293e+00,-1.172774e+00,-7.156941e-01,-2.794279e-01,3.521695e-01,3.854252e-01,9.050203e-01,-1.100761e-01,-2.446677e-01
3.751713e+00,-4.190034e+00,-3.421780e+00,-1.122250e+00,-5.602534e-01,-3.416415e-01,4.018522e-01,3.266879e-01,1.016441e+00,-4.714441e-02,-2.114565e-01
3.828621e+00,-4.165621e+00,-3.329941e+00,-1.169136e+00,-6.067323e-01,-2.924882e-01,3.599769e-01,4.393746e-01,9.515428e-01,-4.535507e-02,-2.619872e-01
3.999148e+00,-4.135308e+00,-3.124156e+00,-1.287412e+00,-5.696398e-01,-3.206040e-01,4.046061e-01,4.772569e-01,8.569461e-01,-7.151975e-02,-3.148839e-01
4.062540e+00,-4.015854e+00,-3.229695e+00,-1.120630e+00,-6.749720e-01,-1.441418e-01,3.157055e-01,5.424407e-01,8.647787e-01,-1.505668e-01,-2.469614e-01
3.968844e+00,-4.194386e+00,-3.175715e+00,-1.363066e+00,-4.573894e-01,-3.433486e-01,3.053379e-01,5.390510e-01,8.461881e-01,-8.028134e-02,-2.870950e-01
3.633153e+00,-4.330815e+00,-3.172044e+00,-1.426292e+00,-4.403661e-01,-3.297115e-01,1.735362e-01,6.342965e-01,7.386469e-01,5.331686e-02,-2.171117e-01
3.795891e+00,-4.276418e+00,-3.114206e+00,-1.311253e+00,-5.060160e-01,-2.659866e-01,2.618737e-01,5.503430e-01,7.651573e-01,-2.850594e-02,-2.130151e-01
3.826087e+00,-4.194981e+00,-3.226415e+00,-1.339903e+00,-6.262536e-01,-2.595627e-01,2.604389e-01,5.484930e-01,7.959237e-01,-1.369933e-01,-2.177795e-01
4.114927e+00,-3.874703e+00,-3.176177e+00,-1.128008e+00,-5.245377e-01,-2.090510e-01,2.914613e-01,6.115640e-01,9.147348e-01,-1.484285e-01,-2.323252e-01
3.924446e+00,-4.155802e+00,-3.289384e+00,-1.297455e+00,-5.709425e-01,-3.144685e-01,3.167566e-01,4.901782e-01,8.492078e-01,-1.167025e-01,-3.061821e-01
3.812857e+00,-4.167468e+00,-3.274041e+00,-1.149663e+00,-5.670307e-01,-3.125999e-01,4.273116e-01,4.198268e-01,8.586771e-01,1.320081e-03,-2.389464e-01
3.686298e+00,-4.299496e+00,-3.410810e+00,-1.139540e+00,-7.117324e-01,-2.843852e-01,3.272975e-01,3.855077e-01,9.294352e-01,-5.459219e-02,-1.915432e-01
3.927744e+00,-4.135841e+00,-3.376127e+00,-1.183916e+00,-5.972129e-01,-3.949814e-01,4.274448e-01,3.781309e-01,9.332469e-01,-4.848396e-02,-3.859991e-01
4.177540e+00,-3.997089e+00,-3.161534e+00,-1.156345e+00,-4.724201e-01,-2.513917e-01,4.589237e-01,5.082192e-01,9.384689e-01,-6.311688e-02,-3.138495e-01
4.001280e+00,-4.196283e+00,-3.200046e+00,-1.320621e+00,-6.155232e-01,-2.930323e-01,2.861878e-01,5.051527e-01,8.123046e-01,-1.332879e-01,-2.530250e-01
3.890040e+00,-4.119518e+00,-3.088720e+00,-1.212591e+00,-5.303877e-01,-2.074431e-01,3.230009e-01,5.941348e-01,9.158415e-01,-6.945100e-02,-1.290835e-01
3.562402e+00,-4.331352e+00,-3.316482e+00,-1.438332e+00,-5.236214e-01,-3.594417e-01,1.113695e-01,5.671893e-01,7.110023e-01,-3.047774e-02,-2.585623e-01
3.811913e+00,-4.334497e+00,-3.207690e+00,-1.395706e+00,-5.146942e-01,-3.202882e-01,2.738611e-01,5.003672e-01,8.984290e-01,-1.625599e-01,-7.176947e-02
4.066385e+00,-4.095817e+00,-3.081117e+00,-1.216243e+00,-5.570675e-01,-1.660641e-01,2.873553e-01,6.486680e-01,8.190885e-01,-2.638177e-02,-1.904896e-01
3.888396e+00,-4.088727e+00,-3.212922e+00,-1.364409e+00,-5.608614e-01,-3.679876e-01,3.052113e-01,5.493026e-01,7.537404e-01,-4.381760e-02,-3.175345e-01
4.061439e+00,-4.091501e+00,-3.178112e+00,-1.209180e+00,-5.352116e-01,-1.581268e-01,3.154441e-01,5.726461e-01,9.862474e-01,-1.668283e-01,-1.058292e-01
3.654334e+00,-4.271199e+00,-3.392199e+00,-1.274274e+00,-6.043080e-01,-3.828427e-01,2.926027e-01,3.581857e-01,9.041898e-01,-1.281466e-01,-1.985118e-01
3.797223e+00,-4.346051e+00,-3.420056e+00,-1.100288e+00,-7.730104e-01,-3.129365e-01,3.635781e-01,3.051204e-01,9.915807e-01,-1.158032e-01,-1.735968e-01
4.186778e+00,-4.069207e+00,-3.302723e+00,-9.687978e-01,-7.271701e-01,-2.173105e-01,4.894652e-01,2.943285e-01,1.044370e+00,-1.893802e-01,-2.371560e-01
4.092218e+00,-4.109654e+00,-3.307081e+00,-1.219854e+00,-6.681922e-01,-2.244600e-01,3.235008e-01,4.643607e-01,9.754597e-01,-1.910038e-01,-2.731384e-01
4.047472e+00,-3.943629e+00,-3.149804e+00,-1.140442e+00,-5.367339e-01,-1.991416e-01,3.156533e-01,6.356540e-01,8.433588e-01,-1.262683e-02,-2.878591e-01
3.625124e+00,-4.416280e+00,-3.321212e+00,-1.404875e+00,-6.553188e-01,-3.580722e-01,2.065904e-01,5.159273e-01,7.492777e-01,4.948642e-02,-2.322627e-01
3.731813e+00,-4.270802e+00,-3.240357e+00,-1.238670e+00,-5.643700e-01,-2.410045e-01,2.514737e-01,5.070814e-01,9.004621e-01,-5.363894e-02,-2.965976e-02
3.877495e+00,-4.186943e+00,-3.186239e+00,-1.424692e+00,-4.401723e-01,-3.327759e-01,2.541588e-01,5.934924e-01,8.038255e-01,-5.486442e-02,-2.783892e-01
3.976625e+00,-4.020512e+00,-3.136060e+00,-1.310598e+00,-5.347646e-01,-2.571067e-01,2.522412e-01,6.383311e-01,8.420365e-01,-6.778695e-02,-2.850159e-01
3.922742e+00,-4.069117e+00,-3.108878e+00,-1.331485e+00,-4.644174e-01,-3.133333e-01,4.134792e-01,5.269323e-01,8.596022e-01,-9.245672e-02,-2.067229e-01
3.833933e+00,-4.237615e+00,-3.258063e+00,-1.294116e+00,-5.727687e-01,-3.252624e-01,3.303609e-01,4.641312e-01,8.669646e-01,-5.218684e-02,-1.634975e-01
3.654837e+00,-4.305719e+00,-3.406449e+00,-1.267554e+00,-6.137811e-01,-3.476022e-01,2.346169e-01,4.109718e-01,9.534131e-01,-1.085989e-01,-1.668784e-01
4.002435e+00,-4.100382e+00,-3.271317e+00,-1.104814e+00,-5.633244e-01,-2.822032e-01,4.058410e-01,4.617899e-01,9.202329e-01,-2.954003e-02,-2.470560e-01
3.905451e+00,-4.138831e+00,-3.346917e+00,-1.211791e+00,-6.589150e-01,-3.475222e-01,4.803466e-01,3.940505e-01,9.029207e-01,-1.631620e-02,-3.501385e-01
4.156888e+00,-3.950447e+00,-3.246686e+00,-1.030789e+00,-5.794234e-01,-2.940964e-01,5.264147e-01,4.433040e-01,9.028586e-01,-7.215359e-03,-3.231050e-01
3.927044e+00,-4.175931e+00,-3.234192e+00,-1.321811e+00,-5.280933e-01,-3.538043e-01,3.109949e-01,4.886611e-01,8.508705e-01,-5.361447e-02,-3.846367e-01
3.722435e+00,-4.277258e+00,-3.273118e+00,-1.300325e+00,-5.437319e-01,-3.033866e-01,2.473590e-01,4.609723e-01,8.660981e-01,-1.591367e-01,-1.498700e-01
3.857922e+00,-4.414374e+00,-3.126941e+00,-1.335263e+00,-5.363051e-01,-2.702569e-01,3.000125e-01,5.318449e-01,8.296875e-01,-3.570579e-02,-1.528894e-01
3.920451e+00,-4.250992e+00,-3.077729e+00,-1.395437e+00,-5.365124e-01,-3.019272e-01,2.737621e-01,5.510863e-01,8.507902e-01,-1.122668e-01,-1.907318e-01
4.147536e+00,-4.060743e+00,-3.041924e+00,-1.350466e+00,-3.817134e-01,-2.931971e-01,3.516211e-01,5.528632e-01,9.593763e-01,-2.339374e-01,-1.320838e-01
3.887223e+00,-4.085068e+00,-3.235157e+00,-1.328767e+00,-5.149592e-01,-2.770942e-01,3.024798e-01,5.666700e-01,8.654962e-01,-1.248585e-01,-1.839882e-01
3.794158e+00,-4.213483e+00,-3.166952e+00,-1.273186e+00,-5.036524e-01,-3.127713e-01,3.484858e-01,5.380925e-01,8.452655e-01,-6.372258e-03,-1.812748e-01
3.655822e+00,-4.314489e+00,-3.307956e+00,-1.212256e+00,-6.375271e-01,-2.741616e-01,2.741713e-01,4.681062e-01,9.138249e-01,-6.110870e-02,-1.122045e-01
3.911906e+00,-4.132787e+00,-3.398416e+00,-1.164921e+00,-6.343578e-01,-2.596316e-01,3.298605e-01,4.268280e-01,9.839160e-01,-1.690603e-01,-1.936604e-01
4.163130e+00,-3.997756e+00,-3.218233e+00,-1.124470e+00,-5.526203e-01,-2.358972e-01,4.426723e-01,4.638004e-01,9.669915e-01,-9.224864e-02,-3.423854e-01
4.085662e+00,-4.057434e+00,-3.289490e+00,-1.075957e+00,-7.379996e-01,-3.047567e-01,3.961753e-01,4.214091e-01,8.704799e-01,-7.670189e-02,-4.009901e-01
3.860781e+00,-4.181544e+00,-3.303151e+00,-1.159741e+00,-6.168554e-01,-2.613760e-01,4.272838e-01,4.863229e-01,9.155964e-01,3.704058e-02,-2.414618e-01
3.661828e+00,-4.298425e+00,-3.461386e+00,-1.188742e+00,-7.293408e-01,-2.231474e-01,8.721262e-02,4.854212e-01,8.159692e-01,-1.252321e-01,-1.556859e-01
3.688865e+00,-4.265090e+00,-3.261107e+00,-1.410659e+00,-4.845413e-01,-3.573632e-01,2.495071e-01,5.684665e-01,8.074135e-01,-1.519663e-03,-2.499165e-01
4.156485e+00,-4.065105e+00,-2.999294e+00,-1.218182e+00,-5.136888e-01,-1.653409e-01,2.991897e-01,6.706733e-01,8.426699e-01,-7.967598e-02,-1.601178e-01
4.015576e+00,-4.095327e+00,-3.117902e+00,-1.319066e+00,-5.035241e-01,-2.677511e-01,3.809267e-01,5.852835e-01,8.508174e-01,-6.729495e-02,-2.266948e-01
3.922619e+00,-4.001513e+00,-3.183597e+00,-1.250848e+00,-4.485920e-01,-2.906855e-01,3.408649e-01,5.486938e-01,8.936627e-01,-1.139390e-01,-1.602949e-01
3.570886e+00,-4.282593e+00,-3.380746e+00,-1.284315e+00,-6.238335e-01,-3.260559e-01,2.214598e-01,4.327517e-01,9.642575e-01,-1.775483e-01,-6.803637e-02
3.689511e+00,-4.209740e+00,-3.257259e+00,-1.230030e+00,-6.012236e-01,-2.568681e-01,2.768064e-01,4.699008e-01,8.782947e-01,-9.117505e-02,-1.278175e-01
3.863995e+00,-4.102634e+00,-3.291658e+00,-1.234380e+00,-5.946468e-01,-3.058302e-01,4.347325e-01,4.540500e-01,9.125507e-01,-7.408404e-02,-2.113976e-01
4.123733e+00,-3.989553e+00,-3.305885e+00,-1.124456e+00,-6.491665e-01,-2.671040e-01,3.680472e-01,4.137018e-01,9.747539e-01,-1.744924e-01,-3.461057e-01
4.062833e+00,-4.024804e+00,-3.323261e+00,-1.073338e+00,-6.508817e-01,-2.143408e-01,3.949318e-01,4.128920e-01,1.011472e+00,-1.321067e-01,-3.051051e-01
3.860740e+00,-4.375474e+00,-3.344647e+00,-1.249230e+00,-6.424142e-01,-3.845217e-01,4.016888e-01,3.697295e-01,8.635634e-01,3.258237e-02,-2.488384e-01
3.820568e+00,-4.361814e+00,-3.314774e+00,-1.214023e+00,-6.378207e-01,-3.161359e-01,3.315982e-01,4.043069e-01,9.192752e-01,-4.017974e-02,-1.586601e-01
4.027803e+00,-4.216081e+00,-3.026667e+00,-1.430458e+00,-3.608447e-01,-4.022651e-01,3.209627e-01,6.061699e-01,7.918009e-01,1.878279e-02,-3.168803e-01
4.166247e+00,-4.137300e+00,-3.037093e+00,-1.360788e+00,-4.178673e-01,-2.455944e-01,2.985634e-01,6.527749e-01,8.338479e-01,-6.635513e-02,-2.279885e-01
3.971919e+00,-4.053760e+00,-3.115915e+00,-1.285251e+00,-5.171946e-01,-2.359695e-01,3.345497e-01,5.590339e-01,8.820213e-01,-1.282364e-01,-1.422202e-01
3.825918e+00,-4.105224e+00,-3.133799e+00,-1.218980e+00,-5.534758e-01,-2.139938e-01,2.956038e-01,6.279991e-01,8.521615e-01,-2.004783e-03,-1.415214e-01
3.561443e+00,-4.192594e+00,-3.376690e+00,-1.259958e+00,-6.068500e-01,-2.449023e-01,1.550828e-01,5.018156e-01,9.335352e-01,-1.784205e-01,-4.614204e-02
3.710311e+00,-4.117981e+00,-3.280539e+00,-1.295112e+00,-4.813599e-01,-2.925174e-01,2.949853e-01,5.905462e-01,8.439658e-01,-1.337039e-02,-1.287586e-01
3.966453e+00,-4.069939e+00,-3.213330e+00,-1.245998e+00,-5.413792e-01,-3.305981e-01,4.110309e-01,4.778603e-01,8.510412e-01,-2.339058e-02,-3.145243e-01
4.000502e+00,-3.939133e+00,-3.232654e+00,-1.130477e+00,-5.924800e-01,-2.829182e-01,4.147527e-01,5.077225e-01,8.555974e-01,-1.435268e-02,-3.506961e-01
3.899018e+00,-4.111781e+00,-3.418548e+00,-1.202667e+00,-6.219201e-01,-3.666348e-01,4.243483e-01,3.892380e-01,8.959072e-01,-5.009772e-02,-3.803365e-01
3.788686e+00,-4.256967e+00,-3.372627e+00,-1.168367e+00,-6.275908e-01,-2.728181e-01,2.869874e-01,4.950074e-01,8.555355e-01,7.649162e-02,-2.616351e-01
3.689971e+00,-4.344307e+00,-3.314192e+00,-1.256785e+00,-6.358917e-01,-3.697605e-01,3.354159e-01,4.251622e-01,8.629361e-01,1.956871e-02,-2.322120e-01
4.116394e+00,-4.123302e+00,-3.136219e+00,-1.133201e+00,-6.185681e-01,-1.628575e-01,3.172862e-01,5.572880e-01,8.700372e-01,-1.057917e-01,-1.614433e-01
4.033135e+00,-4.124245e+00,-3.156334e+00,-1.390025e+00,-5.185653e-01,-2.742045e-01,2.445971e-01,5.696668e-01,8.287678e-01,-1.968969e-01,-2.885221e-01
4.115033e+00,-4.086929e+00,-3.066030e+00,-1.279914e+00,-4.567161e-01,-2.496466e-01,3.355898e-01,5.879855e-01,8.948612e-01,-1.587733e-01,-1.790572e-01
3.664123e+00,-4.231526e+00,-3.181125e+00,-1.309788e+00,-5.430946e-01,-2.464519e-01,2.159258e-01,5.980905e-01,7.958615e-01,-5.121415e-02,-1.554724e-01
3.534993e+00,-4.319097e+00,-3.246594e+00,-1.372773e+00,-5.283426e-01,-3.540231e-01,2.472419e-01,4.534765e-01,8.107442e-01,-8.673041e-02,-1.198512e-01
3.769355e+00,-4.117344e+00,-3.307801e+00,-1.337779e+00,-5.129333e-01,-3.777867e-01,3.136372e-01,4.663361e-01,8.004380e-01,-1.064211e-01,-3.320712e-01
3.942274e+00,-3.915892e+00,-3.094294e+00,-1.330320e+00,-3.816497e-01,-3.599673e-01,3.965725e-01,5.885617e-01,8.814971e-01,-3.265412e-02,-3.366847e-01
4.114414e+00,-4.082088e+00,-3.252912e+00,-1.084828e+00,-6.696536e-01,-2.236632e-01,4.389578e-01,4.561255e-01,9.303119e-01,-1.107938e-01,-2.161598e-01
3.907390e+00,-4.158016e+00,-3.372262e+00,-1.047039e+00,-7.255202e-01,-2.122378e-01,3.778078e-01,4.301946e-01,8.761510e-01,4.087817e-03,-2.873642e-01
3.637231e+00,-4.326646e+00,-3.487118e+00,-1.188650e+00,-6.990111e-01,-3.055490e-01,2.562785e-01,4.229600e-01,9.575939e-01,-3.843095e-02,-1.561312e-01
3.829893e+00,-4.032063e+00,-3.289730e+00,-1.138000e+00,-5.444639e-01,-2.603491e-01,3.357713e-01,5.803810e-01,8.469188e-01,8.772956e-02,-3.028504e-01
4.027859e+00,-4.189944e+00,-3.078681e+00,-1.350128e+00,-5.147875e-01,-2.712100e-01,3.417726e-01,5.781050e-01,7.721135e-01,-9.929918e-03,-3.408697e-01
4.064049e+00,-4.054812e+00,-3.207527e+00,-1.130217e+00,-6.961561e-01,-1.352247e-01,2.937039e-01,4.949683e-01,9.701722e-01,-2.920353e-01,-9.909484e-02
3.867316e+00,-4.107212e+00,-3.106591e+00,-1.400069e+00,-4.005014e-01,-3.423092e-01,2.588720e-01,6.596733e-01,7.877116e-01,2.947366e-02,-2.636614e-01
3.465696e+00,-4.291167e+00,-3.326153e+00,-1.487377e+00,-4.714512e-01,-4.279359e-01,2.287234e-01,5.339756e-01,7.950872e-01,9.160589e-03,-1.641942e-01
3.692326e+00,-4.191034e+00,-3.249820e+00,-1.217766e+00,-5.996139e-01,-2.145185e-01,2.569835e-01,5.620214e-01,8.350684e-01,-3.495653e-02,-7.915270e-02
3.860478e+00,-4.074595e+00,-3.208489e+00,-1.229065e+00,-5.695773e-01,-2.511918e-01,3.433376e-01,5.662613e-01,8.728813e-01,-6.251071e-02,-1.625085e-01
4.044943e+00,-3.879150e+00,-3.179046e+00,-1.176871e+00,-4.792133e-01,-2.405966e-01,3.418588e-01,5.923076e-01,9.063694e-01,-1.086272e-01,-2.160042e-01
3.907559e+00,-4.116673e+00,-3.319958e+00,-1.317054e+00,-5.816672e-01,-3.482684e-01,3.151462e-01,4.477240e-01,8.413492e-01,-1.280394e-01,-3.472761e-01
3.830427e+00,-4.093804e+00,-3.255387e+00,-1.099445e+00,-5.732662e-01,-2.816410e-01,4.515535e-01,4.482985e-01,8.993262e-01,4.674776e-02,-2.454324e-01
3.572472e+00,-4.255377e+00,-3.411948e+00,-1.170755e+00,-6.784416e-01,-3.461800e-01,3.288411e-01,3.631535e-01,9.136213e-01,-2.500701e-02,-2.749386e-01
3.988361e+00,-4.200502e+00,-3.318067e+00,-1.211648e+00,-6.286326e-01,-2.825301e-01,3.003943e-01,4.167639e-01,8.843180e-01,-1.118203e-01,-3.663307e-01
4.130220e+00,-4.064542e+00,-3.191537e+00,-1.225866e+00,-5.435826e-01,-2.146019e-01,3.414531e-01,5.338003e-01,9.307450e-01,-1.188165e-01,-2.626044e-01
4.059331e+00,-4.128281e+00,-3.117638e+00,-1.327872e+00,-5.187710e-01,-3.844356e-01,4.065314e-01,4.746506e-01,8.769702e-01,-7.504561e-02,-2.927924e-01
3.802277e+00,-4.175362e+00,-3.252245e+00,-1.184884e+00,-6.909618e-01,-1.401720e-01,2.550429e-01,5.349840e-01,9.428626e-01,-1.803188e-01,-3.208944e-02
3.552478e+00,-4.147953e+00,-3.243881e+00,-1.323504e+00,-4.225035e-01,-2.764050e-01,2.133085e-01,5.953012e-01,8.494108e-01,-9.580185e-03,-9.344487e-02
3.641021e+00,-4.125636e+00,-3.306513e+00,-1.305304e+00,-5.143296e-01,-2.674109e-01,2.390099e-01,5.989363e-01,8.528833e-01,-3.378187e-02,-1.422452e-01
3.939366e+00,-3.973349e+00,-3.147495e+00,-1.193321e+00,-5.931146e-01,-2.299368e-01,3.001036e-01,5.637169e-01,8.574317e-01,-1.302507e-01,-2.104791e-01
3.951135e+00,-4.077030e+00,-3.227806e+00,-1.271771e+00,-6.171748e-01,-2.378078e-01,3.069187e-01,5.813844e-01,8.373564e-01,-1.305589e-01,-1.578088e-01
3.918794e+00,-4.008996e+00,-3.213413e+00,-1.293041e+00,-4.162605e-01,-3.657367e-01,3.695134e-01,5.147549e-01,8.103185e-01,-2.400880e-02,-3.694036e-01
3.639399e+00,-4.242842e+00,-3.281201e+00,-1.305828e+00,-4.760534e-01,-3.654246e-01,3.078007e-01,4.960641e-01,9.095247e-01,3.353219e-02,-2.648516e-01
3.724064e+00,-4.302835e+00,-3.346761e+00,-1.246443e+00,-6.372537e-01,-3.773849e-01,3.346264e-01,3.696104e-01,8.185509e-01,1.729427e-02,-3.502024e-01
4.005572e+00,-4.052533e+00,-3.260062e+00,-1.122830e+00,-5.973652e-01,-2.568975e-01,4.533395e-01,4.812413e-01,8.458868e-01,6.713993e-03,-3.758170e-01
4.029331e+00,-4.057771e+00,-3.176624e+00,-1.328919e+00,-4.991352e-01,-3.258036e-01,3.427563e-01,5.257929e-01,8.728378e-01,-1.140721e-01,-3.025862e-01
3.914420e+00,-3.996328e+00,-3.066884e+00,-1.395725e+00,-2.820814e-01,-3.784921e-01,3.803578e-01,6.427928e-01,8.104938e-01,5.367150e-02,-3.414281e-01
3.643447e+00,-4.274652e+00,-3.223419e+00,-1.344723e+00,-5.791426e-01,-2.598434e-01,2.216509e-01,5.394499e-01,8.251201e-01,-9.141255e-02,-9.675594e-02
3.525615e+00,-4.325921e+00,-3.240988e+00,-1.395338e+00,-5.123178e-01,-3.630058e-01,2.610838e-01,5.013768e-01,7.921589e-01,-6.518282e-02,-1.361972e-01
3.753038e+00,-3.962697e+00,-3.171637e+00,-1.284951e+00,-4.714697e-01,-2.642718e-01,2.354777e-01,6.381461e-01,8.011752e-01,-6.426377e-02,-2.310548e-01
3.863416e+00,-3.954271e+00,-3.217733e+00,-1.320133e+00,-4.583808e-01,-3.071368e-01,3.108264e-01,5.840004e-01,8.446435e-01,-1.351338e-01,-2.176381e-01
3.967074e+00,-4.052410e+00,-3.110663e+00,-1.268798e+00,-5.287492e-01,-2.101855e-01,3.123646e-01,5.781128e-01,8.423248e-01,-1.243726e-01,-1.973276e-01
3.763723e+00,-4.140967e+00,-3.274855e+00,-1.229732e+00,-5.881543e-01,-3.323302e-01,3.893805e-01,4.315488e-01,9.577742e-01,-1.463290e-01,-8.521453e-02
3.655589e+00,-4.282481e+00,-3.322669e+00,-1.271363e+00,-5.653762e-01,-3.072234e-01,2.648662e-01,4.542021e-01,9.276760e-01,-8.374755e-02,-2.185902e-01
3.846648e+00,-4.118537e+00,-3.285885e+00,-1.240071e+00,-4.827323e-01,-3.804483e-01,3.992135e-01,4.081368e-01,8.283391e-01,-1.370295e-02,-4.600920e-01
3.942107e+00,-4.071178e+00,-3.325457e+00,-1.144451e+00,-6.550504e-01,-2.710804e-01,4.204388e-01,4.340606e-01,9.083856e-01,-5.270521e-02,-3.194426e-01
4.017995e+00,-3.894023e+00,-3.140031e+00,-1.092889e+00,-5.706241e-01,-2.384282e-01,4.129041e-01,5.376176e-01,9.062297e-01,-3.791398e-02,-2.952887e-01
3.869601e+00,-4.256140e+00,-3.152330e+00,-1.459091e+00,-4.493071e-01,-3.247251e-01,3.137049e-01,6.051414e-01,8.224061e-01,-2.047205e-02,-2.852798e-01
3.759148e+00,-4.121873e+00,-3.237615e+00,-1.231674e+00,-4.856109e-01,-2.494585e-01,2.654705e-01,4.973877e-01,9.277151e-01,-1.195415e-01,-1.145928e-01
3.550119e+00,-4.135789e+00,-3.319557e+00,-1.210302e+00,-5.511192e-01,-3.003655e-01,3.242005e-01,5.337929e-01,8.417070e-01,2.983190e-02,-1.537179e-01
3.699784e+00,-4.066767e+00,-3.271447e+00,-1.330898e+00,-5.781210e-01,-3.718058e-01,2.599206e-01,5.314435e-01,7.091482e-01,-5.768516e-02,-2.852226e-01
4.047225e+00,-3.982547e+00,-3.147870e+00,-1.272312e+00,-4.754151e-01,-2.175570e-01,3.340099e-01,5.969041e-01,9.268684e-01,-1.746476e-01,-1.509715e-01
3.785216e+00,-3.985842e+00,-3.253245e+00,-1.336340e+00,-5.494947e-01,-2.769674e-01,2.282217e-01,5.791529e-01,7.954002e-01,-8.840912e-02,-3.226776e-01
3.596366e+00,-4.158745e+00,-3.265213e+00,-1.305410e+00,-5.403318e-01,-3.933245e-01,3.103201e-01,4.680183e-01,7.703933e-01,1.928399e-02,-3.350898e-01
3.771809e+00,-4.329948e+00,-3.173015e+00,-1.283380e+00,-4.805903e-01,-3.111500e-01,3.353732e-01,5.004174e-01,8.565863e-01,5.875187e-02,-1.698582e-01
3.841250e+00,-4.179151e+00,-3.310972e+00,-1.329606e+00,-4.920059e-01,-4.314819e-01,4.270612e-01,4.651225e-01,8.231151e-01,1.040646e-01,-4.161381e-01
4.160079e+00,-3.907347e+00,-3.198674e+00,-1.129298e+00,-5.100855e-01,-2.899821e-01,4.416249e-01,4.824321e-01,9.556991e-01,-8.649092e-02,-3.674121e-01
3.988872e+00,-4.109375e+00,-3.233967e+00,-1.247397e+00,-5.810080e-01,-3.689053e-01,4.658816e-01,4.434894e-01,8.687287e-01,9.426198e-03,-3.623667e-01
3.784797e+00,-4.067441e+00,-3.211013e+00,-1.179750e+00,-5.837978e-01,-1.628513e-01,2.907925e-01,5.461580e-01,8.692309e-01,-4.453685e-02,-1.740023e-01
3.467974e+00,-4.309675e+00,-3.302469e+00,-1.482458e+00,-3.985064e-01,-4.777286e-01,3.037393e-01,4.760708e-01,8.644984e-01,3.122559e-02,-1.722764e-01
3.518121e+00,-4.156203e+00,-3.416151e+00,-1.396661e+00,-6.068493e-01,-4.231086e-01,1.598610e-01,4.910286e-01,7.737795e-01,-1.417192e-01,-2.476728e-01
3.904152e+00,-3.982657e+00,-3.133829e+00,-1.240063e+00,-5.415103e-01,-1.630202e-01,3.018250e-01,6.306618e-01,8.506236e-01,-8.242146e-02,-2.149626e-01
3.818090e+00,-4.052882e+00,-3.162755e+00,-1.400912e+00,-4.962755e-01,-3.290260e-01,2.968428e-01,6.132869e-01,7.318018e-01,9.511164e-04,-2.630193e-01
3.908441e+00,-3.992163e+00,-3.204871e+00,-1.209840e+00,-4.958879e-01,-2.727270e-01,3.098136e-01,5.535939e-01,9.225670e-01,-1.071394e-01,-1.919029e-01
3.356730e+00,-4.225744e+00,-3.371646e+00,-1.465566e+00,-5.019469e-01,-3.993946e-01,1.834741e-01,5.353596e-01,8.008874e-01,-2.418814e-02,-2.060129e-01
3.692435e+00,-4.286790e+00,-3.314549e+00,-1.295641e+00,-5.935422e-01,-3.938167e-01,3.481759e-01,3.605212e-01,8.303317e-01,-1.006539e-01,-2.386553e-01
4.066664e+00,-4.125061e+00,-3.136455e+00,-1.160480e+00,-5.810247e-01,-2.124094e-01,4.141435e-01,4.829796e-01,9.352253e-01,-8.758007e-02,-2.482815e-01
4.028555e+00,-3.983171e+00,-3.413931e+00,-1.062592e+00,-7.188333e-01,-3.021217e-01,4.007171e-01,3.839852e-01,9.367279e-01,-6.027088e-02,-4.495917e-01
3.994189e+00,-3.984597e+00,-3.240298e+00,-1.144638e+00,-5.249216e-01,-1.947799e-01,4.260941e-01,5.256639e-01,9.901931e-01,-4.215637e-02,-2.898254e-01
3.625709e+00,-4.259588e+00,-3.260552e+00,-1.387926e+00,-5.342049e-01,-4.261825e-01,3.238992e-01,4.721860e-01,7.338764e-01,5.454397e-02,-3.255089e-01
3.566745e+00,-4.367894e+00,-3.259615e+00,-1.342055e+00,-5.618594e-01,-3.658304e-01,3.122220e-01,4.950178e-01,8.746133e-01,3.640357e-02,-1.415739e-01
3.876563e+00,-4.120101e+00,-3.056607e+00,-1.399467e+00,-3.449081e-01,-3.171678e-01,3.259658e-01,5.795462e-01,8.563916e-01,-5.532202e-02,-2.243917e-01
3.898428e+00,-4.105022e+00,-3.082427e+00,-1.528221e+00,-2.944292e-01,-4.179588e-01,3.679649e-01,5.805736e-01,8.096074e-01,-9.062824e-02,-2.998028e-01
3.947378e+00,-3.943551e+00,-2.974994e+00,-1.348779e+00,-3.584824e-01,-2.794876e-01,3.577377e-01,6.485778e-01,8.073354e-01,-5.167571e-02,-1.905569e-01
3.603526e+00,-4.176938e+00,-3.210324e+00,-1.388825e+00,-5.037362e-01,-3.680531e-01,3.658238e-01,5.185335e-01,8.477656e-01,-5.349946e-02,-1.624108e-01
3.647371e+00,-4.222224e+00,-3.237447e+00,-1.329049e+00,-4.157594e-01,-3.408115e-01,3.010039e-01,4.970601e-01,8.822540e-01,-3.610361e-02,-1.213950e-01
3.754787e+00,-4.167425e+00,-3.283460e+00,-1.285532e+00,-5.017607e-01,-2.782352e-01,2.866442e-01,5.361643e-01,8.841359e-01,-5.158997e-02,-2.291948e-01
4.033295e+00,-4.057181e+00,-3.260854e+00,-1.126385e+00,-6.257795e-01,-3.079108e-01,4.218155e-01,5.015169e-01,8.847926e-01,9.119824e-03,-3.189374e-01
4.120029e+00,-4.038745e+00,-3.128077e+00,-1.184773e+00,-5.595117e-01,-2.445667e-01,4.446448e-01,4.971573e-01,9.051648e-01,-7.565007e-02,-3.085069e-01
3.974779e+00,-4.272711e+00,-3.284950e+00,-1.320473e+00,-6.433008e-01,-3.026089e-01,2.904275e-01,4.467651e-01,8.746648e-01,-9.120607e-02,-3.213211e-01
3.811772e+00,-4.190124e+00,-3.332717e+00,-1.159520e+00,-5.252795e-01,-3.021702e-01,3.220554e-01,5.105411e-01,9.124996e-01,5.920708e-02,-2.416803e-01
3.621679e+00,-4.149791e+00,-3.241226e+00,-1.215574e+00,-5.386010e-01,-2.430145e-01,2.877322e-01,5.880809e-01,8.230782e-01,1.049187e-01,-2.182470e-01
3.835055e+00,-4.094833e+00,-3.258887e+00,-1.235182e+00,-6.805872e-01,-1.997001e-01,2.193681e-01,5.998312e-01,7.476701e-01,-7.949260e-02,-1.880098e-01
3.956503e+00,-3.877097e+00,-3.071312e+00,-1.346205e+00,-3.236512e-01,-2.722460e-01,3.576848e-01,6.802773e-01,8.438509e-01,-3.802238e-02,-2.549587e-01
3.777177e+00,-3.973968e+00,-3.215932e+00,-1.351002e+00,-5.038082e-01,-3.222474e-01,1.938034e-01,5.800630e-01,8.205623e-01,-1.798890e-01,-2.535926e-01
3.681985e+00,-4.141868e+00,-3.185977e+00,-1.253843e+00,-4.859889e-01,-2.401098e-01,3.470428e-01,5.212714e-01,9.327108e-01,-9.570717e-02,-4.927204e-02
3.546350e+00,-4.225525e+00,-3.354925e+00,-1.196864e+00,-6.526718e-01,-2.388271e-01,2.711394e-01,4.572340e-01,9.231113e-01,-1.083798e-01,-1.900771e-02
3.808783e+00,-4.153279e+00,-3.300322e+00,-1.285881e+00,-5.961968e-01,-3.127877e-01,2.997596e-01,5.256174e-01,8.800324e-01,-6.993965e-02,-2.301852e-01
4.009897e+00,-3.980802e+00,-3.294454e+00,-1.221447e+00,-6.061914e-01,-2.964059e-01,2.483636e-01,5.189539e-01,7.738221e-01,-9.396504e-02,-4.501761e-01
4.000707e+00,-4.020659e+00,-3.226343e+00,-1.173512e+00,-5.339201e-01,-2.535561e-01,4.412785e-01,5.765575e-01,8.023864e-01,1.454609e-01,-4.473619e-01
3.074141e+00,-1.715983e+00,-1.663128e+00,-7.678171e-01,-2.854158e-02,-4.609758e-02,2.464458e-01,5.169558e-01,3.711899e-01,-7.232993e-02,-1.969323e-01
