-1.320552e+00,-2.539652e+00,6.400788e-01,-8.265524e-01,7.358046e-01,1.936359e-01,6.685148e-01,-1.368971e-01,-5.154569e-01,1.504158e-01,5.320807e-01
9.988879e-02,-2.418510e+00,3.590071e-01,-2.279189e-01,9.921332e-01,-8.471688e-02,-3.103310e-01,-4.158429e-01,-3.716319e-01,8.290491e-01,7.915275e-01
5.404771e-01,-2.433998e+00,5.451324e-01,-2.686573e-01,1.227409e+00,-4.139034e-02,-1.547353e-01,-5.337157e-01,-1.048109e+00,5.281626e-01,9.654704e-01
5.972518e-01,-2.165816e+00,7.307118e-01,-1.599781e-01,1.294123e+00,-3.574710e-01,-1.017936e-02,-4.532343e-01,-7.943534e-01,5.970416e-01,7.772512e-01
9.001344e-01,-1.846200e+00,7.085609e-01,-7.586698e-02,1.493780e+00,-8.475704e-01,7.413210e-02,-2.132132e-01,-7.480497e-01,1.120931e+00,1.042479e+00
3.314910e-01,-1.880857e+00,1.380302e+00,-2.831562e-02,1.706084e+00,-5.599073e-01,-1.133505e-01,-7.360048e-01,-8.591036e-01,1.490142e+00,1.144365e+00
-2.651643e-02,-2.558479e+00,1.588628e-01,-7.207590e-01,9.768586e-01,-2.238599e-01,3.453245e-01,-4.500214e-01,-3.207090e-01,1.529944e+00,1.388055e+00
2.241734e-01,-2.425588e+00,4.731354e-01,-1.527299e-02,1.330882e+00,1.919648e-01,3.850631e-01,-4.437533e-01,-3.147771e-01,1.669745e+00,1.874790e+00
7.942208e-01,-2.059152e+00,2.783949e-01,-1.407368e-02,7.817371e-01,-3.775608e-01,-1.073252e-01,-1.091066e+00,-9.012628e-01,8.707085e-01,1.167048e+00
9.981073e-01,-2.148761e+00,4.141297e-01,6.634222e-01,9.144095e-01,-1.248726e-01,-8.284041e-02,-1.197732e+00,-6.197987e-01,1.215600e+00,1.266172e+00
9.856157e-01,-1.851567e+00,8.040972e-01,8.315172e-01,1.216455e+00,-1.452900e-01,-5.642155e-02,-1.468698e+00,-6.634366e-01,1.301616e+00,1.070099e+00
6.712749e-01,-2.136558e+00,3.282118e-01,3.969797e-01,1.354765e+00,-2.335235e-02,6.161806e-02,-9.948477e-01,-5.756738e-01,1.097314e+00,9.052181e-01
7.906413e-01,-2.026509e+00,8.454145e-01,2.992120e-01,1.563388e+00,1.140827e-01,-1.372925e-01,-9.060154e-01,-6.122509e-01,1.215139e+00,1.277340e+00
-9.196648e-02,-2.450389e+00,5.007444e-01,-6.145271e-02,1.391631e+00,-5.646113e-01,-6.403503e-01,-1.330906e+00,-6.484396e-01,1.039218e+00,1.057233e+00
2.297252e-01,-1.715084e+00,9.110846e-01,6.678225e-02,2.339933e+00,2.346513e-01,-6.523297e-02,-9.407395e-01,-1.158112e-01,1.058614e+00,1.039762e+00
2.059728e-01,-1.856465e+00,5.517755e-01,-3.947331e-01,1.708129e+00,-2.449286e-01,-6.982170e-01,-1.219362e+00,-3.011600e-01,1.117339e+00,9.908814e-01
-1.431295e-01,-2.121642e+00,1.052587e+00,5.726136e-02,2.433003e+00,2.534311e-01,-7.080630e-02,-9.553535e-01,-2.464836e-02,8.904384e-01,1.051415e+00
-4.051559e-01,-2.249199e+00,7.769919e-01,-2.667977e-01,2.151297e+00,-2.158923e-01,-2.947277e-01,-1.137919e+00,-3.335812e-01,1.209792e+00,1.039142e+00
6.058476e-02,-1.990170e+00,1.230109e+00,9.330077e-02,2.216692e+00,6.968493e-02,-7.666864e-02,-1.100846e+00,-4.865454e-01,1.154347e+00,1.057743e+00
-4.608429e-01,-2.651193e+00,9.595281e-01,3.684524e-02,1.886114e+00,8.352989e-03,-2.440520e-01,-8.339718e-01,-4.893158e-01,1.304162e+00,1.287138e+00
-2.350693e-01,-2.462296e+00,1.199109e+00,-9.231218e-02,1.882124e+00,9.216972e-02,-1.217243e-01,-9.628805e-01,-6.179191e-01,1.286685e+00,1.338430e+00
-3.491399e-01,-2.628418e+00,1.403552e+00,2.323544e-01,2.034346e+00,-1.838619e-02,6.228128e-02,-9.242360e-01,-6.878341e-01,1.273168e+00,1.205445e+00
-3.624090e-01,-2.688790e+00,1.055687e+00,-2.221653e-01,1.789515e+00,-1.323793e-01,1.003687e-02,-9.911715e-01,-7.483366e-01,1.484808e+00,1.314208e+00
-6.473795e-02,-2.814011e+00,1.093427e+00,-2.583179e-01,1.548322e+00,-4.291723e-01,-3.115820e-01,-1.061784e+00,-7.750917e-01,1.305492e+00,1.456804e+00
-3.500367e-01,-3.155430e+00,1.026315e+00,-1.347473e-01,1.613339e+00,-7.548923e-02,4.450241e-02,-6.893944e-01,-5.436780e-01,1.658141e+00,1.685438e+00
6.618479e-04,-2.923979e+00,1.457628e+00,2.780330e-01,1.835898e+00,-1.705640e-02,-7.417744e-02,-8.596505e-01,-7.861721e-01,1.360522e+00,1.463137e+00
2.323931e-01,-2.727985e+00,1.364403e+00,5.792087e-02,1.647513e+00,-4.308910e-02,5.712040e-02,-9.642142e-01,-8.931940e-01,1.309165e+00,1.353675e+00
-7.329363e-01,-3.459155e+00,1.045370e+00,2.737854e-01,1.878061e+00,5.160223e-02,-1.576953e-02,-1.031390e+00,-1.051013e+00,1.315529e+00,1.267891e+00
3.461551e-02,-2.966778e+00,1.599271e+00,5.694747e-01,2.052305e+00,3.685187e-01,1.877624e-01,-1.003342e+00,-1.058910e+00,1.258703e+00,1.249096e+00
-9.361838e-03,-2.955949e+00,1.347768e+00,3.521742e-01,1.974445e+00,1.493834e-01,2.975425e-01,-1.157673e+00,-9.241594e-01,1.603213e+00,1.427953e+00
-1.133565e-02,-3.050376e+00,1.223028e+00,3.464227e-01,1.958766e+00,3.635485e-02,4.123479e-01,-1.280366e+00,-9.897659e-01,1.647582e+00,1.289071e+00
-1.291399e-01,-3.447914e+00,1.316898e+00,7.637384e-01,2.182474e+00,2.131638e-01,6.750671e-01,-1.091804e+00,-8.180548e-01,1.747644e+00,1.511317e+00
-8.830001e-02,-3.514003e+00,1.194324e+00,6.830916e-01,1.887055e+00,3.110961e-01,5.626458e-01,-1.090307e+00,-7.127166e-01,1.855391e+00,1.566917e+00
1.581134e-01,-3.455874e+00,1.267196e+00,7.757854e-01,1.892609e+00,4.348808e-01,6.692388e-01,-1.137682e+00,-8.916190e-01,1.869491e+00,1.434270e+00
-5.483362e-01,-3.855787e+00,8.361746e-01,5.973677e-01,1.752791e+00,5.182724e-01,5.159800e-01,-1.238464e+00,-1.015469e+00,1.962037e+00,1.430099e+00
-7.159719e-01,-4.086177e+00,6.484989e-01,9.111741e-01,2.046377e+00,4.781905e-01,8.779885e-01,-1.006854e+00,-1.058775e+00,2.150048e+00,1.470804e+00
-1.203839e+00,-4.569027e+00,5.250541e-01,7.123963e-01,1.916534e+00,5.349012e-01,5.257061e-01,-1.238042e+00,-1.258060e+00,1.541518e+00,1.076539e+00
-1.291546e+00,-4.781917e+00,2.124139e-01,1.730686e-01,1.434682e+00,1.842164e-01,2.565786e-01,-1.377130e+00,-1.187277e+00,1.696148e+00,1.304689e+00
-1.712372e+00,-5.163397e+00,-1.568734e-01,-1.554855e-01,1.386591e+00,9.163792e-02,2.925385e-01,-1.355815e+00,-1.202514e+00,1.902120e+00,1.464516e+00
-2.140592e+00,-5.647047e+00,-6.558062e-01,-4.421375e-01,1.134438e+00,-2.547689e-01,1.804509e-01,-1.445084e+00,-1.374565e+00,1.817762e+00,1.412880e+00
-1.909326e+00,-5.380010e+00,-3.543058e-01,9.666453e-03,1.392939e+00,-4.583474e-02,2.565041e-01,-1.305534e+00,-1.389869e+00,1.671436e+00,1.225014e+00
-2.117852e+00,-5.679670e+00,-5.137622e-01,-2.198318e-01,1.314246e+00,-1.695560e-01,2.558977e-01,-1.355026e+00,-1.349007e+00,1.627072e+00,1.237478e+00
-1.680932e+00,-5.196502e+00,-2.589180e-01,-3.276990e-02,1.457212e+00,-2.800278e-02,3.494414e-01,-1.356088e+00,-1.413054e+00,1.757516e+00,1.239395e+00
-1.945823e+00,-5.315915e+00,-2.958597e-01,-1.426879e-01,1.496826e+00,2.776139e-01,5.344726e-01,-1.189498e+00,-1.149823e+00,1.862393e+00,1.318526e+00
-1.566152e+00,-5.078226e+00,-2.054921e-01,2.102161e-01,1.606977e+00,-6.738363e-03,4.438373e-01,-1.283749e+00,-1.464602e+00,1.716310e+00,1.175337e+00
-1.845523e+00,-5.482812e+00,-2.270383e-01,-4.179259e-02,1.492989e+00,-6.251716e-02,3.065564e-01,-1.360354e+00,-1.346392e+00,1.542143e+00,1.183626e+00
-1.505828e+00,-5.150245e+00,-1.713815e-01,1.223616e-01,1.611154e+00,-8.110527e-02,4.602899e-01,-1.299249e+00,-1.396916e+00,1.760487e+00,1.286206e+00
-1.751217e+00,-5.291742e+00,-2.682793e-01,-2.969579e-01,1.277827e+00,-1.352106e-01,1.155832e-01,-1.650159e+00,-1.568766e+00,1.457890e+00,1.017163e+00
-1.563696e+00,-5.244569e+00,-1.714794e-01,-1.154089e-01,1.498477e+00,-1.224268e-01,3.198778e-01,-1.549253e+00,-1.525367e+00,1.526322e+00,1.097751e+00
-1.689622e+00,-5.249433e+00,-1.283814e-01,1.374212e-01,1.592309e+00,9.887889e-02,4.112583e-01,-1.231263e+00,-1.309521e+00,1.648025e+00,1.194024e+00
-1.645086e+00,-5.231361e+00,-1.878269e-01,5.390086e-02,1.450969e+00,-1.363670e-01,2.036833e-01,-1.428528e+00,-1.501451e+00,1.540004e+00,1.119543e+00
-1.794077e+00,-5.211040e+00,-2.890498e-01,-3.411563e-03,1.446420e+00,1.072661e-02,3.152027e-01,-1.378043e+00,-1.441723e+00,1.641879e+00,1.135773e+00
-1.632345e+00,-5.236497e+00,-1.425595e-01,-2.301783e-01,1.459962e+00,4.009442e-02,3.769016e-01,-1.447653e+00,-1.289739e+00,1.747369e+00,1.327187e+00
-1.382772e+00,-5.006206e+00,-8.025084e-02,1.738972e-01,1.622057e+00,-4.825245e-02,4.428061e-01,-1.331133e+00,-1.407068e+00,1.757898e+00,1.277598e+00
-1.919823e+00,-5.460676e+00,-2.695559e-01,8.249594e-04,1.489156e+00,2.078883e-02,3.416509e-01,-1.241374e+00,-1.281313e+00,1.662738e+00,1.221731e+00
-1.697700e+00,-5.320685e+00,-3.013326e-01,3.690372e-02,1.547908e+00,-1.261640e-01,4.294173e-01,-1.331891e+00,-1.444311e+00,1.689938e+00,1.182419e+00
-1.605996e+00,-5.116831e+00,-1.049480e-01,-9.628899e-02,1.477483e+00,1.251332e-01,3.756479e-01,-1.370470e+00,-1.281094e+00,1.757601e+00,1.296122e+00
-1.777644e+00,-5.085064e+00,-3.744582e-01,2.882542e-02,1.368393e+00,3.191295e-02,2.963914e-01,-1.329335e+00,-1.462945e+00,1.798011e+00,1.218963e+00
-1.493850e+00,-5.062361e+00,1.425595e-02,2.053734e-01,1.642182e+00,1.061985e-01,4.143321e-01,-1.241597e+00,-1.290701e+00,1.669257e+00,1.240000e+00
-1.543369e+00,-4.996785e+00,-7.412478e-02,3.057893e-01,1.624513e+00,1.217561e-01,4.164819e-01,-1.173013e+00,-1.313210e+00,1.747020e+00,1.270341e+00
-1.703772e+00,-5.201275e+00,-1.843785e-01,4.892780e-02,1.572254e+00,1.464439e-01,4.946123e-01,-1.195379e+00,-1.240784e+00,1.817710e+00,1.283148e+00
-1.638990e+00,-5.141193e+00,-1.041984e-01,-1.006814e-01,1.527399e+00,1.213613e-01,4.201803e-01,-1.402585e+00,-1.272643e+00,1.776653e+00,1.369712e+00
-1.733818e+00,-5.363737e+00,-3.914033e-01,-1.768270e-01,1.324860e+00,-3.020701e-01,2.031652e-01,-1.558922e+00,-1.595705e+00,1.532919e+00,1.047767e+00
-1.857830e+00,-5.403333e+00,-2.219197e-01,1.943855e-02,1.526665e+00,1.796118e-02,3.781554e-01,-1.249935e+00,-1.245206e+00,1.663122e+00,1.280775e+00
-1.726219e+00,-5.292271e+00,-3.736895e-01,3.668927e-02,1.458742e+00,-2.087357e-01,3.282346e-01,-1.423398e+00,-1.549931e+00,1.637062e+00,1.131002e+00
-1.582331e+00,-5.073266e+00,-5.969802e-02,-1.955485e-02,1.521791e+00,1.977599e-01,3.908837e-01,-1.316034e+00,-1.279055e+00,1.733585e+00,1.259346e+00
-1.364308e+00,-4.890709e+00,-1.047759e-01,1.426884e-01,1.575832e+00,5.833607e-02,4.528122e-01,-1.309812e+00,-1.392692e+00,1.813614e+00,1.295976e+00
-1.780055e+00,-5.283681e+00,-2.068361e-01,5.145158e-02,1.484013e+00,8.441730e-03,2.898602e-01,-1.330121e+00,-1.392673e+00,1.597969e+00,1.156662e+00
-1.715861e+00,-5.350549e+00,-1.863770e-01,1.073160e-01,1.620479e+00,2.124594e-03,4.589443e-01,-1.220638e+00,-1.279371e+00,1.743665e+00,1.335308e+00
-1.718385e+00,-5.179390e+00,-1.987689e-01,2.971580e-02,1.504616e+00,8.749137e-02,3.913918e-01,-1.276673e+00,-1.313672e+00,1.717467e+00,1.205021e+00
-1.581456e+00,-4.970968e+00,-1.204278e-01,-4.710295e-02,1.460840e+00,1.068514e-01,3.206381e-01,-1.464770e+00,-1.412135e+00,1.712163e+00,1.240912e+00
-1.671078e+00,-5.193668e+00,-2.839425e-01,7.030078e-02,1.507912e+00,-3.179929e-02,4.132561e-01,-1.296289e+00,-1.414841e+00,1.786430e+00,1.242950e+00
-1.652316e+00,-5.270016e+00,-8.285561e-02,7.874574e-02,1.555384e+00,-3.181008e-02,2.794816e-01,-1.398257e+00,-1.400102e+00,1.513397e+00,1.188374e+00
-1.789864e+00,-5.291794e+00,-3.187357e-01,1.481952e-01,1.587753e+00,1.034396e-01,5.437668e-01,-1.095595e+00,-1.274597e+00,1.823225e+00,1.246559e+00
-1.557773e+00,-5.174395e+00,2.021502e-02,-5.483242e-02,1.631395e+00,1.813055e-01,4.860366e-01,-1.320877e+00,-1.219221e+00,1.739102e+00,1.322673e+00
-1.566256e+00,-5.104005e+00,-2.192156e-01,3.585130e-02,1.556686e+00,5.629011e-02,5.386951e-01,-1.243745e+00,-1.297708e+00,1.915698e+00,1.435573e+00
-1.936975e+00,-5.384817e+00,-2.606014e-01,2.045974e-02,1.496164e+00,9.168135e-02,3.908720e-01,-1.191507e+00,-1.239653e+00,1.739207e+00,1.321065e+00
-1.888166e+00,-5.362827e+00,-3.358033e-01,1.031863e-01,1.517317e+00,2.063969e-02,4.290295e-01,-1.137124e+00,-1.292114e+00,1.787277e+00,1.324387e+00
-1.968679e+00,-5.508141e+00,-3.171210e-01,-1.320152e-01,1.453677e+00,6.198739e-02,4.084851e-01,-1.211582e+00,-1.227259e+00,1.781520e+00,1.337910e+00
-1.596718e+00,-5.163695e+00,-9.918097e-02,-1.377014e-01,1.553670e+00,1.393453e-01,5.225463e-01,-1.296919e+00,-1.219179e+00,1.851545e+00,1.356537e+00
-2.001188e+00,-5.442697e+00,-3.884569e-01,-4.943504e-02,1.491712e+00,1.182069e-01,5.247355e-01,-1.132269e+00,-1.189161e+00,1.898790e+00,1.389245e+00
-1.934534e+00,-5.535983e+00,-2.695956e-01,-6.595510e-02,1.509783e+00,-8.091808e-03,4.228818e-01,-1.187980e+00,-1.154757e+00,1.773790e+00,1.429712e+00
-1.783978e+00,-5.269085e+00,-3.001454e-01,1.509788e-01,1.546075e+00,5.024205e-02,4.951379e-01,-1.099056e+00,-1.259433e+00,1.891470e+00,1.371320e+00
-1.858347e+00,-5.338517e+00,-2.266813e-01,-1.409315e-01,1.467309e+00,1.311693e-01,4.383897e-01,-1.224155e+00,-1.146526e+00,1.872038e+00,1.475792e+00
-1.773248e+00,-5.144002e+00,-3.318426e-01,9.348432e-02,1.582456e+00,2.204394e-01,6.426641e-01,-1.088871e+00,-1.235335e+00,2.057834e+00,1.465452e+00
-1.829791e+00,-5.375284e+00,-1.847574e-01,4.752192e-03,1.537611e+00,1.433528e-01,4.607086e-01,-1.139388e+00,-1.142944e+00,1.781128e+00,1.390987e+00
-2.253517e+00,-5.652952e+00,-6.209147e-01,-4.600564e-02,1.387009e+00,-1.005913e-01,3.622304e-01,-1.208510e+00,-1.370736e+00,1.768646e+00,1.329010e+00
-2.066395e+00,-5.467757e+00,-3.884945e-01,-8.376171e-02,1.370773e+00,5.895439e-02,2.981805e-01,-1.241698e+00,-1.320122e+00,1.688892e+00,1.233240e+00
-1.826198e+00,-5.231399e+00,-2.944166e-01,-1.019905e-01,1.491053e+00,1.601895e-01,5.146151e-01,-1.204871e+00,-1.230566e+00,1.968454e+00,1.442346e+00
-1.736291e+00,-5.277572e+00,-2.282291e-01,-8.739863e-02,1.447537e+00,3.930603e-02,3.817335e-01,-1.315109e+00,-1.303737e+00,1.746670e+00,1.315534e+00
-2.141751e+00,-5.563785e+00,-4.232762e-01,-2.628451e-02,1.432742e+00,7.787315e-02,3.842426e-01,-1.099635e+00,-1.182290e+00,1.858742e+00,1.463380e+00
-1.968924e+00,-5.419383e+00,-3.953964e-01,7.854846e-02,1.501890e+00,6.918052e-02,4.757704e-01,-1.070873e+00,-1.166028e+00,1.943210e+00,1.487565e+00
-1.543622e+00,-5.123365e+00,-2.739072e-02,4.847515e-02,1.621484e+00,2.031759e-01,5.104570e-01,-1.208732e+00,-1.180729e+00,1.773312e+00,1.308944e+00
-1.580970e+00,-4.998204e+00,-2.336931e-01,3.465845e-02,1.510590e+00,1.141619e-01,4.791554e-01,-1.294128e+00,-1.348757e+00,1.948911e+00,1.377614e+00
-1.986455e+00,-5.437252e+00,-3.387449e-01,-7.648397e-02,1.415926e+00,6.610723e-02,3.175858e-01,-1.264203e+00,-1.321245e+00,1.677491e+00,1.193690e+00
-1.861423e+00,-5.351773e+00,-4.641524e-01,9.825738e-02,1.449525e+00,-1.060699e-01,3.830451e-01,-1.192242e+00,-1.402177e+00,1.857432e+00,1.321646e+00
-1.897733e+00,-5.237934e+00,-2.913558e-01,8.977583e-02,1.452633e+00,1.636466e-01,3.632569e-01,-1.180810e+00,-1.274414e+00,1.717426e+00,1.204172e+00
-1.844120e+00,-5.255104e+00,-3.539099e-01,-1.417514e-01,1.466407e+00,1.623565e-02,4.677105e-01,-1.337434e+00,-1.275958e+00,1.894717e+00,1.414984e+00
-1.948260e+00,-5.421144e+00,-3.759956e-01,-1.882460e-01,1.425753e+00,5.716401e-02,4.474278e-01,-1.291692e+00,-1.233330e+00,1.783449e+00,1.307300e+00
-1.532165e+00,-5.042259e+00,-5.387115e-02,2.148108e-01,1.580442e+00,4.418965e-02,3.248426e-01,-1.299105e+00,-1.388302e+00,1.630038e+00,1.208713e+00
-1.724775e+00,-5.289446e+00,-2.232523e-01,8.650578e-02,1.507601e+00,-6.695633e-02,3.123715e-01,-1.362193e+00,-1.439967e+00,1.579880e+00,1.128081e+00
-1.435030e+00,-5.092059e+00,3.376635e-02,3.091762e-02,1.596350e+00,7.748397e-02,3.823028e-01,-1.355325e+00,-1.316060e+00,1.698247e+00,1.300805e+00
-1.488085e+00,-4.934769e+00,-1.930141e-01,-1.128891e-02,1.458014e+00,4.278140e-02,3.934357e-01,-1.395162e+00,-1.431420e+00,1.786423e+00,1.190710e+00
-1.781169e+00,-5.302405e+00,-1.740193e-01,7.203888e-03,1.524775e+00,9.574264e-02,3.846142e-01,-1.280997e+00,-1.262137e+00,1.676122e+00,1.280003e+00
-1.837542e+00,-5.306058e+00,-4.177177e-01,1.866628e-01,1.521599e+00,-6.696824e-02,4.106640e-01,-1.223673e+00,-1.482848e+00,1.726077e+00,1.148774e+00
-1.886252e+00,-5.307069e+00,-3.426786e-01,-4.705821e-02,1.309121e+00,-6.822230e-02,1.363054e-01,-1.439974e+00,-1.521742e+00,1.497295e+00,1.013815e+00
-1.773312e+00,-5.142105e+00,-3.381648e-01,-5.785811e-02,1.449950e+00,9.086333e-02,4.353520e-01,-1.269223e+00,-1.325479e+00,1.924585e+00,1.366522e+00
-1.423727e+00,-4.930563e+00,2.490832e-02,1.021763e-01,1.567040e+00,1.218445e-01,3.740824e-01,-1.386203e+00,-1.368159e+00,1.654003e+00,1.200287e+00
-1.732912e+00,-5.270338e+00,-1.840779e-01,9.344691e-02,1.571450e+00,4.525082e-02,4.464014e-01,-1.167342e+00,-1.225798e+00,1.803440e+00,1.401048e+00
-1.977763e+00,-5.561805e+00,-3.195736e-01,-1.318392e-02,1.565039e+00,4.278871e-02,5.389747e-01,-1.105876e+00,-1.113279e+00,1.854439e+00,1.453106e+00
-2.167913e+00,-5.616629e+00,-5.306423e-01,-2.801779e-01,1.235259e+00,-7.923399e-02,1.933199e-01,-1.372505e+00,-1.425715e+00,1.640839e+00,1.208244e+00
-1.566365e+00,-5.035687e+00,-1.149833e-01,4.393970e-02,1.641064e+00,1.791885e-01,6.031840e-01,-1.295145e+00,-1.310080e+00,1.862888e+00,1.332544e+00
-1.590761e+00,-5.188139e+00,-7.879322e-02,8.351627e-03,1.506110e+00,7.869503e-02,3.801792e-01,-1.242679e+00,-1.219633e+00,1.745401e+00,1.354575e+00
-2.122661e+00,-5.546632e+00,-5.132241e-01,1.110710e-01,1.549032e+00,1.049055e-01,5.957535e-01,-9.231619e-01,-1.148561e+00,2.078624e+00,1.521685e+00
-2.275444e+00,-5.624941e+00,-5.090011e-01,-1.325668e-01,1.351119e+00,3.208028e-02,3.391896e-01,-1.191776e+00,-1.208883e+00,1.791418e+00,1.403950e+00
-1.719839e+00,-5.152684e+00,-3.490727e-01,-5.030334e-02,1.432201e+00,-1.084439e-02,4.206523e-01,-1.301593e+00,-1.418592e+00,1.870705e+00,1.308807e+00
-1.827392e+00,-5.344758e+00,-2.474250e-01,-2.112055e-01,1.395716e+00,4.867896e-02,3.354636e-01,-1.406875e+00,-1.331857e+00,1.703337e+00,1.311169e+00
-2.150843e+00,-5.626598e+00,-5.014989e-01,-1.152250e-01,1.436626e+00,-3.726726e-02,4.274554e-01,-1.205856e+00,-1.279359e+00,1.731126e+00,1.278401e+00
-2.131160e+00,-5.662971e+00,-4.474846e-01,-1.314508e-01,1.374620e+00,-6.718272e-02,3.110493e-01,-1.241225e+00,-1.265922e+00,1.726315e+00,1.363651e+00
-1.904588e+00,-5.310155e+00,-3.382394e-01,2.776627e-04,1.414355e+00,8.025430e-02,3.381392e-01,-1.221473e+00,-1.364867e+00,1.704854e+00,1.184686e+00
-1.956245e+00,-5.431793e+00,-4.033357e-01,-2.733366e-01,1.370860e+00,6.139635e-02,4.282105e-01,-1.282158e+00,-1.255031e+00,1.992370e+00,1.490356e+00
-1.842184e+00,-5.301094e+00,-2.567088e-01,-5.151219e-02,1.431810e+00,1.319227e-01,3.715782e-01,-1.192297e+00,-1.233199e+00,1.823514e+00,1.377501e+00
-1.863466e+00,-5.318510e+00,-3.081772e-01,1.946432e-01,1.592146e+00,1.030071e-01,5.244698e-01,-1.049236e+00,-1.257577e+00,1.893850e+00,1.334630e+00
-2.002276e+00,-5.471917e+00,-3.631743e-01,-7.061125e-02,1.334947e+00,-6.004711e-02,1.935983e-01,-1.347988e+00,-1.402504e+00,1.577051e+00,1.206726e+00
-1.861100e+00,-5.295509e+00,-4.380836e-01,-1.272671e-01,1.347032e+00,-8.535153e-02,2.955398e-01,-1.387582e+00,-1.485516e+00,1.725132e+00,1.185787e+00
-1.604901e+00,-5.112138e+00,-1.040140e-01,-1.050794e-01,1.472949e+00,1.419603e-01,3.799019e-01,-1.346103e+00,-1.258815e+00,1.795285e+00,1.335942e+00
-1.722431e+00,-5.264619e+00,-2.574095e-01,1.023400e-01,1.588839e+00,1.114022e-02,4.651355e-01,-1.243612e+00,-1.347745e+00,1.735182e+00,1.280483e+00
-1.931175e+00,-5.484595e+00,-3.310874e-01,-6.019895e-02,1.407075e+00,-1.131220e-01,2.414240e-01,-1.384917e+00,-1.396574e+00,1.572750e+00,1.190182e+00
-1.644512e+00,-5.213787e+00,-1.402192e-01,9.214459e-02,1.653527e+00,7.278103e-02,5.351944e-01,-1.227473e+00,-1.248109e+00,1.722216e+00,1.262249e+00
-1.657821e+00,-5.072212e+00,-2.087138e-01,-5.589487e-02,1.449479e+00,1.149826e-01,3.743338e-01,-1.366284e+00,-1.377607e+00,1.821781e+00,1.259252e+00
-2.064194e+00,-5.419848e+00,-4.870019e-01,-1.736581e-01,1.265382e+00,-3.083594e-02,1.701211e-01,-1.418619e+00,-1.515842e+00,1.595163e+00,1.084811e+00
-1.824146e+00,-5.328842e+00,-3.505192e-01,1.008932e-01,1.472112e+00,-6.885281e-02,3.115139e-01,-1.348739e+00,-1.545841e+00,1.542303e+00,1.004245e+00
-1.790827e+00,-5.385385e+00,-1.485679e-01,5.653716e-02,1.627181e+00,1.073257e-01,4.841013e-01,-1.175739e+00,-1.193970e+00,1.686078e+00,1.256101e+00
-1.513858e+00,-5.037265e+00,-1.532408e-01,9.139028e-02,1.542019e+00,-1.016003e-02,3.710725e-01,-1.387927e+00,-1.468887e+00,1.702770e+00,1.200367e+00
-1.623638e+00,-5.160005e+00,-1.398801e-01,-1.733452e-01,1.431697e+00,5.010133e-02,3.119871e-01,-1.469153e+00,-1.377084e+00,1.687234e+00,1.229485e+00
-1.522115e+00,-5.145689e+00,-1.434015e-01,1.352238e-01,1.613429e+00,2.841981e-02,4.880306e-01,-1.204710e+00,-1.276695e+00,1.835951e+00,1.370304e+00
-1.854527e+00,-5.320769e+00,-2.332637e-01,1.058489e-01,1.509299e+00,7.126313e-02,3.568155e-01,-1.185971e+00,-1.243471e+00,1.784563e+00,1.336698e+00
-1.432740e+00,-4.952702e+00,-5.615622e-02,1.741314e-01,1.562414e+00,-9.238894e-02,2.898219e-01,-1.475781e+00,-1.526346e+00,1.558354e+00,1.125342e+00
-1.601890e+00,-5.030016e+00,-1.445582e-01,-4.462615e-02,1.468695e+00,1.325417e-01,3.813805e-01,-1.368868e+00,-1.339488e+00,1.800547e+00,1.268633e+00
-1.616228e+00,-5.091881e+00,-1.647256e-01,-1.174407e-02,1.440452e+00,-8.431766e-03,2.551173e-01,-1.449930e+00,-1.454978e+00,1.629456e+00,1.190882e+00
-1.695103e+00,-5.216980e+00,-2.215780e-01,1.342224e-01,1.504432e+00,-5.277849e-02,3.097394e-01,-1.321124e+00,-1.433290e+00,1.664150e+00,1.189798e+00
-1.835453e+00,-5.397455e+00,-1.831820e-01,7.594785e-02,1.608493e+00,1.603838e-01,5.378206e-01,-1.040382e+00,-1.087173e+00,1.866189e+00,1.447892e+00
-1.833083e+00,-5.324975e+00,-3.711832e-01,-4.825617e-02,1.478129e+00,-1.267982e-02,4.761469e-01,-1.275314e+00,-1.351861e+00,1.796975e+00,1.291758e+00
-2.046575e+00,-5.401358e+00,-3.810755e-01,-2.513651e-01,1.333561e+00,1.536396e-01,3.410905e-01,-1.339377e+00,-1.316302e+00,1.760946e+00,1.292686e+00
-1.860892e+00,-5.269918e+00,-4.009680e-01,1.453201e-01,1.538699e+00,9.868259e-02,5.642811e-01,-1.068214e+00,-1.270812e+00,1.948201e+00,1.377501e+00
-1.786299e+00,-5.279246e+00,-1.057552e-01,1.684821e-01,1.644509e+00,1.620624e-01,4.827461e-01,-1.141801e+00,-1.199241e+00,1.708440e+00,1.287946e+00
-2.011702e+00,-5.390868e+00,-4.696677e-01,5.311386e-02,1.427349e+00,2.310611e-02,3.703891e-01,-1.163249e+00,-1.393922e+00,1.808703e+00,1.300063e+00
-1.720030e+00,-5.070216e+00,-1.054081e-01,1.127700e-01,1.599520e+00,3.414916e-01,5.158602e-01,-1.176120e+00,-1.267725e+00,1.815666e+00,1.273528e+00
-1.849489e+00,-5.268215e+00,-4.167945e-01,-1.943926e-01,1.205260e+00,-5.505866e-02,1.513270e-01,-1.345183e+00,-1.423776e+00,1.812098e+00,1.332082e+00
-1.734842e+00,-5.302912e+00,-1.350828e-01,1.864530e-01,1.706964e+00,1.877641e-01,6.253514e-01,-1.054207e+00,-1.147868e+00,1.828230e+00,1.353948e+00
-1.880832e+00,-5.411433e+00,-2.590668e-01,1.082516e-02,1.482971e+00,-7.312556e-03,3.482788e-01,-1.209736e+00,-1.258962e+00,1.740608e+00,1.360345e+00
-1.820066e+00,-5.361353e+00,-3.459016e-01,-9.559340e-02,1.439801e+00,-9.471510e-02,4.119730e-01,-1.323021e+00,-1.319208e+00,1.775437e+00,1.366419e+00
-1.843462e+00,-5.250483e+00,-2.520166e-01,-2.037819e-01,1.400368e+00,1.461279e-01,3.578326e-01,-1.379850e+00,-1.342603e+00,1.729421e+00,1.269508e+00
-2.154051e+00,-5.474631e+00,-5.438917e-01,3.547645e-02,1.513484e+00,1.338606e-01,5.971996e-01,-1.066079e+00,-1.224325e+00,1.933740e+00,1.366789e+00
-2.056238e+00,-5.409340e+00,-2.968672e-01,1.551390e-01,1.561842e+00,2.568079e-01,4.945092e-01,-9.916711e-01,-1.126883e+00,1.843698e+00,1.379633e+00
-1.785675e+00,-5.271144e+00,-3.558369e-01,1.021928e-01,1.478662e+00,2.741257e-02,4.403221e-01,-1.068468e+00,-1.264671e+00,1.925935e+00,1.407556e+00
-1.812277e+00,-5.129290e+00,-1.962199e-01,1.737391e-02,1.485626e+00,2.379491e-01,4.289822e-01,-1.217438e+00,-1.250829e+00,1.828665e+00,1.312793e+00
-1.752282e+00,-5.090962e+00,-2.372442e-01,5.307706e-02,1.556795e+00,2.479286e-01,5.556170e-01,-1.104642e+00,-1.183561e+00,2.004781e+00,1.433055e+00
-1.652310e+00,-5.173803e+00,-1.827390e-01,8.637040e-02,1.475045e+00,-2.036714e-02,2.965723e-01,-1.340154e+00,-1.385075e+00,1.675617e+00,1.242491e+00
-1.826867e+00,-5.298479e+00,-2.735493e-01,1.002784e-01,1.482718e+00,8.453700e-03,3.172259e-01,-1.241249e+00,-1.345830e+00,1.699803e+00,1.270546e+00
-1.988442e+00,-5.326095e+00,-4.414448e-01,2.035816e-02,1.408358e+00,5.538108e-02,3.797038e-01,-1.223648e+00,-1.325920e+00,1.810934e+00,1.285907e+00
-1.491487e+00,-4.791970e+00,-1.249068e-02,1.477630e-01,1.597858e+00,3.337563e-01,5.011493e-01,-1.208972e+00,-1.217226e+00,1.929608e+00,1.366421e+00
-1.630032e+00,-4.961432e+00,-2.540689e-01,1.780219e-01,1.449782e+00,8.452363e-02,3.425446e-01,-1.277009e+00,-1.422826e+00,1.812023e+00,1.273892e+00
-1.981168e+00,-5.394214e+00,-3.273044e-01,3.294586e-02,1.434422e+00,3.155430e-02,2.857574e-01,-1.286817e+00,-1.346017e+00,1.617886e+00,1.199765e+00
-1.582893e+00,-5.128907e+00,-1.076101e-01,3.303581e-01,1.809273e+00,1.903902e-01,6.893284e-01,-1.034174e+00,-1.231527e+00,1.862075e+00,1.280687e+00
-1.674726e+00,-5.247105e+00,-1.492997e-01,-1.111183e-01,1.503313e+00,9.146383e-02,4.327032e-01,-1.292679e+00,-1.186723e+00,1.824877e+00,1.417948e+00
-1.841755e+00,-5.162423e+00,-3.123908e-01,2.896531e-02,1.524638e+00,1.946207e-01,4.735164e-01,-1.189159e+00,-1.306554e+00,1.840018e+00,1.261754e+00
-1.355784e+00,-4.917801e+00,7.603768e-02,2.338913e-01,1.649565e+00,6.103374e-02,4.033175e-01,-1.348727e+00,-1.338194e+00,1.613638e+00,1.211908e+00
-1.854393e+00,-5.179297e+00,-2.967216e-01,2.470896e-01,1.531902e+00,1.590163e-01,3.972630e-01,-1.097592e+00,-1.361529e+00,1.708729e+00,1.090789e+00
-1.825161e+00,-5.228018e+00,-3.379543e-01,2.034073e-02,1.429411e+00,-4.090074e-03,3.727097e-01,-1.266677e+00,-1.291439e+00,1.792364e+00,1.337554e+00
-1.774462e+00,-5.134540e+00,-2.624706e-01,-1.132653e-01,1.415742e+00,1.392396e-01,3.628650e-01,-1.379222e+00,-1.353138e+00,1.746406e+00,1.240062e+00
-1.536714e+00,-5.027769e+00,-1.808518e-01,1.424978e-01,1.552452e+00,1.002706e-01,4.781072e-01,-1.212466e+00,-1.313379e+00,1.891520e+00,1.339814e+00
-1.511183e+00,-4.961216e+00,7.001055e-03,2.729572e-01,1.589005e+00,7.261034e-02,2.875375e-01,-1.335147e+00,-1.410348e+00,1.570883e+00,1.157410e+00
-1.541757e+00,-5.034122e+00,-1.638546e-01,2.353291e-01,1.559409e+00,-6.188108e-02,3.288471e-01,-1.335997e+00,-1.498772e+00,1.625311e+00,1.148135e+00
-1.752388e+00,-5.263712e+00,-1.370510e-01,-4.371059e-02,1.544184e+00,1.917281e-01,4.782588e-01,-1.202070e+00,-1.150792e+00,1.862984e+00,1.468476e+00
-1.713374e+00,-5.157516e+00,-2.584996e-01,-6.315681e-02,1.486782e+00,7.651184e-02,4.552959e-01,-1.283007e+00,-1.321080e+00,1.897290e+00,1.398570e+00
-2.061641e+00,-5.635496e+00,-3.682092e-01,-1.800027e-01,1.425839e+00,-2.040859e-02,3.776067e-01,-1.269560e+00,-1.225024e+00,1.739305e+00,1.355371e+00
-1.747545e+00,-5.211818e+00,-1.510327e-01,2.302489e-01,1.656734e+00,1.193154e-01,5.111966e-01,-1.106889e+00,-1.213127e+00,1.801264e+00,1.373157e+00
-1.925915e+00,-5.342343e+00,-3.240550e-01,1.250773e-02,1.493049e+00,6.597467e-02,4.650092e-01,-1.193191e+00,-1.230174e+00,1.773999e+00,1.308918e+00
-2.006410e+00,-5.280117e+00,-3.511605e-01,-6.701806e-02,1.471148e+00,3.058554e-01,5.282035e-01,-1.100007e+00,-1.156273e+00,1.985264e+00,1.419585e+00
-1.809557e+00,-5.225448e+00,-2.938791e-01,1.445539e-02,1.460494e+00,1.356596e-01,4.272187e-01,-1.209814e+00,-1.326769e+00,1.843160e+00,1.297156e+00
-1.835861e+00,-5.226340e+00,-1.801022e-01,2.187559e-01,1.587942e+00,2.839436e-01,4.957402e-01,-9.998065e-01,-1.123656e+00,1.867455e+00,1.435212e+00
-1.938948e+00,-5.351563e+00,-3.933880e-01,1.454560e-01,1.510505e+00,6.629557e-02,4.556051e-01,-1.084917e+00,-1.327820e+00,1.843293e+00,1.255787e+00
-2.097848e+00,-5.637514e+00,-4.115133e-01,-2.915252e-01,1.367911e+00,-2.611000e-02,3.872986e-01,-1.257954e+00,-1.133227e+00,1.848001e+00,1.488211e+00
-1.649679e+00,-4.950379e+00,-2.196886e-01,7.874602e-02,1.555530e+00,3.114160e-01,5.883430e-01,-1.118917e+00,-1.243530e+00,2.103849e+00,1.478962e+00
-1.902566e+00,-5.338022e+00,-2.403481e-01,2.631355e-02,1.519299e+00,1.893543e-01,4.764360e-01,-1.102435e+00,-1.136696e+00,1.868960e+00,1.415092e+00
-2.116859e+00,-5.622299e+00,-5.344021e-01,-1.221037e-01,1.371673e+00,-1.771280e-01,3.275170e-01,-1.280291e+00,-1.351350e+00,1.721930e+00,1.330219e+00
-1.761710e+00,-5.409358e+00,-1.282980e-01,1.186374e-02,1.608138e+00,6.082912e-02,4.698340e-01,-1.224274e+00,-1.211892e+00,1.725207e+00,1.357054e+00
-1.798361e+00,-5.190064e+00,-2.899195e-01,-5.705928e-02,1.432550e+00,1.548470e-01,4.013698e-01,-1.238694e+00,-1.311695e+00,1.831732e+00,1.357198e+00
-1.785121e+00,-5.171424e+00,-2.610240e-01,6.029562e-04,1.443106e+00,1.287579e-01,3.651708e-01,-1.295992e+00,-1.402725e+00,1.807585e+00,1.249019e+00
-2.376631e+00,-5.788362e+00,-6.935656e-01,-2.900010e-01,1.171654e+00,-1.194401e-01,1.904621e-01,-1.248440e+00,-1.271680e+00,1.827861e+00,1.469453e+00
-1.835599e+00,-5.217337e+00,-3.393928e-01,2.385559e-01,1.564621e+00,8.704477e-02,4.787332e-01,-1.119675e+00,-1.350913e+00,1.771327e+00,1.150237e+00
-1.789452e+00,-5.294611e+00,-2.469237e-01,-6.572040e-02,1.430564e+00,1.272649e-02,2.866946e-01,-1.348369e+00,-1.361799e+00,1.674684e+00,1.283575e+00
-1.509122e+00,-4.955688e+00,-1.458490e-01,5.474346e-02,1.592449e+00,1.389241e-01,5.319718e-01,-1.332766e+00,-1.363511e+00,1.862312e+00,1.277649e+00
-1.749502e+00,-5.236673e+00,-2.569998e-01,-9.185369e-02,1.350853e+00,-1.300961e-02,2.498706e-01,-1.337566e+00,-1.292985e+00,1.764529e+00,1.364421e+00
-1.493094e+00,-5.049474e+00,-4.211151e-02,3.184442e-01,1.753670e+00,9.301556e-02,5.635485e-01,-1.134960e+00,-1.228022e+00,1.817711e+00,1.376645e+00
-1.820335e+00,-5.328360e+00,-2.720385e-01,4.085535e-03,1.454239e+00,-1.351208e-02,3.191765e-01,-1.321391e+00,-1.385560e+00,1.574845e+00,1.071940e+00
-1.615698e+00,-5.042753e+00,-1.414616e-01,6.932092e-02,1.577143e+00,1.480070e-01,4.561777e-01,-1.306615e+00,-1.339758e+00,1.755133e+00,1.274339e+00
-1.456372e+00,-4.926453e+00,-5.032468e-02,6.276662e-02,1.535516e+00,1.561725e-01,4.137622e-01,-1.334375e+00,-1.349778e+00,1.798229e+00,1.249630e+00
-1.758347e+00,-5.364570e+00,-1.816023e-01,-8.522818e-03,1.575806e+00,-8.554315e-03,4.392081e-01,-1.281474e+00,-1.223413e+00,1.714849e+00,1.364054e+00
-1.915431e+00,-5.309166e+00,-3.272293e-01,1.921494e-01,1.580544e+00,1.615456e-01,5.441611e-01,-1.011384e+00,-1.160748e+00,1.913850e+00,1.357572e+00
-1.756278e+00,-5.115319e+00,-2.171702e-01,1.145111e-01,1.481420e+00,1.778825e-01,3.815112e-01,-1.137320e+00,-1.234548e+00,1.901650e+00,1.373047e+00
-1.641232e+00,-5.074793e+00,-2.258326e-01,-3.014057e-02,1.520075e+00,1.220678e-01,4.829562e-01,-1.358749e+00,-1.367556e+00,1.803720e+00,1.251328e+00
-1.546660e+00,-4.913897e+00,-9.650104e-02,1.287736e-01,1.436034e+00,6.776625e-02,2.208823e-01,-1.376500e+00,-1.427454e+00,1.668259e+00,1.191228e+00
-1.668666e+00,-5.092079e+00,-2.374870e-01,2.453942e-01,1.530970e+00,1.404484e-02,3.448247e-01,-1.237745e+00,-1.444358e+00,1.690842e+00,1.157042e+00
-1.711562e+00,-5.188498e+00,-1.983136e-01,9.944110e-02,1.441898e+00,1.635926e-02,2.468444e-01,-1.305606e+00,-1.401644e+00,1.657182e+00,1.202336e+00
-1.480501e+00,-4.976043e+00,-3.278557e-02,1.783308e-01,1.690010e+00,2.431771e-01,5.415894e-01,-1.199948e+00,-1.300130e+00,1.789914e+00,1.270000e+00
-1.481514e+00,-4.902089e+00,-3.791170e-02,8.214051e-02,1.537068e+00,2.322056e-01,4.513622e-01,-1.272099e+00,-1.269193e+00,1.874828e+00,1.361910e+00
-1.959711e+00,-5.320688e+00,-3.167489e-01,1.288792e-01,1.519375e+00,2.110541e-01,4.650024e-01,-1.029747e+00,-1.196373e+00,1.871364e+00,1.365252e+00
-2.224888e+00,-5.550741e+00,-5.746441e-01,-3.353138e-02,1.319816e+00,-6.186407e-02,2.893567e-01,-1.203615e+00,-1.355235e+00,1.782143e+00,1.268956e+00
-2.179318e+00,-5.465302e+00,-4.626944e-01,-4.701232e-02,1.414130e+00,1.536444e-01,4.177965e-01,-1.089194e+00,-1.209782e+00,1.846759e+00,1.326968e+00
-1.777077e+00,-5.119916e+00,-2.764420e-01,2.336911e-02,1.513645e+00,2.780714e-01,5.744885e-01,-1.109205e+00,-1.192168e+00,2.032331e+00,1.446959e+00
-2.034415e+00,-5.402020e+00,-3.266536e-01,-5.350982e-02,1.480268e+00,2.174309e-01,4.678995e-01,-1.107845e+00,-1.151496e+00,1.924357e+00,1.455506e+00
-1.909394e+00,-5.295026e+00,-3.094823e-01,2.391616e-01,1.597525e+00,2.164279e-01,5.319393e-01,-9.968802e-01,-1.217860e+00,1.873076e+00,1.391031e+00
-1.787182e+00,-5.227331e+00,-1.244915e-01,1.935742e-01,1.626590e+00,2.033073e-01,4.851681e-01,-1.105629e+00,-1.202200e+00,1.732008e+00,1.262715e+00
-1.806693e+00,-5.099373e+00,-3.178207e-01,9.880285e-02,1.451582e+00,1.384375e-01,3.821065e-01,-1.203425e+00,-1.389086e+00,1.817527e+00,1.264482e+00
-1.699413e+00,-5.017914e+00,-1.396462e-01,9.592036e-02,1.545331e+00,3.062303e-01,5.350968e-01,-1.123900e+00,-1.126247e+00,2.000814e+00,1.491972e+00
-1.776141e+00,-5.154563e+00,-2.522976e-01,1.382354e-01,1.500635e+00,1.263618e-01,4.155702e-01,-1.114717e+00,-1.243360e+00,1.876776e+00,1.400499e+00
-2.007869e+00,-5.331008e+00,-3.809341e-01,1.237986e-01,1.406384e+00,6.456983e-02,3.042705e-01,-1.174619e+00,-1.327081e+00,1.755230e+00,1.302754e+00
-1.931685e+00,-5.420755e+00,-3.029498e-01,-4.693228e-02,1.473646e+00,-2.833685e-02,3.508144e-01,-1.275133e+00,-1.318194e+00,1.713700e+00,1.305640e+00
-1.628789e+00,-5.042630e+00,-2.625432e-01,-5.027907e-02,1.398632e+00,2.623629e-02,3.802740e-01,-1.370820e+00,-1.388100e+00,1.897933e+00,1.373800e+00
-1.614744e+00,-4.992908e+00,-6.550116e-03,2.213924e-01,1.687210e+00,4.358602e-01,6.141520e-01,-9.877222e-01,-1.070160e+00,1.989674e+00,1.491074e+00
-1.819391e+00,-5.269054e+00,-2.333452e-01,2.160313e-01,1.635018e+00,1.641040e-01,5.541240e-01,-1.065696e+00,-1.214839e+00,1.853383e+00,1.361642e+00
-2.063937e+00,-5.438728e+00,-4.059651e-01,-2.507096e-02,1.322555e+00,-1.683669e-02,2.076437e-01,-1.252079e+00,-1.317979e+00,1.771644e+00,1.383877e+00
-1.441750e+00,-4.917212e+00,-1.866255e-01,1.460381e-01,1.460720e+00,-7.794438e-03,3.080520e-01,-1.343762e+00,-1.529815e+00,1.693782e+00,1.103498e+00
-1.510176e+00,-4.748942e+00,5.208669e-02,2.685352e-01,1.674892e+00,5.140472e-01,5.194611e-01,-1.198230e+00,-1.326866e+00,1.786004e+00,1.142132e+00
-1.690360e+00,-5.063610e+00,-2.165554e-01,1.799607e-01,1.521037e+00,8.165330e-02,3.287867e-01,-1.280766e+00,-1.469932e+00,1.681717e+00,1.159291e+00
-2.103411e+00,-5.554713e+00,-5.541424e-01,-1.234499e-01,1.228682e+00,-1.433041e-01,1.675884e-01,-1.301394e+00,-1.387034e+00,1.749015e+00,1.302134e+00
-1.554794e+00,-4.939029e+00,-1.415521e-01,2.428335e-01,1.520246e+00,5.917367e-02,3.162323e-01,-1.252561e+00,-1.405991e+00,1.720686e+00,1.214560e+00
-1.673924e+00,-5.056346e+00,-1.565360e-01,8.117356e-02,1.568832e+00,2.322529e-01,4.855638e-01,-1.254694e+00,-1.303724e+00,1.825353e+00,1.253626e+00
-1.529830e+00,-4.909553e+00,-9.079435e-02,6.245539e-02,1.471172e+00,1.085757e-01,2.959612e-01,-1.382772e+00,-1.383118e+00,1.719319e+00,1.266526e+00
-1.702717e+00,-5.060039e+00,-2.675692e-01,2.351531e-01,1.492458e+00,2.703229e-02,3.364706e-01,-1.270724e+00,-1.449650e+00,1.702253e+00,1.175858e+00
-1.749947e+00,-5.236741e+00,-1.996269e-01,8.115326e-02,1.470269e+00,-7.977011e-02,2.387729e-01,-1.409490e+00,-1.416823e+00,1.563075e+00,1.205843e+00
-1.621261e+00,-5.015335e+00,-2.681569e-01,1.269366e-01,1.440044e+00,8.866253e-03,3.234693e-01,-1.291685e+00,-1.445313e+00,1.784237e+00,1.196342e+00
-1.606121e+00,-4.853822e+00,-1.327482e-01,1.494394e-01,1.502286e+00,3.105948e-01,4.557986e-01,-1.177341e+00,-1.204181e+00,1.904379e+00,1.343940e+00
-1.967759e+00,-5.406693e+00,-3.799304e-01,3.109607e-03,1.585465e+00,1.697555e-01,6.330866e-01,-9.877957e-01,-1.071855e+00,2.017092e+00,1.444858e+00
-1.921296e+00,-5.345982e+00,-4.126065e-01,-4.343105e-02,1.272783e+00,-1.608213e-01,1.303389e-01,-1.395755e+00,-1.462990e+00,1.622896e+00,1.167600e+00
-2.226083e+00,-5.554793e+00,-6.202332e-01,-1.405426e-01,1.312076e+00,-1.043998e-01,3.139637e-01,-1.221986e+00,-1.251011e+00,1.890602e+00,1.494749e+00
-1.760631e+00,-5.087829e+00,-2.562807e-01,-8.902584e-03,1.430854e+00,2.005723e-01,4.054799e-01,-1.228828e+00,-1.249289e+00,1.895706e+00,1.349752e+00
-1.458416e+00,-4.940049e+00,3.176714e-03,7.321413e-02,1.581962e+00,1.406581e-01,3.904390e-01,-1.354668e+00,-1.322034e+00,1.741164e+00,1.328441e+00
-1.828824e+00,-5.376455e+00,-2.843028e-01,5.654849e-02,1.549237e+00,8.855588e-03,4.580988e-01,-1.269907e+00,-1.371252e+00,1.593706e+00,1.069679e+00
-1.756229e+00,-5.206863e+00,-1.110954e-01,2.168259e-01,1.604907e+00,1.898280e-01,4.243751e-01,-1.125483e+00,-1.239588e+00,1.718856e+00,1.328607e+00
-1.836845e+00,-5.189927e+00,-3.600801e-01,8.903822e-02,1.453497e+00,2.282543e-02,3.979178e-01,-1.232658e+00,-1.362175e+00,1.850825e+00,1.356164e+00
-1.866682e+00,-5.081045e+00,-2.903616e-01,-5.449683e-02,1.379037e+00,3.169580e-01,4.354061e-01,-1.149333e+00,-1.175226e+00,1.988878e+00,1.405574e+00
-1.640139e+00,-5.136912e+00,-1.725148e-01,3.047777e-02,1.542348e+00,-8.137880e-04,4.416977e-01,-1.276195e+00,-1.264286e+00,1.805067e+00,1.417919e+00
-2.196000e+00,-5.561167e+00,-5.205610e-01,-7.968693e-02,1.264148e+00,-7.204186e-02,1.699092e-01,-1.312668e+00,-1.423219e+00,1.646023e+00,1.224661e+00
-1.814223e+00,-5.088022e+00,-2.872881e-01,2.535302e-01,1.478225e+00,5.520069e-02,2.685739e-01,-1.258588e+00,-1.524884e+00,1.637111e+00,1.153785e+00
-1.651872e+00,-5.020376e+00,-1.284881e-01,1.234922e-01,1.584837e+00,2.901666e-01,5.770160e-01,-1.070112e+00,-1.143177e+00,1.971227e+00,1.388777e+00
-1.776911e+00,-5.121554e+00,-2.056304e-01,-1.322813e-02,1.516238e+00,2.541096e-01,4.584676e-01,-1.214397e+00,-1.275293e+00,1.866152e+00,1.385280e+00
-1.816334e+00,-5.226044e+00,-3.001259e-01,1.526928e-01,1.505289e+00,1.110576e-01,4.485508e-01,-1.126090e+00,-1.298278e+00,1.852326e+00,1.303421e+00
-2.052081e+00,-5.445657e+00,-3.543529e-01,7.810167e-02,1.471713e+00,1.223289e-01,3.858950e-01,-1.095759e+00,-1.207418e+00,1.806758e+00,1.404623e+00
-1.491124e+00,-4.916783e+00,-1.077541e-01,3.027076e-01,1.591514e+00,1.271028e-01,4.588223e-01,-1.140513e+00,-1.327279e+00,1.902304e+00,1.345869e+00
-2.081701e+00,-5.324811e+00,-3.900412e-01,-5.598598e-02,1.432568e+00,3.127465e-01,4.653183e-01,-1.107489e+00,-1.229278e+00,1.875077e+00,1.282382e+00
-1.644634e+00,-5.063884e+00,-1.915384e-01,1.426339e-01,1.589071e+00,1.865167e-01,5.615123e-01,-1.095768e+00,-1.207462e+00,1.988926e+00,1.450397e+00
-2.125818e+00,-5.318848e+00,-4.044438e-01,1.405510e-01,1.440651e+00,2.300354e-01,4.324527e-01,-9.712622e-01,-1.106622e+00,1.968978e+00,1.455313e+00
-1.921678e+00,-5.367457e+00,-3.777001e-01,4.959401e-02,1.467514e+00,-2.943138e-02,3.919616e-01,-1.181407e+00,-1.288628e+00,1.758317e+00,1.350942e+00
-1.780621e+00,-5.187657e+00,-2.827618e-01,-4.247106e-02,1.336549e+00,-2.007975e-02,1.907137e-01,-1.452778e+00,-1.508830e+00,1.620913e+00,1.187983e+00
-1.567167e+00,-4.903065e+00,-1.643932e-01,6.802877e-02,1.507121e+00,2.250001e-01,4.508603e-01,-1.243648e+00,-1.314622e+00,1.864234e+00,1.281821e+00
-1.933242e+00,-5.234167e+00,-4.280110e-01,8.084765e-03,1.284567e+00,1.082715e-02,2.139725e-01,-1.276301e+00,-1.394282e+00,1.761516e+00,1.217702e+00
-1.878467e+00,-5.248335e+00,-3.413672e-01,9.277958e-02,1.361823e+00,-5.147656e-02,1.675742e-01,-1.311300e+00,-1.453584e+00,1.681130e+00,1.227747e+00
-1.612383e+00,-4.974820e+00,-1.384235e-01,2.363760e-01,1.520122e+00,9.368907e-02,3.232988e-01,-1.308102e+00,-1.413458e+00,1.636445e+00,1.147598e+00
-1.456128e+00,-4.843097e+00,-5.776482e-02,3.666626e-02,1.448240e+00,6.423464e-02,2.523964e-01,-1.512439e+00,-1.464006e+00,1.640496e+00,1.210929e+00
-1.673054e+00,-5.025949e+00,-2.703194e-01,3.872421e-02,1.408150e+00,4.801929e-04,2.915975e-01,-1.384943e+00,-1.464286e+00,1.785617e+00,1.242943e+00
-1.610335e+00,-5.035856e+00,-1.647672e-01,1.654120e-01,1.393222e+00,-1.516928e-03,1.624381e-01,-1.326961e+00,-1.449947e+00,1.676793e+00,1.224841e+00
-1.757839e+00,-5.210546e+00,-3.053844e-01,1.371094e-01,1.477699e+00,4.980662e-02,3.946087e-01,-1.124673e+00,-1.282420e+00,1.803747e+00,1.301675e+00
-1.672285e+00,-5.041601e+00,-1.221816e-01,1.572882e-01,1.589919e+00,2.097155e-01,4.619183e-01,-1.242950e+00,-1.303154e+00,1.742474e+00,1.194025e+00
-1.642577e+00,-4.901362e+00,-2.930807e-01,-4.751315e-02,1.329206e+00,7.818105e-02,2.905565e-01,-1.375870e+00,-1.390149e+00,1.913592e+00,1.370077e+00
-1.894172e+00,-5.312278e+00,-3.684992e-01,-2.231775e-02,1.395125e+00,3.109699e-02,3.464217e-01,-1.245744e+00,-1.316870e+00,1.773546e+00,1.233684e+00
-1.884449e+00,-5.328515e+00,-3.514109e-01,1.409124e-02,1.372918e+00,-1.281419e-01,1.892304e-01,-1.366355e+00,-1.406801e+00,1.637108e+00,1.285141e+00
-1.489021e+00,-5.040300e+00,-1.800452e-01,6.421867e-02,1.375992e+00,-1.986942e-01,1.796354e-01,-1.476811e+00,-1.471867e+00,1.644507e+00,1.239314e+00
-1.711311e+00,-5.053138e+00,-2.805875e-01,-5.541190e-02,1.373105e+00,5.876041e-02,2.970872e-01,-1.360968e+00,-1.378167e+00,1.746419e+00,1.249367e+00
-1.600287e+00,-5.034385e+00,-2.121432e-01,9.962202e-02,1.547701e+00,1.582610e-01,5.289964e-01,-1.143582e+00,-1.223073e+00,1.988883e+00,1.383896e+00
-1.364766e+00,-4.805840e+00,1.301169e-01,3.874284e-01,1.695421e+00,1.837540e-01,4.011935e-01,-1.248059e+00,-1.289459e+00,1.665070e+00,1.284294e+00
-1.817621e+00,-5.218843e+00,-2.459515e-01,2.781324e-01,1.700513e+00,1.668328e-01,6.075927e-01,-1.035700e+00,-1.233090e+00,1.860553e+00,1.308852e+00
-1.583597e+00,-5.072718e+00,-1.079576e-01,2.689921e-02,1.435104e+00,6.215068e-03,2.213302e-01,-1.463322e+00,-1.531242e+00,1.497485e+00,1.051465e+00
-2.215641e+00,-5.218826e+00,-5.312399e-01,5.538839e-02,1.468480e+00,3.355727e-01,5.252290e-01,-1.143281e+00,-1.386420e+00,1.789496e+00,1.133308e+00
-1.698439e+00,-5.107226e+00,-1.148476e-01,1.605998e-01,1.541028e+00,2.315306e-01,4.171619e-01,-1.144253e+00,-1.236388e+00,1.835453e+00,1.351799e+00
-2.137344e+00,-5.472448e+00,-5.010670e-01,2.217844e-02,1.417012e+00,6.024300e-02,4.189540e-01,-1.014852e+00,-1.144687e+00,1.955396e+00,1.524450e+00
-1.872354e+00,-5.221918e+00,-3.027992e-01,1.736232e-01,1.451195e+00,1.204571e-01,3.262252e-01,-1.156516e+00,-1.375857e+00,1.795739e+00,1.243169e+00
-1.797102e+00,-5.195617e+00,-2.480914e-01,-8.510172e-02,1.476890e+00,9.727340e-02,4.426652e-01,-1.279651e+00,-1.241527e+00,1.816258e+00,1.392981e+00
-1.554281e+00,-4.851828e+00,-1.103694e-01,1.507692e-01,1.492785e+00,2.269504e-01,4.006072e-01,-1.255588e+00,-1.351734e+00,1.808476e+00,1.254768e+00
-1.829486e+00,-5.121523e+00,-2.507805e-01,1.624605e-01,1.413503e+00,7.624361e-02,2.106058e-01,-1.311994e+00,-1.511932e+00,1.539120e+00,1.048916e+00
-2.042224e+00,-5.346531e+00,-4.230564e-01,1.509878e-01,1.441884e+00,1.317844e-02,2.985015e-01,-1.254406e+00,-1.499740e+00,1.632193e+00,1.115202e+00
-1.622502e+00,-4.924773e+00,-6.576209e-02,2.812849e-01,1.585292e+00,3.158309e-01,4.653592e-01,-1.033541e+00,-1.180928e+00,1.923407e+00,1.395304e+00
-1.268008e+00,-4.608675e+00,7.295534e-02,2.381761e-01,1.638554e+00,3.140936e-01,5.174367e-01,-1.263319e+00,-1.362469e+00,1.927413e+00,1.316387e+00
-1.742338e+00,-5.105074e+00,-1.439860e-01,1.155181e-01,1.556952e+00,2.425840e-01,4.983871e-01,-1.123139e+00,-1.133294e+00,1.930415e+00,1.471043e+00
-1.667579e+00,-5.008853e+00,-1.688345e-01,3.002127e-01,1.563355e+00,1.058402e-01,3.580626e-01,-1.202914e+00,-1.428263e+00,1.627439e+00,1.147553e+00
-2.205504e+00,-5.647943e+00,-6.383857e-01,-2.839132e-01,1.110741e+00,-3.125983e-01,6.360243e-02,-1.515505e+00,-1.516780e+00,1.498096e+00,1.120222e+00
-1.691267e+00,-5.117773e+00,-1.647494e-01,2.876851e-02,1.475832e+00,6.869058e-02,2.906337e-01,-1.366874e+00,-1.479125e+00,1.659818e+00,1.205757e+00
-1.619867e+00,-4.889617e+00,-2.259572e-01,1.041202e-01,1.401948e+00,2.786172e-01,4.148194e-01,-1.154506e+00,-1.301693e+00,1.973595e+00,1.330802e+00
-1.872565e+00,-5.152347e+00,-2.501811e-01,2.053237e-01,1.560461e+00,3.011630e-01,4.823110e-01,-9.884908e-01,-1.162063e+00,1.920592e+00,1.359682e+00
-2.013998e+00,-5.295577e+00,-4.304327e-01,1.492485e-01,1.412067e+00,5.078793e-02,3.034414e-01,-1.171573e+00,-1.357977e+00,1.789291e+00,1.278923e+00
-2.172652e+00,-5.478275e+00,-5.577742e-01,-1.313072e-01,1.264400e+00,-1.124913e-02,2.747966e-01,-1.220214e+00,-1.235912e+00,1.907992e+00,1.456666e+00
-1.534283e+00,-4.878214e+00,-2.918396e-01,-2.023475e-02,1.276009e+00,-9.060365e-02,1.524660e-01,-1.542491e+00,-1.614443e+00,1.705252e+00,1.161865e+00
-1.458222e+00,-4.817777e+00,-2.029528e-02,2.237652e-01,1.522769e+00,2.139718e-01,3.255806e-01,-1.289363e+00,-1.382219e+00,1.743228e+00,1.211124e+00
-2.168842e+00,-5.371665e+00,-5.208861e-01,6.780869e-02,1.416502e+00,4.674321e-02,3.609999e-01,-1.156653e+00,-1.295592e+00,1.728369e+00,1.214328e+00
-1.958861e+00,-5.197333e+00,-4.894242e-01,5.226892e-02,1.202617e+00,-6.209280e-02,1.424515e-01,-1.249058e+00,-1.342784e+00,1.860945e+00,1.379284e+00
-1.700457e+00,-5.055430e+00,-2.194496e-01,4.954536e-02,1.507847e+00,1.256523e-01,4.316113e-01,-1.225674e+00,-1.264234e+00,1.823853e+00,1.315899e+00
-1.605251e+00,-4.841152e+00,-1.709597e-01,8.952459e-02,1.422080e+00,1.169238e-01,2.851583e-01,-1.429623e+00,-1.447901e+00,1.785550e+00,1.251883e+00
-1.828044e+00,-5.133408e+00,-3.306634e-01,1.075388e-01,1.391018e+00,1.068777e-01,2.673656e-01,-1.235823e+00,-1.444584e+00,1.653284e+00,1.078959e+00
-1.658086e+00,-5.020235e+00,-2.654326e-01,2.842120e-01,1.492500e+00,5.426363e-02,3.954523e-01,-1.156375e+00,-1.321073e+00,1.839072e+00,1.270367e+00
-1.742658e+00,-5.172978e+00,-2.038270e-01,9.204625e-02,1.516745e+00,1.540828e-01,4.600900e-01,-1.064294e+00,-1.078175e+00,2.001442e+00,1.538954e+00
-1.683968e+00,-5.008897e+00,-1.869064e-01,6.078073e-02,1.550828e+00,2.423450e-01,4.784240e-01,-1.261321e+00,-1.347642e+00,1.858174e+00,1.271295e+00
-1.543708e+00,-4.941653e+00,-1.185886e-01,7.772266e-02,1.481033e+00,1.191668e-01,3.681614e-01,-1.333100e+00,-1.327305e+00,1.735959e+00,1.242434e+00
-1.795118e+00,-5.128396e+00,-2.187319e-01,2.437846e-01,1.604031e+00,1.693781e-01,4.735424e-01,-1.104673e+00,-1.242851e+00,1.762688e+00,1.268705e+00
-1.795543e+00,-5.197993e+00,-2.062122e-01,1.684189e-01,1.588247e+00,1.344661e-01,5.217120e-01,-1.082630e+00,-1.110917e+00,1.882898e+00,1.381605e+00
-1.529015e+00,-4.890558e+00,-9.370107e-02,2.398462e-01,1.587742e+00,2.610602e-01,4.744982e-01,-1.103299e+00,-1.292924e+00,1.844332e+00,1.281737e+00
-1.741856e+00,-4.943853e+00,-1.926399e-01,1.307757e-01,1.515849e+00,3.579783e-01,5.033195e-01,-1.142018e+00,-1.241974e+00,1.968058e+00,1.359418e+00
-1.660816e+00,-4.991476e+00,-1.020746e-01,2.230094e-01,1.580857e+00,1.065643e-01,3.603024e-01,-1.309018e+00,-1.376257e+00,1.666200e+00,1.302735e+00
-1.707035e+00,-5.148000e+00,-3.360851e-01,5.832717e-02,1.316543e+00,-1.227158e-01,2.725481e-01,-1.232803e+00,-1.314823e+00,1.780128e+00,1.268351e+00
-1.575609e+00,-4.926855e+00,-2.636781e-02,3.421751e-01,1.673116e+00,3.047774e-01,5.532157e-01,-1.030418e+00,-1.120617e+00,1.854038e+00,1.414884e+00
-1.901402e+00,-5.018038e+00,-3.344795e-01,1.006346e-01,1.446822e+00,2.392657e-01,4.526858e-01,-1.186219e+00,-1.319492e+00,1.895944e+00,1.248645e+00
-1.713993e+00,-5.029050e+00,-2.210618e-01,7.321818e-02,1.420314e+00,2.340847e-01,3.868037e-01,-1.153833e+00,-1.240659e+00,1.964587e+00,1.461095e+00
-1.561745e+00,-4.987534e+00,-9.402278e-02,2.462361e-01,1.569143e+00,7.846252e-02,3.700828e-01,-1.232811e+00,-1.360998e+00,1.648675e+00,1.233240e+00
-1.924457e+00,-5.149639e+00,-3.186414e-01,1.647963e-01,1.423806e+00,1.080839e-02,2.874973e-01,-1.288206e+00,-1.362670e+00,1.658939e+00,1.260126e+00
-1.775001e+00,-5.100108e+00,-2.555450e-01,1.539785e-01,1.521699e+00,1.884076e-01,4.506488e-01,-1.117247e+00,-1.295014e+00,1.819438e+00,1.276433e+00
-1.682525e+00,-5.035089e+00,-1.999192e-01,1.249528e-02,1.479297e+00,2.227306e-01,4.920305e-01,-1.193938e+00,-1.223337e+00,1.985994e+00,1.435033e+00
-1.955362e+00,-5.456060e+00,-3.488693e-01,-9.346131e-02,1.519813e+00,9.965763e-02,5.151222e-01,-1.159301e+00,-1.203340e+00,1.758666e+00,1.343063e+00
-1.845237e+00,-5.116422e+00,-1.142244e-01,5.403035e-01,1.856400e+00,5.127215e-01,7.257381e-01,-8.666596e-01,-1.238567e+00,1.761290e+00,1.088125e+00
-1.777316e+00,-5.002985e+00,-1.571479e-01,3.951633e-01,1.609385e+00,3.713749e-01,4.682972e-01,-9.508576e-01,-1.225325e+00,1.867825e+00,1.334198e+00
-1.671235e+00,-5.019970e+00,-2.275197e-01,7.005565e-02,1.425012e+00,1.297286e-01,3.448647e-01,-1.297223e+00,-1.428995e+00,1.789217e+00,1.195413e+00
-1.978617e+00,-5.120515e+00,-3.109740e-01,7.631740e-02,1.480409e+00,3.639970e-01,4.771135e-01,-1.100974e+00,-1.233499e+00,1.914092e+00,1.334573e+00
-1.494030e+00,-4.978659e+00,1.569930e-03,3.408758e-01,1.715833e+00,2.028268e-01,5.249693e-01,-1.130305e+00,-1.297351e+00,1.776418e+00,1.246952e+00
-1.706519e+00,-5.024973e+00,-1.027413e-01,2.929989e-01,1.613472e+00,1.388327e-01,3.944986e-01,-1.214484e+00,-1.317448e+00,1.660898e+00,1.182145e+00
-1.737027e+00,-5.006925e+00,-3.481327e-01,1.622642e-01,1.371240e+00,2.782310e-02,2.531503e-01,-1.289194e+00,-1.484688e+00,1.760678e+00,1.187933e+00
-1.404837e+00,-4.717972e+00,-5.937438e-03,1.764460e-01,1.537764e+00,2.334768e-01,3.925027e-01,-1.322527e+00,-1.369927e+00,1.812494e+00,1.224528e+00
-1.548751e+00,-4.737315e+00,-1.264600e-01,3.604109e-01,1.561920e+00,2.946965e-01,4.235941e-01,-1.104827e+00,-1.298885e+00,1.904507e+00,1.358987e+00
-1.486818e+00,-4.876459e+00,-7.369023e-02,3.984846e-01,1.570886e+00,1.476359e-01,3.374635e-01,-1.205358e+00,-1.461158e+00,1.670519e+00,1.067601e+00
-1.927009e+00,-5.240750e+00,-3.786654e-01,6.657758e-02,1.389852e+00,-2.032166e-02,2.878837e-01,-1.252686e+00,-1.299632e+00,1.768181e+00,1.353152e+00
-1.549747e+00,-4.783631e+00,-1.689715e-01,1.977237e-01,1.440384e+00,1.365966e-01,3.120552e-01,-1.328559e+00,-1.423139e+00,1.772116e+00,1.204529e+00
-1.644488e+00,-4.888549e+00,-2.437582e-01,4.941848e-02,1.339431e+00,1.968632e-01,2.530767e-01,-1.271714e+00,-1.389800e+00,1.886920e+00,1.317942e+00
-1.871686e+00,-5.058653e+00,-2.417359e-01,3.007631e-01,1.578061e+00,2.705978e-01,4.412007e-01,-1.114483e+00,-1.281166e+00,1.762383e+00,1.245601e+00
-1.354598e+00,-4.773430e+00,1.242127e-01,4.179329e-01,1.662374e+00,1.832168e-01,3.382469e-01,-1.229442e+00,-1.358850e+00,1.617755e+00,1.163432e+00
-1.991342e+00,-5.324735e+00,-4.973765e-01,-3.922865e-02,1.302888e+00,-7.621421e-02,1.983001e-01,-1.380408e+00,-1.568106e+00,1.579384e+00,9.812490e-01
-1.900576e+00,-5.007983e+00,-2.262867e-01,1.929507e-01,1.634677e+00,5.574470e-01,7.031626e-01,-8.684580e-01,-9.828325e-01,2.141659e+00,1.441369e+00
-1.784749e+00,-5.050861e+00,-3.736966e-01,1.037313e-03,1.354543e+00,6.718798e-02,3.667545e-01,-1.226458e+00,-1.244469e+00,1.842860e+00,1.364639e+00
-1.676708e+00,-4.975074e+00,-1.942168e-01,3.311679e-01,1.516614e+00,1.411259e-01,3.684060e-01,-1.121220e+00,-1.285471e+00,1.884054e+00,1.357208e+00
-1.933482e+00,-5.140340e+00,-3.749978e-01,2.293610e-01,1.441728e+00,1.948296e-01,3.449178e-01,-1.057144e+00,-1.325019e+00,1.779408e+00,1.176270e+00
-1.553041e+00,-5.008282e+00,-2.040385e-01,-8.288704e-03,1.381001e+00,-8.905450e-02,2.671671e-01,-1.473089e+00,-1.398115e+00,1.712254e+00,1.287053e+00
-1.991150e+00,-5.299687e+00,-4.920648e-01,-2.481473e-01,1.195281e+00,-8.759007e-03,1.759379e-01,-1.443407e+00,-1.445883e+00,1.774803e+00,1.350147e+00
-1.727805e+00,-5.075734e+00,-1.638587e-01,2.535183e-01,1.588394e+00,2.035099e-01,4.750771e-01,-1.126501e+00,-1.268150e+00,1.801999e+00,1.307147e+00
-1.680017e+00,-5.130985e+00,-1.499837e-01,1.407560e-01,1.465186e+00,-2.030056e-02,2.657234e-01,-1.244762e+00,-1.296968e+00,1.769428e+00,1.369644e+00
-1.963882e+00,-5.222011e+00,-4.176776e-01,1.615319e-01,1.447446e+00,1.463530e-01,4.463506e-01,-1.057339e+00,-1.251155e+00,1.958152e+00,1.387144e+00
-1.854622e+00,-4.974034e+00,-3.063386e-01,5.878304e-02,1.441080e+00,2.949398e-01,4.964140e-01,-1.142097e+00,-1.203633e+00,2.001949e+00,1.377615e+00
-1.612806e+00,-4.946204e+00,-1.649917e-01,1.460375e-01,1.481071e+00,2.229904e-01,4.268079e-01,-1.083229e+00,-1.183730e+00,1.961870e+00,1.437789e+00
-1.930006e+00,-5.241796e+00,-2.788716e-01,1.996303e-01,1.566005e+00,2.691122e-01,5.778748e-01,-9.009075e-01,-9.963814e-01,2.036118e+00,1.532910e+00
-1.686900e+00,-5.038052e+00,-1.046426e-01,3.333455e-01,1.675559e+00,1.983690e-01,4.829998e-01,-1.115286e+00,-1.305149e+00,1.714980e+00,1.241787e+00
-1.859674e+00,-5.177848e+00,-2.740456e-01,6.273962e-02,1.411946e+00,1.914278e-01,3.454117e-01,-1.175295e+00,-1.295744e+00,1.822329e+00,1.311161e+00
-1.663531e+00,-4.849990e+00,-1.713782e-01,1.026423e-01,1.433221e+00,2.940250e-01,3.141978e-01,-1.265385e+00,-1.446177e+00,1.825544e+00,1.244600e+00
-1.876273e+00,-5.130220e+00,-4.378930e-01,4.983401e-02,1.311377e+00,1.915615e-02,3.420988e-01,-1.192783e+00,-1.282822e+00,1.891688e+00,1.376373e+00
-2.156496e+00,-5.356589e+00,-4.053774e-01,2.080602e-01,1.539528e+00,2.466960e-01,5.163528e-01,-9.313601e-01,-1.109399e+00,1.955937e+00,1.456220e+00
-2.063251e+00,-5.248860e+00,-4.172016e-01,2.316831e-01,1.469512e+00,2.305696e-01,3.815031e-01,-1.087213e+00,-1.425677e+00,1.741204e+00,1.110013e+00
-1.991499e+00,-5.047637e+00,-3.602786e-01,9.918381e-02,1.340540e+00,3.113956e-01,2.638353e-01,-1.205912e+00,-1.440008e+00,1.808899e+00,1.212473e+00
-1.333259e+00,-4.637336e+00,7.827730e-03,3.288966e-01,1.607084e+00,2.232576e-01,4.550910e-01,-1.245010e+00,-1.394009e+00,1.788085e+00,1.223815e+00
-1.356021e+00,-4.767781e+00,4.267760e-03,3.483758e-01,1.509254e+00,1.225570e-01,3.089341e-01,-1.200396e+00,-1.326691e+00,1.780257e+00,1.314847e+00
-1.633225e+00,-4.979893e+00,-1.424156e-01,3.142126e-01,1.523273e+00,1.280598e-01,3.187610e-01,-1.120610e+00,-1.355320e+00,1.770821e+00,1.282976e+00
-1.681768e+00,-5.025928e+00,-1.777207e-01,1.569603e-01,1.469817e+00,1.831942e-01,3.701157e-01,-1.206475e+00,-1.283746e+00,1.760483e+00,1.245377e+00
-1.630811e+00,-4.789545e+00,-2.332329e-01,8.403587e-02,1.382026e+00,1.884861e-01,2.574516e-01,-1.386652e+00,-1.520260e+00,1.820205e+00,1.239494e+00
-1.417984e+00,-4.805283e+00,-2.245342e-01,1.011891e-01,1.328288e+00,-2.459669e-02,3.279773e-01,-1.226847e+00,-1.252082e+00,1.922643e+00,1.356385e+00
-1.919898e+00,-5.293333e+00,-2.821998e-01,1.829876e-01,1.653435e+00,2.169929e-01,6.327259e-01,-9.545453e-01,-1.040797e+00,1.905097e+00,1.413239e+00
-1.649200e+00,-4.822135e+00,-1.945472e-01,4.387432e-01,1.570506e+00,2.584729e-01,4.489025e-01,-1.049442e+00,-1.318049e+00,1.887145e+00,1.222875e+00
-1.489896e+00,-4.925186e+00,4.119603e-02,1.299108e-01,1.630506e+00,1.758690e-01,4.125739e-01,-1.347835e+00,-1.297023e+00,1.755693e+00,1.351878e+00
-1.687253e+00,-4.998811e+00,-1.901375e-01,1.199905e-01,1.592209e+00,2.409347e-01,5.003688e-01,-1.287938e+00,-1.435101e+00,1.686400e+00,1.003832e+00
-1.790418e+00,-5.097598e+00,-2.766975e-01,1.876815e-01,1.491151e+00,1.353541e-01,4.205429e-01,-1.141888e+00,-1.251587e+00,1.836442e+00,1.313355e+00
-1.460991e+00,-4.779189e+00,-7.830556e-02,3.690459e-01,1.504946e+00,2.936431e-02,2.109829e-01,-1.333187e+00,-1.534779e+00,1.572118e+00,1.081214e+00
-1.786850e+00,-4.973081e+00,-2.596065e-01,3.204833e-01,1.541856e+00,3.266620e-01,4.783814e-01,-1.050679e+00,-1.309298e+00,1.817891e+00,1.117959e+00
-1.472689e+00,-4.682301e+00,-4.158736e-02,2.110704e-01,1.577552e+00,3.090360e-01,4.633200e-01,-1.211369e+00,-1.258708e+00,1.935442e+00,1.392291e+00
-1.870299e+00,-5.011470e+00,-2.636816e-01,2.601917e-01,1.553690e+00,3.808641e-01,5.402778e-01,-9.996088e-01,-1.133666e+00,1.995579e+00,1.361848e+00
-1.743116e+00,-5.041645e+00,-3.467297e-01,1.342181e-01,1.288960e+00,-1.054982e-02,1.650791e-01,-1.175944e+00,-1.387299e+00,1.808466e+00,1.225902e+00
-1.327108e+00,-4.628154e+00,1.091825e-01,6.270494e-01,1.802554e+00,3.489953e-01,5.563959e-01,-1.056475e+00,-1.327921e+00,1.814621e+00,1.164725e+00
-1.457727e+00,-4.806972e+00,-8.042003e-02,1.273997e-01,1.473856e+00,1.390118e-01,3.479600e-01,-1.318529e+00,-1.335826e+00,1.777227e+00,1.284738e+00
-1.606278e+00,-4.819513e+00,-2.037089e-01,-1.420335e-02,1.397123e+00,-1.253316e-02,3.399010e-01,-1.489037e+00,-1.329549e+00,1.732506e+00,1.284793e+00
-1.445160e+00,-4.772410e+00,-1.822254e-02,3.603470e-01,1.577465e+00,1.570450e-01,3.437825e-01,-1.285868e+00,-1.446066e+00,1.581684e+00,1.061672e+00
-1.731371e+00,-5.010664e+00,-1.142768e-01,4.405552e-01,1.689786e+00,2.605716e-01,4.812520e-01,-1.071740e+00,-1.332405e+00,1.742472e+00,1.237860e+00
-2.264054e+00,-5.413973e+00,-5.882720e-01,-5.290324e-02,1.338523e+00,1.294152e-01,4.903347e-01,-9.970411e-01,-1.008000e+00,2.080394e+00,1.590572e+00
-1.749060e+00,-4.889283e+00,-2.407077e-01,7.806231e-02,1.444463e+00,2.801276e-01,4.165149e-01,-1.209982e+00,-1.281083e+00,1.944081e+00,1.421851e+00
-1.402257e+00,-4.791491e+00,-2.312329e-02,2.291128e-01,1.499034e+00,1.198885e-01,3.217814e-01,-1.301294e+00,-1.390661e+00,1.779653e+00,1.277599e+00
-1.828204e+00,-5.174726e+00,-3.283048e-01,1.054205e-01,1.398748e+00,1.825125e-02,3.081424e-01,-1.144256e+00,-1.268149e+00,1.824472e+00,1.391854e+00
-1.992380e+00,-5.150669e+00,-3.818744e-01,1.788478e-01,1.398188e+00,6.420494e-02,3.075996e-01,-1.206394e+00,-1.336800e+00,1.784508e+00,1.296147e+00
-1.505818e+00,-4.783296e+00,-7.623102e-02,2.494466e-01,1.522886e+00,2.474532e-01,3.963566e-01,-1.179694e+00,-1.323874e+00,1.808538e+00,1.289366e+00
-1.778981e+00,-4.966593e+00,-2.281267e-01,7.225341e-02,1.501943e+00,2.617685e-01,4.877362e-01,-1.253145e+00,-1.293730e+00,1.847334e+00,1.305879e+00
-1.398983e+00,-4.634812e+00,7.341244e-02,5.033281e-01,1.655070e+00,2.845670e-01,3.862910e-01,-1.229273e+00,-1.426540e+00,1.582935e+00,1.100713e+00
-1.967451e+00,-5.042547e+00,-3.367481e-01,3.649140e-01,1.498478e+00,2.956806e-01,4.220020e-01,-9.655029e-01,-1.249086e+00,1.866497e+00,1.294148e+00
-1.729999e+00,-4.965154e+00,-1.418402e-01,2.621926e-01,1.543488e+00,2.073511e-01,3.985024e-01,-1.164152e+00,-1.294351e+00,1.755803e+00,1.249147e+00
-2.422276e+00,-5.756390e+00,-8.259755e-01,-5.797636e-01,9.493270e-01,-2.300063e-01,4.081268e-02,-1.497002e+00,-1.474578e+00,1.761485e+00,1.366930e+00
-1.863749e+00,-5.091216e+00,-3.152060e-01,4.668793e-02,1.449496e+00,2.319788e-01,4.912012e-01,-1.145015e+00,-1.210685e+00,1.908294e+00,1.352844e+00
-1.691458e+00,-5.129785e+00,-1.564931e-01,1.890024e-01,1.498131e+00,7.406664e-02,2.638455e-01,-1.250903e+00,-1.424620e+00,1.650202e+00,1.239285e+00
-1.702721e+00,-4.984312e+00,-1.990757e-01,3.919134e-01,1.588584e+00,1.857680e-01,4.722975e-01,-1.079070e+00,-1.307854e+00,1.839844e+00,1.264668e+00
-1.687603e+00,-4.827169e+00,-1.470105e-01,3.023776e-01,1.519250e+00,2.345773e-01,3.615994e-01,-1.191474e+00,-1.338019e+00,1.818749e+00,1.334674e+00
-1.559383e+00,-4.713213e+00,-1.138241e-01,1.484642e-01,1.534558e+00,3.075609e-01,4.824762e-01,-1.303842e+00,-1.360148e+00,1.802913e+00,1.139669e+00
-2.170714e+00,-5.307378e+00,-5.658514e-01,4.218954e-02,1.262061e+00,2.050125e-01,2.621855e-01,-1.059496e+00,-1.316485e+00,1.900555e+00,1.240784e+00
-1.859097e+00,-4.995215e+00,-3.901355e-01,2.795366e-01,1.417361e+00,9.241543e-02,3.837445e-01,-1.093129e+00,-1.256046e+00,1.898971e+00,1.301946e+00
-1.444428e+00,-4.617378e+00,-3.002644e-02,4.911963e-01,1.556820e+00,2.237884e-01,3.002536e-01,-1.199151e+00,-1.467169e+00,1.647974e+00,1.026293e+00
-1.596402e+00,-4.730858e+00,-1.924738e-01,2.003825e-01,1.396211e+00,1.893190e-01,2.532026e-01,-1.332386e+00,-1.434166e+00,1.776519e+00,1.242767e+00
-1.598297e+00,-4.797955e+00,-1.412687e-01,1.814105e-01,1.508030e+00,1.544393e-01,4.054704e-01,-1.318874e+00,-1.284290e+00,1.853781e+00,1.357808e+00
-1.333852e+00,-4.624369e+00,3.490131e-02,4.997772e-01,1.682552e+00,2.806018e-01,4.742160e-01,-1.043350e+00,-1.276305e+00,1.820916e+00,1.265485e+00
-1.766815e+00,-4.956740e+00,-2.917868e-01,2.877079e-01,1.458831e+00,7.659530e-02,3.709959e-01,-1.159620e+00,-1.263522e+00,1.872093e+00,1.344178e+00
-1.854174e+00,-4.977848e+00,-4.161607e-01,1.293571e-01,1.266060e+00,3.966609e-02,1.218726e-01,-1.319335e+00,-1.562011e+00,1.681974e+00,1.107497e+00
-1.732797e+00,-4.832803e+00,-1.946176e-01,7.514459e-02,1.453982e+00,2.882854e-01,4.084794e-01,-1.306436e+00,-1.264619e+00,1.868171e+00,1.374688e+00
-1.857602e+00,-4.939985e+00,-1.987699e-01,3.873987e-01,1.701699e+00,4.505079e-01,6.288316e-01,-9.752190e-01,-1.144082e+00,1.859001e+00,1.308897e+00
-1.930273e+00,-5.202397e+00,-3.800668e-01,1.986784e-01,1.444091e+00,8.468942e-02,3.482643e-01,-1.144951e+00,-1.322499e+00,1.800315e+00,1.291136e+00
-1.713604e+00,-4.899478e+00,-7.038658e-02,4.561140e-01,1.733648e+00,4.250577e-01,5.774154e-01,-9.789523e-01,-1.177526e+00,1.810060e+00,1.261240e+00
-1.553822e+00,-4.613100e+00,-1.032277e-01,3.662720e-01,1.595763e+00,3.566526e-01,5.359284e-01,-1.091473e+00,-1.189682e+00,1.998323e+00,1.376125e+00
-1.518444e+00,-4.808348e+00,-9.120182e-02,4.408497e-02,1.385593e+00,1.021951e-01,2.202995e-01,-1.467620e+00,-1.428424e+00,1.654078e+00,1.170615e+00
-1.802853e+00,-5.064440e+00,-3.430978e-01,1.572164e-01,1.373398e+00,2.324749e-03,2.161257e-01,-1.279353e+00,-1.456511e+00,1.708856e+00,1.215521e+00
-1.764590e+00,-5.005436e+00,-3.206455e-01,1.976763e-01,1.348226e+00,-2.142935e-02,2.210254e-01,-1.247899e+00,-1.352206e+00,1.783248e+00,1.270833e+00
-1.379393e+00,-4.749935e+00,-3.414035e-02,2.142292e-01,1.459643e+00,1.642438e-01,3.568732e-01,-1.088404e+00,-1.173856e+00,1.989806e+00,1.465485e+00
-2.055864e+00,-5.331094e+00,-5.636946e-01,-3.329355e-01,1.059516e+00,-1.056896e-01,8.616840e-02,-1.512913e+00,-1.485811e+00,1.684515e+00,1.233476e+00
-1.512380e+00,-4.924073e+00,-4.381423e-02,2.229303e-01,1.578969e+00,2.396205e-01,4.316358e-01,-1.103105e+00,-1.229407e+00,1.909662e+00,1.448086e+00
-1.714919e+00,-4.947262e+00,-2.294244e-01,3.271084e-01,1.451995e+00,8.854448e-02,3.034140e-01,-1.167592e+00,-1.350815e+00,1.833599e+00,1.301557e+00
-1.783308e+00,-5.050521e+00,-2.150957e-01,2.722592e-01,1.501624e+00,1.305281e-01,3.074197e-01,-1.215728e+00,-1.415612e+00,1.658469e+00,1.184375e+00
-1.634925e+00,-4.808978e+00,-1.505023e-01,2.841551e-01,1.576202e+00,3.384094e-01,5.720304e-01,-1.015560e+00,-1.147077e+00,2.079586e+00,1.433378e+00
-1.523591e+00,-4.722503e+00,-3.305460e-02,2.428848e-01,1.516349e+00,3.724823e-01,3.509088e-01,-1.230135e+00,-1.400404e+00,1.855158e+00,1.321319e+00
-1.604131e+00,-4.808720e+00,-1.829961e-01,3.086074e-01,1.420699e+00,8.205662e-02,2.292275e-01,-1.216567e+00,-1.412763e+00,1.833494e+00,1.314632e+00
-1.739389e+00,-4.953816e+00,-1.689924e-01,3.561340e-01,1.520302e+00,2.002161e-01,3.611924e-01,-1.091192e+00,-1.282713e+00,1.796922e+00,1.269962e+00
-1.819630e+00,-5.095451e+00,-2.467497e-01,1.166651e-01,1.454272e+00,1.301380e-01,3.584479e-01,-1.182601e+00,-1.251933e+00,1.772403e+00,1.357170e+00
-1.441523e+00,-4.675125e+00,5.599881e-02,2.727430e-01,1.647972e+00,3.761289e-01,5.201150e-01,-1.240601e+00,-1.299584e+00,1.887640e+00,1.331769e+00
-2.070276e+00,-5.190406e+00,-5.212063e-01,4.904349e-02,1.317066e+00,9.560088e-02,3.169889e-01,-1.176991e+00,-1.356118e+00,1.829495e+00,1.301938e+00
-1.802250e+00,-5.209967e+00,-7.396027e-02,2.131137e-01,1.669679e+00,2.344827e-01,5.001270e-01,-1.166312e+00,-1.202333e+00,1.587381e+00,1.202086e+00
-1.571104e+00,-4.791548e+00,-4.136855e-02,4.216483e-01,1.626969e+00,2.225921e-01,4.305712e-01,-1.114991e+00,-1.244118e+00,1.750074e+00,1.330404e+00
-1.591990e+00,-4.740759e+00,-7.239967e-02,3.717703e-01,1.620101e+00,3.172775e-01,4.817503e-01,-1.158048e+00,-1.338015e+00,1.799721e+00,1.219494e+00
-1.561220e+00,-4.709043e+00,-4.289418e-02,2.963158e-01,1.586857e+00,4.421730e-01,4.496917e-01,-1.186544e+00,-1.361063e+00,1.812404e+00,1.253005e+00
-1.601162e+00,-4.856232e+00,-1.423045e-01,3.053028e-01,1.530869e+00,2.293828e-01,4.155421e-01,-1.115683e+00,-1.288099e+00,1.836035e+00,1.249269e+00
-1.396523e+00,-4.657570e+00,-3.937622e-02,4.216340e-01,1.505498e+00,1.653630e-01,3.229549e-01,-1.133496e+00,-1.292310e+00,1.789654e+00,1.243254e+00
-1.481396e+00,-4.776154e+00,-9.705522e-02,2.145979e-01,1.415056e+00,5.808916e-02,2.204333e-01,-1.254533e+00,-1.342459e+00,1.773340e+00,1.278788e+00
-1.721070e+00,-4.840384e+00,-1.430048e-01,1.966953e-01,1.492228e+00,4.483148e-01,4.496075e-01,-1.047095e+00,-1.103562e+00,2.012204e+00,1.479352e+00
-1.633420e+00,-4.776747e+00,-9.360002e-02,2.895993e-01,1.584976e+00,3.755605e-01,4.336123e-01,-1.130737e+00,-1.289328e+00,1.817475e+00,1.242536e+00
-1.546477e+00,-4.774870e+00,-5.668713e-02,4.158691e-01,1.545001e+00,1.896494e-01,3.004124e-01,-1.213118e+00,-1.391884e+00,1.713944e+00,1.184188e+00
-1.292049e+00,-4.560972e+00,7.247030e-02,4.633930e-01,1.551421e+00,1.116801e-01,2.339313e-01,-1.273301e+00,-1.423639e+00,1.667642e+00,1.200453e+00
-1.596342e+00,-4.681661e+00,-6.399003e-02,4.627294e-01,1.632914e+00,4.244104e-01,4.981859e-01,-1.087166e+00,-1.254025e+00,1.866775e+00,1.267277e+00
-1.681325e+00,-4.812358e+00,-1.888203e-01,1.133230e-01,1.473655e+00,3.246197e-01,4.303397e-01,-1.217880e+00,-1.301616e+00,1.903027e+00,1.271854e+00
-1.522984e+00,-4.745066e+00,-1.505927e-01,2.754789e-01,1.414261e+00,1.436346e-01,2.590422e-01,-1.223227e+00,-1.394847e+00,1.741015e+00,1.162991e+00
-1.392755e+00,-4.545328e+00,-1.412821e-01,4.138300e-01,1.315801e+00,5.540243e-02,1.246788e-01,-1.207843e+00,-1.424010e+00,1.792667e+00,1.197149e+00
-1.597742e+00,-4.785490e+00,-1.716285e-01,3.297524e-01,1.451026e+00,1.441982e-01,2.669350e-01,-1.241555e+00,-1.435905e+00,1.653576e+00,1.096361e+00
-1.731358e+00,-4.886781e+00,-3.256253e-01,5.679067e-02,1.263745e+00,1.226677e-02,1.272840e-01,-1.530315e+00,-1.579722e+00,1.653766e+00,1.147875e+00
-1.779815e+00,-4.847509e+00,-2.830458e-01,2.418065e-01,1.443676e+00,3.304675e-01,3.566108e-01,-1.088727e+00,-1.325167e+00,1.890136e+00,1.246489e+00
-1.564541e+00,-4.753924e+00,-3.237979e-02,4.502523e-01,1.608266e+00,1.982257e-01,3.544564e-01,-1.261167e+00,-1.378668e+00,1.653576e+00,1.149583e+00
-1.991577e+00,-5.073621e+00,-4.938952e-01,1.551936e-01,1.245031e+00,4.330185e-02,1.909487e-01,-1.111360e+00,-1.275462e+00,1.925496e+00,1.398018e+00
-1.435847e+00,-4.643667e+00,-8.442558e-02,2.528095e-01,1.412900e+00,1.719499e-01,2.730699e-01,-1.200591e+00,-1.313186e+00,1.829156e+00,1.253459e+00
-1.544376e+00,-4.520440e+00,-1.364271e-02,4.485513e-01,1.671730e+00,6.624488e-01,6.205442e-01,-9.071801e-01,-1.150479e+00,2.139434e+00,1.430262e+00
-1.712747e+00,-4.845122e+00,-9.612366e-02,3.779757e-01,1.653886e+00,3.416986e-01,5.360822e-01,-1.068866e+00,-1.193187e+00,1.830699e+00,1.321286e+00
-1.674218e+00,-5.010720e+00,-1.757529e-02,4.094991e-01,1.790271e+00,3.030210e-01,6.239861e-01,-1.028571e+00,-1.162608e+00,1.781088e+00,1.304029e+00
-1.365207e+00,-4.675691e+00,9.456318e-02,4.610876e-01,1.671304e+00,2.471451e-01,4.410977e-01,-1.090491e+00,-1.243036e+00,1.817767e+00,1.322333e+00
-2.067970e+00,-5.027716e+00,-4.406540e-01,1.235741e-01,1.339450e+00,2.708752e-01,3.230903e-01,-1.144191e+00,-1.335497e+00,2.016401e+00,1.399791e+00
-1.846331e+00,-4.827173e+00,-3.056599e-01,1.969479e-01,1.394484e+00,3.224108e-01,3.721413e-01,-1.129399e+00,-1.271328e+00,1.918833e+00,1.384040e+00
-1.787990e+00,-4.850747e+00,-3.502832e-01,2.152621e-01,1.200270e+00,7.635111e-03,8.415620e-02,-1.302196e+00,-1.432552e+00,1.745501e+00,1.241316e+00
-1.558691e+00,-4.809058e+00,1.739709e-02,5.071973e-01,1.775344e+00,3.086820e-01,5.767649e-01,-1.042689e+00,-1.206969e+00,1.701614e+00,1.230995e+00
-1.451837e+00,-4.736689e+00,5.400359e-02,3.886159e-01,1.685435e+00,2.868412e-01,5.330325e-01,-1.128815e+00,-1.177397e+00,1.826473e+00,1.372665e+00
-1.268586e+00,-4.413980e+00,1.613188e-01,4.262185e-01,1.648436e+00,4.325902e-01,3.812766e-01,-1.257885e+00,-1.458965e+00,1.760037e+00,1.204249e+00
-1.715953e+00,-4.824725e+00,-9.786782e-02,3.228258e-01,1.626175e+00,3.061716e-01,5.050906e-01,-1.178434e+00,-1.276569e+00,1.753111e+00,1.217244e+00
-1.597691e+00,-4.742554e+00,-4.135714e-02,5.923789e-01,1.719378e+00,4.322702e-01,5.420616e-01,-9.636328e-01,-1.277497e+00,1.769461e+00,1.202586e+00
-1.471266e+00,-4.667493e+00,-1.486856e-01,2.297251e-01,1.270050e+00,-9.013102e-02,8.110395e-02,-1.360808e+00,-1.404405e+00,1.717943e+00,1.262323e+00
-1.462785e+00,-4.471095e+00,6.203294e-03,5.215889e-01,1.551134e+00,4.781259e-01,3.647124e-01,-1.048690e+00,-1.354735e+00,1.936593e+00,1.275606e+00
-1.510278e+00,-4.598452e+00,-1.579772e-01,2.369566e-01,1.390211e+00,2.813980e-01,3.431059e-01,-1.163841e+00,-1.351814e+00,1.919731e+00,1.247284e+00
-1.836753e+00,-4.999692e+00,-3.468103e-01,1.690088e-01,1.299925e+00,8.619341e-02,2.187307e-01,-1.210520e+00,-1.384422e+00,1.768717e+00,1.201707e+00
-1.393433e+00,-4.754794e+00,-6.096616e-02,3.275035e-01,1.477517e+00,2.150899e-02,3.065705e-01,-1.181674e+00,-1.213293e+00,1.872064e+00,1.504626e+00
-1.334762e+00,-4.499483e+00,6.197061e-02,4.819580e-01,1.520665e+00,2.309587e-01,2.006377e-01,-1.294761e+00,-1.512724e+00,1.614239e+00,1.045880e+00
-1.382772e+00,-4.468733e+00,-1.831480e-01,2.304664e-01,1.332441e+00,1.884163e-01,2.756737e-01,-1.214855e+00,-1.336929e+00,1.942234e+00,1.343017e+00
-1.740879e+00,-4.908897e+00,-3.681842e-01,1.144933e-03,1.191369e+00,-8.977270e-02,6.406277e-02,-1.541598e+00,-1.585237e+00,1.652212e+00,1.147999e+00
-1.607763e+00,-4.674760e+00,-7.272134e-02,5.856968e-01,1.655794e+00,3.600967e-01,4.176685e-01,-1.051761e+00,-1.373993e+00,1.763451e+00,1.166316e+00
-1.573483e+00,-4.533821e+00,-9.837483e-02,6.344216e-01,1.577073e+00,3.894830e-01,4.044710e-01,-1.048186e+00,-1.347157e+00,1.719641e+00,1.057494e+00
-1.300217e+00,-4.700631e+00,-5.181110e-02,1.348816e-01,1.361012e+00,-3.385033e-02,1.514986e-01,-1.463079e+00,-1.479263e+00,1.685628e+00,1.235488e+00
-1.555737e+00,-4.581579e+00,-1.740347e-01,2.667581e-01,1.435453e+00,3.356490e-01,3.858479e-01,-1.203380e+00,-1.331789e+00,1.812251e+00,1.189028e+00
-1.622877e+00,-4.802522e+00,-2.107398e-01,3.229674e-01,1.486128e+00,1.264538e-01,3.853002e-01,-1.160975e+00,-1.260649e+00,1.985506e+00,1.446877e+00
-1.746337e+00,-4.966947e+00,-3.298796e-01,1.949235e-01,1.322742e+00,-1.141477e-01,1.132527e-01,-1.397241e+00,-1.523262e+00,1.584281e+00,1.164167e+00
-1.461170e+00,-4.561916e+00,-4.372986e-03,5.243672e-01,1.587163e+00,2.387138e-01,3.121205e-01,-1.285741e+00,-1.483814e+00,1.646820e+00,1.097784e+00
-1.977796e+00,-4.798471e+00,-4.804678e-01,1.061278e-01,1.253008e+00,1.935660e-01,2.597235e-01,-1.262203e+00,-1.356194e+00,1.904674e+00,1.318952e+00
-1.652150e+00,-4.739238e+00,-2.848263e-01,1.858024e-01,1.295698e+00,2.771088e-02,1.445289e-01,-1.449969e+00,-1.559703e+00,1.723380e+00,1.176208e+00
-1.316472e+00,-4.408337e+00,2.525260e-03,5.949046e-01,1.545156e+00,3.251855e-01,3.814086e-01,-9.763639e-01,-1.218899e+00,1.942105e+00,1.308490e+00
-1.763913e+00,-4.915936e+00,-2.143856e-01,3.788747e-01,1.513229e+00,2.758344e-01,3.972765e-01,-1.033264e+00,-1.231814e+00,1.836087e+00,1.267191e+00
-1.275682e+00,-4.443162e+00,6.970157e-02,4.936083e-01,1.618519e+00,3.195273e-01,4.293453e-01,-1.102872e+00,-1.288309e+00,1.894629e+00,1.287903e+00
-1.606261e+00,-4.558042e+00,-1.738566e-01,1.829072e-01,1.395120e+00,3.016867e-01,3.412523e-01,-1.251453e+00,-1.306241e+00,1.924872e+00,1.293567e+00
-1.779865e+00,-4.766432e+00,-2.740430e-01,3.643136e-01,1.386665e+00,3.475559e-01,3.272616e-01,-9.822312e-01,-1.263048e+00,1.979598e+00,1.330357e+00
-1.744850e+00,-4.977074e+00,-2.833025e-01,1.288572e-01,1.182624e+00,-1.265313e-01,-4.665812e-02,-1.397330e+00,-1.474067e+00,1.658710e+00,1.271202e+00
-1.704385e+00,-4.779653e+00,-2.103199e-01,4.192351e-01,1.478066e+00,2.815152e-01,3.795654e-01,-1.052452e+00,-1.282966e+00,1.892520e+00,1.325320e+00
-1.371043e+00,-4.424297e+00,7.572450e-02,4.539276e-01,1.626906e+00,5.163948e-01,5.144269e-01,-1.012101e+00,-1.180736e+00,2.039516e+00,1.424056e+00
-1.938804e+00,-5.118738e+00,-3.277817e-01,-1.172734e-02,1.404097e+00,2.402325e-01,4.671854e-01,-1.116504e+00,-1.128175e+00,1.956168e+00,1.398786e+00
-1.593163e+00,-4.914350e+00,-1.876318e-01,1.994896e-01,1.452552e+00,5.098650e-02,3.492206e-01,-1.171833e+00,-1.254533e+00,1.760679e+00,1.327222e+00
-1.687133e+00,-4.961923e+00,-6.570826e-02,3.796267e-01,1.679772e+00,2.132727e-01,4.831237e-01,-1.263427e+00,-1.375828e+00,1.410094e+00,9.623359e-01
-1.379922e+00,-4.573239e+00,7.465693e-02,3.659634e-01,1.556464e+00,2.672640e-01,3.545156e-01,-1.158638e+00,-1.228093e+00,1.830104e+00,1.388513e+00
-1.697712e+00,-4.729932e+00,-1.474829e-01,2.129719e-01,1.476150e+00,4.024497e-01,3.788436e-01,-1.259603e+00,-1.391853e+00,1.820458e+00,1.260101e+00
-1.758119e+00,-4.792127e+00,-3.520151e-01,2.960683e-01,1.341881e+00,8.199364e-02,2.204788e-01,-1.298086e+00,-1.564625e+00,1.744105e+00,1.141284e+00
-1.841270e+00,-4.915103e+00,-2.032981e-01,3.468911e-01,1.503745e+00,2.198760e-01,3.297526e-01,-1.162110e+00,-1.327133e+00,1.617132e+00,1.150362e+00
-1.629376e+00,-4.614194e+00,-9.013661e-02,6.232686e-01,1.602163e+00,3.097460e-01,3.299526e-01,-1.234137e+00,-1.530743e+00,1.611077e+00,1.113017e+00
-1.206833e+00,-4.593774e+00,5.535548e-02,9.393182e-02,1.316307e+00,1.110510e-01,1.300829e-01,-1.298117e+00,-1.349025e+00,1.810224e+00,1.332489e+00
-1.561309e+00,-4.664919e+00,-1.006179e-01,2.240550e-01,1.484562e+00,2.208738e-01,3.620443e-01,-1.377813e+00,-1.446817e+00,1.715082e+00,1.140709e+00
-1.663603e+00,-4.922243e+00,-1.169442e-01,2.315452e-01,1.536138e+00,6.881359e-02,3.450987e-01,-1.266003e+00,-1.293207e+00,1.751989e+00,1.349978e+00
-1.617982e+00,-4.926867e+00,7.000795e-03,4.526392e-01,1.706352e+00,4.199087e-01,5.461320e-01,-9.269383e-01,-1.143300e+00,1.820123e+00,1.280531e+00
-1.463841e+00,-4.785923e+00,3.768996e-03,3.472111e-01,1.603984e+00,2.274078e-01,3.887727e-01,-1.159776e+00,-1.300307e+00,1.771338e+00,1.328141e+00
-1.721950e+00,-4.712359e+00,-2.731458e-01,2.174391e-01,1.404607e+00,2.933182e-01,3.509123e-01,-1.257473e+00,-1.413185e+00,1.911436e+00,1.228634e+00
-1.524463e+00,-4.651328e+00,-1.680532e-01,3.095267e-01,1.529167e+00,2.924836e-01,5.163842e-01,-1.039951e+00,-1.169574e+00,1.933087e+00,1.305616e+00
-1.652783e+00,-4.909584e+00,-1.702558e-01,1.846898e-01,1.472072e+00,3.389939e-02,4.177546e-01,-1.170213e+00,-1.043989e+00,1.883568e+00,1.506781e+00
-1.556035e+00,-4.542480e+00,-9.334652e-02,5.525800e-01,1.518827e+00,1.818431e-01,2.421335e-01,-1.299363e+00,-1.502146e+00,1.599297e+00,1.098759e+00
-1.672474e+00,-4.651534e+00,-1.114183e-01,3.468450e-01,1.547482e+00,3.705473e-01,3.873262e-01,-1.195878e+00,-1.337690e+00,1.788265e+00,1.201647e+00
-1.556068e+00,-4.558425e+00,-8.098657e-02,2.474577e-01,1.463929e+00,3.053046e-01,3.602661e-01,-1.287441e+00,-1.257485e+00,1.899564e+00,1.362406e+00
-1.406131e+00,-4.525024e+00,-6.043589e-02,4.796348e-01,1.508512e+00,1.853284e-01,3.214011e-01,-1.110860e+00,-1.240617e+00,2.024778e+00,1.522522e+00
-1.762098e+00,-4.918803e+00,-2.362742e-01,3.375053e-01,1.373267e+00,9.754996e-02,1.271175e-01,-1.283638e+00,-1.486804e+00,1.671510e+00,1.177574e+00
-1.332060e+00,-4.485978e+00,-8.224959e-02,3.393229e-01,1.351498e+00,7.619954e-02,1.357693e-01,-1.294013e+00,-1.447007e+00,1.726868e+00,1.213986e+00
-1.550441e+00,-4.561272e+00,-1.290513e-01,2.496403e-01,1.450129e+00,3.340994e-01,4.206281e-01,-1.175991e+00,-1.222190e+00,2.020577e+00,1.355594e+00
-1.297775e+00,-4.455839e+00,3.025645e-02,3.780882e-01,1.454928e+00,1.740308e-01,1.992514e-01,-1.341042e+00,-1.378196e+00,1.793578e+00,1.406663e+00
-1.302384e+00,-4.572337e+00,6.816778e-02,3.657119e-01,1.404889e+00,-5.280846e-02,-1.256082e-02,-1.518994e+00,-1.570722e+00,1.578395e+00,1.217525e+00
-1.336795e+00,-4.768141e+00,3.096246e-02,3.790531e-01,1.611553e+00,1.596253e-01,3.976369e-01,-1.133366e+00,-1.230069e+00,1.840585e+00,1.443945e+00
-1.793802e+00,-4.826200e+00,-4.600004e-01,1.462387e-02,1.109398e+00,-1.512126e-02,1.202647e-01,-1.314801e+00,-1.358538e+00,1.856649e+00,1.260718e+00
-1.295413e+00,-4.434147e+00,1.035673e-01,4.559779e-01,1.604582e+00,4.020932e-01,3.341476e-01,-1.315556e+00,-1.530507e+00,1.684220e+00,1.063726e+00
-1.510282e+00,-4.608833e+00,-1.779842e-01,3.411660e-01,1.410377e+00,9.833439e-02,2.488381e-01,-1.223534e+00,-1.410144e+00,1.750750e+00,1.162325e+00
-1.538272e+00,-4.721430e+00,-3.605576e-02,3.694288e-01,1.526845e+00,2.549214e-01,3.888560e-01,-1.034393e+00,-1.125019e+00,1.859335e+00,1.382585e+00
-2.060217e+00,-5.079941e+00,-3.827363e-01,2.006487e-01,1.440475e+00,1.999729e-01,3.880142e-01,-1.099830e+00,-1.207349e+00,1.851702e+00,1.390134e+00
-1.502881e+00,-4.650616e+00,-7.337037e-02,1.886672e-01,1.499435e+00,3.039254e-01,4.997034e-01,-1.116952e+00,-1.133749e+00,2.082421e+00,1.465839e+00
-1.431074e+00,-4.468830e+00,9.263003e-02,5.101719e-01,1.684738e+00,5.157291e-01,5.004816e-01,-1.021723e+00,-1.218895e+00,1.862723e+00,1.311350e+00
-1.995803e+00,-5.073788e+00,-4.115643e-01,1.178981e-01,1.192703e+00,-5.394322e-02,-8.551612e-03,-1.385679e+00,-1.547411e+00,1.594487e+00,1.126542e+00
-1.818147e+00,-4.912492e+00,-1.624767e-01,4.094679e-01,1.577135e+00,2.747418e-01,4.009702e-01,-1.100785e+00,-1.246483e+00,1.755900e+00,1.362964e+00
-1.613206e+00,-4.636223e+00,-2.425050e-01,2.685357e-01,1.336075e+00,1.751373e-01,2.532060e-01,-1.258558e+00,-1.437365e+00,1.759878e+00,1.223947e+00
-1.334103e+00,-4.490358e+00,-2.225311e-02,1.599726e-01,1.315355e+00,1.069581e-01,1.861435e-01,-1.375760e+00,-1.318976e+00,1.960452e+00,1.471488e+00
-1.642236e+00,-4.908510e+00,-8.953579e-02,2.489379e-01,1.526620e+00,1.590214e-01,3.119964e-01,-1.246722e+00,-1.324819e+00,1.825777e+00,1.419326e+00
-1.821747e+00,-5.009626e+00,-1.695672e-01,4.291707e-01,1.599656e+00,3.852243e-01,4.961546e-01,-9.044134e-01,-1.151996e+00,1.905544e+00,1.331639e+00
-1.893766e+00,-4.991873e+00,-5.113331e-01,2.242321e-02,1.105279e+00,-1.464549e-01,8.101798e-02,-1.326517e+00,-1.403937e+00,1.766550e+00,1.307142e+00
-1.769356e+00,-4.648158e+00,-2.214953e-01,4.079490e-01,1.539459e+00,4.785042e-01,5.324070e-01,-1.040972e+00,-1.263355e+00,2.006903e+00,1.313010e+00
-1.784431e+00,-4.748095e+00,-2.356966e-01,2.916881e-01,1.559582e+00,4.418943e-01,5.958502e-01,-9.644797e-01,-1.114494e+00,2.073948e+00,1.436370e+00
-2.062035e+00,-5.103285e+00,-4.366321e-01,1.281205e-01,1.189515e+00,4.268635e-02,2.404673e-02,-1.339104e+00,-1.509463e+00,1.637639e+00,1.201689e+00
-1.809136e+00,-4.763937e+00,-2.112137e-01,4.866152e-01,1.472510e+00,2.526847e-01,2.542211e-01,-1.113775e+00,-1.363979e+00,1.795701e+00,1.313204e+00
-1.258735e+00,-4.471570e+00,1.542802e-01,5.293427e-01,1.644375e+00,3.628050e-01,4.448430e-01,-1.090345e+00,-1.218429e+00,1.857809e+00,1.377851e+00
-1.351268e+00,-4.594396e+00,-7.634646e-02,1.809525e-01,1.433000e+00,1.447374e-01,3.555343e-01,-1.304446e+00,-1.301285e+00,1.873951e+00,1.404054e+00
-1.652229e+00,-4.806211e+00,-3.614172e-01,8.484532e-02,1.191397e+00,1.483128e-01,3.268616e-01,-9.634079e-01,-9.393353e-01,2.241643e+00,1.704126e+00
-1.357177e+00,-4.528451e+00,-4.402922e-02,4.475786e-01,1.532563e+00,1.910498e-01,4.740565e-01,-9.558064e-01,-1.016279e+00,2.117871e+00,1.540293e+00
-1.717382e+00,-4.766661e+00,-1.034323e-01,4.195862e-01,1.573209e+00,2.758731e-01,2.865190e-01,-1.256587e+00,-1.496424e+00,1.443500e+00,9.120435e-01
-2.062233e+00,-4.975047e+00,-6.204452e-01,8.681005e-02,1.198690e+00,1.743339e-01,3.303505e-01,-1.135235e+00,-1.288752e+00,2.036536e+00,1.311678e+00
-1.585572e+00,-4.622797e+00,-1.567130e-01,2.761813e-01,1.507773e+00,2.798857e-01,4.185956e-01,-1.228161e+00,-1.307653e+00,1.865934e+00,1.326460e+00
-1.826301e+00,-4.721399e+00,-1.936396e-01,4.764467e-01,1.592370e+00,4.863037e-01,5.810898e-01,-8.644521e-01,-9.972173e-01,1.954459e+00,1.347859e+00
-1.504185e+00,-4.679223e+00,3.605776e-02,5.643520e-01,1.681411e+00,2.873130e-01,3.870509e-01,-1.112331e+00,-1.311768e+00,1.753786e+00,1.236231e+00
-1.602075e+00,-4.601819e+00,-2.177398e-01,2.427803e-01,1.232085e+00,1.023938e-01,8.837716e-02,-1.328945e+00,-1.432117e+00,1.676576e+00,1.087759e+00
-1.272648e+00,-4.428314e+00,4.906934e-02,2.099188e-01,1.460606e+00,2.066872e-01,2.866645e-01,-1.422947e+00,-1.362698e+00,1.778708e+00,1.332969e+00
-1.371337e+00,-4.464222e+00,9.080431e-02,5.161592e-01,1.672529e+00,4.432987e-01,5.166457e-01,-1.018026e+00,-1.148886e+00,1.953156e+00,1.360984e+00
-1.579352e+00,-4.799441e+00,-1.501105e-01,3.342220e-01,1.467441e+00,1.415451e-01,3.617645e-01,-1.067970e+00,-1.152205e+00,1.920696e+00,1.403695e+00
-1.591128e+00,-4.716343e+00,-1.456129e-01,3.480409e-01,1.395763e+00,1.340286e-01,1.780578e-01,-1.259750e+00,-1.403022e+00,1.678754e+00,1.202404e+00
-1.296024e+00,-4.374799e+00,9.585657e-02,4.562600e-01,1.558802e+00,3.794890e-01,3.306657e-01,-1.215440e+00,-1.380229e+00,1.844466e+00,1.231633e+00
-1.727565e+00,-4.790498e+00,-3.593238e-01,9.983081e-02,1.291247e+00,2.465960e-01,3.543488e-01,-1.100558e+00,-1.216109e+00,2.063171e+00,1.405830e+00
-1.425110e+00,-4.677067e+00,-8.132929e-02,3.365076e-01,1.425301e+00,9.317846e-02,1.999910e-01,-1.287609e+00,-1.472015e+00,1.753986e+00,1.135621e+00
-1.408788e+00,-4.670387e+00,-1.267389e-01,2.576992e-01,1.335730e+00,-5.669677e-02,1.276981e-01,-1.256139e+00,-1.322592e+00,1.801460e+00,1.358019e+00
-1.382541e+00,-4.394121e+00,7.534680e-03,4.028468e-01,1.354701e+00,2.488537e-01,1.345514e-01,-1.259895e+00,-1.416056e+00,1.643046e+00,1.111730e+00
-1.675635e+00,-4.755994e+00,-2.847366e-02,2.613153e-01,1.549991e+00,4.886180e-01,3.830866e-01,-1.118883e+00,-1.252639e+00,1.858017e+00,1.384520e+00
-1.654127e+00,-4.683329e+00,-2.809030e-01,1.492425e-01,1.233535e+00,9.884216e-02,1.865848e-01,-1.223378e+00,-1.340218e+00,1.867012e+00,1.319865e+00
-1.234051e+00,-4.536460e+00,-1.058390e-01,1.411736e-01,1.235554e+00,-1.690108e-01,1.613365e-01,-1.303395e+00,-1.211040e+00,1.791953e+00,1.447364e+00
-1.718033e+00,-4.724079e+00,-2.019524e-01,3.610278e-01,1.317363e+00,1.264215e-01,8.767538e-02,-1.293308e+00,-1.440889e+00,1.649289e+00,1.290427e+00
-1.329509e+00,-4.439355e+00,2.096152e-01,5.451095e-01,1.811160e+00,5.307628e-01,6.526169e-01,-1.013972e+00,-1.145300e+00,1.882627e+00,1.286044e+00
-1.956593e+00,-4.738800e+00,-3.564574e-01,1.387640e-01,1.278476e+00,3.074923e-01,2.584502e-01,-1.242064e+00,-1.321530e+00,1.785581e+00,1.306260e+00
-1.258347e+00,-4.326119e+00,4.545189e-02,5.758987e-01,1.468455e+00,2.103318e-01,2.186178e-01,-1.222272e+00,-1.407233e+00,1.839475e+00,1.326333e+00
-1.607398e+00,-4.746281e+00,-1.661785e-01,4.116790e-01,1.434382e+00,1.575315e-01,2.068390e-01,-1.159579e+00,-1.434122e+00,1.678851e+00,1.200027e+00
-1.433384e+00,-4.464286e+00,1.642052e-01,7.987631e-01,1.828876e+00,5.936467e-01,4.666070e-01,-1.120132e+00,-1.588287e+00,1.469329e+00,8.301421e-01
-1.591329e+00,-4.656696e+00,-1.758771e-01,2.833143e-01,1.472404e+00,2.939630e-01,3.921969e-01,-1.171090e+00,-1.358220e+00,1.879229e+00,1.275475e+00
-1.390479e+00,-4.447310e+00,-1.462220e-01,2.085511e-01,1.226250e+00,7.303997e-02,1.461694e-01,-1.312500e+00,-1.343420e+00,1.929771e+00,1.382352e+00
-1.542046e+00,-4.575769e+00,-1.821487e-01,4.574324e-01,1.395701e+00,2.329754e-01,2.979207e-01,-1.037139e+00,-1.320427e+00,1.882464e+00,1.222998e+00
-1.623274e+00,-4.777963e+00,-2.223738e-01,2.497108e-01,1.286703e+00,5.275121e-02,1.743839e-01,-1.183258e+00,-1.255900e+00,1.841186e+00,1.437843e+00
-1.774854e+00,-4.713578e+00,-8.188271e-02,4.460781e-01,1.640328e+00,5.232536e-01,5.571584e-01,-9.167702e-01,-1.093866e+00,1.903711e+00,1.249202e+00
-1.295344e+00,-4.321789e+00,8.167194e-02,3.120909e-01,1.459451e+00,4.308782e-01,3.268565e-01,-1.174703e+00,-1.274946e+00,1.987609e+00,1.371790e+00
-1.345529e+00,-4.443003e+00,9.175185e-02,5.085391e-01,1.696802e+00,3.353348e-01,5.693338e-01,-1.122927e+00,-1.164485e+00,1.819516e+00,1.313738e+00
-1.841768e+00,-4.837932e+00,-3.284662e-01,4.442571e-01,1.473150e+00,3.313461e-01,4.087126e-01,-8.812164e-01,-1.212933e+00,2.010790e+00,1.346839e+00
-1.975428e+00,-4.862845e+00,-4.025234e-01,3.197674e-01,1.282183e+00,2.598811e-01,2.547505e-01,-9.824872e-01,-1.150881e+00,2.075323e+00,1.451424e+00
-1.503123e+00,-4.605784e+00,-1.065129e-01,3.324918e-01,1.517577e+00,3.657854e-01,4.248234e-01,-1.094704e+00,-1.285393e+00,2.015998e+00,1.358865e+00
-1.097270e+00,-4.213276e+00,2.162013e-01,5.366114e-01,1.625221e+00,3.054267e-01,3.455599e-01,-1.320628e+00,-1.404154e+00,1.851226e+00,1.309324e+00
-1.712884e+00,-4.755141e+00,-2.863001e-01,2.778400e-01,1.345855e+00,1.331278e-01,2.806157e-01,-1.075910e+00,-1.195626e+00,1.948861e+00,1.378572e+00
-1.299898e+00,-4.466706e+00,3.143901e-02,3.672643e-01,1.395099e+00,-4.813062e-02,1.106267e-01,-1.429876e+00,-1.363455e+00,1.623402e+00,1.282675e+00
-1.633260e+00,-4.736001e+00,-2.319512e-01,2.615757e-01,1.406668e+00,2.910311e-01,3.378105e-01,-1.071373e+00,-1.282756e+00,1.864778e+00,1.262810e+00
-1.501080e+00,-4.456482e+00,-7.430347e-02,3.163517e-01,1.436337e+00,2.764161e-01,2.484064e-01,-1.380687e+00,-1.470284e+00,1.744665e+00,1.133311e+00
-1.481682e+00,-4.354267e+00,-1.076694e-01,5.934248e-01,1.501127e+00,3.921377e-01,3.861543e-01,-1.069902e+00,-1.326143e+00,1.889885e+00,1.198180e+00
-1.139064e+00,-4.424690e+00,1.576207e-01,5.038451e-01,1.538034e+00,1.065302e-01,1.866309e-01,-1.279494e+00,-1.417580e+00,1.659512e+00,1.175023e+00
-1.674773e+00,-4.643563e+00,-1.259910e-01,5.637309e-01,1.658941e+00,3.394647e-01,5.296263e-01,-1.057282e+00,-1.205823e+00,1.899416e+00,1.326151e+00
-1.474586e+00,-4.194388e+00,-1.886871e-01,4.835101e-01,1.281916e+00,2.831571e-01,1.106545e-01,-1.279901e+00,-1.518900e+00,1.813199e+00,1.184100e+00
-1.769928e+00,-4.652110e+00,-2.416108e-01,3.501983e-01,1.438084e+00,4.668448e-01,3.974701e-01,-1.040626e+00,-1.264192e+00,2.048726e+00,1.276755e+00
-1.510237e+00,-4.596945e+00,-9.998469e-02,4.937724e-01,1.538864e+00,3.857805e-01,4.753035e-01,-9.179698e-01,-1.129471e+00,1.932703e+00,1.303119e+00
-1.283032e+00,-4.514136e+00,-5.506624e-02,2.564934e-01,1.194912e+00,-1.116452e-01,-5.876038e-02,-1.380417e+00,-1.377811e+00,1.764524e+00,1.370829e+00
-1.264110e+00,-4.386682e+00,1.085322e-01,4.761769e-01,1.583066e+00,2.632941e-01,3.291626e-01,-1.246887e+00,-1.357426e+00,1.709321e+00,1.216339e+00
-1.232140e+00,-4.079225e+00,-5.065445e-02,2.275584e-01,1.247213e+00,3.615131e-01,2.184028e-01,-1.296328e+00,-1.398396e+00,1.972068e+00,1.266046e+00
-1.487850e+00,-4.488236e+00,-8.048857e-03,3.994852e-01,1.480166e+00,3.101459e-01,3.530730e-01,-1.118255e+00,-1.171884e+00,1.848864e+00,1.338780e+00
-1.585944e+00,-4.473401e+00,7.044210e-02,7.091090e-01,1.673640e+00,4.595501e-01,3.503900e-01,-1.048104e+00,-1.308832e+00,1.750639e+00,1.282146e+00
-1.317775e+00,-4.480828e+00,1.455777e-01,4.881836e-01,1.539479e+00,2.382935e-01,2.282367e-01,-1.262658e+00,-1.386251e+00,1.575426e+00,1.131174e+00
-1.618570e+00,-4.565365e+00,-3.152445e-02,5.825652e-01,1.648667e+00,6.341353e-01,4.757394e-01,-9.634079e-01,-1.353866e+00,1.788482e+00,1.086168e+00
-1.431947e+00,-4.574312e+00,1.957901e-02,2.223085e-01,1.494314e+00,2.935438e-01,3.779710e-01,-1.274757e+00,-1.249858e+00,1.875934e+00,1.368964e+00
-1.318458e+00,-4.439824e+00,1.347973e-01,5.539452e-01,1.740043e+00,2.933926e-01,5.471365e-01,-1.037804e+00,-1.122103e+00,1.888863e+00,1.384340e+00
-1.792950e+00,-4.820751e+00,-1.095292e-01,5.884766e-01,1.575646e+00,4.456462e-01,2.988408e-01,-1.006635e+00,-1.420654e+00,1.745268e+00,1.185730e+00
-1.474021e+00,-4.437881e+00,-4.507769e-04,4.441964e-01,1.446037e+00,2.407624e-01,2.107876e-01,-1.196636e+00,-1.277877e+00,1.796787e+00,1.404658e+00
-1.963689e+00,-4.737041e+00,-3.755649e-01,3.784066e-02,1.163700e+00,2.319156e-01,1.187065e-01,-1.400370e+00,-1.430694e+00,1.696022e+00,1.204934e+00
-1.750861e+00,-4.862830e+00,-3.362059e-01,1.528115e-01,1.286261e+00,1.211781e-01,2.778176e-01,-1.180730e+00,-1.299671e+00,1.976792e+00,1.362271e+00
-1.549862e+00,-4.622433e+00,-1.759130e-01,4.333513e-01,1.423255e+00,2.112463e-01,3.239238e-01,-1.069499e+00,-1.268602e+00,1.808164e+00,1.300052e+00
-1.406097e+00,-4.420077e+00,7.785124e-03,5.279735e-01,1.416460e+00,2.540713e-01,1.571958e-01,-1.143244e+00,-1.382881e+00,1.731530e+00,1.212259e+00
-1.655578e+00,-4.577181e+00,-1.334424e-01,4.438020e-01,1.468760e+00,4.955079e-01,3.820292e-01,-9.674932e-01,-1.225610e+00,1.972669e+00,1.340581e+00
-1.430884e+00,-4.362082e+00,3.323173e-02,4.643265e-01,1.551500e+00,5.052912e-01,4.446626e-01,-1.040179e+00,-1.205603e+00,2.004166e+00,1.338876e+00
-1.297254e+00,-4.288031e+00,2.890615e-02,5.573662e-01,1.378206e+00,2.405319e-01,2.319396e-02,-1.285248e+00,-1.623354e+00,1.748491e+00,1.188399e+00
-1.651352e+00,-4.733529e+00,-9.110292e-02,3.748831e-01,1.428940e+00,2.980338e-01,3.319284e-01,-9.337446e-01,-9.988978e-01,2.050961e+00,1.591279e+00
-1.808351e+00,-4.656567e+00,-4.332908e-01,2.623431e-01,1.177365e+00,6.767888e-02,1.054770e-01,-1.211235e+00,-1.451887e+00,1.671237e+00,1.003077e+00
-1.652625e+00,-4.611694e+00,-1.802762e-01,1.862939e-01,1.348955e+00,3.230317e-01,2.864396e-01,-1.202625e+00,-1.279805e+00,1.896819e+00,1.227946e+00
-1.377031e+00,-4.510958e+00,-8.531032e-02,2.121265e-01,1.359478e+00,1.034425e-01,2.049939e-01,-1.348059e+00,-1.415622e+00,1.774149e+00,1.176083e+00
-1.597602e+00,-4.691422e+00,-2.605717e-01,2.288984e-01,1.198658e+00,-6.791962e-02,4.742496e-02,-1.390484e+00,-1.427506e+00,1.682862e+00,1.192346e+00
-1.708836e+00,-4.745544e+00,-2.908506e-01,3.220975e-01,1.320932e+00,1.144234e-01,2.627115e-01,-1.103614e+00,-1.211816e+00,1.865745e+00,1.292414e+00
-1.515687e+00,-4.371999e+00,3.335603e-02,5.949852e-01,1.612060e+00,4.500207e-01,3.532490e-01,-1.186602e+00,-1.379011e+00,1.731377e+00,1.173224e+00
-1.514808e+00,-4.543563e+00,-1.342046e-01,3.203076e-01,1.608493e+00,4.649499e-01,7.258181e-01,-9.467777e-01,-9.955490e-01,2.150552e+00,1.437176e+00
-1.791750e+00,-4.696623e+00,-2.934281e-01,3.677184e-01,1.373759e+00,2.831724e-01,2.694441e-01,-1.160883e+00,-1.375691e+00,1.771216e+00,1.194995e+00
-1.828371e+00,-4.751397e+00,-2.099192e-01,4.762411e-01,1.474403e+00,3.080057e-01,3.185343e-01,-1.079831e+00,-1.224258e+00,1.822945e+00,1.332250e+00
-1.752721e+00,-4.710202e+00,-1.730725e-01,4.720364e-01,1.592275e+00,2.752623e-01,4.197467e-01,-1.082649e+00,-1.205978e+00,1.927787e+00,1.497581e+00
-1.433854e+00,-4.409260e+00,-1.307136e-01,3.786734e-01,1.268712e+00,3.883279e-01,1.991462e-01,-1.081474e+00,-1.302168e+00,1.994497e+00,1.303278e+00
-1.448149e+00,-4.435040e+00,-5.296304e-02,4.080111e-01,1.585607e+00,3.738700e-01,5.450980e-01,-1.123420e+00,-1.131643e+00,1.926275e+00,1.414742e+00
-1.226575e+00,-4.322779e+00,5.048341e-02,5.149900e-01,1.476865e+00,3.226657e-01,3.589572e-01,-9.822825e-01,-1.118899e+00,1.954859e+00,1.342495e+00
-1.913939e+00,-4.748067e+00,-1.236997e-01,5.649338e-01,1.639019e+00,5.566612e-01,4.274342e-01,-9.302400e-01,-1.198110e+00,1.762185e+00,1.200244e+00
-1.411707e+00,-4.270610e+00,8.431772e-03,5.751138e-01,1.527249e+00,3.754237e-01,3.685803e-01,-1.112100e+00,-1.233865e+00,1.887950e+00,1.288395e+00
-1.313028e+00,-4.295215e+00,-5.771608e-03,2.960717e-01,1.418992e+00,2.904383e-01,3.201718e-01,-1.259635e+00,-1.274185e+00,1.963327e+00,1.324862e+00
-1.332002e+00,-4.431903e+00,1.890074e-01,5.538931e-01,1.728025e+00,4.630099e-01,5.024835e-01,-1.050911e+00,-1.156749e+00,1.827399e+00,1.342797e+00
-1.316644e+00,-4.443885e+00,2.189381e-01,5.016392e-01,1.607853e+00,2.985096e-01,3.446052e-01,-1.114548e+00,-1.128195e+00,1.735926e+00,1.338701e+00
-1.254797e+00,-4.280322e+00,1.766468e-01,6.545688e-01,1.655953e+00,3.163798e-01,3.563199e-01,-1.164620e+00,-1.337583e+00,1.697494e+00,1.221538e+00
-1.184885e+00,-4.133007e+00,1.649361e-01,5.190645e-01,1.436757e+00,3.913103e-01,2.568535e-01,-1.150945e+00,-1.236002e+00,1.933236e+00,1.403111e+00
-1.168801e+00,-4.150807e+00,1.614508e-01,4.240547e-01,1.374807e+00,4.442140e-01,2.259360e-01,-1.089384e+00,-1.166951e+00,2.024524e+00,1.495199e+00
-1.706449e+00,-4.713406e+00,-3.105365e-01,1.272754e-01,1.079909e+00,3.347179e-02,-2.948457e-02,-1.315623e+00,-1.415193e+00,1.617870e+00,1.182397e+00
-1.669109e+00,-4.699204e+00,-9.633146e-02,4.250127e-01,1.492655e+00,2.207621e-01,2.996878e-01,-1.116964e+00,-1.220246e+00,1.806694e+00,1.336036e+00
-1.516476e+00,-4.448902e+00,-2.390754e-03,5.231163e-01,1.523501e+00,4.445634e-01,3.796212e-01,-1.013760e+00,-1.199774e+00,1.871761e+00,1.307110e+00
-1.734512e+00,-4.387172e+00,-2.623620e-01,2.824471e-01,1.321073e+00,3.411389e-01,3.070326e-01,-1.311771e+00,-1.369371e+00,1.947955e+00,1.341579e+00
-1.302967e+00,-4.397386e+00,1.123427e-01,4.410361e-01,1.627166e+00,2.363531e-01,4.462960e-01,-1.242819e+00,-1.268128e+00,1.711974e+00,1.225919e+00
-1.281336e+00,-4.486947e+00,1.010285e-02,4.339978e-01,1.384115e+00,5.922893e-02,1.363207e-01,-1.262361e+00,-1.419632e+00,1.778029e+00,1.285247e+00
-1.410791e+00,-4.399380e+00,1.664437e-02,5.190878e-01,1.531789e+00,1.663883e-01,3.126723e-01,-1.175808e+00,-1.316749e+00,1.780219e+00,1.232507e+00
-1.282975e+00,-4.183143e+00,1.462233e-01,4.919184e-01,1.457300e+00,3.713594e-01,2.026204e-01,-1.254101e+00,-1.361974e+00,1.732935e+00,1.212752e+00
-1.884570e+00,-4.771725e+00,-4.875695e-01,-4.404395e-03,1.049806e+00,-1.400294e-01,-3.763966e-02,-1.591237e+00,-1.570472e+00,1.750055e+00,1.336646e+00
-1.582528e+00,-4.403207e+00,3.800038e-02,7.760103e-01,1.686018e+00,6.722017e-01,5.445540e-01,-8.223481e-01,-1.110950e+00,2.020411e+00,1.360175e+00
-1.585175e+00,-4.764920e+00,-3.703932e-01,1.484017e-01,1.143560e+00,-2.076511e-01,7.642707e-02,-1.315724e+00,-1.439573e+00,1.693940e+00,1.144643e+00
-8.534299e-01,-4.132462e+00,1.530128e-01,3.481069e-01,1.276847e+00,-2.984837e-02,1.073517e-01,-1.280240e+00,-1.276930e+00,1.873336e+00,1.376604e+00
-1.482760e+00,-4.437961e+00,-9.976564e-02,3.220590e-01,1.363972e+00,1.704217e-01,1.580133e-01,-1.385713e+00,-1.465240e+00,1.780902e+00,1.292787e+00
-1.429885e+00,-4.368891e+00,-5.808233e-02,3.414622e-01,1.442680e+00,2.734950e-01,3.875860e-01,-1.143528e+00,-1.190297e+00,1.943778e+00,1.274498e+00
-1.753671e+00,-4.779283e+00,-1.494595e-01,4.435950e-01,1.593779e+00,3.076394e-01,4.555928e-01,-1.117856e+00,-1.256671e+00,1.647146e+00,1.149863e+00
-1.456863e+00,-4.483833e+00,-1.013298e-01,2.890342e-01,1.294306e+00,1.364528e-01,1.822416e-01,-1.137372e+00,-1.100626e+00,1.801228e+00,1.461372e+00
-2.015519e+00,-4.895370e+00,-3.285105e-01,1.269644e-01,1.259639e+00,6.377470e-02,1.328219e-03,-1.602509e+00,-1.622041e+00,1.415030e+00,1.025180e+00
-1.258392e+00,-4.095784e+00,6.105421e-02,4.605083e-01,1.424483e+00,4.078694e-01,2.814794e-01,-1.188970e+00,-1.254077e+00,1.975538e+00,1.328496e+00
-1.021866e+00,-4.217936e+00,3.170105e-02,3.435400e-01,1.184229e+00,3.745486e-02,-8.700984e-03,-1.312518e+00,-1.402726e+00,1.754638e+00,1.230202e+00
-2.104604e+00,-4.885125e+00,-4.631982e-01,3.399522e-01,1.359894e+00,3.678261e-01,3.845660e-01,-8.126268e-01,-1.050178e+00,2.065317e+00,1.406385e+00
-1.357013e+00,-4.321354e+00,-8.708226e-02,4.397529e-01,1.361269e+00,1.799322e-01,2.844458e-01,-1.143982e+00,-1.192983e+00,1.917624e+00,1.351367e+00
-1.721508e+00,-4.501614e+00,-4.250277e-01,1.849208e-01,1.102783e+00,1.013078e-01,3.977440e-02,-1.362532e+00,-1.502537e+00,1.862966e+00,1.225359e+00
-1.451175e+00,-4.356428e+00,1.342296e-01,5.195714e-01,1.635569e+00,5.694130e-01,3.968718e-01,-1.153999e+00,-1.299435e+00,1.680849e+00,1.105789e+00
-1.101822e+00,-4.301016e+00,5.660055e-02,3.895400e-01,1.238946e+00,-4.053302e-03,-3.645534e-02,-1.322649e+00,-1.418059e+00,1.783218e+00,1.282898e+00
-1.400439e+00,-4.228879e+00,4.700702e-02,5.927825e-01,1.469667e+00,2.391891e-01,2.142084e-01,-1.216319e+00,-1.269841e+00,1.719789e+00,1.215436e+00
-1.608468e+00,-4.590112e+00,-3.728907e-01,9.511101e-02,1.041499e+00,-9.670594e-02,-2.734088e-02,-1.455603e+00,-1.467074e+00,1.696070e+00,1.128285e+00
-1.043414e+00,-4.007939e+00,5.438880e-02,2.069298e-01,1.181296e+00,1.757696e-01,9.586909e-02,-1.346712e+00,-1.240398e+00,1.864173e+00,1.352514e+00
-1.506158e+00,-4.432979e+00,-8.113678e-02,3.989451e-01,1.446748e+00,1.736647e-01,2.991561e-01,-1.256009e+00,-1.262955e+00,1.805233e+00,1.290596e+00
-1.209827e+00,-4.188089e+00,1.451750e-02,6.218284e-01,1.407966e+00,2.951950e-01,2.399687e-01,-9.746406e-01,-1.209829e+00,1.955300e+00,1.390891e+00
-1.804100e+00,-5.023338e+00,-1.580325e-01,2.281318e-01,1.522625e+00,4.344369e-01,5.550871e-01,-7.908082e-01,-8.446188e-01,2.126133e+00,1.639153e+00
-1.217965e+00,-4.142463e+00,1.639585e-01,6.849394e-01,1.696195e+00,5.115145e-01,4.735084e-01,-1.040576e+00,-1.280177e+00,1.960497e+00,1.389072e+00
-1.183950e+00,-4.189162e+00,1.507636e-01,3.726721e-01,1.413053e+00,2.854687e-01,2.113815e-01,-1.268808e+00,-1.279622e+00,1.822099e+00,1.326285e+00
-1.832848e+00,-4.579807e+00,-1.222448e-01,7.372826e-01,1.622256e+00,5.967306e-01,3.623766e-01,-1.010650e+00,-1.492159e+00,1.591904e+00,9.205599e-01
-9.650322e-01,-4.267142e+00,3.008251e-01,4.768288e-01,1.421679e+00,4.635964e-02,1.274484e-02,-1.369850e+00,-1.387701e+00,1.665307e+00,1.363305e+00
-1.683814e+00,-4.686441e+00,-2.830314e-01,2.329892e-01,1.276750e+00,1.221623e-01,2.226247e-01,-1.245984e+00,-1.322080e+00,1.815304e+00,1.321323e+00
-1.452039e+00,-4.336073e+00,-2.512726e-02,4.379939e-01,1.417343e+00,4.088705e-01,3.475353e-01,-1.022578e+00,-1.062561e+00,2.112732e+00,1.659014e+00
-1.743061e+00,-4.641621e+00,-4.226025e-01,1.448267e-01,1.099998e+00,1.816017e-01,2.510912e-01,-9.650703e-01,-9.964680e-01,2.202684e+00,1.633336e+00
1.111630e+00,-2.166387e+00,1.972280e-01,6.484817e-02,2.289956e-01,3.235058e-01,2.037677e-01,-6.223571e-01,-6.714024e-01,1.000311e+00,8.008026e-01
