2.522692e+00,7.131635e-01,4.749298e-01,3.046376e-03,5.025141e-01,3.430816e-01,3.393917e-01,-3.503782e-01,-1.419033e-01,-3.885769e-01,-1.707619e-01
2.933910e+00,5.057498e-01,6.393134e-01,-3.112679e-01,4.978899e-01,7.052734e-02,1.402014e-01,-5.033314e-02,1.507120e-01,-5.624795e-01,-1.200797e-01
2.979781e+00,-8.191380e-02,1.079011e-01,-5.426324e-01,4.744772e-02,-7.969409e-01,-6.074462e-02,-6.683644e-02,4.693578e-02,-7.232390e-02,-7.999670e-02
3.149976e+00,-1.204265e-01,8.455173e-01,2.412899e-02,4.626495e-01,-4.147774e-01,3.988922e-02,3.270826e-01,-2.537612e-02,-7.858097e-02,-1.132539e-01
3.563849e+00,1.274972e-01,8.802322e-01,2.916712e-01,2.398753e-01,-2.662532e-01,-5.486120e-02,3.660105e-02,-6.687251e-02,-1.290443e-01,-4.172404e-01
2.714658e+00,-6.083022e-01,6.871903e-01,1.011331e-01,4.188972e-01,-6.803930e-02,-6.347319e-02,1.621256e-01,1.100788e-01,-1.144782e-01,-2.455668e-01
3.335505e+00,9.976133e-02,1.326234e+00,-3.411087e-02,3.479061e-01,1.033987e-01,1.929117e-01,-2.183467e-01,-3.006559e-01,-1.726960e-01,-9.883919e-02
3.384763e+00,-7.329022e-02,8.431178e-01,-1.935812e-01,4.399715e-02,-3.783690e-01,-5.271480e-02,-2.046598e-01,-4.545170e-02,1.729318e-01,-2.765322e-02
3.600075e+00,1.159798e-02,9.713499e-01,-4.287395e-02,1.639921e-01,-3.377017e-01,4.637816e-02,3.092266e-03,-1.305903e-01,8.556336e-02,1.530163e-01
3.453866e+00,-4.054329e-01,9.758062e-01,1.608238e-01,1.763769e-02,-1.833964e-01,8.304531e-03,2.726867e-01,1.146532e-01,1.285555e-01,3.055779e-01
3.532569e+00,-5.025147e-01,1.068622e+00,3.629421e-01,4.393510e-01,-5.251962e-01,-1.097179e-01,-2.340233e-01,-1.432857e-01,9.896588e-03,-4.629999e-01
3.475617e+00,-4.846907e-01,1.179878e+00,1.468436e-01,6.585616e-01,-2.414556e-01,-3.967490e-02,1.121249e-01,3.512797e-02,-1.350283e-01,-9.106988e-03
3.809402e+00,-7.002185e-01,1.036293e+00,-1.364497e-02,3.939187e-01,-9.524165e-01,-2.519779e-01,-3.294529e-02,7.739224e-02,1.354029e-01,1.533598e-02
4.029336e+00,-5.083921e-01,1.232658e+00,1.590255e-01,2.591051e-01,-3.914926e-01,2.329074e-02,1.728725e-02,7.922783e-02,3.269093e-01,1.293441e-02
3.793598e+00,-3.203217e-01,1.258386e+00,2.357660e-02,3.090944e-01,-4.378408e-01,-1.105742e-01,-2.808462e-01,-1.708955e-01,-3.852469e-03,4.650236e-02
3.349802e+00,-9.764420e-01,9.087734e-01,-1.097439e-01,3.343446e-01,-2.771951e-01,3.073683e-01,-1.108122e-01,1.161323e-01,3.479032e-01,3.109002e-01
4.119532e+00,-1.920707e-01,1.444787e+00,1.112608e-01,5.311550e-01,-1.917274e-01,2.398924e-02,-2.443146e-01,-1.859891e-02,-1.743736e-01,-1.405154e-01
4.008125e+00,-9.076725e-01,9.925278e-01,-1.911948e-01,3.243325e-01,-5.439521e-01,-1.607863e-01,-1.235092e-01,1.169581e-01,9.226155e-02,8.017356e-02
4.504967e+00,-5.659144e-01,1.113099e+00,2.356655e-02,1.959311e-01,-5.536231e-01,1.250536e-01,-1.920922e-02,-1.202421e-01,1.009469e-01,2.030376e-01
4.239885e+00,-7.560768e-01,1.088352e+00,1.411340e-01,5.104914e-01,-4.967263e-01,7.151446e-02,7.634441e-02,4.923829e-02,2.992449e-01,5.133631e-02
4.473755e+00,-8.036005e-01,1.225931e+00,4.094700e-01,4.515927e-01,-5.713261e-01,-7.059743e-02,-3.146830e-01,-5.704008e-02,-1.616244e-02,-1.756518e-01
4.231176e+00,-8.325433e-01,1.258705e+00,3.065846e-01,5.681512e-01,-3.923753e-01,1.689344e-01,7.030379e-02,1.845150e-01,-7.098651e-02,4.345669e-02
4.303608e+00,-8.070171e-01,1.114331e+00,2.622330e-02,2.795529e-01,-6.889261e-01,-4.839637e-01,-1.677068e-01,2.650675e-01,2.520727e-02,-7.508503e-02
4.597536e+00,-5.108996e-01,1.342579e+00,1.956606e-01,2.138081e-01,-4.833604e-01,1.173507e-01,-1.799703e-01,1.473338e-01,2.892855e-01,2.391883e-01
4.535477e+00,-7.328895e-01,1.403856e+00,1.169929e-01,2.345175e-01,-2.392149e-01,-1.466464e-01,-4.747075e-01,-1.836766e-01,2.492269e-02,2.698204e-01
3.962444e+00,-9.481561e-01,7.823053e-01,4.921778e-02,1.437138e-01,-1.713744e-01,1.924615e-01,-1.104119e-01,1.988930e-02,3.935103e-01,5.750402e-01
4.748617e+00,-2.820323e-01,1.425449e+00,3.325322e-01,3.511430e-01,-2.664249e-01,-5.856223e-02,-3.200105e-02,-1.101555e-01,-6.739955e-02,1.229130e-01
4.365297e+00,-9.443651e-01,9.799551e-01,4.730295e-02,1.481411e-01,-5.079432e-01,-6.644213e-02,-2.518871e-01,1.845448e-01,6.836837e-02,1.943847e-01
4.679850e+00,-4.355134e-01,9.714780e-01,-4.600885e-02,3.033833e-01,-5.010510e-01,-3.114919e-02,-1.850176e-01,2.553396e-01,4.373807e-02,2.172701e-01
4.482438e+00,-6.544620e-01,9.840493e-01,5.831497e-01,5.347777e-01,-4.376722e-01,1.098315e-01,-3.907761e-03,4.832416e-02,3.817736e-02,2.564895e-01
4.597897e+00,-3.273963e-01,1.023551e+00,4.450746e-01,5.466071e-01,-5.719573e-01,-6.580359e-02,-2.855550e-01,-2.816035e-02,-2.014004e-01,4.919492e-02
4.323110e+00,-4.907625e-01,8.454324e-01,3.742259e-01,3.959749e-01,-2.059077e-01,1.852617e-01,7.117534e-02,2.761249e-01,1.689199e-02,3.133043e-01
4.363494e+00,-3.577718e-01,7.921171e-01,2.938355e-01,2.401044e-01,-7.219552e-01,-6.518761e-02,-2.614675e-01,2.340961e-02,2.172977e-02,3.201694e-02
4.738613e+00,1.638726e-01,9.809016e-01,2.300679e-01,4.822996e-01,-5.974630e-01,8.365153e-02,-1.264464e-02,9.121275e-02,2.160467e-01,3.924570e-01
4.173876e+00,-1.811405e-01,9.410555e-01,1.749032e-01,6.345306e-01,-5.460189e-01,-6.669873e-02,-4.547593e-01,-3.237504e-01,3.800943e-02,3.063848e-01
3.645509e+00,-8.075100e-01,6.035562e-01,-1.664939e-01,3.720292e-01,-2.921719e-01,3.899056e-01,1.942310e-01,2.052099e-01,6.615695e-01,7.593109e-01
4.628568e+00,2.034529e-01,1.266221e+00,2.961877e-01,5.891332e-01,-5.322355e-01,2.975072e-02,-1.359840e-01,1.326111e-03,-9.708770e-02,3.719227e-01
4.291825e+00,-4.428418e-01,7.682571e-01,2.130961e-01,3.625010e-01,-5.236776e-01,-1.083014e-01,-6.240088e-02,1.707642e-01,-1.517203e-01,3.554020e-01
4.665027e+00,-9.621760e-02,6.649900e-01,3.254219e-01,2.636242e-01,-7.002894e-01,2.211619e-02,-3.353058e-02,1.529031e-01,6.031948e-02,4.177334e-01
4.240038e+00,-2.479600e-01,1.165839e+00,4.236899e-01,7.330559e-01,-2.842556e-01,-8.534514e-02,-9.851493e-02,1.592739e-01,-7.243073e-02,2.797242e-03
4.492437e+00,2.483030e-01,1.208744e+00,3.473193e-01,5.125981e-01,-4.182549e-01,-6.571713e-02,-2.077878e-01,-5.438930e-02,-2.772112e-01,-5.190349e-02
4.321539e+00,-2.794668e-01,8.429416e-01,1.192245e-01,5.596851e-01,-4.032934e-01,3.346017e-01,1.568818e-01,1.415993e-01,2.195929e-01,4.020737e-01
4.221725e+00,-5.795649e-02,9.198461e-01,-8.133890e-02,3.590273e-01,-4.960124e-01,-1.320726e-01,-3.613192e-01,5.056598e-02,-6.159768e-02,-2.431077e-01
4.537120e+00,3.114788e-01,1.410380e+00,1.032090e-01,5.047588e-01,-5.453247e-01,5.265619e-02,-1.214962e-01,2.381337e-01,3.135723e-01,1.141512e-02
3.923923e+00,-1.979927e-01,1.188312e+00,5.689613e-04,4.149262e-01,-4.583496e-01,-2.070776e-01,-5.705586e-01,-1.961969e-01,4.163144e-02,1.223381e-01
3.787971e+00,-1.965851e-01,1.102121e+00,-1.535951e-01,3.632823e-01,-2.288718e-01,5.147713e-01,-9.301158e-02,8.365378e-02,2.507984e-01,4.226342e-01
4.619239e+00,2.120862e-01,1.696274e+00,8.631164e-02,5.698450e-01,-4.304010e-01,-2.390105e-01,-6.686623e-02,9.463406e-02,2.410299e-03,1.316477e-01
3.738949e+00,-1.628748e-01,1.439686e+00,4.976545e-02,3.685791e-01,-4.273478e-01,1.410973e-01,-1.422752e-01,2.071063e-02,2.201965e-01,-2.493934e-01
4.398598e+00,-3.797016e-02,1.387729e+00,-1.444374e-01,2.954989e-01,-4.082849e-01,-7.549949e-02,-1.932914e-01,1.964912e-01,2.449873e-01,1.925937e-01
4.034894e+00,-1.164894e-01,1.718510e+00,2.482752e-01,2.495976e-01,-1.868879e-01,7.102691e-02,-2.559718e-01,5.757754e-02,1.054230e-01,1.171213e-01
4.563499e+00,1.454357e-01,2.023564e+00,1.899303e-01,1.363785e-01,-1.388382e-01,1.319859e-01,-2.875412e-01,-2.321291e-01,-2.340405e-01,1.071401e-01
4.192466e+00,-3.430412e-01,1.264197e+00,-3.457425e-02,1.680782e-01,-5.051556e-02,3.368420e-01,1.112308e-01,1.406878e-01,5.502833e-01,2.716690e-01
3.903700e+00,-3.870383e-01,1.661898e+00,-2.139576e-01,1.288206e-02,-2.356946e-01,-1.600852e-02,-2.402480e-01,-2.783097e-01,-2.233474e-01,-2.113514e-01
4.565296e+00,6.790517e-03,2.003103e+00,2.771653e-01,5.284335e-02,-2.766338e-01,9.164886e-02,-2.454326e-01,3.359599e-01,2.382127e-01,1.736819e-01
4.082582e+00,-4.556461e-01,1.757144e+00,-1.928764e-01,-9.036284e-02,-4.521758e-01,-1.441876e-01,-5.788257e-01,-5.277425e-02,9.135953e-02,1.411609e-01
3.858000e+00,-4.303637e-01,1.721787e+00,7.097381e-02,1.974150e-01,-3.197637e-02,4.688320e-01,-3.772976e-02,-1.139081e-01,3.987331e-02,5.529445e-01
4.602996e+00,2.113958e-01,2.089256e+00,2.242466e-01,9.988745e-02,-4.822449e-01,2.090262e-01,-3.964810e-01,-7.191721e-02,4.040330e-01,7.243555e-02
3.717287e+00,-6.313783e-02,2.140999e+00,2.336951e-01,-1.081990e-01,7.401052e-03,4.622713e-01,-3.596944e-01,-4.456942e-02,1.482281e-01,5.008423e-02
4.540466e+00,-1.802128e-01,2.066557e+00,-8.294854e-02,4.066909e-02,-2.993922e-01,1.861932e-01,-3.793364e-01,-9.967854e-02,3.706944e-01,3.299637e-01
4.124774e+00,-8.270829e-03,1.907651e+00,3.056468e-01,-1.998574e-02,-3.440852e-01,2.915052e-01,-3.791684e-01,2.914535e-02,3.548162e-01,-6.225245e-02
4.267186e+00,-8.433184e-02,2.337404e+00,5.399759e-01,3.882660e-01,-4.265985e-01,1.196329e-01,-3.707205e-01,-1.273457e-01,4.670953e-02,-1.798783e-01
4.199392e+00,-7.866154e-01,1.826369e+00,1.763558e-01,-3.107984e-01,-2.095609e-02,3.846464e-01,2.808511e-01,3.471546e-01,5.323837e-01,4.075258e-01
4.023621e+00,-6.830890e-01,1.547094e+00,2.689144e-01,-1.281905e-02,-3.516775e-01,1.856443e-01,-5.454220e-01,-1.752202e-01,-9.435335e-02,-2.814229e-01
4.583164e+00,-2.373754e-01,2.254671e+00,7.024874e-01,-1.920191e-01,-4.538087e-01,3.665789e-01,1.929648e-02,1.426684e-02,2.410547e-01,7.740703e-02
4.228952e+00,-4.862855e-01,1.815345e+00,2.836769e-01,-3.489542e-01,-6.922636e-01,1.321991e-01,-3.706412e-01,-1.071026e-01,3.419343e-01,-3.408763e-02
4.066890e+00,-8.595748e-01,2.047643e+00,4.261261e-01,4.249076e-01,9.835115e-04,3.420864e-01,-1.831661e-01,6.800668e-02,1.296759e-01,1.574699e-01
4.858099e+00,-1.197446e-01,2.427896e+00,4.111244e-01,-4.172079e-01,-5.004317e-01,3.650381e-01,-1.293154e-01,6.786232e-02,-2.425400e-02,2.529466e-02
4.060602e+00,-7.908596e-01,2.094568e+00,5.912188e-01,2.622807e-01,-1.191764e-01,2.047086e-01,-1.060181e-01,2.228850e-01,2.505365e-01,-1.500307e-01
4.471382e+00,-2.944661e-01,2.451703e+00,6.288459e-01,-2.950350e-01,-7.085583e-01,2.220882e-01,1.568077e-01,-8.319556e-04,4.825752e-02,1.270182e-01
4.514386e+00,-7.447102e-01,1.870293e+00,2.998326e-01,1.136411e-01,-4.358114e-01,2.082052e-01,-9.505823e-02,-1.661953e-01,3.728162e-01,1.103725e-01
4.881057e+00,-8.178061e-01,2.608388e+00,4.986817e-01,4.695104e-01,-5.036383e-01,7.708450e-02,-1.746229e-01,5.398499e-02,-1.441629e-01,-1.405525e-01
4.289324e+00,-8.478729e-01,2.118714e+00,5.477834e-02,-5.788637e-02,-3.186371e-01,3.373776e-01,3.398975e-01,5.471874e-01,4.515912e-01,2.241568e-01
4.501591e+00,-7.721142e-01,1.725734e+00,3.853927e-01,2.544080e-01,-1.726261e-01,2.030856e-01,-3.987694e-01,-2.551861e-01,-7.099287e-02,-1.610934e-01
4.744191e+00,-4.660986e-01,2.309361e+00,3.549561e-01,2.755631e-01,-2.498759e-01,5.062629e-01,-7.656467e-03,-3.139278e-01,3.342149e-01,1.608672e-01
4.701943e+00,-8.685676e-01,1.692157e+00,1.450327e-01,2.189105e-02,-4.099504e-01,-9.245869e-02,-2.979733e-01,-2.261561e-02,2.865646e-01,2.556895e-01
4.494734e+00,-7.600252e-01,2.067745e+00,6.850848e-01,9.934600e-02,-5.079531e-01,4.728903e-01,1.592405e-01,3.681820e-01,7.372200e-02,-2.532238e-01
5.320424e+00,-8.500983e-01,1.977843e+00,2.928238e-01,2.292145e-01,-4.882092e-01,9.929726e-02,-1.422271e-02,-1.258457e-02,-1.031585e-02,-1.651428e-01
4.306281e+00,-1.055308e+00,1.730354e+00,6.477070e-01,6.338316e-01,-3.610017e-02,6.685393e-01,1.106240e-01,2.189445e-01,1.132348e-01,-5.508272e-01
4.917158e+00,-8.301415e-01,2.045849e+00,8.223438e-01,2.725919e-01,-4.183999e-01,2.793354e-01,-1.590111e-01,-1.426810e-01,-4.743340e-02,-9.052557e-02
4.641471e+00,-9.861774e-01,1.346348e+00,1.651338e-01,1.902492e-01,-2.798198e-01,2.138440e-01,-3.265837e-01,1.456552e-01,4.152730e-01,-4.047187e-02
5.038986e+00,-4.466493e-01,2.298542e+00,3.597987e-01,-2.341505e-02,-2.522194e-01,3.561577e-01,-1.036532e-01,-3.880722e-02,-8.480688e-02,-1.376681e-01
4.698428e+00,-1.108097e+00,1.626692e+00,2.714769e-01,1.740017e-01,-9.812184e-02,1.374419e-01,3.005465e-01,3.087969e-01,3.469018e-01,2.006459e-01
4.552844e+00,-1.220334e+00,1.992744e+00,7.219180e-01,4.595153e-01,-9.138586e-02,2.115373e-01,5.141665e-02,-1.470300e-01,-2.162436e-01,-6.108799e-01
4.821063e+00,-1.027843e+00,1.928974e+00,7.072544e-01,7.383185e-01,-1.705658e-01,3.924522e-01,1.699925e-01,-1.824552e-01,-1.229974e-01,-5.772891e-02
4.900910e+00,-1.088594e+00,1.550213e+00,4.009594e-01,1.633107e-01,-5.464688e-01,-2.113934e-01,-1.144205e-01,3.068351e-01,3.372571e-02,2.082281e-01
4.837751e+00,-7.067715e-01,1.821993e+00,4.634673e-01,2.583185e-01,-2.908788e-01,3.827729e-01,1.542000e-01,3.070962e-01,5.758210e-02,-2.146727e-01
5.076678e+00,-6.930384e-01,1.796568e+00,7.680496e-02,1.424708e-01,7.773730e-03,-4.675331e-02,-2.393979e-01,1.126760e-02,-1.656748e-01,1.190016e-01
4.313152e+00,-9.889116e-01,1.867479e+00,4.167206e-01,3.431592e-01,2.371869e-01,4.557181e-01,2.359527e-01,7.799857e-02,-2.648324e-02,-4.256667e-02
5.003173e+00,-5.846217e-01,1.840950e+00,5.743559e-01,4.526867e-01,1.199198e-01,2.507077e-01,-1.285638e-01,-3.493807e-01,-2.303623e-01,-2.250457e-01
4.560946e+00,-1.245819e+00,1.241235e+00,1.190206e-01,1.590130e-01,-6.374415e-01,1.138093e-01,1.467559e-01,1.407172e-01,2.313366e-01,-2.573998e-02
5.171744e+00,-7.756110e-01,1.878494e+00,5.063622e-01,1.367124e-01,-2.410561e-01,2.036429e-01,3.357125e-02,1.932287e-02,-2.723432e-01,-3.185547e-02
4.772022e+00,-8.116128e-01,1.486554e+00,1.946348e-01,3.641038e-01,-1.595424e-01,2.403469e-01,8.799628e-02,3.134484e-01,1.338261e-01,3.814920e-02
4.744843e+00,-8.753131e-01,2.054930e+00,5.232329e-01,3.682819e-01,-1.190343e-01,1.080365e-01,-9.113458e-02,-2.934673e-01,-1.238201e-01,-2.578294e-01
4.772979e+00,-4.972141e-01,1.759171e+00,3.413640e-01,3.700231e-01,3.244927e-01,7.346634e-01,-4.542202e-02,-2.033389e-01,3.019457e-02,-2.684320e-02
4.780929e+00,-8.599427e-01,1.826033e+00,1.702818e-01,-6.932423e-02,-5.157302e-01,-9.408922e-02,9.464399e-02,1.169335e-01,2.987251e-01,-1.752338e-01
5.052311e+00,-9.692000e-01,1.949400e+00,3.106615e-01,5.366085e-01,-4.023098e-01,4.615098e-01,7.143098e-02,1.842955e-01,6.660395e-02,-1.394042e-01
5.039296e+00,-8.401695e-01,1.802874e+00,1.857176e-01,1.890364e-01,-2.730059e-01,-8.203905e-02,-1.757225e-01,9.249914e-02,-2.370291e-01,-9.305108e-02
4.345003e+00,-1.308927e+00,1.762894e+00,3.402361e-01,5.784517e-01,2.380047e-02,2.602440e-01,1.528484e-01,3.262792e-01,1.717943e-01,-3.765324e-02
4.963153e+00,-4.940660e-01,1.998683e+00,3.558762e-01,2.888462e-01,4.437879e-02,5.356285e-01,-3.880656e-02,-3.711669e-01,-3.461635e-01,-6.569764e-02
4.671307e+00,-9.847903e-01,1.559518e+00,-6.105116e-02,-2.092055e-01,-4.435460e-01,3.087995e-01,1.543653e-01,9.878582e-03,4.405449e-01,-2.653106e-02
5.109504e+00,-6.605966e-01,1.705173e+00,2.910570e-01,3.750390e-01,-2.591548e-01,1.874530e-01,2.394732e-02,-9.431061e-02,-9.953918e-02,1.754617e-02
4.850528e+00,-8.544772e-01,1.664650e+00,3.950885e-01,1.675826e-01,-3.040274e-01,5.114042e-01,-6.271340e-03,1.036711e-01,6.371430e-02,-2.257422e-01
4.951952e+00,-8.027657e-01,1.778706e+00,4.107599e-01,5.698449e-01,-1.493842e-02,-1.879869e-01,-2.978410e-01,2.187053e-01,-1.908095e-01,-4.096869e-01
4.718927e+00,-1.022380e+00,1.782377e+00,3.782447e-01,4.005506e-01,-1.035225e-01,7.973410e-01,2.491013e-01,1.335053e-01,-1.435139e-01,-6.837669e-02
4.683179e+00,-6.508112e-01,1.720981e+00,8.762084e-02,-5.779756e-02,-5.595180e-01,1.913394e-02,1.337637e-01,2.175896e-01,1.146352e-01,-1.572766e-01
5.067020e+00,-5.994559e-01,1.839686e+00,1.491114e-01,4.234024e-01,5.624399e-02,3.840258e-01,-5.169109e-02,-4.541030e-02,1.630621e-01,1.498494e-02
4.800874e+00,-6.467919e-01,1.803332e+00,2.880794e-01,-1.480512e-01,-2.993946e-01,7.999863e-03,-2.397698e-02,-2.368552e-01,-2.514536e-01,-2.667570e-01
4.384552e+00,-1.430278e+00,1.517940e+00,2.946872e-01,4.656062e-01,-6.381035e-02,1.547255e-01,3.098587e-01,4.313121e-01,4.006694e-01,2.587035e-01
5.034869e+00,-7.692540e-01,2.137079e+00,4.208016e-01,3.191090e-01,-1.641271e-01,4.321385e-01,2.309953e-01,-9.348553e-02,-4.331144e-01,-1.276233e-01
4.661903e+00,-1.091187e+00,1.615983e+00,2.943333e-01,4.762996e-03,-5.168522e-01,2.737799e-01,1.400952e-01,4.368857e-01,2.160492e-01,-2.111756e-01
4.972694e+00,-7.408546e-01,1.812504e+00,1.992652e-01,3.147935e-01,-1.501166e-01,2.221050e-01,-8.969609e-02,-9.249859e-02,1.357540e-01,-7.925123e-02
4.765546e+00,-4.532058e-01,1.996887e+00,1.435832e-02,9.670261e-02,-1.209991e-03,4.882885e-01,3.035999e-02,-3.131985e-01,-1.085404e-01,-1.048897e-01
5.158716e+00,-9.254644e-01,1.762241e+00,5.095784e-01,3.427408e-01,-1.529599e-01,8.750652e-02,-1.698196e-01,-1.626136e-01,1.898976e-02,-1.771982e-01
4.583941e+00,-9.155895e-01,1.666816e+00,1.455922e-01,4.011260e-01,1.978563e-02,5.230989e-01,5.054659e-01,3.849558e-01,-6.494593e-02,-2.365883e-01
4.733803e+00,-1.036970e+00,1.614883e+00,3.178129e-01,-8.664159e-02,-5.815902e-01,1.779769e-01,-3.651254e-02,3.627887e-01,7.742782e-02,-3.397958e-01
5.155224e+00,-8.723033e-01,1.808618e+00,4.811693e-01,4.486511e-01,-1.201922e-01,3.580169e-01,6.275424e-02,1.297689e-01,-1.979381e-01,-5.893384e-02
4.470193e+00,-7.118388e-01,1.836054e+00,4.359806e-03,-9.826337e-02,-3.548168e-01,1.615738e-01,-3.629758e-01,-2.779228e-01,-2.596170e-01,-1.420003e-01
4.594415e+00,-1.284911e+00,1.673342e+00,9.597289e-02,1.182472e-01,4.749187e-02,3.058853e-01,9.052437e-02,2.488474e-01,4.490183e-01,4.957773e-01
4.875690e+00,-6.442614e-01,1.965973e+00,3.385023e-01,4.784302e-01,2.538795e-01,3.957176e-01,2.678328e-01,1.441562e-02,-2.102750e-01,-4.500349e-01
4.711658e+00,-9.789760e-01,1.537211e+00,3.828360e-01,1.472246e-01,-2.728311e-01,2.355352e-01,2.641675e-01,2.355584e-01,2.106030e-01,-1.869104e-01
4.876637e+00,-8.424382e-01,1.684804e+00,4.482598e-01,4.246636e-01,-4.486657e-01,2.107245e-01,1.226872e-01,1.136681e-01,-1.604222e-01,-9.240871e-02
4.761859e+00,-8.399366e-01,1.958996e+00,2.875654e-01,1.790383e-01,-9.279998e-02,1.967458e-01,-4.274051e-02,2.133047e-02,-3.406150e-01,-4.320235e-02
5.356342e+00,-7.879472e-01,1.763417e+00,3.442560e-01,3.434439e-01,-2.097054e-01,2.185925e-01,-2.884180e-01,-4.084662e-02,1.163214e-01,-3.352453e-01
4.457505e+00,-1.002482e+00,1.672407e+00,-1.982334e-02,1.751419e-01,2.299891e-01,6.182721e-01,3.256860e-01,3.179687e-01,3.012574e-01,1.804457e-01
4.597507e+00,-9.632336e-01,1.498315e+00,1.699562e-01,-1.192542e-01,-2.236558e-01,2.051632e-01,7.368200e-02,3.881066e-03,1.146115e-01,-3.291652e-01
4.978120e+00,-7.778617e-01,1.782493e+00,6.275513e-01,3.452943e-01,2.508360e-02,2.617442e-01,1.740155e-01,-7.305181e-02,-1.094633e-01,-2.318411e-01
4.347007e+00,-1.163778e+00,1.522817e+00,-7.885890e-02,-2.017440e-02,-8.188398e-01,-5.535509e-02,-1.672171e-01,-1.112323e-01,-2.810984e-01,-9.135547e-02
4.913677e+00,-1.093881e+00,1.458810e+00,2.530021e-01,1.622358e-01,-1.148652e-01,1.289700e-01,2.434249e-02,4.660674e-01,2.060218e-01,9.034494e-02
5.044028e+00,-7.440648e-01,1.958871e+00,1.983560e-01,4.651473e-01,-2.050758e-01,2.824210e-01,1.358702e-02,5.611532e-02,-7.565219e-02,-1.981513e-01
4.548233e+00,-8.803238e-01,1.914936e+00,1.063340e-01,1.149622e-01,2.040192e-01,6.033600e-01,2.103857e-01,-1.056537e-01,5.346690e-02,-7.072938e-02
4.861795e+00,-8.426213e-01,1.675094e+00,3.733726e-01,3.357751e-01,-1.428758e-01,3.227549e-01,-1.364159e-01,5.225595e-02,1.796682e-01,-1.398346e-01
4.695642e+00,-7.779031e-01,1.856449e+00,2.648057e-01,9.974705e-02,-3.353763e-01,4.512515e-02,1.096653e-01,-8.610951e-03,-5.582751e-02,-3.202996e-02
5.201350e+00,-7.376115e-01,1.911112e+00,3.149452e-01,3.267366e-01,-3.737426e-01,2.312889e-01,-1.734790e-01,1.250836e-01,-2.982816e-02,-3.019662e-01
4.455468e+00,-1.360777e+00,1.430761e+00,2.241608e-01,1.547232e-01,-1.141119e-01,1.909988e-01,3.917962e-01,8.241210e-01,4.631341e-01,1.970944e-01
4.371730e+00,-1.208387e+00,1.731451e+00,2.891625e-02,4.940862e-02,-3.784075e-01,4.921036e-01,1.202821e-01,-1.254788e-01,-1.484289e-01,-3.191367e-01
5.240690e+00,-6.148251e-01,1.740927e+00,3.620205e-01,5.195966e-01,1.929342e-01,4.114239e-01,-2.345219e-01,-1.048727e-01,5.277157e-02,-1.232152e-01
4.865430e+00,-8.843061e-01,1.583653e+00,-5.033826e-02,-1.134758e-01,-4.699582e-01,1.320762e-01,-1.779461e-01,-1.885316e-01,8.738929e-02,-1.128926e-01
4.884016e+00,-9.794625e-01,1.652464e+00,3.538235e-01,-1.051709e-01,-2.080293e-01,2.340648e-01,2.237097e-01,1.887467e-01,2.026087e-02,-3.187269e-02
5.130557e+00,-8.253247e-01,1.870076e+00,2.938959e-01,3.932377e-01,-2.677115e-01,5.843266e-02,-6.179291e-02,2.055773e-01,4.668340e-02,-2.943758e-01
4.462779e+00,-8.126439e-01,1.920222e+00,3.383627e-01,1.950152e-01,7.918263e-02,5.726745e-01,3.944119e-01,1.211778e-01,-5.529454e-01,-2.318407e-01
4.917922e+00,-1.158474e+00,1.745375e+00,2.816447e-01,5.239453e-01,-1.417253e-01,4.090605e-01,-1.836167e-01,2.019116e-01,1.547349e-01,-1.197685e-01
4.793169e+00,-4.647341e-01,1.807839e+00,-1.956706e-01,-4.822644e-02,-1.524593e-01,-3.584466e-02,-6.993698e-02,3.537388e-02,1.607851e-01,-8.327382e-03
5.140265e+00,-5.065811e-01,1.951182e+00,3.448192e-01,7.524423e-02,-2.520438e-01,2.272892e-01,8.004977e-02,-1.596061e-01,-1.019755e-01,6.601619e-02
4.667733e+00,-1.044585e+00,1.474803e+00,4.597336e-01,4.177775e-02,-2.954255e-01,3.997197e-02,1.961543e-01,5.933416e-01,4.466599e-01,1.422621e-03
4.336083e+00,-8.363257e-01,1.824902e+00,2.383373e-01,-1.076309e-01,-2.989463e-01,3.788654e-01,1.729434e-01,-9.127567e-02,-3.812648e-01,-4.102685e-01
5.080325e+00,-1.040269e+00,1.859219e+00,6.388027e-01,4.726169e-01,3.975369e-02,3.065965e-01,-9.641490e-02,6.431723e-02,8.513864e-03,-2.580614e-01
4.960554e+00,-8.242030e-01,1.601066e+00,2.216405e-02,-7.292818e-02,-5.828808e-01,2.440451e-01,-4.535825e-02,-6.703091e-02,4.060451e-02,-4.907653e-02
4.983774e+00,-7.694674e-01,2.016628e+00,-9.357442e-02,8.007544e-03,-1.155950e-01,4.868679e-01,-1.172081e-02,-2.371618e-01,2.349188e-01,1.755169e-01
5.126045e+00,-5.604426e-01,1.827583e+00,2.730319e-01,2.559911e-01,-3.017900e-01,5.603864e-02,-1.305315e-01,1.846537e-01,1.357930e-01,-2.991887e-01
4.511481e+00,-7.766967e-01,1.954930e+00,3.308077e-01,2.095473e-01,2.004718e-01,4.083804e-01,2.546310e-01,-1.326602e-01,-3.467470e-01,-2.160878e-01
4.782390e+00,-1.097022e+00,1.634988e+00,3.285083e-01,6.003520e-01,-2.625048e-02,2.104638e-01,9.820645e-02,2.911057e-01,5.045684e-02,-1.751669e-01
4.795303e+00,-1.056763e+00,1.604819e+00,9.797113e-02,-1.144242e-01,-6.419894e-01,1.224704e-01,-5.369022e-04,1.179755e-01,-6.086609e-02,-9.323711e-02
5.314651e+00,-6.678464e-01,2.073837e+00,1.504268e-01,1.382521e-01,-1.187822e-02,1.675885e-01,-6.263232e-02,-7.986853e-02,-7.081551e-03,-9.023032e-02
4.732544e+00,-7.995251e-01,1.884997e+00,-8.452182e-03,1.173252e-01,-3.199942e-01,2.766842e-01,-4.904684e-02,2.895020e-01,4.028448e-01,-2.172289e-02
4.649193e+00,-7.853563e-01,1.746540e+00,2.795965e-01,8.722049e-02,-1.140746e-01,5.047190e-01,-1.101161e-01,-4.579755e-01,-8.584236e-02,-5.926747e-02
4.887851e+00,-6.674657e-01,1.778579e+00,4.638309e-01,5.365524e-01,6.485560e-02,2.035263e-01,-2.779077e-02,2.120912e-01,-5.486348e-02,-1.833266e-01
4.934615e+00,-9.330986e-01,1.417612e+00,3.777439e-01,-9.434095e-02,-6.196186e-01,2.110399e-01,-5.659186e-02,1.199693e-01,1.845336e-01,-1.959346e-01
5.022453e+00,-6.649953e-01,1.819939e+00,2.265910e-01,2.189761e-01,-2.010065e-01,2.040240e-01,-4.412996e-02,1.445156e-01,2.048060e-02,-1.976339e-01
5.079091e+00,-6.742719e-01,1.901060e+00,4.531809e-01,5.566279e-02,-3.855434e-01,5.995373e-02,-1.941925e-01,3.321446e-01,-1.154550e-02,-3.265840e-01
4.797968e+00,-7.563124e-01,1.980716e+00,1.943317e-02,3.466945e-01,1.072908e-01,5.428713e-01,-1.266777e-01,-1.830785e-01,-3.956661e-02,9.283900e-03
4.620216e+00,-8.474699e-01,1.870074e+00,1.875550e-01,3.310004e-01,2.592476e-01,4.307012e-01,2.779615e-02,1.618180e-01,1.388505e-01,-1.048683e-01
4.825048e+00,-1.067546e+00,1.198161e+00,4.227038e-03,-1.703348e-01,-3.807877e-01,-1.816608e-01,-1.100751e-01,6.488294e-02,7.915181e-02,-8.290130e-02
5.034478e+00,-5.471219e-01,1.911784e+00,4.186819e-01,1.447903e-01,-2.035963e-01,2.769639e-01,1.597962e-01,-2.722143e-01,-9.712368e-02,-3.102190e-02
4.818153e+00,-1.021428e+00,2.101017e+00,7.684463e-02,2.795204e-01,-5.266228e-01,7.481908e-02,2.527005e-01,2.573665e-01,1.716545e-02,-2.662200e-01
4.980928e+00,-9.611076e-01,1.730429e+00,2.770145e-01,1.951875e-01,-1.353145e-01,3.659642e-01,-1.974374e-01,-1.263755e-01,-1.965752e-02,-1.111731e-01
4.771240e+00,-6.711335e-01,2.176652e+00,1.706032e-01,3.727882e-01,-4.908251e-02,6.025415e-01,-5.768225e-02,4.154103e-02,7.090250e-02,-1.185358e-01
4.916719e+00,-6.824711e-01,1.469621e+00,-9.278619e-02,1.370946e-01,-1.793122e-01,-4.695193e-03,-2.793973e-01,2.154007e-01,4.912044e-01,-4.560046e-02
4.968041e+00,-6.501594e-01,2.007795e+00,4.508747e-01,5.204449e-02,-2.014439e-01,4.484139e-01,-2.291225e-02,-2.037176e-01,-2.230731e-02,-7.257307e-02
4.816231e+00,-7.766195e-01,1.944642e+00,3.896776e-01,1.374383e-01,-3.934772e-01,-1.317162e-01,7.448893e-02,1.377526e-01,-1.952563e-01,-3.657567e-01
4.947658e+00,-8.836320e-01,1.755881e+00,2.025463e-01,3.536034e-01,-1.801598e-01,3.051678e-01,-5.428223e-02,1.087552e-01,1.709654e-01,-1.218745e-01
4.787370e+00,-7.359220e-01,1.976557e+00,2.737375e-01,2.321442e-01,1.979146e-02,2.567732e-01,3.969361e-01,1.847573e-01,-1.647013e-01,-6.759291e-02
4.992414e+00,-1.032646e+00,1.507998e+00,-2.762650e-01,1.070214e-01,-3.230253e-01,1.216161e-01,-4.257080e-01,-5.374822e-03,1.770500e-01,1.669150e-01
5.006917e+00,-3.822817e-01,2.158418e+00,2.681396e-01,5.963976e-02,-8.454655e-02,5.495636e-01,-9.245496e-02,-2.674221e-01,-1.545260e-01,1.186557e-01
4.714890e+00,-9.103163e-01,1.913270e+00,3.510885e-01,1.841630e-01,-2.801444e-01,6.664199e-02,5.814845e-02,5.819710e-02,-1.078701e-01,-1.320468e-01
5.061106e+00,-7.594401e-01,1.580162e+00,3.519952e-01,9.423752e-02,-1.789152e-02,9.742577e-02,-6.348205e-02,6.230492e-02,1.849855e-02,-1.223355e-01
4.790228e+00,-6.937605e-01,2.174271e+00,2.739199e-01,8.799413e-02,-1.071030e-01,3.684046e-01,2.159839e-01,1.777222e-01,-4.664505e-02,-5.224236e-01
4.960622e+00,-1.227096e+00,1.586783e+00,1.055584e-01,1.473976e-01,-2.066999e-01,-5.384209e-03,-5.114848e-02,2.718006e-01,1.730812e-01,1.592097e-01
5.069609e+00,-1.560692e-01,2.054025e+00,3.569544e-01,4.284099e-02,-8.528959e-02,7.620226e-01,-2.253106e-01,-3.389338e-01,-1.251042e-01,-2.218009e-01
4.798334e+00,-7.333912e-01,1.686120e+00,2.081168e-01,1.527831e-01,-1.295896e-01,1.191206e-01,-3.274305e-01,-1.722931e-01,-1.557379e-01,-1.208847e-02
5.004325e+00,-7.323992e-01,1.559246e+00,4.251689e-01,-3.727282e-02,-2.249008e-01,3.292129e-01,-6.868973e-02,1.979619e-01,3.123149e-01,-8.587099e-02
4.695259e+00,-5.920809e-01,2.068308e+00,4.436824e-01,-6.643476e-02,8.417956e-02,2.461991e-01,1.503347e-01,3.369378e-01,2.752056e-02,-2.251241e-01
4.912865e+00,-1.102415e+00,1.543499e+00,1.395175e-01,3.015979e-01,-3.993295e-01,-4.501449e-02,-1.343255e-01,4.913873e-02,4.789918e-02,1.015361e-02
4.831314e+00,-5.617877e-01,2.283580e+00,5.607381e-01,1.213599e-01,-2.140217e-01,3.540276e-01,3.648291e-03,-1.260135e-01,7.652053e-02,-3.281969e-01
4.736293e+00,-6.931618e-01,1.912527e+00,6.723478e-02,4.146201e-01,-8.399575e-02,1.624812e-01,-3.105549e-01,-7.177890e-02,-7.351959e-02,-3.316767e-02
4.972117e+00,-5.490471e-01,1.936258e+00,-4.512399e-02,1.573728e-01,-1.734243e-01,3.227004e-01,-5.462976e-02,-5.096596e-02,6.240700e-02,1.783485e-01
4.692589e+00,-5.674562e-01,1.828126e+00,2.305492e-01,1.871384e-01,-2.042911e-01,5.346583e-01,-1.481285e-04,-5.232496e-02,-1.604872e-02,-1.541375e-01
4.713230e+00,-1.250788e+00,1.562602e+00,9.352486e-02,2.361670e-01,-8.074272e-02,-5.497818e-03,8.234739e-02,2.462100e-01,2.059108e-01,1.296380e-01
4.946702e+00,-5.561995e-01,2.176974e+00,5.280846e-01,3.878939e-01,-1.958137e-01,3.443272e-01,-9.270458e-02,-2.288972e-01,1.233801e-02,-5.310474e-01
4.801487e+00,-1.208790e+00,1.625784e+00,3.758528e-02,2.838271e-01,-2.702039e-01,8.969285e-02,-2.586680e-01,-3.090703e-01,-2.467530e-02,-3.150048e-01
4.994507e+00,-6.099334e-01,1.698043e+00,5.112298e-02,1.400629e-02,-2.881141e-01,2.932197e-01,5.860732e-02,8.128177e-02,4.625860e-01,7.277849e-02
4.760757e+00,-5.830462e-01,2.110645e+00,2.195391e-01,3.148460e-01,-2.422292e-01,5.911779e-01,-6.352762e-02,5.521201e-02,1.017311e-01,7.324014e-02
4.817154e+00,-7.333062e-01,1.658932e+00,9.095723e-02,3.798849e-01,-9.910422e-02,-5.598356e-02,-1.981133e-01,4.082113e-02,1.217279e-01,-1.375444e-01
4.773816e+00,-6.764334e-01,2.129069e+00,6.179601e-01,2.256884e-01,-2.336822e-01,9.359393e-02,2.612702e-02,1.899129e-01,1.923463e-02,-1.289196e-01
4.731257e+00,-8.692053e-01,1.772145e+00,4.583426e-01,2.762581e-01,-3.140705e-01,2.466704e-01,-8.367986e-02,-3.266161e-01,-2.981492e-02,-2.420341e-01
5.181831e+00,-5.789498e-01,1.944778e+00,2.836695e-02,1.732595e-01,-9.416473e-02,2.399668e-02,-8.666547e-03,1.914705e-01,1.804785e-01,-7.460725e-02
4.746055e+00,-8.138574e-01,1.847942e+00,2.415241e-01,-1.007305e-02,2.460392e-02,5.398911e-01,-2.936971e-01,-1.058850e-01,9.795225e-03,1.965509e-02
4.469794e+00,-1.031712e+00,1.560338e+00,-8.761750e-02,3.938621e-01,1.244480e-01,2.559049e-01,-7.914939e-02,4.825158e-01,8.340461e-02,9.203492e-02
4.940008e+00,-4.145793e-01,2.031004e+00,6.164888e-01,2.824987e-01,-1.203602e-01,1.345243e-01,-1.483678e-01,-2.082124e-02,2.828339e-02,-1.499298e-01
4.628210e+00,-1.327738e+00,1.234090e+00,1.935344e-01,-1.973516e-01,-3.692948e-01,1.350986e-01,-1.857170e-01,-2.725339e-01,-2.113865e-01,-2.216533e-01
5.018101e+00,-7.984601e-01,1.559304e+00,2.155700e-01,-2.089921e-02,-2.758283e-01,1.447174e-01,-2.943563e-02,3.188543e-01,4.521083e-01,2.964292e-02
4.925786e+00,-7.472366e-01,1.947098e+00,3.788201e-01,2.410638e-01,2.342485e-02,5.876845e-01,-1.761788e-01,-7.956758e-02,1.181181e-01,-1.712777e-01
4.814779e+00,-7.377674e-01,1.845578e+00,3.486779e-01,2.965292e-01,8.629221e-02,3.986853e-01,-1.658739e-01,-6.024910e-02,-2.207257e-01,-1.566684e-01
4.737144e+00,-8.521231e-01,2.102072e+00,2.263493e-01,2.558804e-01,-8.859212e-02,3.257495e-01,-1.350907e-01,1.691960e-01,2.500581e-01,8.970063e-02
4.825039e+00,-6.811246e-01,1.758874e+00,2.494577e-01,1.123888e-01,-3.520101e-01,3.529385e-01,-9.988677e-02,-2.173139e-01,-2.064213e-01,-2.802789e-01
5.188027e+00,-7.172234e-01,1.953331e+00,2.715496e-01,2.179933e-01,-2.281587e-01,-5.080824e-02,4.259427e-02,1.964768e-01,2.520752e-01,1.056825e-01
4.727486e+00,-8.335902e-01,1.785608e+00,2.400781e-02,3.613936e-01,9.286794e-02,-2.803003e-02,-1.431131e-02,-1.705666e-01,-1.147890e-02,-1.551717e-01
4.089829e+00,-1.199146e+00,1.721162e+00,1.305673e-01,3.534760e-01,-5.076958e-02,4.377658e-01,2.518964e-01,2.127031e-01,1.723236e-01,6.034146e-02
4.997559e+00,-4.479570e-01,2.090959e+00,4.365438e-01,2.862151e-01,-2.900027e-02,-1.601019e-02,-2.671653e-02,-3.049791e-02,8.553151e-02,4.579554e-03
4.564981e+00,-7.433770e-01,1.718528e+00,-1.364551e-01,-5.287771e-03,-4.099451e-01,5.190289e-01,-6.994716e-02,-2.342487e-01,-2.230518e-01,-1.320886e-01
5.053765e+00,-7.779583e-01,1.532656e+00,2.270778e-01,1.518332e-01,-4.739471e-01,1.768566e-01,-5.679278e-02,1.953016e-01,4.927903e-01,1.416290e-01
4.621381e+00,-7.636613e-01,1.978530e+00,4.048646e-01,3.091237e-01,1.230424e-01,4.665987e-01,-5.492729e-02,-1.957657e-01,-1.109183e-01,-1.570773e-01
4.827351e+00,-8.057353e-01,1.996795e+00,5.111919e-01,4.031358e-01,1.168410e-01,3.198343e-01,-1.603100e-01,-1.665530e-01,-2.293902e-01,-3.662890e-01
4.591750e+00,-8.969646e-01,1.806851e+00,1.680643e-01,3.709262e-01,-5.690241e-02,2.448708e-01,2.290296e-01,1.662389e-01,3.669282e-01,-2.140317e-02
4.801023e+00,-6.170630e-01,1.644223e+00,1.492002e-01,-1.298868e-01,-2.046572e-01,3.473666e-01,-1.463782e-01,-3.005411e-01,-2.114190e-01,-1.344551e-01
5.252476e+00,-5.258053e-01,1.824910e+00,3.128174e-01,3.260476e-01,-2.593266e-01,8.921140e-03,-1.099298e-01,2.930000e-01,4.037085e-01,-4.716167e-02
4.464414e+00,-1.041190e+00,1.931967e+00,3.005901e-01,1.020717e-01,-2.159264e-01,2.692671e-01,-1.648874e-01,-2.176723e-01,-2.022140e-01,1.153456e-01
4.189731e+00,-1.068559e+00,1.534639e+00,1.939925e-01,4.257696e-01,1.879439e-01,2.970957e-01,5.017343e-02,2.621319e-01,1.197002e-01,-1.585850e-02
5.182498e+00,-6.843279e-01,2.107804e+00,4.828516e-01,1.447517e-01,8.780782e-02,3.899900e-02,-2.446555e-02,2.934125e-02,1.218643e-01,-1.979283e-01
4.569915e+00,-8.090961e-01,1.753289e+00,-1.464771e-02,8.474066e-02,-1.574276e-01,3.725164e-01,-5.162944e-02,-2.158356e-01,-7.417540e-03,-2.882616e-02
5.135022e+00,-6.329876e-01,1.590246e+00,3.183727e-01,6.681439e-02,-3.445263e-01,1.283276e-01,-2.953782e-01,2.876764e-01,5.272427e-01,4.243743e-02
4.679997e+00,-8.232127e-01,1.774392e+00,5.963150e-01,3.814943e-01,-9.291136e-02,4.807626e-01,-1.172987e-01,-1.899354e-01,-2.081897e-01,5.631974e-02
4.923275e+00,-7.306698e-01,2.103737e+00,4.837089e-01,6.427416e-01,-5.724978e-02,3.412677e-01,-3.853788e-01,-5.423815e-02,-3.035770e-01,-3.738592e-01
4.408841e+00,-1.012714e+00,1.661281e+00,2.333241e-01,2.909386e-01,7.029447e-02,5.394353e-01,1.939535e-01,5.781453e-01,3.476835e-01,-1.430480e-01
4.922042e+00,-1.078120e+00,1.664796e+00,-7.592422e-02,-2.339006e-02,-1.482832e-01,1.201248e-01,-2.131758e-01,-3.177863e-01,-2.420825e-01,3.064551e-02
5.150318e+00,-3.866132e-01,1.810807e+00,3.218520e-01,3.239162e-01,-2.804365e-01,2.729564e-01,-9.717521e-02,2.944918e-03,4.931120e-01,-1.417058e-02
4.538779e+00,-8.812652e-01,1.666240e+00,2.220089e-01,2.368534e-01,-7.976216e-02,-4.462907e-02,-1.514813e-01,-3.241686e-01,-7.315721e-02,2.241648e-01
4.172519e+00,-9.846230e-01,1.703017e+00,2.562075e-01,4.570736e-01,1.273645e-01,3.526012e-01,1.317182e-01,1.048993e-01,-9.319787e-02,9.431395e-02
5.091970e+00,-6.746715e-01,2.115521e+00,2.527782e-01,4.278453e-01,-2.672480e-01,2.474219e-01,6.164440e-02,1.693840e-01,-1.905590e-01,-2.260089e-01
4.616744e+00,-1.008865e+00,1.802566e+00,5.919264e-02,3.697416e-01,-1.917628e-01,2.452968e-01,1.040696e-01,-1.574535e-01,1.164947e-01,2.743515e-02
5.049764e+00,-6.662069e-01,1.997412e+00,3.586867e-01,9.019738e-02,-3.935637e-01,-3.086487e-02,-4.206124e-02,1.252578e-01,3.182176e-01,1.126304e-01
4.719982e+00,-7.215927e-01,1.724615e+00,2.758988e-01,3.753889e-01,1.928215e-01,2.364155e-01,-3.873151e-01,-2.475460e-01,4.351151e-01,-1.093518e-01
4.778506e+00,-4.740867e-01,2.276252e+00,4.352676e-01,3.516975e-01,-9.416151e-02,1.241254e-01,-8.559935e-02,-9.922821e-02,-2.198531e-01,-1.443093e-01
4.505019e+00,-1.087418e+00,1.553745e+00,3.837780e-01,2.943360e-02,-1.711595e-01,6.064601e-01,4.090484e-01,5.734060e-01,3.330353e-01,1.531409e-01
4.538374e+00,-1.246315e+00,1.417392e+00,-2.370374e-01,6.714583e-02,-3.468360e-01,-3.509690e-02,-3.774652e-01,-1.728707e-01,-2.327598e-01,-5.018377e-02
5.036227e+00,-5.536728e-01,1.795148e+00,5.847673e-01,2.934380e-01,-2.912441e-01,3.948368e-01,-2.429807e-02,2.618979e-02,2.098159e-01,-1.840120e-01
4.820122e+00,-9.047404e-01,1.512951e+00,2.699150e-01,1.817663e-01,-7.392915e-02,2.218097e-03,-4.055386e-01,-1.771908e-01,1.632585e-01,1.600330e-01
4.462268e+00,-5.986901e-01,1.890205e+00,2.975642e-02,2.404493e-01,1.088393e-01,4.507079e-01,6.447018e-02,1.200211e-01,-9.037878e-03,1.936566e-01
5.091666e+00,-6.629482e-01,1.918405e+00,3.630147e-01,1.355674e-01,-1.706593e-01,2.864730e-01,-1.014885e-01,2.321370e-02,-6.160429e-02,-1.796640e-01
4.513807e+00,-8.981951e-01,1.631486e+00,2.843072e-01,3.224452e-01,4.906270e-03,2.570340e-01,4.661141e-03,2.325005e-01,-5.935859e-02,-1.546989e-02
4.927741e+00,-6.404877e-01,2.218701e+00,3.439941e-01,2.584913e-01,-4.047683e-01,8.725791e-02,-7.065592e-02,1.352235e-01,-9.428619e-02,-1.993430e-02
4.993198e+00,-1.111561e+00,1.428945e+00,4.137497e-01,4.861426e-01,-3.870806e-01,4.021720e-01,-2.702327e-01,-1.114628e-01,3.090301e-01,-1.464900e-02
4.916786e+00,-3.086193e-01,2.373699e+00,2.560639e-01,5.801651e-02,-1.827562e-01,2.077437e-01,-1.656984e-02,-2.090763e-02,-1.361789e-01,-1.359484e-01
4.716091e+00,-7.747363e-01,1.552431e+00,9.895461e-02,1.430258e-01,1.056686e-01,3.795272e-01,1.637444e-01,2.949958e-01,5.380417e-01,1.769955e-01
4.615416e+00,-8.819780e-01,1.540857e+00,2.212656e-01,1.990703e-01,-2.795063e-01,1.408841e-01,-2.122874e-01,-2.991099e-01,-1.069621e-01,-2.627108e-01
4.942544e+00,-4.676273e-01,1.825214e+00,4.863482e-01,5.299651e-01,-1.035893e-01,2.799128e-01,6.250704e-02,1.148876e-02,-7.627736e-02,-1.992421e-01
4.837002e+00,-1.086398e+00,1.516956e+00,3.866704e-01,2.738361e-01,-4.886635e-01,7.949968e-02,-3.031658e-01,-2.196378e-02,1.807618e-01,6.141013e-02
4.599769e+00,-7.114317e-01,2.242698e+00,9.779360e-02,2.085357e-01,-3.577643e-01,4.507010e-01,3.623580e-01,2.124111e-01,1.593002e-02,-1.783831e-01
5.150221e+00,-6.069888e-01,1.907556e+00,2.051219e-04,2.630705e-01,2.216273e-02,4.077791e-02,-1.334582e-01,-1.390256e-01,8.157632e-02,-6.963887e-02
4.392241e+00,-8.372324e-01,1.889500e+00,1.164071e-01,2.497097e-01,1.674803e-01,5.901620e-01,6.101982e-02,-7.094822e-02,1.362477e-01,1.398608e-01
4.645640e+00,-4.636668e-01,2.103202e+00,4.216757e-01,4.647464e-01,-8.688632e-02,7.568529e-02,-3.066704e-02,-3.541350e-01,-2.383276e-01,1.218824e-02
4.720092e+00,-1.176466e+00,1.307153e+00,3.310184e-01,2.243873e-01,-2.604270e-01,1.532468e-01,-6.214276e-02,-4.872726e-02,3.028100e-01,1.006869e-01
5.058066e+00,-4.215191e-01,2.000053e+00,3.432777e-01,2.580878e-01,-4.119345e-01,6.056277e-02,1.562813e-01,2.112623e-01,-3.072502e-01,-1.904749e-01
4.841940e+00,-1.100948e+00,1.737280e+00,1.320415e-01,3.856366e-01,-1.506788e-01,3.394092e-01,1.259790e-01,3.276744e-01,3.080015e-01,7.525130e-02
4.669982e+00,-7.668599e-01,1.900545e+00,3.341754e-01,2.697668e-01,4.433875e-04,1.902972e-01,-2.107464e-01,-1.426946e-01,-1.173931e-01,-5.451922e-01
4.739426e+00,-6.236735e-01,1.971649e+00,5.283141e-01,3.453701e-01,2.477508e-01,5.577424e-01,-1.463301e-01,-3.462101e-01,-5.646725e-03,2.822948e-01
4.926974e+00,-7.471241e-01,1.438820e+00,2.605785e-01,1.640283e-01,-3.923419e-01,1.143588e-02,-2.771747e-01,-7.017106e-03,3.752077e-01,-1.213802e-02
4.956111e+00,-6.646422e-01,1.867959e+00,3.874867e-01,2.329162e-01,-2.964544e-01,3.041145e-01,2.246140e-01,3.100595e-01,2.313424e-02,-1.455130e-02
5.079865e+00,-8.824928e-01,1.801611e+00,3.440639e-01,1.606661e-01,-1.969033e-01,-1.090037e-02,-7.117992e-02,4.125475e-02,-2.732409e-01,-2.763650e-03
4.549456e+00,-1.215854e+00,1.798632e+00,3.408263e-01,5.757444e-01,3.632274e-02,4.475545e-01,2.083249e-01,3.918467e-01,6.481870e-02,-3.573437e-01
4.946343e+00,-6.668508e-01,2.047552e+00,4.031243e-01,5.281488e-01,-4.445949e-02,2.451950e-01,-1.407748e-01,-3.292631e-01,-3.257518e-01,1.124116e-01
4.764068e+00,-1.009862e+00,1.378951e+00,-2.605536e-01,-3.727471e-02,2.328126e-02,4.958130e-02,-1.503882e-01,8.226767e-02,1.871032e-01,3.377214e-01
5.015294e+00,-3.296380e-01,1.683655e+00,3.382495e-01,1.755871e-01,-2.575690e-01,2.444052e-01,-1.356671e-01,3.862345e-02,7.071563e-02,-1.070513e-01
4.813553e+00,-9.289796e-01,1.655210e+00,3.022648e-01,2.767570e-01,-7.161293e-02,1.497323e-01,3.480022e-01,1.286301e-01,1.390515e-02,4.428448e-02
4.658767e+00,-8.868860e-01,1.880361e+00,6.805383e-01,4.598179e-01,-1.491270e-01,1.085814e-01,-8.031734e-02,-1.476888e-02,-2.857548e-01,-4.421944e-01
4.943569e+00,-1.004044e+00,1.809177e+00,3.858966e-01,6.985305e-01,-1.075019e-01,5.151304e-01,-2.043711e-02,2.206126e-01,-6.429695e-02,-1.740110e-02
4.824012e+00,-8.484680e-01,1.772492e+00,5.705012e-02,2.843622e-02,-4.507149e-01,1.455864e-01,-1.588404e-01,4.425617e-02,2.163217e-01,-1.052636e-01
5.112554e+00,-4.597600e-01,1.777331e+00,2.724127e-01,1.156473e-01,2.459695e-02,4.933183e-01,-1.273303e-01,1.565297e-02,2.604617e-01,2.258611e-01
4.817015e+00,-6.460999e-01,1.862275e+00,1.911701e-01,9.620639e-02,-2.530307e-01,3.520983e-02,1.175505e-02,-2.574333e-01,-1.284967e-01,-6.329575e-02
4.235749e+00,-1.359579e+00,1.679602e+00,5.127286e-01,4.345934e-01,-1.635453e-02,2.688682e-01,3.649122e-01,3.477563e-01,2.271204e-01,6.280205e-02
5.126381e+00,-6.590625e-01,1.931999e+00,3.025452e-01,5.370503e-01,2.023560e-02,7.107820e-02,-8.584290e-02,-3.792803e-02,-1.159955e-01,-3.362834e-01
4.481109e+00,-1.287689e+00,1.620464e+00,-1.368031e-01,-2.170511e-02,-5.170398e-01,9.840209e-02,2.818796e-01,1.615787e-01,7.827933e-02,9.542748e-03
5.066258e+00,-5.299128e-01,1.702085e+00,1.167681e-01,4.532157e-01,-4.027495e-01,2.284598e-01,6.032521e-04,-6.037136e-02,2.280244e-02,3.201602e-02
4.808356e+00,-4.795263e-01,1.949928e+00,-1.795125e-02,4.481354e-03,2.139653e-01,4.739579e-01,-1.994877e-02,-1.051349e-01,-8.001152e-02,1.408237e-01
4.853394e+00,-7.759963e-01,1.919853e+00,4.053863e-01,5.351924e-01,-1.570047e-01,2.483356e-02,-1.817230e-01,-1.081352e-02,-2.210833e-01,-1.951791e-01
4.743944e+00,-9.764222e-01,1.548842e+00,4.591743e-01,3.339159e-01,7.381285e-03,5.103585e-01,2.561646e-01,1.964360e-01,1.465008e-01,-1.180799e-01
4.812739e+00,-8.749847e-01,1.635379e+00,1.884304e-01,8.531949e-03,-5.522298e-01,8.461436e-02,4.775584e-02,2.015066e-01,-4.928004e-02,-1.913718e-01
5.271713e+00,-9.217560e-01,1.738150e+00,5.045589e-01,3.810696e-01,-2.248861e-01,3.753984e-01,4.080634e-03,1.885844e-01,4.747550e-02,-7.651399e-02
4.709190e+00,-5.925151e-01,1.909442e+00,1.202461e-01,8.513486e-02,-4.060180e-01,2.225698e-01,-1.871030e-01,-1.618535e-01,-3.156880e-01,-2.112254e-01
4.300578e+00,-1.099263e+00,1.509951e+00,5.683367e-02,2.282268e-01,2.286538e-01,2.767452e-01,1.885528e-01,4.515319e-01,5.767929e-01,5.870417e-01
5.121174e+00,-4.233141e-01,1.786364e+00,4.749345e-01,2.839408e-01,-2.085714e-01,4.406029e-01,4.099139e-02,-1.431338e-01,-2.051236e-01,-9.962322e-02
4.360888e+00,-9.261899e-01,1.614163e+00,1.087529e-01,4.054843e-02,-3.600178e-01,2.736172e-02,2.979824e-01,3.313517e-01,1.655553e-01,-8.846510e-02
5.158716e+00,-9.451626e-01,1.791940e+00,2.383836e-01,3.702698e-01,-2.845921e-01,6.956315e-03,1.105822e-01,6.292125e-02,1.138950e-01,-2.280221e-01
4.903035e+00,-9.841804e-01,1.880347e+00,4.435986e-01,3.306401e-01,-1.773176e-01,3.403149e-01,3.452905e-02,-9.077941e-02,-2.209527e-01,-2.149807e-01
5.045320e+00,-7.949629e-01,1.947875e+00,1.877961e-01,5.369283e-01,-8.798094e-02,1.978097e-02,-2.312050e-01,-4.790430e-02,4.190629e-02,-2.751945e-01
4.579345e+00,-8.588118e-01,1.704237e+00,5.177850e-02,5.983911e-02,2.229131e-01,6.948227e-01,3.247825e-01,1.361298e-01,1.069896e-01,3.235771e-01
4.762831e+00,-9.176217e-01,1.642816e+00,1.784703e-01,-1.933504e-01,-3.377205e-01,1.793345e-01,-7.044334e-02,9.418501e-02,4.910942e-02,-1.218800e-01
5.071470e+00,-5.534867e-01,1.609170e+00,3.909084e-01,4.930029e-01,-3.370278e-02,1.380070e-01,1.584943e-01,1.270328e-01,-5.576165e-02,-1.806525e-01
4.814525e+00,-1.102504e+00,1.536607e+00,4.869628e-01,8.058684e-02,-5.779374e-01,1.261872e-01,-2.556621e-01,-2.541182e-01,-1.468780e-01,-2.549505e-01
4.650672e+00,-1.378694e+00,1.662337e+00,2.579611e-01,3.113038e-01,-1.576627e-01,3.059321e-02,2.456979e-01,4.683754e-01,2.610187e-01,1.048578e-01
5.181524e+00,-7.800324e-01,1.964393e+00,2.639829e-01,5.016676e-01,-1.427479e-01,5.522087e-01,-4.931179e-02,4.220892e-02,-1.526558e-01,-2.259629e-01
4.438825e+00,-6.628170e-01,1.714593e+00,5.274047e-02,2.512272e-02,-8.444366e-02,2.888740e-01,1.347865e-01,1.793812e-01,1.980576e-01,1.708372e-02
4.924506e+00,-7.545833e-01,1.846241e+00,1.498445e-01,2.844194e-01,-2.487652e-01,1.902568e-01,1.916938e-02,2.103809e-01,-1.962539e-01,1.873831e-01
4.749815e+00,-8.194204e-01,1.714024e+00,3.843248e-01,3.489679e-01,-1.228186e-01,8.498563e-02,1.268390e-02,-9.361032e-02,-3.708620e-02,-1.815683e-01
5.227202e+00,-9.172507e-01,1.826634e+00,4.701194e-01,3.841276e-01,-2.584449e-01,-3.284174e-02,1.025309e-01,-6.502609e-02,-1.449561e-01,-2.028958e-01
4.360145e+00,-1.353764e+00,1.438478e+00,1.179088e-01,5.619110e-01,2.681242e-01,5.875047e-01,5.756329e-01,6.412798e-01,1.719573e-01,6.389236e-02
4.673926e+00,-1.008451e+00,1.586045e+00,1.353732e-01,-7.653963e-02,-4.679433e-01,2.492224e-01,-6.172016e-02,1.395881e-01,2.067431e-03,-3.666494e-01
4.939199e+00,-5.571565e-01,1.985346e+00,2.425651e-01,3.597359e-01,-7.327401e-02,6.132500e-01,-6.690059e-02,-6.530954e-02,-1.557213e-01,-2.031376e-02
4.806136e+00,-8.878800e-01,1.299644e+00,8.140977e-02,-9.758711e-02,-4.442202e-01,3.586662e-03,-3.565467e-01,-1.343900e-01,1.038664e-01,-1.461235e-01
4.693070e+00,-1.095451e+00,1.542329e+00,3.446279e-01,1.560136e-01,-2.942595e-01,2.038407e-01,2.619539e-01,1.281319e-01,2.705956e-01,-9.148764e-02
5.228202e+00,-7.145376e-01,1.632087e+00,3.200987e-01,5.756896e-01,-4.594381e-02,4.441980e-02,1.207048e-01,1.235062e-01,-1.680758e-02,-4.971517e-01
4.593281e+00,-1.010666e+00,1.771992e+00,3.348149e-01,1.832558e-01,-8.206786e-02,4.766884e-01,1.462935e-01,2.854690e-01,-5.826031e-03,-4.359345e-01
4.774387e+00,-9.481242e-01,1.871935e+00,1.779490e-01,4.497128e-01,-3.184062e-01,2.865999e-01,8.785483e-02,1.346612e-01,-1.541458e-01,7.631986e-02
4.722960e+00,-5.770870e-01,1.820362e+00,1.285102e-02,1.795372e-01,-2.940616e-01,3.187836e-01,-1.764206e-01,-1.338850e-01,1.572738e-01,1.458586e-01
5.241430e+00,-5.515337e-01,1.870120e+00,4.044233e-01,4.234342e-02,-1.374366e-01,2.784149e-01,-1.324230e-01,-5.326591e-02,-8.505508e-02,-3.751029e-02
4.508211e+00,-1.355808e+00,1.590495e+00,6.149709e-02,3.553033e-01,-8.646646e-02,2.608929e-01,4.235928e-01,4.582908e-01,4.343275e-01,1.715226e-01
4.070391e+00,-1.396151e+00,1.596915e+00,2.136743e-01,-1.857776e-02,-2.896916e-01,2.739252e-01,2.355477e-01,-8.067982e-02,-1.996813e-01,-5.665825e-01
5.104364e+00,-8.017015e-01,1.753144e+00,4.925088e-01,6.460208e-01,-2.392404e-02,1.617513e-01,9.585947e-02,1.125084e-01,-2.653398e-01,-3.011579e-01
4.775039e+00,-9.477688e-01,1.570346e+00,9.503498e-02,-1.020669e-01,-6.523980e-01,9.425890e-02,-1.167203e-01,2.193731e-02,4.397100e-02,-4.133590e-02
4.930797e+00,-5.087194e-01,1.645894e+00,-6.048444e-02,1.180106e-01,-1.886870e-01,4.796119e-01,-6.000560e-02,1.577798e-01,9.962294e-02,-2.001825e-01
5.286120e+00,-7.227791e-01,1.713581e+00,3.300712e-01,2.162776e-01,-1.064615e-02,1.430125e-01,-7.380136e-02,3.382123e-02,-9.865286e-02,9.902949e-02
4.486389e+00,-1.016331e+00,1.951074e+00,4.407588e-01,3.125000e-01,-1.277183e-03,7.400566e-01,4.594499e-01,7.320242e-02,-4.009568e-01,-5.428451e-01
4.847673e+00,-1.103960e+00,1.724490e+00,3.272616e-01,4.211462e-01,7.702689e-02,5.620070e-02,9.982041e-02,1.242519e-01,1.090190e-01,-2.719263e-01
4.841418e+00,-9.568744e-01,1.825440e+00,1.913404e-01,-1.267567e-02,-4.663022e-01,-9.518576e-02,1.107495e-01,2.442326e-01,-2.448320e-02,-5.713023e-02
5.273642e+00,-6.141318e-01,1.817574e+00,5.269772e-01,6.553928e-02,-2.281620e-01,2.122272e-01,7.797563e-02,-9.580424e-02,-1.204701e-01,-6.829281e-02
4.709287e+00,-9.051692e-01,1.611887e+00,-4.394467e-02,3.382940e-01,-1.895802e-01,2.685400e-01,9.012534e-02,2.943915e-01,3.335380e-01,3.008347e-01
4.364021e+00,-9.775274e-01,1.784589e+00,2.475726e-01,-3.206181e-03,-7.424622e-02,2.449070e-01,1.261658e-01,-1.544292e-01,-4.443915e-01,-1.647311e-01
5.129502e+00,-8.632010e-01,1.774249e+00,5.536804e-01,5.359425e-01,1.297016e-02,3.843285e-01,-1.871861e-01,1.614234e-01,-9.075086e-02,-3.514644e-01
4.844146e+00,-8.139194e-01,1.607702e+00,4.530355e-02,-9.263748e-02,-5.271605e-01,-9.821230e-02,9.072213e-02,1.633724e-01,1.690040e-01,-2.834784e-01
5.049276e+00,-1.030248e+00,1.724323e+00,4.129567e-01,9.876117e-02,-3.020587e-01,3.502015e-01,1.001095e-01,-1.599894e-02,5.026820e-02,-1.527603e-01
5.184284e+00,-6.749133e-01,1.712876e+00,3.448168e-01,2.432388e-01,-1.649554e-01,5.439360e-03,-1.750038e-01,2.868454e-01,-2.447914e-02,-2.142828e-01
4.599182e+00,-9.674523e-01,2.063529e+00,1.710012e-01,4.094322e-01,1.276451e-01,7.003761e-01,-2.067607e-02,-3.925461e-02,-1.509551e-01,-2.550964e-01
4.855908e+00,-8.511971e-01,1.581907e+00,3.767466e-01,3.924015e-01,5.591418e-02,4.198083e-01,-4.765920e-03,4.043238e-02,-2.652465e-02,-4.387663e-02
4.891620e+00,-8.961686e-01,1.691273e+00,-6.482559e-02,-9.037101e-02,-4.886714e-01,-9.169139e-02,1.209156e-01,8.108749e-02,1.229277e-01,-1.300992e-01
5.222556e+00,-8.354151e-01,1.847004e+00,4.886519e-01,2.520077e-01,-2.398529e-01,1.547119e-01,2.037489e-01,-2.830164e-01,3.528963e-02,-2.332822e-01
4.892674e+00,-1.062095e+00,1.726981e+00,1.990168e-01,3.352626e-01,-4.307783e-01,1.603030e-01,1.051890e-01,3.377191e-01,2.840414e-01,-2.414715e-01
4.524408e+00,-8.751966e-01,1.701790e+00,2.390930e-01,2.807004e-01,-4.318528e-03,1.195825e-01,-9.808520e-02,-5.562885e-02,-2.429153e-01,-1.603430e-01
4.828726e+00,-6.568711e-01,1.982635e+00,2.502693e-01,5.217532e-01,4.799733e-02,3.792430e-01,-2.637294e-02,6.266581e-02,-1.114059e-01,-1.689705e-01
4.765433e+00,-7.118967e-01,1.732648e+00,-8.270497e-02,-1.568944e-01,-4.263391e-01,1.066727e-01,-4.345163e-02,1.152472e-01,2.386091e-01,4.347930e-02
5.095033e+00,-8.163600e-01,1.747475e+00,3.473920e-01,3.283493e-01,-2.262733e-01,2.593138e-01,-7.092912e-02,6.412669e-02,-8.525328e-02,5.513010e-03
5.187838e+00,-7.428339e-01,1.806771e+00,4.997610e-01,2.323209e-01,-5.523912e-01,1.175399e-02,1.342441e-02,2.185205e-01,3.781370e-02,-4.628876e-01
4.719900e+00,-1.010564e+00,1.663797e+00,4.404116e-01,3.926705e-01,-8.030234e-02,3.289447e-01,9.940668e-02,9.285635e-02,-5.231240e-02,-1.890873e-01
4.806881e+00,-9.186210e-01,1.761539e+00,4.803208e-01,2.532306e-01,1.178091e-01,4.552399e-01,4.616426e-02,2.327903e-01,-1.501845e-01,-2.691574e-01
4.690172e+00,-9.233066e-01,1.426628e+00,-1.832010e-01,-1.860630e-01,-5.256879e-01,1.448630e-01,-1.818381e-01,-7.538760e-02,1.102181e-01,1.399672e-01
5.054967e+00,-4.468995e-01,1.870340e+00,1.419206e-01,3.674292e-01,-3.399884e-02,3.885654e-01,-2.032479e-01,-2.586707e-01,9.875671e-02,-3.558826e-02
4.975610e+00,-7.755641e-01,1.849793e+00,2.906105e-01,1.606203e-01,-4.538243e-01,1.681811e-01,1.482436e-01,2.619816e-01,4.623065e-02,-3.494591e-01
4.789977e+00,-1.048626e+00,1.747027e+00,2.906709e-01,2.501067e-01,-1.366446e-01,1.306076e-01,3.510972e-02,-1.266150e-01,-5.378777e-02,-1.947245e-01
4.753571e+00,-6.756577e-01,1.996260e+00,3.091222e-01,4.442245e-01,-7.205358e-03,1.788443e-01,2.943912e-01,2.207584e-01,-1.004649e-01,-5.804170e-01
4.967309e+00,-1.058402e+00,1.493818e+00,3.072393e-01,-7.918664e-02,-4.770962e-01,6.155603e-02,-1.181840e-01,3.761060e-01,2.092070e-01,7.096923e-02
4.983092e+00,-5.914500e-01,1.875659e+00,3.136337e-01,3.272811e-01,-4.907290e-02,4.041316e-01,-2.115971e-01,-1.955571e-01,3.537795e-02,-1.081095e-01
4.873043e+00,-5.362255e-01,2.077538e+00,1.298996e-01,1.161853e-01,-4.196965e-01,2.697904e-01,-2.125217e-01,5.823079e-03,4.670956e-03,-2.768215e-01
4.941415e+00,-1.027288e+00,1.658140e+00,4.240099e-01,6.233394e-02,-1.170267e-01,3.741298e-01,1.942958e-02,6.221262e-02,1.710484e-01,8.908542e-02
4.826489e+00,-7.999167e-01,2.031543e+00,2.987483e-01,3.866824e-01,-1.005645e-01,4.339940e-01,3.343773e-01,2.487614e-01,-2.804868e-01,-4.219617e-01
4.866680e+00,-1.082458e+00,1.236549e+00,1.433425e-01,-5.543322e-02,-4.553108e-01,-2.559300e-02,-2.528873e-01,7.779483e-02,2.855781e-01,-2.497646e-01
4.966203e+00,-7.706681e-01,1.977718e+00,4.880836e-01,4.061341e-01,-1.361155e-01,2.143218e-01,7.942136e-02,-1.181509e-01,-2.611869e-01,-1.323533e-01
4.753921e+00,-5.425508e-01,1.820522e+00,3.595675e-01,2.348430e-01,-4.494759e-01,3.235485e-01,-4.265163e-02,-5.963444e-04,-4.502098e-02,-8.677959e-02
5.026336e+00,-5.497458e-01,1.682091e+00,-3.550110e-02,2.289697e-01,-4.899136e-02,3.118193e-01,-1.325404e-01,-1.876205e-01,1.484517e-01,-7.236120e-04
4.807405e+00,-8.924765e-01,2.206507e+00,2.849862e-01,1.900706e-01,-6.290456e-03,3.154789e-01,2.685160e-01,2.534338e-01,-2.751433e-01,-2.335678e-01
4.883126e+00,-1.181122e+00,1.605625e+00,-7.434224e-02,2.252681e-01,-2.224834e-01,-1.217808e-01,-9.299844e-02,4.768754e-01,2.315009e-01,-5.960835e-02
4.986050e+00,-7.944913e-01,1.969005e+00,7.397510e-01,2.895713e-01,-8.130493e-03,2.571005e-01,1.283493e-01,-3.779009e-01,-2.355631e-01,-3.083821e-01
4.786243e+00,-9.445729e-01,1.794143e+00,3.681341e-01,2.594989e-01,-3.619270e-01,4.480056e-02,-3.849073e-02,-1.457476e-01,-2.631131e-01,-1.861537e-01
5.074059e+00,-6.542501e-01,1.445621e+00,3.148896e-01,-1.149745e-01,-7.001966e-02,3.450197e-01,-9.813736e-02,1.536658e-01,4.237226e-01,2.591382e-02
4.707564e+00,-5.655064e-01,2.073172e+00,2.449233e-01,2.584461e-01,3.424806e-02,5.623737e-01,-1.341445e-02,6.080003e-02,8.738807e-02,-9.913569e-02
5.104439e+00,-1.083853e+00,1.485276e+00,1.683391e-01,1.035819e-01,-3.509538e-01,3.435209e-02,-2.501307e-01,4.778985e-02,1.655837e-01,-8.485962e-02
4.869801e+00,-9.123829e-01,2.164896e+00,5.550615e-01,3.927030e-01,-2.145350e-01,3.049564e-01,-9.483974e-02,-1.265921e-02,-6.521833e-02,-2.759544e-01
4.729852e+00,-7.275436e-01,1.747899e+00,5.168625e-01,4.208312e-01,-2.335097e-01,-3.865746e-02,4.698524e-02,-2.854601e-02,-2.083953e-01,-4.116116e-01
5.133624e+00,-6.992830e-01,1.779416e+00,2.264853e-01,8.686866e-02,-2.997929e-01,3.861782e-01,-9.094647e-02,5.939585e-02,1.420426e-01,-2.170612e-01
4.699003e+00,-6.008539e-01,1.845490e+00,2.734653e-01,1.978150e-01,1.339975e-01,1.598769e-01,6.428889e-02,2.254884e-01,-4.392647e-02,-7.993240e-02
4.667211e+00,-1.107429e+00,1.711865e+00,-2.324714e-01,1.347192e-01,-1.253818e-01,3.256256e-01,-7.057788e-02,-2.366656e-02,3.228831e-01,3.936849e-01
5.161877e+00,-6.090470e-01,1.970956e+00,5.680658e-01,3.508648e-01,-4.618467e-03,3.600485e-01,-2.855760e-01,-2.115681e-01,-3.461401e-02,-3.286954e-01
4.632169e+00,-1.182627e+00,1.672980e+00,1.800239e-01,3.369397e-01,-2.903957e-01,1.169414e-01,-2.039361e-01,-1.764126e-01,-3.209713e-01,-3.332432e-01
4.913683e+00,-8.561427e-01,1.560288e+00,3.382167e-01,-4.776244e-02,-5.034339e-01,3.175686e-01,2.685541e-01,1.292171e-01,3.090028e-01,1.510821e-03
4.663753e+00,-6.145799e-01,1.917562e+00,4.679925e-01,4.285554e-01,-4.079483e-02,1.653972e-01,1.710895e-02,3.278124e-01,1.704452e-01,-3.927856e-01
4.959612e+00,-9.441232e-01,1.757851e+00,2.489068e-01,2.632932e-02,-5.882307e-02,6.582848e-02,-1.909178e-01,-2.966917e-02,-2.794369e-04,4.052782e-02
4.715287e+00,-3.819582e-01,1.961253e+00,2.382228e-01,2.593631e-01,4.780304e-03,3.893594e-01,-3.356330e-01,-8.147415e-02,3.470005e-01,-7.377810e-02
4.874937e+00,-7.487387e-01,1.940374e+00,2.093739e-01,4.183392e-01,-1.758684e-01,1.571658e-01,-8.587990e-02,-2.619985e-01,-1.376020e-01,-2.648940e-01
5.305108e+00,-7.123017e-01,1.861873e+00,2.468709e-01,1.784332e-01,-4.543836e-01,2.957321e-01,6.936384e-02,1.321193e-01,1.625774e-02,-4.016606e-02
4.701238e+00,-1.085854e+00,1.795695e+00,4.449366e-01,2.544909e-01,-8.649252e-02,1.530752e-01,6.303556e-02,8.355690e-02,8.774080e-02,-1.887572e-01
4.259343e+00,-1.153667e+00,1.503857e+00,7.213427e-02,2.371951e-01,-5.196421e-02,1.155123e-01,2.014338e-01,2.931579e-01,3.392519e-02,1.428789e-01
5.160072e+00,-5.774047e-01,2.010231e+00,5.814036e-01,1.728247e-01,8.620247e-02,1.374011e-01,-1.993155e-01,-1.518076e-01,2.563176e-02,2.022646e-02
4.040954e+00,-1.138088e+00,1.265302e+00,-4.746997e-01,-2.484899e-01,-4.219841e-01,1.568381e-01,-3.311686e-01,-4.530828e-01,-1.108582e-01,4.104013e-02
4.935030e+00,-8.479577e-01,1.750381e+00,-4.887708e-02,5.771627e-02,-3.677019e-01,3.268445e-01,-4.555685e-02,2.065693e-01,3.342004e-01,1.797613e-01
4.938801e+00,-9.094863e-01,1.871978e+00,6.592543e-01,3.049109e-01,-8.706860e-02,4.018704e-01,-9.443624e-02,1.812803e-01,2.821838e-03,-2.058814e-01
4.858373e+00,-7.768197e-01,1.835988e+00,2.669014e-01,3.662886e-01,-2.231021e-02,1.599402e-01,-9.499536e-02,9.620736e-02,-2.744170e-01,-3.427979e-01
4.714677e+00,-8.357429e-01,1.794082e+00,4.950966e-01,1.732959e-01,-9.477531e-02,1.778659e-01,-1.490480e-02,1.834585e-01,3.799583e-01,-1.480183e-01
4.925225e+00,-7.050670e-01,1.905993e+00,2.167515e-01,-6.349497e-03,-2.484111e-01,2.400393e-01,-4.086996e-02,-1.308596e-01,-3.548766e-01,-1.617843e-01
5.237922e+00,-3.754271e-01,1.950419e+00,-1.650160e-02,1.356060e-01,-4.834199e-02,2.182953e-01,-2.180826e-01,-3.955445e-02,5.654083e-01,3.898805e-02
4.767192e+00,-9.929716e-01,1.755446e+00,2.843241e-01,3.704453e-01,-3.393251e-01,3.903179e-01,-2.203115e-01,-6.029812e-03,1.821659e-01,-1.358305e-01
4.013029e+00,-1.460485e+00,1.705926e+00,2.675384e-01,3.369723e-01,1.795462e-01,5.189533e-01,2.302921e-01,3.403994e-01,-1.313838e-01,-2.973977e-02
5.043438e+00,-6.149135e-01,2.136395e+00,4.845068e-01,3.384314e-01,-1.476364e-01,-3.632677e-02,-8.825782e-02,1.096834e-01,1.210615e-01,-1.880075e-01
4.556691e+00,-9.406355e-01,1.531717e+00,1.404127e-01,-1.338402e-01,-5.485306e-01,3.224182e-01,8.705668e-02,-1.592713e-01,-1.772304e-01,-2.409870e-01
5.036370e+00,-6.566395e-01,1.601170e+00,2.630386e-02,9.469969e-02,-2.635078e-01,1.252073e-01,-6.363203e-02,1.165519e-01,3.501355e-01,2.163901e-01
4.737371e+00,-4.681358e-01,1.905790e+00,1.915498e-01,3.452791e-01,2.395991e-01,4.534384e-01,-2.921126e-01,-1.031675e-01,1.712670e-01,-1.181153e-01
4.566232e+00,-9.578493e-01,2.068001e+00,4.176822e-01,7.226569e-01,2.511747e-01,5.409432e-01,-7.797156e-02,-1.456409e-01,-3.854634e-01,-4.940648e-01
4.639498e+00,-1.002268e+00,1.824311e+00,3.213782e-01,2.204885e-01,-1.302649e-01,2.744389e-01,8.302860e-02,4.720036e-01,3.037105e-01,6.463427e-02
5.004270e+00,-9.209120e-01,1.731939e+00,1.598006e-01,9.206475e-02,-3.823606e-01,1.884580e-01,-1.927453e-01,-1.890185e-02,-1.754887e-01,-3.624373e-01
4.980850e+00,-5.031214e-01,1.819405e+00,4.706920e-01,1.353674e-01,-2.688437e-01,8.308230e-02,5.596422e-02,6.581872e-02,3.613878e-01,4.058172e-02
4.468416e+00,-6.590376e-01,1.714156e+00,2.837866e-01,1.599783e-01,-2.059434e-01,2.571713e-01,-2.361376e-01,-1.704751e-01,2.367399e-01,-3.276175e-02
4.174708e+00,-1.147731e+00,1.596969e+00,1.794237e-01,3.425185e-01,2.572317e-01,4.546256e-01,6.737611e-02,-2.165453e-01,1.510864e-01,1.933658e-01
4.965225e+00,-6.059673e-01,2.278042e+00,3.095960e-01,3.145963e-01,-1.765278e-01,1.399119e-01,-3.966773e-02,-2.746786e-02,1.724331e-01,-1.061965e-01
4.750074e+00,-9.563431e-01,1.627884e+00,-7.557143e-02,2.784863e-01,-2.708413e-01,1.109586e-01,-1.673131e-01,1.830992e-01,7.969725e-02,-2.408390e-01
4.899498e+00,-8.255081e-01,1.895958e+00,2.051269e-01,6.687201e-02,-3.291520e-01,3.162428e-02,-7.567438e-02,1.770301e-01,2.675076e-01,9.496753e-02
4.696575e+00,-7.573607e-01,1.841947e+00,4.353529e-01,4.620824e-01,-3.830081e-02,2.580803e-01,4.303982e-02,-2.642558e-01,4.647325e-02,-1.005401e-01
4.710104e+00,-6.764418e-01,1.939063e+00,5.625551e-01,5.096427e-01,1.236805e-01,3.604004e-01,-3.500001e-01,-2.314809e-01,-1.412562e-01,-2.658195e-01
4.483052e+00,-9.471979e-01,1.712606e+00,2.017574e-01,1.175081e-01,1.769895e-01,4.377301e-01,3.245337e-01,5.116508e-01,4.102008e-01,1.584065e-01
4.907649e+00,-9.878826e-01,1.530790e+00,-2.156759e-02,1.420420e-01,-3.455371e-01,1.276154e-01,-3.422835e-01,-1.866856e-01,-3.885366e-02,-1.855872e-01
5.172801e+00,-5.279122e-01,2.004013e+00,3.565397e-01,2.734975e-01,-3.681755e-01,2.498653e-01,-1.131506e-01,2.860730e-01,2.089843e-01,6.454357e-03
4.658104e+00,-1.051499e+00,1.795163e+00,3.407540e-01,2.399300e-01,-2.722676e-01,1.790215e-01,-2.402548e-01,-1.440374e-01,-1.012698e-01,2.057526e-01
4.460504e+00,-1.088304e+00,1.506223e+00,3.538557e-01,3.957599e-01,9.190418e-02,5.485218e-01,-2.287840e-01,1.055636e-01,2.373215e-01,-1.476130e-01
4.918262e+00,-4.378458e-01,2.116003e+00,2.658026e-01,2.078556e-01,7.371187e-02,1.839013e-01,4.039327e-02,6.611706e-02,-2.474707e-03,-2.932020e-01
4.792101e+00,-1.067145e+00,1.606994e+00,2.513795e-01,4.081196e-02,-2.053955e-02,1.048162e-01,-9.441848e-04,-2.844881e-02,1.629346e-01,1.718636e-01
4.934758e+00,-4.134717e-01,1.973165e+00,2.729325e-01,1.412476e-01,-3.530101e-01,-2.255615e-02,-1.589932e-01,2.329055e-01,2.875257e-01,-1.998702e-01
4.810441e+00,-1.005085e+00,1.822544e+00,4.743523e-01,3.828958e-01,-3.626841e-02,2.341085e-01,-2.126346e-01,-1.096965e-01,1.808234e-02,1.865083e-01
4.899777e+00,-5.438606e-01,1.951754e+00,4.571716e-01,4.665565e-01,-4.583811e-02,1.630073e-02,-2.317493e-01,1.832226e-01,-2.779847e-01,-7.713066e-02
4.542024e+00,-9.385703e-01,1.842154e+00,2.340468e-01,-1.265738e-02,6.048093e-02,5.355258e-01,4.786093e-01,3.965032e-01,4.478693e-01,-5.517473e-03
4.579284e+00,-1.093044e+00,1.429132e+00,-1.070915e-01,-5.602037e-02,-2.623387e-01,-5.039088e-02,-3.339559e-01,-3.432988e-01,-2.231013e-02,1.053955e-02
5.095266e+00,-5.981126e-01,2.132497e+00,6.014961e-01,-4.938410e-02,-1.325274e-01,3.371352e-01,-2.007126e-02,6.349306e-02,1.982921e-01,-1.467607e-01
4.591637e+00,-8.519428e-01,1.613947e+00,2.872630e-01,2.603143e-01,-1.374561e-01,1.956750e-02,-3.079339e-01,-2.357382e-01,2.344190e-01,6.520392e-02
4.675818e+00,-1.001784e+00,1.717067e+00,2.216158e-01,4.855430e-01,-2.243605e-01,5.168453e-01,7.596902e-03,1.618305e-01,1.139390e-01,1.074381e-02
4.978307e+00,-6.015624e-01,2.071784e+00,3.128314e-01,1.293149e-01,-1.412054e-01,3.014092e-01,1.272919e-03,5.361558e-02,-1.985146e-01,-1.066328e-01
4.565775e+00,-8.379977e-01,1.620885e+00,9.676873e-03,3.361936e-01,5.296541e-02,1.057555e-01,3.840646e-02,1.382792e-01,1.129527e-01,1.169799e-01
4.808369e+00,-4.404408e-01,2.378969e+00,4.347714e-01,6.606402e-02,-4.007369e-01,1.108704e-01,-2.562143e-02,-1.348897e-01,2.176988e-01,-1.609236e-01
4.807491e+00,-8.493754e-01,1.564213e+00,1.422526e-01,4.600789e-01,6.104968e-02,5.244670e-02,-2.044383e-01,-6.436367e-02,1.889477e-01,1.625735e-01
4.802114e+00,-5.592232e-01,2.230873e+00,3.218684e-01,2.818534e-01,-3.741959e-01,1.422198e-01,-2.765487e-02,3.655235e-02,3.322468e-02,-1.277004e-01
4.732736e+00,-1.047859e+00,1.808619e+00,3.091965e-01,2.385902e-01,-2.483804e-01,5.684136e-01,2.240997e-01,3.632510e-01,3.482275e-01,-1.511664e-02
4.684094e+00,-8.620970e-01,1.607513e+00,-4.282546e-02,2.248976e-01,-2.505716e-01,1.825591e-03,-3.907765e-01,-1.182034e-01,-1.082003e-01,-1.166767e-01
4.904949e+00,-5.795765e-01,2.042690e+00,5.332443e-01,4.086841e-01,-7.468234e-02,3.485912e-01,-1.287621e-01,-4.353066e-02,3.829150e-02,-1.478248e-02
4.870745e+00,-9.023680e-01,1.679259e+00,1.545941e-01,2.650017e-01,-2.282462e-01,6.574234e-02,-3.524796e-01,-1.754589e-01,2.825859e-01,7.832814e-02
4.851155e+00,-8.063981e-01,1.915843e+00,1.971539e-01,2.498671e-01,-1.118986e-01,2.866102e-01,1.762857e-01,1.869721e-01,2.389055e-01,-1.352831e-01
5.074840e+00,-6.411275e-01,1.768787e+00,4.631302e-01,9.747887e-02,-1.840775e-01,2.918507e-01,-1.586096e-01,-4.649736e-02,8.039617e-04,-2.688369e-01
4.476476e+00,-1.061415e+00,1.773743e+00,1.530576e-01,2.716352e-01,4.960960e-02,3.283337e-01,1.263244e-01,2.192700e-01,8.311887e-02,-1.079517e-02
4.837478e+00,-5.388950e-01,2.201047e+00,4.194295e-01,5.105708e-01,-2.175652e-02,7.051895e-02,-5.107108e-01,1.346725e-04,-1.186236e-01,-1.103803e-01
4.835278e+00,-1.082323e+00,1.470738e+00,1.958200e-01,1.002395e-01,-4.665635e-02,3.167595e-01,-2.749731e-01,-9.953364e-02,2.311558e-01,2.988045e-01
4.937522e+00,-3.072721e-01,1.912568e+00,2.804910e-01,2.254111e-01,-3.222494e-01,1.849273e-02,7.767648e-02,5.050388e-03,1.280357e-01,-4.653111e-02
4.779906e+00,-8.803368e-01,1.680426e+00,3.460649e-01,1.965695e-01,-3.378383e-03,3.791987e-01,1.529113e-01,2.242852e-01,2.531571e-01,6.992014e-02
4.636726e+00,-8.276908e-01,1.836456e+00,4.405384e-01,1.197112e-01,-2.033696e-01,3.826141e-02,-1.123299e-01,-1.000106e-01,-2.752538e-01,-3.297099e-01
4.594413e+00,-8.218100e-01,2.051648e+00,5.412453e-01,5.638095e-01,8.113555e-02,2.306264e-01,-2.363745e-01,1.204076e-01,1.064059e-01,-8.584555e-03
4.945923e+00,-9.074139e-01,1.694052e+00,2.150990e-01,1.092050e-01,-3.402268e-01,1.729308e-01,-3.546245e-01,-5.386904e-02,1.643469e-01,1.643933e-01
4.824048e+00,-4.932848e-01,1.888931e+00,2.498088e-01,1.072218e-01,-1.742685e-02,2.717911e-01,2.544452e-02,1.746625e-01,3.249583e-01,2.053047e-01
5.026515e+00,-4.795439e-01,1.793678e+00,1.441606e-01,1.690338e-01,-2.741452e-02,9.956995e-02,-1.436984e-01,-2.093881e-01,9.506723e-02,-1.905380e-01
4.335458e+00,-1.134920e+00,1.732665e+00,2.529437e-01,4.097656e-01,6.711714e-02,3.268963e-01,4.866776e-01,1.706302e-01,6.268745e-02,-8.493779e-02
5.079301e+00,-7.927690e-01,1.979104e+00,5.569693e-01,5.447185e-01,-6.458137e-02,-7.739409e-02,-8.878354e-02,-1.497653e-01,-2.182701e-01,4.648742e-02
4.499121e+00,-1.098267e+00,1.297383e+00,2.680711e-02,1.002916e-01,-3.119084e-01,1.740385e-01,-7.272922e-02,7.190628e-02,2.015952e-01,-1.013436e-02
5.079958e+00,-6.105911e-01,1.984342e+00,9.029324e-02,3.017177e-01,-3.658471e-01,1.720507e-01,-1.464097e-01,1.481878e-01,1.015999e-01,8.883563e-02
4.750048e+00,-6.563980e-01,1.908266e+00,4.813013e-02,1.577787e-01,1.472236e-01,4.991452e-01,8.325215e-02,-1.399535e-01,1.283948e-01,2.667781e-01
4.656817e+00,-7.269740e-01,1.979793e+00,4.308035e-01,4.560963e-01,-8.513395e-04,4.240599e-01,-1.715540e-01,-2.480330e-01,-9.649354e-02,-4.956263e-01
4.712513e+00,-1.006410e+00,1.826582e+00,4.449321e-01,5.260800e-01,-5.255319e-03,2.173952e-01,1.655484e-01,1.079592e-01,1.703830e-01,8.407983e-02
4.986765e+00,-8.707162e-01,1.680137e+00,1.994967e-01,-8.024987e-02,-1.869404e-01,1.041090e-02,-2.209440e-01,2.216167e-01,-9.791553e-02,-6.290556e-02
4.929669e+00,-5.102491e-01,1.645344e+00,3.427859e-01,4.596536e-01,-2.063808e-01,1.115931e-01,2.031591e-02,4.365613e-01,1.544792e-01,-9.003463e-02
4.921591e+00,-7.178606e-01,1.905437e+00,3.594423e-01,3.278870e-02,-3.630642e-01,2.944748e-01,-8.758940e-02,-2.108270e-01,-2.541585e-01,-1.165090e-02
4.219775e+00,-1.044975e+00,1.588691e+00,7.889765e-02,3.788659e-01,2.910725e-01,7.127703e-01,-7.911236e-02,4.781645e-01,4.305329e-01,1.271775e-01
5.174254e+00,-7.190730e-01,2.003540e+00,3.958074e-01,3.074501e-01,1.231098e-02,1.555390e-01,-1.692092e-01,-2.203945e-01,6.388510e-02,-3.166987e-03
4.280547e+00,-1.084267e+00,1.455585e+00,-1.242435e-01,-2.157505e-01,-3.728230e-01,1.710456e-01,1.375707e-01,1.079005e-01,9.075736e-02,-1.364956e-01
5.185700e+00,-6.846224e-01,1.635226e+00,3.866809e-01,1.540904e-01,-2.846853e-01,7.717145e-02,-6.056341e-02,1.548186e-01,1.329728e-01,-1.085067e-02
4.544092e+00,-7.035301e-01,1.972908e+00,4.396582e-01,7.993042e-02,-1.645141e-01,4.582664e-01,3.506554e-01,-5.330654e-02,-3.265701e-01,-2.043127e-01
4.912763e+00,-7.451431e-01,1.978070e+00,4.442376e-01,5.097593e-01,-1.510820e-01,1.359300e-01,-1.834526e-01,1.154542e-02,-2.071253e-01,-3.494634e-01
4.742997e+00,-7.809916e-01,1.722449e+00,-9.618701e-03,3.446583e-01,1.757592e-01,5.928728e-01,-1.051109e-01,2.455538e-01,3.289392e-01,2.923500e-01
4.890554e+00,-7.413052e-01,1.670868e+00,2.513259e-02,-8.778995e-02,-1.613057e-01,2.276705e-02,4.557597e-02,-9.268042e-02,-1.141973e-01,6.072640e-02
5.037144e+00,-7.011701e-01,1.738988e+00,3.853997e-01,3.833020e-01,-1.964553e-01,3.116065e-01,1.951838e-02,1.325626e-01,2.038754e-01,-8.431593e-02
4.745020e+00,-7.644925e-01,1.766966e+00,4.055822e-01,1.855121e-01,-3.628224e-01,5.202228e-04,-4.525944e-02,-1.377742e-01,-2.886310e-01,-2.931676e-01
4.182067e+00,-1.234728e+00,1.571650e+00,3.898515e-01,4.179114e-01,-2.692458e-01,3.297012e-01,3.169779e-01,4.480295e-01,3.924011e-01,1.023594e-01
5.104824e+00,-3.972949e-01,1.828711e+00,2.367897e-01,5.144942e-01,-2.059415e-01,1.837374e-01,-8.547768e-02,3.457246e-02,-5.495729e-02,-7.655654e-02
4.387910e+00,-8.821346e-01,1.782044e+00,-2.834689e-01,-4.092898e-02,-1.378095e-01,2.964865e-01,2.993465e-02,1.429462e-02,2.264528e-01,2.394287e-01
5.214769e+00,-7.802971e-01,1.776119e+00,1.939903e-01,1.679392e-01,-3.300131e-01,3.174582e-01,-1.088309e-01,1.144875e-02,1.638443e-01,1.349269e-01
4.677905e+00,-7.620413e-01,1.796168e+00,3.230430e-01,5.867502e-01,-4.642498e-02,1.963631e-01,-7.175325e-03,-1.588038e-01,-4.141248e-02,-2.358869e-01
4.969554e+00,-7.887990e-01,1.857122e+00,6.070058e-01,3.146712e-01,-1.211082e-01,-6.927110e-02,6.818436e-02,-9.004724e-02,-1.159801e-01,-2.482455e-01
4.590633e+00,-1.087071e+00,1.476471e+00,2.894433e-01,2.136916e-01,-8.957031e-03,4.751429e-01,3.672745e-01,4.333843e-01,2.762992e-01,2.310725e-02
4.702243e+00,-8.837069e-01,1.660652e+00,1.477988e-02,-6.668103e-02,-1.321901e-01,4.388538e-02,-4.743438e-02,-9.592212e-02,4.054442e-03,-7.376292e-02
5.189916e+00,-3.818637e-01,1.826905e+00,4.888914e-02,3.579483e-01,6.093139e-02,4.328995e-01,-9.412692e-02,5.315604e-02,-1.249957e-01,2.085805e-01
4.903203e+00,-9.383703e-01,1.509349e+00,3.714514e-01,5.022520e-02,-2.884016e-01,1.275652e-01,-3.138849e-01,-4.101660e-01,7.669850e-02,-1.093969e-01
4.475062e+00,-9.632430e-01,1.640413e+00,2.246921e-01,3.352581e-01,-2.510872e-01,1.065538e-01,1.653002e-01,4.723995e-01,3.232241e-01,-1.386854e-01
5.269171e+00,-8.126024e-01,1.682912e+00,7.106319e-01,1.607866e-01,-1.449947e-01,3.844999e-01,-3.312737e-02,6.937685e-02,-1.228874e-01,-2.169322e-01
4.477324e+00,-1.034948e+00,1.712477e+00,2.573884e-01,1.010381e-01,-2.112200e-01,1.037506e-01,1.674887e-01,4.545924e-01,1.366476e-02,-3.817326e-02
4.825309e+00,-6.546207e-01,1.738543e+00,2.349483e-01,1.402848e-01,-2.132596e-01,1.774180e-01,-1.140116e-02,2.397063e-01,-1.028187e-02,-1.782124e-02
5.032126e+00,-9.067831e-01,1.866594e+00,1.992038e-01,3.254851e-01,-7.758795e-02,3.550572e-01,-2.283187e-01,-1.783729e-01,2.354984e-02,1.333242e-01
5.139296e+00,-4.381360e-01,1.844322e+00,2.771071e-01,2.806516e-01,-2.311989e-02,3.871448e-02,-2.393385e-02,-7.168520e-02,-1.412434e-01,-1.130933e-01
4.618795e+00,-1.360485e+00,1.388249e+00,1.172244e-01,4.430716e-01,-8.446054e-02,6.663947e-01,4.957628e-01,4.622553e-01,3.536566e-01,2.857509e-01
4.522676e+00,-1.006270e+00,1.435425e+00,1.418193e-01,1.263039e-01,-3.816436e-01,-3.865368e-02,4.777071e-03,1.201435e-01,-2.171783e-01,-2.456775e-01
5.053134e+00,-6.401120e-01,1.993480e+00,2.844497e-01,3.533160e-01,-2.149895e-02,2.214481e-01,2.027252e-01,1.840213e-01,-3.388285e-01,-2.500209e-01
4.824772e+00,-1.075291e+00,1.347479e+00,2.137081e-01,1.268932e-01,-6.426733e-01,8.212633e-02,-1.911037e-01,-1.742610e-01,1.673558e-01,-2.037933e-01
4.675953e+00,-8.521450e-01,1.791870e+00,2.260211e-02,1.878831e-01,-2.975465e-01,4.376092e-01,1.727685e-01,-2.162176e-02,1.875625e-01,7.531441e-02
5.263021e+00,-6.213561e-01,1.704170e+00,2.164068e-01,4.236810e-01,5.383692e-02,3.883432e-01,-5.429352e-02,-1.404604e-01,9.347347e-02,-2.121559e-01
4.471893e+00,-1.102260e+00,1.920848e+00,1.556050e-01,3.467073e-01,-1.341771e-01,3.020689e-01,2.080173e-01,2.424471e-01,5.969639e-02,-3.191451e-01
4.694007e+00,-8.390428e-01,1.881685e+00,2.273746e-01,3.065875e-01,-2.791994e-01,1.333120e-01,3.162233e-01,1.415841e-01,-2.648040e-01,-5.062755e-02
5.008248e+00,-8.763253e-01,1.534243e+00,4.438600e-01,2.131847e-01,-3.921856e-01,1.158884e-01,-9.586252e-02,1.361111e-01,1.574767e-01,-1.636712e-01
5.038433e+00,-5.224630e-01,1.934659e+00,4.623694e-01,1.510934e-01,-3.059736e-01,1.332206e-01,2.891550e-01,-2.150767e-01,-8.981016e-02,-2.701820e-01
4.653575e+00,-9.846512e-01,1.562687e+00,-1.840184e-01,4.775630e-01,4.616043e-02,5.622818e-01,8.947999e-02,3.297858e-01,4.398787e-01,2.605324e-01
3.980823e+00,-1.295178e+00,1.297585e+00,-1.922248e-01,-1.431918e-01,-4.889846e-01,1.888584e-01,-3.222870e-01,-6.885940e-02,-1.418988e-01,-2.948207e-01
4.953275e+00,-7.513234e-01,1.957334e+00,3.997331e-01,5.049507e-01,-5.274202e-02,2.731470e-01,2.188777e-01,-3.525159e-02,-3.778784e-01,-1.195578e-01
4.744889e+00,-9.508355e-01,1.449390e+00,1.171644e-01,-3.369633e-02,-4.814883e-01,-7.017317e-02,-1.643613e-01,2.223265e-01,1.333120e-01,-2.235163e-01
4.929470e+00,-8.822200e-01,1.542352e+00,4.386321e-01,6.950941e-02,-2.721463e-01,2.758177e-01,2.088367e-01,1.672284e-01,-1.048269e-01,-2.200226e-01
5.237687e+00,-6.729631e-01,1.621329e+00,3.273983e-01,3.285887e-01,-1.114980e-01,2.537837e-01,-7.557733e-02,-3.479647e-03,-4.732133e-02,-7.832615e-02
4.553786e+00,-8.190663e-01,1.772388e+00,3.347972e-01,3.286042e-01,9.529757e-02,6.203195e-01,1.228138e-01,6.380257e-02,-8.475151e-02,-4.223947e-01
4.799419e+00,-8.187213e-01,1.818370e+00,2.227920e-01,2.648683e-01,7.596072e-02,3.596734e-01,-1.065706e-02,-3.487985e-03,-2.486480e-01,1.398991e-01
4.971740e+00,-8.057383e-01,1.640121e+00,2.322770e-01,-3.889180e-02,-3.849690e-01,-5.706654e-02,5.091627e-02,2.360549e-01,6.103011e-02,-1.129751e-01
5.258767e+00,-6.496695e-01,1.805279e+00,3.487996e-01,4.698327e-01,-3.425265e-01,1.486428e-01,1.625467e-02,2.785372e-02,-3.908800e-02,-3.105804e-01
4.869508e+00,-1.072360e+00,1.419494e+00,2.625804e-01,3.773965e-01,-1.840610e-01,1.323518e-01,3.070097e-01,3.189938e-01,8.333912e-02,1.720103e-01
4.138503e+00,-1.219721e+00,1.637481e+00,4.727335e-01,3.014079e-01,-6.939463e-02,3.143256e-01,8.474963e-02,-1.149217e-01,-2.705682e-01,-6.715815e-01
4.937455e+00,-5.892054e-01,1.955659e+00,2.193254e-01,5.531140e-01,1.228908e-01,4.148388e-01,-7.103574e-02,-4.429001e-02,-2.151042e-01,-1.612335e-01
4.788293e+00,-7.605205e-01,1.788917e+00,-1.036298e-01,-2.078218e-01,-5.297640e-01,1.432330e-01,1.550965e-02,9.596642e-02,6.326924e-02,1.881784e-01
5.103157e+00,-8.281088e-01,1.501788e+00,4.091165e-01,2.621427e-01,-2.076335e-01,3.229619e-01,-6.069200e-02,2.728903e-02,7.520709e-02,-1.093014e-01
5.144245e+00,-8.166776e-01,1.784468e+00,3.142342e-01,3.384626e-01,-3.149491e-01,1.373847e-01,2.649551e-02,-9.325715e-03,1.080664e-03,-1.821376e-01
4.438980e+00,-1.260701e+00,1.708396e+00,7.721479e-01,3.557582e-01,2.404615e-01,3.979140e-01,3.526754e-01,9.274593e-02,-1.757919e-01,-4.369190e-01
4.751477e+00,-6.827402e-01,1.650083e+00,1.819965e-01,6.283216e-01,1.115252e-01,1.457526e-01,1.345194e-01,1.358741e-01,-2.510885e-01,-3.364814e-01
4.790854e+00,-7.114076e-01,1.803614e+00,-7.223323e-02,-2.614690e-01,-5.057198e-01,8.117252e-02,1.180893e-01,-2.052762e-03,1.873319e-01,-5.795669e-02
5.301454e+00,-6.348392e-01,1.724733e+00,2.917759e-01,4.639388e-01,-2.302742e-01,3.982733e-01,-1.911858e-01,-1.645900e-01,7.944024e-02,-1.932821e-01
4.922070e+00,-8.578428e-01,1.575665e+00,2.404383e-01,2.072559e-01,-1.902672e-01,2.507025e-01,1.271586e-01,8.313842e-02,1.718786e-01,2.942237e-02
4.557474e+00,-1.059036e+00,1.645429e+00,3.127536e-01,5.069836e-01,-2.505472e-01,1.385525e-01,-5.981265e-03,-2.607362e-02,-2.107905e-01,-3.717335e-01
4.960106e+00,-8.604777e-01,1.886744e+00,5.938374e-01,3.938016e-01,1.410990e-02,2.801915e-01,2.284670e-01,4.671202e-02,-2.572146e-01,-3.755715e-01
4.678770e+00,-7.724750e-01,1.831970e+00,2.740583e-02,-2.046632e-01,-4.919267e-01,-1.711919e-01,1.368329e-01,4.265494e-01,1.828442e-01,-1.011660e-01
5.105873e+00,-8.092677e-01,1.595596e+00,5.412956e-01,2.607611e-01,-7.966314e-02,2.264031e-01,-3.546614e-02,-1.576792e-01,5.445742e-02,-1.587532e-02
5.137977e+00,-4.748108e-01,1.891066e+00,1.494175e-01,2.047124e-01,-3.948174e-01,3.580224e-01,-1.991670e-01,-4.681567e-02,7.598661e-02,-1.339150e-01
4.724199e+00,-8.931443e-01,1.438325e+00,4.559159e-01,3.536863e-01,9.496333e-02,2.298287e-01,7.651949e-02,2.423078e-01,3.388063e-02,-1.295767e-01
4.907814e+00,-9.637875e-01,1.886194e+00,4.530383e-01,4.189868e-01,-1.505481e-01,5.785745e-01,1.346727e-01,1.448174e-01,-3.724128e-01,-4.490452e-01
4.773185e+00,-9.092836e-01,1.428888e+00,-8.761475e-02,-1.433867e-01,-5.471856e-01,-1.724209e-01,2.841471e-02,2.420484e-01,-4.310638e-03,-1.207332e-01
5.165000e+00,-8.906242e-01,1.720238e+00,5.424034e-01,4.625436e-01,-1.818153e-01,2.383965e-01,-3.375273e-02,-1.219495e-01,-7.037216e-02,-2.081431e-01
4.876376e+00,-4.860336e-01,1.717222e+00,2.097469e-01,1.290778e-01,-2.461391e-01,2.852509e-01,1.745949e-01,-2.792559e-02,-1.706892e-02,-2.036503e-01
4.841920e+00,-8.408096e-01,1.846679e+00,-9.189913e-02,3.056263e-01,1.765400e-03,3.098930e-01,-2.366108e-01,-2.016977e-01,1.069025e-01,-3.522278e-02
4.804212e+00,-6.589416e-01,1.968642e+00,5.286112e-01,1.218020e-01,-7.874181e-02,4.638619e-01,3.116106e-01,1.706328e-01,-3.778075e-01,-3.789124e-01
4.775708e+00,-1.093991e+00,1.819769e+00,1.001857e-01,-2.269881e-02,-6.551188e-01,9.607479e-03,6.946295e-02,4.016320e-01,2.129801e-01,8.674467e-02
5.128839e+00,-9.665479e-01,1.796777e+00,5.408760e-01,4.849293e-01,2.034247e-02,4.597730e-02,3.689065e-02,-1.559632e-01,-5.127715e-02,-3.026106e-01
5.037205e+00,-7.050788e-01,1.983702e+00,4.564565e-01,5.843740e-02,-5.222138e-01,1.631861e-01,3.956477e-02,2.259774e-02,-4.978979e-02,-4.809286e-01
4.869499e+00,-9.361442e-01,1.537829e+00,2.985958e-01,1.704496e-01,-1.253948e-01,3.144579e-01,2.054363e-01,-1.170362e-01,3.698724e-01,1.192204e-01
4.748961e+00,-3.470150e-01,1.967648e+00,9.377566e-02,3.397273e-01,7.686612e-02,5.235074e-01,2.229222e-01,4.822364e-02,-2.656975e-01,-3.205630e-01
4.829811e+00,-1.144879e+00,1.544745e+00,-7.410139e-02,-1.888174e-01,-4.979368e-01,7.100499e-02,-2.193542e-01,1.121144e-01,1.324368e-02,1.020993e-01
4.797511e+00,-7.574934e-01,1.789554e+00,5.229686e-01,5.759980e-01,5.535336e-02,6.967858e-02,-5.968135e-02,4.490363e-02,-2.265835e-01,-3.862395e-01
4.872230e+00,-7.415491e-01,1.794819e+00,5.622295e-01,2.128593e-01,-4.182663e-01,3.008539e-01,-5.709677e-04,9.042462e-03,-4.316515e-02,-4.228271e-01
5.170759e+00,-9.734909e-01,1.627813e+00,3.253381e-01,1.906859e-01,-1.779074e-01,9.041819e-02,1.689969e-01,-9.823724e-02,-8.508365e-02,-7.345919e-03
4.731239e+00,-5.924782e-01,1.811546e+00,2.989574e-01,2.739307e-01,8.237630e-02,2.866588e-01,1.809391e-01,2.125921e-01,-6.805099e-02,-3.525648e-01
4.818233e+00,-8.901394e-01,1.663257e+00,-1.576902e-01,-6.906459e-02,-2.512553e-01,2.321046e-01,-1.154893e-01,1.750697e-01,2.351265e-01,3.138589e-01
4.966024e+00,-7.233339e-01,1.882834e+00,5.809216e-01,4.788379e-01,1.052884e-01,2.336571e-01,-8.064647e-02,-2.032758e-01,-3.874268e-01,-1.773752e-01
4.807785e+00,-8.359580e-01,1.784966e+00,3.676967e-01,2.779867e-01,-3.468875e-01,7.632757e-02,-1.025484e-01,-2.685117e-02,-2.689309e-01,-3.116595e-01
4.837867e+00,-9.862163e-01,1.514371e+00,3.322242e-01,1.165685e-01,-4.110407e-01,3.510144e-01,1.165667e-01,2.142734e-01,3.009270e-01,-7.692143e-02
4.847744e+00,-8.313681e-01,1.844175e+00,5.502058e-01,3.827719e-01,9.619232e-02,1.296227e-01,2.711818e-01,2.148529e-01,-2.213102e-02,-4.450342e-01
5.020758e+00,-8.777542e-01,1.522615e+00,-3.510792e-03,5.546464e-02,-3.733487e-01,8.930214e-02,-2.868189e-01,2.999431e-02,3.205869e-01,-2.878628e-01
4.697395e+00,-6.333596e-01,1.959392e+00,3.805985e-01,3.676085e-01,-2.546821e-02,3.603416e-01,-1.244912e-01,-2.401321e-01,-2.396424e-02,2.997738e-02
4.842028e+00,-7.787241e-01,1.995669e+00,4.115653e-01,3.482398e-01,-2.700890e-01,2.528762e-01,-1.424981e-01,-8.625613e-02,-1.528244e-01,-3.535238e-01
5.131987e+00,-7.411532e-01,1.796180e+00,1.920707e-01,9.392215e-02,-2.407671e-01,2.804411e-01,-1.354646e-02,1.164026e-01,-3.473487e-02,-9.587559e-02
4.745207e+00,-1.096068e+00,1.901765e+00,2.605220e-01,6.273019e-01,-2.844551e-01,1.941134e-01,3.037467e-01,2.760056e-01,-5.469956e-02,-2.855156e-01
4.674803e+00,-1.188849e+00,1.498415e+00,1.143878e-01,-1.492804e-02,-2.345862e-01,1.491860e-01,7.429607e-02,1.680870e-01,3.089262e-01,-6.066112e-02
5.014317e+00,-6.870913e-01,1.953765e+00,4.917190e-01,4.646869e-01,1.331207e-03,2.133324e-01,-1.285331e-01,-2.611308e-01,-1.109435e-01,-2.243581e-01
4.406788e+00,-7.894138e-01,1.698863e+00,1.550145e-02,1.202487e-01,-1.384020e-01,2.221349e-01,-2.576790e-01,-3.184393e-01,-1.873947e-01,-2.510257e-02
4.944610e+00,-5.453320e-01,1.496637e+00,2.043640e-02,3.805639e-02,-5.150846e-01,5.693194e-01,-6.820106e-03,2.729310e-01,2.211031e-01,-5.594535e-02
4.940176e+00,-9.204784e-01,1.935717e+00,4.688953e-01,6.145017e-01,-1.417780e-01,1.526911e-01,1.470294e-01,3.814131e-01,-8.436207e-02,-2.370407e-01
4.807340e+00,-1.014274e+00,1.828062e+00,2.088879e-01,1.787592e-01,-4.102433e-01,1.184351e-01,-7.157784e-02,9.568367e-02,-1.078312e-01,-1.977897e-01
4.913093e+00,-9.606835e-01,1.805583e+00,5.008703e-01,3.246892e-01,-1.678869e-02,4.949674e-02,1.660722e-02,-5.156912e-03,2.054264e-01,-1.875563e-01
4.882843e+00,-7.416631e-01,1.932138e+00,3.120312e-01,2.343129e-01,-1.761472e-01,8.397940e-02,-8.223747e-02,-1.494743e-01,-6.190516e-02,-3.064285e-01
5.256237e+00,-3.385328e-01,1.956087e+00,9.867944e-02,-2.521402e-01,-1.630305e-01,5.802195e-01,-2.747037e-03,-2.210111e-01,1.407946e-01,8.209993e-02
4.598740e+00,-9.090140e-01,1.833739e+00,2.083228e-01,4.179060e-01,-1.524179e-01,2.673100e-01,-9.190170e-02,3.862805e-01,1.365688e-01,-1.215677e-01
4.480968e+00,-1.282807e+00,1.505080e+00,2.148985e-01,1.692705e-03,-2.476513e-01,2.808047e-01,1.762076e-01,2.796328e-01,-1.766994e-01,1.629456e-01
5.287696e+00,-8.118761e-01,1.981359e+00,4.419998e-01,5.968715e-01,-1.988310e-01,1.004725e-01,-1.656445e-01,-1.918194e-02,-4.150458e-03,-2.498911e-01
4.313772e+00,-1.277842e+00,1.239734e+00,-3.167097e-01,-3.303778e-02,-4.530069e-01,-3.097862e-01,-1.022368e-01,9.071485e-02,-2.842480e-01,-2.024125e-01
4.987604e+00,-8.856503e-01,1.777626e+00,8.618412e-02,-2.400944e-01,-3.117728e-01,4.084339e-01,9.576260e-02,4.929574e-02,1.472430e-01,1.356554e-01
4.845118e+00,-3.952405e-01,1.862075e+00,3.316615e-01,2.550645e-01,2.265882e-01,3.179388e-01,-1.532877e-01,5.973739e-02,3.122524e-01,-1.201808e-01
4.638700e+00,-7.370553e-01,1.965131e+00,2.697549e-01,8.574396e-02,-8.449252e-02,3.670355e-01,-2.909288e-02,-2.594510e-01,-2.021234e-01,-1.120425e-01
4.913518e+00,-9.993007e-01,1.627801e+00,5.253720e-01,1.459791e-01,-9.111356e-03,2.426801e-01,-1.081024e-01,2.690237e-01,2.123720e-01,2.092049e-02
4.906392e+00,-8.573960e-01,1.947001e+00,1.750951e-01,2.019150e-01,-4.226860e-01,9.031064e-02,-3.411407e-02,6.316408e-02,-2.381215e-01,-3.194953e-01
5.222398e+00,-6.595720e-01,1.808974e+00,4.690839e-01,4.991735e-02,-4.057009e-01,2.495736e-01,1.744125e-01,-1.491998e-02,1.776006e-01,-8.159681e-02
4.578962e+00,-8.218329e-01,1.651638e+00,4.528676e-01,2.787361e-01,-2.534737e-01,-2.101367e-02,1.611163e-01,1.899578e-01,1.702770e-01,-3.943493e-02
4.041601e+00,-1.064410e+00,1.659913e+00,-1.064270e-01,1.419740e-01,2.341532e-01,4.318449e-01,-3.305272e-02,-1.295643e-01,2.174111e-01,1.821318e-01
5.037596e+00,-4.671008e-01,2.079613e+00,3.351305e-01,3.663745e-01,-1.347605e-01,1.661525e-01,-2.737608e-01,6.701221e-02,1.166345e-01,-1.433819e-01
4.573617e+00,-1.251438e+00,1.639960e+00,-8.308360e-03,-1.157685e-01,-4.510259e-01,3.098591e-02,2.747945e-02,6.889787e-02,-1.403939e-01,-8.651060e-02
4.938567e+00,-7.763519e-01,1.720651e+00,-6.344886e-03,1.325976e-01,-3.286150e-01,7.089743e-02,7.078514e-02,1.739984e-01,1.059299e-01,-2.260206e-02
4.940562e+00,-8.194877e-01,1.721443e+00,7.357921e-01,3.839959e-01,-2.594940e-01,3.687225e-01,3.775203e-02,4.853381e-02,1.578784e-01,-3.871063e-01
4.702571e+00,-8.593307e-01,1.847038e+00,4.603883e-01,5.642790e-01,2.540794e-01,1.434576e-01,-6.059316e-02,-1.780843e-01,-3.297735e-01,-2.452669e-01
4.640279e+00,-7.127262e-01,1.694081e+00,9.990445e-02,9.480176e-02,8.321110e-02,5.221198e-01,-2.358369e-02,1.251905e-01,4.749699e-01,3.769378e-01
4.838802e+00,-7.243163e-01,1.625105e+00,2.143490e-01,2.887587e-03,-3.356093e-01,1.399295e-01,-1.588341e-01,-1.345412e-01,-6.552400e-02,-1.778702e-01
5.076415e+00,-4.971835e-01,1.932815e+00,2.956918e-01,1.003626e-01,-1.930073e-01,2.500933e-01,-2.131755e-01,3.580215e-01,1.313967e-01,-8.184131e-02
4.615736e+00,-9.659928e-01,1.840433e+00,5.186398e-01,1.803546e-01,-4.511740e-01,1.700075e-01,-1.082981e-01,1.868147e-01,2.488544e-01,-2.820787e-01
4.293031e+00,-1.604210e+00,1.587261e+00,2.434432e-01,6.925012e-01,7.066492e-03,4.298366e-01,3.446276e-02,2.678114e-02,-4.095324e-02,-5.430051e-02
4.954973e+00,-3.507511e-01,2.060970e+00,4.799370e-01,1.424354e-01,-1.034841e-01,9.520876e-02,-7.188799e-02,5.448823e-02,1.542423e-01,-1.362485e-01
4.633898e+00,-7.439439e-01,1.488299e+00,-6.427320e-02,1.245010e-02,-1.677978e-01,1.323832e-01,-1.973937e-01,6.086658e-02,1.904457e-01,8.317894e-02
4.750036e+00,-5.614866e-01,1.970104e+00,4.608584e-02,-8.449824e-02,-1.265166e-01,1.129836e-01,-5.123355e-02,-5.755421e-02,2.068134e-01,8.294219e-02
4.825837e+00,-6.566680e-01,1.766161e+00,4.929941e-01,4.229438e-01,-5.060602e-02,2.028971e-01,-4.686208e-02,7.338149e-03,1.031830e-01,-2.972952e-01
4.732892e+00,-1.172266e+00,1.964834e+00,6.831111e-01,6.299231e-01,-9.458378e-03,3.433910e-01,-1.564552e-01,-1.875881e-01,-1.539753e-01,-2.796308e-01
4.506440e+00,-1.176262e+00,1.905226e+00,1.572450e-01,2.168682e-01,-1.575153e-01,4.778528e-01,4.703296e-01,4.522944e-01,5.148483e-01,7.723853e-02
4.874788e+00,-8.187547e-01,1.399984e+00,5.831513e-02,9.470520e-02,-2.778759e-01,-4.797198e-03,-3.637467e-01,-1.294060e-01,1.530895e-01,-2.820604e-01
4.914666e+00,-2.192539e-01,2.095714e+00,2.111884e-01,5.913777e-03,-1.573998e-01,4.049070e-01,7.538069e-03,-1.015349e-01,1.757866e-01,1.598927e-01
4.610665e+00,-6.203304e-01,1.750545e+00,1.847147e-01,2.941245e-01,-1.893101e-01,1.735421e-01,-2.690059e-01,-8.577200e-02,8.978642e-02,3.436526e-02
4.420130e+00,-1.299266e+00,1.533095e+00,3.055908e-01,5.218350e-01,1.779852e-02,3.860725e-01,-5.795271e-02,8.867783e-02,7.757671e-02,3.099572e-02
4.912697e+00,-5.472708e-01,2.186347e+00,4.176202e-01,1.750583e-01,-1.053645e-01,1.645108e-01,2.196509e-01,1.217290e-01,-2.051828e-01,-2.598896e-01
4.819270e+00,-1.142017e+00,1.535462e+00,1.307549e-01,2.579873e-01,-2.735979e-01,7.567811e-02,-1.163515e-01,2.093280e-01,3.520759e-01,-1.028912e-01
4.790607e+00,-5.044662e-01,2.215492e+00,3.277803e-01,-1.597930e-01,-1.984413e-01,-3.266115e-02,1.296396e-01,-1.840719e-02,-2.479702e-02,2.342754e-02
4.612513e+00,-6.549694e-01,1.876850e+00,3.915598e-01,1.787018e-01,1.552900e-01,3.104115e-01,-2.848909e-01,-1.832782e-01,6.272242e-02,3.241780e-01
4.939692e+00,-6.118496e-01,1.761891e+00,5.263788e-01,3.384498e-01,3.449189e-02,1.679256e-01,-2.835010e-01,-9.986691e-02,1.325796e-01,-8.608937e-02
4.309041e+00,-7.749512e-01,1.950112e+00,3.253189e-01,1.277343e-01,3.592675e-02,6.563667e-01,6.941623e-01,3.662546e-01,1.502904e-01,-1.598166e-01
4.940147e+00,-1.242627e+00,1.387615e+00,5.974541e-02,5.913853e-02,-3.729952e-01,-2.011325e-01,-3.024882e-01,-5.264797e-02,-1.517209e-01,-7.761922e-02
4.874664e+00,-4.903584e-01,2.373637e+00,4.537651e-01,5.929752e-02,-3.706565e-01,4.038646e-01,7.122596e-03,2.815879e-01,4.986651e-02,-3.975295e-01
4.804733e+00,-9.449225e-01,1.781414e+00,3.489932e-01,1.979739e-01,-1.279054e-01,6.834793e-02,-2.565142e-01,-1.719941e-01,5.738086e-02,8.847718e-02
4.734406e+00,-8.483880e-01,1.451986e+00,3.320925e-01,2.090454e-01,1.780395e-01,4.773931e-01,-2.323386e-01,9.085882e-02,3.904100e-01,2.808057e-02
4.828326e+00,-3.248645e-01,2.071839e+00,2.776063e-01,1.843111e-02,1.632410e-01,3.223300e-01,-2.328387e-03,-5.550907e-03,-1.104503e-01,-2.027814e-01
4.637924e+00,-1.154360e+00,1.553086e+00,2.324700e-01,1.844763e-01,-1.652621e-01,2.161363e-01,2.843724e-02,1.041308e-01,3.063073e-01,-8.139834e-03
4.886860e+00,-4.905091e-01,2.236462e+00,5.878891e-01,5.967208e-02,-1.882785e-01,-7.634124e-02,-1.437974e-01,1.249286e-01,-9.712027e-02,-8.356037e-02
4.648815e+00,-9.199249e-01,1.789346e+00,1.281893e-01,5.621478e-01,-1.945146e-01,2.408191e-01,-1.244064e-01,-6.616370e-02,-4.397888e-02,2.383858e-01
4.964486e+00,-6.287614e-01,1.854891e+00,4.532790e-01,2.633776e-01,-2.838969e-01,2.138188e-01,-1.746265e-01,-4.228268e-02,2.124675e-01,-6.261410e-02
4.494296e+00,-6.012637e-01,1.877604e+00,2.045942e-01,1.097167e-01,1.221430e-01,5.129837e-01,2.139924e-01,1.869460e-01,3.739900e-01,8.266276e-02
4.693931e+00,-1.024454e+00,1.691278e+00,-2.180482e-02,7.093222e-02,-2.805418e-01,-9.005206e-02,-2.786188e-01,-2.982832e-01,3.806372e-03,-2.653333e-02
4.613692e+00,-5.450118e-01,2.099594e+00,6.891054e-01,4.648603e-01,-2.260393e-01,2.198571e-01,-1.665301e-01,1.210837e-01,2.158591e-01,-3.101668e-01
4.876940e+00,-8.509453e-01,1.805450e+00,1.508363e-01,2.378450e-01,-2.483651e-02,-1.479504e-01,-2.330532e-01,-1.041433e-01,1.540065e-01,-2.499454e-02
4.779975e+00,-8.198905e-01,1.688245e+00,2.478065e-01,4.703349e-01,-3.082869e-01,3.971844e-01,4.907896e-02,2.623833e-01,1.736402e-01,-1.951712e-02
5.136844e+00,-6.464303e-01,2.026195e+00,2.779854e-01,1.657722e-01,-1.564344e-01,3.750990e-01,-4.277870e-03,-2.894390e-01,-5.717955e-02,5.972997e-02
4.359951e+00,-8.276239e-01,1.581285e+00,5.209399e-03,2.276262e-01,6.933379e-02,3.171639e-01,1.042714e-01,9.190275e-02,2.828688e-01,1.358854e-01
4.842842e+00,-6.565558e-01,2.248294e+00,7.437026e-01,2.901324e-01,-8.513279e-02,4.254713e-02,-4.307077e-01,-1.562009e-01,6.611532e-02,-1.122826e-01
4.463707e+00,-9.583405e-01,1.683872e+00,3.800628e-02,2.020082e-01,3.679266e-02,1.200490e-01,-9.218416e-02,-1.038032e-01,1.836018e-01,7.159948e-02
5.067483e+00,-7.179032e-01,1.871104e+00,3.634764e-01,2.345885e-01,-3.598831e-01,9.895717e-02,-7.874969e-02,1.082781e-01,1.180090e-01,2.230698e-02
4.756115e+00,-8.734344e-01,1.798117e+00,4.357451e-01,2.086681e-01,-8.881509e-02,6.269538e-01,7.957724e-02,1.407282e-01,1.582325e-01,1.127788e-01
4.820127e+00,-5.939738e-01,1.927919e+00,-4.525278e-02,2.817989e-01,-2.223178e-01,2.969332e-02,-3.250382e-01,3.273446e-02,-3.085518e-01,-1.201764e-01
4.573762e+00,-6.993493e-01,2.083816e+00,6.166631e-01,3.849808e-01,5.875658e-02,1.054952e-01,-2.254112e-01,1.427421e-01,3.612738e-01,2.311810e-02
4.948652e+00,-7.106242e-01,1.685676e+00,2.784763e-01,7.155258e-03,-1.484890e-01,1.019582e-01,-3.030791e-01,-4.021337e-02,-5.532615e-02,1.513805e-01
4.771423e+00,-7.193522e-01,1.816051e+00,3.950642e-01,1.991286e-01,-1.341439e-01,2.394373e-01,-3.792522e-02,2.815726e-01,4.274552e-01,-1.407989e-02
5.208237e+00,-7.816916e-01,1.839757e+00,4.687520e-01,9.609435e-02,-1.611015e-01,2.981982e-01,-2.046124e-01,-1.653338e-01,4.426564e-02,-2.766155e-01
4.235519e+00,-1.084033e+00,1.700083e+00,1.738691e-01,1.499289e-01,3.000167e-03,6.052199e-01,2.777612e-01,2.198938e-01,1.048120e-01,1.423519e-01
5.147105e+00,-5.463193e-01,1.965868e+00,4.681215e-01,4.832827e-01,-9.551190e-02,8.728997e-02,-4.731499e-01,-5.199637e-02,1.639803e-01,-7.650924e-02
4.420336e+00,-9.784325e-01,1.464544e+00,9.737400e-03,-1.102263e-01,-1.283369e-01,2.065471e-01,2.137284e-02,-8.083886e-02,-1.797883e-02,2.095312e-01
5.032665e+00,-7.009752e-01,1.862636e+00,2.286754e-01,1.717927e-01,-2.332228e-01,-3.448064e-02,-6.457083e-02,1.380114e-01,2.290008e-01,5.329979e-02
4.751463e+00,-6.533528e-01,1.719936e+00,2.909072e-01,4.006630e-01,6.465369e-02,3.970953e-01,7.010929e-02,3.964517e-02,1.574343e-01,-1.916377e-01
4.701801e+00,-7.098638e-01,2.111268e+00,3.453186e-01,2.781293e-01,-2.262080e-01,3.190342e-01,-5.761382e-02,-3.033056e-01,-3.120869e-01,-2.476653e-01
4.631053e+00,-7.849069e-01,1.840874e+00,3.411407e-01,3.479597e-01,2.108266e-01,1.390405e-02,1.618959e-02,2.772729e-01,3.726709e-01,1.330471e-01
4.817055e+00,-6.009023e-01,1.775979e+00,1.313753e-01,-1.263200e-01,-2.938707e-01,4.598414e-01,-3.022312e-01,-1.823185e-01,-8.117640e-03,4.653482e-03
4.879375e+00,-6.135581e-01,1.865465e+00,2.766426e-01,3.306850e-01,-9.893582e-02,1.975756e-02,9.417695e-02,2.644187e-01,3.267156e-01,1.118753e-01
4.896207e+00,-6.362720e-01,1.706212e+00,5.661209e-01,1.265536e-01,-3.356682e-01,2.997962e-01,-1.208063e-01,-3.136855e-01,1.111493e-02,-2.085021e-01
3.946525e+00,-1.425663e+00,1.518712e+00,1.672043e-01,3.945494e-01,7.056247e-02,6.215506e-01,5.555034e-01,2.950671e-01,4.132057e-01,1.659440e-01
5.062322e+00,-6.561588e-01,1.983834e+00,4.741984e-01,3.312841e-01,-1.633923e-01,1.274795e-01,-2.471269e-01,-9.300367e-02,1.797397e-01,-7.078732e-02
4.267431e+00,-1.052037e+00,1.364672e+00,-2.673761e-01,-3.547334e-01,-1.772626e-01,2.647052e-01,-1.711139e-01,3.632274e-02,5.765914e-02,1.582773e-01
4.839934e+00,-4.771626e-01,1.886009e+00,-1.927210e-02,2.072161e-01,-2.608190e-01,1.013990e-01,-1.776862e-01,1.394087e-01,3.474386e-01,1.519380e-01
4.691779e+00,-8.119821e-01,1.985695e+00,4.136301e-01,2.902489e-01,9.281927e-04,4.924972e-01,7.984762e-02,-1.092453e-01,-2.199376e-01,-2.453202e-02
4.791275e+00,-6.762356e-01,1.914218e+00,6.121390e-01,3.623120e-01,1.443140e-01,2.086922e-01,-5.522089e-02,-1.132296e-01,-2.113656e-01,-6.151105e-01
4.656247e+00,-1.093448e+00,1.696008e+00,3.308325e-01,2.815763e-01,-1.186258e-02,2.369182e-01,2.954663e-01,2.985468e-01,3.631364e-01,1.672602e-01
4.884033e+00,-6.717917e-01,1.583041e+00,2.263796e-02,1.075295e-01,-1.560014e-01,5.456346e-02,-7.495669e-02,-1.689318e-01,-1.022853e-02,-1.742074e-01
5.132546e+00,-5.632051e-01,1.834050e+00,2.497271e-01,2.013910e-01,6.128890e-03,3.663093e-01,-2.285332e-01,2.234507e-01,2.464935e-01,1.386040e-01
4.743016e+00,-7.452300e-01,1.823311e+00,3.985560e-01,2.472932e-01,-4.028537e-01,3.895597e-01,-2.982678e-01,-3.594265e-01,-1.152901e-01,-6.694764e-02
4.249747e+00,-9.828073e-01,1.573990e+00,3.014358e-01,2.852453e-01,-3.809251e-02,5.703049e-01,3.063970e-02,3.100147e-01,3.036547e-01,-4.290978e-02
5.206757e+00,-5.778523e-01,1.853804e+00,4.982144e-01,2.621835e-01,-1.913613e-01,9.513972e-02,-9.025775e-02,4.383555e-02,8.000800e-02,-1.679052e-01
4.535385e+00,-1.283131e+00,1.543740e+00,2.141228e-02,-9.976402e-04,-1.621377e-01,1.009527e-01,-3.641910e-03,2.246774e-01,1.534834e-01,-9.536553e-02
4.851895e+00,-6.198512e-01,1.781829e+00,1.346392e-01,1.619167e-01,-2.733743e-01,6.423961e-02,-6.526032e-02,2.456322e-01,1.916294e-01,1.672616e-02
4.756880e+00,-7.390920e-01,1.778624e+00,4.737659e-01,3.954056e-01,1.424681e-01,2.495664e-01,-5.525751e-02,-2.589729e-01,-1.196013e-01,6.693653e-02
4.820674e+00,-2.919554e-01,1.949483e+00,4.690206e-01,2.709643e-01,-2.117690e-01,3.679534e-01,-1.135001e-01,-1.781654e-01,-4.499352e-02,-2.672690e-01
4.702799e+00,-1.139965e+00,1.705104e+00,-6.924706e-02,3.002645e-01,6.022168e-02,3.920050e-01,2.964533e-01,4.889048e-01,4.080130e-01,2.695056e-01
4.666060e+00,-1.016873e+00,1.623862e+00,1.305639e-01,7.902728e-02,-1.496120e-01,2.783595e-02,-1.202887e-01,-1.034099e-01,-1.233603e-01,-4.194644e-02
5.212085e+00,-7.812554e-01,1.943618e+00,3.498164e-01,2.510207e-01,-1.660614e-01,4.113645e-01,7.946317e-02,2.479858e-02,3.325175e-02,-6.698331e-02
4.555724e+00,-8.954732e-01,1.587765e+00,2.669553e-01,2.408692e-01,-2.470615e-01,-2.542201e-02,-2.262946e-01,-2.882597e-01,1.382105e-01,-1.951300e-01
4.300149e+00,-6.306673e-01,1.587066e+00,3.090628e-01,1.132372e-02,-7.079734e-02,3.656096e-01,2.009014e-01,1.056623e-01,1.570435e-01,5.569445e-02
5.216053e+00,-4.338020e-01,1.799376e+00,2.711817e-01,1.990896e-01,-2.935231e-02,4.355773e-01,-2.263939e-01,-9.546359e-02,1.333480e-01,-6.298265e-02
4.453891e+00,-1.032754e+00,1.498947e+00,1.646892e-01,2.368338e-01,-8.988240e-02,1.251781e-01,6.194038e-02,2.701005e-01,4.010601e-02,9.583097e-02
4.842581e+00,-7.763662e-01,1.826333e+00,3.632419e-01,-3.610069e-02,-2.901084e-01,2.040270e-01,1.213666e-01,1.152017e-01,6.057853e-02,-6.834500e-02
4.947443e+00,-9.525056e-01,1.748896e+00,3.244269e-01,3.829712e-01,1.015519e-01,-1.321853e-01,-1.612831e-02,5.502576e-02,4.254421e-02,-1.676151e-01
4.828790e+00,-3.676363e-01,2.077462e+00,3.957016e-01,2.178879e-01,-3.066038e-01,2.806538e-01,1.310697e-01,-1.775043e-01,-8.427775e-02,-4.133465e-01
4.601402e+00,-9.569118e-01,1.362296e+00,1.258782e-01,1.620256e-01,6.394563e-02,6.983163e-01,2.531837e-01,2.816449e-01,4.478811e-01,4.841113e-01
4.488122e+00,-8.015504e-01,1.525343e+00,-1.174367e-01,1.409490e-01,-4.054588e-02,1.018741e-01,-3.405190e-01,-1.540572e-01,-1.187067e-01,9.560169e-02
4.998607e+00,-4.739703e-01,2.116340e+00,2.074085e-01,1.772408e-01,-1.005610e-01,5.300620e-01,1.486868e-01,6.755206e-03,-2.995416e-01,-1.758449e-01
4.722741e+00,-1.067214e+00,1.361081e+00,2.879216e-01,1.323561e-01,-4.940030e-01,1.340400e-02,-1.925001e-01,2.984032e-02,3.063653e-02,-1.003349e-01
4.689506e+00,-8.158547e-01,1.828837e+00,2.481561e-01,3.529529e-02,-2.628606e-01,2.604366e-01,3.498363e-01,2.177264e-01,-5.721781e-02,-2.937019e-01
5.326819e+00,-7.513818e-01,1.661049e+00,4.205578e-01,3.942901e-01,-1.804587e-01,5.258179e-01,-1.038644e-01,-5.619519e-02,7.278255e-02,-3.516333e-01
4.542144e+00,-1.011702e+00,1.759359e+00,1.546358e-01,2.295782e-01,1.475674e-01,3.407620e-01,-5.563763e-02,1.522376e-01,1.456117e-01,-9.457836e-02
4.675708e+00,-1.720656e-01,1.845343e+00,-1.197050e-02,-4.156513e-02,8.258953e-02,4.236769e-01,-1.200704e-01,8.992927e-02,-1.781204e-01,-6.638284e-03
4.968543e+00,-9.238688e-01,1.655010e+00,3.839910e-01,1.734646e-01,-3.494696e-01,1.699421e-01,-3.565167e-02,-3.753947e-02,2.114331e-01,-1.517882e-02
5.136820e+00,-5.836764e-01,2.211845e+00,2.820195e-01,3.439058e-01,-4.298489e-01,1.701419e-01,1.821281e-01,6.794469e-02,-1.805656e-01,-4.411946e-01
4.437755e+00,-7.132317e-01,1.091340e+00,7.043413e-01,-7.601581e-02,2.419777e-02,3.939560e-01,1.718725e-01,1.302709e-01,3.194432e-01,8.967813e-02
