2.204535e+00,2.275466e-01,9.918718e-01,9.501369e-02,4.322774e-01,-2.894790e-01,-1.500678e-01,1.602399e-01,4.509644e-01,2.189316e-01,-3.459000e-01
2.357539e+00,-2.769537e-01,6.270470e-01,-4.826513e-02,2.389191e-01,9.048635e-02,2.704780e-01,2.568982e-01,1.134477e-01,1.379782e-01,-2.886267e-02
2.992243e+00,3.151979e-01,9.197189e-01,1.194507e-01,1.044132e-01,-4.259324e-01,-3.599344e-02,-3.359528e-01,5.403122e-02,1.067278e-02,1.115135e-01
2.705833e+00,-6.610012e-01,9.987908e-01,4.302988e-01,3.654987e-01,-2.899997e-01,1.987490e-01,1.007945e-01,-3.006091e-01,3.625208e-02,2.247732e-02
3.436709e+00,-3.760786e-01,9.201132e-01,2.056990e-01,4.471437e-01,-2.903548e-01,1.768842e-01,-6.003452e-02,-2.075243e-01,-6.272125e-02,1.043324e-01
3.066396e+00,-3.390345e-01,9.897547e-01,3.173397e-01,2.997658e-01,-2.154283e-01,2.892829e-01,4.544628e-03,1.715198e-01,-1.194050e-01,-5.944117e-02
3.218587e+00,-3.990129e-01,7.479442e-01,3.605625e-01,5.319535e-01,-8.038953e-01,-1.637600e-01,-1.157318e-01,2.352891e-01,1.682460e-01,2.122025e-01
3.213428e+00,-3.667338e-01,7.932154e-01,1.346623e-01,1.222732e-01,-6.824238e-01,6.702387e-02,-5.256478e-02,-8.418438e-02,-2.006491e-01,2.934710e-02
3.634606e+00,-3.628771e-01,6.556934e-01,-1.034020e-02,2.168995e-01,-3.847677e-01,1.082441e-01,-1.322185e-02,1.989044e-01,1.676908e-01,3.929599e-01
3.723984e+00,-4.269215e-01,1.187872e+00,5.031044e-01,5.154336e-01,-2.740853e-01,-1.027869e-03,-1.457763e-02,2.893086e-02,-1.113624e-01,-4.920999e-02
3.221789e+00,-4.353587e-01,9.356245e-01,-3.028776e-02,2.405787e-03,-5.057664e-01,1.099835e-01,5.649770e-02,2.731207e-01,-4.073326e-01,6.331806e-02
3.697058e+00,-1.812134e-01,1.326527e+00,-5.920092e-02,-2.175556e-01,-6.994742e-01,3.456916e-02,-1.960961e-02,3.764266e-01,-3.074580e-01,1.359537e-01
3.788907e+00,-3.057549e-01,7.551539e-01,-3.862805e-02,5.542528e-01,1.221098e-01,6.233392e-01,6.788510e-02,-3.259995e-02,-1.072513e-01,2.101406e-01
3.710561e+00,-8.752847e-02,1.174980e+00,1.732538e-02,7.567958e-02,-9.599623e-01,7.245428e-02,2.454829e-01,-3.020883e-02,-1.404467e-01,4.131805e-01
3.849135e+00,-4.310029e-02,1.303422e+00,4.067629e-01,2.707620e-01,-6.682203e-01,9.766592e-02,-4.941395e-02,1.367413e-01,-9.517602e-03,1.373346e-01
3.471415e+00,-7.223067e-01,5.485679e-01,-2.818753e-02,-6.221688e-02,-2.032104e-01,4.100823e-01,2.406523e-01,2.930312e-01,-9.583482e-02,2.060699e-02
4.093553e+00,-5.948326e-01,1.089837e+00,-7.914334e-02,1.691914e-01,-3.590412e-01,1.178032e-01,-5.712016e-02,6.877432e-02,-3.858303e-01,-1.477886e-01
4.195500e+00,-5.064223e-01,1.062217e+00,1.080225e-01,8.274814e-02,-4.415972e-01,5.950603e-02,2.433375e-01,1.564704e-01,1.699493e-01,8.071047e-02
4.231908e+00,-4.071670e-01,9.147148e-01,5.114635e-01,8.415644e-02,-9.103171e-01,1.352302e-01,1.423400e-01,2.238912e-01,2.706770e-01,-3.404923e-02
4.237683e+00,-5.672763e-01,8.583122e-01,5.467490e-01,2.368863e-01,-3.477350e-01,2.370946e-01,6.564238e-02,4.704642e-01,8.015920e-01,1.315644e-01
4.330234e+00,-9.971802e-01,1.024458e+00,3.055132e-02,3.073883e-01,-8.009150e-02,1.230406e-01,5.339547e-03,-9.143623e-02,-2.035854e-01,-1.733170e-01
3.835370e+00,-6.555817e-01,7.296136e-01,-1.082802e-01,8.940274e-02,-7.159570e-01,-3.093877e-01,2.706947e-01,-1.029278e-01,-2.753607e-01,-9.528692e-02
3.946246e+00,-6.961802e-01,8.929895e-01,2.434542e-01,-4.962656e-02,-4.158025e-01,3.565276e-01,2.229373e-01,4.182712e-01,6.155122e-01,8.940142e-02
4.551147e+00,-2.944581e-01,7.355380e-01,5.263524e-01,4.046787e-01,-9.655277e-02,6.718005e-01,2.878701e-01,-1.763317e-01,1.851635e-02,-3.877064e-01
4.235143e+00,-3.365558e-01,1.200016e+00,-6.728875e-02,-1.499185e-01,-4.593368e-01,-1.541052e-02,1.060536e-01,-2.234034e-01,-1.341847e-02,2.392502e-01
3.991539e+00,-4.960528e-01,9.708048e-01,-2.907139e-01,1.266723e-01,7.651703e-03,2.409857e-03,-2.967678e-01,-1.407903e-01,1.161240e-02,-2.466779e-01
4.041679e+00,-3.153595e-01,9.604914e-01,2.922880e-01,4.629694e-02,-1.351478e-01,3.877628e-01,6.274189e-01,3.214811e-01,5.826412e-02,7.927244e-02
4.470863e+00,-1.948717e-01,8.063923e-01,8.796202e-02,2.847502e-01,-2.899046e-01,8.382858e-02,7.700213e-02,-1.739009e-03,-8.563554e-02,4.063404e-02
4.476643e+00,1.610441e-01,5.811918e-01,-1.718519e-01,9.839122e-02,-2.136170e-01,1.245579e-01,3.257250e-01,6.526403e-02,8.900589e-02,-3.346972e-02
4.054477e+00,-3.009636e-01,5.254671e-01,-1.076609e-01,-3.600367e-03,-5.094339e-01,7.656853e-03,3.263888e-01,2.223565e-01,-3.887252e-01,-2.550347e-01
3.862046e+00,-5.597945e-01,7.568916e-01,3.675321e-01,3.815048e-01,-4.853895e-01,-2.054652e-01,2.023726e-01,1.946774e-01,1.261753e-01,2.148109e-02
4.413265e+00,3.025008e-01,1.119944e+00,3.135006e-01,3.012777e-01,1.961112e-02,1.112801e-01,-2.342902e-01,5.596066e-02,-9.158165e-02,-1.630689e-01
3.616008e+00,-3.435919e-01,1.009928e+00,3.157249e-01,2.557715e-01,-3.147505e-01,4.383398e-02,1.565652e-01,2.209306e-01,-3.517384e-01,-2.569022e-01
4.137458e+00,-3.702788e-01,4.665851e-01,1.342177e-01,4.462415e-01,-1.866171e-01,2.665887e-01,4.725947e-02,1.425531e-01,3.447123e-01,2.503207e-01
4.325524e+00,3.820539e-01,1.221673e+00,4.343839e-01,-5.291502e-02,-3.103876e-01,1.381260e-01,3.004618e-01,3.742485e-02,-3.959652e-01,-4.240297e-02
3.782669e+00,-4.792436e-01,8.466020e-01,-3.242356e-01,-1.474703e-01,-4.627930e-01,-8.999143e-02,-7.040751e-02,8.655632e-02,-9.108619e-02,3.034158e-01
3.939054e+00,-1.949665e-01,1.134812e+00,1.965709e-01,4.249365e-01,5.130971e-02,3.096152e-01,7.888180e-02,-3.260526e-01,-3.250811e-01,2.532959e-01
4.108463e+00,3.111621e-01,1.148727e+00,1.930868e-01,-5.856053e-02,-1.237519e-01,7.583952e-01,2.401897e-02,-7.057140e-02,-1.264439e-01,4.996433e-01
4.167468e+00,3.605445e-01,1.275405e+00,-2.926449e-01,5.581062e-02,-3.149609e-01,1.033175e-01,-2.854236e-01,-2.063882e-01,-8.929043e-02,2.225675e-01
4.247771e+00,-2.945302e-01,9.539175e-01,-3.106166e-02,8.463326e-02,-6.083683e-01,3.663001e-01,3.803161e-01,1.642474e-01,8.656182e-02,4.063133e-01
4.058061e+00,-1.182922e-01,9.205395e-01,-1.934329e-01,4.576665e-01,-2.461022e-02,4.794251e-01,1.745984e-01,3.636186e-01,9.387978e-03,2.986175e-01
4.464321e+00,-1.187414e-01,1.092867e+00,-7.162298e-02,4.486010e-01,-4.717041e-02,9.766129e-03,-2.144671e-01,-6.642663e-02,-2.014308e-01,2.366683e-01
4.122958e+00,6.032438e-02,1.332311e+00,1.625770e-01,5.474737e-01,-3.802841e-01,1.002624e-01,3.284349e-01,3.648338e-01,-2.051333e-01,6.848317e-02
4.054243e+00,-5.055069e-01,5.860423e-01,-1.273057e-01,1.016004e-01,-7.129119e-01,-1.947227e-02,-1.927600e-01,-3.862407e-02,-2.662871e-01,5.022833e-02
4.277241e+00,-6.266340e-01,1.053499e+00,-5.265168e-01,3.378413e-01,-4.058850e-01,1.824573e-01,2.489952e-02,4.539490e-01,7.790542e-02,3.548686e-01
4.564508e+00,1.093896e-01,1.276652e+00,9.058752e-02,4.136172e-01,-1.183508e-04,2.936204e-01,2.595888e-01,1.676265e-01,-3.270474e-01,6.214447e-02
3.864770e+00,-7.222257e-01,8.816359e-01,-4.021435e-01,-1.504421e-01,-4.681710e-01,2.909953e-02,1.653730e-01,4.868980e-01,1.748080e-01,3.246540e-01
3.993978e+00,-3.843268e-01,1.125358e+00,7.292276e-02,4.105937e-01,-4.197899e-01,-9.821899e-02,3.117426e-01,4.042789e-01,7.912503e-02,2.036087e-01
4.604716e+00,-1.110559e-01,1.259937e+00,-5.538734e-02,4.425013e-01,-2.300819e-01,1.105828e-01,2.596382e-01,1.658685e-02,-2.006236e-02,1.949817e-01
4.191133e+00,-5.033943e-01,9.210468e-01,-9.998876e-02,1.980930e-01,-4.752896e-02,1.570678e-01,1.308891e-01,8.055103e-02,-3.060515e-01,-3.166504e-02
4.561350e+00,1.115515e-01,1.279834e+00,-1.509257e-01,1.689269e-01,-3.475810e-01,-9.012689e-02,2.443341e-01,2.690638e-01,4.997866e-02,1.736549e-01
3.891219e+00,-5.591940e-01,9.261634e-01,-1.163050e-01,3.038965e-01,2.033236e-01,3.114564e-01,4.246133e-01,4.690487e-01,-6.609550e-02,2.124783e-01
4.271716e+00,-1.874844e-01,1.275449e+00,-3.402122e-01,1.740052e-01,-1.283942e-01,9.046807e-02,2.001432e-02,1.151212e-01,-5.081692e-01,-1.552591e-01
4.708344e+00,-5.632787e-02,1.320347e+00,-1.456595e-01,1.637250e-01,-2.881838e-01,2.977457e-01,2.304994e-01,2.141774e-01,4.519871e-02,2.485565e-01
4.124155e+00,-3.231735e-01,8.982212e-01,-4.343231e-01,1.401379e-01,3.168963e-03,1.211576e-01,2.383543e-01,5.219317e-01,-1.420136e-01,3.117513e-01
4.321979e+00,6.652736e-03,1.699560e+00,-2.798305e-01,-1.878761e-01,-3.059096e-01,1.856594e-02,3.060056e-01,4.447325e-01,1.571787e-01,9.761255e-03
4.903625e+00,2.104228e-02,1.287443e+00,-8.280568e-02,1.678298e-01,4.159128e-02,1.425555e-01,1.181885e-01,1.635610e-01,-3.646117e-01,3.132108e-03
4.322513e+00,-2.737168e-01,7.544925e-01,-5.889889e-01,1.732068e-01,-2.823253e-01,-2.134357e-01,-6.345200e-03,4.512049e-02,-2.124633e-01,2.146076e-01
4.009374e+00,-2.943512e-01,1.430596e+00,-8.356742e-03,6.181805e-01,-1.353880e-01,1.422924e-01,6.175899e-01,1.027052e-01,-2.344629e-01,2.535483e-03
4.640442e+00,2.788527e-02,1.499610e+00,-4.045692e-02,4.740256e-01,6.340073e-02,1.938378e-01,2.053766e-01,3.381522e-01,-3.856736e-02,1.122903e-02
4.280725e+00,-2.984009e-01,8.920213e-01,4.249762e-02,2.029744e-01,-3.211477e-01,-2.320193e-01,-1.192756e-01,-1.701997e-02,-1.666174e-01,1.756392e-01
4.201425e+00,-1.088787e-01,1.287628e+00,1.316021e-02,1.113114e-01,-1.286693e-01,1.955338e-02,4.720259e-01,3.304019e-01,3.232695e-02,2.791793e-01
4.188342e+00,-3.575264e-01,1.307724e+00,2.890243e-03,4.660115e-01,5.017681e-01,4.723613e-01,3.323853e-01,8.688631e-02,-1.717389e-02,5.060866e-02
4.442390e+00,-1.043243e-01,1.398786e+00,9.044454e-02,-5.027663e-02,-5.360287e-01,-4.698088e-02,-4.969887e-03,-1.418036e-01,-2.485285e-03,-4.503416e-02
4.613921e+00,7.041904e-02,1.339874e+00,3.004157e-02,1.970834e-01,-1.118348e-01,1.597356e-01,3.846692e-01,-2.121106e-02,-1.992313e-02,4.027648e-01
4.066807e+00,-3.328287e-01,1.340818e+00,-3.123404e-01,-7.786002e-02,-8.557829e-02,6.932290e-02,9.710518e-03,-4.525091e-02,4.645236e-02,1.191659e-01
4.223541e+00,-8.106750e-02,1.008936e+00,-9.645530e-02,4.715600e-02,-6.379200e-01,1.245983e-01,1.001162e-02,-2.266550e-01,-4.721077e-02,3.001359e-01
4.813145e+00,2.592069e-01,1.453384e+00,1.806459e-01,4.074598e-01,-1.299761e-01,2.514268e-01,3.215797e-01,-2.825722e-01,-2.001503e-01,3.608480e-01
4.035083e+00,-5.718097e-01,1.295288e+00,-2.328550e-01,8.850834e-02,-5.923097e-02,1.011176e-01,-8.347276e-02,-1.672331e-02,-1.513357e-01,2.219901e-01
3.870086e+00,-5.392436e-02,1.287913e+00,3.269446e-02,3.815179e-01,2.141763e-01,5.932697e-01,1.552625e-01,-1.030335e-01,-8.523892e-02,2.295904e-01
5.075635e+00,3.229001e-01,1.255271e+00,2.182602e-01,1.730329e-01,-3.454460e-01,1.698084e-01,-7.438402e-02,-1.595859e-01,-2.613595e-01,1.789276e-01
4.071847e+00,-3.353969e-01,1.283107e+00,-7.897369e-02,2.000136e-01,7.132133e-02,2.279410e-02,2.231967e-01,2.600940e-01,-9.650111e-02,2.849213e-01
4.934065e+00,1.937643e-01,1.471784e+00,-2.077968e-01,3.121239e-02,4.909094e-02,6.639779e-02,2.523585e-01,2.237227e-01,6.347727e-03,1.072716e-03
4.654806e+00,2.792685e-01,1.410436e+00,-1.956943e-01,1.175966e-01,-2.633406e-02,2.984158e-01,4.483814e-01,1.362836e-01,-4.007800e-01,2.700444e-01
4.356062e+00,-1.294699e-01,1.049012e+00,-4.808810e-01,-1.446321e-01,-2.027893e-01,8.693460e-02,2.099582e-01,-2.404119e-01,-4.014482e-01,-1.369175e-01
4.748632e+00,9.253418e-02,1.580459e+00,-9.132150e-02,8.639248e-03,-8.441157e-02,1.891700e-01,2.097382e-01,2.297051e-01,1.054063e-01,-3.430703e-02
4.312742e+00,1.204479e-01,1.370262e+00,-3.149597e-01,5.154847e-02,-1.390584e-01,1.706852e-01,4.705699e-01,2.780697e-01,1.392700e-01,4.278500e-01
4.447720e+00,-2.369751e-01,1.254140e+00,-4.353821e-01,-1.164551e-01,-2.557526e-01,-7.871874e-02,1.114078e-01,-8.300007e-02,-2.855120e-01,-7.774425e-03
4.700693e+00,-1.628011e-01,1.332917e+00,4.969041e-02,3.916734e-01,2.293042e-01,5.222810e-01,2.112336e-01,2.026585e-02,-6.420701e-02,-9.344829e-02
4.554590e+00,-3.775344e-02,1.261441e+00,-2.026248e-01,-1.026509e-01,-5.264506e-01,3.141016e-03,5.385160e-01,-7.445015e-02,-2.313675e-01,4.139712e-02
4.180380e+00,-2.146988e-01,1.088772e+00,-2.511714e-01,-7.896771e-03,-3.093300e-01,2.195881e-02,7.563616e-02,3.591902e-01,3.677183e-03,5.696059e-02
4.786308e+00,-3.547655e-02,1.555223e+00,-4.249292e-02,1.218782e-01,5.058721e-02,-1.296266e-02,2.930822e-01,3.987255e-01,-5.203505e-03,2.988700e-01
4.594766e+00,-3.012210e-01,1.218108e+00,-2.661286e-01,-7.391669e-02,-2.395493e-01,7.202362e-02,4.674010e-01,-1.268623e-01,-2.903652e-01,1.466303e-02
4.800092e+00,8.246166e-02,1.229057e+00,-1.503564e-01,-6.994728e-02,-1.222695e-01,3.336825e-01,1.751945e-02,2.086188e-01,1.009688e-01,2.974764e-01
4.320994e+00,-6.973663e-02,1.660473e+00,1.325832e-01,6.700410e-02,-3.120659e-02,3.625161e-01,1.926199e-01,1.618892e-01,-2.341824e-01,-4.647127e-02
4.492796e+00,7.199775e-03,1.164711e+00,-2.175755e-01,-1.742290e-01,-9.204567e-02,3.203172e-01,-7.863429e-02,1.559040e-02,-1.479848e-01,-1.294067e-01
4.718672e+00,3.824935e-01,1.559841e+00,8.997189e-02,1.065464e-01,-1.412552e-01,3.381403e-01,3.458442e-01,-2.816517e-01,-2.158222e-01,6.200793e-01
4.176082e+00,3.911956e-02,1.698256e+00,-3.350300e-01,-2.173839e-01,4.700454e-03,4.868603e-01,3.002915e-01,-5.529372e-02,-2.250435e-01,2.245387e-01
4.121772e+00,-2.076192e-01,1.006570e+00,-4.160232e-01,-2.508963e-01,-5.291865e-01,-1.444524e-02,-2.180997e-03,-1.940477e-01,-4.392337e-01,-4.835294e-02
4.659921e+00,3.426621e-01,1.486190e+00,1.151946e-02,2.347042e-01,-1.544187e-01,2.005281e-01,2.807853e-01,-9.525966e-02,-2.371208e-01,4.385931e-01
4.439301e+00,1.743625e-01,1.523981e+00,-3.835458e-01,-1.136592e-01,2.046751e-01,2.328725e-01,2.042049e-01,1.566270e-01,-1.965032e-01,1.623666e-01
3.957215e+00,-6.705127e-01,1.025899e+00,-1.439938e-02,3.346070e-01,1.109981e-01,4.422504e-01,3.992836e-01,1.671915e-01,-1.820011e-01,1.513989e-01
4.780243e+00,2.700660e-01,1.664270e+00,-5.904728e-02,1.546310e-01,-3.537946e-01,-1.210424e-01,7.423468e-02,1.982099e-02,8.906438e-02,5.020215e-01
4.437547e+00,-4.614982e-02,1.339129e+00,1.536743e-01,3.163854e-01,7.377503e-02,2.045686e-01,-1.970809e-03,8.593162e-02,-5.691126e-02,-2.316627e-01
4.304296e+00,-2.871398e-01,1.489296e+00,2.177486e-01,3.081325e-01,-1.711688e-02,1.789566e-01,-1.104386e-01,1.916967e-01,-4.204265e-03,1.151732e-01
4.468553e+00,2.378495e-01,1.316492e+00,1.605743e-01,7.994911e-01,-8.118559e-02,6.113166e-02,1.863316e-01,-1.358711e-01,-5.026947e-01,5.909873e-02
4.393530e+00,-1.689212e-01,1.400375e+00,-1.772279e-01,1.241555e-01,-4.370648e-01,-1.808163e-01,1.654460e-02,-5.987114e-02,-2.236465e-01,1.498797e-01
4.452511e+00,3.132179e-01,1.766858e+00,4.122610e-01,2.584526e-01,-1.888842e-01,-1.800614e-01,-2.618674e-01,2.677466e-01,3.327342e-01,1.716697e-01
4.342311e+00,-1.258858e-01,1.163421e+00,-9.238973e-02,1.775114e-01,4.785867e-03,2.557553e-01,4.707387e-01,3.440707e-01,-3.121166e-02,3.818573e-01
4.473440e+00,-7.670346e-02,1.211373e+00,-2.399019e-01,-2.062684e-02,-4.204459e-01,1.735853e-02,1.195259e-01,-2.602020e-01,-2.505989e-01,3.585003e-01
4.325565e+00,2.472459e-01,1.661534e+00,3.800459e-02,2.101302e-01,4.007078e-01,6.032211e-01,2.844624e-01,2.072846e-01,8.244330e-02,-3.996282e-02
4.414477e+00,8.541632e-02,1.384532e+00,-3.490328e-01,3.257913e-02,3.992198e-03,4.216638e-01,6.110311e-01,-2.798769e-02,-1.909191e-01,4.009917e-01
3.759689e+00,-8.071420e-01,7.730936e-01,-7.788425e-01,-5.533100e-01,-6.322651e-01,-2.981498e-01,3.237729e-03,-3.147292e-01,-3.022444e-01,2.329564e-01
4.554085e+00,1.696693e-01,1.517351e+00,-1.599073e-01,-1.268790e-01,3.459449e-02,3.778741e-01,2.368566e-01,2.002888e-01,1.299750e-02,2.676381e-01
4.490144e+00,2.262919e-01,1.300148e+00,-2.417936e-02,4.603772e-01,1.119017e-01,4.887249e-01,8.402215e-02,-3.881539e-01,-3.071345e-01,1.190830e-01
4.367727e+00,6.277254e-02,1.263788e+00,-8.997377e-02,2.014495e-01,-3.342148e-01,7.822858e-02,3.904812e-01,1.716913e-01,-8.308749e-03,2.093085e-01
4.619475e+00,6.231511e-03,1.424383e+00,-2.277282e-01,-1.210585e-01,-1.099904e-02,2.753437e-01,5.527121e-02,2.069585e-01,-1.197444e-01,-1.569818e-01
4.556687e+00,-2.768391e-01,1.374256e+00,-1.438978e-01,-7.804532e-02,1.578076e-02,2.054976e-01,1.990532e-01,2.255819e-01,8.645754e-02,2.201238e-01
4.683356e+00,1.865033e-01,1.176513e+00,1.983096e-02,3.010120e-01,-6.778162e-03,3.352399e-01,4.577485e-01,2.175572e-01,-7.527407e-03,1.156448e-01
4.610478e+00,-1.228633e-01,1.361511e+00,-4.291838e-02,-2.015154e-01,-2.107932e-01,1.297341e-01,3.598391e-01,3.599406e-01,-1.785507e-01,3.328940e-01
3.800120e+00,-3.974178e-01,9.904991e-01,-4.447413e-01,-6.940372e-02,-5.519683e-02,4.840306e-02,3.917206e-02,2.563977e-01,1.157220e-01,1.681301e-01
4.674745e+00,2.335671e-01,1.512724e+00,6.571586e-02,2.118334e-01,-1.700369e-01,1.543751e-01,4.889860e-01,-1.520523e-01,-4.869478e-01,5.849164e-02
4.858975e+00,-1.076747e-03,1.407019e+00,-1.112561e-01,8.728913e-02,-2.601571e-02,2.655206e-01,1.209309e-01,-6.664438e-02,-1.829558e-01,2.736989e-01
3.908395e+00,-2.615160e-01,1.197764e+00,-1.771593e-01,-7.776204e-02,-1.238500e-01,3.575742e-01,3.952756e-02,7.686016e-02,-4.121807e-02,-1.383738e-01
4.389482e+00,3.771724e-01,1.720490e+00,-9.850244e-02,-4.740948e-02,-2.816308e-01,2.683846e-01,4.773179e-01,1.037864e-01,8.510847e-02,3.559196e-01
4.416834e+00,4.680504e-02,1.651954e+00,-1.065733e-01,1.444002e-01,1.195947e-01,4.842185e-01,8.489469e-02,-1.998673e-01,-2.643751e-01,1.608115e-01
4.142740e+00,-4.552793e-01,1.163084e+00,-5.211445e-01,-2.536123e-01,-1.806017e-01,3.159285e-01,2.358010e-01,2.213623e-01,-3.371667e-02,3.766518e-01
4.423111e+00,-4.543469e-03,1.442855e+00,-1.790157e-01,1.871599e-01,9.522215e-03,5.615079e-01,5.264149e-01,1.155938e-02,-1.065421e-01,3.537193e-01
4.854727e+00,3.811516e-01,1.343088e+00,-1.610627e-01,7.910859e-02,-2.312358e-01,4.103742e-03,-6.168139e-02,-1.061242e-02,4.305335e-02,2.400537e-01
4.606772e+00,-1.389454e-01,1.596420e+00,3.439339e-01,8.329305e-02,-2.017124e-01,6.468680e-02,8.635109e-02,6.038664e-02,-3.126251e-01,9.489840e-02
4.283265e+00,-1.455739e-01,1.501542e+00,-2.552778e-01,4.748607e-01,1.276254e-01,2.744143e-02,4.497777e-02,5.809980e-02,6.126891e-02,3.934085e-01
4.258953e+00,-7.177231e-02,1.271910e+00,2.048151e-01,3.391585e-01,-2.132773e-01,5.288290e-02,-1.031773e-01,-1.664857e-01,-8.203824e-02,2.925453e-01
4.480647e+00,5.595670e-02,1.670961e+00,3.378897e-01,3.205488e-01,1.375212e-01,2.625256e-01,1.083694e-01,3.275676e-02,-7.814208e-02,-9.148133e-02
4.351923e+00,-1.503048e-01,1.326209e+00,1.814381e-01,4.519989e-01,-1.708851e-01,-8.101475e-03,2.520282e-01,1.216886e-01,1.700945e-01,4.834162e-01
3.672648e+00,-4.839978e-01,7.386909e-01,-5.324263e-01,-2.944472e-01,-6.355086e-01,-4.252706e-01,-4.532829e-01,-3.152555e-01,-2.600046e-01,3.053697e-01
4.521337e+00,1.965313e-01,1.519783e+00,-4.433944e-02,2.502453e-01,-1.169003e-01,6.373030e-02,-8.440130e-02,-1.258714e-01,-8.205666e-02,1.778182e-01
4.630215e+00,1.133480e-01,1.514474e+00,3.875639e-01,7.172151e-01,1.599983e-01,1.204283e-01,2.622053e-01,-2.806914e-01,-2.877461e-01,2.677107e-02
4.222756e+00,-2.146568e-02,1.305580e+00,-4.051370e-02,-2.304983e-02,-3.299647e-01,2.037060e-02,3.614163e-01,1.407755e-01,8.146596e-02,4.219779e-01
4.443727e+00,1.510067e-01,1.574861e+00,-5.283942e-02,-1.027078e-01,7.154731e-02,1.348394e-01,4.016340e-02,2.603940e-01,-1.548251e-01,1.708817e-01
4.526300e+00,3.119230e-01,1.470672e+00,-2.611940e-01,-3.743275e-03,2.394656e-01,4.471474e-01,2.131603e-01,-1.560795e-01,-2.197186e-01,3.047999e-01
3.816099e+00,-1.115119e-01,1.351712e+00,2.440358e-02,5.444197e-01,1.458082e-01,5.063355e-01,6.039687e-01,-1.132550e-02,-8.407591e-02,1.662037e-01
4.546069e+00,2.574173e-01,1.769209e+00,2.353292e-01,3.103804e-02,-1.923311e-01,-3.284668e-02,-1.066722e-01,7.876297e-02,-6.963384e-02,2.530811e-01
4.187348e+00,-1.373114e-01,1.405772e+00,-5.702837e-02,-8.714864e-02,-8.253207e-02,3.029504e-01,2.387045e-01,4.210108e-02,-2.259328e-01,1.280150e-01
4.570926e+00,5.326451e-02,1.110706e+00,-9.806596e-02,5.295198e-01,4.001242e-02,6.070886e-02,2.846521e-01,-7.411201e-02,-2.901380e-01,1.450932e-01
4.566058e+00,1.971619e-01,1.260184e+00,-8.683592e-02,-5.010394e-02,-2.090664e-01,3.838712e-01,2.995798e-01,1.464332e-01,1.482476e-01,2.959695e-01
3.856016e+00,-4.093529e-01,1.609479e+00,-3.306326e-01,-5.317818e-01,-5.188214e-01,-1.614875e-01,2.713489e-01,2.790009e-01,-2.902198e-02,1.007401e-01
4.676135e+00,-8.937946e-02,1.439529e+00,8.622280e-02,3.594860e-01,-4.341658e-02,1.314777e-01,1.539177e-01,1.695747e-01,-6.271810e-03,3.192759e-01
4.600709e+00,-3.161781e-01,1.429588e+00,2.340188e-01,1.989536e-01,3.132616e-01,3.466268e-01,1.802959e-01,2.714252e-02,-2.471732e-01,-8.990302e-02
4.271967e+00,-2.132667e-01,1.185315e+00,-4.128395e-01,-4.063967e-01,-3.807080e-01,-3.537685e-01,-3.170213e-01,-1.987658e-01,-2.829692e-01,-1.866796e-02
3.881221e+00,-4.882270e-01,1.204686e+00,2.198234e-01,6.150510e-01,3.110228e-01,5.881810e-01,5.810725e-01,3.453072e-01,-4.358614e-02,4.672464e-01
4.773960e+00,8.962346e-02,1.541426e+00,-2.883161e-02,2.971033e-01,-1.544068e-01,2.910842e-01,3.177988e-01,1.182933e-02,-2.511741e-02,1.832477e-01
4.359380e+00,-9.492382e-02,1.471336e+00,-6.553201e-02,4.654257e-02,-4.647041e-03,1.740280e-01,-1.229581e-01,2.253088e-01,-3.508696e-02,1.968000e-01
4.436247e+00,5.277720e-02,1.542880e+00,-1.846587e-01,4.616392e-02,1.102986e-02,3.324907e-01,3.115186e-01,-1.652477e-01,-1.974970e-01,3.735210e-01
4.448029e+00,3.834971e-01,1.565554e+00,-1.447769e-01,5.133154e-02,-2.184991e-01,3.858873e-01,3.434701e-01,-1.758193e-01,-2.206968e-01,2.379572e-01
4.357987e+00,-2.369891e-02,1.778884e+00,-2.379631e-01,-4.449704e-02,-1.579001e-01,9.004439e-02,-5.677371e-03,-6.018525e-02,2.635820e-02,2.753532e-01
4.699168e+00,4.059660e-01,1.733869e+00,-1.422387e-01,-3.699062e-02,-1.259105e-01,2.818896e-01,2.180478e-01,2.061843e-03,-2.137715e-01,1.240636e-01
3.987427e+00,-4.139973e-01,1.065095e+00,-3.087520e-01,-1.157149e-01,-2.943087e-01,-7.680496e-02,1.288259e-02,-1.273665e-01,-3.642720e-01,2.678960e-01
4.294040e+00,-2.522464e-01,1.467154e+00,2.563872e-01,1.974956e-01,9.034914e-02,-1.068573e-01,-8.645585e-02,-1.987665e-01,-1.685429e-01,2.886663e-01
4.285809e+00,2.348998e-01,1.848778e+00,2.827340e-01,2.640185e-01,4.515196e-02,1.287103e-01,1.623847e-01,1.344706e-01,-1.473048e-01,7.417741e-02
4.253767e+00,-1.076606e-01,1.295212e+00,1.436750e-01,1.344854e-02,-5.392932e-01,-2.403466e-01,-1.206380e-02,1.373727e-01,-2.003087e-01,4.562245e-01
4.330104e+00,-2.407387e-01,1.409032e+00,-1.452313e-03,4.975173e-01,2.648045e-01,6.581389e-02,-7.447658e-02,7.589136e-03,-3.921878e-02,7.188197e-02
4.643580e+00,2.519854e-01,1.679989e+00,3.568388e-01,6.778097e-02,-5.364242e-01,-1.137311e-01,1.409339e-01,1.721620e-01,-1.220525e-01,-6.663156e-02
3.895193e+00,-2.920803e-01,1.350559e+00,2.863828e-01,4.123902e-01,-3.524498e-01,-3.196160e-01,-1.697282e-01,-3.443098e-01,-1.801410e-01,5.868752e-02
4.517282e+00,1.447983e-01,1.440081e+00,3.011132e-01,5.441276e-01,-7.829762e-02,-1.820708e-02,-1.042138e-01,-4.088950e-02,-1.287535e-01,1.020337e-01
4.350708e+00,7.203845e-02,1.683685e+00,1.417954e-01,2.345005e-01,4.907441e-02,-2.473873e-02,-1.690989e-02,9.707394e-02,5.153847e-02,2.086932e-01
4.240646e+00,-6.139606e-02,1.398430e+00,3.976925e-02,2.809760e-01,-3.312028e-01,3.626586e-02,1.523091e-01,-2.691632e-01,1.692926e-01,4.820300e-01
4.625508e+00,3.416497e-01,1.560488e+00,2.437463e-01,2.118666e-01,-1.112802e-01,1.824650e-01,-1.046085e-02,5.991277e-02,-3.107956e-01,2.240486e-01
4.012110e+00,-7.707210e-02,1.784359e+00,-2.021589e-02,-1.822196e-01,-1.045432e-01,-1.277037e-01,1.642077e-03,-7.930820e-02,-5.538443e-02,6.574047e-01
4.273169e+00,2.091961e-01,1.477864e+00,-1.336458e-01,8.587940e-02,1.122717e-01,1.872353e-02,3.228314e-02,-5.275267e-01,-3.452602e-01,4.722431e-01
4.299050e+00,1.610829e-01,1.565962e+00,3.778854e-01,5.479971e-01,2.830202e-01,7.070236e-01,2.187736e-01,-4.055869e-01,-2.382418e-01,2.793239e-01
4.184302e+00,-1.904560e-01,1.547167e+00,-3.886133e-01,-3.455325e-01,-6.213047e-01,-2.364832e-01,-3.066772e-01,-3.426491e-01,-3.768418e-01,8.511970e-02
4.088697e+00,-1.965558e-01,1.245508e+00,-2.219819e-01,2.637418e-01,1.595858e-01,3.130523e-01,5.450042e-01,1.154129e-01,-1.664109e-01,1.624152e-01
4.645603e+00,2.119548e-01,1.302148e+00,2.805402e-01,3.351791e-01,-1.642565e-01,1.952761e-01,2.763649e-01,1.247950e-01,2.416763e-01,5.627061e-01
4.169929e+00,-1.697283e-01,1.512855e+00,5.703434e-02,2.703728e-01,-1.714369e-01,-1.736222e-01,-1.148607e-01,-2.535217e-01,-4.221013e-01,8.783201e-02
4.714643e+00,-1.191994e-01,1.262390e+00,2.924786e-01,2.401388e-01,-1.371894e-01,2.185686e-01,1.533280e-01,1.493544e-01,-1.317522e-01,2.250350e-01
4.372098e+00,-2.537257e-01,1.612907e+00,3.550873e-01,3.945775e-01,-2.934137e-01,-1.160929e-01,5.021716e-02,1.678730e-02,6.055212e-02,2.283685e-01
4.191362e+00,-3.103579e-01,1.280636e+00,-1.181341e-01,-1.058531e-01,-8.618596e-02,-2.816036e-01,-2.373458e-01,1.838735e-01,-7.172838e-02,1.110590e-01
4.809724e+00,-8.537458e-02,1.674078e+00,4.136387e-01,2.510546e-01,7.246281e-03,6.281223e-02,-7.166460e-02,-1.425232e-01,-1.277193e-01,2.082928e-01
3.956799e+00,-3.448192e-01,1.089773e+00,4.597099e-03,4.056512e-01,2.697350e-03,2.900301e-01,5.179600e-01,1.742560e-01,1.944720e-01,4.441331e-01
3.829889e+00,-4.048135e-01,1.406592e+00,-2.635414e-01,1.837965e-02,-6.041825e-02,1.660639e-01,2.756632e-01,2.436132e-01,4.401771e-02,2.661563e-01
4.562479e+00,1.891818e-01,1.779076e+00,2.406128e-01,3.635752e-01,-1.128776e-01,6.078039e-02,-1.069036e-01,-1.442120e-01,-2.007760e-02,1.556773e-01
4.386324e+00,1.441183e-01,1.077316e+00,-1.866615e-01,1.516729e-01,-2.507725e-01,1.017478e-01,2.345953e-01,-1.213032e-01,-1.177059e-01,5.247953e-01
4.097757e+00,-7.076178e-02,1.676452e+00,-5.113152e-02,-3.545903e-02,-1.171198e-01,4.748484e-01,5.168997e-01,-1.664675e-01,-4.829370e-01,1.916744e-01
4.458118e+00,2.284385e-01,1.612966e+00,-1.882189e-02,1.297168e-01,9.022891e-02,2.321168e-01,-9.983427e-02,-1.676519e-01,2.902883e-02,5.103939e-01
4.314894e+00,1.723534e-01,1.388616e+00,6.226026e-02,-6.453906e-02,-3.495393e-01,1.104114e-01,-1.139192e-01,-3.960824e-01,-7.315190e-01,-7.437294e-02
4.319778e+00,2.254414e-01,1.662905e+00,-4.054842e-02,-8.791283e-02,-1.025736e-01,4.122904e-01,3.861313e-01,1.328362e-01,-1.581615e-01,3.165031e-01
4.391598e+00,-1.413834e-01,1.376844e+00,4.824474e-02,2.396646e-01,3.132480e-01,9.892994e-02,1.363858e-01,4.244942e-01,-6.093565e-02,4.464199e-01
4.646094e+00,1.162131e-01,1.097560e+00,6.686566e-03,-9.797563e-02,-6.131773e-01,-1.231315e-01,1.018513e-01,-3.619199e-02,-4.340268e-01,3.074068e-01
4.413535e+00,1.771241e-01,1.593599e+00,3.296616e-01,5.717876e-01,-9.582777e-02,3.509016e-02,3.754191e-01,7.248487e-02,-4.523719e-05,4.192827e-02
4.226355e+00,-4.314867e-01,1.209037e+00,-2.975616e-02,4.148705e-01,1.464214e-01,-1.128100e-01,-1.005382e-01,3.241868e-01,1.087083e-01,8.100042e-03
4.010155e+00,-5.199195e-01,1.091978e+00,-3.395766e-01,-6.205624e-02,-5.693114e-01,-5.835488e-02,8.977065e-02,-6.305300e-02,-1.817911e-01,2.047724e-01
4.813118e+00,3.357742e-01,1.105875e+00,3.685906e-01,8.882939e-01,-1.858614e-03,2.547499e-01,3.912556e-01,-1.007037e-01,-1.514088e-01,-4.993257e-02
4.133229e+00,-1.346313e-01,1.448011e+00,-2.261812e-01,3.635191e-02,-3.398839e-01,-3.000397e-01,4.941828e-02,1.458291e-01,2.604459e-01,2.354789e-01
3.944763e+00,-9.556260e-02,1.409312e+00,-1.959835e-01,-1.125808e-01,-4.080972e-01,-1.553023e-01,3.229736e-01,4.030088e-01,-1.409464e-01,1.913438e-02
4.979946e+00,6.930271e-02,1.129205e+00,1.838387e-01,3.951245e-01,-1.041249e-01,1.897415e-01,1.880423e-01,-1.798412e-01,-8.881415e-02,3.081675e-01
4.349111e+00,-2.026964e-01,1.633447e+00,5.482000e-02,3.294848e-01,9.192985e-02,1.074740e-01,4.230673e-02,-2.318113e-01,-3.586838e-01,-1.793822e-01
4.271847e+00,5.702204e-02,1.486557e+00,1.361358e-01,1.027184e-01,-1.717007e-01,2.791629e-02,2.682114e-01,4.055529e-01,4.373816e-02,4.672237e-01
4.357286e+00,-7.840857e-02,1.406046e+00,1.813408e-01,8.571737e-02,8.127340e-02,3.422213e-02,-5.540099e-02,-9.658517e-02,-4.961230e-02,5.061590e-01
4.335526e+00,-1.809741e-01,1.554100e+00,-7.675713e-02,-1.615764e-02,-2.408255e-01,3.171459e-03,3.426071e-03,-4.483033e-01,-2.298329e-01,4.065031e-01
4.486268e+00,3.485991e-01,1.817111e+00,1.461025e-01,-1.076059e-02,1.274222e-01,6.490557e-01,-1.584485e-01,-1.651553e-01,-1.273540e-01,-7.826714e-03
4.128596e+00,-1.160159e-01,1.473527e+00,1.721794e-01,2.707768e-01,-2.901994e-01,1.551284e-01,1.355442e-01,-8.388575e-02,4.768241e-02,6.789246e-01
3.871411e+00,-2.697397e-01,1.280043e+00,-3.080814e-01,1.621731e-01,-1.733551e-01,-4.614823e-01,7.088419e-02,4.029017e-02,9.677283e-02,4.611546e-01
4.736787e+00,1.396123e-02,1.596748e+00,3.545087e-01,1.840508e-01,-8.481721e-02,2.078585e-01,-1.731973e-01,-2.324420e-01,-2.516286e-01,1.804826e-02
4.261975e+00,-1.321829e-01,1.359117e+00,1.108365e-01,4.311768e-01,-3.594795e-01,-1.619262e-01,1.286099e-01,1.872317e-01,1.240912e-01,5.501473e-01
4.056243e+00,-2.901462e-01,1.331618e+00,2.272220e-01,4.550274e-01,2.473999e-02,-2.157207e-01,-1.027989e-01,-1.056774e-01,-7.640845e-02,2.754562e-01
4.441324e+00,4.828118e-03,1.836462e+00,3.324611e-01,3.425913e-01,1.460404e-02,1.601398e-02,-6.477401e-02,4.547958e-02,-1.091131e-02,1.281931e-01
4.223998e+00,-1.228840e-01,1.564022e+00,1.767245e-01,3.107021e-01,-2.011453e-01,-3.267063e-01,-1.613968e-01,-2.210678e-02,-2.074275e-01,1.289761e-01
4.263686e+00,-3.191151e-01,1.266599e+00,6.761088e-02,1.444034e-01,-1.764654e-01,1.556250e-01,4.119567e-02,1.013764e-01,-1.018766e-01,3.512982e-01
4.050791e+00,-4.570697e-01,1.529212e+00,2.802748e-01,5.444411e-01,3.945930e-01,3.585284e-01,2.638644e-01,2.637687e-01,2.340386e-01,1.661168e-01
4.592421e+00,1.056540e-01,1.613923e+00,1.896099e-01,2.883139e-01,-4.823667e-01,-4.809770e-01,-4.323532e-01,-7.985583e-02,1.192863e-01,1.774888e-01
4.286558e+00,-1.564439e-01,1.408915e+00,3.609259e-01,5.428854e-01,-9.708714e-02,5.066287e-01,3.610378e-01,1.818927e-01,-2.850147e-01,1.195937e-01
4.224613e+00,-1.777802e-01,1.441134e+00,-1.540938e-01,2.146949e-01,-1.012535e-02,1.562822e-01,2.298511e-01,1.825352e-01,-1.686198e-01,1.293146e-01
4.483396e+00,-2.875143e-01,1.162727e+00,-3.657706e-01,-1.736991e-01,-1.836862e-01,-8.959304e-02,-1.699144e-01,-7.384236e-02,-7.117748e-02,2.140186e-01
4.724317e+00,5.650932e-01,1.765245e+00,-7.837526e-02,4.855037e-02,-1.288742e-01,3.535873e-01,3.737302e-01,-3.901235e-02,5.984657e-03,2.675462e-01
3.968460e+00,8.860952e-02,2.061964e+00,-6.040742e-03,-1.761696e-01,-4.230495e-01,-4.897158e-02,4.229737e-01,5.874588e-01,1.847117e-02,3.454984e-01
4.302206e+00,-4.349543e-01,1.054648e+00,-3.827522e-01,3.813516e-02,1.266538e-01,6.693250e-02,-1.260781e-01,-2.099198e-01,-5.735873e-02,2.588732e-01
4.823298e+00,4.587196e-01,1.598273e+00,-1.040179e-01,1.926581e-01,-1.349963e-01,-1.773029e-01,3.764033e-01,-5.946474e-02,-5.070981e-01,4.913369e-02
4.172692e+00,-1.030902e-01,1.434457e+00,2.830073e-01,4.635504e-01,6.928942e-02,3.605421e-01,3.722332e-01,2.919774e-01,-1.530912e-01,-1.843466e-01
4.525597e+00,-3.607744e-01,1.219413e+00,-1.831885e-01,3.244735e-01,1.342890e-01,2.158498e-01,4.580994e-01,3.641199e-01,2.644270e-01,-6.379267e-02
4.690808e+00,1.221498e-01,1.483155e+00,-7.368644e-02,2.486159e-01,-2.087219e-01,8.277293e-02,3.277308e-01,2.277071e-01,-1.544716e-01,1.287875e-02
4.385070e+00,-9.953698e-02,1.268773e+00,-1.694326e-01,7.867926e-02,-9.624952e-02,-1.751974e-02,-1.938465e-02,1.866624e-01,4.695443e-02,4.587810e-02
4.435349e+00,-2.265644e-01,1.083716e+00,9.569586e-02,4.065374e-01,1.770934e-01,2.863158e-01,2.162141e-01,3.124265e-01,-4.508869e-02,-1.780261e-01
4.541939e+00,2.894314e-01,1.610351e+00,1.439279e-01,5.035852e-02,-5.320732e-01,2.419227e-02,4.371119e-01,3.127150e-01,-8.619764e-02,7.884704e-02
4.669083e+00,-3.019644e-01,9.430839e-01,-2.454476e-01,1.659540e-01,-1.739738e-01,-2.838423e-01,5.426739e-02,-1.167354e-01,-1.908830e-01,3.316255e-01
4.677690e+00,6.911829e-02,1.471432e+00,3.296883e-01,2.959369e-01,-2.940306e-01,9.712685e-02,2.888208e-01,2.386722e-01,-1.173557e-01,-1.398543e-01
4.197555e+00,2.657264e-02,1.562477e+00,1.620508e-01,1.596381e-01,-1.120432e-01,8.597248e-02,3.959883e-01,1.547440e-01,-1.580121e-01,2.546022e-01
4.047580e+00,-4.062344e-01,9.506715e-01,-4.068307e-01,6.137910e-02,-3.038798e-01,-2.477692e-01,-3.681892e-02,-1.639155e-01,-2.811485e-01,3.365345e-01
4.504082e+00,2.744239e-01,1.991269e+00,1.982210e-01,-1.551255e-01,-1.074727e-01,3.108802e-01,8.301654e-02,2.516010e-01,1.250319e-01,3.787147e-03
4.234528e+00,-3.871371e-02,1.406297e+00,4.031569e-02,1.399749e-01,-1.459037e-01,5.823950e-01,4.524165e-01,-1.485335e-01,-2.474428e-01,9.778629e-02
4.740101e+00,2.599014e-01,1.267648e+00,-5.429416e-01,-3.325284e-02,-9.844286e-02,1.081691e-01,-2.391946e-01,-3.884259e-01,-3.477147e-02,3.696704e-01
4.009218e+00,-1.329581e-01,1.803841e+00,4.416235e-01,1.144395e-01,2.307765e-02,4.838367e-01,3.246067e-01,2.364005e-01,3.478501e-03,-1.024675e-02
4.336811e+00,1.370487e-01,1.709630e+00,1.592356e-01,2.210197e-01,-2.960546e-01,2.070566e-02,1.124274e-01,4.820447e-02,-2.948143e-01,3.237399e-01
4.598237e+00,-2.010256e-01,1.345264e+00,5.323430e-01,5.855044e-01,-1.017296e-01,2.183509e-01,-3.963245e-02,-2.304541e-01,-5.232493e-02,3.172443e-01
4.433468e+00,-5.439481e-02,1.735897e+00,1.085260e-01,1.447676e-01,1.554431e-02,1.137899e-01,-8.119339e-02,2.008197e-02,-3.219196e-02,7.895680e-02
4.383646e+00,-3.344579e-01,1.489808e+00,-4.749627e-02,1.316003e-01,-6.941325e-02,-7.886274e-02,-1.223199e-01,-7.251693e-02,-2.742668e-01,5.776684e-02
4.423016e+00,-2.029681e-01,1.586526e+00,3.329459e-01,3.810422e-01,-3.841227e-01,-1.476289e-01,1.548544e-01,2.032005e-01,1.493079e-01,2.916526e-01
4.652801e+00,1.067528e-01,1.633488e+00,2.858444e-01,3.778855e-01,-4.182989e-02,6.765280e-03,-2.435694e-01,-1.482795e-03,-8.392369e-02,1.307917e-01
3.851185e+00,-8.127852e-01,7.260016e-01,-3.847344e-01,1.156454e-01,-1.806600e-01,2.301127e-02,-5.039359e-02,8.922111e-02,8.965387e-02,-2.224604e-02
4.764911e+00,-1.380704e-01,1.270957e+00,4.645943e-02,2.822940e-01,-3.678865e-01,-1.482538e-01,1.808495e-01,1.083606e-01,-7.477593e-03,2.087416e-01
4.434511e+00,-7.661723e-03,1.425138e+00,-8.674444e-03,4.182715e-01,3.007999e-02,1.562553e-01,4.826940e-01,3.928290e-01,-1.510492e-01,-7.884969e-02
4.450288e+00,-1.501837e-01,1.361330e+00,-1.590011e-01,-3.736523e-02,-2.070979e-01,2.489822e-02,-5.764336e-05,2.600612e-01,-4.353107e-02,1.688092e-01
4.590626e+00,2.179058e-01,1.352275e+00,-1.006074e-01,4.331036e-01,1.301428e-01,-1.305549e-01,1.093740e-01,5.340477e-02,-7.536770e-02,1.354518e-01
4.587856e+00,-2.082751e-01,1.308905e+00,3.674647e-02,-2.352703e-02,-5.844204e-02,2.165495e-01,4.195447e-01,8.586797e-02,-3.122045e-01,4.776875e-02
4.371922e+00,1.365914e-01,1.762568e+00,1.869536e-02,1.527892e-02,-1.133321e-01,1.474838e-01,-4.677773e-02,2.049558e-02,-2.306443e-01,-2.224779e-01
4.620097e+00,2.692007e-01,1.330198e+00,-2.257448e-01,2.268531e-01,-2.787280e-02,-3.868621e-02,3.532701e-01,1.021242e-01,-6.139458e-02,4.193623e-01
4.634103e+00,1.769503e-01,1.264124e+00,-2.740590e-01,-1.236810e-01,-1.597822e-01,2.227934e-01,2.898166e-01,1.323119e-01,-1.405685e-01,-5.910934e-02
4.527412e+00,-3.972245e-02,1.108236e+00,-1.081454e-01,1.922251e-01,-2.527199e-02,3.620287e-01,4.508300e-01,3.801574e-01,-1.198050e-01,2.345226e-01
4.572260e+00,1.088417e-01,1.480189e+00,-2.575487e-02,3.979279e-01,-1.682238e-01,1.548069e-01,2.560817e-01,2.386249e-01,4.197712e-02,8.148107e-03
4.119851e+00,-2.403350e-01,1.253291e+00,-3.652459e-01,-2.377151e-01,-7.396322e-01,-1.228408e-01,4.035092e-01,2.076749e-02,-1.268979e-01,-4.510663e-02
4.477669e+00,-3.055095e-01,9.200043e-01,-1.717287e-01,2.493940e-01,3.465802e-01,1.688791e-01,2.561534e-01,5.685546e-01,2.075496e-01,4.586076e-02
4.648459e+00,-9.623643e-03,1.344686e+00,3.961250e-02,4.063598e-01,2.075273e-01,5.067641e-01,2.754192e-01,7.584089e-03,4.798438e-03,-5.820160e-02
4.494230e+00,1.227782e-01,1.425514e+00,-5.587876e-02,-4.007338e-01,-7.385126e-01,8.580743e-03,3.698019e-01,1.869066e-01,-4.592127e-01,-2.597462e-01
4.339474e+00,-4.639114e-01,1.217329e+00,1.989653e-01,3.213458e-01,7.780533e-02,5.438339e-02,-1.292401e-02,2.972717e-01,5.531848e-02,-8.281495e-02
4.421911e+00,-1.802175e-01,1.431318e+00,-8.584980e-03,3.141704e-01,-7.865176e-03,1.895964e-01,6.140190e-01,4.137284e-01,1.832883e-02,2.235839e-01
4.506178e+00,3.476639e-01,1.353637e+00,-3.993612e-03,1.084320e-01,-4.688309e-01,1.190133e-01,5.473643e-01,8.872854e-02,-3.417262e-01,-1.526777e-01
4.675465e+00,-2.966320e-01,1.207460e+00,-8.270788e-03,3.914859e-02,-1.442758e-01,1.419297e-01,4.215576e-02,4.489398e-01,1.908416e-01,4.089823e-01
4.213779e+00,-2.827061e-01,1.508986e+00,-5.362672e-03,-5.722356e-02,-4.760195e-01,1.416961e-01,6.095136e-01,3.337306e-01,-1.403965e-01,-1.094429e-01
4.446910e+00,4.703520e-02,1.224838e+00,-3.146868e-01,1.412550e-01,-1.493492e-01,3.623584e-01,1.752114e-01,-1.060601e-01,2.786242e-02,1.214157e-01
4.783339e+00,1.503467e-01,1.685088e+00,3.103924e-01,3.476004e-01,-1.803203e-01,2.076638e-01,-2.103436e-01,-1.382065e-01,3.143356e-02,1.601555e-01
3.620095e+00,-5.271418e-01,1.496182e+00,-1.485771e-01,-4.155448e-02,1.610055e-01,3.451980e-01,1.753014e-01,-2.438957e-02,-3.007654e-01,1.192260e-01
4.159600e+00,-2.213038e-01,1.383916e+00,-9.433837e-02,1.510092e-01,-6.526532e-02,2.788840e-01,3.942909e-01,2.349747e-01,1.626266e-02,5.299211e-01
4.740481e+00,2.205458e-01,1.584534e+00,2.818758e-01,2.830895e-01,-9.059258e-02,-1.113974e-03,-5.964359e-02,1.377837e-02,-6.583247e-02,2.177495e-01
4.236467e+00,-3.931746e-01,1.109636e+00,-4.295309e-01,-2.479461e-01,-1.309547e-01,2.792656e-02,-6.470593e-02,1.058744e-01,-3.527138e-03,-5.616625e-02
4.361083e+00,-4.002516e-01,1.364996e+00,3.126678e-01,5.329886e-01,-2.342189e-02,1.095977e-01,1.838452e-01,-1.397766e-01,-1.658863e-01,4.271565e-01
4.461825e+00,2.410666e-01,1.603008e+00,1.663372e-01,1.638432e-01,-1.637775e-01,-2.983838e-02,2.118102e-02,4.232292e-01,2.715385e-01,1.874074e-01
4.514091e+00,-1.225218e-01,1.380591e+00,1.234410e-01,-1.730970e-01,-3.061476e-01,-1.612280e-02,-7.286678e-02,5.821954e-02,-2.658943e-01,-3.335901e-01
4.181046e+00,-4.372325e-01,9.514305e-01,-2.731435e-01,2.901017e-01,-8.697908e-02,1.398715e-01,4.334375e-01,6.571910e-01,5.201134e-01,6.577369e-01
4.180841e+00,-5.110082e-01,8.948036e-01,-1.220781e-01,4.992684e-01,-7.656163e-02,4.630874e-01,6.810484e-01,3.880116e-01,3.722843e-01,2.868313e-01
4.522461e+00,-1.357041e-02,1.611332e+00,7.049507e-02,2.283189e-02,-2.368214e-01,-2.233001e-01,9.161881e-02,1.598762e-01,-1.856520e-01,-4.780313e-02
4.237215e+00,4.736182e-02,1.718486e+00,3.883238e-01,7.060246e-01,-1.950790e-01,-3.641706e-01,2.953713e-01,4.717834e-01,1.502963e-01,2.152160e-01
4.339801e+00,-4.264894e-01,6.931808e-01,-1.950276e-01,6.302484e-02,-2.308143e-01,-1.559836e-01,-1.547096e-01,3.299329e-02,-1.843813e-01,-3.513612e-02
4.557358e+00,-2.888003e-01,1.232891e+00,-3.993879e-01,-7.380393e-02,-1.839534e-01,2.223234e-02,2.557772e-01,2.670960e-01,-2.966436e-02,2.359493e-01
4.758211e+00,2.147205e-01,1.662997e+00,1.311201e-02,2.499630e-01,1.366652e-01,1.150726e-01,2.485296e-01,4.255125e-01,-1.689970e-01,-1.873923e-01
4.107639e+00,-2.851628e-01,7.433167e-01,-6.493264e-01,-2.544047e-01,-2.019364e-01,1.466163e-01,2.616646e-01,2.228659e-01,-5.714901e-02,3.064809e-01
4.191902e+00,-1.491547e-02,1.386611e+00,-5.178466e-01,9.222257e-02,1.798017e-01,8.655055e-02,4.888026e-01,3.669009e-01,-7.041838e-02,1.482487e-01
4.720031e+00,2.843665e-01,1.444878e+00,-3.316293e-02,1.042347e-02,-7.418794e-02,2.448970e-01,1.359275e-01,2.254488e-01,-1.046469e-01,3.174768e-02
4.479074e+00,-1.258813e-01,7.559748e-01,-1.515544e-01,4.320600e-01,-1.534803e-01,4.018137e-01,4.928441e-01,-1.666496e-01,-6.408040e-01,-4.561517e-04
4.727644e+00,3.895052e-01,1.639046e+00,-2.137579e-01,-4.378299e-02,-3.423247e-01,-1.850781e-02,3.838956e-01,3.569330e-01,4.664917e-02,-1.064008e-01
4.161557e+00,-3.509208e-01,1.088620e+00,-1.797832e-01,1.634142e-01,3.886489e-01,3.152973e-01,2.446959e-01,2.756435e-01,9.790818e-02,1.701527e-01
4.453341e+00,-2.361066e-01,1.142298e+00,-3.903261e-02,2.348715e-03,-4.255234e-01,7.296560e-02,3.290572e-01,-4.964180e-02,-3.929848e-01,-1.061426e-01
4.732478e+00,7.064202e-02,1.301122e+00,1.659265e-01,8.406921e-02,-2.944135e-01,2.944362e-01,2.647078e-01,1.803784e-01,1.668860e-01,2.588643e-01
4.277522e+00,-7.225636e-01,1.016308e+00,-2.824666e-01,8.356729e-02,9.765030e-02,1.231089e-01,3.629259e-01,4.878345e-01,2.587760e-01,1.996863e-01
4.408012e+00,3.516398e-02,1.441358e+00,-2.177285e-01,1.163366e-02,-3.947629e-01,-1.055506e-01,4.835196e-01,3.661540e-01,1.556102e-01,8.670488e-02
4.937839e+00,1.353969e-01,1.248646e+00,2.426448e-01,2.757600e-01,-5.664022e-01,1.559115e-01,4.621403e-01,5.010275e-02,-2.076821e-01,3.708442e-02
4.512845e+00,-4.602636e-01,8.481984e-01,-3.229882e-01,1.730254e-01,-2.141000e-01,-6.651204e-02,-9.171819e-02,-8.527805e-02,2.427963e-02,1.412696e-01
3.798106e+00,-1.102116e-03,1.859661e+00,2.648275e-01,1.059283e-01,-1.074842e-01,3.044456e-01,5.907812e-01,3.416249e-01,-2.279795e-01,-4.888023e-01
4.744891e+00,2.215847e-01,1.467999e+00,4.436952e-01,2.421988e-01,-3.946482e-01,3.639033e-01,2.761476e-01,1.026340e-01,5.982188e-02,8.468304e-02
4.134831e+00,-3.310955e-01,1.194795e+00,-2.961400e-01,1.391778e-01,-1.716006e-01,9.280462e-02,-2.800634e-01,-1.775967e-01,-1.309393e-01,1.124723e-01
4.403949e+00,-1.249042e-01,1.460093e+00,2.099812e-02,-1.169992e-01,1.281016e-02,5.679510e-01,5.462612e-01,1.732956e-01,3.852135e-02,1.707134e-01
4.295123e+00,-1.220366e-01,1.155607e+00,1.604391e-01,3.426591e-01,4.849488e-01,6.813053e-01,4.815880e-01,2.967268e-02,-1.286899e-01,1.143730e-01
4.504616e+00,-7.181970e-03,1.419038e+00,-5.150325e-02,-1.701033e-01,-2.884000e-01,-1.588367e-01,-2.796538e-01,1.380329e-02,-1.772049e-01,8.771163e-02
4.681293e+00,1.029248e-01,1.693346e+00,1.572763e-01,1.780144e-01,-7.013988e-02,7.910604e-02,3.145552e-01,1.205471e-01,-1.049108e-01,3.469558e-01
4.377885e+00,-1.223989e-01,9.366423e-01,-2.971840e-01,2.449149e-01,-2.356552e-01,1.463892e-01,-2.889994e-02,-1.108307e-01,1.741217e-01,1.996167e-01
4.195102e+00,-3.796621e-01,1.221446e+00,-2.534355e-01,-1.466848e-01,-4.901103e-01,-8.652000e-02,1.260566e-01,-3.535795e-02,-1.960136e-01,1.260754e-03
4.580285e+00,2.584964e-01,1.651904e+00,-7.144931e-02,2.137762e-01,9.376152e-02,1.019782e-01,8.677503e-02,2.528918e-01,5.501285e-02,-5.391093e-02
4.430610e+00,-5.403586e-01,1.156136e+00,9.476133e-02,4.707757e-01,-2.094228e-01,-8.886914e-02,3.263357e-02,-4.619737e-02,8.258226e-02,7.862423e-02
3.918039e+00,-3.748225e-01,1.412387e+00,5.642851e-02,6.141344e-01,-4.818945e-02,1.201005e-01,4.776978e-01,1.355025e-01,-7.803600e-02,9.172812e-02
4.883593e+00,6.680488e-02,1.388625e+00,-3.001382e-02,3.090174e-01,-2.089354e-01,-1.670750e-01,1.975144e-02,1.095079e-01,-1.924662e-01,-1.119716e-01
4.231713e+00,-3.830092e-01,9.017435e-01,1.615422e-01,4.833792e-01,2.650895e-01,1.564590e-01,3.342803e-01,3.977311e-01,-2.366945e-02,-8.706682e-02
4.686362e+00,2.369304e-01,1.399801e+00,3.025371e-02,1.664598e-01,-2.364832e-01,-1.289224e-01,4.784468e-01,5.303008e-01,-1.671017e-01,2.016366e-01
4.661633e+00,-1.403123e-01,1.470315e+00,2.460403e-02,9.669350e-02,8.974993e-02,1.527605e-01,2.333865e-01,3.151823e-01,-1.608530e-01,-1.249693e-01
4.457364e+00,-4.200299e-01,7.661806e-01,-3.343963e-01,-1.698939e-01,-1.853754e-01,-8.108224e-02,-1.962625e-02,3.045419e-02,-4.190856e-01,1.388236e-02
4.493579e+00,3.205771e-01,1.598819e+00,-1.689930e-01,2.845445e-01,3.839869e-02,-2.167152e-03,1.723947e-01,2.023346e-01,9.140341e-02,-7.877614e-02
4.457809e+00,-9.236706e-02,1.539393e+00,-8.092644e-02,-1.993591e-01,-1.690211e-01,2.094367e-01,2.321861e-01,4.291107e-01,8.615243e-02,1.578151e-01
4.345862e+00,-2.287898e-01,9.436071e-01,-4.305569e-01,-2.371540e-02,-3.560727e-01,-1.032432e-01,8.770688e-02,-8.224517e-02,-3.366379e-01,9.824717e-02
4.732577e+00,6.926148e-02,1.273372e+00,-9.602109e-02,3.260213e-01,7.071114e-02,4.872388e-01,4.667809e-01,-8.327311e-02,-7.014991e-02,1.516595e-01
4.541380e+00,1.758225e-01,1.292645e+00,-3.880427e-01,-1.513062e-02,-2.419236e-01,1.599928e-01,2.404554e-01,4.125799e-03,-1.303443e-01,-8.332404e-02
4.084514e+00,-3.551202e-01,1.236104e+00,-3.297313e-01,2.336370e-02,-2.466773e-01,-4.028066e-02,1.424273e-01,2.559383e-01,-5.940492e-02,8.231426e-02
4.860468e+00,2.286663e-01,1.249218e+00,4.873650e-03,1.403203e-01,-1.591941e-01,2.022318e-01,3.820258e-01,2.452783e-01,6.879384e-02,4.260987e-01
4.571695e+00,-2.558912e-01,1.138419e+00,-8.469514e-02,-5.467505e-02,-2.402315e-01,3.864588e-02,2.357075e-01,-1.162862e-02,-1.755245e-01,-6.767472e-02
4.754544e+00,-7.352606e-02,1.270580e+00,-2.463310e-01,7.666940e-02,1.841653e-01,-3.290007e-02,-4.262931e-02,3.056883e-01,1.388922e-01,1.087911e-01
4.370909e+00,-2.944205e-01,1.398075e+00,3.801948e-01,3.270060e-01,-8.857190e-02,3.176581e-01,3.296216e-01,1.304271e-01,-3.651130e-01,-1.234338e-01
4.357950e+00,-2.083453e-01,1.307875e+00,-1.704015e-01,6.396179e-02,-2.583285e-01,-6.163857e-02,2.038617e-01,7.761733e-02,7.459988e-02,-3.697090e-02
4.646315e+00,-2.385253e-02,1.495260e+00,5.388425e-01,3.165871e-01,-1.738996e-01,1.960242e-01,-6.103659e-02,2.005986e-01,1.222617e-01,1.033622e-01
4.570628e+00,-8.233425e-02,1.221323e+00,-5.674408e-02,8.079673e-02,-6.447915e-02,1.423738e-01,1.058918e-01,2.104314e-01,1.587548e-01,1.221668e-02
3.963736e+00,-6.822175e-01,1.230639e+00,-4.957453e-01,-1.236340e-01,-3.818145e-01,-2.529121e-01,3.938174e-02,-1.455115e-01,-2.059743e-01,-2.390792e-01
4.759794e+00,-5.725140e-02,1.603130e+00,3.033006e-01,1.512894e-01,-2.774624e-01,8.808833e-02,-1.164463e-01,2.901852e-01,6.270504e-02,1.332639e-01
4.687341e+00,1.138894e-01,1.471938e+00,9.010243e-03,1.287558e-01,-3.096729e-01,2.996708e-01,4.391424e-01,-6.718890e-02,-6.405795e-02,8.630640e-03
3.996851e+00,-6.313492e-01,1.043889e+00,-1.118179e-01,2.853463e-01,1.844160e-01,2.073586e-01,1.460922e-01,2.064734e-01,1.872386e-01,4.221471e-01
4.577573e+00,4.131826e-02,1.751510e+00,1.419499e-02,1.294057e-02,-2.672420e-01,-2.320885e-02,4.246594e-02,2.759885e-02,1.464491e-01,4.333682e-01
4.280006e+00,2.998804e-02,1.715181e+00,1.266954e-01,9.220323e-02,-5.651176e-02,3.538185e-01,2.775475e-01,1.220241e-01,-3.979451e-01,-7.240836e-02
4.349478e+00,-1.660698e-01,1.443954e+00,5.654064e-03,4.609276e-01,1.057108e-02,2.540780e-02,2.997608e-01,-1.885877e-01,-1.696876e-02,4.672129e-01
4.288308e+00,2.371030e-01,1.590156e+00,1.054094e-01,4.626713e-01,3.029510e-01,2.762473e-01,-1.421723e-01,-3.054764e-01,-2.329759e-01,-2.249798e-01
4.233456e+00,-8.446767e-02,1.369072e+00,9.251585e-02,-3.458974e-02,-4.272606e-01,-1.144595e-01,-1.259165e-01,1.223806e-01,-2.316342e-01,4.495515e-02
4.439700e+00,-2.662656e-02,1.723771e+00,3.029172e-01,4.868246e-01,-1.612798e-02,-2.783716e-01,1.117569e-02,6.091922e-02,2.095980e-02,2.392320e-01
4.262140e+00,-1.553329e-01,1.353014e+00,-2.170244e-01,8.155136e-02,-1.065853e-01,1.766938e-01,5.658279e-01,5.027160e-01,1.236463e-01,7.838998e-02
4.351418e+00,-1.463824e-01,1.072496e+00,-2.550831e-01,1.682114e-01,-3.231166e-01,-2.048289e-01,1.010951e-01,1.760343e-01,-1.701432e-01,1.098747e-01
4.451466e+00,-5.142313e-02,1.247001e+00,2.117026e-01,6.881232e-01,1.552650e-01,2.258839e-01,4.351794e-01,4.831472e-01,-8.090697e-02,1.179954e-01
4.361672e+00,-1.764036e-01,1.311222e+00,-9.548262e-02,2.036398e-01,1.841415e-01,1.667458e-01,3.975020e-01,5.113698e-01,-1.437187e-01,1.128880e-02
4.007163e+00,-5.291233e-01,1.026392e+00,-3.642086e-01,-1.990343e-01,-5.431232e-01,-7.030573e-01,-5.761872e-02,1.399347e-01,-1.877273e-01,1.718379e-01
4.470290e+00,-3.960495e-02,1.284931e+00,-6.971151e-02,3.939246e-01,-5.083598e-02,-3.906102e-02,2.303873e-01,4.093509e-01,2.547380e-01,2.397380e-01
4.662141e+00,5.584120e-02,1.324381e+00,1.805143e-02,4.230297e-01,2.388921e-01,2.100066e-01,-6.903790e-02,-4.554130e-03,-2.678263e-01,-8.333175e-02
4.297428e+00,-1.607555e-01,1.440247e+00,-1.061010e-01,6.243981e-02,-1.655537e-01,1.276029e-01,1.961697e-01,1.615397e-01,9.541809e-02,7.261661e-02
4.358341e+00,1.827676e-02,1.343821e+00,-7.907905e-02,-2.901805e-02,-1.454508e-01,2.272678e-01,2.847887e-01,2.530963e-01,-1.773221e-01,-1.179185e-01
4.446306e+00,4.276329e-02,1.455447e+00,-1.522292e-01,-5.894266e-02,-2.315911e-01,2.300995e-01,3.872249e-01,9.880352e-02,-1.183913e-01,3.689148e-01
4.498212e+00,1.359031e-01,1.428601e+00,-1.794916e-01,1.902333e-01,3.054412e-01,5.080453e-01,2.548581e-01,-3.398455e-02,9.935674e-02,1.357747e-01
4.727549e+00,1.398217e-01,1.340185e+00,-2.697738e-01,-2.086119e-01,-2.754413e-01,3.693542e-01,4.894789e-01,-7.705344e-02,4.950679e-03,5.087466e-01
3.515895e+00,-6.103016e-01,1.161559e+00,-2.285623e-01,-8.685936e-02,-3.342004e-01,2.361100e-01,4.409710e-01,3.862176e-01,-1.475339e-02,2.953159e-01
4.727049e+00,9.244904e-02,1.500623e+00,8.140533e-02,1.461733e-01,-3.822537e-02,1.189178e-01,1.243432e-01,-1.576946e-01,-2.272336e-02,-1.711926e-01
4.968481e+00,-3.747885e-02,1.371967e+00,5.055612e-03,3.237290e-01,-7.597780e-02,1.112117e-01,1.843218e-01,-1.740294e-01,-6.773312e-02,3.198180e-01
4.147968e+00,-4.260255e-01,1.325784e+00,-2.424437e-01,1.514322e-01,-4.052242e-01,-9.804311e-02,2.462580e-01,1.753967e-01,-2.829288e-02,1.892153e-01
4.671410e+00,-1.736461e-01,1.486012e+00,2.759966e-01,1.379573e-01,-3.049297e-01,1.936627e-01,1.575494e-01,3.743223e-01,8.695614e-02,-7.105737e-02
4.602742e+00,2.741637e-03,1.400993e+00,5.671785e-02,4.313076e-01,-5.262677e-02,9.296619e-02,-2.353296e-02,-2.347271e-02,1.285876e-01,1.322686e-01
4.310145e+00,-3.427330e-01,1.057133e+00,-3.270729e-01,1.010723e-01,-3.578674e-01,1.146359e-02,1.528496e-01,1.891384e-02,1.627794e-01,2.034472e-01
4.380130e+00,-5.293579e-01,1.375130e+00,2.122950e-01,3.779324e-01,8.597054e-02,4.633607e-01,2.700066e-01,2.486932e-01,-1.484129e-01,-4.023060e-03
4.666114e+00,1.060810e-01,1.502314e+00,-2.027258e-02,2.034850e-01,-1.981374e-01,-1.264054e-01,-7.593360e-02,-8.549588e-02,1.737157e-01,2.279852e-01
4.369579e+00,1.510044e-01,1.555283e+00,4.814907e-01,1.841012e-01,-2.408342e-01,9.807615e-02,4.703269e-02,2.808581e-02,-2.368673e-01,4.217931e-02
4.270818e+00,-1.016720e-01,1.420551e+00,2.124858e-01,3.755265e-01,-8.123290e-02,9.437714e-02,-1.201302e-01,-2.240764e-02,1.674898e-01,3.096074e-01
4.124671e+00,-1.520366e-01,1.440407e+00,1.449672e-01,2.945073e-01,-8.152419e-02,3.501474e-02,-9.486854e-02,-1.559616e-01,-3.096669e-01,2.042675e-01
4.398912e+00,2.119929e-01,1.815481e+00,8.825050e-02,2.467126e-01,-9.692984e-03,3.011461e-01,2.930200e-01,-3.085055e-01,-2.404625e-01,2.410578e-01
4.290848e+00,2.797781e-02,1.704708e+00,1.182054e-01,3.534487e-01,1.488003e-01,-5.999869e-02,-9.742853e-02,1.105716e-01,3.032649e-01,5.617228e-01
3.734581e+00,-1.854528e-01,1.170768e+00,-3.718201e-01,-2.959140e-01,-7.852136e-01,-3.660239e-01,-3.097794e-01,-3.179548e-01,-3.790626e-01,2.738984e-01
4.432924e+00,1.867701e-01,1.350046e+00,2.810687e-03,2.727720e-01,-2.485389e-01,2.748153e-01,2.695097e-02,-2.488676e-01,-1.864526e-01,3.120486e-01
4.443518e+00,1.029500e-01,1.582028e+00,2.341373e-01,5.625632e-01,2.831504e-01,1.558770e-01,1.803177e-03,2.261095e-02,-2.315237e-01,1.162219e-01
4.158748e+00,-4.995875e-02,1.726657e+00,-2.313249e-02,-1.186855e-01,-3.515693e-01,-2.729909e-01,2.515608e-01,5.198300e-01,1.991351e-02,-5.691902e-02
4.287055e+00,2.409356e-03,1.551015e+00,7.492853e-02,3.752730e-01,-1.270658e-01,-1.522618e-01,1.552504e-01,3.205239e-01,-1.065865e-01,1.275930e-01
4.829627e+00,1.758258e-01,9.421253e-01,1.247505e-01,4.524244e-01,-2.910830e-02,3.318613e-02,1.010257e-01,-2.033541e-02,-1.125125e-01,4.094887e-01
3.875377e+00,-4.597955e-01,1.355626e+00,2.308973e-01,3.140855e-01,2.086982e-01,2.865458e-01,2.256151e-01,3.833568e-01,-1.304095e-01,-1.911370e-01
4.603885e+00,2.440255e-01,1.644965e+00,1.631613e-01,4.741287e-01,-2.202566e-01,-4.347729e-01,1.052898e-01,8.477079e-02,-1.981970e-01,3.154081e-01
4.206522e+00,-1.970196e-01,1.233748e+00,-5.771001e-02,3.059558e-01,4.906221e-02,1.103338e-01,1.887653e-01,1.448258e-01,-1.001743e-01,5.175077e-02
4.530073e+00,-1.183527e-01,1.277204e+00,-1.518248e-01,3.870867e-01,-6.366730e-02,1.656708e-01,9.216753e-02,1.236369e-01,-4.729661e-02,-4.479132e-02
4.733861e+00,-3.793046e-02,1.344867e+00,-3.537493e-02,2.173554e-01,-1.359117e-01,8.249675e-02,3.259872e-01,1.480715e-01,5.938754e-02,1.944020e-01
3.892918e+00,-5.186002e-01,1.238101e+00,-4.375373e-01,-2.711864e-01,-6.180599e-01,-3.293657e-01,1.449037e-01,1.107447e-01,1.364464e-01,1.920390e-01
4.512450e+00,1.334267e-01,1.600540e+00,-2.275385e-01,2.766802e-01,2.442682e-01,1.670056e-01,-1.966671e-01,2.762304e-01,1.390943e-01,7.829305e-02
4.668203e+00,-1.727850e-01,1.403978e+00,7.294389e-02,4.899556e-01,-2.181950e-03,3.033211e-01,3.416488e-01,-2.568000e-01,-1.933913e-01,2.605960e-01
4.434968e+00,-2.308267e-01,1.209862e+00,-3.755316e-01,-4.104178e-01,-5.955682e-01,-1.843031e-01,-1.674755e-01,-6.653283e-01,-5.327086e-01,2.003977e-02
3.875931e+00,-3.211552e-01,1.419004e+00,2.161866e-01,2.300094e-01,5.863115e-01,9.887949e-01,3.604900e-01,4.728016e-02,-1.656296e-01,2.826086e-01
4.476054e+00,8.873836e-02,1.704058e+00,-4.183847e-02,1.044761e-01,1.026248e-01,3.636998e-01,1.060609e-01,2.444901e-01,1.393273e-01,2.675292e-01
4.317061e+00,-1.563146e-01,1.619397e+00,5.763531e-02,1.068470e-01,-3.362592e-01,2.926786e-02,1.511168e-01,-2.221799e-03,9.954215e-02,1.881955e-01
4.652345e+00,-1.910258e-01,1.296950e+00,2.588927e-01,1.505090e-01,-7.121223e-02,3.069387e-01,1.269274e-01,2.354582e-02,-8.919525e-02,2.272558e-01
4.188426e+00,-2.238420e-02,1.584817e+00,-6.022273e-02,2.795807e-01,1.137988e-01,1.949878e-01,-2.303094e-02,4.714628e-02,-9.508998e-02,2.595429e-02
4.413928e+00,1.872247e-01,1.243821e+00,3.422783e-02,2.295027e-01,-5.527585e-01,-1.822222e-01,4.047255e-02,3.639651e-02,1.279328e-01,2.415449e-01
4.646561e+00,2.780657e-01,1.620794e+00,2.919099e-01,2.263499e-01,-2.920912e-01,2.182828e-01,1.798947e-01,4.018230e-02,-2.544617e-01,-1.285612e-02
3.991220e+00,-4.412267e-01,1.190668e+00,-3.971348e-01,1.313902e-01,-2.410378e-01,-2.188941e-01,-2.540622e-01,-1.518301e-01,7.045121e-02,1.528920e-01
4.166941e+00,-4.178903e-01,1.300497e+00,1.553044e-01,4.354160e-01,-1.704741e-01,-1.666591e-02,6.245142e-02,-7.598934e-02,-9.304433e-02,2.729319e-01
4.365738e+00,2.107515e-01,1.686109e+00,2.468822e-01,3.107131e-01,6.031120e-02,8.260532e-03,7.513217e-02,3.006559e-01,7.309232e-02,-1.358130e-02
4.242317e+00,-3.448254e-01,1.493405e+00,2.002930e-01,1.999244e-03,-3.697942e-01,-3.572217e-01,-2.135116e-01,2.192290e-01,5.448510e-02,2.240558e-01
4.404202e+00,6.849456e-02,1.194587e+00,-1.419466e-01,5.660709e-01,4.646919e-02,1.617247e-01,-5.644357e-03,-1.952978e-01,9.090874e-02,4.439130e-01
4.625172e+00,2.169761e-01,1.640332e+00,1.667156e-01,1.587251e-01,-4.716392e-01,-9.466711e-02,1.916753e-01,6.701435e-02,-2.147967e-01,9.735215e-02
3.882239e+00,-1.842692e-01,1.309090e+00,6.272249e-02,2.524056e-01,2.674962e-02,-1.027054e-01,-3.862248e-01,-3.139586e-01,-5.180709e-01,-1.044923e-01
4.530108e+00,3.463902e-01,1.831640e+00,-1.389113e-02,6.900714e-02,1.354641e-01,2.375584e-01,7.413977e-02,-3.061098e-01,-3.414480e-01,3.248499e-01
4.128791e+00,3.258011e-01,1.615144e+00,1.021615e-01,2.798397e-01,-2.273141e-01,3.427301e-01,2.479650e-01,-3.197951e-02,-1.401783e-01,4.390759e-01
4.125562e+00,-2.334004e-01,1.420848e+00,-1.715089e-02,-1.905313e-02,-2.083219e-01,1.103767e-01,1.301258e-02,-7.454725e-02,1.397046e-01,4.455493e-01
4.507321e+00,2.340184e-01,1.832780e+00,-1.640694e-01,4.042325e-01,3.391999e-01,-9.166519e-02,1.032447e-01,-3.598169e-02,-1.990066e-01,-3.865443e-02
4.235625e+00,-4.925355e-02,1.582523e+00,6.917683e-02,-7.192433e-02,-4.888610e-01,-3.236637e-02,-4.470238e-02,2.262373e-01,1.946738e-01,4.887968e-01
4.262771e+00,-2.863449e-01,1.403001e+00,4.645994e-02,1.394813e-01,1.318938e-02,-1.695312e-01,-2.769645e-02,-2.097194e-01,-1.982437e-01,8.014631e-02
4.306333e+00,9.788229e-03,1.637446e+00,2.798962e-01,7.006269e-01,2.592466e-01,1.878508e-01,1.890430e-01,-4.216938e-03,-3.019288e-01,2.043184e-01
4.370107e+00,-6.536799e-02,1.283034e+00,-3.447684e-01,-1.252024e-02,-4.583586e-01,-4.074388e-01,-5.214962e-01,-3.052401e-01,-1.228399e-02,1.300264e-03
3.876886e+00,-5.632487e-01,1.371887e+00,-1.507051e-01,3.592849e-01,6.319431e-02,1.625920e-01,4.178795e-01,4.017530e-01,4.571247e-02,1.481114e-01
4.197316e+00,-2.058146e-01,1.784633e+00,3.531634e-01,3.226019e-01,-1.525102e-01,-1.336797e-02,1.262961e-01,5.236152e-01,3.381484e-01,3.803366e-01
4.396796e+00,-2.063384e-01,1.254873e+00,3.500043e-01,3.519685e-01,-2.867014e-01,-1.801524e-01,-2.969081e-01,-5.109126e-01,-1.376826e-01,1.713806e-01
4.459626e+00,1.730012e-01,1.415335e+00,-2.679174e-02,3.240711e-01,1.526597e-01,2.231275e-01,-6.303846e-02,-4.343292e-03,1.061336e-01,2.434218e-01
4.064042e+00,-2.734178e-01,1.840782e+00,3.449966e-01,3.098272e-01,-2.108901e-01,-4.468317e-02,3.477846e-02,7.487908e-02,-1.325463e-01,1.330462e-01
4.256089e+00,-1.248485e-01,1.133617e+00,-1.615033e-01,-8.054309e-02,-3.671457e-01,-5.322624e-02,-2.317443e-01,-4.893045e-02,-4.566831e-02,2.692287e-01
4.867603e+00,4.039136e-01,1.631743e+00,2.547628e-01,2.861210e-01,-1.024091e-01,2.960993e-01,2.288974e-01,-4.539101e-01,-2.576819e-01,3.970921e-01
3.864097e+00,-1.666715e-01,1.412056e+00,-1.472763e-01,-1.481527e-01,1.497000e-01,3.708957e-01,3.293522e-01,1.482377e-01,1.796801e-01,5.472020e-01
3.654627e+00,-2.572300e-01,1.211347e+00,-4.220903e-01,-2.126525e-02,-4.859993e-02,4.452253e-01,2.295567e-01,-2.380729e-02,-2.121288e-01,4.802684e-01
4.590819e+00,3.650320e-01,2.028971e+00,2.181236e-01,2.029940e-01,-2.672901e-01,1.293998e-01,-4.141673e-02,-3.747973e-01,-8.300572e-02,3.630562e-01
4.223122e+00,-5.773427e-02,1.531364e+00,-1.585953e-01,1.090222e-01,-7.314744e-02,2.855616e-01,2.457427e-02,-1.647859e-01,1.616712e-01,3.326763e-01
4.167466e+00,-1.177940e-01,1.393182e+00,5.002522e-02,1.325374e-01,-1.096352e-01,4.044812e-01,2.451479e-01,-1.536991e-02,-2.606651e-01,2.157088e-01
4.513730e+00,1.076811e-01,1.324410e+00,-2.526766e-02,3.125268e-01,-8.417495e-02,2.831400e-01,-7.781154e-02,-6.825462e-03,2.312385e-01,4.447726e-01
4.368773e+00,-3.415139e-02,1.367323e+00,8.727668e-03,2.104961e-01,-3.889229e-01,2.000353e-02,3.993341e-03,-3.745750e-01,-3.457751e-01,-1.731638e-01
4.363754e+00,-1.932430e-01,1.450828e+00,1.579054e-01,1.625532e-01,-2.684658e-01,1.203360e-01,4.625899e-01,3.754424e-01,9.067664e-02,3.121989e-01
4.358597e+00,-2.743796e-01,1.141331e+00,1.739573e-01,4.327841e-01,1.050386e-01,2.256460e-01,1.364641e-01,2.913524e-01,1.906375e-01,3.574304e-01
4.684637e+00,-7.047825e-02,1.139066e+00,-1.894861e-01,-1.657418e-01,-3.798997e-01,-6.575630e-02,-1.952361e-01,-5.255879e-02,-1.840322e-01,4.559572e-02
4.246544e+00,1.045431e-02,1.885222e+00,3.694006e-01,2.955002e-01,2.962465e-01,2.390873e-01,2.176525e-01,1.635344e-01,-1.157234e-01,-7.082590e-03
4.191910e+00,-2.807109e-01,1.182264e+00,5.813460e-02,2.581653e-01,-2.093487e-01,3.752026e-02,3.111700e-01,1.711514e-01,4.547871e-02,1.607458e-01
3.835387e+00,-4.468889e-01,8.137788e-01,-5.982956e-01,-1.371471e-01,-4.512426e-01,5.092021e-02,-4.243133e-02,-1.178511e-01,-1.528233e-02,3.009623e-01
4.743334e+00,4.334146e-01,1.626668e+00,-2.372597e-01,5.447855e-01,2.560107e-01,1.948799e-01,3.011543e-01,2.610803e-02,-1.738673e-01,-8.232297e-02
4.263962e+00,1.399856e-01,1.331074e+00,-2.427655e-01,-4.474953e-02,-2.998643e-01,-1.065528e-01,3.703419e-01,9.738901e-02,9.427705e-03,2.401389e-01
4.050560e+00,2.707613e-02,1.487427e+00,-2.957953e-01,-2.183194e-01,-4.945897e-01,5.189205e-02,3.689890e-01,1.434123e-01,-2.022004e-01,2.354440e-01
4.641759e+00,4.073149e-01,1.503502e+00,-4.200269e-01,2.832743e-01,2.290290e-01,1.836016e-01,2.069629e-01,-2.018117e-01,-1.651503e-01,2.321151e-01
4.549467e+00,1.380727e-01,1.472218e+00,7.852501e-02,1.385583e-01,9.289150e-02,4.968823e-01,-1.560867e-01,-2.578959e-01,-3.752833e-01,-2.167273e-01
4.302052e+00,-2.842730e-02,1.725680e+00,-1.870184e-02,5.526781e-02,-9.884744e-03,8.919630e-02,3.330494e-01,1.771757e-01,-1.710424e-01,4.749031e-01
4.084912e+00,-2.089304e-02,1.519358e+00,1.730081e-01,1.170934e-01,1.438717e-01,1.122422e-01,-1.441232e-01,-4.333683e-02,-1.059417e-01,3.594169e-01
4.439181e+00,-1.119825e-01,1.336175e+00,1.442134e-01,-4.808156e-02,-2.428338e-01,-1.124546e-01,-1.923170e-01,-9.953555e-02,-1.165658e-01,1.350689e-01
4.418819e+00,7.463548e-02,1.549283e+00,1.677185e-01,5.394149e-01,1.195082e-01,3.679651e-02,2.271623e-01,-5.852433e-02,-1.831177e-01,1.650010e-01
4.219869e+00,-3.087697e-01,1.514097e+00,8.131486e-02,2.521907e-01,-1.089892e-01,5.599658e-02,-9.715930e-02,1.138220e-01,2.459639e-02,2.691387e-01
3.805776e+00,-5.145710e-01,1.347616e+00,-3.669007e-02,-1.010303e-01,-3.576388e-01,-1.042102e-01,-4.212571e-02,1.336098e-01,8.782506e-03,1.995283e-01
4.657629e+00,3.178611e-01,1.585071e+00,1.231560e-01,2.987508e-01,-6.261035e-02,-1.162644e-02,-2.317912e-01,-2.282526e-01,-7.803022e-02,1.664478e-01
4.176269e+00,-1.549591e-01,1.611507e+00,3.265002e-01,1.822517e-01,-3.075099e-01,6.875103e-02,4.477139e-02,5.215825e-02,1.873100e-01,4.813857e-01
4.220988e+00,-1.197578e-01,1.505404e+00,-6.686338e-02,3.364614e-01,-1.041431e-01,-2.265091e-02,-8.514073e-02,-1.817273e-01,-7.834482e-02,3.655824e-01
4.478619e+00,3.342383e-02,1.894831e+00,2.173730e-01,2.839621e-01,-8.547610e-02,1.960770e-01,2.274089e-02,-6.869249e-02,-1.897248e-01,3.345938e-01
4.103965e+00,1.083194e-01,1.745526e+00,1.906836e-01,6.284883e-02,-1.992571e-01,2.969199e-02,-1.183228e-01,-6.687156e-02,-7.171393e-02,-1.492179e-02
4.391466e+00,-1.044871e-02,1.409423e+00,-1.196634e-01,1.206968e-01,-5.937556e-02,1.596095e-01,-2.781457e-03,-1.506344e-01,-3.310431e-01,4.761937e-01
4.034475e+00,-1.480911e-01,1.585340e+00,1.930654e-01,4.131703e-01,2.106107e-01,6.326714e-01,2.521418e-01,-1.258478e-01,-1.599951e-01,4.899852e-01
4.454123e+00,3.113645e-01,1.802345e+00,-2.136005e-01,-5.032430e-02,-3.341755e-01,-1.309625e-01,-1.373865e-01,-2.595421e-01,-1.995616e-02,1.842076e-01
4.256852e+00,-1.273024e-01,1.581394e+00,1.789931e-01,2.765796e-01,1.857681e-01,7.049278e-01,3.255935e-01,1.739093e-01,-9.653547e-02,-1.839546e-01
4.347780e+00,9.232414e-02,1.400092e+00,-2.232770e-01,-4.001671e-02,1.132784e-01,4.197139e-01,2.560242e-02,1.210588e-01,5.283207e-02,6.586496e-02
4.424820e+00,-1.386935e-01,9.439430e-01,-3.249721e-01,8.029856e-02,-4.251333e-01,-1.055286e-01,1.081010e-01,-2.303125e-01,-1.057245e-01,2.375614e-01
4.592103e+00,1.079314e-01,1.624996e+00,9.600229e-02,2.763503e-02,-1.276041e-01,2.560602e-01,3.099200e-01,1.589357e-01,5.529164e-02,1.517050e-01
4.359731e+00,3.708375e-01,1.515918e+00,1.149662e-01,1.837185e-01,-4.527683e-01,-9.883448e-02,6.227132e-01,4.057541e-01,-8.393793e-02,1.400496e-01
4.505836e+00,-3.508673e-01,1.062007e+00,-3.422943e-01,1.024389e-01,-1.266187e-01,-8.213598e-03,7.080899e-02,-2.496342e-01,-7.172954e-02,1.455343e-01
4.638403e+00,2.435290e-01,1.473660e+00,3.912152e-02,4.754641e-02,-1.171388e-01,8.089787e-02,9.634412e-02,7.536388e-03,-3.451248e-01,4.042873e-02
4.138868e+00,-1.322728e-01,1.237290e+00,3.262963e-01,5.138783e-01,2.872362e-01,7.207469e-01,5.364013e-01,1.676673e-01,-1.849848e-01,-2.910233e-01
4.551896e+00,-1.326607e-01,1.396281e+00,-2.513735e-01,1.945915e-02,1.085629e-01,2.561522e-01,2.984806e-01,1.493666e-01,1.077442e-01,2.190410e-01
4.462085e+00,2.404927e-01,1.612012e+00,-1.925439e-01,2.039588e-01,-1.254430e-01,7.319174e-03,1.296112e-01,2.741597e-01,9.764614e-02,2.365572e-02
4.515038e+00,-3.166055e-02,1.214471e+00,-1.582090e-01,-8.359305e-02,-1.709234e-01,3.847665e-01,6.039737e-02,3.047927e-02,5.201306e-02,9.503321e-02
4.301060e+00,-1.439191e-02,1.270858e+00,-1.819673e-01,3.408090e-01,3.046345e-01,4.301435e-01,4.891084e-01,-1.743932e-01,-4.296699e-01,7.998154e-02
4.487934e+00,5.145722e-01,1.947383e+00,-7.593262e-02,-1.749718e-01,-3.724221e-01,-3.595126e-02,5.811850e-01,1.701792e-01,-2.031077e-01,3.043170e-02
4.333900e+00,3.874837e-02,1.119408e+00,-2.987016e-01,-3.745141e-02,-1.580057e-01,1.527685e-01,-6.299661e-02,-1.205013e-01,-1.815443e-01,1.704493e-01
4.567588e+00,1.078156e-01,1.648461e+00,-1.229196e-01,1.932973e-01,1.948384e-02,5.166775e-03,3.156280e-01,1.725939e-01,-9.195281e-02,2.221961e-01
4.381239e+00,1.364511e-01,1.706411e+00,9.320576e-02,7.812190e-02,4.203982e-02,2.541992e-01,1.094339e-01,1.090532e-02,-2.043157e-02,1.281429e-01
4.063701e+00,-4.556202e-01,9.773456e-01,-2.984687e-01,-2.380053e-01,-2.705137e-01,-1.357457e-01,-1.091660e-01,5.792299e-02,-3.611413e-01,2.341715e-01
4.374436e+00,4.135864e-01,1.964339e+00,-6.871864e-02,1.669345e-01,-2.117894e-01,-1.593547e-02,3.317849e-01,3.876536e-01,1.106858e-01,-1.504255e-02
4.474361e+00,-2.050603e-01,1.474716e+00,4.497884e-02,1.661253e-01,-7.079748e-02,3.988747e-01,2.939123e-01,-1.225053e-02,-1.654784e-01,1.198594e-01
4.827293e+00,-3.725653e-02,1.299432e+00,-3.538989e-01,1.536564e-01,-2.281003e-01,-1.426689e-01,-1.590353e-01,-1.560211e-01,-1.665561e-01,1.099928e-01
3.999017e+00,-1.503548e-01,1.762815e+00,3.515855e-01,2.163223e-01,-2.814629e-01,3.272506e-01,3.392131e-01,3.084310e-01,-5.699413e-02,2.045835e-01
4.421735e+00,1.079847e-01,1.560272e+00,3.811323e-02,2.298539e-01,-6.070680e-02,1.219185e-01,-1.126820e-01,2.819868e-02,1.302272e-01,2.647583e-01
4.354407e+00,-1.421965e-01,1.674798e+00,2.438350e-01,5.331084e-01,2.397351e-01,1.735558e-01,-1.798038e-01,-2.303645e-01,-9.787960e-02,7.937397e-02
4.397200e+00,2.156905e-02,1.721903e+00,2.911217e-01,7.849060e-02,-2.449027e-01,1.517751e-01,2.857351e-01,-8.603410e-02,-1.932395e-01,2.116479e-01
4.280931e+00,-1.122385e-01,1.363074e+00,-2.167870e-01,2.001680e-01,4.298905e-02,2.165147e-01,5.470109e-02,-5.464088e-01,-4.379348e-01,2.347739e-01
4.243970e+00,2.378412e-01,1.827080e+00,-7.622686e-02,-8.285348e-02,-1.855460e-01,1.591016e-01,2.126414e-02,8.710985e-02,8.912520e-02,3.831241e-01
4.642611e+00,3.560505e-01,1.759428e+00,2.559530e-01,3.182202e-01,-2.549639e-01,2.028022e-01,2.471093e-01,-3.887232e-01,-1.538871e-01,2.695430e-01
3.819514e+00,-4.001100e-01,8.199905e-01,-6.197607e-01,-1.100427e-01,-2.535716e-01,1.453217e-01,3.332885e-01,-1.012870e-01,-2.733337e-01,4.287888e-01
4.596291e+00,-1.164696e-01,1.310083e+00,-1.057205e-01,-1.392325e-01,-1.422738e-01,3.215166e-01,5.926783e-02,-2.703587e-02,1.194943e-01,2.311158e-01
4.650800e+00,3.082111e-01,1.573284e+00,-3.566313e-01,2.331807e-01,2.079984e-01,2.858685e-01,4.176291e-01,8.149354e-02,8.711483e-02,-1.795956e-01
4.285388e+00,-3.459639e-02,1.433656e+00,-1.589888e-01,-7.709697e-02,-4.534013e-01,1.685614e-01,2.401299e-01,1.279878e-01,-1.301177e-01,2.145180e-01
4.632043e+00,7.756317e-02,1.389902e+00,4.588674e-02,1.009678e-01,2.263044e-02,1.300787e-01,-1.359401e-01,4.919924e-02,1.409825e-01,1.992229e-01
4.426258e+00,-8.175288e-02,1.057730e+00,-1.738782e-01,2.436571e-01,-3.579593e-02,2.793296e-01,3.844125e-01,8.784627e-02,-2.381522e-01,2.052175e-01
4.429646e+00,2.165177e-02,1.447230e+00,2.208645e-01,1.767731e-01,-1.266322e-01,9.818827e-02,1.858471e-01,-6.436432e-03,-3.433910e-01,-3.291035e-01
4.781995e+00,1.484280e-01,1.346216e+00,-5.506684e-02,2.285931e-01,-3.463909e-01,-4.058612e-03,2.840013e-01,3.321627e-01,1.658514e-01,9.902590e-02
4.514397e+00,-7.922684e-02,1.081222e+00,-2.000122e-01,1.312524e-02,-6.010568e-02,2.951865e-01,2.212123e-01,1.740761e-01,6.133195e-02,4.575092e-02
4.581831e+00,2.660456e-02,1.220954e+00,-2.566617e-01,1.870724e-01,-9.267365e-02,1.688690e-01,5.289636e-01,2.088263e-01,2.052385e-02,2.027958e-01
4.525552e+00,3.173328e-01,1.391182e+00,-4.017717e-03,4.312228e-01,-1.112448e-01,2.165727e-01,3.313950e-01,1.183700e-01,-1.077954e-01,-2.411110e-02
4.081735e+00,-3.020235e-01,1.407218e+00,-7.917521e-01,-6.000265e-01,-3.595597e-01,1.825600e-02,1.526096e-01,-8.157173e-02,-1.164644e-01,6.808495e-02
4.348001e+00,4.979821e-02,1.011102e+00,-4.784649e-01,1.812838e-01,1.858042e-02,6.073333e-01,4.796487e-01,-4.370164e-03,1.465326e-01,4.074419e-01
4.614856e+00,2.008180e-01,1.508580e+00,-6.966077e-02,1.940306e-01,1.917024e-01,5.981105e-01,5.372933e-01,-1.364603e-01,-2.287235e-01,1.202442e-01
4.385193e+00,2.254523e-01,1.576592e+00,-4.218230e-01,-5.265969e-01,-3.569456e-01,2.693678e-01,1.345035e-01,-9.287528e-02,-5.311388e-01,5.045208e-02
4.130674e+00,-2.970883e-02,1.373799e+00,-3.573627e-01,2.210625e-01,1.202376e-01,1.592937e-01,1.533403e-01,1.499581e-01,4.157469e-02,4.172585e-01
4.622065e+00,-1.106425e-01,1.548978e+00,4.430567e-02,-6.796855e-02,4.055490e-02,5.657537e-01,4.673220e-01,2.022270e-01,2.533579e-02,1.478916e-01
4.459527e+00,8.003557e-02,1.767216e+00,-7.558835e-02,-3.352345e-01,-2.479248e-01,3.903693e-01,3.551457e-01,9.629352e-02,-5.576854e-01,-4.687348e-01
4.530478e+00,-2.706170e-01,1.172983e+00,-4.738798e-01,6.406490e-02,7.433261e-02,2.714700e-01,2.133033e-01,3.476622e-01,4.083569e-01,7.535626e-01
4.015294e+00,-2.825541e-01,1.422301e+00,-6.563744e-02,-6.241853e-02,-1.899818e-01,2.355047e-01,4.262549e-01,4.275344e-01,-2.516181e-01,-8.571962e-02
4.353390e+00,-1.393531e-01,1.450823e+00,-2.305664e-01,5.967473e-02,-2.557725e-01,5.490156e-02,2.634615e-01,8.794464e-02,4.820914e-02,-2.201522e-01
4.648431e+00,-7.191119e-03,1.705708e+00,4.322478e-01,5.800202e-01,-1.159696e-01,-6.520162e-02,-3.404758e-02,-1.091867e-01,-1.084240e-01,1.369625e-01
3.550925e+00,-4.560952e-01,1.186002e+00,-2.953078e-01,1.326394e-01,-7.187493e-02,1.292713e-01,1.464463e-01,3.928765e-02,-1.013379e-01,2.489825e-01
4.163914e+00,-2.935749e-01,1.384293e+00,-4.810405e-02,2.266822e-01,2.769963e-02,1.563139e-01,3.372476e-01,2.482598e-01,1.126380e-01,2.166399e-01
4.544176e+00,2.016727e-01,1.909384e+00,2.303302e-01,9.281046e-02,-2.403494e-01,-6.501696e-02,-5.374041e-03,7.606268e-02,-3.398376e-02,1.632949e-01
4.066175e+00,-1.254514e-01,1.230130e+00,-4.754034e-01,-2.567072e-01,-2.926340e-01,2.379031e-01,3.016477e-01,-2.562313e-01,-1.374457e-01,2.409691e-01
4.470101e+00,-1.390613e-01,1.527044e+00,1.350573e-01,1.067544e-01,1.016139e-01,3.578823e-01,-8.150363e-02,-1.365058e-01,-1.667301e-02,3.761178e-01
4.516843e+00,4.348633e-01,1.739485e+00,-1.582715e-01,-3.235992e-02,-1.143444e-01,2.741175e-01,3.005308e-01,1.024721e-01,-6.658089e-02,3.239716e-01
4.311574e+00,3.419618e-01,1.723240e+00,-4.542369e-01,-3.990315e-01,-1.285352e-01,3.560851e-01,2.976529e-01,-4.506303e-01,-6.196741e-01,3.163491e-02
4.473821e+00,8.737990e-02,1.210284e+00,-9.876285e-02,-2.216389e-01,-1.111824e-01,6.444560e-01,1.207380e-01,2.364654e-01,7.431286e-02,6.270122e-01
4.062610e+00,-1.646718e-01,1.277820e+00,-3.782071e-01,2.699060e-01,2.080080e-01,4.105158e-01,5.906293e-01,2.968774e-01,-5.660320e-02,2.861139e-01
4.704000e+00,9.638710e-02,1.568775e+00,-6.495585e-02,-1.294279e-01,-4.318524e-01,2.328988e-01,1.745094e-02,-1.925166e-01,-1.975468e-01,2.986748e-02
4.360359e+00,5.393195e-02,1.559760e+00,2.594584e-01,4.635555e-01,1.894495e-01,2.788408e-01,1.683076e-01,1.345040e-01,3.561117e-02,5.215155e-02
4.172793e+00,-5.289408e-01,9.704088e-01,-3.920712e-01,-8.668678e-02,-3.747655e-01,-1.727307e-01,6.163256e-02,-5.816020e-02,-1.724368e-01,1.387137e-02
4.485972e+00,-2.714140e-01,1.092026e+00,-3.007356e-01,-1.036057e-01,-2.863969e-01,2.987815e-02,2.857504e-01,2.544254e-01,6.612933e-02,9.302395e-02
5.018247e+00,2.543117e-01,1.290636e+00,-8.788332e-03,4.542964e-01,-7.732402e-02,9.676605e-02,3.371195e-01,2.104056e-01,8.277507e-02,-9.502451e-03
4.213061e+00,-4.314186e-01,8.797347e-01,-5.697574e-01,-1.335693e-01,-1.868017e-01,1.148229e-01,1.302033e-01,2.765356e-01,7.904143e-02,1.135643e-01
4.304116e+00,-2.436309e-01,1.425562e+00,-3.266222e-02,1.896707e-01,-3.507691e-01,5.795662e-03,6.163932e-01,2.635907e-01,2.146863e-01,1.766506e-01
4.733845e+00,3.602666e-01,1.365013e+00,-1.220325e-01,2.276553e-01,-8.424177e-02,3.444440e-02,1.674941e-01,2.062496e-01,1.333253e-02,3.131142e-02
4.336247e+00,-2.023990e-01,1.136950e+00,-3.783176e-01,5.101234e-02,1.407560e-01,4.656991e-01,6.349047e-02,-1.127575e-01,-4.428669e-01,-1.475904e-01
4.781923e+00,4.505710e-01,1.544070e+00,-1.638540e-01,2.931197e-02,-3.402807e-01,9.026887e-02,4.156662e-01,1.941594e-01,-1.268632e-01,-8.185243e-03
4.213558e+00,-2.272822e-01,1.326675e+00,-1.067845e-01,1.898139e-01,1.361300e-01,5.030753e-01,3.528957e-01,1.588171e-01,-1.571652e-01,5.166998e-03
4.346968e+00,5.356244e-02,1.207020e+00,-3.541168e-01,-2.490269e-01,-2.552920e-01,2.379810e-01,9.097808e-02,-1.681496e-01,-2.883400e-01,-3.481486e-02
4.437031e+00,4.175892e-01,1.776300e+00,-4.756675e-01,-7.732613e-02,1.464039e-01,3.936806e-01,3.652247e-01,-8.006647e-03,-1.599244e-01,3.681275e-01
4.406011e+00,-3.484342e-01,1.078603e+00,-3.457887e-01,-1.941797e-01,8.543598e-02,4.371006e-01,4.668966e-01,2.209177e-01,-3.272365e-02,2.805542e-01
4.305170e+00,3.341762e-02,1.499207e+00,-1.498147e-01,-3.062010e-01,-3.476488e-01,2.131241e-01,3.652106e-01,2.632219e-01,-1.257031e-02,1.059080e-01
4.770812e+00,3.359243e-01,1.748346e+00,-1.767628e-01,-1.207422e-01,-1.870282e-01,1.739256e-01,3.129687e-01,-2.358887e-02,-6.010688e-02,2.615280e-02
4.439425e+00,-5.020639e-01,1.156590e+00,-1.761776e-01,2.166250e-01,-1.535374e-01,-1.271925e-02,-1.127093e-01,-8.065344e-02,-1.165296e-01,7.294080e-02
3.812452e+00,-6.006202e-02,1.826627e+00,2.538246e-01,3.103938e-01,-2.063965e-01,2.689874e-01,4.098132e-01,2.060376e-01,-2.574062e-01,-1.655236e-01
4.545229e+00,-2.048627e-02,1.761164e+00,2.410982e-01,1.613792e-01,-9.321095e-02,1.762873e-01,2.099134e-01,1.075247e-01,-1.024667e-01,2.108844e-01
4.144353e+00,-3.647439e-01,1.063615e+00,-2.877586e-01,2.628589e-01,-2.701589e-01,-3.061469e-02,-2.669719e-01,-8.467024e-02,7.212165e-02,3.780512e-02
4.473424e+00,-4.236344e-02,1.532513e+00,1.222947e-01,6.556261e-02,-3.220899e-01,3.748000e-01,4.332222e-01,3.292369e-01,-5.614479e-03,-1.025182e-01
4.187771e+00,-3.596828e-01,1.260408e+00,-5.015249e-02,5.464111e-01,4.131682e-01,4.581029e-01,3.914383e-01,1.874573e-01,-1.406893e-01,2.636311e-01
4.430855e+00,2.329490e-02,1.346630e+00,-1.332050e-01,-1.986244e-02,-3.005737e-01,-2.754748e-01,-3.500276e-01,-4.376407e-02,-3.991255e-02,2.087374e-01
4.453188e+00,1.226521e-01,1.911079e+00,5.137013e-01,7.887901e-02,-3.472921e-01,2.561603e-01,3.528122e-01,2.565226e-01,-9.259658e-02,7.036774e-02
4.460842e+00,-1.668731e-01,1.194472e+00,-4.355873e-01,2.110545e-01,-6.072384e-02,4.562101e-02,-5.514329e-02,1.423044e-01,6.483184e-02,1.654182e-01
4.121968e+00,-3.241870e-01,1.135166e+00,-4.651834e-01,-2.281491e-01,-2.965957e-01,2.870271e-02,-3.899589e-02,-2.404530e-01,-1.425994e-01,4.112343e-02
4.582929e+00,4.625656e-01,1.723225e+00,-1.361989e-01,-5.435051e-02,-1.920440e-01,3.903323e-01,5.666613e-01,-1.616548e-02,-3.558096e-01,2.531164e-01
4.100717e+00,-9.189278e-02,1.631510e+00,-5.124864e-02,3.265536e-01,-3.492573e-02,3.457040e-02,1.420102e-01,-1.424083e-01,-2.571675e-01,1.597451e-01
3.979126e+00,1.116215e-01,1.365091e+00,1.219957e-02,1.254594e-01,-9.087625e-02,5.130479e-01,1.926193e-01,8.519475e-02,1.062384e-01,2.405569e-01
4.927033e+00,3.283866e-01,1.391997e+00,-3.290775e-01,1.550042e-01,-1.845168e-01,1.307799e-01,1.838782e-01,-2.698709e-01,-1.743326e-01,8.254538e-02
4.334106e+00,-4.287230e-01,1.158676e+00,-4.571809e-02,3.256604e-01,-2.306459e-02,2.181073e-01,4.037076e-01,1.331979e-01,1.607149e-01,-8.655591e-02
4.638671e+00,2.254421e-01,1.386336e+00,1.842810e-01,7.029610e-02,-4.050788e-01,1.968910e-01,5.277979e-01,3.291308e-01,-6.360302e-02,1.748492e-01
4.607677e+00,8.169415e-02,1.536653e+00,-2.289528e-01,1.305379e-01,1.419024e-01,7.181433e-02,1.746795e-01,2.414949e-01,2.003059e-02,-9.575580e-02
4.380947e+00,-5.406690e-01,7.466223e-01,-3.415660e-01,-1.077502e-01,-2.925837e-01,-3.441923e-02,-4.012751e-02,-1.160280e-01,-2.019341e-02,-2.030127e-02
4.601807e+00,1.282122e-01,1.427093e+00,1.298374e-01,4.590282e-01,-1.179726e-01,1.157129e-01,4.057066e-01,1.905401e-01,-3.590217e-01,-2.905147e-01
4.527636e+00,3.357846e-02,1.286315e+00,-1.041956e-01,7.706407e-02,-2.026112e-01,1.275946e-01,1.785695e-01,2.893711e-01,6.181969e-02,2.521554e-01
4.220322e+00,-4.074700e-01,8.551259e-01,-4.509739e-01,-6.016530e-02,-3.267598e-01,-1.544576e-01,-3.603082e-02,-1.360103e-01,1.088337e-01,-1.500947e-01
4.675624e+00,-5.053576e-02,1.354889e+00,-8.964262e-02,2.963740e-01,4.210677e-02,2.251501e-01,4.339465e-01,3.056823e-01,4.250056e-03,-2.169395e-02
4.465634e+00,-1.044614e-01,1.325226e+00,-1.958314e-01,8.923783e-02,-1.266275e-01,2.122985e-01,9.892705e-02,1.005878e-01,-1.219467e-01,-1.354112e-01
4.232878e+00,-2.755263e-01,1.030626e+00,-2.286565e-01,7.537073e-02,-4.430867e-01,5.999780e-02,2.108232e-01,3.945320e-03,1.126738e-01,2.159225e-01
4.566208e+00,1.921567e-01,1.597690e+00,-2.649015e-01,6.100615e-03,-6.102085e-02,2.623337e-01,4.692546e-01,2.847687e-01,2.132044e-02,3.010332e-01
4.759302e+00,1.016445e-02,1.208060e+00,-5.037347e-02,-1.778487e-01,-3.629386e-01,2.039222e-01,2.271204e-01,1.632778e-02,-4.144648e-01,4.382366e-03
4.643627e+00,2.844979e-01,1.337283e+00,-4.807960e-01,1.078099e-01,2.002106e-01,2.185511e-01,-3.578199e-02,-2.147140e-02,-1.013359e-01,3.983482e-01
4.239221e+00,-2.252522e-01,1.745567e+00,1.766048e-02,4.825340e-02,2.001852e-01,5.565210e-01,2.744134e-01,-7.904291e-02,-4.844292e-01,8.953976e-02
4.334283e+00,1.342024e-03,1.378160e+00,-9.218648e-02,-5.891335e-02,-5.017853e-01,1.489683e-01,2.224304e-01,2.688271e-01,3.831481e-02,5.031238e-02
4.375333e+00,4.229464e-02,1.827814e+00,1.668936e-01,4.011753e-01,1.267253e-01,1.747988e-01,-3.767511e-02,2.358274e-01,-2.626520e-02,1.099184e-01
4.266721e+00,-1.465541e-01,1.554840e+00,-2.311598e-01,-2.937577e-02,-4.004603e-02,2.103372e-01,1.845947e-01,1.852313e-01,-2.518135e-02,2.364502e-01
3.876996e+00,-6.206355e-01,1.008969e+00,-3.610222e-01,-1.615985e-01,-3.869041e-01,-1.336948e-01,-8.721505e-02,3.338462e-02,-2.818954e-01,-3.520161e-01
4.782375e+00,-1.180839e-01,1.613671e+00,2.628677e-01,2.690472e-01,-3.702216e-01,-4.541407e-02,-5.038191e-03,1.306090e-01,9.979230e-02,9.496594e-02
4.373639e+00,2.854108e-01,1.745061e+00,-2.903871e-03,2.169657e-01,-2.123210e-01,1.915718e-01,3.195568e-01,1.384288e-01,-2.579843e-01,-1.741341e-01
4.021575e+00,-6.784625e-01,1.006725e+00,7.008369e-02,3.815070e-01,8.637413e-04,8.821916e-02,1.404118e-01,1.692279e-01,4.655086e-01,5.244905e-01
4.311481e+00,-2.704796e-01,1.519654e+00,1.509567e-01,1.199060e-01,-2.097232e-01,-2.533022e-01,2.992434e-01,2.454341e-01,1.684127e-01,5.850151e-01
4.260465e+00,1.779715e-01,1.589636e+00,1.263486e-01,1.566264e-01,-1.414784e-01,3.330416e-01,3.447140e-01,1.738847e-01,-2.202993e-01,-1.035883e-01
4.337582e+00,-4.946204e-01,1.512445e+00,1.653325e-01,3.734562e-01,7.603995e-02,6.515982e-02,9.862285e-03,1.149409e-01,2.271580e-01,1.602395e-01
4.213752e+00,2.323727e-02,1.621048e+00,2.596331e-01,5.100182e-01,1.353186e-01,1.715252e-01,-8.596334e-02,-2.289133e-01,-4.048154e-01,8.732169e-03
4.135067e+00,-6.852992e-02,1.535225e+00,-1.513589e-02,1.302653e-03,-4.314664e-01,-9.844261e-02,1.434273e-01,-1.290460e-01,-1.930349e-01,5.045919e-02
4.508619e+00,1.720485e-01,1.461045e+00,1.623347e-01,3.961165e-01,2.173917e-01,2.864754e-01,-2.106286e-01,-9.485583e-02,-6.249568e-02,2.858975e-02
4.304603e+00,2.465324e-01,1.478549e+00,-4.928577e-01,-7.324113e-02,-1.262436e-01,3.497060e-01,5.719741e-01,3.946123e-01,7.595064e-02,1.670962e-01
4.188012e+00,-9.026909e-02,1.347186e+00,-2.566799e-01,-1.841917e-01,-4.586350e-01,2.124625e-01,3.191651e-01,-9.827324e-02,-1.038797e-01,8.788278e-03
4.412349e+00,6.917399e-02,1.376057e+00,3.050808e-02,4.801923e-01,2.605878e-01,3.330543e-01,2.941843e-01,2.315142e-01,-3.390358e-03,9.456089e-02
4.336914e+00,3.881309e-02,1.440598e+00,-1.063352e-01,1.966127e-01,1.214037e-01,3.563707e-01,5.384295e-01,2.509654e-01,-1.732513e-01,-8.223766e-02
4.001703e+00,-1.225336e-01,1.175201e+00,-1.377993e-01,-1.011314e-01,-9.201701e-01,-6.322738e-01,-1.126298e-01,5.909011e-02,1.136045e-01,2.550963e-01
4.492347e+00,-1.961498e-01,1.248461e+00,8.702576e-02,3.332949e-01,3.667517e-02,-2.310461e-02,2.578294e-01,4.347763e-01,2.892698e-01,1.312969e-01
4.735511e+00,1.236189e-01,1.248422e+00,1.786770e-01,3.607024e-01,-3.738476e-02,2.421531e-01,1.873632e-01,-8.907838e-02,-2.637036e-01,-7.225306e-02
4.400326e+00,-1.621245e-01,1.205827e+00,-8.518491e-02,3.590199e-01,-2.336944e-01,5.920034e-03,1.551222e-01,2.798306e-01,1.421326e-02,1.547916e-01
4.337971e+00,-6.895076e-02,1.349073e+00,-1.353201e-01,3.222124e-01,-1.784012e-01,6.251255e-03,3.617673e-01,2.367469e-01,5.604986e-02,-2.106535e-01
4.588368e+00,7.205694e-02,1.375574e+00,9.133577e-02,-1.660620e-02,-3.458000e-01,1.864992e-01,8.954026e-02,2.880040e-01,1.709480e-01,5.026014e-02
4.562245e+00,-3.585585e-01,1.402061e+00,-4.798539e-04,4.815065e-01,9.491617e-02,1.940589e-01,2.514944e-01,1.765077e-01,2.894963e-02,3.350526e-03
4.658500e+00,-1.251617e-01,1.562655e+00,-3.866835e-01,1.260423e-01,-2.325954e-01,1.124367e-01,2.160345e-01,2.649103e-01,4.836131e-02,1.457482e-01
3.579386e+00,-8.473199e-01,9.334089e-01,-1.128600e-01,1.150842e-01,-2.043773e-01,2.855420e-01,3.974932e-01,3.540824e-01,8.024211e-02,8.195475e-02
4.563492e+00,1.740995e-01,1.521993e+00,-1.076387e-01,2.821213e-01,1.697883e-02,-2.265530e-02,-4.359589e-03,-5.341572e-02,-1.205840e-01,1.281769e-01
4.716632e+00,-3.574273e-02,1.439484e+00,1.959529e-01,3.442105e-01,-1.931245e-01,2.481522e-01,1.185217e-01,-1.186108e-01,-2.076106e-01,4.085284e-01
4.101701e+00,-9.673444e-02,1.497303e+00,-3.608581e-01,-1.388142e-01,-2.999074e-01,-6.429238e-03,9.635961e-02,7.106417e-02,-4.831647e-02,2.788659e-01
4.500973e+00,2.589700e-03,1.642201e+00,-9.298897e-02,1.076839e-01,3.594224e-02,3.179627e-01,1.616251e-01,-3.595409e-02,-7.101107e-02,2.914457e-01
4.650742e+00,1.128421e-01,1.534053e+00,8.224547e-02,3.504166e-01,-2.946380e-01,9.129185e-02,1.026876e-01,-1.913940e-01,1.470106e-01,2.927888e-01
4.002030e+00,-2.729141e-01,1.352415e+00,-5.968970e-02,-1.861722e-01,-3.308346e-01,4.518540e-02,-9.086290e-02,8.342726e-02,-1.614955e-01,-1.786271e-02
4.323651e+00,-2.513442e-01,1.360543e+00,1.246008e-01,4.590425e-01,2.936407e-01,1.629029e-01,1.115771e-01,4.563585e-02,-5.179760e-02,-4.927590e-03
4.740662e+00,-1.697950e-02,1.552019e+00,1.676561e-01,2.213929e-01,-7.789111e-02,-1.954640e-01,-1.367279e-01,-1.071421e-01,1.752313e-01,2.392440e-01
4.045643e+00,4.991403e-02,1.735356e+00,4.682518e-01,3.600024e-01,-2.784627e-01,6.123478e-02,1.186131e-01,1.495660e-01,-2.046348e-01,-1.855054e-01
4.330383e+00,-7.406059e-02,1.467540e+00,3.647904e-01,4.439555e-01,-1.340604e-01,-2.326136e-01,1.364529e-02,7.977380e-02,-4.183376e-02,4.798038e-01
4.101765e+00,-1.206855e-01,1.388400e+00,1.552868e-01,4.324725e-01,2.828477e-03,-1.036697e-01,-1.500308e-01,-2.168005e-01,-1.403268e-01,1.501096e-01
4.471067e+00,-1.435253e-01,1.704115e+00,3.200594e-01,3.808572e-01,-1.682644e-01,-1.166642e-02,5.964906e-02,-3.569564e-02,-2.011049e-01,4.860108e-02
4.168332e+00,-1.106426e-01,1.750937e+00,5.673787e-01,7.593801e-01,-1.094551e-01,-3.430292e-01,-1.260819e-01,1.740921e-01,3.973021e-01,3.836706e-01
3.890642e+00,-3.262728e-01,1.339667e+00,-1.189749e-01,-2.035577e-01,-9.151713e-01,-5.717763e-01,-1.281364e-01,-2.131140e-01,-1.745743e-01,4.901605e-02
4.418093e+00,-1.059629e-01,1.369010e+00,-2.925257e-03,2.369242e-01,-4.641689e-02,1.107126e-01,4.917069e-02,-3.635674e-02,8.482013e-03,-9.898047e-02
4.454657e+00,3.766329e-02,1.473579e+00,2.033680e-01,6.559583e-01,7.524658e-02,1.182788e-01,3.536318e-02,6.880669e-02,1.484211e-02,1.044473e-01
4.210254e+00,1.685967e-01,1.658570e+00,-1.156047e-01,-1.153646e-01,-3.062160e-01,-5.082134e-02,2.199082e-01,6.132605e-03,-9.837307e-02,5.183513e-02
4.344341e+00,1.511623e-01,1.583737e+00,2.287233e-01,7.054805e-02,-2.095483e-01,2.717814e-01,1.546013e-01,-2.718278e-02,-1.290496e-01,2.954115e-01
4.666262e+00,4.558436e-02,1.338284e+00,2.571430e-03,2.994029e-01,2.541932e-02,9.643106e-02,-7.158226e-02,-1.742030e-01,3.286269e-02,3.444192e-01
4.008034e+00,-2.040143e-01,1.322062e+00,1.237679e-01,1.246304e-01,-1.142481e-01,2.503731e-01,3.296514e-01,5.833631e-02,-3.110285e-01,3.904634e-03
4.731470e+00,3.005904e-01,1.549933e+00,2.626967e-01,3.968138e-01,-1.180017e-01,-1.075119e-01,-2.791111e-01,-1.667665e-02,-4.499039e-02,1.809898e-01
4.202910e+00,-3.240354e-01,1.174199e+00,1.665560e-01,4.587259e-01,-1.777885e-02,2.500753e-01,2.572078e-01,-4.302209e-02,1.235109e-01,-1.024071e-01
4.415963e+00,-2.233716e-01,1.419190e+00,-5.894181e-02,1.656419e-01,-1.639553e-01,9.480095e-02,2.918441e-01,3.019250e-01,-1.790219e-01,3.055857e-02
4.670340e+00,1.613197e-01,1.393573e+00,-2.076675e-01,5.525815e-01,7.219263e-03,-5.095785e-03,6.215044e-02,8.619473e-02,1.029339e-01,1.492687e-01
4.032579e+00,-3.214741e-01,1.089108e+00,-3.600889e-01,-3.487844e-03,-5.282007e-01,-3.272287e-01,8.198536e-02,1.756393e-01,1.511583e-02,3.030651e-01
4.223869e+00,-7.443327e-02,1.462290e+00,1.549350e-01,4.926999e-01,-1.618693e-01,1.214946e-02,3.147032e-01,1.711178e-01,-5.156592e-02,-8.287930e-02
4.585175e+00,-2.358342e-01,1.313580e+00,3.513377e-01,5.103859e-01,-8.891158e-02,8.197192e-02,1.408784e-01,-8.093390e-03,1.689187e-02,1.324180e-01
4.191404e+00,-5.706771e-01,1.173010e+00,-3.149597e-01,-1.784768e-01,-5.702822e-01,-5.603991e-01,-5.433962e-01,-3.612433e-01,-5.870621e-01,-3.564063e-01
3.992013e+00,-4.660574e-01,1.434334e+00,6.585828e-02,4.898785e-01,3.458339e-01,2.525966e-01,2.985752e-01,2.596118e-01,9.203046e-02,1.702345e-01
4.366451e+00,-8.176207e-02,1.284338e+00,4.632456e-01,3.102792e-01,-1.545150e-01,3.124616e-01,3.767639e-01,4.702473e-01,2.173171e-01,3.101894e-01
4.301749e+00,-1.756983e-02,1.632663e+00,5.672028e-02,-6.397185e-02,-2.501849e-01,-9.091616e-02,-1.083042e-01,1.447395e-01,7.712323e-03,1.897458e-01
4.483469e+00,3.547025e-02,1.490060e+00,-8.097420e-02,4.107232e-01,2.082886e-02,2.341157e-01,1.655551e-01,6.104734e-02,-1.946637e-01,2.174181e-01
4.271338e+00,-1.959727e-01,1.490117e+00,1.042837e-01,3.595262e-01,2.312919e-01,2.041766e-01,5.660385e-02,-1.643977e-01,-2.775124e-01,8.439030e-02
4.221043e+00,-9.192939e-02,1.512392e+00,-1.540568e-01,-9.247220e-02,-2.847349e-01,-5.891094e-02,-1.161726e-01,-1.302394e-01,-5.035121e-02,2.854094e-01
4.491206e+00,3.513782e-01,1.734404e+00,3.591757e-01,3.016481e-01,-2.424593e-01,4.119556e-01,2.087870e-01,-2.505548e-01,-3.800336e-01,9.863317e-02
4.077039e+00,-3.987065e-01,1.341224e+00,-4.502346e-01,-7.603203e-02,-1.318493e-01,-1.454964e-01,-3.645172e-01,6.640463e-02,1.572392e-01,2.580995e-02
3.958038e+00,-4.566364e-01,1.355644e+00,-2.766602e-02,1.805196e-01,-3.957458e-02,1.125179e-01,1.714809e-01,-2.116719e-02,-9.281873e-04,1.117459e-01
4.534980e+00,8.600080e-02,1.681686e+00,9.773310e-02,2.464301e-01,1.101650e-01,5.296673e-02,1.328123e-01,4.767094e-03,3.764755e-02,2.475560e-01
4.218851e+00,-2.471672e-01,1.446015e+00,7.793731e-02,2.504151e-01,-3.992933e-01,-3.776310e-01,8.225287e-03,9.637846e-02,3.581259e-02,2.111080e-01
4.515333e+00,-2.307941e-01,1.174966e+00,9.808290e-02,3.449180e-01,-8.325674e-02,1.403732e-02,2.181495e-01,7.939149e-02,8.901178e-02,2.102264e-01
4.604292e+00,-2.279610e-03,1.488610e+00,1.725039e-01,2.631453e-01,-3.411534e-01,-1.781581e-01,6.275085e-02,1.361568e-01,1.022631e-01,-8.263250e-02
3.940834e+00,-5.333082e-01,1.282722e+00,9.343054e-02,4.740045e-01,-5.231528e-02,-3.604597e-01,-3.318643e-01,-2.035404e-01,-3.778102e-01,-8.406910e-02
4.864394e+00,-5.507699e-02,1.460290e+00,4.731872e-01,2.956278e-01,-2.337114e-01,1.054161e-01,1.018949e-01,3.928832e-03,-3.391914e-02,-1.618670e-01
4.051907e+00,-7.797679e-02,1.685094e+00,2.826716e-01,4.404971e-01,-1.961288e-01,-1.436434e-01,3.638631e-01,3.771635e-01,1.187704e-01,1.247892e-01
4.168738e+00,-2.140078e-01,1.145250e+00,-1.340943e-01,1.781689e-01,-1.617112e-01,-1.253239e-01,-2.240814e-01,1.451336e-01,2.070620e-01,3.984948e-01
4.672750e+00,1.123750e-01,1.479204e+00,2.260045e-01,4.784406e-01,1.674903e-01,2.134151e-01,6.055313e-02,6.347661e-02,-3.455541e-01,-3.065274e-01
4.001688e+00,-6.750684e-02,1.587813e+00,-1.350436e-01,8.608356e-03,-4.629437e-01,-2.867514e-01,3.531013e-01,3.798785e-01,2.432524e-01,5.373637e-01
4.097594e+00,-2.451925e-01,1.206141e+00,6.249756e-02,2.796649e-01,-1.288510e-01,-3.998615e-02,-3.254467e-02,-2.999918e-01,-1.661803e-01,2.370233e-01
4.401711e+00,3.122054e-01,1.632747e+00,3.293151e-01,4.337242e-01,2.085110e-01,2.348984e-01,2.419369e-02,-2.479564e-02,-9.086116e-02,3.907887e-02
4.108356e+00,-7.559576e-02,1.391332e+00,-4.727335e-02,3.253672e-03,-4.624211e-01,-3.823298e-01,-3.765629e-01,-3.875888e-01,-1.797545e-01,2.579039e-01
3.834709e+00,-3.312321e-01,1.313280e+00,-1.429225e-01,2.348841e-01,-6.519039e-02,2.401246e-01,3.592314e-01,1.333250e-01,1.981867e-01,3.532737e-01
3.998187e+00,1.533741e-01,1.839515e+00,4.609633e-01,3.943296e-01,-3.493557e-01,1.026974e-01,1.505432e-01,1.773234e-01,6.056292e-01,6.566085e-01
4.290375e+00,-1.965639e-01,1.418571e+00,2.693664e-01,4.274211e-01,-2.045855e-01,-4.817962e-01,-4.650818e-01,-2.692574e-01,-2.714736e-01,2.867221e-01
4.335797e+00,1.068365e-01,1.457078e+00,1.338953e-01,5.456842e-01,6.806637e-03,5.401664e-02,1.351306e-01,-2.603041e-02,-1.343999e-02,2.424770e-01
3.949636e+00,-3.077676e-01,1.432625e+00,4.029625e-01,6.089672e-01,-1.877637e-01,-2.000250e-02,9.746399e-02,1.300644e-01,-1.852860e-01,1.203730e-01
4.426334e+00,-3.457089e-01,9.497493e-01,-4.076828e-02,1.603886e-01,-5.387315e-01,-1.973045e-01,-2.905277e-01,4.462812e-02,1.199058e-01,2.277046e-01
4.742503e+00,9.921823e-02,1.812928e+00,2.692340e-01,4.719824e-01,-9.021940e-02,-5.617826e-02,3.398865e-01,4.213424e-03,-1.830328e-01,-7.302939e-02
3.911446e+00,-6.399552e-01,1.322338e+00,3.575276e-02,-2.315083e-02,-2.817622e-02,9.018408e-02,2.577206e-01,6.430546e-01,2.629084e-01,4.502104e-01
3.783007e+00,-8.531341e-01,9.348723e-01,-2.635207e-01,2.492601e-01,1.768070e-01,1.687334e-01,5.753805e-03,1.276459e-01,1.036193e-01,3.743683e-01
4.658945e+00,1.361450e-01,1.898029e+00,5.268547e-01,4.270183e-01,-5.877642e-01,-1.712234e-01,-9.530325e-03,-1.222696e-01,9.984609e-04,1.809006e-01
4.155769e+00,-1.262738e-01,1.589963e+00,-4.229122e-03,3.164880e-01,9.697545e-02,-1.155318e-02,4.507414e-02,1.791904e-01,1.759469e-01,1.070513e-01
4.305932e+00,-1.742794e-01,1.307161e+00,-1.859555e-01,2.549406e-01,1.183103e-02,2.376398e-01,2.443271e-01,1.108990e-01,8.188554e-02,1.646257e-01
4.522091e+00,-7.888697e-02,1.416221e+00,1.769072e-02,1.770171e-01,-4.195913e-02,1.333245e-01,2.496494e-01,-1.200043e-02,-1.355322e-02,3.956414e-01
4.402095e+00,-6.759951e-02,1.485129e+00,-1.503084e-01,-2.992915e-03,-2.324373e-01,1.756140e-02,6.576151e-02,-2.485897e-01,-1.916762e-01,-2.924148e-01
4.244847e+00,1.079825e-02,1.422320e+00,-3.005124e-02,7.424293e-02,-2.872465e-01,4.089702e-01,3.975195e-01,3.212922e-01,4.046234e-01,3.789650e-01
4.260915e+00,-1.517196e-01,1.443435e+00,-1.887269e-01,1.822930e-01,3.794434e-01,2.891209e-01,6.946221e-02,1.005314e-01,3.176503e-01,3.296172e-01
4.652579e+00,-3.651923e-01,1.225390e+00,-2.930483e-01,-4.894228e-02,-3.649135e-01,-2.272919e-01,1.042549e-01,-2.782490e-01,-2.044468e-01,9.092632e-02
4.439081e+00,-2.247808e-02,1.609603e+00,4.842013e-01,4.161502e-01,2.529806e-01,3.681480e-01,1.534257e-01,1.278541e-01,-4.010385e-02,-1.246743e-01
4.181694e+00,-2.203944e-01,1.285189e+00,-6.781354e-02,2.303683e-01,-4.620495e-02,-9.691631e-02,2.777089e-01,3.141125e-01,2.010396e-01,1.357442e-01
3.905671e+00,-6.813622e-01,6.580815e-01,-5.073551e-01,2.967221e-02,-5.737202e-01,-2.235866e-01,-2.159490e-02,-6.271844e-02,-1.468746e-01,1.757253e-01
4.710038e+00,-3.158322e-02,1.537990e+00,2.644038e-01,3.463333e-01,-3.338597e-02,1.788473e-01,1.883182e-01,3.342077e-01,-4.796618e-02,-1.689213e-01
4.086936e+00,-2.461783e-01,1.358425e+00,-3.113974e-01,2.174902e-01,-3.045576e-02,-1.425462e-01,1.856140e-01,3.806533e-01,1.752273e-01,2.025442e-01
4.384461e+00,-7.258863e-02,1.220180e+00,-9.610572e-02,-1.075119e-01,-4.523766e-01,-1.072912e-01,9.142764e-02,2.651338e-01,1.173969e-01,1.543252e-02
4.614953e+00,1.032612e-01,1.123806e+00,5.824322e-02,4.903501e-01,2.401784e-02,4.288313e-02,7.411600e-02,1.722577e-01,2.697641e-02,-1.310414e-01
4.353904e+00,3.136905e-02,1.471623e+00,8.683535e-02,3.813744e-01,-1.110726e-01,5.730389e-02,1.827586e-01,-4.343087e-02,-4.121235e-01,-1.475961e-01
4.558424e+00,6.623413e-02,1.294685e+00,5.085580e-02,5.090710e-01,-4.052628e-02,2.959234e-02,1.070442e-01,1.730776e-01,2.363089e-02,3.628953e-01
4.123566e+00,-6.192726e-02,1.470514e+00,1.722015e-01,5.296377e-01,-1.296140e-02,-5.250160e-02,1.334147e-02,3.966134e-02,-1.230632e-01,1.429292e-01
4.520286e+00,1.627288e-01,1.297243e+00,6.510119e-03,8.152931e-02,-4.637869e-01,-1.836122e-01,1.903040e-01,-1.175913e-01,-2.655781e-01,1.770776e-01
4.349153e+00,1.371441e-01,1.469321e+00,1.061943e-01,3.412362e-01,1.747783e-01,3.469941e-01,-8.676006e-02,1.521113e-02,-1.307578e-01,2.267639e-01
4.463584e+00,3.823275e-02,1.596426e+00,-2.425230e-01,2.533181e-01,4.887607e-02,1.347726e-01,-1.294940e-01,-1.247648e-01,-6.064888e-02,3.557592e-01
3.659102e+00,-6.571299e-01,1.497626e+00,-2.016865e-01,5.766533e-02,-6.176236e-01,1.659976e-02,2.244667e-01,-1.119078e-01,1.622705e-02,1.448911e-01
4.623324e+00,4.004461e-01,1.637508e+00,6.550728e-02,3.213592e-01,-2.293314e-01,-5.270352e-02,-2.828505e-01,-1.573740e-01,3.359416e-02,3.849451e-01
4.305448e+00,-1.998547e-01,1.631025e+00,2.005239e-01,1.518482e-01,-1.329930e-01,7.928370e-02,3.281006e-01,1.113179e-01,-7.736012e-02,4.360435e-01
4.333505e+00,-2.255037e-01,1.449743e+00,-8.588868e-02,2.307238e-01,-1.657550e-01,-6.004193e-02,-3.791571e-02,1.263963e-02,5.593525e-02,4.717137e-02
4.629020e+00,-1.205221e-01,1.640388e+00,2.750767e-01,5.969131e-01,-1.986733e-01,-7.188357e-02,2.239354e-01,-4.054953e-02,-8.225818e-02,1.252756e-01
4.198354e+00,-6.610312e-02,1.720968e+00,1.718053e-01,1.707740e-01,-1.904700e-01,-6.377940e-02,-1.562128e-01,2.463206e-01,2.072030e-02,-1.169632e-01
4.537371e+00,-2.684103e-01,1.454919e+00,1.021516e-01,2.653193e-01,-6.965382e-02,-2.125168e-01,9.843740e-02,-2.412866e-01,-6.919431e-02,7.544751e-02
4.433076e+00,-5.704052e-01,1.424338e+00,2.835561e-01,3.583743e-01,3.035692e-01,-1.218596e-02,1.820889e-01,1.856934e-01,1.209712e-01,1.844181e-01
4.642747e+00,1.059224e-01,1.325021e+00,2.245496e-03,4.834624e-02,-3.606169e-01,-6.411479e-02,-2.036331e-01,3.280783e-02,7.046889e-02,3.863087e-02
4.312904e+00,-1.960956e-01,1.413810e+00,7.134421e-02,4.605371e-01,1.957141e-01,5.112447e-01,4.926306e-01,1.575898e-01,9.963958e-02,-1.989021e-01
4.441171e+00,-2.512490e-01,1.430915e+00,-8.213549e-02,1.934884e-01,-8.314479e-02,2.006815e-01,2.790690e-01,2.000816e-01,6.018026e-03,6.720738e-02
4.269503e+00,-2.705255e-01,1.177711e+00,-3.663912e-01,-4.489740e-02,-3.352738e-01,-6.488366e-02,8.915215e-03,3.564078e-02,-2.426730e-01,-5.397993e-02
4.594406e+00,1.485510e-01,1.371327e+00,-5.288195e-02,9.371134e-03,4.012323e-02,4.125862e-01,1.271662e-01,1.268627e-01,1.673156e-01,2.282454e-01
4.275259e+00,2.416754e-01,1.726091e+00,-1.182475e-01,1.203531e-01,-6.284366e-03,2.346463e-01,4.136631e-01,1.366436e-01,-5.171494e-02,-6.258316e-02
4.500859e+00,-1.187861e-01,1.136155e+00,-2.859215e-01,-9.414150e-02,-2.912409e-01,7.759671e-02,2.383689e-01,-2.595305e-01,-2.651333e-01,1.981899e-01
4.559329e+00,1.314206e-01,1.596551e+00,-1.709908e-01,3.373324e-03,-7.561717e-02,3.821567e-01,-1.015232e-01,-7.021109e-02,-2.100424e-01,1.738211e-01
4.187348e+00,3.260722e-02,1.402074e+00,-1.098053e-01,3.013061e-01,2.814216e-01,4.915035e-01,5.639480e-01,2.703479e-01,-2.593658e-01,1.211243e-01
4.676869e+00,2.237405e-02,1.178564e+00,-7.228759e-04,-5.952411e-02,-1.889807e-02,2.284131e-01,1.689747e-01,2.629459e-01,4.623844e-02,9.657401e-02
4.549888e+00,4.050135e-02,1.521677e+00,2.372126e-01,1.176361e-01,-4.414744e-01,-1.732282e-01,1.615308e-01,4.878808e-01,1.906024e-01,1.611425e-01
4.266125e+00,-1.174728e-01,1.148099e+00,-2.881195e-01,2.526549e-01,-1.869184e-01,1.544030e-01,3.282236e-01,1.718874e-01,8.253348e-02,1.604189e-01
4.552852e+00,-3.812208e-01,1.145107e+00,1.103628e-02,3.550481e-01,2.426996e-01,3.438103e-01,7.551627e-02,2.576386e-01,-2.381364e-01,-3.516893e-01
4.669936e+00,2.009018e-01,1.712236e+00,-6.412763e-03,1.887508e-01,-2.105132e-01,-2.268994e-01,1.426957e-01,4.081706e-01,2.439638e-03,-1.704210e-01
