2.786221e+00,6.422149e-01,5.543668e-01,-8.730460e-01,-3.165929e-01,3.720536e-01,3.060509e-01,-7.148216e-01,2.585941e-01,5.087425e-01,-3.423985e-01
2.351424e+00,-6.767347e-01,2.233964e-01,-6.161250e-01,-4.936077e-02,1.314792e-01,-3.701417e-02,-9.367292e-02,-3.947650e-01,1.071388e-01,-1.519940e-01
2.967187e+00,-4.018272e-01,4.799798e-01,-1.571499e-01,3.822049e-01,2.072790e-01,-8.466569e-02,-2.399932e-01,1.694764e-01,1.225215e-01,5.294739e-02
3.105940e+00,-3.519042e-01,5.142713e-01,-1.852986e-01,3.804372e-01,-3.497380e-01,-3.962074e-02,-2.339575e-01,-1.810559e-01,1.679653e-02,2.054242e-02
3.549501e+00,-1.992904e-01,7.827154e-01,1.522910e-01,2.880689e-01,-1.895819e-01,-7.989321e-02,-6.263345e-01,-8.694442e-02,-1.973106e-01,-1.895434e-02
3.186095e+00,-8.435168e-01,5.393904e-01,-5.395499e-01,1.554593e-01,8.466267e-03,3.545047e-01,-3.058638e-01,-3.942657e-02,2.798124e-02,2.121933e-01
3.727912e+00,-4.488916e-01,9.933420e-01,1.906118e-01,4.843382e-01,-3.080837e-01,6.843807e-02,-3.784660e-01,-1.955468e-01,-1.328152e-01,4.036125e-01
3.323799e+00,-5.792904e-01,5.624420e-01,-1.476641e-01,-3.727995e-02,-1.979259e-01,2.139533e-01,-6.834415e-01,-3.052058e-01,-3.385970e-02,2.432549e-01
3.880994e+00,-4.643903e-01,9.223170e-01,1.200917e-02,1.050979e-01,-2.964865e-01,9.642856e-02,-3.808452e-01,-1.576480e-01,1.245199e-01,4.606101e-01
4.217165e+00,-1.253191e-01,6.680213e-01,-1.257542e-01,-1.057465e-01,-2.516049e-01,3.530841e-02,-4.374295e-01,-1.370759e-01,-1.045476e-01,1.097694e-01
3.580331e+00,-6.465377e-01,5.932271e-01,9.833715e-02,3.805530e-01,-3.366051e-01,3.995117e-01,-2.927373e-01,-3.268979e-01,1.555167e-01,2.765451e-01
4.063769e+00,-1.758404e-01,9.074535e-01,1.250748e-01,7.557136e-01,-4.276100e-01,-1.925653e-01,-2.806477e-01,-2.718712e-01,-1.678419e-01,-3.024632e-02
3.945305e+00,-2.442546e-01,7.237241e-01,-3.364618e-01,2.551146e-01,-8.801325e-02,3.077782e-01,-3.683200e-01,-2.893604e-01,-8.309984e-02,1.449310e-02
4.078617e+00,-8.006856e-01,4.483029e-01,3.179197e-02,1.103954e-01,-5.352218e-01,2.486304e-01,-3.318590e-01,-1.719714e-03,2.021618e-01,-2.710693e-02
3.825297e+00,-6.096109e-02,1.132170e+00,2.132115e-01,4.950344e-01,1.362541e-01,2.873423e-01,-4.666687e-01,-6.373072e-01,-2.122345e-01,2.644356e-01
4.304215e+00,-7.509157e-01,7.271801e-01,3.028880e-02,2.102676e-01,-1.843418e-01,-5.692135e-02,-4.095217e-01,-4.507653e-02,-2.628596e-01,2.004136e-02
4.040353e+00,-4.597899e-01,9.950665e-01,-2.191765e-01,1.871744e-01,-3.836742e-02,2.928594e-01,-3.483106e-01,-1.912366e-01,4.100636e-02,5.888901e-02
4.399952e+00,-4.509676e-01,1.162944e+00,2.967843e-01,5.181107e-01,-3.574518e-01,-7.318093e-02,-3.104047e-01,-2.238185e-01,-1.519282e-01,1.608968e-01
3.698220e+00,-1.095482e+00,3.077134e-01,-3.561578e-01,1.122402e-01,-3.602960e-01,3.018809e-01,-1.671492e-01,-4.050963e-01,-6.878270e-03,4.104674e-03
4.559870e+00,-3.153728e-01,1.336544e+00,4.563484e-02,2.866984e-01,-2.478125e-01,4.817844e-02,-2.494712e-01,-2.329501e-01,1.319938e-01,-1.315774e-01
4.183612e+00,-6.601056e-01,1.008927e+00,-1.188735e-01,1.819674e-01,-3.939840e-01,-2.313028e-01,-1.949550e-01,-2.467809e-01,-1.890881e-01,-4.776145e-03
4.568882e+00,-3.697528e-01,1.282903e+00,3.403565e-02,9.760873e-02,-4.160009e-01,2.163878e-01,-4.002902e-01,-3.062063e-01,2.344162e-01,-4.561932e-02
4.702035e+00,-5.326733e-01,1.179449e+00,-1.272484e-01,-1.277002e-01,-3.860328e-01,6.439846e-02,-3.073042e-01,-2.679005e-01,-3.243051e-01,-3.909160e-01
4.109337e+00,-4.419005e-01,1.065042e+00,-2.024044e-01,2.422554e-01,-1.703945e-02,4.886697e-01,1.417438e-01,3.890567e-02,-3.467607e-02,-1.917595e-01
4.474306e+00,-1.730020e-01,1.319051e+00,-5.136490e-02,-1.086916e-01,-6.978950e-01,1.001127e-02,-1.900025e-01,-2.582632e-01,-2.124958e-02,-4.323554e-01
4.430556e+00,-3.364772e-01,1.269300e+00,1.155118e-01,1.920134e-01,9.629688e-02,3.661978e-01,-1.604837e-01,-3.032795e-02,-2.100202e-01,-2.156949e-01
4.335908e+00,-7.178632e-01,7.073141e-01,-2.367556e-01,1.080211e-01,-4.185991e-01,5.732907e-02,-6.853890e-02,-4.263912e-01,-1.887343e-01,-1.784333e-01
4.422800e+00,-4.139511e-01,1.446557e+00,3.914849e-01,5.586974e-01,8.418237e-02,3.330967e-02,-3.231625e-01,-1.781855e-01,1.309976e-01,-2.737849e-01
4.796080e+00,-4.508657e-01,8.645868e-01,-4.114560e-01,1.887079e-01,-7.134984e-02,4.947116e-02,4.367529e-03,-1.909799e-01,1.073805e-01,6.862149e-02
4.590489e+00,-6.990308e-01,1.139506e+00,8.869755e-02,4.160737e-01,-1.955420e-01,-7.320040e-02,-1.601203e-01,-2.116835e-01,1.560783e-01,-1.863064e-01
4.594547e+00,-2.374256e-01,1.327842e+00,6.370688e-02,2.478171e-01,1.361885e-01,2.052983e-01,-2.957587e-01,-2.787343e-01,-1.078688e-01,1.625217e-02
4.239530e+00,-9.662577e-01,6.853856e-01,5.227569e-02,4.887988e-01,-3.651786e-01,1.170407e-01,-1.690096e-01,-6.893184e-02,-5.189601e-02,2.088832e-02
4.872296e+00,3.755672e-02,1.196046e+00,-1.966011e-01,-1.209321e-01,-1.073756e-01,2.923378e-01,-4.178013e-01,-3.256710e-02,1.735769e-02,-5.776512e-02
4.355177e+00,-5.112327e-01,1.184552e+00,3.032996e-01,2.114359e-01,-2.211968e-01,-6.107019e-02,-5.651072e-01,2.345329e-01,2.135660e-02,-2.322387e-01
4.692578e+00,-1.141714e-01,9.396581e-01,1.301819e-01,1.623258e-01,-6.093258e-01,4.533987e-01,-1.886342e-01,-2.826134e-01,1.494801e-01,-1.705805e-01
4.778551e+00,-2.872421e-01,1.134617e+00,-9.626179e-02,1.408685e-01,-3.562908e-01,2.352013e-01,-6.351954e-01,-2.199253e-01,4.403056e-02,-3.147651e-01
4.647948e+00,-4.337461e-01,1.179530e+00,-1.481284e-01,3.498357e-01,2.613041e-01,4.043601e-01,-1.934727e-01,2.268977e-01,3.062084e-01,-2.625898e-01
4.358743e+00,-3.876968e-01,1.320956e+00,-1.143053e-01,7.438983e-02,-6.819701e-01,-1.762323e-01,-5.188421e-01,-3.049482e-01,1.185033e-01,1.164561e-01
4.585825e+00,-4.600959e-01,9.684178e-01,8.741744e-02,8.080737e-01,2.506612e-01,5.000950e-01,-3.322798e-02,7.052984e-02,-3.492501e-02,-4.480038e-02
4.518883e+00,-3.648704e-01,9.326543e-01,-2.013126e-01,2.784661e-01,-2.269939e-01,-1.401980e-02,-5.137899e-01,-5.329194e-01,-2.070496e-01,3.122961e-01
4.607794e+00,-4.400215e-01,1.107343e+00,6.548891e-02,5.565121e-01,1.421977e-04,2.272754e-01,-1.852336e-01,3.261923e-01,4.079527e-01,7.677823e-02
4.907699e+00,-4.096738e-01,8.987957e-01,-9.022913e-02,5.718722e-02,-8.836877e-02,1.473026e-01,-5.520545e-01,-2.078314e-01,9.251596e-02,2.434434e-01
4.561195e+00,-4.095175e-01,9.405384e-01,5.856757e-02,5.929818e-01,-1.015041e-01,1.442319e-01,-3.755007e-01,-1.708265e-01,9.507599e-02,-7.550957e-02
4.507245e+00,-4.913911e-01,1.167146e+00,2.030903e-02,4.248153e-01,1.590198e-01,-6.504694e-02,-4.946711e-01,1.884365e-01,1.620471e-01,8.756461e-02
4.704003e+00,-3.564390e-01,1.236227e+00,-2.071443e-02,3.548936e-01,-9.442179e-02,2.822377e-01,-3.286658e-01,-1.253429e-01,1.305582e-01,1.331943e-01
4.746067e+00,-2.770282e-01,6.248031e-01,-1.690660e-01,4.259532e-01,-2.022798e-01,-1.678656e-01,-3.226867e-01,1.275003e-01,2.226674e-01,5.327856e-02
4.523585e+00,-1.200293e-01,1.426532e+00,2.686545e-01,4.235467e-01,6.772658e-02,4.362820e-01,-4.497641e-01,-4.161879e-01,-1.681698e-01,3.086746e-01
4.832141e+00,-4.009181e-02,1.031759e+00,2.497527e-01,5.063916e-01,-3.675288e-01,-3.026426e-02,-2.761385e-01,8.877020e-02,2.401560e-01,-1.432660e-02
4.678622e+00,-3.236927e-01,1.128246e+00,1.501640e-01,9.084359e-02,-1.674372e-01,4.094515e-01,-6.175749e-01,-2.602516e-01,2.079384e-01,5.563823e-01
4.769970e+00,-3.866554e-01,1.311540e+00,2.519006e-01,5.067410e-01,2.216312e-01,4.101170e-01,-3.600072e-01,-2.114056e-02,4.792625e-02,-2.625296e-02
4.215870e+00,-5.162009e-01,9.265259e-01,1.452628e-01,3.128523e-01,-4.505215e-01,-2.487996e-01,-5.126162e-01,-8.660481e-02,1.445622e-01,4.097386e-01
4.867822e+00,-3.285405e-01,1.051268e+00,6.006180e-02,6.572885e-01,3.605427e-01,3.365186e-01,-3.021291e-01,2.802627e-03,1.208512e-02,5.470283e-02
4.678016e+00,-3.752787e-01,1.000645e+00,6.090219e-02,4.735980e-01,-3.212352e-01,-3.603172e-01,-7.400835e-01,-3.589444e-01,-6.899086e-02,2.479618e-01
4.456482e+00,-4.579879e-01,7.124035e-01,2.494671e-02,5.423240e-01,1.816866e-01,3.432458e-01,1.148257e-01,5.413177e-01,3.941573e-01,6.037157e-01
4.742485e+00,-3.702362e-01,9.005522e-01,9.369314e-02,3.586092e-01,1.345374e-02,-2.750129e-01,-7.187416e-01,-2.732538e-01,-1.712061e-01,1.411060e-01
4.825497e+00,-2.872516e-01,1.129956e+00,2.145726e-01,6.992740e-01,1.198056e-01,1.748027e-01,-4.336768e-01,-1.713479e-01,6.436653e-02,2.415204e-01
4.739599e+00,-6.989655e-01,1.071578e+00,2.105128e-01,1.847736e-01,-1.480772e-01,-1.236834e-01,-5.888937e-01,1.316455e-02,3.283858e-01,1.325750e-01
4.864947e+00,-1.337631e-01,1.498748e+00,1.599561e-01,4.291212e-01,9.967924e-03,2.286159e-01,-3.406527e-01,-6.241357e-02,2.807197e-01,1.939334e-01
4.574494e+00,-6.101435e-01,7.829856e-01,-1.511928e-02,5.203043e-01,-1.857284e-01,2.145694e-01,-2.905188e-01,-2.514422e-01,4.289751e-02,1.755706e-01
5.146553e+00,-1.560202e-01,1.266173e+00,1.642774e-01,5.587206e-01,-9.390958e-02,2.860228e-01,-3.708397e-01,-1.283081e-01,8.959236e-02,-7.299652e-02
4.850023e+00,1.377512e-01,1.342441e+00,2.870908e-02,2.922424e-01,-2.142535e-01,2.240630e-01,-2.952799e-01,2.545977e-01,2.603048e-01,6.700889e-02
4.953490e+00,-4.253719e-01,1.062247e+00,3.142125e-01,3.135970e-01,-1.446335e-01,2.132452e-01,-4.595829e-01,-2.285290e-02,-4.860534e-02,1.693833e-01
4.877429e+00,-2.430905e-02,1.157632e+00,-1.290128e-02,6.675540e-01,3.180930e-01,7.063357e-01,-2.550539e-01,-1.839270e-01,-1.735169e-01,-1.935771e-01
4.626753e+00,-4.452118e-01,1.220967e+00,1.752917e-01,2.262418e-01,-3.444330e-01,2.003902e-01,-2.477284e-01,1.017268e-01,2.504141e-01,1.784179e-01
4.813432e+00,-3.612212e-01,1.272096e+00,-6.891002e-02,3.622821e-01,2.678012e-01,4.880395e-01,-2.767576e-01,-1.629751e-01,1.045913e-01,1.549908e-01
4.909810e+00,-4.973320e-02,1.435913e+00,9.756079e-02,2.917563e-01,-2.404802e-01,1.034343e-01,-5.986528e-01,-3.694129e-01,1.042690e-02,2.181080e-01
4.488388e+00,-4.776141e-01,1.084862e+00,2.973088e-02,3.415194e-01,-9.602463e-02,6.452567e-01,2.750268e-01,2.397496e-01,3.359265e-01,3.654921e-01
4.663639e+00,-3.712273e-02,1.551234e+00,4.096710e-02,3.116379e-01,-2.025628e-01,-8.684159e-03,-4.096852e-01,-1.695247e-01,-1.642676e-01,3.224540e-02
4.897203e+00,8.269131e-02,1.362431e+00,1.821239e-01,3.130840e-01,-1.443624e-01,5.128387e-01,-1.179328e-01,-6.142142e-02,1.657222e-03,1.167491e-01
4.595399e+00,-4.443187e-01,1.067529e+00,-2.846920e-01,2.349754e-01,-1.362968e-01,1.384058e-01,-3.827609e-01,-1.752491e-01,9.023968e-02,7.785304e-02
4.814242e+00,1.209686e-01,1.735069e+00,6.513750e-02,3.207796e-01,1.658411e-01,4.401768e-01,-1.950501e-01,-6.710674e-02,-5.223766e-02,1.183737e-01
4.291417e+00,-6.522037e-01,7.817734e-01,1.866024e-03,5.404157e-01,-1.312969e-01,1.601214e-01,-3.786567e-01,-1.413752e-01,4.958757e-02,2.241912e-01
5.244265e+00,-2.943144e-02,1.236894e+00,-2.190833e-01,2.899163e-01,-1.094179e-01,4.486558e-01,-2.032265e-01,-2.023714e-01,-3.020262e-02,2.349607e-01
4.446341e+00,-3.619489e-01,1.244981e+00,2.456444e-01,4.073213e-01,-1.624287e-01,3.322050e-01,-2.339420e-01,3.451892e-01,2.547324e-01,1.182710e-01
4.712696e+00,-3.396928e-01,1.232427e+00,1.048157e-01,4.677704e-01,-6.581860e-03,4.535803e-01,-4.114543e-01,-3.442618e-01,1.102031e-01,2.230609e-01
4.668121e+00,-5.154395e-01,1.178834e+00,1.686094e-01,4.931644e-01,5.646627e-02,5.118662e-01,-5.539736e-02,-2.069546e-01,-2.142578e-01,-1.160448e-01
4.918995e+00,-2.253694e-01,1.231419e+00,5.456697e-02,1.784180e-01,-1.752604e-01,4.063352e-01,-2.187812e-01,2.206047e-01,4.405737e-01,2.677478e-01
4.402094e+00,-5.425352e-01,1.239539e+00,1.423452e-02,4.635845e-01,3.843352e-02,2.784776e-01,-4.325353e-01,-6.035073e-02,1.747009e-01,1.736266e-01
4.975714e+00,-1.582557e-01,1.074057e+00,3.174022e-01,6.828987e-01,-1.857972e-01,1.564799e-01,-2.995624e-01,-1.139864e-01,4.130044e-02,2.579560e-01
4.829516e+00,-4.941221e-01,7.400249e-01,3.584441e-02,4.366200e-01,2.523105e-02,6.508059e-01,-3.002876e-01,2.378923e-02,5.098455e-01,4.310079e-01
4.831060e+00,-2.214608e-01,1.087648e+00,2.321815e-02,5.591590e-01,-8.011138e-02,9.355002e-02,-2.578463e-01,1.492572e-03,1.695776e-01,3.773406e-01
5.046114e+00,-5.170262e-01,1.003899e+00,4.179832e-01,5.356314e-01,-1.145733e-01,3.100211e-01,-3.273719e-01,-2.575580e-02,3.593789e-01,3.239872e-01
4.540943e+00,-5.843173e-01,8.104872e-01,-3.081294e-01,4.511348e-01,3.002997e-01,4.921456e-01,-5.058884e-01,-2.970176e-01,2.873292e-01,2.447829e-01
4.779648e+00,-3.846714e-01,1.237697e+00,2.299063e-01,8.217760e-01,-4.306609e-04,1.391610e-01,-2.023605e-01,3.049002e-02,1.381072e-02,2.303402e-01
4.755833e+00,-4.519468e-01,7.352951e-01,1.295593e-01,4.472125e-01,-1.625325e-01,2.451831e-01,-5.436867e-01,-1.534173e-01,2.362474e-01,2.211295e-01
5.131078e+00,-1.925972e-01,8.792580e-01,-2.088367e-01,3.990282e-01,-1.117497e-01,3.013175e-01,-1.324289e-01,-1.017620e-01,1.250500e-01,5.095954e-01
4.273262e+00,-6.996010e-01,1.163563e+00,8.617643e-02,5.250377e-01,1.811374e-01,3.868825e-01,-3.486584e-01,4.431750e-02,1.660194e-01,1.393079e-01
4.906849e+00,-1.276962e-01,1.353658e+00,8.023666e-02,3.185436e-01,1.290066e-01,4.605076e-01,-3.644707e-01,-2.174959e-01,1.728017e-02,1.284064e-01
4.266988e+00,-6.453057e-01,1.027939e+00,-5.699864e-02,3.741165e-01,-1.974433e-01,1.438540e-01,-2.181827e-01,-9.020285e-02,9.596268e-02,5.567706e-01
5.058123e+00,1.594637e-01,1.275131e+00,-1.682901e-01,4.771054e-01,3.453043e-02,3.089166e-01,-2.134843e-01,8.026519e-02,1.352137e-01,8.603881e-02
4.185483e+00,-5.580843e-01,1.148188e+00,4.278647e-01,5.781614e-01,-2.890681e-01,9.378546e-02,-2.400965e-01,-2.613954e-01,-2.664940e-01,3.151340e-01
4.862289e+00,-1.203352e-01,1.307319e+00,7.836738e-02,5.013866e-01,-8.450643e-03,2.518045e-01,-2.035274e-01,1.244581e-01,1.514100e-01,6.808914e-02
4.931916e+00,-1.619876e-01,1.319849e+00,1.813274e-02,1.493868e-01,-1.029343e-01,3.264045e-01,-4.916378e-01,-2.631136e-01,-1.028509e-01,2.293396e-01
4.471232e+00,-6.621152e-01,1.109875e+00,2.283575e-01,4.354996e-01,-1.928071e-01,4.220491e-01,2.567180e-01,3.920806e-01,2.692798e-01,2.659777e-01
4.756456e+00,-7.927124e-02,1.376661e+00,1.152636e-01,4.491999e-01,-7.249723e-04,3.591641e-01,-4.747152e-01,-3.971224e-01,4.997732e-02,2.112491e-01
4.771759e+00,-4.045084e-01,1.071962e+00,1.568690e-01,3.381419e-01,-7.314726e-02,6.134065e-01,-4.335837e-02,2.687646e-04,-1.410887e-01,-6.144166e-02
4.670814e+00,-2.824365e-01,1.287591e+00,2.213048e-01,5.549812e-01,-2.598215e-01,2.528344e-02,-2.724599e-01,3.755599e-02,9.362863e-02,2.838652e-01
4.847486e+00,-1.482359e-01,1.188465e+00,-5.353266e-02,2.561297e-01,1.688477e-01,6.621489e-01,-2.453013e-01,-2.057125e-01,5.284085e-02,1.775085e-01
4.946542e+00,-2.087689e-01,1.029727e+00,1.393247e-01,5.641317e-01,-1.108405e-01,1.350008e-01,-3.559104e-01,3.671829e-04,9.566745e-02,1.078855e-01
4.702961e+00,-3.701997e-01,1.150421e+00,6.474648e-02,5.539308e-01,5.272407e-02,3.243071e-01,-2.889206e-01,-2.440140e-02,1.513585e-01,6.212720e-02
5.039227e+00,1.123713e-01,1.250608e+00,1.347005e-01,5.136270e-01,6.107662e-02,2.460913e-01,-5.903501e-01,-1.934456e-01,3.351080e-01,2.761629e-01
4.626951e+00,-6.058567e-01,6.274106e-01,-4.509617e-03,5.379091e-01,-2.394583e-01,7.666136e-02,-2.240064e-01,3.537523e-02,1.057246e-01,3.983705e-01
4.901042e+00,-2.566285e-02,1.400277e+00,2.260253e-01,6.421010e-01,2.344248e-01,4.994104e-01,-4.103647e-01,-3.907549e-01,-1.451004e-01,1.147606e-01
4.667466e+00,-4.492216e-01,9.509962e-01,9.226651e-02,3.879875e-01,-3.680507e-01,9.113020e-02,-5.086842e-01,-2.597246e-01,1.556404e-01,1.020552e-01
5.041658e+00,-1.310305e-01,1.137998e+00,-1.446357e-03,2.317604e-01,6.485699e-02,5.859519e-01,-3.592231e-01,-1.916809e-01,3.225863e-01,2.992520e-01
4.848332e+00,-2.711311e-01,1.228360e+00,-5.108452e-02,2.620627e-01,-3.299014e-01,7.500562e-02,-5.897480e-01,-2.546633e-01,4.026017e-02,-1.077114e-01
4.473527e+00,-4.980654e-01,9.927442e-01,3.790077e-01,8.359434e-01,3.131045e-01,8.356798e-01,-4.223035e-03,-2.409758e-02,1.071996e-01,1.826059e-01
4.858445e+00,-1.018020e-02,1.032218e+00,-2.511677e-01,3.272249e-01,2.008031e-02,1.428271e-01,-6.244128e-01,-1.325894e-01,-1.405053e-03,-7.222482e-02
4.982607e+00,-1.097295e-01,1.116904e+00,-3.834074e-03,6.790107e-01,9.402662e-02,2.885367e-01,9.512431e-02,9.872723e-02,-1.326274e-02,1.731395e-01
4.662234e+00,-8.262578e-02,1.051615e+00,-1.627676e-02,3.488884e-01,-2.070198e-01,2.882548e-01,-6.335094e-01,-2.371011e-01,1.774192e-01,1.367382e-01
4.715361e+00,-1.916805e-01,1.336513e+00,1.827268e-01,7.058806e-01,3.361747e-01,6.703652e-01,-1.518839e-01,-2.722819e-01,-6.237805e-02,-4.407005e-02
4.666714e+00,-1.483658e-01,1.469702e+00,2.170448e-01,5.308603e-01,-2.050969e-01,-6.847472e-03,-5.396760e-01,-2.262351e-01,2.629470e-01,5.211272e-01
4.871477e+00,-7.156443e-02,1.333645e+00,5.218388e-02,8.971390e-02,-9.533290e-02,5.512350e-01,-4.806520e-01,1.506519e-04,2.869580e-01,1.147209e-01
4.793618e+00,-2.030186e-01,1.510745e+00,4.051572e-01,5.846034e-01,-6.208962e-02,1.261317e-01,-3.721608e-01,-1.818878e-01,3.935803e-03,4.255609e-01
4.473305e+00,-2.225642e-01,9.610890e-01,-3.482965e-01,2.235186e-01,2.679465e-01,7.282348e-01,-2.289230e-01,-2.419670e-01,1.587672e-01,2.874639e-01
4.861559e+00,-1.599482e-01,1.401437e+00,5.037838e-01,5.396207e-01,-1.721498e-01,1.158570e-01,-3.714109e-01,-1.583197e-01,8.887897e-03,2.320088e-01
4.827163e+00,-9.319455e-02,1.184318e+00,-4.351178e-01,2.931563e-01,-7.163156e-02,2.024433e-01,-3.514149e-01,-1.290089e-01,4.617403e-02,7.521991e-02
4.645179e+00,-1.624921e-01,1.148830e+00,-1.041755e-01,4.189226e-01,2.124340e-01,4.389150e-01,-2.986888e-01,6.611428e-02,3.882414e-01,2.062961e-01
4.764906e+00,-2.026122e-01,1.188545e+00,-6.766117e-03,3.775186e-01,-1.842284e-01,7.995171e-02,-3.606339e-01,-1.997139e-01,-2.609909e-01,-8.121460e-02
4.508877e+00,-3.664184e-01,1.192416e+00,1.714305e-01,6.532113e-01,2.604721e-01,6.790062e-01,1.677403e-01,7.349071e-02,7.259405e-02,4.205208e-01
4.795468e+00,-2.673456e-01,8.056933e-01,-3.600766e-01,9.627440e-02,-2.476519e-01,1.132237e-01,-3.933087e-01,-1.681506e-01,8.240867e-03,2.575023e-01
4.617659e+00,-4.188107e-01,1.386285e+00,3.833162e-01,7.032412e-01,2.008665e-01,5.388750e-01,-3.503518e-02,8.739992e-02,1.163118e-01,1.345138e-01
4.297903e+00,-7.640000e-01,1.075095e+00,6.417901e-02,3.356705e-01,-1.096215e-01,2.779109e-01,-5.065106e-01,-2.666093e-01,9.121889e-02,1.665508e-01
4.916578e+00,-2.747389e-01,1.235409e+00,1.557798e-01,6.275524e-01,-1.520486e-02,2.842648e-01,-3.878040e-01,-7.302751e-02,3.560122e-01,4.355328e-01
4.838159e+00,-3.397409e-01,1.040209e+00,-9.040361e-03,2.774534e-01,-1.839142e-01,2.623953e-01,-3.069764e-01,-1.876588e-01,1.251045e-01,4.702669e-01
4.759278e+00,-3.807999e-01,1.062750e+00,2.384914e-01,7.820499e-01,-1.173637e-01,4.391010e-03,-3.554476e-01,5.586213e-02,2.404982e-01,1.872535e-01
4.707706e+00,-3.580919e-01,1.063073e+00,-9.112598e-03,4.779588e-01,3.801588e-01,6.187724e-01,-3.872736e-01,-2.299866e-01,-1.004132e-01,3.533439e-01
4.918566e+00,-3.379945e-01,9.929882e-01,-1.132573e-02,4.839967e-01,4.823770e-03,1.895881e-01,-2.475477e-01,2.493353e-01,2.136836e-01,6.114635e-02
4.524170e+00,-4.495659e-01,1.023792e+00,1.104209e-01,4.819359e-01,-2.172635e-01,3.622276e-01,-1.904852e-01,-8.733025e-02,2.384401e-01,4.178470e-01
4.990794e+00,-7.264868e-02,1.143653e+00,-4.370978e-02,2.529469e-01,2.405750e-02,4.603777e-01,-2.986696e-01,-5.612128e-02,8.584435e-02,2.829705e-02
4.466150e+00,-4.490253e-01,1.216309e+00,2.048465e-01,5.601579e-01,4.941830e-02,5.263399e-01,1.022040e-02,1.148195e-01,1.759995e-01,4.918483e-02
4.818362e+00,-1.811763e-01,1.019671e+00,7.677057e-02,1.016865e-01,-3.418119e-01,4.113789e-01,3.748530e-02,-1.178155e-01,3.648065e-02,4.904024e-01
4.810872e+00,-6.854435e-02,1.343772e+00,1.931778e-01,4.752955e-01,1.790745e-01,5.090677e-01,-3.127528e-01,8.478677e-02,1.675858e-01,4.770932e-02
4.595656e+00,-5.811894e-01,8.749633e-01,-1.812164e-02,3.005520e-01,-4.115680e-01,1.800936e-01,-1.088861e-01,-1.299622e-01,-1.137875e-01,2.268764e-01
4.471466e+00,-3.554489e-02,1.487511e+00,5.345369e-01,6.218262e-01,4.322276e-02,5.704257e-01,-3.133615e-01,-2.379874e-02,3.971353e-01,1.327188e-01
4.801907e+00,-4.158687e-01,1.111098e+00,-6.364888e-02,6.753978e-02,-3.746828e-01,1.549371e-01,-4.682696e-01,-1.802356e-01,2.322474e-02,-2.453698e-02
4.660066e+00,-1.417851e-01,1.193134e+00,-8.820604e-02,4.136966e-01,-2.021430e-01,4.285826e-01,-3.995361e-02,-6.768912e-02,1.634199e-01,7.570831e-01
4.795499e+00,-3.535666e-01,9.478987e-01,8.266043e-02,3.088830e-01,-2.442684e-01,2.726500e-01,-4.091200e-01,-1.202453e-01,-8.595344e-03,-1.537592e-01
4.845361e+00,5.989337e-02,1.306004e+00,1.816377e-01,7.007836e-01,1.373534e-01,1.815021e-01,-4.644876e-01,-3.954294e-01,-1.512386e-01,4.850658e-01
4.628498e+00,-5.851959e-01,7.343284e-01,-3.221479e-01,3.335266e-01,-6.494023e-02,5.490389e-01,-1.987055e-01,-1.865420e-02,1.875787e-01,1.373328e-01
5.094309e+00,-1.109648e-01,1.312532e+00,2.848935e-01,4.342000e-01,2.607403e-02,2.999713e-01,-6.401627e-01,-1.548885e-01,3.134664e-01,2.612902e-01
4.257880e+00,-4.066896e-01,9.913026e-01,-1.485866e-01,5.635052e-01,2.901408e-01,5.900664e-01,-2.242795e-01,-2.090114e-01,-1.033360e-02,2.129367e-01
5.037048e+00,-1.658017e-01,1.271731e+00,8.886403e-02,5.586796e-01,1.326001e-01,2.167274e-01,-5.747215e-01,-2.349421e-01,2.404103e-01,1.661553e-01
4.952540e+00,-1.969757e-01,1.039735e+00,9.248027e-02,5.036142e-01,-4.239531e-02,2.771723e-01,-3.463219e-01,2.701254e-02,2.000321e-01,2.196370e-01
4.698069e+00,-3.245756e-01,1.246074e+00,1.769578e-01,3.340663e-01,-5.525826e-02,2.527134e-01,-3.699496e-01,-1.679578e-01,3.209423e-01,4.832637e-01
4.871538e+00,-2.206713e-01,1.148853e+00,1.356105e-01,7.337082e-01,2.072383e-01,3.200986e-01,-3.351989e-01,-1.250785e-01,-1.310746e-02,-6.971660e-02
4.751735e+00,-1.908108e-01,1.268597e+00,3.090262e-02,2.649702e-01,-1.117914e-01,3.147745e-01,-3.706063e-01,-1.624166e-01,7.631890e-03,2.699747e-01
4.659120e+00,-1.023447e-01,1.366807e+00,-1.240261e-02,4.510291e-01,-6.376089e-04,2.089691e-01,-3.059290e-01,1.213854e-01,4.515371e-01,1.176623e-01
4.849433e+00,1.255084e-01,1.369861e+00,-1.856626e-01,1.714014e-01,-6.034771e-02,3.134159e-01,-2.963418e-01,-2.245233e-01,-1.729275e-01,7.088955e-02
4.855309e+00,-7.865279e-02,1.259439e+00,1.360042e-02,3.441820e-01,-1.446050e-01,4.035482e-01,3.185160e-03,9.153878e-03,-1.339906e-01,7.760265e-02
4.671707e+00,-1.727829e-02,1.204016e+00,-4.651627e-02,4.423366e-01,-1.582144e-01,3.075555e-01,-1.367283e-01,-9.694074e-02,-5.178586e-02,-7.919293e-02
4.897951e+00,9.838309e-02,1.643595e+00,1.971128e-01,1.673090e-01,-4.321579e-02,4.012643e-01,-2.712221e-01,-1.171282e-01,-1.943664e-01,9.465161e-02
4.373237e+00,-6.407103e-01,9.070343e-01,-3.573316e-01,2.548152e-01,6.771155e-02,5.001119e-01,-1.991857e-01,1.778119e-02,1.857598e-01,-1.253247e-01
4.835837e+00,-8.890452e-02,1.644480e+00,6.204879e-01,5.864509e-01,-3.005540e-01,3.549578e-01,-2.627696e-01,-4.403627e-01,-7.321080e-02,2.477447e-01
4.359870e+00,-6.453485e-01,8.412858e-01,-1.409753e-01,4.846413e-01,1.634875e-01,5.128766e-01,-8.238530e-02,1.238829e-01,1.079369e-01,3.018516e-03
5.117601e+00,-7.828024e-02,1.145946e+00,8.321307e-02,5.488550e-01,-1.660662e-01,7.914626e-02,-3.781157e-01,-1.761957e-01,1.905395e-01,3.598589e-01
4.925656e+00,-3.386735e-01,1.109517e+00,1.330487e-01,3.859792e-01,-3.056678e-01,4.759982e-02,-3.093548e-01,2.507174e-03,-4.279921e-02,1.149723e-01
4.352203e+00,-3.983552e-01,1.266988e+00,3.555258e-01,9.110041e-01,4.376287e-01,1.569575e-01,-7.295888e-01,-1.345507e-01,2.577202e-01,2.774946e-01
4.895853e+00,-2.202742e-01,9.899878e-01,-1.751892e-01,3.477181e-01,-2.033759e-02,3.695874e-01,-2.857175e-01,-3.044141e-01,-1.029108e-01,2.087760e-01
4.946899e+00,-2.531413e-01,1.119182e+00,2.694659e-01,6.850173e-01,-1.953005e-01,1.797542e-01,-2.968733e-01,-5.585292e-02,3.140698e-01,2.770136e-01
4.635974e+00,-3.057925e-01,1.103541e+00,-1.398478e-01,2.378062e-01,6.550998e-02,4.302157e-01,-5.678646e-01,-1.863024e-01,2.765723e-01,3.264484e-01
4.746715e+00,-2.662153e-01,1.202715e+00,3.926536e-01,8.307941e-01,1.074650e-01,3.943110e-01,-1.728201e-01,-2.964859e-01,-2.936402e-01,6.303335e-02
5.032629e+00,-4.685790e-01,9.819956e-01,1.717714e-01,2.114183e-01,-2.952244e-01,5.247140e-01,-1.636066e-01,3.849382e-02,2.282384e-01,1.972111e-01
4.577038e+00,-5.175603e-02,1.391665e+00,7.957491e-02,2.591597e-01,-2.665874e-02,4.923153e-01,-2.437284e-01,-1.102447e-01,1.391257e-01,3.086819e-01
4.977325e+00,-2.449804e-01,1.193080e+00,1.793486e-01,4.702051e-01,-1.407057e-01,3.993014e-01,9.340828e-03,-8.114210e-02,-6.242472e-02,-5.513467e-02
4.021872e+00,-7.143783e-01,1.000941e+00,1.517488e-01,4.956367e-01,6.238343e-02,6.552134e-01,-8.094355e-02,1.156543e-01,1.808061e-01,-2.048337e-02
4.899336e+00,1.199989e-01,1.463862e+00,1.139160e-01,3.657226e-01,-3.765370e-01,1.581889e-01,-1.069946e-01,8.787683e-02,1.417071e-02,1.244143e-01
4.553723e+00,-4.165944e-01,1.004625e+00,-1.047033e-02,3.739210e-01,-1.303125e-01,2.738339e-01,-7.491018e-02,1.046894e-01,1.147476e-02,7.392305e-02
5.037944e+00,6.094996e-02,1.013037e+00,6.331068e-02,2.191731e-01,-2.859617e-01,4.024678e-01,-8.258860e-02,6.898003e-02,5.450533e-02,2.224052e-01
4.538664e+00,-4.086290e-01,1.239195e+00,1.583453e-01,3.256146e-01,-2.437964e-01,2.150857e-01,-4.990829e-01,-2.298938e-01,6.739656e-02,1.321331e-01
4.662758e+00,-1.371509e-01,1.408811e+00,5.867679e-02,5.103924e-01,3.259340e-01,3.991315e-01,-4.651657e-01,-7.937616e-02,3.311131e-01,2.106091e-01
4.657444e+00,-6.837364e-01,6.571158e-01,-1.528157e-01,1.190578e-01,-3.628058e-01,2.921752e-01,-2.935451e-01,-1.498264e-01,4.797045e-02,2.597554e-01
4.843329e+00,-1.221805e-01,1.161678e+00,5.146847e-02,7.258002e-01,2.127981e-01,4.418807e-01,-3.574844e-01,2.950552e-02,4.641730e-01,1.953166e-01
4.597819e+00,-4.050195e-01,1.088829e+00,-6.985505e-02,4.399761e-01,4.232185e-02,2.205108e-01,-5.284513e-01,-3.574088e-01,-1.924854e-01,2.729696e-01
4.792945e+00,-6.215123e-01,7.500685e-01,2.424348e-01,6.947579e-01,1.786108e-01,6.320043e-01,-8.616131e-03,3.026519e-01,3.174816e-01,3.048953e-01
5.011040e+00,4.423030e-02,1.162353e+00,-1.816925e-01,2.236701e-01,-8.171650e-02,2.352938e-01,-5.458361e-01,-2.470434e-01,3.975713e-01,4.194381e-01
4.460419e+00,-5.673964e-01,1.211470e+00,2.559440e-01,8.022091e-01,1.752810e-01,1.953307e-01,-3.077742e-01,3.231489e-02,-1.562091e-03,3.673550e-01
4.812094e+00,-3.306770e-01,9.901882e-01,-3.380180e-03,5.568808e-01,1.149639e-01,3.901871e-01,-3.075337e-01,-7.398837e-02,1.127450e-01,1.972671e-03
4.697756e+00,-1.287179e-01,1.287643e+00,1.488816e-01,4.596691e-01,-1.592405e-01,3.552669e-01,-2.005826e-01,-1.298745e-01,3.428825e-01,4.014231e-01
4.622718e+00,-4.331988e-01,1.039534e+00,-1.139069e-01,2.918898e-01,-8.715712e-02,2.043637e-01,-2.231010e-01,2.419056e-01,3.214173e-01,4.606700e-01
4.662531e+00,-2.664586e-02,1.385388e+00,2.662882e-01,4.676811e-01,2.176520e-03,4.112374e-01,-4.466567e-01,-3.715331e-01,3.488097e-02,3.324879e-01
4.898585e+00,-5.374848e-02,1.162531e+00,-1.136306e-01,3.759908e-01,8.768146e-02,4.357281e-01,-1.821826e-01,-1.247413e-01,1.333207e-01,1.401074e-01
4.542752e+00,-3.434157e-01,1.422456e+00,1.996621e-01,2.433490e-01,-1.454439e-01,3.800978e-02,-5.639202e-01,-1.124557e-02,2.492269e-01,4.372860e-01
4.934926e+00,4.074867e-02,1.352217e+00,-4.837256e-02,4.792313e-01,2.070668e-01,6.596698e-01,-2.563207e-01,-2.714329e-01,7.236009e-02,1.493185e-01
4.473932e+00,-5.952145e-01,8.475258e-01,-6.953363e-02,4.081116e-01,-2.756324e-01,1.557607e-01,-2.861977e-01,-3.405163e-01,-1.264167e-01,2.877495e-01
4.814217e+00,1.564174e-01,1.461841e+00,8.458722e-02,3.449671e-01,1.650650e-01,5.636843e-01,-1.638450e-01,8.200130e-02,-3.541442e-02,1.015018e-01
4.816526e+00,-1.564230e-01,1.134448e+00,-2.682612e-01,3.512174e-01,-1.767283e-01,-6.414109e-02,-6.599285e-01,-3.757659e-01,-1.579459e-01,9.538291e-02
4.608238e+00,-5.072081e-01,1.047414e+00,-1.918248e-02,3.160122e-01,1.171214e-01,8.717864e-01,2.577365e-01,2.860230e-01,3.262799e-01,3.630321e-01
4.741550e+00,-1.045603e-01,1.297648e+00,1.723150e-01,3.262637e-01,-3.095405e-01,-9.440219e-02,-6.655066e-01,-2.032732e-01,1.098239e-01,-7.978367e-02
4.713303e+00,-2.494127e-01,1.297852e+00,1.983182e-01,7.082241e-01,2.922853e-01,4.741700e-01,-3.402638e-01,-3.408423e-01,-1.949898e-02,2.539120e-01
4.801336e+00,-2.271016e-01,9.214058e-01,-1.415885e-01,2.934546e-01,-2.307443e-01,1.961758e-01,-4.971810e-01,-7.102328e-02,2.155810e-01,3.093912e-02
5.093032e+00,-1.357814e-01,1.149175e+00,2.164522e-01,5.294633e-01,-6.856130e-02,3.249508e-01,-1.575026e-01,-1.754815e-02,1.101146e-01,2.287948e-01
4.413738e+00,-4.371792e-01,1.285593e+00,1.544882e-01,4.926367e-01,3.593334e-03,1.961315e-01,-5.183677e-01,-2.609826e-01,9.737036e-02,2.432775e-01
5.090949e+00,-2.035806e-01,1.080991e+00,3.123908e-01,5.462711e-01,-1.178348e-01,4.465715e-01,-3.848885e-01,-3.021192e-01,7.361301e-02,8.478268e-02
4.977988e+00,-3.009488e-01,1.044389e+00,1.794053e-01,4.455628e-01,-1.226401e-01,3.643836e-01,-1.358863e-01,-4.304128e-02,1.863991e-01,2.147972e-01
4.672147e+00,-1.241155e-01,1.309315e+00,-9.350441e-02,2.872518e-01,2.228237e-02,2.402753e-01,-5.401789e-01,-7.374642e-02,2.669813e-01,2.336018e-01
4.969856e+00,-5.331255e-01,9.353337e-01,5.487946e-01,8.812893e-01,1.574531e-01,5.700924e-01,-6.116864e-02,-2.010100e-01,-3.120478e-01,-2.212786e-01
4.800099e+00,-6.943469e-02,1.021816e+00,-1.084077e-01,2.915780e-01,-2.059605e-01,3.446106e-01,-2.831489e-01,-2.708176e-01,1.695017e-01,2.624186e-01
4.858406e+00,-2.967901e-01,1.040966e+00,9.068574e-02,6.917332e-01,1.307364e-02,2.807790e-01,-1.271376e-01,7.642502e-02,1.844806e-01,2.138746e-01
4.920686e+00,-1.836024e-01,1.176160e+00,2.666860e-01,5.169733e-01,-3.140960e-01,1.108936e-01,-7.003129e-01,-4.417949e-01,-1.505531e-02,1.103791e-01
4.587560e+00,-4.814716e-01,1.116980e+00,1.537736e-01,4.460566e-01,1.329911e-01,7.816715e-01,-3.560084e-02,8.303976e-02,4.401073e-01,1.708787e-01
4.730746e+00,-2.206485e-01,1.270882e+00,-2.061032e-04,2.638610e-01,-1.646545e-01,1.942436e-02,-5.962907e-01,-1.880856e-01,6.041860e-02,1.745975e-01
4.957123e+00,-8.912721e-02,1.315699e+00,3.705015e-01,3.864432e-01,-8.450896e-02,6.310064e-01,-2.456523e-01,-2.021605e-01,5.196171e-03,2.862797e-01
4.544704e+00,-4.838232e-01,8.036656e-01,-1.469300e-01,3.332710e-01,-3.767748e-01,1.392500e-01,-3.870131e-01,-3.984302e-01,3.012878e-02,4.092034e-01
4.788056e+00,-5.952653e-02,1.499107e+00,1.901265e-01,5.802701e-01,6.592912e-02,3.904371e-01,-1.313273e-01,-6.424215e-02,-6.042511e-02,-3.525950e-02
4.262066e+00,-5.073825e-01,1.241815e+00,3.455075e-01,4.669750e-01,-1.190247e-01,1.765771e-01,-6.402547e-01,-4.118503e-01,-1.104303e-03,3.559266e-01
5.181080e+00,-6.856100e-02,1.040157e+00,-1.748090e-01,5.273174e-01,-1.802625e-01,1.440826e-01,-8.367862e-02,2.034089e-02,3.592642e-03,6.300791e-02
4.453822e+00,-1.254414e-01,1.492063e+00,5.125154e-02,1.834191e-01,1.850520e-01,4.872817e-01,-2.615148e-01,-4.683496e-02,8.747079e-02,3.514495e-01
4.568681e+00,-4.098494e-01,9.366883e-01,1.991313e-01,6.674726e-01,1.053533e-01,3.488088e-01,-2.063161e-01,3.762630e-02,-1.773113e-02,6.864398e-03
4.574318e+00,-3.479425e-01,1.288864e+00,6.208632e-02,3.599937e-01,7.802771e-03,5.702246e-01,-6.540690e-02,-2.986798e-01,-1.174478e-01,2.137159e-01
4.897126e+00,-1.295382e-02,1.260050e+00,-1.234120e-01,1.374772e-01,-8.817892e-02,3.662038e-01,-2.941672e-01,2.271247e-01,3.547390e-01,2.124196e-01
4.322754e+00,-5.269432e-01,1.183152e+00,5.103029e-02,5.644328e-01,5.109733e-02,3.901240e-01,-1.495923e-01,-3.251339e-02,2.269240e-01,3.483870e-01
4.645366e+00,-1.852167e-01,1.476270e+00,2.312558e-01,4.849110e-01,1.197117e-01,4.394386e-01,-4.457086e-01,-4.924223e-01,-2.415160e-02,2.824365e-01
4.859033e+00,-2.099394e-01,1.020604e+00,-6.323784e-02,4.660849e-01,1.111724e-01,4.062723e-01,-3.890762e-01,2.001534e-01,5.455342e-01,3.613426e-01
4.798619e+00,-4.014669e-01,9.979561e-01,-3.411125e-02,4.076532e-01,-1.384513e-01,3.062098e-02,-1.581592e-01,1.771732e-01,8.228774e-02,4.398958e-01
4.904204e+00,1.069540e-02,1.003325e+00,-3.982429e-02,8.903105e-01,3.839207e-01,2.865139e-01,-4.767990e-01,-7.097120e-02,1.894270e-01,2.872133e-01
4.623959e+00,-6.415576e-01,6.817715e-01,-7.875110e-02,5.921115e-01,-1.138266e-01,2.407872e-01,-3.803047e-01,-9.887129e-02,-3.516113e-02,1.359698e-01
4.816393e+00,-1.762281e-01,1.340268e+00,-6.507722e-02,4.388833e-01,8.983246e-02,2.607480e-01,-4.081319e-01,1.247768e-02,3.413269e-01,3.781086e-01
4.673121e+00,-4.610741e-01,8.430086e-01,8.191039e-02,5.514029e-01,-7.167595e-02,2.820977e-01,-6.313792e-01,-4.992214e-01,2.500053e-01,2.528619e-01
5.070141e+00,-6.059357e-02,1.105494e+00,-7.735391e-02,1.960565e-01,-1.491359e-01,4.869704e-01,-2.161542e-01,-1.556104e-01,1.536835e-01,3.903282e-01
4.299537e+00,-5.286760e-01,1.060059e+00,-8.879921e-02,4.428375e-01,2.513196e-01,4.884681e-01,-2.622148e-01,-1.574603e-02,1.168403e-01,-1.894756e-02
4.991154e+00,9.627173e-03,1.249378e+00,2.566691e-01,4.363204e-01,-1.015442e-01,3.928377e-01,-2.098379e-01,-2.654422e-01,-1.248550e-01,2.635009e-01
3.783797e+00,-9.085253e-01,7.755557e-01,-8.861539e-02,1.971359e-01,-3.067487e-01,4.851627e-01,7.236888e-02,3.124138e-01,5.592271e-01,5.888582e-01
4.959581e+00,2.733707e-01,1.455872e+00,-1.734132e-01,2.957555e-01,1.285570e-01,3.879092e-01,-3.589630e-01,8.981286e-03,3.239987e-01,1.060154e-01
4.476082e+00,-1.649814e-01,1.238490e+00,2.681716e-01,4.805153e-01,-2.308973e-01,2.787571e-01,-2.786263e-01,-1.871050e-01,-9.480585e-02,-2.379574e-03
4.950972e+00,-2.871934e-01,1.116501e+00,1.549743e-01,3.110607e-01,-1.605866e-01,4.322178e-01,-8.541576e-02,4.275677e-02,1.422770e-01,1.754830e-01
4.932363e+00,1.216431e-01,1.411526e+00,7.757884e-03,3.429821e-01,-1.756532e-01,2.847423e-02,-4.251754e-01,6.830824e-03,1.510001e-01,1.925850e-01
4.627429e+00,-5.287650e-01,9.826760e-01,3.303167e-01,3.675588e-01,-4.066465e-02,6.502685e-01,-1.445036e-01,1.145565e-02,3.385867e-03,1.729252e-01
4.775858e+00,-1.991192e-01,1.082755e+00,3.164944e-01,7.964810e-01,8.290409e-03,3.323641e-01,-4.413727e-01,-3.871569e-01,1.221045e-01,7.831018e-02
4.866295e+00,-4.667513e-02,1.307287e+00,-2.720777e-01,1.227141e-01,-2.184075e-03,5.961037e-01,-3.238828e-01,-2.017519e-01,1.594527e-01,2.661490e-01
4.819355e+00,-5.488064e-01,1.111385e+00,2.269330e-01,3.636490e-01,-7.200718e-02,2.293445e-01,-5.338223e-01,-5.283479e-02,3.784118e-01,3.007668e-01
4.662791e+00,-2.570032e-01,1.104340e+00,9.274222e-02,7.274753e-01,2.440035e-01,5.421863e-01,-3.027086e-01,-3.256696e-01,-8.252056e-02,1.479846e-02
5.019889e+00,-1.104169e-01,1.214319e+00,2.082390e-01,4.865361e-01,-5.205435e-02,1.421559e-01,-4.024723e-01,-1.578432e-01,1.096865e-01,3.980360e-01
4.822578e+00,-3.235142e-01,7.480542e-01,-1.859416e-01,5.354060e-01,-1.253299e-02,2.754626e-01,-1.796087e-01,1.660917e-01,1.678542e-01,3.132208e-02
4.801226e+00,-7.967724e-02,1.567819e+00,5.349663e-01,6.739270e-01,-1.203789e-01,2.229751e-01,-4.493092e-01,-5.106846e-01,-1.187687e-01,4.822510e-01
4.239426e+00,-7.695875e-01,8.582403e-01,-1.611672e-01,4.243704e-01,8.527571e-02,2.811215e-01,-3.932389e-01,-1.801819e-02,1.923825e-01,-5.996093e-02
4.949383e+00,-4.090958e-02,1.563885e+00,2.750893e-01,4.138997e-01,-1.920165e-01,2.294708e-01,-3.241094e-01,-5.060567e-03,3.867750e-02,1.215938e-01
4.775057e+00,-4.548014e-01,1.125752e+00,7.442643e-02,3.480301e-01,-3.576124e-01,2.814781e-02,-3.604156e-01,-3.496336e-01,-1.516994e-01,1.493361e-01
4.913890e+00,-9.334836e-02,1.094304e+00,8.915273e-03,3.262190e-01,-1.121012e-01,4.989319e-01,-1.123432e-01,3.047515e-02,2.797723e-01,2.028122e-01
4.806823e+00,-1.317872e-01,1.414908e+00,3.344493e-02,9.754800e-02,-3.095512e-01,2.064508e-01,-2.637903e-01,-1.405274e-01,-3.569305e-01,-7.211102e-02
4.500971e+00,-4.438788e-01,1.298957e+00,2.792572e-01,6.980833e-01,8.754060e-02,5.934434e-01,7.719105e-02,-6.459939e-02,-4.133569e-02,-1.401708e-01
4.753135e+00,1.038307e-01,1.266144e+00,-1.290020e-01,-1.248985e-02,-1.978262e-01,4.428509e-01,-4.083658e-01,-3.812664e-01,2.675956e-02,2.029439e-01
4.832854e+00,-2.185366e-01,1.424624e+00,4.637962e-02,4.225245e-01,-1.509078e-02,4.387930e-01,2.150164e-02,2.070033e-01,4.798659e-02,-1.058010e-01
4.698434e+00,-3.361742e-01,1.111057e+00,1.089767e-01,3.982008e-01,-2.812082e-01,3.775473e-01,-1.358648e-01,-2.301249e-01,9.743535e-03,6.757856e-02
4.834232e+00,1.973857e-01,1.171242e+00,9.851153e-03,5.126077e-01,3.542978e-01,4.764204e-01,-3.817350e-01,-1.224789e-01,4.041772e-02,2.694871e-01
4.866724e+00,-2.257262e-01,1.386301e+00,2.231415e-01,5.166378e-01,-2.612585e-01,-8.974888e-02,-2.910894e-01,1.484107e-01,1.712239e-01,3.108699e-01
4.751238e+00,-2.512941e-01,9.952717e-01,-1.751832e-01,4.195774e-01,-7.316657e-02,4.022138e-01,-1.907258e-01,-1.013660e-01,1.591820e-01,3.310674e-01
4.679011e+00,-2.364844e-01,1.447066e+00,5.689819e-01,9.707070e-01,2.470423e-01,2.607345e-01,-8.424161e-01,-5.814825e-01,1.047338e-01,2.870687e-01
4.581939e+00,-6.100141e-01,9.375964e-01,-1.335578e-01,3.468034e-01,-1.170789e-02,2.862462e-01,-2.211556e-01,1.576308e-01,3.600139e-01,1.465661e-01
4.979265e+00,-1.538936e-01,1.173884e+00,1.488411e-01,5.599317e-01,-1.027957e-01,1.537179e-01,-5.210007e-01,-1.562545e-01,2.366466e-01,4.979959e-01
4.913408e+00,-3.979454e-01,9.866985e-01,3.919482e-02,4.497920e-01,-6.677381e-02,2.036235e-01,-6.470723e-01,-3.806303e-01,-6.848522e-02,1.862257e-01
4.397264e+00,-2.768427e-01,1.097646e+00,-1.178509e-02,7.227501e-01,3.289322e-01,5.041681e-01,-1.236993e-01,5.779686e-02,3.019250e-01,5.200283e-01
4.873803e+00,-3.864899e-01,1.014586e+00,-2.046791e-01,6.565162e-02,-2.165192e-01,2.855373e-01,-4.545014e-01,-2.395318e-01,-4.187341e-03,1.130124e-01
4.595301e+00,-1.699550e-01,1.292664e+00,2.573630e-01,7.983170e-01,2.699262e-01,5.715531e-01,-2.338320e-01,-6.533291e-02,2.766598e-01,1.283068e-01
4.434999e+00,-3.148081e-01,9.088783e-01,-3.635984e-01,8.004965e-02,-3.076357e-01,1.541043e-01,-3.847468e-01,-2.625495e-01,1.646386e-02,2.634508e-01
4.537969e+00,-2.009366e-01,1.366027e+00,4.046544e-01,6.709380e-01,3.097361e-01,6.568450e-01,-1.050108e-02,2.223061e-01,4.692988e-02,-2.102655e-01
4.785587e+00,-9.537731e-02,9.663548e-01,-1.929549e-01,9.281806e-02,-2.466886e-01,4.292293e-01,-2.192412e-01,-2.104880e-01,-2.848988e-02,2.353294e-01
4.772426e+00,-1.105787e-01,1.281070e+00,2.200899e-01,4.065507e-01,-1.935489e-01,2.964091e-01,-2.584128e-01,2.954350e-02,2.842484e-01,3.502075e-01
4.758061e+00,-3.236922e-02,1.341927e+00,5.055101e-02,1.443140e-03,-1.916520e-01,3.987680e-01,-2.799807e-01,1.556456e-01,3.469722e-01,-2.592388e-02
4.520928e+00,-4.740495e-01,1.210240e+00,3.972072e-01,6.519088e-01,-9.004780e-02,4.423139e-01,-2.232855e-01,-3.036070e-01,-6.165250e-03,1.588697e-01
4.632102e+00,-3.069229e-01,1.223427e+00,-1.944990e-02,3.096284e-01,5.963918e-02,4.941322e-01,-3.810011e-01,-1.297384e-01,2.796083e-01,1.586578e-01
4.920682e+00,-1.025661e-01,1.133283e+00,3.697119e-02,1.764930e-01,-4.823958e-02,3.975636e-01,-3.672861e-01,1.373997e-01,2.952292e-01,2.038084e-01
4.802567e+00,-3.970834e-01,7.729206e-01,-8.647727e-02,5.964010e-01,-6.163389e-02,3.552949e-01,-6.792137e-02,5.268062e-02,1.531411e-01,3.006602e-01
4.847278e+00,-1.623908e-01,1.061703e+00,1.367232e-01,6.676011e-01,9.001142e-02,3.642194e-01,-4.378593e-01,-4.205719e-01,-1.190663e-01,2.842335e-01
4.734776e+00,-2.560664e-01,1.201177e+00,1.311480e-01,6.675938e-01,2.119845e-01,2.685291e-01,-2.668812e-01,2.111616e-01,2.309145e-01,3.147539e-01
4.564019e+00,-8.099463e-01,7.743730e-01,-2.316251e-01,2.049589e-01,-2.102927e-01,3.248219e-01,-3.288344e-02,1.479755e-01,4.342930e-01,4.456232e-01
4.702007e+00,-2.217591e-01,1.280444e+00,2.580589e-01,8.374260e-01,4.371996e-01,6.502370e-01,-3.875226e-01,-1.625468e-01,6.576145e-02,1.264017e-01
4.578393e+00,-5.596008e-01,9.667241e-01,8.662171e-04,3.753569e-01,-3.594624e-01,-3.987459e-02,-4.428471e-01,-1.162732e-01,2.585809e-02,1.077502e-01
4.667846e+00,-3.187525e-01,1.174205e+00,2.757581e-01,4.618620e-01,-9.112075e-02,6.303601e-01,8.287339e-02,-4.979824e-03,2.371670e-01,5.803075e-01
4.929665e+00,-4.185768e-01,1.005878e+00,4.396037e-03,3.565203e-01,-3.399492e-01,-3.972201e-03,-6.290222e-01,-2.300604e-01,-7.793782e-02,5.180702e-02
4.601954e+00,-2.619884e-01,1.531271e+00,2.417746e-01,2.786164e-01,-1.387219e-02,2.358781e-01,-3.985165e-01,-6.069923e-02,2.548873e-01,4.505967e-01
4.635362e+00,-2.355586e-01,9.196186e-01,-1.733400e-01,5.435664e-01,-3.231021e-02,1.416597e-01,-2.703100e-01,-4.995668e-02,4.443893e-02,-2.644982e-01
4.952070e+00,-1.228510e-01,1.294196e+00,2.507558e-01,5.301081e-01,1.620460e-02,2.564526e-01,-4.048218e-01,-2.081509e-01,4.810831e-03,2.049060e-01
4.422656e+00,-3.565635e-01,9.475956e-01,-4.293434e-01,2.332645e-01,-2.268063e-03,4.303577e-01,-1.967183e-01,-3.687008e-02,-4.072640e-03,2.802533e-01
4.983168e+00,-7.645642e-02,1.362222e+00,2.996741e-01,6.334558e-01,-9.257790e-02,3.432901e-02,-2.213471e-01,-1.194539e-01,-7.402030e-02,2.112002e-01
4.623118e+00,-4.476696e-01,9.836561e-01,-7.994391e-03,3.802020e-01,1.988523e-01,6.614491e-01,-6.920176e-02,3.715863e-02,-1.333483e-01,-1.116495e-02
4.834321e+00,-1.528284e-03,1.469479e+00,1.843253e-01,5.602909e-01,-9.397830e-02,1.117118e-01,-5.589848e-01,-3.839531e-01,9.827548e-02,4.833424e-01
4.887983e+00,-4.033895e-01,1.397007e+00,3.242149e-01,3.130984e-01,-3.221940e-01,3.607435e-01,4.578371e-02,8.281717e-02,2.359199e-02,6.540866e-02
4.550894e+00,-1.424939e-01,1.274151e+00,-5.685579e-02,1.266180e-01,7.107126e-02,6.815209e-01,-4.198938e-01,-3.923083e-01,7.976080e-02,2.954309e-01
4.718020e+00,-3.379991e-01,1.276221e+00,3.436864e-01,8.588402e-01,8.920658e-02,3.943021e-01,-1.615788e-01,-1.060996e-01,-1.376695e-01,-3.266874e-02
4.822457e+00,3.596350e-03,1.434262e+00,-2.947155e-02,2.326092e-01,-3.655264e-01,2.497807e-02,-3.616588e-01,3.334727e-02,3.100542e-02,1.938827e-01
4.885741e+00,-1.657129e-01,9.252619e-01,-1.142053e-01,4.591052e-01,-1.752432e-02,4.386406e-01,-1.461938e-01,-9.038394e-03,3.558911e-01,4.080874e-01
4.773085e+00,-1.563875e-01,1.299062e+00,1.063153e-01,5.994170e-01,5.390059e-02,1.406347e-01,-5.661906e-01,-4.675872e-01,-1.388018e-01,3.685092e-02
4.895029e+00,-1.620619e-01,1.355251e+00,1.534053e-01,3.208344e-01,4.804058e-02,3.915887e-01,-4.037075e-01,-9.939050e-02,1.188872e-01,2.103841e-01
4.781822e+00,-2.309793e-01,8.746090e-01,-2.272564e-01,3.307823e-01,-6.035040e-02,3.706011e-01,-3.913848e-01,-1.680577e-01,2.680754e-01,9.151436e-02
5.096239e+00,-2.792959e-02,1.220477e+00,1.156060e-01,4.920145e-01,4.709566e-02,4.464558e-01,-2.812026e-01,-2.528077e-01,-4.330772e-02,1.346246e-01
4.268669e+00,-6.970133e-01,7.699678e-01,-8.447858e-03,4.048344e-01,3.435031e-02,4.283977e-01,-4.302699e-01,-1.634047e-01,1.368982e-01,1.930061e-01
5.135271e+00,7.629535e-04,1.194276e+00,1.999663e-01,6.115573e-01,-1.836561e-01,2.499276e-01,-4.083520e-01,-2.283826e-01,2.797880e-01,9.663603e-02
4.637369e+00,-5.224570e-01,9.217966e-01,-9.253081e-02,3.164022e-01,2.370137e-01,5.921545e-01,-3.181701e-01,-1.755212e-01,1.827947e-01,1.888699e-01
4.967201e+00,-6.319048e-02,1.190923e+00,1.791656e-01,5.645272e-01,-1.402428e-01,-1.700279e-02,-6.509510e-01,1.056595e-01,4.689778e-01,2.189773e-01
4.779143e+00,-2.628219e-01,1.212569e+00,4.407814e-02,2.816250e-01,-1.794543e-02,6.092042e-01,-3.979547e-01,-3.682191e-01,-1.538676e-02,1.179096e-01
4.749363e+00,-2.136316e-01,1.054363e+00,8.008181e-02,6.595979e-01,1.469314e-01,2.678827e-01,-5.077781e-01,6.918650e-02,3.947913e-01,2.549742e-01
4.715271e+00,-1.075454e-01,1.097431e+00,-1.368323e-01,3.246569e-01,-3.756721e-02,3.500812e-01,-3.851268e-01,-1.609851e-01,1.761851e-01,2.412887e-01
4.856202e+00,-1.364831e-01,1.435872e+00,3.129815e-01,5.403225e-01,-2.656602e-01,1.203689e-01,-3.677608e-01,-1.393621e-01,2.522668e-01,4.438083e-01
4.590110e+00,-3.307950e-01,9.881633e-01,-1.592043e-01,4.740058e-01,9.674212e-02,4.755531e-01,-1.452468e-01,-2.679505e-02,1.126300e-01,1.563789e-01
4.680448e+00,-2.397017e-01,1.478900e+00,2.586247e-01,3.354004e-01,2.692775e-01,4.937424e-01,-4.965655e-01,-3.908790e-01,-7.766357e-02,2.635715e-01
4.947114e+00,-7.699052e-02,1.245318e+00,2.393459e-02,3.765548e-01,-2.483019e-01,2.842749e-01,-2.283092e-01,1.629405e-01,3.326977e-01,1.686140e-01
4.607945e+00,-5.207855e-01,8.933272e-01,1.660343e-01,3.877737e-01,-3.975701e-02,4.088552e-01,-8.717892e-02,-2.721775e-02,-9.181865e-02,2.149700e-01
4.741866e+00,-5.018642e-03,1.307855e+00,1.733381e-01,7.147661e-01,2.544351e-01,5.356590e-01,-3.280841e-01,-3.545434e-01,-2.296532e-01,-2.190877e-02
4.142810e+00,-6.083213e-01,1.224729e+00,1.294839e-01,4.333451e-01,-2.835220e-01,1.878203e-01,-5.078062e-02,7.941551e-02,2.680239e-01,3.290059e-01
5.046003e+00,-1.037152e-01,1.381657e+00,-1.741336e-01,-5.586524e-03,-8.163791e-02,4.966007e-01,-2.429350e-01,-6.172291e-02,3.015721e-02,1.899778e-01
4.418935e+00,-3.095603e-01,1.155015e+00,4.315824e-02,4.490671e-01,-2.560179e-02,1.894470e-01,-4.549558e-01,-1.778704e-01,1.779935e-01,1.517242e-01
4.664975e+00,-1.221589e-01,1.402502e+00,1.772781e-01,3.468856e-01,-6.702839e-02,3.357711e-01,-1.156954e-01,-1.531832e-02,-4.652652e-02,3.218683e-01
4.681781e+00,-5.713244e-01,9.362211e-01,9.453196e-02,2.705377e-01,-3.109213e-01,1.193134e-01,-4.322865e-01,7.186386e-02,-3.633145e-02,1.182355e-01
4.967639e+00,6.399965e-02,1.077712e+00,-1.587282e-01,5.818622e-01,2.024565e-01,3.475988e-01,-2.296318e-01,7.090966e-03,2.213433e-01,3.966026e-01
4.299896e+00,-6.651159e-01,9.222693e-01,-1.897913e-01,3.492676e-01,-1.100527e-01,5.522715e-02,-4.048048e-01,-1.188351e-01,7.443819e-02,2.388539e-01
4.839298e+00,-4.712328e-01,1.162301e+00,4.478526e-01,7.833229e-01,2.004975e-02,3.961605e-01,-1.968281e-01,-5.706823e-02,2.054681e-01,2.194605e-01
4.945272e+00,-2.657369e-01,9.628991e-01,-2.376798e-01,3.441083e-01,4.211097e-02,2.963587e-01,-4.720196e-01,-3.495036e-01,1.136536e-01,3.358113e-01
4.456964e+00,-9.110195e-01,9.468228e-01,3.002715e-01,4.476591e-01,1.673924e-01,5.997962e-01,8.843936e-02,3.169077e-01,4.205686e-01,5.196234e-01
5.063248e+00,-1.664971e-01,9.672416e-01,1.328794e-01,4.481458e-01,-1.413897e-01,1.682127e-01,-4.078584e-01,4.911500e-02,1.633408e-01,9.209215e-02
4.436914e+00,-4.711238e-01,1.179316e+00,3.954917e-02,7.072706e-01,4.291755e-01,6.623911e-01,-1.505328e-01,-2.889083e-01,-1.922983e-01,6.009100e-02
4.729948e+00,-3.264256e-01,1.114564e+00,2.024232e-01,5.087077e-01,-3.114534e-01,1.479939e-01,-4.782492e-02,1.209892e-01,1.044037e-01,1.568379e-01
4.676777e+00,2.197692e-02,1.305307e+00,3.808925e-02,3.409657e-01,-1.729538e-01,5.011621e-01,-1.565113e-02,-1.206048e-01,1.303986e-01,1.576583e-01
4.826813e+00,-1.854252e-01,1.302511e+00,-1.731874e-01,1.625315e-01,-6.977679e-02,2.589877e-01,-2.178914e-01,1.741733e-01,1.354879e-01,1.033558e-01
4.611734e+00,4.391204e-02,1.287252e+00,2.116464e-01,5.636900e-01,9.366251e-02,2.507038e-01,-4.679506e-01,1.472383e-02,-6.953936e-02,-2.464994e-01
4.981461e+00,3.062201e-02,1.418909e+00,2.237345e-01,2.157494e-01,-2.835919e-01,4.613114e-01,-9.904470e-02,-5.757059e-02,4.745082e-02,2.460696e-01
4.435279e+00,-2.416727e-01,1.138326e+00,-7.346563e-02,3.274335e-01,-3.080505e-01,9.147641e-02,-3.861821e-01,-3.566347e-02,3.423121e-01,3.534194e-01
4.981375e+00,-7.226160e-02,1.328661e+00,1.851482e-01,4.030543e-01,1.247779e-01,8.706859e-01,-2.270559e-01,-3.243714e-01,-1.565070e-01,1.932942e-02
4.371317e+00,-5.323951e-01,1.224605e+00,1.791342e-01,2.961858e-01,-2.588167e-01,-1.108216e-02,-6.260759e-01,-3.672777e-01,1.781901e-01,1.578735e-02
4.995802e+00,-1.111901e-01,1.035057e+00,-8.056986e-02,4.713887e-01,1.693133e-01,5.549952e-01,-2.720366e-01,5.420882e-02,3.051168e-01,1.823991e-01
5.029590e+00,-2.557266e-01,9.851133e-01,1.105228e-01,2.814937e-01,-2.061881e-01,2.267135e-02,-7.804178e-01,-4.104502e-01,-1.846354e-01,1.670396e-01
4.577849e+00,-4.226023e-01,9.151662e-01,1.663766e-01,7.892999e-01,9.995889e-02,4.796806e-01,5.960128e-02,2.143151e-01,3.860649e-01,2.210131e-01
4.849441e+00,-6.587211e-02,1.032628e+00,-7.685121e-02,4.249811e-01,1.981528e-02,1.561476e-01,-6.230465e-01,-4.241532e-01,-5.697962e-02,1.537798e-01
4.911039e+00,-2.195046e-01,1.172740e+00,1.893000e-02,6.532766e-01,1.780160e-01,4.434151e-01,-3.230859e-01,1.171193e-02,2.671669e-01,-2.540737e-02
4.537559e+00,-2.855628e-01,1.162391e+00,2.233436e-04,3.616505e-01,-2.811472e-01,7.228415e-02,-4.509600e-01,-2.668793e-01,2.040967e-01,4.396948e-01
4.875990e+00,-1.346231e-01,1.390722e+00,1.620654e-01,4.291910e-01,2.155481e-01,4.524702e-01,-3.846512e-01,-8.532630e-02,2.098799e-01,3.502614e-02
4.811281e+00,-3.334955e-01,1.214031e+00,1.010953e-01,3.663393e-01,-9.526942e-02,4.057567e-01,-4.499737e-01,-1.498006e-01,1.208251e-01,2.747374e-01
4.996032e+00,5.127505e-02,1.283941e+00,-1.566300e-01,3.919592e-01,-3.829225e-03,3.681205e-01,-2.795232e-01,-2.715765e-01,-8.657870e-02,3.441500e-01
4.838088e+00,-1.543051e-01,1.450970e+00,3.396817e-01,4.484215e-01,-2.646216e-01,2.779225e-01,-1.673114e-01,1.446753e-02,1.649276e-01,1.409767e-01
4.631590e+00,-2.001800e-01,1.023868e+00,-2.865086e-01,4.004157e-01,4.520144e-02,3.929438e-01,-1.750354e-01,-1.217875e-01,-5.109746e-02,1.509121e-01
4.684722e+00,-1.657951e-01,1.548614e+00,1.669372e-01,6.069886e-01,1.302579e-01,4.248004e-01,-2.328303e-01,-1.668880e-01,-1.471447e-01,-1.851813e-01
4.894422e+00,-1.448549e-01,1.152554e+00,8.385175e-02,7.014921e-02,-3.808316e-01,2.061245e-01,-3.041313e-01,-9.337471e-03,7.830129e-03,-4.245507e-03
4.765101e+00,2.167122e-03,1.022282e+00,-2.816524e-01,4.612293e-01,1.799421e-01,4.993329e-01,4.552640e-02,2.082212e-01,8.402784e-02,1.837645e-01
4.745627e+00,-2.226414e-01,1.455745e+00,1.179093e-01,3.073733e-01,-2.579380e-01,7.353051e-02,-4.189905e-01,-3.546818e-01,-2.873280e-01,1.058276e-01
4.697980e+00,-9.410798e-02,1.071971e+00,1.408747e-01,5.524266e-01,5.490441e-02,6.677602e-01,7.373400e-02,8.424779e-02,1.666371e-01,1.162529e-01
4.587831e+00,-3.981502e-01,1.239270e+00,-1.426752e-01,1.191259e-01,-2.837981e-01,6.560196e-02,-5.277143e-01,-2.164275e-01,1.237961e-01,1.740774e-01
4.961675e+00,-2.024434e-01,1.227939e+00,2.279295e-01,5.469676e-01,7.332859e-02,4.574789e-01,-9.986388e-02,-4.506115e-02,1.832317e-01,1.387942e-01
4.344328e+00,-6.821277e-01,9.087808e-01,2.129279e-01,4.194135e-01,-3.340141e-01,1.564018e-01,-5.346071e-01,-2.585156e-01,7.402737e-02,2.651241e-01
4.985272e+00,-2.678972e-01,1.275248e+00,1.806715e-01,5.512755e-01,7.000762e-02,1.264439e-01,-3.236188e-01,7.306254e-02,1.420135e-01,2.167279e-01
4.769874e+00,-3.673401e-01,9.915684e-01,1.719627e-02,4.989916e-01,-4.606416e-03,1.999959e-01,-4.794067e-01,-3.051295e-01,7.245804e-02,5.292411e-01
5.009181e+00,-4.460231e-01,1.025907e+00,2.354301e-01,5.325069e-01,-3.168629e-01,1.205394e-01,-2.008482e-01,5.618726e-02,1.207820e-01,2.265161e-01
4.519923e+00,-4.010022e-01,1.189109e+00,8.807736e-02,8.136292e-01,3.118487e-01,3.726029e-01,-3.170752e-01,-2.767829e-01,7.332963e-02,2.125266e-01
4.848251e+00,-4.685106e-01,8.336955e-01,-2.170270e-02,4.690040e-01,-5.427834e-02,4.988020e-01,-1.258698e-01,5.312931e-02,1.870349e-01,3.199465e-01
4.512054e+00,-5.165457e-01,1.277957e+00,3.029985e-01,5.505071e-01,-7.800230e-02,2.249939e-01,-4.409760e-01,9.270415e-03,1.496451e-01,1.800662e-01
4.998935e+00,7.484252e-02,1.214368e+00,-2.152911e-01,4.327835e-02,7.030886e-02,5.645354e-01,-2.965268e-01,-1.801040e-01,1.325456e-01,3.223973e-01
4.306838e+00,-5.146329e-01,1.058523e+00,3.148147e-01,6.741240e-01,2.233928e-01,5.386172e-01,-1.954599e-02,1.678845e-01,8.465911e-02,1.906556e-01
4.835051e+00,-2.360279e-01,1.223702e+00,1.767216e-01,3.711048e-01,-3.742479e-01,3.793481e-01,-9.500548e-02,-2.418456e-01,-2.578926e-02,2.337273e-01
4.706747e+00,1.087292e-01,1.419538e+00,3.708295e-02,3.665057e-01,7.831018e-03,4.015867e-01,-2.734938e-01,8.438348e-02,4.503239e-01,2.685007e-01
4.514630e+00,-6.073460e-01,1.024863e+00,5.695385e-02,4.866018e-02,-2.209833e-01,2.774923e-01,-2.647217e-01,8.761514e-02,1.952492e-01,9.040801e-02
4.523990e+00,-1.480995e-01,1.407200e+00,4.610175e-01,6.049711e-01,2.349437e-01,8.077766e-01,-1.690360e-01,-4.149337e-01,-1.995497e-01,8.391046e-02
4.678756e+00,-2.832104e-01,9.775021e-01,-4.046162e-02,2.273618e-01,-4.665765e-01,9.275983e-02,-2.957764e-01,3.040066e-03,5.842807e-02,7.760225e-03
4.973852e+00,-1.052138e-01,1.095661e+00,1.656110e-02,9.780913e-02,-1.956998e-02,4.947615e-01,-1.752359e-01,-1.418540e-01,1.025246e-01,5.686561e-01
4.667448e+00,-2.719517e-01,8.526250e-01,-1.684966e-01,4.983352e-01,-3.792833e-02,1.315240e-01,-3.025988e-01,-8.434541e-02,2.968486e-02,-1.074798e-01
4.808988e+00,-2.516597e-01,1.338921e+00,1.913113e-01,4.528778e-01,8.570363e-02,4.756833e-01,-5.092185e-01,-2.715430e-01,1.043359e-01,1.374440e-01
4.456245e+00,-4.806858e-01,7.931884e-01,-3.658199e-01,3.835105e-01,2.584205e-01,5.223531e-01,-2.303336e-01,4.683736e-02,1.428588e-01,7.077323e-02
5.069809e+00,-1.843627e-01,1.261696e+00,1.022796e-01,4.858782e-01,-5.797651e-02,3.054280e-01,-3.529439e-01,-1.344248e-01,2.374182e-01,2.871433e-01
4.241857e+00,-6.314418e-01,9.378306e-01,9.479151e-02,4.477720e-01,1.697235e-02,5.532657e-01,-4.218424e-01,-1.365014e-01,3.217896e-01,3.134353e-01
5.039693e+00,2.021024e-02,1.232309e+00,-2.924229e-02,6.028972e-01,1.712978e-01,2.817411e-01,-4.059081e-01,-9.733125e-02,1.114149e-01,2.054349e-01
4.734215e+00,-4.215017e-01,1.306565e+00,2.772050e-01,4.877010e-01,-1.768588e-01,9.730475e-02,-3.816493e-01,-1.580152e-01,1.704697e-01,4.142299e-01
4.812111e+00,-6.575556e-02,1.045171e+00,-4.061413e-02,3.740702e-01,-1.163506e-01,4.262100e-01,-2.051766e-01,-3.080386e-02,4.156471e-01,4.611242e-01
4.824097e+00,-2.255771e-01,1.462800e+00,1.560289e-01,5.269850e-01,-1.969948e-02,2.682024e-02,-4.380115e-01,2.034154e-02,1.675208e-01,9.035441e-02
4.623392e+00,-1.047426e-01,1.082411e+00,-2.513457e-01,4.828169e-01,2.390095e-01,5.690775e-01,-3.497127e-01,-2.988883e-01,-1.967518e-02,1.366678e-01
4.781750e+00,-6.436479e-02,1.144591e+00,3.748034e-01,7.226823e-01,-1.949753e-02,1.019373e-01,-5.392779e-01,-1.102443e-01,2.288803e-01,2.679021e-01
4.990744e+00,-1.164311e-01,1.174504e+00,-3.335170e-01,4.019330e-01,5.493534e-02,2.268597e-01,-3.278345e-01,-4.716043e-02,-2.771432e-02,1.600300e-01
4.881527e+00,-1.680469e-01,1.079644e+00,-2.046042e-02,4.719349e-01,-4.336217e-02,2.476592e-01,-3.108504e-01,-2.589911e-01,1.544311e-01,5.400910e-01
4.568450e+00,-4.293257e-01,1.061503e+00,2.703157e-01,5.796222e-01,2.060624e-01,6.290953e-01,-3.360565e-01,-2.235072e-01,6.878714e-02,-8.946600e-02
4.875820e+00,-9.097819e-02,1.557919e+00,1.871832e-01,3.199749e-01,-7.170491e-02,3.429169e-01,-3.535194e-01,-3.245350e-01,-1.476172e-02,3.085029e-01
4.491010e+00,-4.129705e-01,8.152826e-01,-3.504275e-01,2.232040e-01,4.781828e-02,5.829370e-01,-1.674600e-01,-1.138495e-01,2.298311e-01,2.559413e-01
4.899425e+00,-5.420970e-02,1.569672e+00,4.933902e-01,6.181192e-01,-1.541213e-01,2.210738e-01,-3.992886e-01,-1.763813e-01,-1.039951e-01,6.741016e-02
4.300163e+00,-4.852834e-01,1.038740e+00,-5.095230e-02,4.340837e-01,-1.342621e-01,2.088590e-01,-5.145044e-03,-9.583375e-03,-2.146378e-01,-5.104725e-02
5.019032e+00,1.673600e-01,1.385345e+00,-1.372155e-02,5.583576e-01,-7.336040e-03,-7.394289e-02,-5.111107e-01,7.908310e-02,2.045482e-01,1.679056e-01
4.909009e+00,-1.754768e-01,1.124559e+00,4.945259e-02,1.107316e-01,-3.109645e-01,2.452129e-01,-2.680163e-01,-3.724590e-01,-1.986702e-01,1.909810e-01
4.559119e+00,-2.515185e-01,1.184456e+00,1.311218e-01,7.401899e-01,-2.208038e-02,1.744179e-01,-1.443684e-01,1.950646e-01,3.384673e-01,8.357418e-02
4.848093e+00,-1.391438e-01,1.286984e+00,-1.871847e-01,7.351128e-02,1.198749e-01,5.583579e-01,-5.480798e-01,-4.032742e-01,-1.091504e-01,9.228264e-02
4.897782e+00,-3.330673e-01,1.125998e+00,3.080503e-01,4.621031e-01,-1.015346e-01,4.816175e-01,-1.320728e-01,7.876577e-03,1.116238e-01,6.462284e-02
4.684301e+00,-2.550274e-01,1.068168e+00,3.996290e-02,4.332211e-01,-2.815578e-01,2.073639e-01,-3.502481e-01,-3.681844e-01,1.682229e-01,3.236064e-01
4.882689e+00,-2.759070e-01,1.238678e+00,2.055943e-01,4.010575e-01,1.893963e-01,6.719617e-01,-1.765563e-01,-7.453299e-02,-1.383052e-01,8.226270e-02
5.002582e+00,-2.978144e-01,9.075606e-01,3.199111e-02,5.907067e-01,-2.281612e-01,2.624975e-01,-2.604482e-01,-9.334864e-02,1.827839e-01,1.846958e-01
4.762093e+00,-2.927680e-01,1.193096e+00,2.171172e-01,4.280241e-01,4.829656e-02,4.144925e-01,-3.262510e-01,-8.054002e-02,1.965605e-01,1.659188e-01
5.069396e+00,-8.457940e-02,1.137648e+00,1.150626e-01,5.267734e-01,4.832527e-02,2.206050e-01,-5.195036e-01,1.064172e-01,1.654007e-01,4.686448e-02
4.526420e+00,-7.211109e-01,6.173183e-01,1.420720e-01,7.346760e-01,-1.346318e-01,3.781806e-01,-4.979111e-03,-9.497785e-02,1.669965e-01,3.035315e-01
4.878938e+00,1.250486e-02,1.331626e+00,4.901040e-01,7.559638e-01,-1.777546e-01,1.386233e-01,-5.097012e-01,-3.460776e-01,1.304350e-01,3.186984e-01
4.734306e+00,-4.568394e-01,9.103413e-01,-7.416586e-02,3.323879e-01,-1.325419e-01,1.499736e-01,-2.851578e-01,1.113868e-01,2.620670e-01,1.382333e-01
4.921840e+00,-2.695534e-01,1.306117e+00,3.510015e-02,1.751432e-01,-5.355899e-02,4.791309e-01,-3.465684e-01,-2.471511e-01,2.015349e-01,5.016847e-01
4.764164e+00,-4.241421e-01,1.029631e+00,2.611074e-01,3.318478e-01,-3.553440e-01,2.742001e-01,-4.593197e-01,-3.153154e-01,-4.227941e-02,-1.518838e-01
4.439869e+00,-2.597801e-01,1.231682e+00,1.645611e-01,6.020136e-01,4.199303e-01,5.460716e-01,-3.354524e-01,2.555820e-02,4.052317e-01,4.831992e-01
4.780073e+00,-3.363893e-01,8.341627e-01,-3.430431e-01,6.722158e-02,-3.756986e-01,2.508430e-01,-2.235206e-01,-1.555958e-01,-5.482317e-02,-2.932779e-02
4.747702e+00,-1.335982e-01,1.151347e+00,3.791727e-01,8.051318e-01,5.885999e-02,4.594765e-01,-8.302086e-02,-2.526134e-02,2.237191e-01,2.851422e-01
4.232899e+00,-2.185608e-01,1.339870e+00,-3.636904e-01,1.236418e-01,1.556440e-01,3.430034e-01,-4.940317e-01,-3.498653e-01,-1.164757e-01,1.289981e-01
4.665955e+00,-4.126950e-01,1.264758e+00,2.693068e-01,6.514741e-01,7.624156e-02,5.016468e-01,1.613641e-01,7.653175e-02,2.138425e-03,3.094103e-01
4.983037e+00,-4.246205e-02,1.064537e+00,-1.432106e-01,1.843659e-01,-1.801428e-01,2.215147e-01,-4.725013e-01,1.331899e-01,2.699907e-01,6.829476e-02
4.460841e+00,-2.181504e-01,1.586688e+00,2.155763e-01,3.340323e-01,-5.951570e-02,2.910820e-01,-3.952249e-01,4.100735e-02,2.131795e-01,3.948096e-01
4.810835e+00,-3.470350e-01,1.075571e+00,6.203309e-02,5.505345e-01,-1.335670e-02,3.080921e-01,-4.566773e-02,1.977117e-02,-7.625565e-02,5.862771e-02
4.677090e+00,-2.402832e-01,1.270465e+00,1.301402e-01,4.049226e-01,-8.893109e-02,5.205466e-01,-3.360284e-01,-1.645577e-01,1.366476e-01,3.719327e-01
4.618226e+00,-2.727982e-01,1.139761e+00,-1.430141e-02,5.014380e-01,-1.773489e-01,8.877241e-02,-1.652978e-01,1.823893e-02,2.728615e-01,4.892506e-01
4.849138e+00,-4.255656e-02,1.201683e+00,-2.602902e-01,4.124187e-01,1.916433e-01,3.055167e-01,-4.977116e-01,-5.298826e-02,2.663300e-01,2.420304e-01
4.835369e+00,-4.856095e-01,1.018793e+00,1.468183e-01,3.674571e-01,2.787065e-01,6.918214e-01,-3.232483e-01,-1.552564e-01,1.219511e-01,1.785961e-01
4.759226e+00,-2.963532e-01,1.033251e+00,1.431719e-02,5.723871e-01,-6.220323e-02,1.155851e-01,-5.121953e-01,-1.321702e-01,2.360542e-01,4.079140e-01
4.830911e+00,-1.989522e-01,1.276072e+00,5.760837e-02,5.006037e-01,3.501953e-01,5.268360e-01,-2.393768e-01,-7.579142e-02,8.653406e-02,3.093387e-01
4.723874e+00,-4.678692e-01,5.190575e-01,-3.280461e-01,4.413469e-01,-1.778285e-01,1.704643e-01,-3.137605e-01,-1.395851e-01,1.379830e-01,3.400058e-01
4.463246e+00,-2.464574e-01,1.311712e+00,4.584654e-01,1.090628e+00,2.515281e-01,6.547192e-01,-5.316631e-02,-2.200108e-01,7.266334e-02,7.573566e-02
4.767761e+00,-3.952835e-01,1.131763e+00,-2.314307e-01,9.417740e-02,-2.037272e-01,4.226497e-02,-5.564529e-01,-2.108668e-01,-2.806785e-02,4.988446e-02
4.706619e+00,-3.615111e-01,9.209136e-01,9.722887e-02,3.990695e-01,-9.396091e-02,6.265463e-01,1.124011e-01,1.893009e-01,4.630011e-01,4.369697e-01
4.823563e+00,-1.413550e-01,1.343357e+00,4.363197e-02,9.035693e-02,-4.889485e-01,6.531869e-02,-3.403520e-01,-6.776650e-02,-1.119115e-01,-1.395230e-01
4.432062e+00,-6.980930e-02,1.745208e+00,3.653309e-01,6.702855e-01,1.714827e-01,3.516574e-01,-6.303922e-01,-2.099699e-01,-2.319424e-02,-5.176186e-02
4.691403e+00,-8.307750e-02,1.051768e+00,-1.713530e-01,-1.321940e-02,-3.392363e-01,6.093190e-01,3.163914e-02,-2.219326e-01,-7.760713e-02,7.471980e-02
4.959595e+00,-6.935236e-02,1.502930e+00,1.733907e-01,3.978994e-01,-3.320493e-01,3.530156e-01,-5.567574e-02,-4.822525e-02,6.563647e-02,-3.582535e-02
4.434780e+00,-3.377077e-01,1.182674e+00,-3.988120e-02,2.487807e-01,-6.815992e-02,4.389075e-01,-3.367640e-01,-1.202455e-01,3.572419e-02,3.036626e-01
4.926608e+00,-8.477446e-02,1.421101e+00,2.673418e-01,5.166915e-01,3.978483e-02,3.083748e-01,-4.170323e-01,-1.666333e-01,-1.203794e-01,-6.867723e-02
4.912243e+00,-4.937986e-01,9.061554e-01,1.698361e-01,4.869025e-01,-7.431757e-02,5.455730e-01,-5.773237e-03,3.485803e-02,9.356498e-02,5.668583e-02
4.770398e+00,1.245745e-01,1.258221e+00,2.308685e-01,5.865203e-01,-1.490932e-01,6.306095e-02,-6.684558e-01,-2.582619e-01,1.482283e-01,5.799242e-01
4.966604e+00,-3.999369e-01,9.774310e-01,1.939772e-01,8.234187e-01,5.695289e-02,4.471399e-01,-7.073075e-02,-1.155399e-01,-3.582141e-02,-9.908010e-02
4.707940e+00,-3.834871e-01,9.733373e-01,2.194366e-01,6.642354e-01,-2.030150e-01,1.846841e-01,-5.074756e-01,-2.722320e-01,6.567261e-02,2.853852e-01
4.676094e+00,-3.144739e-01,1.304949e+00,2.453952e-01,5.418494e-01,1.898938e-01,3.713115e-01,-4.185367e-01,1.488450e-01,4.472378e-01,7.478556e-02
4.989215e+00,-4.481524e-01,1.276317e+00,2.083703e-01,2.613283e-01,-2.561262e-01,9.213083e-02,-5.818958e-01,-3.129062e-01,7.632923e-02,3.008281e-01
4.925991e+00,-1.334714e-01,7.952592e-01,4.625280e-02,4.115211e-01,-6.449857e-02,5.973071e-01,-8.458751e-02,-3.274648e-02,3.202014e-01,3.064050e-01
4.646986e+00,-2.634976e-01,1.367166e+00,2.039354e-01,5.213715e-01,-1.446980e-01,1.146228e-01,-6.293701e-01,-3.799317e-01,2.259468e-02,1.444286e-01
4.918837e+00,1.085644e-01,1.348071e+00,5.274721e-02,5.903534e-01,-1.319849e-02,2.066894e-01,-2.216273e-01,-1.528707e-01,-3.256502e-02,2.814289e-01
4.537059e+00,-5.252477e-01,8.859103e-01,-1.760900e-01,1.359895e-01,-2.818226e-01,3.953663e-01,-2.795880e-01,-6.206486e-02,-7.676689e-03,-1.038001e-01
5.083267e+00,2.522834e-02,1.357810e+00,1.084282e-01,5.861013e-01,5.804667e-02,2.943156e-01,-1.866552e-01,-4.330164e-02,-1.549151e-01,-4.897498e-03
4.204758e+00,-3.534529e-01,1.216162e+00,-1.163950e-01,2.841656e-01,-3.247199e-02,4.117280e-01,-1.812338e-01,-1.102195e-01,-1.834457e-01,6.473491e-02
5.263129e+00,-2.012110e-01,1.145565e+00,2.082450e-01,2.524187e-01,-2.377274e-01,3.097903e-01,-1.732471e-01,-3.292936e-02,-6.343419e-02,-1.480649e-02
4.629714e+00,1.841512e-02,1.246605e+00,-1.596179e-01,2.998210e-01,-6.309171e-02,5.040849e-01,-5.075367e-02,-2.350498e-01,4.740507e-02,3.358770e-01
4.493031e+00,-4.519301e-01,1.497612e+00,2.745347e-01,5.615343e-01,-1.262078e-01,2.761303e-01,-3.438233e-01,-1.172898e-01,-1.388866e-02,2.520580e-01
4.786069e+00,-3.297438e-01,1.064548e+00,1.775096e-01,4.508630e-01,-8.083749e-02,5.718585e-01,-1.008440e-01,-2.084480e-01,-1.578130e-01,-1.262192e-01
4.829263e+00,1.085900e-01,1.300323e+00,-9.428605e-02,2.129545e-01,-7.375733e-02,4.372699e-01,-3.269515e-01,-1.231767e-01,4.760280e-01,4.399901e-01
4.504307e+00,-4.257764e-01,1.275209e+00,3.734529e-02,3.659384e-01,7.310243e-02,1.074587e-01,-3.749723e-01,1.991996e-01,2.251897e-01,1.057505e-01
4.863377e+00,-8.301131e-02,1.334927e+00,3.508178e-01,5.291223e-01,-7.321170e-02,2.626374e-01,-4.880183e-01,-2.723021e-01,-1.135466e-02,3.236370e-01
4.807312e+00,-6.106502e-02,7.811072e-01,-4.679615e-01,5.582565e-01,2.820951e-01,2.725369e-01,-1.628196e-01,1.784102e-01,4.492517e-01,4.034929e-01
4.664653e+00,-2.889995e-01,1.124651e+00,1.546247e-01,7.145326e-01,-1.202929e-01,-2.359818e-02,-3.308555e-01,-2.931992e-02,1.763269e-01,3.640633e-01
5.097377e+00,-3.174309e-02,1.059854e+00,-5.537629e-02,4.967585e-01,1.048012e-01,5.599325e-01,-4.236611e-01,-2.071966e-01,2.911856e-01,4.105024e-01
4.272349e+00,-8.826526e-01,7.497567e-01,1.647662e-02,5.789411e-01,2.399255e-01,3.565711e-01,-3.699904e-01,-1.589330e-01,1.936764e-01,1.945205e-01
4.931978e+00,-7.437382e-02,1.406830e+00,2.183183e-01,1.689827e-01,5.868747e-02,5.156750e-01,-4.387388e-01,-1.809309e-01,1.010449e-01,4.077878e-01
4.493577e+00,-4.720808e-01,9.309593e-01,-1.745197e-01,5.298902e-01,2.673260e-01,1.753762e-01,-6.194215e-01,-7.040640e-02,3.634995e-01,2.792914e-01
5.068495e+00,-1.920284e-01,1.114944e+00,-1.567212e-01,2.363246e-01,-1.713053e-01,3.809482e-01,-1.556531e-01,-9.767565e-02,1.299164e-01,4.215278e-01
4.316236e+00,-2.304170e-01,1.131348e+00,1.597787e-01,6.526535e-01,-4.447716e-02,6.154228e-02,-5.584973e-01,-7.514966e-02,1.599585e-01,-4.783599e-02
4.728265e+00,-2.029321e-01,1.397394e+00,8.939608e-02,5.108518e-01,1.529233e-01,3.856140e-01,-3.975080e-01,-1.756940e-01,8.882681e-02,2.500150e-01
4.519099e+00,-4.418811e-01,9.854814e-01,-1.685719e-01,2.166493e-01,-3.299211e-01,2.290957e-01,-1.813682e-01,-4.207883e-02,3.625632e-02,2.031659e-01
5.061123e+00,3.297320e-02,1.160942e+00,1.780939e-02,3.173293e-01,6.174694e-02,4.681902e-01,-2.612007e-01,1.475404e-01,2.694394e-01,8.647109e-02
4.058916e+00,-5.302308e-01,1.492523e+00,5.385734e-01,5.418245e-01,-1.894963e-02,1.972362e-01,-5.730717e-01,-4.301613e-01,-2.079320e-01,1.653803e-01
4.957673e+00,-1.167098e-01,9.393259e-01,1.865933e-01,5.052176e-01,-2.083077e-01,5.519877e-01,1.892773e-01,-1.117292e-01,7.797240e-02,2.793376e-01
4.969442e+00,-1.599137e-01,1.147698e+00,6.631569e-02,2.068136e-01,-2.874421e-01,3.820125e-01,-3.805553e-01,-1.427133e-01,1.062681e-01,1.905999e-01
4.347892e+00,-2.278208e-01,1.202637e+00,-5.164778e-02,3.781313e-01,1.020893e-01,6.144867e-01,3.212658e-02,3.842054e-02,2.256189e-01,3.886562e-01
4.920788e+00,-4.184613e-01,1.043731e+00,2.597312e-01,5.193791e-01,2.806121e-02,5.545458e-01,-3.762128e-01,-1.819174e-01,4.907575e-02,-1.466712e-01
4.776189e+00,-1.221936e-01,1.109794e+00,-5.367936e-02,1.988319e-01,1.142161e-01,6.732451e-01,-2.396979e-01,-1.628104e-01,8.932301e-02,1.016241e-01
4.731287e+00,-3.469133e-01,9.458935e-01,4.264533e-02,5.065478e-01,-2.050354e-01,1.667211e-01,-1.325481e-01,-9.382691e-03,2.823742e-01,5.832627e-01
4.710124e+00,-2.569226e-01,1.025198e+00,2.180792e-01,6.421081e-01,6.810273e-02,4.887436e-01,-2.552914e-01,-1.299810e-01,9.714837e-02,1.557680e-01
4.914431e+00,-1.077621e-01,1.100357e+00,6.930977e-02,5.717813e-01,-1.721919e-01,2.630070e-01,-1.024306e-01,-1.442080e-01,-6.754464e-02,2.291852e-01
4.566362e+00,-3.019551e-01,1.309517e+00,-5.842552e-02,3.121350e-01,-1.272992e-02,1.917869e-01,-4.154889e-01,3.516386e-02,3.328681e-01,1.926693e-01
4.955965e+00,-9.134316e-02,1.398907e+00,4.060300e-01,4.071634e-01,-1.838219e-01,3.983442e-01,-3.189628e-01,-1.492675e-01,6.870828e-02,1.495956e-01
4.507819e+00,-6.960911e-01,7.922776e-01,-1.233051e-01,3.948299e-01,-3.133108e-01,2.077457e-01,-2.695853e-01,-1.600299e-01,5.526034e-02,3.672545e-01
4.820427e+00,-4.108072e-02,1.427034e+00,1.414553e-01,6.153605e-01,2.492989e-01,2.772148e-01,-3.277091e-01,2.654250e-03,4.958209e-02,-1.096647e-01
4.707212e+00,-4.045631e-01,1.083129e+00,3.462804e-01,4.116488e-01,-4.422813e-01,-8.480496e-02,-5.486208e-01,-4.231750e-01,-2.796026e-01,3.044405e-01
4.926060e+00,-3.583170e-01,8.855730e-01,-1.672414e-01,6.172522e-01,1.571378e-01,3.964110e-01,-1.054986e-01,2.433946e-01,3.788749e-01,8.613034e-02
4.808552e+00,-7.391358e-02,1.434254e+00,-3.464989e-02,1.420601e-01,-2.371897e-01,1.696478e-01,-5.871016e-01,-5.596971e-01,-3.641627e-02,4.365316e-01
4.396188e+00,-7.437554e-01,1.091243e+00,6.276685e-01,1.159915e+00,4.867452e-01,6.494611e-01,-2.523329e-01,-2.258965e-01,-1.922445e-01,-2.557451e-01
4.710784e+00,-2.851075e-01,1.205631e+00,-7.874761e-02,3.376485e-01,-8.923313e-02,1.810860e-01,-5.619772e-01,-3.452679e-01,9.083496e-02,2.485325e-01
4.940934e+00,-1.709490e-01,1.235584e+00,7.011731e-02,4.572355e-01,7.273401e-02,4.187416e-01,-1.098646e-01,1.395904e-01,8.488886e-02,1.416022e-01
4.551726e+00,-2.682730e-01,1.158845e+00,1.673897e-01,5.965377e-01,-1.575346e-01,-6.816870e-02,-5.023777e-01,-1.681456e-01,6.790580e-02,2.725151e-01
4.766387e+00,7.292488e-02,1.422930e+00,9.401233e-02,5.302550e-01,1.676958e-01,4.817984e-01,-1.735827e-01,-3.132315e-01,-1.996858e-01,2.762613e-01
4.938716e+00,3.857431e-02,1.202235e+00,-3.862703e-02,4.734761e-01,-1.428132e-01,1.887121e-01,-3.074635e-01,-5.176179e-03,2.562435e-01,8.732988e-02
4.769857e+00,-3.354686e-01,1.399082e+00,9.191378e-02,9.771898e-02,-1.957577e-01,2.630813e-01,-2.513210e-01,1.057742e-01,1.818529e-01,7.222270e-02
4.780050e+00,-3.223763e-02,1.412121e+00,1.742984e-01,5.935871e-01,2.027045e-01,4.306395e-01,-4.359797e-01,-3.073522e-01,5.933965e-02,1.103063e-01
4.692170e+00,-4.699846e-01,8.124404e-01,-5.062328e-02,3.382999e-01,-7.739527e-02,4.074167e-01,-1.825573e-01,-9.960263e-02,1.370401e-01,4.910674e-02
4.828795e+00,-2.261105e-02,1.474864e+00,1.760108e-01,3.885588e-01,-1.170558e-01,3.318261e-01,-2.728811e-01,-1.353343e-01,-3.779068e-02,3.644520e-01
4.928821e+00,-2.071758e-01,9.827516e-01,1.173916e-02,3.669688e-01,-2.615948e-01,1.356460e-01,-4.138741e-01,-4.559483e-01,-3.750239e-02,1.654347e-01
4.608539e+00,-3.003548e-01,1.110252e+00,-1.120909e-01,3.170492e-01,3.184764e-01,8.315979e-01,-2.014917e-02,2.535793e-01,2.972157e-01,2.375049e-01
4.803292e+00,-2.095239e-01,1.211432e+00,-2.227141e-01,3.164176e-01,-1.367067e-01,1.023733e-01,-5.745756e-01,-2.443327e-01,-5.519200e-02,1.186862e-02
4.776060e+00,-1.638265e-01,1.058712e+00,2.234614e-01,7.781383e-01,2.166744e-01,5.840250e-01,-2.298237e-01,-8.832421e-02,2.325055e-01,1.966378e-01
4.642227e+00,-3.767836e-01,8.752787e-01,-1.729408e-01,2.111379e-01,-2.213581e-01,-1.740897e-02,-6.991680e-01,-1.704236e-01,1.348589e-01,2.030003e-01
4.864156e+00,-1.372106e-01,1.215469e+00,2.250304e-01,7.351635e-01,1.943336e-01,4.691737e-01,-1.230474e-01,-7.417768e-02,1.850046e-01,2.774126e-01
4.425884e+00,-5.191823e-01,9.463508e-01,1.073578e-02,4.043719e-01,-2.203910e-02,2.393176e-01,-6.344456e-01,-1.245198e-01,3.896327e-01,2.887394e-01
5.098748e+00,-2.956629e-01,1.074701e+00,1.885579e-01,4.347229e-01,-1.115287e-01,3.198206e-01,-2.744897e-01,-9.336923e-02,1.749045e-01,2.910275e-01
4.818934e+00,-2.460231e-01,1.172892e+00,-1.269576e-02,3.199784e-01,2.838112e-02,3.015465e-01,-5.476363e-01,-6.838963e-03,5.046484e-01,2.347711e-01
4.676712e+00,-4.405623e-01,1.066026e+00,3.363124e-01,4.607639e-01,-1.198435e-01,5.048917e-01,-3.806807e-01,-1.842588e-01,1.901070e-01,1.463059e-01
4.695253e+00,-2.447365e-01,8.844440e-01,3.029397e-01,8.627427e-01,4.384096e-02,2.542865e-01,-1.917905e-01,-1.951524e-01,-1.551429e-01,1.631800e-01
4.827906e+00,2.787299e-01,1.149868e+00,-5.309894e-01,1.881210e-01,1.525431e-01,3.911726e-01,-2.146321e-01,7.269491e-02,3.869969e-01,2.306466e-01
4.649210e+00,-3.769276e-01,9.763889e-01,1.493053e-01,5.456972e-01,-9.197617e-02,2.392775e-01,-6.815835e-02,7.889017e-02,-4.384206e-02,3.502177e-01
4.801690e+00,-3.921133e-02,1.296826e+00,-1.947283e-02,2.970302e-01,8.431470e-02,3.248249e-01,-2.745167e-01,-1.281714e-01,-4.789184e-02,-1.246357e-01
4.420257e+00,-3.596014e-01,1.360217e+00,2.328115e-01,3.855771e-01,1.151314e-01,5.735622e-01,-7.482650e-02,1.003336e-01,3.350414e-01,4.309369e-01
4.857301e+00,-2.511640e-01,1.009130e+00,-1.914286e-02,1.547828e-01,-4.180842e-01,3.060654e-01,-6.967851e-02,1.655428e-01,1.085285e-01,8.259941e-02
4.466294e+00,-1.821449e-01,1.688950e+00,5.312281e-01,6.274892e-01,2.890827e-02,3.600678e-01,-2.869623e-01,-2.910041e-01,4.943011e-02,4.603617e-01
4.455375e+00,-4.956450e-01,8.319689e-01,-1.319262e-01,3.359219e-01,-2.988675e-01,1.061940e-01,-1.254878e-01,-1.925115e-01,-1.184333e-01,2.319813e-01
4.602145e+00,-2.839244e-01,1.492802e+00,4.516725e-01,4.088016e-01,-1.680825e-01,4.260771e-01,-1.643537e-01,1.745601e-01,2.658759e-01,2.649253e-01
4.799361e+00,-4.942578e-01,1.024866e+00,-6.337275e-02,3.068923e-01,-2.522986e-01,-8.559274e-02,-3.809310e-01,-1.670001e-01,-1.156251e-01,6.815283e-02
4.914488e+00,-1.596990e-01,1.022635e+00,-1.099675e-01,4.313052e-01,-1.829730e-02,2.745160e-01,-3.419911e-01,2.327829e-02,2.721249e-01,4.315126e-01
4.527609e+00,-5.237815e-01,1.034422e+00,5.358511e-02,3.035734e-01,1.234126e-01,4.209189e-01,-3.453286e-01,4.415501e-02,-9.706665e-02,-1.209137e-01
4.870748e+00,-2.875261e-01,1.170748e+00,1.993007e-01,9.067577e-01,7.841893e-03,1.028598e-01,-3.883356e-01,-2.363818e-01,-1.311305e-01,1.933592e-01
4.369816e+00,-5.073501e-01,7.534924e-01,-3.745524e-01,2.729343e-01,1.536123e-01,6.224750e-01,-1.970631e-01,-1.389053e-01,2.786318e-01,5.463235e-01
5.070149e+00,-9.628258e-02,1.170290e+00,1.265518e-01,5.181384e-01,-2.093145e-02,1.387006e-01,-2.751096e-01,-2.855394e-02,1.943268e-01,1.863058e-01
4.342875e+00,-7.828356e-01,9.690266e-01,2.922733e-01,6.971237e-01,1.448452e-01,5.993042e-01,-9.940236e-03,-2.596107e-01,-1.100440e-01,6.222905e-02
4.954739e+00,4.647425e-02,1.342185e+00,-2.241719e-02,2.169627e-01,2.432567e-01,4.317299e-01,-7.171507e-01,-1.603123e-01,2.761212e-01,2.988732e-01
4.792869e+00,-3.028988e-01,1.388417e+00,3.484848e-01,3.344604e-01,-3.171658e-01,1.435580e-01,-2.372410e-01,1.314722e-01,1.595971e-01,6.223120e-02
4.676585e+00,-7.439503e-02,1.074336e+00,-5.572223e-02,3.357098e-01,-2.368293e-01,4.486482e-01,3.045257e-02,-6.368659e-02,5.931862e-02,3.389682e-01
4.613587e+00,-4.401207e-02,1.454584e+00,2.723022e-01,8.172387e-01,1.452304e-01,4.045734e-01,-3.866526e-01,-2.215395e-01,-1.506952e-01,-1.203468e-01
4.774156e+00,-1.185781e-01,1.363511e+00,4.292592e-02,3.689550e-02,-4.608613e-01,2.555029e-01,1.649947e-01,8.636510e-03,-1.936033e-01,-3.443143e-02
4.699868e+00,-3.680116e-02,1.410372e+00,-3.743108e-02,2.254259e-01,-1.392951e-01,3.367101e-01,-1.998861e-01,1.070303e-01,2.709258e-01,1.628028e-01
4.873624e+00,-1.881305e-01,1.358060e+00,-2.252174e-02,2.116675e-01,-3.553409e-02,4.558829e-01,-4.307318e-01,-1.025592e-01,-1.950333e-01,-1.162176e-01
4.743428e+00,1.803857e-01,1.423863e+00,1.125519e-01,4.534524e-01,-1.143996e-01,3.790408e-01,-3.426758e-01,-2.558822e-01,-4.114366e-02,2.158502e-01
4.633197e+00,-4.029987e-01,9.447083e-01,-6.130072e-02,3.747790e-01,-4.301606e-02,5.682305e-01,-1.142909e-01,-1.182210e-01,2.138346e-01,5.593606e-03
5.051030e+00,1.167301e-02,1.314124e+00,3.155691e-01,6.821355e-01,7.395616e-03,2.107094e-01,-5.607774e-01,-2.357800e-01,-9.721112e-02,2.151730e-01
4.146427e+00,-6.468205e-01,7.244941e-01,-3.111309e-01,3.580727e-01,2.313575e-01,5.851548e-01,-3.564865e-01,-1.827220e-01,4.143795e-01,1.477790e-01
5.055384e+00,-1.451306e-01,1.398200e+00,4.585005e-01,6.413363e-01,1.849373e-02,8.586507e-02,-5.739985e-01,-1.293058e-01,1.606842e-01,1.281970e-01
4.749482e+00,-3.567926e-01,9.238514e-01,-1.533983e-01,2.839864e-01,8.839857e-02,5.535596e-01,-5.313138e-01,-3.342682e-01,5.441325e-02,2.137193e-01
4.924762e+00,-1.932229e-01,1.267200e+00,3.016190e-01,5.437268e-01,-1.489580e-01,8.152319e-02,-6.463710e-01,-2.197452e-01,5.134542e-01,5.324952e-01
4.991159e+00,-7.814075e-03,1.056506e+00,2.372720e-02,4.161650e-01,-2.909731e-01,1.052471e-01,-3.689315e-01,-1.259690e-01,9.030081e-02,1.543616e-01
4.416455e+00,-3.681151e-01,1.214061e+00,3.470401e-01,8.928830e-01,2.890384e-01,3.653441e-01,-5.053093e-01,-1.754321e-01,2.018495e-01,9.269845e-02
4.928396e+00,-1.345125e-01,1.028043e+00,-2.365586e-01,4.746364e-01,1.451123e-02,1.686942e-01,-3.362948e-01,-1.749785e-01,3.337841e-02,1.450328e-01
4.947958e+00,-1.011292e-01,1.330711e+00,2.436427e-01,1.838990e-01,-1.256751e-01,4.950039e-01,-3.200551e-01,-1.622411e-02,1.721754e-01,1.892442e-01
4.768475e+00,-2.587032e-01,1.023549e+00,-1.576629e-01,2.931804e-01,3.101031e-02,2.892769e-01,-2.950575e-01,1.520719e-02,1.222597e-01,6.639596e-02
4.677674e+00,-1.526594e-01,1.379941e+00,2.058671e-01,6.358540e-01,9.972927e-02,5.811305e-01,-5.621013e-02,-2.874528e-01,-3.429561e-01,5.508277e-02
4.928009e+00,6.255214e-02,1.288169e+00,3.880118e-02,1.798512e-01,-1.199456e-01,3.321473e-01,-3.121821e-01,-9.359102e-02,2.518968e-01,3.085379e-01
4.629007e+00,-3.184643e-01,1.031535e+00,4.644529e-02,4.217684e-01,-2.429468e-01,3.253485e-01,2.514817e-01,-2.482372e-02,-6.908399e-02,1.271481e-01
4.842792e+00,-1.026483e-01,1.528287e+00,2.113986e-01,3.256037e-01,1.518479e-01,6.037758e-01,-3.032610e-01,-4.607334e-01,-2.004462e-01,1.831350e-01
4.126149e+00,-7.085879e-01,9.849203e-01,-9.681520e-03,2.981505e-01,1.599118e-01,4.463041e-01,-1.030377e-01,3.641169e-01,3.493557e-01,1.153830e-01
5.007863e+00,2.619148e-02,1.423198e+00,1.376582e-01,2.187901e-01,-2.813074e-01,2.589018e-01,-8.818828e-02,-1.948140e-01,-9.953628e-02,3.681265e-01
4.678952e+00,-2.958142e-01,1.081669e+00,-1.817020e-01,4.299198e-01,-4.064037e-02,1.052224e-02,-4.599118e-01,6.687717e-02,-1.352327e-02,-8.893084e-02
4.761003e+00,-1.921626e-01,1.250634e+00,1.115880e-02,4.554465e-01,-9.513766e-02,3.122434e-01,-1.145227e-01,-4.011546e-02,1.575905e-01,4.116659e-01
4.777767e+00,-3.008352e-01,9.497275e-01,-6.030739e-02,4.328652e-01,-4.052591e-01,1.057484e-02,-2.596103e-01,-1.441938e-01,-5.339652e-02,-7.753788e-02
4.685041e+00,-2.891229e-01,1.090524e+00,1.721284e-01,6.286691e-01,3.060152e-01,4.909919e-01,-3.488470e-01,4.012678e-02,3.393514e-01,2.817118e-01
4.683991e+00,-6.349965e-01,8.182921e-01,-2.171843e-01,-6.420066e-03,-2.401036e-01,3.168973e-01,-3.885919e-01,-2.763024e-01,-4.450285e-02,3.692671e-01
4.590436e+00,-4.934847e-01,1.358779e+00,6.083931e-01,7.712463e-01,1.637108e-01,3.167103e-01,-2.638033e-01,-9.539799e-02,3.369830e-01,3.372177e-01
4.729306e+00,-5.855990e-01,9.222026e-01,-5.042131e-02,1.877432e-01,2.464507e-02,3.334029e-01,-4.362106e-01,-1.016356e-01,2.342756e-02,2.011104e-01
4.711413e+00,-3.043799e-01,1.022502e+00,1.607696e-01,8.577116e-01,3.257196e-02,3.873902e-01,-8.126787e-02,-1.300745e-01,2.251734e-01,6.207773e-01
4.890059e+00,-2.615264e-01,1.104292e+00,9.531932e-02,4.853401e-01,-4.404540e-01,3.177043e-03,-1.161324e-01,1.585662e-01,2.461395e-01,1.618912e-01
4.530149e+00,-1.153318e-01,1.102112e+00,3.413175e-02,5.939131e-01,3.757787e-01,4.802943e-01,-4.525343e-01,-2.345857e-01,-9.730372e-02,3.110417e-01
4.752373e+00,-4.407757e-01,1.068396e+00,2.165574e-01,4.793191e-01,1.253499e-02,2.595458e-01,-2.382547e-01,7.363012e-02,1.021129e-01,7.824072e-02
4.654483e+00,-1.691511e-01,1.342932e+00,1.367284e-01,3.551108e-01,-5.740233e-02,1.628122e-01,-3.160358e-01,1.642527e-01,2.918156e-01,2.817784e-01
4.845171e+00,-2.703431e-01,9.246654e-01,-4.096649e-02,2.909480e-01,-1.553501e-01,3.021801e-01,-1.499665e-01,3.890694e-02,2.459805e-01,4.548290e-01
4.605414e+00,-1.355628e-01,1.249735e+00,1.201360e-01,6.303685e-01,7.937817e-02,3.475601e-01,-4.850364e-01,-3.962337e-01,7.594335e-02,1.939094e-01
4.791438e+00,-9.624968e-02,1.264926e+00,7.498305e-02,3.598391e-01,-1.101575e-01,5.871592e-01,-4.485554e-03,-1.506066e-01,1.314256e-02,2.575065e-01
4.634996e+00,-4.020099e-01,1.013323e+00,-1.364184e-01,5.345376e-02,-1.704871e-01,4.409803e-01,-4.684232e-01,4.424018e-02,5.010257e-01,2.990040e-01
4.849475e+00,-7.321435e-02,1.291609e+00,4.753935e-02,5.026560e-01,3.801195e-01,6.645351e-01,-1.799152e-01,-4.539015e-02,-4.005372e-02,-1.008087e-01
4.500207e+00,-4.628739e-01,8.261560e-01,4.733208e-02,3.099034e-01,-3.372700e-01,1.786201e-01,-4.315567e-01,-3.775414e-01,-1.321312e-01,2.040735e-01
4.810446e+00,-5.152583e-02,1.060306e+00,3.041905e-02,7.263514e-01,2.639797e-01,5.046779e-01,-1.694296e-01,3.422277e-01,4.546488e-01,-9.645627e-02
4.881990e+00,-7.251468e-02,1.018178e+00,-2.622570e-01,2.688434e-01,-2.171471e-01,9.756826e-02,-4.670431e-01,-5.889782e-01,-3.014286e-01,2.827450e-01
4.630686e+00,-3.328692e-01,1.044321e+00,1.040984e-01,5.047177e-01,-4.019340e-03,3.631077e-01,-1.738174e-01,3.369902e-01,5.807884e-01,1.506873e-01
4.782775e+00,-7.051678e-02,1.177636e+00,-4.945695e-02,2.281518e-01,-1.597036e-01,3.768422e-01,-4.310064e-01,-4.371265e-01,-2.535732e-02,1.170263e-01
4.774653e+00,-2.282058e-01,1.403387e+00,2.506504e-01,4.729915e-01,1.074526e-01,3.766788e-01,-3.876093e-01,-1.913475e-01,1.177602e-01,1.887414e-01
4.670055e+00,-2.939451e-01,9.855199e-01,-1.349916e-01,2.505983e-02,-8.325712e-02,4.523778e-01,-4.528447e-01,-1.168402e-01,3.534022e-01,1.566616e-01
4.945837e+00,3.588908e-02,1.391205e+00,2.762473e-01,4.598052e-01,-1.700837e-01,2.507339e-01,-2.252254e-01,-1.293363e-01,1.075736e-01,3.682947e-01
4.559619e+00,-2.918268e-01,1.098782e+00,-7.697563e-02,6.212678e-01,1.766815e-01,3.568593e-01,-2.921139e-01,-1.189426e-01,6.745466e-03,-9.369293e-02
4.977509e+00,4.405503e-02,1.196892e+00,9.981694e-02,5.078582e-01,-1.473113e-02,3.606248e-01,-4.517188e-01,-3.248621e-01,-1.133212e-01,3.167086e-01
4.933171e+00,-2.059561e-01,1.176289e+00,8.072593e-02,6.118496e-01,-8.295982e-02,2.981650e-01,-1.338889e-01,3.035746e-02,3.251474e-01,1.841194e-01
4.657026e+00,-5.217122e-01,1.152376e+00,1.117966e-01,4.387767e-01,2.063169e-02,1.427267e-01,-5.705986e-01,-4.799979e-02,1.745242e-01,2.520405e-01
4.595652e+00,-2.203945e-01,1.114704e+00,2.856124e-01,1.041725e+00,7.928081e-01,6.831564e-01,-3.856534e-01,-3.665580e-01,-3.059766e-01,-2.110176e-01
4.749736e+00,-3.532562e-01,1.246273e+00,2.308761e-01,5.024443e-01,-3.951116e-01,-1.939330e-01,-4.576422e-01,-1.958888e-01,2.585484e-01,3.778719e-01
4.790310e+00,-3.568073e-01,9.883471e-01,-9.574202e-02,5.088556e-01,2.630372e-01,6.479459e-01,2.263332e-02,1.623008e-01,1.383369e-01,4.168943e-01
4.759555e+00,-1.317282e-01,1.323785e+00,1.765823e-01,5.079587e-01,-1.451786e-01,6.316885e-03,-8.061093e-01,-5.855257e-01,1.200906e-01,2.868586e-01
4.678728e+00,-2.287143e-01,1.274579e+00,1.255364e-01,4.634874e-01,1.461849e-01,5.189907e-01,-1.436916e-01,-5.955571e-02,2.148588e-01,8.397963e-02
4.618749e+00,-2.765080e-01,1.253908e+00,1.551405e-01,2.678793e-01,-3.528451e-01,-6.977644e-02,-5.145909e-01,-6.675319e-03,1.731799e-02,1.303613e-02
4.986972e+00,-6.860270e-02,1.426658e+00,1.082244e-01,2.744416e-01,9.466307e-02,4.825984e-01,-2.195076e-01,-1.567809e-01,8.812266e-02,1.642225e-01
4.264932e+00,-4.675809e-01,9.357429e-01,-1.446093e-01,1.908214e-01,-1.926042e-01,1.442725e-01,-2.985224e-01,-2.034183e-01,-6.473730e-02,1.062236e-01
5.086835e+00,-1.013698e-01,1.275584e+00,4.886592e-01,5.454086e-01,-2.750091e-01,1.931934e-01,-4.870390e-02,-3.451959e-02,-1.038000e-01,4.725665e-02
4.605517e+00,-2.922505e-01,1.035294e+00,-2.041705e-01,4.018701e-01,1.460791e-01,3.470675e-01,-2.922156e-01,-1.664901e-01,7.590003e-03,1.498315e-01
5.051315e+00,-2.390915e-01,1.166422e+00,1.074169e-01,4.032470e-01,-3.532549e-01,1.795420e-01,-1.437856e-02,-1.104305e-01,-7.596865e-02,2.324557e-01
4.739704e+00,-4.053849e-01,1.191168e+00,3.590007e-01,3.879547e-01,-9.478387e-02,4.445046e-01,-2.484631e-01,7.976624e-02,6.867274e-02,-9.755540e-02
4.502474e+00,-3.757704e-01,1.192635e+00,-1.910727e-01,3.985105e-01,2.798835e-01,6.027340e-01,-3.296606e-01,-8.056976e-02,1.389470e-01,3.240445e-01
4.787948e+00,-3.642022e-01,9.524880e-01,2.696751e-01,6.488797e-01,-2.112072e-01,2.211746e-01,2.615351e-02,-8.462890e-02,-7.328178e-02,1.931211e-01
5.071049e+00,1.314303e-01,1.095919e+00,4.799539e-03,2.316758e-01,-1.322263e-01,4.129263e-01,-4.194379e-01,-1.022299e-01,3.088447e-01,3.079661e-01
4.534948e+00,-5.334050e-01,1.051029e+00,-3.195946e-02,5.709478e-01,1.087059e-01,3.803541e-01,-1.458146e-01,5.212650e-02,1.874454e-01,5.201674e-01
4.785461e+00,-3.554030e-01,1.207539e+00,4.358608e-01,6.352476e-01,6.647837e-02,3.088496e-01,-6.087220e-01,-3.654583e-01,1.274792e-03,5.911291e-02
4.906733e+00,-1.948229e-01,1.060222e+00,1.410569e-01,3.088752e-01,-1.282933e-01,5.094659e-01,-2.629136e-01,3.964923e-02,5.134311e-01,4.007042e-01
4.607051e+00,-3.708840e-01,9.829330e-01,-2.414508e-02,6.284009e-01,-2.105392e-01,7.232814e-02,-3.663998e-01,-2.233086e-02,2.186217e-01,4.282964e-01
4.950362e+00,-1.887088e-01,1.132419e+00,2.784783e-01,5.966680e-01,1.436410e-01,7.262737e-01,-2.237836e-01,-4.455912e-01,-3.139719e-02,1.270453e-01
4.481727e+00,-5.742240e-01,7.564600e-01,6.569992e-02,5.422238e-01,-2.663252e-01,7.984906e-02,-2.363815e-01,2.949925e-02,4.556261e-02,1.740445e-01
4.994198e+00,-1.320897e-02,1.234798e+00,-1.120893e-01,2.027234e-01,4.947788e-02,3.450643e-01,-3.641465e-01,1.969957e-03,2.301388e-01,1.888683e-01
4.507500e+00,-5.589128e-01,1.014973e+00,1.184997e-01,4.160550e-01,3.218574e-02,4.047482e-01,-4.440343e-01,-1.350215e-01,1.290800e-02,9.352538e-02
4.852426e+00,-7.296262e-02,1.143058e+00,1.704231e-01,3.531197e-01,-4.263005e-01,3.340007e-01,-2.458006e-02,5.325972e-03,1.790624e-01,7.927910e-02
4.342347e+00,-3.757714e-01,1.375080e+00,-1.198929e-01,1.227020e-01,7.532973e-02,6.242782e-01,-4.345375e-01,-2.940140e-01,3.638127e-02,1.796294e-01
4.940641e+00,2.239766e-02,1.318856e+00,6.567609e-02,3.484798e-01,-1.315553e-01,3.383776e-01,-1.166634e-01,1.100930e-01,1.025331e-01,2.906397e-02
4.191177e+00,-5.837758e-01,1.086501e+00,2.438367e-02,1.863091e-01,-3.047757e-01,3.300420e-01,-1.764343e-01,-1.005290e-01,2.033783e-01,3.801658e-01
4.893362e+00,2.490617e-01,1.405153e+00,-1.351122e-01,3.792182e-01,1.153250e-01,3.329203e-01,-2.159343e-01,5.369375e-02,2.356671e-01,1.656037e-01
4.611184e+00,-3.585943e-01,1.186268e+00,2.683841e-01,4.120664e-01,-1.469084e-01,1.672839e-01,-4.184412e-01,-7.504912e-02,1.691830e-04,2.208094e-01
4.734239e+00,-7.299186e-02,1.071918e+00,-3.085293e-01,2.968836e-01,2.143859e-01,6.395950e-01,-1.866950e-01,6.866593e-02,3.663814e-01,3.581494e-01
4.798396e+00,2.047733e-02,1.311578e+00,1.137386e-01,5.894403e-01,-1.704054e-01,-1.310567e-01,-5.118858e-01,1.252062e-01,2.689197e-01,1.831653e-01
4.550011e+00,-4.887575e-01,9.601769e-01,2.068034e-02,5.907175e-01,2.973721e-01,5.309906e-01,-1.689369e-01,-1.371945e-01,-1.294599e-01,2.481047e-01
4.861139e+00,-1.229705e-01,1.019841e+00,-8.995944e-02,8.075040e-01,1.689271e-01,2.523004e-01,-3.767948e-01,-2.595567e-01,2.666441e-01,2.870738e-01
4.960286e+00,-4.351845e-01,1.042615e+00,1.105408e-01,3.646830e-01,-1.321822e-01,3.660177e-01,-2.807760e-01,-3.586137e-02,1.837081e-01,2.676974e-01
4.809124e+00,-2.814448e-01,1.072341e+00,-2.065687e-01,2.141198e-01,2.352505e-01,3.127816e-01,-5.562034e-01,-4.493555e-02,4.233109e-01,3.570099e-01
4.402633e+00,-5.242928e-01,1.191651e+00,2.822929e-01,7.948745e-01,2.790054e-01,5.511898e-01,-3.274760e-01,-3.327792e-01,5.158429e-02,1.260085e-01
5.087127e+00,-7.999659e-02,1.231699e+00,2.066870e-01,3.646572e-01,-1.534101e-01,3.507055e-01,-3.368942e-01,-4.920854e-02,2.218179e-02,1.630668e-01
4.493953e+00,-2.596163e-01,1.019936e+00,-3.155876e-01,2.856707e-01,-3.071757e-02,2.061828e-01,-2.168149e-01,-2.217850e-02,2.685297e-01,1.999261e-01
5.049011e+00,1.641457e-01,1.140529e+00,2.632726e-01,6.879776e-01,-5.900724e-02,1.578551e-01,-3.697342e-02,-2.191935e-01,-1.449801e-01,1.326761e-01
4.242028e+00,-4.088399e-01,9.700614e-01,1.407423e-01,2.819897e-01,-2.282778e-01,3.969924e-01,-2.396094e-01,-2.626738e-01,-2.359422e-01,-2.014950e-01
4.877873e+00,-2.406574e-02,1.556928e+00,1.555164e-01,2.514390e-01,-9.593309e-02,1.892443e-01,-8.961790e-02,1.075531e-01,2.182807e-03,1.038382e-01
4.664680e+00,-1.199311e-02,1.287443e+00,7.849572e-02,3.216927e-02,-3.833801e-01,3.048383e-01,-4.043495e-01,-5.617996e-01,-2.389239e-01,1.106312e-01
4.682214e+00,-4.277408e-01,1.198125e+00,2.470908e-01,2.560087e-01,-2.711126e-01,7.386139e-01,1.705043e-01,3.986983e-01,3.035899e-01,-7.516656e-02
4.774026e+00,6.035554e-02,1.377470e+00,-9.872151e-02,2.984181e-01,-1.038194e-01,1.882061e-01,-3.168518e-01,-3.968126e-01,-2.408256e-01,7.719600e-02
4.769346e+00,-3.473660e-01,1.131334e+00,2.484018e-01,5.333188e-01,7.911315e-03,7.206710e-01,5.174216e-02,-1.364126e-01,-7.998592e-03,-5.299011e-02
4.763006e+00,-1.863752e-01,1.096518e+00,1.569751e-01,5.163600e-01,-2.691265e-01,-1.128592e-01,-4.632838e-01,-1.057246e-01,8.428488e-02,1.932990e-01
4.884081e+00,-1.295472e-01,1.327870e+00,-1.026033e-01,3.673572e-01,2.734097e-01,6.635933e-01,-1.347359e-01,-9.011094e-02,3.207625e-02,1.479480e-01
4.696877e+00,-2.760002e-01,1.137929e+00,2.604278e-01,5.800528e-01,8.362024e-02,6.619756e-02,-6.472055e-01,-2.341957e-01,2.575509e-01,1.877884e-01
4.909952e+00,-2.153843e-01,9.583588e-01,2.728195e-01,7.340074e-01,-1.015708e-01,2.901064e-01,-2.032937e-01,-1.933801e-01,2.252458e-03,1.998331e-01
4.895256e+00,-5.184175e-02,1.412934e+00,2.233165e-01,4.845840e-01,-1.614580e-01,1.716988e-01,-4.556722e-01,-1.765944e-01,3.670513e-01,4.478499e-01
4.740545e+00,-5.365141e-01,7.606335e-01,3.532445e-02,5.398665e-01,-5.969513e-02,1.530690e-01,-2.927763e-01,9.041134e-02,1.594787e-01,2.770752e-01
4.639582e+00,-2.222007e-01,1.443217e+00,7.155600e-01,7.709889e-01,2.248105e-01,5.643710e-01,-5.982688e-01,-7.146618e-01,-2.678880e-01,7.339747e-02
4.805208e+00,-3.857089e-01,9.520585e-01,-1.025194e-01,3.255271e-01,-2.038073e-01,1.309105e-01,-4.463348e-01,1.408563e-01,4.045024e-01,-1.117691e-02
4.946181e+00,-1.046637e-01,1.155390e+00,1.862359e-01,3.305465e-01,-7.681419e-02,4.459026e-01,-3.346157e-01,-2.546298e-01,7.502094e-02,5.406753e-01
4.915417e+00,-2.667939e-01,1.018335e+00,7.098473e-02,3.797576e-01,-3.024837e-01,7.180574e-02,-4.625187e-01,-3.174764e-01,-7.075238e-02,-1.968408e-01
4.244409e+00,-4.130386e-01,1.138497e+00,1.050930e-01,8.071130e-01,4.364174e-01,8.088899e-01,1.291382e-01,1.407747e-01,3.451911e-01,2.207294e-01
4.860418e+00,-2.601713e-01,1.091411e+00,-3.122638e-01,-9.733874e-02,-1.888220e-01,3.104266e-01,-4.201656e-01,-2.184881e-01,-1.627504e-01,-4.132203e-02
4.704782e+00,-1.108721e-01,1.209564e+00,2.957556e-01,6.464516e-01,1.270932e-01,5.151276e-01,5.803304e-03,-3.219058e-02,2.069814e-01,1.539275e-01
4.450510e+00,-3.124844e-01,1.021502e+00,-1.203660e-01,1.709002e-02,-1.825134e-01,1.622755e-01,-4.389938e-01,-3.305711e-01,8.332299e-03,3.242163e-01
4.714709e+00,-1.871498e-01,1.477370e+00,1.849158e-01,4.229459e-01,2.670829e-01,5.630738e-01,-1.472996e-01,6.314350e-02,1.651987e-02,-1.488980e-02
4.607051e+00,-2.885615e-01,1.062560e+00,3.744968e-02,3.330077e-01,-2.565257e-01,1.007368e-01,-2.273645e-01,-1.296781e-01,2.356260e-01,3.464875e-01
4.824335e+00,2.713026e-01,1.218250e+00,-1.208187e-01,2.266500e-01,-6.075938e-02,3.862378e-01,-1.674562e-01,-2.035265e-01,1.807600e-01,3.701599e-01
4.712397e+00,-2.809643e-01,1.192229e+00,1.395687e-01,5.217601e-01,-1.582823e-01,3.076883e-01,-1.791979e-01,1.088652e-01,6.173729e-02,1.564521e-01
4.576022e+00,-1.039970e-01,1.000965e+00,-1.332616e-01,3.429746e-01,1.305830e-01,6.077157e-01,-1.328640e-01,-1.906501e-01,6.625152e-02,3.519429e-01
4.628403e+00,-3.496083e-01,1.286693e+00,3.453411e-01,3.801606e-01,5.208450e-02,3.000730e-01,-5.744706e-01,-1.626631e-01,2.241084e-01,2.409595e-01
4.944950e+00,-2.052040e-01,1.248604e+00,-2.976649e-01,1.508545e-01,1.406935e-01,3.439652e-01,-3.453618e-01,3.819805e-02,2.714657e-01,2.923211e-01
4.592599e+00,-4.585608e-01,1.029473e+00,-1.217189e-01,6.150891e-01,1.363913e-01,5.374408e-01,-4.578893e-02,-1.880262e-01,2.232599e-01,4.557354e-01
4.814312e+00,-2.003386e-01,1.004436e+00,1.506626e-01,6.645016e-01,-5.528531e-02,2.473139e-01,-4.764180e-01,-3.238541e-01,3.102518e-02,2.361356e-01
4.621446e+00,-1.435337e-01,1.212378e+00,7.683208e-02,7.073250e-01,1.634024e-01,3.928808e-01,-9.919009e-02,5.276081e-02,1.682483e-01,4.400647e-01
4.722392e+00,-4.492193e-01,8.326692e-01,-3.532316e-01,8.140417e-02,-3.384816e-02,3.703488e-01,-4.107368e-01,-6.546544e-02,3.251367e-01,4.136754e-01
4.497049e+00,-3.194003e-01,1.341588e+00,7.454575e-01,1.038901e+00,4.182040e-01,3.209675e-01,-6.372725e-01,4.525469e-02,1.789567e-01,8.461721e-02
4.536925e+00,-5.125836e-01,1.118770e+00,-6.029692e-02,1.381856e-01,-3.982174e-01,-3.106665e-03,-3.183355e-01,-1.279115e-01,1.280579e-02,1.304713e-01
4.662236e+00,-2.113853e-01,1.208764e+00,5.709786e-02,6.253095e-01,1.185779e-01,2.048550e-01,-4.877726e-01,7.953888e-02,6.764164e-01,4.731870e-01
4.842164e+00,-2.643996e-01,9.317693e-01,-3.428789e-02,2.260749e-01,-3.118620e-01,2.265578e-01,-3.646179e-01,-4.112473e-01,-7.410806e-02,1.545732e-01
4.669764e+00,-3.066627e-01,1.307547e+00,2.852071e-01,5.919516e-01,-1.821627e-01,1.848611e-01,-3.889852e-01,-6.029264e-02,1.983153e-01,2.883835e-01
4.588118e+00,-2.851175e-01,9.586731e-01,-3.240967e-01,2.059478e-01,2.848145e-01,5.944173e-01,-3.015604e-01,-1.247639e-01,1.048563e-01,1.500945e-01
5.065585e+00,-2.129254e-01,1.218907e+00,3.721464e-01,4.863980e-01,-1.320289e-01,2.423312e-01,-3.693111e-01,-3.676644e-02,-4.665864e-02,1.757876e-01
4.260642e+00,-5.398297e-01,8.997068e-01,-1.133422e-01,4.427613e-01,-5.885607e-02,4.308396e-01,-2.455392e-01,1.250733e-02,3.693953e-01,2.803189e-01
4.991180e+00,3.488567e-02,1.283888e+00,1.002641e-01,4.023341e-01,2.439621e-02,3.476063e-01,-1.548991e-01,-2.018968e-01,-1.511202e-01,1.065500e-01
4.802545e+00,-4.182719e-01,9.257226e-01,2.639448e-03,7.109041e-01,-9.920316e-02,5.171039e-01,-1.099070e-02,8.042423e-02,4.173114e-02,-9.006989e-02
4.826701e+00,-3.341754e-02,1.165468e+00,1.808212e-01,4.948412e-01,-2.991164e-01,2.354461e-01,-2.524051e-01,-2.534115e-01,1.908986e-01,3.832042e-01
5.023522e+00,-2.110584e-01,1.268547e+00,2.046625e-01,2.823829e-01,5.248386e-02,3.885478e-01,-3.529952e-01,8.131114e-02,1.448912e-01,-5.819683e-02
4.732162e+00,-5.804013e-01,9.662914e-01,3.402200e-01,4.361786e-01,-2.692554e-01,5.316365e-01,-3.674471e-01,-3.084676e-01,1.687759e-01,1.693255e-01
4.595172e+00,-1.526205e-01,1.365202e+00,4.977560e-01,6.636605e-01,-6.268869e-03,3.748713e-01,-1.609589e-01,-3.079628e-01,-1.285673e-02,2.513813e-01
4.970274e+00,-2.817047e-01,1.267604e+00,3.287768e-02,1.401585e-01,-3.238808e-01,1.948615e-01,-4.020389e-01,-9.288306e-02,1.629365e-01,8.537471e-02
4.798390e+00,5.422962e-02,1.061175e+00,-1.820835e-01,2.750798e-01,-1.023810e-01,5.151240e-01,-9.655103e-02,-7.408547e-02,1.923879e-01,3.254552e-01
4.593149e+00,-2.264023e-01,1.148114e+00,2.020557e-01,6.570897e-01,1.122984e-02,1.409825e-01,-3.139387e-01,-2.570020e-01,-2.241188e-01,-3.545323e-01
4.900272e+00,5.800688e-02,1.435154e+00,2.727675e-01,3.618132e-01,5.763700e-02,2.505689e-01,-6.076171e-01,-1.751350e-01,1.376514e-01,2.782965e-01
4.655990e+00,-4.169673e-01,6.824764e-01,-3.096027e-01,4.027982e-01,-4.160822e-02,2.939148e-01,-1.369882e-02,6.391691e-02,-2.857827e-02,-4.452040e-02
5.067711e+00,-2.647578e-01,1.393170e+00,3.739973e-01,5.801959e-01,2.061901e-02,1.779504e-01,-4.075523e-01,-2.063381e-01,4.977566e-02,1.328668e-01
4.041912e+00,-5.774638e-01,9.838643e-01,-1.743390e-01,5.838301e-01,5.391615e-01,5.835921e-01,-3.793275e-01,-1.957111e-01,2.190803e-02,5.351822e-02
5.091941e+00,-2.946665e-01,1.263924e+00,2.670709e-01,6.535974e-01,-2.319038e-01,9.890570e-02,-2.642213e-01,-2.709882e-01,1.757709e-02,3.482271e-01
4.989059e+00,-4.293937e-01,9.236321e-01,6.540304e-02,4.304557e-01,-1.510331e-01,3.369980e-01,-4.157669e-01,-1.721212e-01,1.038602e-01,2.380392e-01
4.528238e+00,-1.326559e-01,1.462583e+00,3.458389e-01,5.204088e-01,-9.098742e-02,-1.091575e-02,-5.845070e-01,-1.027523e-01,4.316005e-01,5.439634e-01
4.824796e+00,-4.981359e-01,1.172467e+00,1.477804e-01,5.091152e-01,9.551138e-02,2.120813e-01,-3.007186e-01,-1.409387e-01,-1.106817e-01,-2.095454e-01
4.737849e+00,5.163291e-03,1.316100e+00,6.863910e-02,4.439876e-01,1.464680e-01,2.853225e-01,-5.328515e-01,-2.139765e-02,2.352971e-01,2.018030e-01
4.656719e+00,-1.875524e-01,1.117342e+00,8.717454e-02,5.200256e-01,-1.807524e-01,5.095771e-02,-1.395432e-01,-1.655448e-01,-2.556228e-02,3.121025e-01
4.877618e+00,1.235606e-01,1.315538e+00,4.702295e-02,4.997456e-01,-1.465573e-01,2.250711e-01,-1.515166e-01,-5.783324e-02,-5.997852e-02,1.408133e-01
4.844778e+00,-3.729790e-02,9.614534e-01,-1.268798e-01,2.308124e-01,4.153176e-02,4.924689e-01,-7.328193e-02,-5.863639e-02,8.215905e-02,1.422078e-01
4.538763e+00,-3.188376e-01,1.461893e+00,3.674760e-01,5.984805e-01,7.270679e-02,2.503177e-01,-4.604598e-01,-1.855696e-01,7.234380e-02,1.305889e-01
4.862328e+00,7.150569e-02,1.524470e+00,-5.433754e-02,3.047690e-02,2.931619e-02,5.151513e-01,-2.787061e-01,-1.595504e-01,1.591339e-01,2.948978e-01
3.793113e+00,-1.326436e-01,2.867501e-01,3.164631e-01,2.838709e-01,2.728162e-01,5.856654e-01,-4.405962e-03,-1.161815e-01,2.476682e-01,-9.193958e-02
