2.622964e+00,-6.792187e-01,-6.325659e-01,-8.512396e-01,4.427770e-02,-4.029186e-01,-3.640840e-01,1.605825e-01,2.041057e-01,2.529027e-01,-5.511622e-02
2.901821e+00,-7.728233e-02,4.731678e-01,-6.101073e-01,4.174528e-01,-1.374259e-01,-3.397534e-01,2.363019e-01,4.617069e-01,-2.520638e-01,-4.536893e-01
3.395658e+00,-1.034085e-01,2.627879e-01,-7.359933e-01,5.140923e-01,-5.953596e-01,-6.642337e-01,7.681598e-01,4.514450e-01,-2.942151e-01,-6.175310e-01
3.792201e+00,-2.597508e-01,1.741716e-01,-7.304533e-01,1.113734e-01,-5.177063e-01,-4.360314e-01,4.869045e-01,1.886195e-01,-3.323431e-01,-4.521279e-01
3.820605e+00,-4.477475e-01,3.538859e-01,-8.607317e-01,2.045223e-01,-1.109188e-01,-3.169069e-01,5.059995e-01,-2.450214e-01,-1.489604e-01,-6.570737e-01
4.129653e+00,-6.200062e-01,7.283638e-01,-5.109154e-01,1.057965e-01,-1.735671e-01,-2.695145e-01,4.878490e-01,6.381751e-02,-3.817149e-02,-4.421043e-01
4.013757e+00,-3.163970e-01,6.271746e-01,-5.368858e-01,-2.922609e-02,-3.180086e-01,-2.999795e-01,3.195299e-01,6.449909e-02,1.181240e-01,-5.026208e-01
4.180239e+00,-4.117276e-01,5.048511e-01,-4.342561e-01,1.010096e-01,-1.789892e-01,-2.395869e-01,1.609310e-01,7.225442e-02,-1.089934e-01,-5.472173e-01
4.121653e+00,-5.173772e-01,3.937927e-01,-6.036145e-01,3.139947e-01,-3.222773e-01,-3.590261e-01,3.370535e-01,1.323450e-02,-3.603797e-01,-6.462271e-01
4.383640e+00,-3.493295e-01,4.023345e-01,-7.042739e-01,2.895456e-02,-2.786074e-01,-5.048027e-01,2.616462e-01,9.435278e-02,-2.712269e-01,-4.169846e-01
4.488952e+00,-6.839951e-01,4.357191e-01,-7.052585e-01,2.120274e-02,-4.456323e-01,-6.568389e-02,2.170289e-01,8.058222e-02,-2.138143e-01,-5.791681e-01
4.299548e+00,-7.083503e-01,3.985100e-01,-5.952865e-01,-4.529043e-02,-2.902194e-01,-5.256910e-03,-1.314903e-02,1.255948e-01,-2.181768e-01,-6.060467e-01
4.399030e+00,-8.054203e-01,4.857141e-01,-6.575007e-01,-2.162683e-01,-4.606795e-01,-2.992410e-01,4.296156e-02,1.475649e-01,-1.627709e-01,-3.761093e-01
4.496333e+00,-7.888029e-01,4.075134e-01,-6.735743e-01,-2.002700e-01,-4.885449e-01,-4.117868e-01,1.095573e-01,9.481850e-02,-2.467369e-01,-5.051334e-01
4.578040e+00,-7.907467e-01,3.904493e-01,-8.168910e-01,2.215524e-01,-3.989690e-01,-2.959462e-01,8.527205e-02,-9.608275e-02,-2.063588e-01,-6.099727e-01
4.847959e+00,-8.841295e-01,3.784366e-01,-5.725935e-01,2.453374e-01,-4.607474e-01,-3.072681e-01,1.496498e-01,2.438057e-01,-4.546735e-01,-4.017156e-01
4.821057e+00,-7.000509e-01,5.823936e-01,-8.409156e-01,-3.470154e-02,-3.620183e-01,-4.055468e-01,3.114516e-01,-5.480092e-02,-1.860457e-01,-3.239679e-01
4.945688e+00,-1.057990e+00,5.376141e-01,-8.351214e-01,1.125969e-01,-3.999096e-01,-1.528209e-01,2.240662e-01,3.437763e-02,-2.851397e-01,-4.262566e-01
4.715440e+00,-9.788471e-01,5.932674e-01,-7.714035e-01,2.075076e-01,-5.243259e-01,-7.439124e-02,1.717567e-01,-6.169717e-03,-1.197590e-01,-5.836455e-01
4.970197e+00,-8.287059e-01,5.653616e-01,-7.491666e-01,-6.020744e-02,-4.077519e-01,-2.381570e-01,8.589199e-02,1.889124e-01,-7.320258e-02,-4.208060e-01
4.980374e+00,-9.187055e-01,4.887623e-01,-5.734408e-01,-4.913869e-02,-2.929913e-01,-4.996842e-01,2.511494e-01,1.576087e-01,-2.369273e-01,-3.144888e-01
4.897610e+00,-7.326780e-01,5.043934e-01,-6.377135e-01,4.410292e-02,-5.065325e-02,-3.395569e-01,1.739778e-01,3.184564e-02,-3.091921e-01,-3.960751e-01
5.042965e+00,-8.529012e-01,5.222082e-01,-7.724423e-01,3.349796e-01,-5.407184e-01,-4.526528e-01,2.208518e-01,1.421701e-01,-1.565474e-01,-5.536960e-01
5.073386e+00,-7.034115e-01,5.568647e-01,-7.787310e-01,-3.614618e-02,-4.322579e-01,-2.365568e-01,1.697315e-01,1.398630e-01,-2.724370e-01,-4.812652e-01
5.193183e+00,-9.709146e-01,5.170634e-01,-7.961751e-01,5.348832e-02,-1.569538e-01,-1.696405e-01,8.813253e-02,1.249153e-01,-1.419333e-01,-6.518130e-01
5.326527e+00,-1.224436e+00,7.592486e-01,-6.121479e-01,-5.405131e-02,-4.328889e-01,-1.772340e-01,7.231991e-02,2.319180e-01,-1.905665e-01,-5.601810e-01
5.249177e+00,-8.251525e-01,5.536419e-01,-7.553063e-01,-1.859865e-01,-4.737309e-01,-7.365162e-02,-4.622492e-02,2.267238e-01,-1.187158e-01,-4.926014e-01
5.332611e+00,-1.034516e+00,5.811514e-01,-7.073561e-01,1.867806e-01,-5.280673e-01,-1.330744e-01,-1.929546e-01,3.883182e-01,-1.471762e-01,-6.130535e-01
5.085949e+00,-7.385643e-01,5.849632e-01,-6.698522e-01,1.252953e-01,-4.323641e-01,-2.923926e-02,1.084883e-01,1.600323e-01,-4.315747e-01,-5.904481e-01
5.201753e+00,-3.522913e-01,2.014052e-01,-5.936225e-01,2.972533e-01,-5.405825e-01,-4.748112e-01,7.390512e-02,5.545646e-01,-3.892673e-01,-4.678283e-01
5.291044e+00,-6.351322e-01,3.052554e-01,-5.725507e-01,-1.112001e-04,-6.105328e-01,-3.053068e-02,2.131828e-02,2.955576e-01,-3.796707e-01,-5.083034e-01
5.496370e+00,-8.906651e-01,3.374845e-01,-5.125502e-01,-1.859308e-02,-3.044919e-01,3.882463e-02,1.097464e-02,2.116902e-01,-1.957040e-01,-7.589995e-01
5.195281e+00,-7.193553e-01,5.001268e-01,-4.556961e-01,3.076217e-02,-6.846177e-01,-7.481512e-02,-9.014357e-02,4.772662e-01,-1.258968e-01,-6.503716e-01
5.323263e+00,-5.055646e-01,5.086765e-01,-7.524884e-01,-8.414862e-02,-6.281760e-01,1.480406e-01,-6.593202e-02,4.492810e-01,-3.653456e-01,-5.797780e-01
5.295348e+00,-5.760984e-01,3.000147e-01,-5.918831e-01,3.631465e-01,-5.446985e-01,-2.624998e-01,4.824922e-02,3.375343e-01,-1.343400e-01,-7.883548e-01
5.177539e+00,-3.974263e-01,4.501661e-01,-5.715214e-01,2.965931e-01,-7.789688e-01,-5.435231e-03,1.382843e-01,4.507706e-01,-5.945538e-01,-5.202539e-01
5.199613e+00,-4.091201e-01,4.328138e-01,-5.984429e-01,1.914778e-01,-6.566893e-01,-2.482772e-01,-7.705412e-02,4.961495e-01,-2.482457e-01,-4.514127e-01
5.188987e+00,-4.927957e-01,2.335623e-01,-4.681060e-01,6.484347e-02,-5.345114e-01,-1.681763e-01,7.317798e-02,3.555398e-01,-2.741310e-01,-6.475396e-01
5.073521e+00,-3.529559e-01,3.690915e-01,-5.799103e-01,2.057833e-01,-5.915920e-01,1.353605e-01,1.392850e-01,4.199316e-01,-3.907001e-01,-7.591134e-01
5.155778e+00,-2.616262e-01,3.143926e-01,-5.469104e-01,2.018752e-01,-6.994670e-01,-3.144135e-01,8.568891e-02,6.769320e-01,-2.013750e-01,-7.049868e-01
5.265750e+00,-2.911730e-01,3.186423e-01,-6.567604e-01,1.628304e-02,-5.914861e-01,-1.099282e-01,2.501123e-01,4.291357e-01,-3.651838e-01,-6.559847e-01
5.225980e+00,-4.604200e-01,3.903149e-01,-4.386944e-01,2.690991e-01,-5.573688e-01,-3.771290e-02,-6.775127e-02,5.556507e-01,-1.504988e-01,-7.997142e-01
5.103895e+00,-3.333613e-01,5.004935e-01,-2.887881e-01,9.592869e-02,-9.442440e-01,1.105656e-02,8.632514e-02,4.700669e-01,3.027857e-02,-9.068715e-01
5.267998e+00,-3.039377e-01,3.271176e-01,-4.550345e-01,1.934337e-01,-8.551551e-01,-3.493859e-02,-1.135434e-02,3.903403e-01,9.768482e-03,-7.866567e-01
5.316022e+00,-3.357553e-01,2.314676e-01,-5.141512e-01,3.421820e-01,-6.997291e-01,-6.319849e-02,5.483820e-02,5.454359e-01,-2.076407e-01,-8.065902e-01
5.221101e+00,-1.563413e-01,3.902487e-01,-5.907515e-01,4.701604e-01,-8.364007e-01,-2.792559e-01,4.744182e-01,6.785502e-01,-4.871981e-01,-8.197534e-01
5.231546e+00,-3.003907e-01,4.160569e-01,-7.269261e-01,3.162120e-01,-7.352319e-01,-3.194578e-01,1.872695e-01,6.621631e-01,-1.435691e-01,-8.164434e-01
5.237499e+00,-5.331196e-01,5.132598e-01,-6.808329e-01,1.863579e-01,-7.719677e-01,-1.208906e-02,2.334921e-01,5.162499e-01,-2.672495e-01,-7.962924e-01
5.173091e+00,-6.976432e-01,8.008201e-01,-4.704158e-01,2.444716e-01,-6.985973e-01,-3.770251e-02,1.999069e-01,5.727831e-01,-2.364979e-01,-7.245397e-01
5.118301e+00,-5.350236e-01,7.275650e-01,-6.088805e-01,9.309538e-02,-6.703699e-01,-1.110222e-01,2.365397e-01,4.446232e-01,-1.395500e-01,-6.787786e-01
5.220782e+00,-6.492249e-01,8.254919e-01,-6.890340e-01,2.247631e-01,-8.165673e-01,-3.528520e-02,9.902496e-02,5.147266e-01,-2.466615e-01,-6.000358e-01
5.186751e+00,-5.332159e-01,7.340463e-01,-6.783481e-01,2.849402e-01,-5.503232e-01,-1.474346e-01,2.191043e-01,5.466022e-01,-1.761104e-01,-8.101841e-01
5.147886e+00,-3.812940e-01,6.761696e-01,-5.131320e-01,1.617500e-01,-6.755919e-01,-3.236125e-01,4.723626e-01,6.470927e-01,-3.192869e-01,-7.328147e-01
5.311322e+00,-5.844259e-01,6.328458e-01,-6.038226e-01,7.380247e-02,-7.660115e-01,-1.121462e-01,3.682026e-01,5.088635e-01,-2.171070e-01,-6.966833e-01
5.213706e+00,-5.834155e-01,6.855465e-01,-6.041765e-01,-3.768084e-03,-6.559900e-01,8.725132e-02,3.530428e-01,3.462529e-01,-3.090497e-02,-8.652455e-01
5.012874e+00,-6.525441e-01,7.862844e-01,-2.611523e-01,-5.656168e-02,-7.025243e-01,1.310950e-01,4.078607e-01,4.033883e-01,-5.397438e-02,-9.495784e-01
5.286715e+00,-6.251782e-01,7.066098e-01,-4.501103e-01,-2.102695e-01,-6.566751e-01,1.462010e-01,2.770321e-01,3.564733e-01,-1.864742e-02,-8.919885e-01
5.315649e+00,-5.653336e-01,6.622758e-01,-3.557178e-01,-1.637753e-01,-6.679801e-01,1.143566e-01,2.380882e-01,3.317491e-01,3.324959e-02,-9.208707e-01
5.178106e+00,-4.150478e-01,6.095087e-01,-2.299152e-01,1.623730e-02,-7.459351e-01,1.851875e-01,4.101439e-01,4.663942e-01,-4.961390e-02,-1.208914e+00
5.372947e+00,-4.911874e-01,7.526447e-01,-4.266220e-01,-1.508291e-01,-7.359711e-01,1.000838e-01,3.104614e-01,4.893050e-01,1.748437e-02,-1.037168e+00
5.386950e+00,-6.200123e-01,7.648286e-01,-3.455552e-01,-4.240666e-01,-7.565766e-01,2.134240e-01,4.042977e-01,3.938203e-01,-6.482730e-02,-9.452073e-01
5.243495e+00,-7.438299e-01,9.488369e-01,-3.104925e-01,-4.001301e-01,-7.301297e-01,2.923164e-01,5.095447e-01,4.225023e-01,-1.280636e-01,-1.084419e+00
5.287595e+00,-7.014474e-01,1.088657e+00,-4.349671e-01,-3.823404e-01,-6.520651e-01,2.802374e-01,3.961130e-01,4.449274e-01,-1.083060e-01,-9.690500e-01
5.445918e+00,-7.966491e-01,9.369951e-01,-4.556747e-01,-3.513940e-01,-7.661561e-01,2.297979e-01,3.673038e-01,4.708101e-01,-2.314327e-01,-8.946440e-01
5.462296e+00,-8.060755e-01,1.026793e+00,-5.299546e-01,-1.743320e-01,-6.680764e-01,1.484005e-01,2.567281e-01,5.655369e-01,-3.140587e-01,-8.393566e-01
5.363695e+00,-8.517175e-01,1.042741e+00,-4.756302e-01,-3.468835e-02,-5.736871e-01,9.363841e-02,3.443262e-01,5.980793e-01,-2.875790e-01,-9.959104e-01
5.478721e+00,-8.597859e-01,8.967483e-01,-3.731601e-01,-3.065728e-01,-6.765210e-01,1.019665e-01,2.765230e-01,4.871506e-01,-1.453577e-01,-8.504279e-01
5.651463e+00,-9.016137e-01,8.174296e-01,-4.166385e-01,-3.589521e-01,-5.935691e-01,1.555818e-01,2.571817e-01,4.030316e-01,-6.637792e-03,-9.216285e-01
5.567803e+00,-1.056381e+00,8.235321e-01,-2.460517e-01,-3.239725e-01,-4.737283e-01,2.656001e-01,3.503840e-01,2.876440e-01,-1.091932e-01,-9.193929e-01
5.695437e+00,-1.138533e+00,8.079555e-01,-2.432571e-01,-3.376073e-01,-5.923748e-01,1.875716e-01,2.818365e-01,3.596418e-01,-4.539879e-02,-9.448489e-01
5.848452e+00,-9.947715e-01,6.707903e-01,-3.253717e-01,-3.893664e-01,-5.085518e-01,1.474482e-01,1.972957e-01,3.745443e-01,-5.185412e-02,-9.988018e-01
5.938024e+00,-1.210313e+00,6.316537e-01,-5.243453e-02,-3.214465e-01,-3.941537e-01,-7.022957e-03,2.717046e-01,4.423196e-01,-2.527547e-01,-9.405902e-01
5.773000e+00,-1.280876e+00,8.054233e-01,-1.506196e-01,-2.242700e-01,-4.718765e-01,1.082146e-01,2.299835e-01,3.548811e-01,-5.489023e-02,-1.078730e+00
5.930429e+00,-1.361447e+00,9.381191e-01,-3.356470e-01,-4.137777e-01,-4.098700e-01,2.465845e-02,9.585389e-02,4.188412e-01,-3.090581e-02,-7.861160e-01
5.915318e+00,-1.524442e+00,9.681352e-01,-3.366204e-01,-3.500554e-01,-4.016117e-01,-1.039098e-02,2.928718e-01,3.570206e-01,-1.201094e-01,-8.600134e-01
5.904249e+00,-1.463614e+00,9.749514e-01,-4.412853e-01,-1.766021e-01,-2.649309e-01,1.456961e-01,2.374313e-01,2.726516e-01,-1.545202e-01,-8.614832e-01
6.092768e+00,-1.565609e+00,8.200591e-01,-3.739033e-01,-1.920916e-01,-3.661809e-01,-1.876812e-01,3.904859e-01,2.942460e-01,-7.569536e-02,-8.111208e-01
5.991632e+00,-1.358296e+00,7.861947e-01,-4.083856e-01,-2.705563e-01,-3.694477e-01,-1.212725e-01,4.391684e-01,3.237723e-01,-4.067324e-01,-6.836895e-01
5.928592e+00,-1.537684e+00,8.478439e-01,-4.148740e-01,7.087620e-02,-2.958420e-01,-1.612584e-01,3.155380e-01,3.155613e-01,-1.903919e-01,-9.206114e-01
5.965322e+00,-1.621483e+00,9.151939e-01,-2.993298e-01,-1.837966e-01,-3.322045e-01,-1.395115e-01,4.004814e-01,1.600460e-01,-1.266225e-01,-7.880602e-01
5.946196e+00,-1.576468e+00,8.206652e-01,-2.027875e-01,-4.070700e-01,-2.922389e-01,-1.691709e-01,2.111007e-01,3.518125e-01,-1.426088e-01,-5.658857e-01
6.023299e+00,-1.537840e+00,8.633162e-01,-4.302970e-01,-1.676348e-01,-2.766416e-01,-5.378917e-02,2.004459e-01,3.184971e-01,-9.552136e-02,-8.688832e-01
6.056313e+00,-1.501521e+00,6.847792e-01,-2.683676e-01,-1.368411e-01,-2.594425e-01,-4.401271e-02,3.328274e-01,2.893030e-01,-2.715778e-01,-8.398917e-01
6.229932e+00,-1.218563e+00,3.675296e-01,-3.796822e-01,1.289579e-02,-3.375076e-01,-3.463439e-01,2.629678e-01,5.805724e-01,-2.566618e-01,-8.673851e-01
6.328955e+00,-1.431583e+00,6.097492e-01,-2.948282e-01,-2.670449e-01,-3.489872e-01,3.942163e-02,1.982331e-01,3.653219e-01,-2.683124e-01,-8.983306e-01
6.021853e+00,-1.550013e+00,6.219447e-01,-8.494630e-02,-1.167005e-01,-3.011144e-01,7.943552e-02,1.008714e-01,3.205111e-01,-1.258475e-01,-9.717667e-01
6.003910e+00,-1.438512e+00,7.054127e-01,-2.825835e-01,-2.029987e-01,-3.453890e-01,-2.986992e-02,6.805252e-02,3.911209e-01,-8.861793e-02,-8.088637e-01
6.282767e+00,-1.603975e+00,8.036967e-01,-3.470215e-01,-1.756966e-01,-4.348066e-01,-1.490587e-01,2.371062e-01,4.252290e-01,-2.414201e-01,-7.150226e-01
6.044686e+00,-1.317639e+00,5.421753e-01,-3.871873e-01,1.295244e-01,-2.543294e-01,-3.452712e-01,3.472502e-01,5.357875e-01,-3.981446e-01,-8.540178e-01
5.945980e+00,-1.426686e+00,7.487644e-01,-3.878147e-01,-1.233718e-01,-3.230493e-01,-7.411213e-02,3.496171e-01,3.020713e-01,-3.125176e-01,-7.482118e-01
6.172814e+00,-1.621608e+00,7.939870e-01,-4.217055e-01,-1.421203e-01,-4.022804e-01,-1.375886e-01,2.335001e-01,3.524792e-01,-6.557242e-02,-7.857324e-01
6.102619e+00,-1.475717e+00,6.724207e-01,-2.538002e-01,-3.324062e-01,-1.670911e-01,-7.184737e-02,2.455035e-01,3.227608e-01,-3.073194e-01,-7.340592e-01
5.973322e+00,-1.484282e+00,6.723333e-01,-2.790396e-01,2.002340e-02,-2.439872e-01,-2.153052e-01,3.841641e-01,2.682942e-01,-2.571331e-01,-8.886606e-01
6.168439e+00,-1.296550e+00,5.806446e-01,-5.306165e-01,1.349525e-01,-3.691251e-01,-3.737958e-01,2.310760e-01,5.378059e-01,-1.993857e-01,-8.593793e-01
6.058257e+00,-1.365097e+00,6.621444e-01,-1.985330e-01,-3.655699e-01,-3.103738e-01,-1.216865e-01,2.777347e-01,3.090888e-01,-1.809777e-01,-7.869308e-01
6.069615e+00,-1.660251e+00,7.104316e-01,-7.497519e-02,-2.558481e-01,-1.280337e-01,-8.516554e-02,1.630008e-01,3.230489e-01,-3.720270e-02,-1.015830e+00
6.114064e+00,-1.543901e+00,7.392153e-01,-2.616105e-01,-2.683742e-01,-4.278394e-01,1.617262e-01,5.587056e-02,3.008172e-01,1.855949e-02,-9.755389e-01
6.164106e+00,-1.530155e+00,6.239717e-01,-2.098480e-01,-2.909170e-01,-3.785313e-01,-1.140748e-01,2.497264e-01,3.654755e-01,-1.021966e-01,-9.397770e-01
6.204621e+00,-1.443611e+00,5.616719e-01,-3.027759e-01,-8.133542e-02,-1.312151e-01,-2.489389e-01,2.626752e-01,4.691636e-01,-3.572721e-01,-9.236266e-01
6.016508e+00,-1.469994e+00,7.011554e-01,-2.993796e-01,-4.561036e-02,-4.147439e-01,4.601561e-02,2.090852e-01,3.148695e-01,-2.977398e-01,-8.050446e-01
6.091099e+00,-1.482896e+00,6.979197e-01,-3.422309e-01,-1.702746e-01,-3.551978e-01,-1.911173e-01,1.925658e-01,3.117959e-01,2.419381e-02,-7.820998e-01
6.044381e+00,-1.492577e+00,8.780697e-01,-3.835393e-01,-2.341371e-01,-3.360445e-01,-4.841522e-02,2.557269e-01,2.435384e-01,-1.629854e-01,-7.114669e-01
6.017756e+00,-1.608338e+00,7.281375e-01,-1.899413e-01,-6.201225e-02,-2.628986e-01,-1.048589e-01,1.749247e-01,5.006013e-01,-3.582288e-01,-7.686233e-01
6.132154e+00,-1.370700e+00,6.715867e-01,-5.116640e-01,-7.871205e-03,-3.112070e-01,-3.456478e-01,3.169827e-01,4.098711e-01,-1.572241e-01,-8.388818e-01
6.108422e+00,-1.496252e+00,7.886737e-01,-4.448972e-01,-1.865344e-01,-3.417955e-01,-1.590036e-01,3.477028e-01,3.662624e-01,-3.283539e-01,-7.917552e-01
6.013804e+00,-1.629039e+00,7.921699e-01,-3.060020e-01,-1.063019e-01,-1.768395e-01,-1.052613e-02,8.086339e-02,4.213595e-01,-2.280208e-01,-9.225942e-01
6.087679e+00,-1.548646e+00,7.634088e-01,-2.205319e-01,-3.418286e-01,-2.879866e-01,4.795387e-02,1.755041e-01,2.485584e-01,-1.772460e-01,-8.233815e-01
6.168547e+00,-1.501757e+00,6.128096e-01,-2.001932e-01,-2.345498e-01,-4.370802e-01,-1.133534e-01,1.986728e-01,3.714200e-01,-7.211870e-02,-8.983309e-01
6.187065e+00,-1.279983e+00,4.728886e-01,-2.258840e-01,-2.833023e-02,-3.993379e-01,-8.771877e-02,2.281175e-01,3.312637e-01,-1.340050e-01,-9.695829e-01
6.148372e+00,-1.396074e+00,5.068305e-01,-9.421628e-02,-1.520704e-01,-2.703572e-01,-1.839382e-01,3.062977e-01,3.838632e-01,-2.816813e-01,-8.471657e-01
6.156288e+00,-1.374330e+00,6.420122e-01,-3.741432e-01,-2.060467e-01,-2.664902e-01,-2.222652e-01,1.211317e-01,4.219756e-01,-1.920814e-02,-7.745717e-01
6.062468e+00,-1.441153e+00,7.461343e-01,-3.297131e-01,-3.064309e-01,-3.282290e-01,2.839467e-02,2.812776e-01,2.309735e-01,-2.157995e-01,-8.330855e-01
5.942316e+00,-1.529018e+00,6.848046e-01,-2.550880e-01,-4.422270e-02,-2.036714e-01,-1.508878e-01,2.985550e-01,3.265410e-01,-2.376195e-01,-9.540400e-01
6.159659e+00,-1.323430e+00,6.200972e-01,-4.328019e-01,-1.249713e-01,-2.057526e-01,-3.612726e-01,3.807038e-01,4.332780e-01,-4.766231e-01,-6.169913e-01
6.049753e+00,-1.419046e+00,7.318308e-01,-4.148620e-01,-1.189997e-01,-4.243862e-01,-1.768234e-01,3.444081e-01,3.606165e-01,-3.048113e-01,-7.639085e-01
5.881449e+00,-1.451677e+00,7.860691e-01,-3.163643e-01,-1.105588e-01,-2.022651e-01,-7.916536e-02,1.455686e-01,3.109391e-01,-1.137395e-01,-8.724255e-01
6.098178e+00,-1.599984e+00,8.681821e-01,-2.707708e-01,-2.687418e-01,-3.177060e-01,-6.290179e-02,2.492388e-01,3.255961e-01,-2.805837e-01,-6.749232e-01
6.153324e+00,-1.436105e+00,6.799868e-01,-3.297346e-01,-1.989109e-01,-3.883705e-01,-1.750800e-01,1.876462e-01,4.333459e-01,-1.440101e-01,-7.670167e-01
6.139099e+00,-1.261708e+00,5.771226e-01,-4.109018e-01,-5.521745e-02,-3.504840e-01,-1.981115e-02,2.704383e-01,3.304852e-01,-3.275676e-01,-9.009196e-01
6.170853e+00,-1.490588e+00,6.269124e-01,-2.794627e-01,-2.189426e-02,-3.655909e-01,4.837437e-02,1.384172e-01,4.067018e-01,-2.494000e-01,-9.659395e-01
6.223621e+00,-1.405866e+00,6.230716e-01,-2.669352e-01,-3.672395e-01,-2.839558e-01,4.412936e-02,-1.515598e-02,3.770885e-01,-3.489571e-02,-8.679820e-01
6.166932e+00,-1.618396e+00,8.688432e-01,-3.038147e-01,-3.353126e-01,-3.662749e-01,3.672876e-02,2.412140e-01,2.456532e-01,-1.870149e-01,-8.365094e-01
6.009404e+00,-1.551128e+00,7.852697e-01,-2.353314e-01,-1.054823e-01,-2.374959e-01,-8.175508e-03,1.138598e-01,3.450484e-01,-1.825837e-01,-8.607235e-01
6.092051e+00,-1.328685e+00,6.537606e-01,-3.109240e-01,-1.780805e-01,-3.825838e-01,-1.484877e-01,2.921417e-01,3.162777e-01,-2.319209e-01,-7.387075e-01
6.192660e+00,-1.454889e+00,7.669429e-01,-3.969250e-01,-1.992695e-01,-3.671994e-01,-2.319394e-01,3.612405e-01,3.495481e-01,-2.923248e-01,-6.704033e-01
5.954390e+00,-1.461209e+00,7.904401e-01,-3.695664e-01,-1.851489e-01,-1.529084e-01,-4.472479e-02,2.510837e-01,2.337664e-01,-2.590871e-01,-7.487244e-01
5.998221e+00,-1.558024e+00,7.956032e-01,-2.810614e-01,-2.499881e-01,-2.752710e-01,-6.122622e-02,3.242649e-01,2.021643e-01,-1.830617e-01,-8.640903e-01
6.028994e+00,-1.334070e+00,7.546938e-01,-4.783318e-01,-2.855550e-01,-2.282071e-01,-1.226652e-01,1.407629e-01,3.682059e-01,-1.450556e-01,-8.054537e-01
6.037524e+00,-1.397874e+00,7.283323e-01,-4.006173e-01,-1.552760e-01,-2.122127e-01,-2.028723e-01,2.987921e-01,3.860818e-01,-3.806106e-01,-7.920507e-01
6.046855e+00,-1.380548e+00,6.586101e-01,-2.537645e-01,-1.163782e-01,-1.558479e-01,-2.024344e-01,2.872274e-01,3.362630e-01,-2.761069e-01,-9.315403e-01
6.083564e+00,-1.382723e+00,6.845576e-01,-2.947196e-01,-2.263262e-01,-4.636646e-01,5.109880e-02,4.785015e-03,4.028290e-01,-4.632088e-02,-8.663342e-01
6.135093e+00,-1.472227e+00,6.644992e-01,-1.026795e-01,-3.972595e-01,-4.775628e-01,1.373485e-01,1.331340e-01,2.966128e-01,-1.050714e-01,-9.011629e-01
6.127618e+00,-1.469692e+00,6.465247e-01,-1.639434e-01,-2.593190e-01,-1.384449e-01,2.736569e-02,2.108768e-01,1.315808e-01,-3.500900e-02,-9.720911e-01
6.137042e+00,-1.384742e+00,5.594958e-01,-2.984778e-01,-5.883868e-02,-4.937030e-01,-3.678594e-02,2.362956e-01,4.005014e-01,-3.594812e-01,-7.201684e-01
6.179367e+00,-1.195336e+00,5.958007e-01,-4.953320e-01,-1.065420e-01,-4.128119e-01,-1.356127e-01,3.753386e-01,2.940625e-01,-3.736915e-01,-7.139033e-01
6.088107e+00,-1.523872e+00,7.141521e-01,-2.883584e-01,-1.219390e-01,-2.107631e-01,-1.626849e-01,2.948599e-01,2.791762e-01,-2.675621e-01,-7.958824e-01
6.016966e+00,-1.548786e+00,8.563189e-01,-3.188496e-01,-1.935525e-01,-2.473464e-01,-8.153580e-02,1.823534e-01,4.223797e-01,-3.949996e-01,-6.789737e-01
6.078809e+00,-1.388396e+00,8.542971e-01,-5.036142e-01,-2.447187e-01,-2.289801e-01,-2.564056e-01,1.676587e-01,3.927465e-01,-9.030135e-02,-7.583261e-01
6.076974e+00,-1.431341e+00,7.152213e-01,-3.704888e-01,-8.276049e-02,-3.319112e-01,-2.495658e-01,3.286381e-01,4.227332e-01,-3.523165e-01,-7.924625e-01
6.005815e+00,-1.352312e+00,7.413265e-01,-4.462266e-01,-2.832891e-02,-1.656788e-01,-1.621120e-01,3.067270e-01,3.594661e-01,-4.276816e-01,-7.646512e-01
6.217592e+00,-1.611013e+00,7.454955e-01,-2.931037e-01,-2.591752e-01,-3.034641e-01,-1.988908e-01,2.599757e-01,3.598630e-01,-1.873070e-01,-8.140381e-01
6.085385e+00,-1.454522e+00,7.220081e-01,-2.756020e-01,-3.266483e-01,-4.336312e-01,1.204571e-01,2.016280e-01,2.360187e-01,-1.867491e-01,-8.751802e-01
6.124396e+00,-1.510420e+00,6.312636e-01,-1.686488e-01,-1.038093e-01,-2.885578e-01,7.438334e-02,1.006757e-01,2.389423e-01,-5.754657e-02,-1.010573e+00
6.264368e+00,-1.405573e+00,4.655967e-01,-1.012885e-01,-1.581399e-01,-4.308357e-01,-9.721783e-02,2.818649e-01,2.688150e-01,-1.127580e-01,-9.436502e-01
6.169603e+00,-1.164371e+00,5.565354e-01,-3.678479e-01,-1.743153e-01,-4.033292e-01,-1.362004e-01,1.648521e-01,4.112409e-01,-1.536980e-01,-8.180012e-01
6.102607e+00,-1.615643e+00,7.776913e-01,-2.952185e-01,-4.992673e-02,-3.516177e-01,-1.110582e-01,1.869771e-01,3.698986e-01,-1.316100e-01,-9.205840e-01
5.933704e+00,-1.480353e+00,8.140681e-01,-2.836147e-01,-2.601816e-01,-2.516066e-01,1.047065e-02,2.156517e-01,2.342819e-01,-1.454986e-01,-8.641139e-01
6.138174e+00,-1.509731e+00,7.276810e-01,-2.948352e-01,-3.519216e-01,-2.390276e-01,-1.620722e-01,1.161395e-01,4.440327e-01,-1.701161e-01,-7.459687e-01
6.112334e+00,-1.548574e+00,7.885431e-01,-4.026977e-01,-1.473879e-01,-3.010961e-01,-1.440019e-01,2.918848e-01,3.785444e-01,-3.928554e-01,-7.673629e-01
5.966730e+00,-1.367843e+00,6.977512e-01,-4.057264e-01,4.320886e-02,-1.369913e-01,-2.266165e-01,2.555471e-01,3.961796e-01,-3.745261e-01,-8.684826e-01
6.084266e+00,-1.561977e+00,7.135479e-01,-2.593192e-01,-1.758746e-01,-3.770577e-01,-2.129280e-01,2.710418e-01,3.999217e-01,-2.601106e-01,-7.119239e-01
6.175271e+00,-1.550993e+00,9.158183e-01,-3.623666e-01,-3.621065e-01,-3.496074e-01,-2.251470e-02,1.575023e-01,3.754786e-01,-2.976327e-01,-5.903802e-01
5.913942e+00,-1.547015e+00,7.320343e-01,-1.864740e-01,-1.191651e-01,-2.271850e-01,-1.182755e-01,1.927344e-01,2.887510e-01,-6.518544e-02,-9.285338e-01
6.165576e+00,-1.468605e+00,6.820929e-01,-2.929395e-01,-1.178780e-01,-4.306511e-01,-2.420718e-02,1.915077e-01,3.241623e-01,-1.266746e-01,-8.981088e-01
6.389852e+00,-1.225393e+00,4.417354e-01,-3.758296e-01,-9.653592e-02,-3.726198e-01,-1.626541e-01,7.933137e-02,5.586539e-01,-1.826792e-01,-9.614969e-01
6.155674e+00,-1.456619e+00,4.224426e-01,-1.540164e-02,-1.971793e-01,-3.447120e-01,-1.551214e-02,1.747306e-01,3.114128e-01,-1.034205e-01,-1.084577e+00
6.048931e+00,-1.508465e+00,7.632468e-01,-2.530511e-01,-1.937209e-01,-2.731563e-01,8.211050e-02,1.541107e-01,1.943051e-01,-1.191136e-01,-9.386810e-01
6.120671e+00,-1.568803e+00,7.609337e-01,-3.346493e-01,-1.855673e-01,-4.144565e-01,-1.324005e-01,1.968980e-01,3.388165e-01,-7.490335e-02,-8.346999e-01
6.123048e+00,-1.408408e+00,6.623031e-01,-2.130716e-01,-3.337628e-01,-2.485394e-01,-2.208136e-01,3.185821e-01,3.566479e-01,-3.563660e-01,-6.420273e-01
6.022817e+00,-1.328737e+00,5.995027e-01,-4.058298e-01,2.355634e-01,-2.570589e-01,-3.729951e-01,3.864689e-01,4.292727e-01,-3.739124e-01,-8.816187e-01
6.020645e+00,-1.481629e+00,7.139740e-01,-3.197241e-01,-1.147752e-01,-3.782910e-01,-2.983809e-01,3.564237e-01,3.873759e-01,-2.796794e-01,-7.354583e-01
6.014567e+00,-1.369258e+00,7.556076e-01,-3.753815e-01,-3.648400e-01,-1.931602e-01,-1.777195e-01,2.508739e-01,3.018905e-01,-2.002997e-01,-7.705514e-01
6.057928e+00,-1.631577e+00,7.280973e-01,-2.240997e-01,-1.132670e-01,-1.824280e-01,-1.008925e-01,1.221648e-01,4.331945e-01,-3.103001e-01,-8.719263e-01
6.075391e+00,-1.413209e+00,7.501827e-01,-4.238033e-01,-1.024099e-01,-2.489918e-01,-1.421194e-01,2.734293e-01,3.078122e-01,-3.022246e-01,-8.506811e-01
6.128422e+00,-1.176770e+00,4.653007e-01,-4.219839e-01,-2.044792e-02,-3.656146e-01,-3.748348e-01,3.236394e-01,4.922290e-01,-2.653231e-01,-8.905723e-01
6.201307e+00,-1.510650e+00,5.671791e-01,-8.461585e-02,-2.049555e-01,-4.221775e-01,-1.868621e-03,1.254079e-01,4.127889e-01,-2.219804e-01,-8.471377e-01
6.126230e+00,-1.480155e+00,6.433781e-01,-1.098204e-01,-2.079170e-01,-3.483029e-01,1.362901e-01,4.611318e-02,2.652832e-01,-9.621781e-03,-9.606198e-01
6.134945e+00,-1.454975e+00,5.626782e-01,-9.385254e-02,-2.650181e-01,-5.339208e-01,6.100536e-03,1.211602e-01,3.193431e-01,-9.410260e-03,-8.470721e-01
6.106968e+00,-1.359224e+00,6.957279e-01,-3.929276e-01,-1.611926e-01,-4.217305e-01,-4.448616e-03,2.505171e-01,2.630010e-01,-2.725061e-01,-7.779182e-01
6.130712e+00,-1.469508e+00,5.755030e-01,-2.458020e-01,4.844081e-02,-1.567566e-01,-3.011383e-01,2.900995e-01,4.833516e-01,-4.669239e-01,-8.939439e-01
6.050842e+00,-1.479696e+00,7.325888e-01,-3.437014e-01,-1.657414e-01,-3.429250e-01,-1.161072e-01,2.595820e-01,3.200715e-01,-2.728648e-01,-7.941976e-01
6.064431e+00,-1.441084e+00,8.643534e-01,-5.293332e-01,-2.656424e-01,-2.354035e-01,-1.444825e-01,1.559865e-01,3.342333e-01,-6.107226e-02,-8.676587e-01
5.946329e+00,-1.607401e+00,8.345519e-01,-2.627577e-01,-1.941849e-01,-1.692942e-01,-1.571630e-01,1.546172e-01,3.987428e-01,-2.048465e-01,-8.386915e-01
5.985415e+00,-1.401074e+00,7.808146e-01,-2.918652e-01,-3.063549e-01,-1.402620e-01,-1.793549e-01,2.312962e-01,3.708673e-01,-3.139538e-01,-7.128682e-01
6.185285e+00,-1.385945e+00,6.709304e-01,-3.987972e-01,-7.823837e-02,-3.789538e-01,-4.066146e-01,3.715298e-01,4.155606e-01,-2.029894e-01,-8.578106e-01
5.993228e+00,-1.410051e+00,7.000814e-01,-3.317280e-01,-1.220439e-01,-3.852061e-01,-3.095173e-02,2.532196e-01,2.781256e-01,-3.053287e-01,-7.654814e-01
6.085341e+00,-1.489258e+00,6.254266e-01,-8.111005e-02,-2.952149e-01,-1.086110e-01,-5.384840e-02,1.678031e-01,2.528225e-01,-1.855271e-01,-8.401794e-01
6.231521e+00,-1.521092e+00,6.045201e-01,-1.281988e-01,-3.336483e-01,-4.573911e-01,6.939594e-02,1.831624e-01,1.842836e-01,-1.904671e-02,-8.804001e-01
6.099370e+00,-1.242483e+00,5.010530e-01,-2.042549e-01,-3.152491e-01,-4.437854e-01,1.489397e-01,9.125550e-02,2.754849e-01,-7.596217e-02,-9.441258e-01
6.086503e+00,-1.370538e+00,4.727916e-01,-1.126796e-01,-2.321112e-02,-2.641930e-01,-2.048963e-01,2.994330e-01,3.449742e-01,-1.940446e-01,-1.047533e+00
6.147310e+00,-1.373262e+00,7.394479e-01,-3.368228e-01,-2.477597e-01,-2.900266e-01,-1.260194e-01,1.774817e-01,4.589456e-01,-3.528506e-01,-7.172334e-01
5.976506e+00,-1.325817e+00,7.898735e-01,-4.302595e-01,-2.536308e-01,-3.008159e-01,-1.490888e-01,7.992257e-02,4.320371e-01,-1.029517e-01,-8.233014e-01
5.982778e+00,-1.577216e+00,8.495380e-01,-3.227447e-01,-1.707152e-01,-2.300544e-01,-6.711899e-02,2.308815e-01,2.249206e-01,-1.907602e-01,-8.537299e-01
6.035213e+00,-1.470870e+00,8.325742e-01,-4.128506e-01,-1.320728e-01,-2.150432e-01,-9.336355e-02,2.037729e-01,3.620218e-01,-3.634404e-01,-7.705886e-01
6.145912e+00,-1.324694e+00,6.321111e-01,-4.696930e-01,-3.893751e-02,-4.181504e-01,-3.162629e-01,4.275477e-01,4.424787e-01,-5.052889e-01,-6.663166e-01
6.170260e+00,-1.419156e+00,7.248752e-01,-4.480877e-01,-9.475132e-02,-3.735048e-01,-1.014497e-01,3.526989e-01,2.648921e-01,-3.681237e-01,-6.986274e-01
6.012299e+00,-1.510603e+00,7.954874e-01,-3.130062e-01,-5.523209e-02,-2.990639e-01,3.055225e-02,1.480186e-01,3.007347e-01,-2.106015e-01,-8.415649e-01
6.168801e+00,-1.484776e+00,7.703133e-01,-2.382264e-01,-3.725202e-01,-3.486752e-01,-6.877321e-02,2.193653e-01,2.779712e-01,-1.650766e-01,-7.188221e-01
6.220166e+00,-1.354141e+00,6.997017e-01,-3.544451e-01,-2.306319e-01,-3.496564e-01,-9.490464e-02,1.226860e-01,3.748622e-01,-1.381186e-01,-8.047027e-01
6.151898e+00,-1.294259e+00,4.505027e-01,-1.790559e-01,2.834694e-02,-3.415478e-01,-7.429499e-02,2.219093e-01,3.789099e-01,-3.213707e-01,-9.953237e-01
6.185600e+00,-1.363009e+00,5.794628e-01,-2.336471e-01,-2.050755e-01,-3.294206e-01,-5.564321e-02,2.158349e-01,2.524120e-01,-9.201664e-02,-1.044120e+00
6.136290e+00,-1.382296e+00,6.983196e-01,-3.297746e-01,-3.770838e-01,-3.273218e-01,1.443022e-02,1.315433e-01,3.176016e-01,-1.808425e-01,-8.038417e-01
6.028176e+00,-1.546660e+00,7.441401e-01,-2.222144e-01,-3.016760e-01,-1.895589e-01,-9.402983e-02,2.810756e-01,2.285727e-01,-2.460359e-01,-7.661034e-01
5.969874e+00,-1.394088e+00,7.627868e-01,-3.673561e-01,-1.215909e-01,-2.448189e-01,-7.037082e-02,2.291329e-01,2.761081e-01,-1.957827e-01,-9.041078e-01
6.102359e+00,-1.285338e+00,6.635734e-01,-3.761913e-01,-1.510857e-01,-4.690967e-01,-1.848924e-01,3.094102e-01,4.273331e-01,-3.993579e-01,-6.849650e-01
6.029682e+00,-1.395765e+00,7.259721e-01,-3.246534e-01,-2.162241e-01,-2.122698e-01,-3.171911e-01,3.255381e-01,3.260247e-01,-2.639372e-01,-6.868561e-01
5.884196e+00,-1.483124e+00,8.905964e-01,-3.195024e-01,-2.109438e-01,-1.531672e-01,-2.530630e-03,1.827324e-01,2.391352e-01,-2.668245e-01,-8.146068e-01
5.984257e+00,-1.480412e+00,7.849295e-01,-3.277983e-01,-2.367118e-01,-3.831660e-01,-1.564630e-02,1.301883e-01,3.440514e-01,-1.718414e-01,-8.292858e-01
6.077347e+00,-1.291811e+00,6.713487e-01,-4.013453e-01,-3.510698e-01,-1.558515e-01,-1.463315e-01,1.812871e-01,3.147018e-01,-1.498527e-01,-8.542698e-01
6.069430e+00,-1.436185e+00,6.232498e-01,-2.629655e-01,-5.733977e-02,-2.544336e-01,-1.361920e-01,2.907027e-01,3.484580e-01,-3.639863e-01,-8.664553e-01
6.198805e+00,-1.380121e+00,5.855854e-01,-2.929888e-01,-9.240591e-02,-3.887833e-01,-2.680366e-02,1.514092e-01,3.877771e-01,-2.112550e-01,-8.997560e-01
6.242142e+00,-1.374340e+00,6.485909e-01,-1.972935e-01,-3.947027e-01,-4.877587e-01,1.295681e-01,1.079412e-01,2.239678e-01,-4.247792e-02,-8.183403e-01
6.160538e+00,-1.622931e+00,7.032053e-01,-1.165593e-01,-1.780603e-01,-4.527489e-01,5.756268e-02,9.336472e-02,2.864111e-01,-4.683475e-02,-8.955484e-01
6.130527e+00,-1.542746e+00,8.357267e-01,-2.645139e-01,-2.446666e-01,-2.200791e-01,6.395407e-03,1.400186e-01,2.986576e-01,-2.361827e-01,-8.031627e-01
6.109825e+00,-1.435317e+00,7.007669e-01,-3.393692e-01,-1.906355e-01,-3.589843e-01,-2.624199e-01,3.395099e-01,3.791347e-01,-3.170592e-01,-7.934554e-01
6.154196e+00,-1.366045e+00,6.709977e-01,-5.155306e-01,-5.643125e-02,-2.374031e-01,-2.452904e-01,2.203859e-01,4.465572e-01,-3.170218e-01,-8.698904e-01
5.934273e+00,-1.499973e+00,8.191347e-01,-3.347344e-01,-1.245257e-01,-1.666988e-01,-5.128539e-02,2.057719e-01,3.278271e-01,-3.536106e-01,-8.298974e-01
6.094788e+00,-1.563867e+00,7.796523e-01,-3.136336e-01,-2.715612e-01,-2.165470e-01,-2.361996e-01,2.489042e-01,3.971030e-01,-2.117368e-01,-8.195884e-01
6.025114e+00,-1.317606e+00,7.737804e-01,-4.378033e-01,-2.565273e-01,-3.368103e-01,-1.218932e-01,2.208347e-01,2.934998e-01,-1.643525e-01,-7.399241e-01
5.977400e+00,-1.383215e+00,5.565513e-01,-2.188228e-01,1.246673e-01,-4.600418e-01,-1.623147e-01,2.994509e-01,3.640884e-01,-3.063948e-01,-8.081965e-01
6.127787e+00,-1.250361e+00,5.545689e-01,-3.204595e-01,-4.455225e-02,-2.829982e-01,-2.812837e-01,3.429694e-01,3.189599e-01,-2.654676e-01,-7.685661e-01
6.187127e+00,-1.443216e+00,6.473536e-01,-2.158912e-01,-3.212209e-01,-3.897721e-01,-1.180744e-01,2.681503e-01,2.725314e-01,-1.831287e-01,-7.705206e-01
6.094431e+00,-1.508287e+00,5.473890e-01,-1.140026e-01,-1.846052e-01,-4.133931e-01,1.005854e-01,2.127285e-02,3.775836e-01,-1.049884e-01,-1.001934e+00
6.022264e+00,-1.413604e+00,6.459511e-01,-1.412276e-01,-2.731500e-01,-2.248388e-01,7.906201e-02,1.790431e-01,2.005836e-01,-1.391380e-01,-1.045948e+00
6.294980e+00,-1.442172e+00,5.135370e-01,-1.983524e-01,-2.208287e-01,-3.422044e-01,-2.499956e-01,2.489491e-01,5.261612e-01,-3.271087e-01,-8.480513e-01
6.117058e+00,-1.242208e+00,6.522314e-01,-5.065876e-01,-7.780253e-02,-2.845389e-01,-2.051493e-01,1.071262e-01,5.079790e-01,-2.354331e-01,-8.247148e-01
5.964799e+00,-1.573337e+00,8.048722e-01,-2.258641e-01,-1.050307e-01,-1.809589e-01,-2.050537e-01,2.776929e-01,2.995574e-01,-1.835602e-01,-9.288924e-01
6.090734e+00,-1.560155e+00,8.093505e-01,-2.988373e-01,-1.932553e-01,-3.328233e-01,-1.706082e-01,1.818719e-01,3.718679e-01,-1.537225e-01,-7.332908e-01
6.138764e+00,-1.438582e+00,7.371434e-01,-3.136488e-01,-3.116877e-01,-3.645786e-01,-6.838437e-02,2.044195e-01,3.230636e-01,-3.009422e-01,-6.212032e-01
6.066838e+00,-1.517135e+00,6.113189e-01,-2.532434e-01,2.775634e-02,-2.894363e-01,-2.662037e-01,3.705184e-01,3.204461e-01,-3.175762e-01,-8.359606e-01
6.045969e+00,-1.324176e+00,7.200157e-01,-5.010673e-01,1.380318e-02,-2.979721e-01,-9.583067e-02,2.414385e-01,3.453237e-01,-3.628834e-01,-7.780667e-01
6.158668e+00,-1.549454e+00,7.023407e-01,-2.572481e-01,-2.904676e-01,-3.898031e-01,-1.476224e-01,2.766252e-01,3.404623e-01,-1.817030e-01,-8.028717e-01
6.031703e+00,-1.527471e+00,7.293078e-01,-2.323040e-01,-2.807125e-01,-2.247289e-01,-1.315519e-01,1.183961e-01,3.579496e-01,-6.273629e-02,-8.590784e-01
5.991592e+00,-1.566637e+00,8.289962e-01,-1.959359e-01,-1.914303e-01,-2.970576e-01,5.347421e-02,1.142275e-01,3.243000e-01,-1.740704e-01,-9.235674e-01
6.190736e+00,-1.410821e+00,5.798678e-01,-2.066434e-01,-1.593057e-01,-4.459408e-01,-1.622171e-01,1.630988e-01,3.594229e-01,4.922313e-02,-1.075743e+00
6.169399e+00,-1.118402e+00,4.229034e-01,-2.655035e-01,-2.636151e-01,-2.288753e-01,-1.570802e-01,1.109922e-01,4.331719e-01,-2.355204e-01,-8.865144e-01
6.107096e+00,-1.596705e+00,6.213503e-01,-9.269044e-02,-6.537402e-02,-3.340225e-01,-2.355126e-02,1.926952e-01,3.056044e-01,-2.027986e-01,-1.004892e+00
6.026588e+00,-1.456612e+00,7.161648e-01,-3.008544e-01,-2.593695e-01,-2.366955e-01,-9.851096e-02,2.323888e-01,2.072006e-01,-5.363444e-02,-9.285839e-01
6.007318e+00,-1.464845e+00,7.312855e-01,-3.068650e-01,-3.383315e-01,-3.495159e-01,-1.208960e-01,3.075008e-01,2.578087e-01,-1.857047e-01,-7.679951e-01
6.175893e+00,-1.611968e+00,7.183330e-01,-2.546571e-01,-1.156977e-01,-2.208931e-01,-2.573043e-01,2.640439e-01,4.155798e-01,-2.963341e-01,-7.599389e-01
5.983158e+00,-1.215466e+00,6.703847e-01,-4.250731e-01,-3.403471e-02,-2.433341e-01,-2.572659e-01,3.647692e-01,3.587004e-01,-3.934380e-01,-7.904316e-01
6.040538e+00,-1.493402e+00,7.829103e-01,-3.641608e-01,-9.057222e-02,-4.817351e-01,-2.511044e-01,2.734179e-01,4.069354e-01,-2.167795e-01,-7.544672e-01
6.164050e+00,-1.507631e+00,7.913640e-01,-3.803639e-01,-2.342337e-01,-1.605284e-01,-1.702810e-01,1.285143e-01,3.124021e-01,-1.194650e-01,-8.012990e-01
6.031025e+00,-1.576697e+00,7.589858e-01,-1.949887e-01,-1.080428e-01,-2.757699e-01,1.147970e-04,1.690428e-01,3.268706e-01,-3.037499e-01,-8.950700e-01
6.143309e+00,-1.360154e+00,6.043901e-01,-3.762592e-01,-1.105485e-01,-3.528233e-01,-1.768490e-01,2.539364e-01,3.705330e-01,-2.222123e-01,-8.595276e-01
6.386172e+00,-1.303626e+00,5.925359e-01,-5.600016e-01,3.256517e-02,-4.705807e-01,-1.637808e-01,3.542657e-01,3.350340e-01,-3.163376e-01,-8.421067e-01
6.231413e+00,-1.602749e+00,5.597332e-01,-2.701745e-02,-1.225374e-01,-3.712513e-01,1.393694e-02,1.305020e-01,4.374578e-01,-2.563009e-01,-9.623144e-01
6.128810e+00,-1.443187e+00,7.717649e-01,-2.944356e-01,-3.007201e-01,-2.969257e-01,3.276164e-02,9.628514e-02,2.831362e-01,-5.692288e-02,-8.978129e-01
6.157359e+00,-1.574195e+00,8.093507e-01,-2.705073e-01,-2.343664e-01,-5.038363e-01,-6.954029e-02,1.780338e-01,3.062018e-01,-7.778942e-02,-8.429731e-01
6.030675e+00,-1.404077e+00,6.726000e-01,-3.164911e-01,-9.455047e-02,-2.042026e-01,-2.110390e-01,1.783921e-01,3.903895e-01,-2.777310e-01,-7.963577e-01
6.042346e+00,-1.308882e+00,6.545111e-01,-3.302547e-01,-7.436416e-02,-1.783063e-01,-2.647466e-01,3.827819e-01,3.716175e-01,-5.272207e-01,-7.868181e-01
6.124272e+00,-1.446822e+00,6.728658e-01,-3.446634e-01,-1.833816e-01,-3.885260e-01,-1.694632e-01,2.976455e-01,3.367718e-01,-2.002563e-01,-8.365317e-01
5.999992e+00,-1.283733e+00,7.068438e-01,-4.686872e-01,-2.688645e-01,-1.953900e-01,-7.709056e-02,2.026268e-01,2.096894e-01,-8.574856e-02,-7.751490e-01
5.939949e+00,-1.514845e+00,6.835869e-01,-9.197654e-02,-2.475222e-01,-1.625932e-01,-1.097004e-01,2.941147e-01,3.178880e-01,-3.303913e-01,-8.027030e-01
6.105825e+00,-1.315861e+00,7.011362e-01,-3.860561e-01,-2.378741e-01,-2.533522e-01,-2.002628e-01,2.530063e-01,3.219172e-01,-1.823955e-01,-7.470972e-01
6.072793e+00,-1.249078e+00,5.951305e-01,-3.140371e-01,-1.620952e-01,-3.667629e-01,-3.002511e-01,3.404492e-01,3.606992e-01,-3.007011e-01,-7.625984e-01
5.913420e+00,-1.482441e+00,7.125571e-01,-1.763422e-01,-1.135471e-01,-2.905703e-01,-5.425205e-02,1.572328e-01,3.393773e-01,-2.397551e-01,-8.986944e-01
6.098485e+00,-1.482644e+00,7.941796e-01,-2.115090e-01,-3.971702e-01,-2.437861e-01,1.285698e-01,5.589669e-02,2.569555e-01,-1.442295e-01,-9.118824e-01
6.219941e+00,-1.560489e+00,6.909711e-01,-1.778140e-01,-4.244416e-01,-3.908613e-01,4.429485e-02,1.554652e-01,2.625356e-01,-4.461932e-02,-9.399926e-01
6.063805e+00,-1.319069e+00,6.432891e-01,-4.003023e-01,-1.690998e-01,-2.792193e-01,6.598111e-02,5.591122e-02,3.051646e-01,-6.694768e-02,-9.373008e-01
6.134161e+00,-1.372086e+00,6.091858e-01,-2.870930e-01,-4.065035e-02,-3.202724e-01,-9.623661e-02,3.225778e-01,3.738827e-01,-3.647918e-01,-9.869829e-01
6.161460e+00,-1.367905e+00,7.014167e-01,-3.696944e-01,-2.374601e-01,-3.262103e-01,-1.981244e-01,2.557179e-01,3.819096e-01,-2.655765e-01,-6.755681e-01
6.123570e+00,-1.498747e+00,8.318982e-01,-3.809405e-01,-1.898517e-01,-3.399177e-01,-1.258461e-01,1.833250e-01,2.773207e-01,-1.525550e-01,-6.676656e-01
5.969684e+00,-1.597570e+00,9.028801e-01,-2.658612e-01,-9.482041e-02,-3.017736e-01,-2.114857e-02,2.892650e-01,1.313547e-01,-1.799027e-01,-8.469663e-01
6.056254e+00,-1.367741e+00,7.798892e-01,-4.067056e-01,-2.556669e-01,-2.007437e-01,-1.350477e-01,1.671657e-01,3.501254e-01,-2.684384e-01,-7.122682e-01
6.225745e+00,-1.430717e+00,6.991930e-01,-4.654522e-01,-1.305370e-01,-3.397143e-01,-3.030709e-01,4.271134e-01,4.100284e-01,-4.944538e-01,-6.746308e-01
6.051127e+00,-1.422782e+00,6.975750e-01,-3.534173e-01,-1.230079e-01,-2.120567e-01,-1.111809e-01,2.873856e-01,2.990877e-01,-2.742471e-01,-8.788425e-01
6.017222e+00,-1.486911e+00,7.506199e-01,-2.767416e-01,-2.451081e-01,-3.191578e-01,4.853287e-02,1.657313e-01,3.447624e-01,-2.189727e-01,-9.383082e-01
6.179950e+00,-1.456702e+00,7.713494e-01,-2.900311e-01,-4.274001e-01,-3.068145e-01,-5.915456e-02,1.960678e-01,2.698401e-01,-1.376404e-01,-7.613168e-01
6.146044e+00,-1.305826e+00,5.463234e-01,-2.100203e-01,-1.841271e-01,-2.594502e-01,-1.183724e-01,4.332606e-02,3.766703e-01,-2.253206e-02,-9.230879e-01
6.009980e+00,-1.206540e+00,5.212935e-01,-2.427597e-01,9.835015e-02,-4.387649e-01,-1.201242e-01,3.459829e-01,3.277587e-01,-3.690898e-01,-1.000227e+00
6.195005e+00,-1.306750e+00,5.704659e-01,-2.893878e-01,-2.144604e-01,-3.277879e-01,-1.686663e-01,2.354210e-01,3.148941e-01,-1.740589e-01,-8.425225e-01
6.065375e+00,-1.439299e+00,6.189720e-01,-2.505437e-01,-2.870527e-01,-3.214877e-01,-1.044243e-01,2.577463e-01,2.663948e-01,-1.626956e-01,-7.976589e-01
5.945667e+00,-1.489845e+00,8.096176e-01,-2.817765e-01,-2.355259e-01,-1.935091e-01,3.453491e-02,2.651802e-01,2.218313e-01,-3.049765e-01,-8.151574e-01
6.038606e+00,-1.397715e+00,6.825617e-01,-3.817936e-01,-1.763459e-01,-2.794415e-01,-1.460047e-01,2.534553e-01,3.619365e-01,-2.229405e-01,-8.203804e-01
6.103097e+00,-1.254685e+00,5.769920e-01,-3.739496e-01,-1.250590e-01,-4.223895e-01,-2.700159e-01,4.092239e-01,3.729392e-01,-3.999429e-01,-7.156484e-01
6.137906e+00,-1.560002e+00,8.477325e-01,-3.952276e-01,-3.846227e-02,-1.922189e-01,-2.877359e-01,2.525351e-01,3.564193e-01,-2.078850e-01,-7.955483e-01
5.924830e+00,-1.518032e+00,8.475425e-01,-2.410496e-01,-2.190056e-01,-2.657664e-01,-1.087149e-01,2.050836e-01,3.588338e-01,-3.145167e-01,-7.348916e-01
6.105232e+00,-1.429524e+00,7.816737e-01,-3.822128e-01,-2.809802e-01,-3.304878e-01,-6.014523e-02,1.172931e-01,3.145505e-01,-1.157645e-01,-7.869089e-01
6.201702e+00,-1.520569e+00,6.703518e-01,-3.685510e-01,-1.198417e-01,-2.574225e-01,-1.816266e-01,1.896668e-01,3.491247e-01,-8.996077e-02,-9.276487e-01
6.120481e+00,-1.405019e+00,6.214095e-01,-2.208234e-01,-1.336917e-01,-2.537196e-01,-4.045934e-02,2.942822e-01,4.170495e-01,-5.472640e-01,-8.325681e-01
6.231240e+00,-1.382207e+00,5.177826e-01,-2.713157e-01,-2.067102e-01,-3.649731e-01,-5.173004e-02,1.301913e-01,3.670507e-01,-3.321656e-03,-1.054513e+00
6.186983e+00,-1.566330e+00,7.035307e-01,-1.988126e-01,-3.217850e-01,-4.218806e-01,2.748315e-02,1.220357e-01,3.008546e-01,-6.484618e-02,-8.752336e-01
5.957305e+00,-1.524151e+00,7.765906e-01,-1.596409e-01,-1.669776e-01,-3.301574e-01,1.106225e-01,6.170036e-02,2.919786e-01,-1.256493e-01,-8.480483e-01
6.152917e+00,-1.594928e+00,7.661532e-01,-1.771874e-01,-2.643199e-01,-2.575293e-01,-2.251112e-01,2.683150e-01,2.633913e-01,-7.357306e-02,-8.559399e-01
6.133075e+00,-1.387664e+00,7.410438e-01,-4.515912e-01,-9.656755e-02,-4.615116e-01,-1.543705e-01,2.912224e-01,3.515432e-01,-3.157482e-01,-7.466609e-01
6.001906e+00,-1.328149e+00,5.718159e-01,-3.988625e-01,4.068153e-02,-2.335541e-01,-2.538182e-01,1.992423e-01,4.579151e-01,-2.252479e-01,-8.862752e-01
6.032618e+00,-1.517289e+00,7.808025e-01,-3.004160e-01,-2.203889e-01,-1.742566e-01,-1.444475e-01,3.922114e-01,2.042907e-01,-2.526868e-01,-8.862588e-01
6.085385e+00,-1.491984e+00,7.781358e-01,-4.489563e-01,-2.381493e-01,-2.852317e-01,-1.307120e-01,1.669948e-01,3.939697e-01,-1.469707e-01,-7.792112e-01
6.007555e+00,-1.502817e+00,6.851913e-01,-2.707680e-01,-1.983225e-01,-2.865164e-01,-1.924782e-01,1.965439e-01,4.021557e-01,-1.725349e-01,-8.043674e-01
5.983961e+00,-1.413589e+00,7.165660e-01,-2.346445e-01,-7.195935e-02,-2.793037e-01,-1.374259e-01,3.792684e-01,2.589512e-01,-3.006768e-01,-9.311616e-01
6.232834e+00,-1.417306e+00,6.059511e-01,-2.935990e-01,-8.120408e-02,-3.444954e-01,-2.625216e-01,1.077378e-01,5.794073e-01,-2.741480e-01,-7.782759e-01
6.193308e+00,-1.484963e+00,6.633523e-01,-1.802749e-01,-3.430349e-01,-3.797338e-01,-3.192156e-02,1.710233e-01,2.731205e-01,-1.201801e-01,-8.329363e-01
6.103879e+00,-1.523046e+00,6.088908e-01,-9.589630e-02,-2.060320e-01,-2.502784e-01,3.535369e-02,8.189424e-02,3.079483e-01,-3.435910e-02,-1.040092e+00
6.170749e+00,-1.563861e+00,6.867205e-01,-2.832932e-01,-1.064712e-01,-4.400583e-01,3.783785e-02,1.976653e-01,3.413450e-01,-2.279747e-01,-8.750874e-01
6.235437e+00,-1.269428e+00,4.575052e-01,-3.282851e-01,-1.472048e-01,-4.095910e-01,-1.995942e-01,3.404668e-01,4.056982e-01,-3.359702e-01,-7.304780e-01
6.125890e+00,-1.314487e+00,5.023735e-01,-3.650918e-01,5.394071e-02,-2.332776e-01,-3.747229e-01,3.101268e-01,4.336387e-01,-2.011606e-01,-8.744944e-01
5.970346e+00,-1.496030e+00,9.024553e-01,-4.091088e-01,-7.564123e-02,-3.505802e-01,-7.893960e-03,2.839611e-01,2.581758e-01,-2.839048e-01,-8.180884e-01
6.010500e+00,-1.433564e+00,7.212620e-01,-2.877501e-01,-2.494934e-01,-2.696910e-01,-2.415525e-01,1.229125e-01,3.885680e-01,-4.260223e-02,-7.782793e-01
6.091904e+00,-1.570603e+00,7.485425e-01,-2.386247e-01,-2.537630e-01,-2.723563e-01,-2.219009e-01,2.540267e-01,3.239691e-01,-1.927138e-01,-7.740562e-01
5.964207e+00,-1.448876e+00,7.345124e-01,-3.064249e-01,-2.673956e-02,-1.969785e-01,-2.262388e-01,3.646757e-01,3.848551e-01,-4.435908e-01,-8.941423e-01
5.991268e+00,-1.361769e+00,6.150282e-01,-4.085030e-01,-7.369113e-02,-2.919502e-01,-2.603644e-01,3.157635e-01,3.839416e-01,-2.180429e-01,-9.169725e-01
6.206144e+00,-1.496501e+00,6.888934e-01,-2.618784e-01,-4.458742e-01,-2.546750e-01,-6.782113e-02,2.542514e-01,2.937202e-01,-2.454335e-01,-7.080610e-01
6.085434e+00,-1.548206e+00,6.896973e-01,-2.185320e-01,-1.611751e-01,-2.209556e-01,-2.905315e-02,8.857830e-02,3.710762e-01,-5.892869e-02,-9.687566e-01
6.028414e+00,-1.401336e+00,5.969532e-01,-1.301879e-01,-2.261739e-01,-4.575810e-01,1.160712e-01,1.613982e-01,2.569997e-01,-8.137928e-02,-9.736330e-01
6.240987e+00,-1.330000e+00,5.290287e-01,-2.383978e-01,-1.561802e-01,-4.273312e-01,-2.074403e-01,2.050536e-01,3.452380e-01,-4.878199e-02,-8.791984e-01
6.213960e+00,-1.412292e+00,5.330304e-01,-2.101064e-01,-8.037580e-02,-3.045527e-01,-2.011458e-01,1.455981e-01,4.680164e-01,-2.597180e-01,-7.892408e-01
6.013932e+00,-1.491873e+00,7.892947e-01,-2.138386e-01,-2.096757e-01,-3.183882e-01,1.157272e-01,2.106015e-01,2.106077e-01,-2.300047e-01,-9.344326e-01
6.133026e+00,-1.613564e+00,8.420989e-01,-4.485235e-01,-2.188250e-01,-2.728733e-01,-1.314124e-01,1.871185e-01,2.957987e-01,-5.512940e-03,-8.688828e-01
6.060243e+00,-1.579202e+00,8.054830e-01,-3.395880e-01,-3.561024e-01,-2.596013e-01,-8.185764e-02,2.635116e-01,3.158724e-01,-2.874099e-01,-6.812593e-01
5.995615e+00,-1.509218e+00,7.621737e-01,-3.050323e-01,-1.058421e-01,-1.458027e-01,-1.875886e-01,3.402578e-01,3.584031e-01,-3.055117e-01,-9.472358e-01
6.093357e+00,-1.391014e+00,7.073935e-01,-4.787765e-01,-5.988236e-03,-3.679505e-01,-2.167861e-01,2.583733e-01,5.025452e-01,-4.118631e-01,-7.077028e-01
6.061197e+00,-1.443082e+00,8.478766e-01,-4.373740e-01,-1.723988e-01,-3.885842e-01,-1.803865e-01,2.622343e-01,2.923820e-01,-1.902676e-01,-6.825120e-01
6.017751e+00,-1.484324e+00,7.233354e-01,-2.192837e-01,-1.834409e-01,-1.591396e-01,-1.534007e-01,1.092978e-01,3.645459e-01,-1.121609e-01,-8.600631e-01
5.959172e+00,-1.389768e+00,7.025415e-01,-1.686222e-01,-3.014977e-01,-3.292972e-01,1.188196e-01,1.642928e-01,2.659484e-01,-2.745978e-01,-8.225240e-01
6.236648e+00,-1.394483e+00,5.982044e-01,-3.979343e-01,-1.391892e-01,-3.957511e-01,-1.029407e-01,1.946232e-01,3.571822e-01,-6.412703e-02,-9.287352e-01
6.195903e+00,-1.225365e+00,3.449464e-01,-2.381840e-01,-8.949894e-02,-4.024313e-01,-7.659744e-02,2.574916e-01,3.768787e-01,-2.403132e-01,-9.212690e-01
6.081296e+00,-1.454582e+00,6.544493e-01,-1.556599e-01,-2.365641e-01,-2.925989e-01,1.185956e-01,1.945930e-01,3.927810e-01,-3.856256e-01,-8.832761e-01
6.183870e+00,-1.529817e+00,7.132382e-01,-2.605777e-01,-3.394940e-01,-2.675202e-01,-1.127638e-01,1.732845e-01,3.258045e-01,-8.382740e-02,-7.848394e-01
5.964300e+00,-1.405508e+00,7.428293e-01,-2.487690e-01,-2.813430e-01,-4.052216e-01,-7.011309e-02,2.605401e-01,2.004148e-01,-1.369461e-01,-7.183777e-01
5.953129e+00,-1.336787e+00,6.930907e-01,-2.814036e-01,-5.247697e-02,-1.667951e-01,-2.164351e-01,2.320108e-01,4.334569e-01,-3.934947e-01,-7.473516e-01
6.164168e+00,-1.317063e+00,6.399539e-01,-3.971939e-01,-1.033972e-01,-1.836367e-01,-4.070837e-01,4.990805e-01,3.065420e-01,-4.486243e-01,-6.690384e-01
6.006981e+00,-1.284170e+00,6.315990e-01,-4.247783e-01,-2.154420e-01,-3.062674e-01,-1.802015e-01,2.915600e-01,3.350490e-01,-1.779362e-01,-8.092748e-01
5.985623e+00,-1.493530e+00,8.231358e-01,-4.459470e-01,-1.486081e-01,-2.258776e-01,-3.693287e-02,2.061524e-01,3.060753e-01,-1.437520e-01,-9.002922e-01
6.135816e+00,-1.663768e+00,8.944938e-01,-3.258190e-01,-2.951953e-01,-1.837469e-01,-7.051913e-02,3.495592e-01,2.915261e-01,-3.193407e-01,-8.564232e-01
6.061293e+00,-1.251773e+00,6.028141e-01,-3.826972e-01,-2.525200e-01,-2.472987e-01,-1.857003e-01,1.581824e-01,4.441034e-01,-1.991139e-01,-7.564252e-01
6.199081e+00,-1.435356e+00,7.100802e-01,-4.187035e-01,6.426496e-02,-5.042798e-01,-1.109158e-01,2.340375e-01,3.579479e-01,-2.463008e-01,-8.018372e-01
6.042431e+00,-1.454207e+00,7.239341e-01,-9.957995e-02,-2.272658e-01,-2.647133e-01,1.243682e-02,2.315537e-01,2.175174e-01,-1.592293e-01,-9.705948e-01
6.154468e+00,-1.446131e+00,6.135917e-01,-1.246686e-01,-3.462210e-01,-4.344600e-01,1.544345e-01,5.592476e-02,2.461576e-01,-5.929466e-02,-7.746103e-01
6.281552e+00,-1.613751e+00,7.122861e-01,-2.880533e-01,-2.386895e-01,-4.728666e-01,4.857532e-02,1.947043e-01,2.904175e-01,-1.227821e-01,-7.922692e-01
6.092560e+00,-1.361282e+00,7.386547e-01,-4.446120e-01,-9.098212e-02,-2.149535e-01,2.076255e-02,2.523604e-01,2.369380e-01,-1.478587e-01,-9.651289e-01
6.170617e+00,-1.374876e+00,5.580856e-01,-3.575005e-01,-1.076210e-01,-2.709349e-01,-1.873037e-01,2.868887e-01,5.087420e-01,-4.215015e-01,-8.255172e-01
6.143286e+00,-1.450014e+00,8.138247e-01,-4.684254e-01,-2.868546e-01,-2.142603e-01,-2.115549e-01,2.166194e-01,4.013611e-01,-2.138896e-01,-7.208001e-01
5.915358e+00,-1.585436e+00,9.200225e-01,-3.196760e-01,-2.185013e-01,-2.225132e-01,-1.238133e-01,2.041974e-01,2.939704e-01,-1.624118e-01,-7.958077e-01
5.923599e+00,-1.624551e+00,9.423993e-01,-2.456700e-01,-2.187151e-01,-2.461651e-01,-8.785038e-02,2.498288e-01,2.700631e-01,-2.019918e-01,-8.929614e-01
6.060390e+00,-1.394410e+00,8.212955e-01,-4.628335e-01,-2.806910e-01,-2.170008e-01,-1.488372e-01,1.730038e-01,3.206721e-01,-1.746176e-01,-7.021598e-01
6.146938e+00,-1.428338e+00,5.634640e-01,-3.427334e-01,-7.026874e-02,-3.236596e-01,-3.158502e-01,3.988087e-01,4.306156e-01,-3.759276e-01,-7.351836e-01
6.043033e+00,-1.361072e+00,6.912618e-01,-3.324235e-01,-1.116913e-01,-2.530052e-01,2.923555e-02,3.531534e-01,1.920017e-01,-2.131622e-01,-9.692695e-01
6.115294e+00,-1.445937e+00,4.834999e-01,-1.261463e-01,-2.864855e-01,-4.443390e-01,1.025092e-01,1.555575e-01,3.048949e-01,-8.231990e-02,-8.904238e-01
6.198120e+00,-1.448613e+00,5.431485e-01,-1.475797e-01,-3.271211e-01,-3.842182e-01,-1.908044e-02,1.702257e-01,2.558495e-01,4.650703e-02,-9.222480e-01
6.113649e+00,-1.362156e+00,6.370941e-01,-1.930639e-01,-2.227223e-01,-1.551760e-01,-7.334571e-02,1.761564e-01,2.613885e-01,-6.647904e-02,-9.711042e-01
5.942369e+00,-1.278662e+00,5.210220e-01,-2.480303e-01,4.386735e-02,-3.799058e-01,-2.860590e-01,3.091017e-01,4.487363e-01,-3.126441e-01,-9.134429e-01
6.155064e+00,-1.335442e+00,7.082777e-01,-4.191703e-01,-2.581602e-01,-2.362750e-01,-2.033560e-01,1.929976e-01,3.778294e-01,-1.721075e-01,-7.721848e-01
6.143901e+00,-1.705608e+00,7.809230e-01,-2.388266e-01,-2.554514e-01,-2.189589e-01,-1.963613e-01,2.926027e-01,3.830024e-01,-2.546116e-01,-7.557411e-01
5.927393e+00,-1.539793e+00,8.230152e-01,-3.109485e-01,-2.263752e-01,-1.689011e-01,-5.499614e-02,3.105587e-01,3.365973e-01,-3.437630e-01,-8.253392e-01
6.088737e+00,-1.418252e+00,6.586662e-01,-4.277582e-01,-2.019966e-01,-2.822518e-01,-1.719818e-01,2.926505e-01,3.549511e-01,-2.239182e-01,-7.277575e-01
6.233461e+00,-1.428754e+00,5.515853e-01,-4.386118e-01,1.556827e-01,-4.859291e-01,-3.231988e-01,4.043115e-01,4.968991e-01,-4.468884e-01,-6.736477e-01
5.916517e+00,-1.274422e+00,6.992899e-01,-2.962610e-01,-1.669073e-01,-9.666422e-02,-1.593815e-01,3.032333e-01,3.385875e-01,-3.834346e-01,-7.352673e-01
6.006344e+00,-1.579563e+00,7.437458e-01,-2.313877e-01,-1.355530e-01,-3.758203e-01,-1.886569e-01,2.261022e-01,3.307775e-01,-9.621509e-02,-8.234194e-01
6.157908e+00,-1.433769e+00,6.884310e-01,-2.981121e-01,-2.841034e-01,-3.363081e-01,-4.468122e-02,6.709175e-02,3.695171e-01,-2.283381e-02,-8.421641e-01
5.964419e+00,-1.347367e+00,5.210857e-01,-1.390043e-01,-1.951288e-01,-2.602850e-01,-5.204696e-02,2.055805e-01,3.421046e-01,-9.948420e-02,-9.810479e-01
6.185613e+00,-1.374423e+00,3.745880e-01,-1.282334e-01,-9.479389e-02,-3.369100e-01,-1.330688e-01,3.111832e-01,4.298892e-01,-2.611506e-01,-1.026439e+00
6.212529e+00,-1.382131e+00,6.120590e-01,-3.818604e-01,-2.630558e-01,-3.339530e-01,-3.372904e-02,1.880897e-01,3.276678e-01,-5.343702e-02,-9.130909e-01
5.976430e+00,-1.586644e+00,6.481488e-01,-1.546596e-01,-1.855246e-01,-3.942932e-01,-4.385529e-02,2.079727e-01,3.585312e-01,-1.225270e-01,-8.743731e-01
5.909665e+00,-1.439445e+00,7.903378e-01,-2.499744e-01,-2.369033e-01,-2.077220e-01,4.884254e-02,2.078936e-01,2.395449e-01,-1.782143e-01,-8.522062e-01
6.099965e+00,-1.560203e+00,7.401351e-01,-2.506664e-01,-2.149345e-01,-2.890741e-01,-2.816801e-01,2.610982e-01,3.405284e-01,-1.306229e-01,-6.831486e-01
6.046956e+00,-1.374721e+00,5.941776e-01,-3.128042e-01,-1.112804e-01,-2.740827e-01,-3.822142e-01,3.047464e-01,5.078340e-01,-3.113323e-01,-7.464622e-01
5.964633e+00,-1.442523e+00,8.528463e-01,-4.786446e-01,-9.063947e-03,-1.966339e-01,-1.324003e-01,2.835779e-01,3.691262e-01,-2.368131e-01,-9.643936e-01
6.182671e+00,-1.729032e+00,7.526949e-01,-2.674171e-01,-2.636148e-01,-1.773751e-01,-2.284706e-01,2.871447e-01,3.998429e-01,-2.106588e-01,-7.797365e-01
5.976125e+00,-1.344411e+00,7.077322e-01,-3.952478e-01,-4.185224e-01,-1.596994e-01,-7.215730e-02,1.564867e-01,3.519549e-01,-1.367912e-01,-6.955932e-01
6.153276e+00,-1.706601e+00,7.992363e-01,-2.921062e-01,-8.207705e-02,-3.592576e-01,-3.473579e-02,2.542294e-01,3.235860e-01,-1.380732e-01,-9.138393e-01
6.084604e+00,-1.396001e+00,5.442464e-01,-2.307895e-01,-1.563050e-02,-4.259299e-01,-2.699888e-02,2.638908e-01,3.398192e-01,-2.320836e-01,-8.798768e-01
6.176624e+00,-1.304479e+00,4.510806e-01,-1.365194e-01,-2.032282e-01,-4.281936e-01,-1.327098e-01,1.552955e-01,4.264554e-01,-1.614491e-01,-7.407809e-01
6.192946e+00,-1.564719e+00,5.389346e-01,-1.922653e-02,-2.131142e-01,-4.752498e-01,2.418963e-03,1.338809e-01,3.464303e-01,-2.056401e-02,-9.135321e-01
5.922014e+00,-1.399822e+00,8.226838e-01,-3.494352e-01,-1.608088e-01,-2.702658e-01,1.817624e-01,8.403261e-02,3.049995e-01,-1.675070e-01,-8.922987e-01
6.030767e+00,-1.533260e+00,6.282090e-01,-2.671145e-01,-2.311672e-01,-2.925465e-01,-1.572822e-01,2.266937e-01,4.307640e-01,-1.851215e-01,-8.027037e-01
6.159955e+00,-1.359762e+00,6.173782e-01,-4.993196e-01,-9.443699e-02,-2.639927e-01,-2.435198e-01,2.764203e-01,4.801453e-01,-2.803153e-01,-8.117066e-01
5.929441e+00,-1.353061e+00,6.462305e-01,-3.537649e-01,-2.509876e-02,-1.768715e-01,-2.136240e-01,3.423809e-01,4.990636e-01,-4.198631e-01,-9.400712e-01
5.873393e+00,-1.473468e+00,6.797278e-01,-2.816033e-01,-1.842639e-01,-2.310104e-01,-2.307675e-01,3.337026e-01,3.130202e-01,-1.673022e-01,-8.359018e-01
6.064580e+00,-1.385747e+00,7.742344e-01,-3.572634e-01,-3.461734e-01,-2.192848e-01,-1.492135e-01,1.661337e-01,2.902973e-01,-6.886942e-02,-6.696705e-01
6.001178e+00,-1.526551e+00,6.460323e-01,-1.137973e-01,-1.610813e-01,-3.478490e-01,-1.613621e-01,3.090367e-01,3.431213e-01,-2.298107e-01,-7.384029e-01
6.102944e+00,-1.365619e+00,6.716059e-01,-4.019895e-01,2.219928e-02,-2.731601e-01,-2.300614e-01,4.874055e-01,2.149615e-01,-2.915982e-01,-8.124892e-01
6.170022e+00,-1.431015e+00,5.687359e-01,-3.895474e-01,-4.083843e-02,-4.728796e-01,-1.598720e-01,3.446397e-01,3.895175e-01,-2.470307e-01,-7.541072e-01
6.132489e+00,-1.475451e+00,5.294257e-01,-1.645675e-01,-3.016200e-01,-3.225331e-01,2.991524e-03,1.881486e-01,3.582875e-01,-1.439453e-01,-8.250473e-01
6.080431e+00,-1.452700e+00,6.988564e-01,-2.010912e-01,-3.388052e-01,-1.244309e-01,1.411967e-01,1.436661e-01,2.724909e-01,-7.560691e-02,-1.087526e+00
6.107630e+00,-1.521909e+00,6.023181e-01,-2.354615e-01,-1.704835e-01,-4.401528e-01,4.185331e-02,7.322075e-02,4.170126e-01,-5.109020e-02,-9.512924e-01
6.143757e+00,-1.284169e+00,6.693560e-01,-4.360041e-01,-1.725199e-01,-2.644134e-01,-1.988046e-01,1.811084e-01,4.215908e-01,-1.810086e-01,-8.096363e-01
6.060563e+00,-1.531762e+00,7.599958e-01,-2.556427e-01,-6.719462e-02,-2.833022e-01,-1.725806e-01,3.004063e-01,4.344134e-01,-3.328049e-01,-8.681946e-01
5.958953e+00,-1.497745e+00,7.574537e-01,-2.920617e-01,-1.942714e-01,-3.083638e-01,2.754701e-03,1.650637e-01,3.277511e-01,-1.945181e-01,-7.390617e-01
6.004168e+00,-1.476031e+00,8.315745e-01,-4.938357e-01,-2.434251e-01,-3.497046e-01,-3.004595e-02,2.513903e-01,2.461077e-01,-4.924369e-02,-7.429982e-01
6.008102e+00,-1.579141e+00,7.308581e-01,-2.733661e-01,-2.296549e-01,-2.873216e-01,-7.366051e-02,3.589409e-01,3.063084e-01,-2.875221e-01,-6.983157e-01
6.133961e+00,-1.431563e+00,7.473869e-01,-4.649908e-01,-1.071457e-01,-1.849861e-01,-3.232932e-02,3.025273e-01,3.616445e-01,-3.908367e-01,-7.624748e-01
6.150906e+00,-1.475381e+00,6.628113e-01,-4.094459e-01,-9.921458e-02,-3.446590e-01,-2.874492e-01,4.319835e-01,2.979382e-01,-1.578308e-01,-8.339970e-01
5.887575e+00,-1.315139e+00,6.996368e-01,-3.189432e-01,-2.748325e-01,-2.451221e-01,-9.871710e-02,1.685988e-01,3.286692e-01,-1.251345e-01,-7.240055e-01
6.001290e+00,-1.507430e+00,8.062420e-01,-1.491611e-01,-3.428439e-01,-7.426171e-02,-5.091518e-02,2.007090e-01,2.827431e-01,-1.303029e-01,-9.024254e-01
6.084427e+00,-1.495921e+00,6.008673e-01,-7.577380e-02,-3.980947e-01,-2.779034e-01,-7.528006e-03,1.531973e-01,2.727443e-01,-1.054310e-02,-8.663496e-01
6.036225e+00,-1.173161e+00,4.309446e-01,-2.738389e-01,-2.650754e-01,-3.488279e-01,-1.232715e-02,1.562644e-01,3.415487e-01,4.270392e-02,-9.936126e-01
6.136533e+00,-1.372432e+00,5.029096e-01,-1.786305e-01,-1.704849e-01,-2.572609e-01,-1.283152e-01,4.498601e-01,3.468166e-01,-3.345134e-01,-9.334965e-01
6.077925e+00,-1.452247e+00,6.312559e-01,-2.985914e-01,-2.691364e-01,-1.722498e-01,-3.339828e-02,2.531497e-01,3.347961e-01,-2.548843e-01,-7.668751e-01
5.936210e+00,-1.395060e+00,6.721782e-01,-2.670538e-01,-3.761635e-01,-2.965101e-01,-7.262023e-02,2.570347e-01,2.945289e-01,-1.298652e-01,-7.091612e-01
5.955505e+00,-1.518238e+00,8.329137e-01,-3.279963e-01,-1.783418e-01,-3.663810e-01,-1.083472e-02,2.590516e-01,2.657075e-01,-1.938566e-01,-7.195360e-01
5.929142e+00,-1.381366e+00,7.517340e-01,-3.653772e-01,-2.672704e-02,-1.806820e-01,-1.877550e-01,2.633049e-01,3.999826e-01,-2.910465e-01,-8.334837e-01
6.097124e+00,-1.293327e+00,6.183073e-01,-4.462019e-01,-6.187628e-02,-3.245703e-01,-3.035440e-01,3.702259e-01,4.590129e-01,-4.336737e-01,-5.844394e-01
6.017208e+00,-1.335395e+00,6.518295e-01,-4.722115e-01,-1.074735e-01,-3.304077e-01,-9.764322e-02,1.883051e-01,4.092265e-01,-1.037028e-01,-7.796528e-01
5.944135e+00,-1.514817e+00,8.078541e-01,-3.020875e-01,-2.119788e-01,-2.206143e-01,7.005738e-02,3.126798e-01,2.909886e-01,-2.609538e-01,-8.882052e-01
6.072857e+00,-1.541156e+00,6.705793e-01,-3.227373e-01,-2.402829e-01,-2.934789e-01,-1.766144e-02,2.354319e-01,3.744712e-01,-2.603754e-01,-7.027430e-01
6.184564e+00,-1.348563e+00,5.190272e-01,-3.030637e-01,-1.938142e-01,-3.259177e-01,-1.737598e-01,2.422424e-01,4.647045e-01,-2.382574e-01,-7.361664e-01
6.038969e+00,-1.259353e+00,5.170341e-01,-2.028244e-01,-8.221635e-02,-3.829259e-01,-5.235042e-02,3.954603e-01,2.620803e-01,-2.948506e-01,-8.797704e-01
6.101490e+00,-1.455908e+00,5.826154e-01,-1.314576e-01,-1.567287e-01,-3.076550e-01,3.106046e-02,3.887373e-02,3.811842e-01,-3.208166e-02,-9.375901e-01
6.101767e+00,-1.511329e+00,7.315622e-01,-1.909716e-01,-4.421242e-01,-3.120917e-01,-1.836688e-02,1.788612e-01,3.107824e-01,-9.084332e-02,-7.374838e-01
6.010213e+00,-1.532095e+00,7.206634e-01,-2.830599e-01,-2.612195e-01,-2.604446e-01,-1.072337e-01,2.589085e-01,3.673027e-01,-1.181478e-01,-8.335005e-01
5.927655e+00,-1.381668e+00,6.511421e-01,-3.667511e-01,-4.199686e-02,-1.939597e-01,-8.098326e-02,2.960995e-01,4.085424e-01,-2.416054e-01,-1.001143e+00
6.143487e+00,-1.370874e+00,5.732238e-01,-4.667247e-01,-9.497501e-02,-3.153485e-01,-1.775238e-01,3.293650e-01,4.392147e-01,-3.201119e-01,-7.618236e-01
6.048383e+00,-1.413079e+00,6.112643e-01,-3.130815e-01,-2.936781e-01,-9.902852e-02,-3.107000e-01,2.864711e-01,3.802289e-01,-1.197298e-01,-7.133732e-01
5.726264e+00,-1.444849e+00,8.286413e-01,-2.628783e-01,-1.853668e-01,-3.007805e-01,9.532161e-02,3.123407e-01,2.044262e-01,-2.847565e-01,-7.488442e-01
5.989371e+00,-1.576300e+00,6.929966e-01,-1.851946e-01,-1.864835e-01,-2.885650e-01,-1.612971e-01,2.629698e-01,2.614559e-01,-3.876663e-02,-7.854443e-01
6.024002e+00,-1.411811e+00,6.704314e-01,-3.025757e-01,-2.446590e-01,-3.218411e-01,-2.053693e-01,2.688283e-01,4.210157e-01,-2.133885e-01,-6.180574e-01
5.972733e+00,-1.342126e+00,5.631191e-01,-2.620737e-01,-1.268364e-01,-2.747315e-01,-1.753003e-01,3.526490e-01,4.886146e-01,-4.071420e-01,-7.484480e-01
5.991937e+00,-1.429548e+00,5.461344e-01,-2.451835e-01,-1.507919e-01,-2.046198e-01,-1.289348e-02,1.486128e-01,3.823384e-01,-6.889801e-03,-1.047520e+00
6.131163e+00,-1.487206e+00,5.908896e-01,-1.646134e-01,-4.595924e-01,-3.834322e-01,1.971681e-01,7.530587e-02,3.613769e-01,-5.646237e-02,-8.819703e-01
6.094772e+00,-1.497793e+00,5.512729e-01,-1.557795e-01,-2.743734e-01,-2.965322e-01,3.786848e-02,3.568892e-03,5.192967e-01,-6.084667e-02,-9.237493e-01
5.893487e+00,-1.404302e+00,6.484980e-01,-2.136904e-01,-1.473181e-01,-1.912679e-01,-1.089102e-02,2.313863e-01,3.629399e-01,-2.697305e-01,-8.810445e-01
6.103252e+00,-1.382942e+00,5.363173e-01,-2.964813e-01,-5.516442e-02,-2.950302e-01,-3.499391e-01,3.315802e-01,4.803182e-01,-3.111745e-01,-6.972626e-01
6.117239e+00,-1.433048e+00,6.521777e-01,-3.823891e-01,-8.223682e-02,-3.713193e-01,-2.131928e-01,2.395558e-01,4.260918e-01,-9.855912e-02,-7.096140e-01
5.848845e+00,-1.460440e+00,6.924726e-01,-1.464447e-01,-2.502055e-01,-2.982022e-01,3.786594e-02,3.411327e-01,3.104495e-01,-3.336321e-01,-6.746459e-01
5.992424e+00,-1.579889e+00,6.602608e-01,-3.171290e-01,-1.378876e-01,-2.305326e-01,-1.600590e-01,2.963145e-01,3.494635e-01,-9.298990e-02,-8.022083e-01
6.052594e+00,-1.433034e+00,6.759709e-01,-3.963600e-01,-2.549200e-01,-3.374180e-01,-9.350209e-02,3.311700e-01,3.669308e-01,-2.275358e-01,-7.073018e-01
5.955784e+00,-1.286995e+00,4.867015e-01,-3.642874e-01,7.577112e-02,-3.226042e-01,-2.696803e-01,4.262369e-01,4.738230e-01,-3.621719e-01,-8.692772e-01
5.999754e+00,-1.480471e+00,6.621207e-01,-3.236951e-01,-8.736561e-02,-8.550573e-02,-2.300338e-01,2.859913e-01,4.070357e-01,-2.241949e-01,-8.654176e-01
6.099153e+00,-1.583564e+00,7.750459e-01,-2.810179e-01,-2.831696e-01,-2.965143e-01,-1.509890e-01,2.377775e-01,3.395358e-01,-5.049781e-02,-8.321008e-01
5.936448e+00,-1.323655e+00,4.794793e-01,-1.341848e-01,-2.420709e-01,-3.222462e-01,-7.566626e-02,6.834937e-02,4.522376e-01,1.233743e-01,-1.026502e+00
6.063068e+00,-1.417990e+00,5.547000e-01,-6.701599e-02,-2.425305e-01,-2.470678e-01,3.781927e-02,3.253688e-01,2.466489e-01,-1.384847e-01,-9.700993e-01
6.243025e+00,-1.349787e+00,3.256895e-01,-2.685637e-01,4.532923e-03,-3.746908e-01,-2.625819e-01,3.923892e-01,4.409993e-01,-2.093655e-01,-8.442117e-01
6.110067e+00,-1.412206e+00,5.500799e-01,-3.102239e-01,-2.076492e-01,-3.688593e-01,-4.832230e-02,2.234345e-01,4.454211e-01,-1.794404e-01,-7.586653e-01
5.989594e+00,-1.660579e+00,7.953123e-01,-2.440943e-01,-1.700873e-01,-2.975805e-01,3.795602e-03,3.988513e-01,2.240007e-01,-1.855348e-01,-8.671617e-01
6.085248e+00,-1.619176e+00,6.907967e-01,-2.854177e-01,-1.717693e-01,-1.596913e-01,-1.114587e-01,1.575117e-01,4.069816e-01,-1.218498e-01,-7.566803e-01
5.972381e+00,-1.405954e+00,7.281102e-01,-3.185898e-01,-2.938556e-01,-3.167307e-01,-1.304840e-01,2.673018e-01,3.800337e-01,-2.304136e-01,-6.193043e-01
6.063967e+00,-1.422598e+00,6.778389e-01,-4.495421e-01,7.188705e-02,-3.015066e-01,-3.118585e-01,2.939653e-01,5.827215e-01,-2.872530e-01,-8.265819e-01
5.887219e+00,-1.445829e+00,7.433425e-01,-3.704533e-01,-6.414663e-02,-1.690847e-01,-1.333444e-01,2.714165e-01,4.045217e-01,-2.318298e-01,-8.048199e-01
5.982371e+00,-1.539704e+00,6.658077e-01,-2.743835e-01,-2.965946e-01,-2.984879e-01,-1.081659e-01,2.696753e-01,4.018274e-01,-1.493417e-01,-7.243463e-01
6.043259e+00,-1.501320e+00,6.763777e-01,-3.438178e-01,-2.626551e-01,-2.315229e-01,-5.569918e-02,1.387178e-01,4.707525e-01,-1.117474e-01,-7.604621e-01
5.837133e+00,-1.431813e+00,6.534802e-01,-1.831937e-01,-2.219052e-01,-2.493938e-01,1.065219e-01,3.392265e-01,2.402527e-01,-2.438072e-01,-8.858275e-01
6.106132e+00,-1.344071e+00,3.590727e-01,-1.919657e-01,-9.087857e-02,-3.516836e-01,-7.579795e-02,1.610789e-01,4.644895e-01,-1.184991e-01,-9.050313e-01
6.120533e+00,-1.368290e+00,5.369442e-01,-1.547331e-01,-3.223096e-01,-3.926391e-01,4.184374e-03,1.772041e-01,3.598611e-01,-6.948714e-02,-8.347343e-01
5.928336e+00,-1.489794e+00,5.632924e-01,7.595331e-02,-4.001608e-01,-2.185011e-01,-4.137526e-02,2.594585e-01,3.446258e-01,-8.920196e-02,-9.251487e-01
5.837733e+00,-1.453345e+00,7.072701e-01,-3.089594e-01,-1.555139e-01,-2.294535e-01,-6.230915e-03,1.125111e-01,3.610294e-01,-7.245728e-03,-8.327326e-01
6.050167e+00,-1.487947e+00,7.256597e-01,-3.564313e-01,-3.366804e-01,-2.741671e-01,-1.235626e-01,3.524962e-01,3.077068e-01,-1.159732e-01,-7.512713e-01
6.037353e+00,-1.269399e+00,4.681198e-01,-3.308683e-01,-1.651272e-01,-9.187279e-02,-3.544529e-01,4.209333e-01,4.357576e-01,-2.216567e-01,-8.104942e-01
5.897076e+00,-1.333947e+00,6.087461e-01,-3.621273e-01,-8.231630e-02,-1.791260e-01,-1.037407e-01,4.627329e-01,2.889107e-01,-3.757085e-01,-7.989998e-01
5.957919e+00,-1.502391e+00,6.553937e-01,-3.229852e-01,-1.911554e-01,-3.131744e-01,-1.553293e-01,3.345402e-01,3.479081e-01,-1.686799e-01,-7.318674e-01
5.954487e+00,-1.425569e+00,7.070674e-01,-2.718351e-01,-3.722539e-01,-1.779370e-01,-1.389702e-01,2.452012e-01,3.450557e-01,-1.363460e-01,-6.228510e-01
5.897514e+00,-1.536035e+00,7.649243e-01,-1.663985e-01,-2.239826e-01,-2.447372e-01,1.196132e-02,2.805412e-01,3.793832e-01,-3.225166e-01,-7.636213e-01
6.004270e+00,-1.356977e+00,6.213243e-01,-4.612875e-01,1.978306e-02,-2.727549e-01,-2.349282e-01,2.578326e-01,4.730591e-01,-1.777581e-01,-7.891015e-01
6.126306e+00,-1.379954e+00,6.170275e-01,-3.466339e-01,-2.557223e-01,-3.703851e-01,-7.913045e-02,3.367847e-01,4.125325e-01,-2.511998e-01,-7.535870e-01
6.090825e+00,-1.512427e+00,5.912289e-01,-1.803031e-01,-2.103495e-01,-3.537148e-01,1.629524e-01,1.340897e-01,4.459854e-01,-1.451578e-01,-9.678157e-01
6.103486e+00,-1.468278e+00,5.829371e-01,-2.544075e-01,-2.529499e-01,-2.316189e-01,1.826187e-01,1.006225e-01,3.226109e-01,-5.206794e-02,-9.353697e-01
6.019349e+00,-1.364340e+00,5.598043e-01,-3.002575e-01,-1.939709e-01,-4.708612e-01,5.188527e-02,2.519171e-01,3.131962e-01,-8.235660e-02,-8.091939e-01
6.041709e+00,-1.181053e+00,5.066904e-01,-4.324297e-01,-8.782959e-03,-3.139195e-01,-1.856832e-01,3.276933e-01,4.324603e-01,-2.725772e-01,-6.977202e-01
5.941777e+00,-1.452439e+00,6.405825e-01,-2.160776e-01,-4.424684e-02,-3.068982e-01,-4.793601e-02,3.467986e-01,4.115520e-01,-4.313145e-01,-6.795724e-01
5.912793e+00,-1.444255e+00,6.932119e-01,-2.979031e-01,-2.661087e-01,-2.638939e-01,-1.458346e-01,3.043217e-01,2.896588e-01,-3.807873e-02,-7.150461e-01
5.939810e+00,-1.508106e+00,8.165019e-01,-3.611219e-01,-3.907678e-01,-2.003803e-01,-1.175966e-01,3.381187e-01,2.960979e-01,-9.359606e-02,-6.685577e-01
5.796201e+00,-1.509511e+00,7.579011e-01,-2.522264e-01,-2.633424e-01,-1.411392e-01,-2.410580e-02,3.561866e-01,3.685144e-01,-3.247274e-01,-7.949875e-01
6.052512e+00,-1.348669e+00,5.675923e-01,-4.133461e-01,-2.320122e-01,-2.782864e-02,-2.206977e-01,2.880276e-01,4.751539e-01,-3.045857e-01,-7.298779e-01
5.990375e+00,-1.412292e+00,6.416418e-01,-3.574165e-01,-2.062891e-01,-3.221249e-01,-2.035835e-01,3.987563e-01,4.079720e-01,-2.237746e-01,-7.885627e-01
5.862296e+00,-1.322505e+00,6.786599e-01,-3.261383e-01,-2.616118e-01,-1.603595e-01,8.745345e-04,1.957646e-01,3.505834e-01,-1.128210e-01,-8.630746e-01
5.976868e+00,-1.495366e+00,5.475556e-01,-1.982275e-02,-3.216151e-01,-1.606200e-01,9.609876e-03,1.993072e-01,2.490405e-01,2.960559e-02,-8.776320e-01
6.159836e+00,-1.474898e+00,6.111235e-01,-1.825844e-01,-2.976726e-01,-5.191485e-01,1.814654e-01,1.115874e-01,3.262392e-01,8.803045e-03,-7.559512e-01
5.953159e+00,-1.205042e+00,4.572653e-01,-2.833172e-01,-1.399855e-01,-4.246337e-01,4.535837e-02,2.006376e-01,4.047408e-01,-5.456983e-02,-8.561546e-01
5.992193e+00,-1.478785e+00,5.336386e-01,-1.734260e-01,-6.621890e-02,-2.790199e-01,-5.583033e-02,4.209026e-01,3.804208e-01,-3.105830e-01,-8.863009e-01
6.064260e+00,-1.470300e+00,6.948743e-01,-4.064748e-01,-3.352188e-01,-1.746226e-01,5.049420e-02,1.011962e-01,5.052772e-01,-3.160073e-01,-5.652489e-01
5.917613e+00,-1.592027e+00,8.180817e-01,-3.860475e-01,-2.067975e-01,-4.082066e-01,4.724504e-02,1.763670e-01,4.419071e-01,-1.695297e-01,-6.908541e-01
5.856519e+00,-1.532024e+00,8.298607e-01,-3.166253e-01,-2.373282e-01,-1.593344e-01,1.055189e-02,3.299846e-01,2.514145e-01,-1.962480e-01,-8.134259e-01
5.996136e+00,-1.488609e+00,6.852235e-01,-3.942237e-01,-4.037883e-02,-1.925428e-01,-2.122941e-01,2.138299e-01,5.469702e-01,-3.056006e-01,-6.487951e-01
6.171973e+00,-1.445140e+00,6.609284e-01,-4.178295e-01,-8.103659e-02,-3.453817e-01,-3.554154e-01,4.117542e-01,5.760788e-01,-3.837779e-01,-6.123694e-01
5.920790e+00,-1.319945e+00,6.756156e-01,-4.301580e-01,-1.366145e-01,-2.231869e-01,-8.635748e-02,2.880022e-01,3.333145e-01,-4.671686e-02,-8.209168e-01
5.950043e+00,-1.635273e+00,6.677798e-01,-2.166342e-01,-1.308719e-01,-2.767297e-01,5.243642e-02,2.092403e-01,4.410276e-01,-2.113029e-01,-7.873492e-01
6.115408e+00,-1.490660e+00,6.673576e-01,-3.035954e-01,-4.374290e-01,-1.864214e-01,-4.338552e-02,3.147186e-01,2.992978e-01,-1.278699e-01,-7.330012e-01
6.082952e+00,-1.386777e+00,4.292257e-01,-1.753193e-01,-1.693835e-01,-3.743570e-01,-6.793614e-02,2.895251e-01,4.061752e-01,-9.448104e-02,-9.345267e-01
5.952917e+00,-1.340525e+00,3.987957e-01,-1.354421e-01,2.357893e-02,-3.676533e-01,2.486216e-03,3.569355e-01,3.954374e-01,-3.223533e-01,-9.598225e-01
6.043546e+00,-1.390352e+00,5.386454e-01,-2.439608e-01,-2.211729e-01,-2.371096e-01,-8.293659e-02,1.964884e-01,2.965504e-01,9.874938e-02,-8.971222e-01
6.051826e+00,-1.562515e+00,6.471983e-01,-1.468020e-01,-3.274987e-01,-3.641029e-01,-8.347338e-02,2.142743e-01,4.636535e-01,-9.357390e-02,-6.984511e-01
5.845146e+00,-1.388137e+00,7.227278e-01,-3.557594e-01,-1.698073e-01,-1.902232e-01,-3.218907e-02,3.019667e-01,3.316175e-01,-1.575452e-01,-7.601455e-01
5.937796e+00,-1.390779e+00,4.581577e-01,-3.114221e-01,-2.954221e-03,-2.060399e-01,-2.865395e-01,3.930267e-01,4.898780e-01,-2.281773e-01,-8.299963e-01
6.055100e+00,-1.354576e+00,5.886171e-01,-4.676262e-01,-8.297754e-02,-3.828737e-01,-1.840950e-01,4.092453e-01,5.194816e-01,-3.903764e-01,-6.512822e-01
5.984012e+00,-1.520358e+00,7.324775e-01,-4.017868e-01,-1.998386e-01,-8.989438e-02,-2.014968e-01,3.105153e-01,4.097751e-01,-1.853446e-01,-7.469395e-01
5.800360e+00,-1.671323e+00,7.495241e-01,-2.198665e-01,-1.467344e-01,-1.825502e-01,-2.156571e-02,2.724512e-01,3.687502e-01,-2.279684e-01,-7.915022e-01
6.049341e+00,-1.565276e+00,8.256891e-01,-4.071944e-01,-2.605281e-01,-2.915016e-01,-1.752505e-03,1.555152e-01,3.834618e-01,-5.052034e-02,-7.590867e-01
6.046571e+00,-1.535951e+00,6.130440e-01,-1.941661e-01,-2.019155e-01,-3.366809e-01,-2.246967e-01,3.111832e-01,5.467706e-01,-1.784939e-01,-7.585375e-01
5.932175e+00,-1.346893e+00,4.944989e-01,-1.505262e-01,-1.222770e-01,-2.195739e-01,-7.179398e-02,3.442288e-01,4.566317e-01,-3.528495e-01,-7.572014e-01
6.131242e+00,-1.455235e+00,4.193379e-01,-1.693856e-01,-1.918419e-01,-3.621920e-01,1.053488e-01,7.670812e-02,4.234498e-01,7.427931e-02,-8.965775e-01
6.010118e+00,-1.455246e+00,4.985738e-01,-1.193444e-01,-3.540970e-01,-4.027512e-01,5.849875e-02,2.491553e-01,3.163146e-01,6.535940e-02,-8.797300e-01
6.014271e+00,-1.437607e+00,5.786282e-01,-2.458431e-01,-2.287990e-01,-1.612723e-01,5.295074e-02,1.791384e-01,3.426067e-01,-5.252148e-02,-8.976883e-01
5.984999e+00,-1.605137e+00,5.845090e-01,-2.514797e-01,-2.809462e-02,-2.352231e-01,-1.619449e-01,3.489196e-01,4.037601e-01,-1.857044e-01,-8.356355e-01
5.992545e+00,-1.332625e+00,6.798092e-01,-4.779979e-01,-1.191640e-01,-3.397199e-01,-1.866906e-01,3.312765e-01,5.217160e-01,-3.193115e-01,-6.926487e-01
5.862895e+00,-1.465641e+00,6.705191e-01,-2.729003e-01,-2.087006e-01,-2.088396e-01,-2.195413e-01,3.062850e-01,4.521715e-01,-5.282958e-02,-8.311552e-01
5.832371e+00,-1.690425e+00,8.212060e-01,-2.168729e-01,-1.854565e-01,-1.824010e-01,-2.633401e-02,2.738963e-01,3.967556e-01,-2.115973e-01,-7.139276e-01
5.865632e+00,-1.476295e+00,7.407564e-01,-4.310595e-01,-2.516499e-01,-2.103519e-01,-8.398985e-02,1.962451e-01,4.534185e-01,-6.542227e-02,-7.479648e-01
5.898443e+00,-1.483921e+00,5.870675e-01,-2.543205e-01,-2.013085e-01,-3.297230e-01,-1.653475e-01,3.705112e-01,4.605257e-01,-1.797696e-01,-7.729832e-01
6.034680e+00,-1.318833e+00,5.273977e-01,-3.939496e-01,5.235157e-02,-2.233016e-01,-1.043293e-01,4.281259e-01,4.042372e-01,-3.951827e-01,-8.078303e-01
6.101513e+00,-1.504580e+00,5.032264e-01,-2.908077e-01,-7.219235e-02,-2.109191e-01,-2.145518e-01,3.683692e-01,3.452417e-01,-6.968367e-02,-8.365687e-01
6.097905e+00,-1.457985e+00,5.771144e-01,-1.579441e-01,-3.797019e-01,-3.379971e-01,-2.333621e-02,2.714245e-01,3.313414e-01,2.661927e-03,-7.992518e-01
6.109501e+00,-1.521846e+00,6.141052e-01,-2.518173e-01,-9.528486e-02,-4.015983e-01,1.752821e-01,3.722263e-02,4.625661e-01,5.375036e-02,-9.418920e-01
6.045333e+00,-1.599497e+00,5.618952e-01,-1.215183e-01,-1.076953e-01,-3.003370e-01,-8.487894e-02,3.045570e-01,4.141201e-01,-1.193298e-01,-8.417366e-01
6.118100e+00,-1.224649e+00,4.849331e-01,-4.433819e-01,-8.877531e-02,-3.634933e-01,-1.746765e-01,3.634841e-01,5.300106e-01,-3.057435e-01,-7.160148e-01
6.011055e+00,-1.551403e+00,6.488300e-01,-3.204882e-01,-1.396557e-01,-2.823586e-01,-1.441337e-01,3.375295e-01,4.530704e-01,-1.621124e-01,-8.164319e-01
5.781183e+00,-1.556667e+00,7.610300e-01,-3.115656e-01,-1.745900e-01,-1.497486e-01,4.072084e-02,3.530147e-01,2.667100e-01,-2.219940e-01,-8.104596e-01
5.974420e+00,-1.541721e+00,7.106963e-01,-4.211629e-01,-1.495154e-01,-2.685063e-01,-4.872488e-02,1.801519e-01,4.871075e-01,-1.551226e-01,-7.375237e-01
6.070938e+00,-1.523644e+00,6.729377e-01,-3.204064e-01,-2.109713e-01,-2.958073e-01,-2.149695e-01,4.000808e-01,4.595036e-01,-2.541261e-01,-6.549212e-01
5.930766e+00,-1.242254e+00,5.824444e-01,-5.038962e-01,9.277860e-02,-1.321787e-01,-2.969793e-01,4.676227e-01,4.228664e-01,-2.581836e-01,-8.533094e-01
5.885322e+00,-1.454970e+00,5.823648e-01,-2.627058e-01,-1.192100e-01,-2.446442e-01,-1.784151e-01,2.917929e-01,4.562020e-01,-1.425476e-01,-7.219770e-01
6.106656e+00,-1.552724e+00,8.076006e-01,-3.600153e-01,-4.006289e-01,-2.926390e-01,-9.333292e-03,3.388742e-01,2.754633e-01,-4.489081e-02,-6.907344e-01
5.935721e+00,-1.502663e+00,5.606216e-01,-1.255995e-01,-3.184241e-01,-1.837429e-01,4.651755e-03,2.259556e-01,3.861334e-01,-4.434651e-02,-8.874158e-01
5.875828e+00,-1.446586e+00,4.583562e-01,-1.181611e-01,-1.689102e-01,-3.238758e-01,1.868562e-01,2.406669e-01,2.848534e-01,-9.020523e-02,-9.523397e-01
6.107765e+00,-1.242986e+00,4.184409e-01,-2.993876e-01,-2.374083e-01,-2.708001e-01,-8.853020e-02,2.817406e-01,4.280945e-01,-1.163049e-01,-8.719001e-01
6.037534e+00,-1.485088e+00,5.480134e-01,-1.500714e-01,-3.289246e-01,-2.570518e-01,-8.353852e-02,3.229800e-01,3.996839e-01,-1.333827e-01,-7.818132e-01
5.906268e+00,-1.562328e+00,7.637931e-01,-2.629883e-01,-1.973524e-01,-2.198159e-01,1.497494e-01,2.318238e-01,3.067445e-01,-1.472571e-01,-7.943005e-01
5.979239e+00,-1.592725e+00,7.804157e-01,-3.511579e-01,-2.305676e-01,-2.411065e-01,-1.361901e-01,2.975057e-01,3.551062e-01,-2.372018e-03,-7.474410e-01
5.845010e+00,-1.385434e+00,7.378483e-01,-3.960902e-01,-2.942192e-01,-2.831305e-01,-1.007066e-01,3.453005e-01,4.166670e-01,-1.943067e-01,-6.163746e-01
5.998010e+00,-1.377208e+00,6.353051e-01,-4.564124e-01,-4.250491e-02,-7.500975e-02,-1.769226e-01,3.200867e-01,4.983979e-01,-2.828695e-01,-8.292561e-01
5.909567e+00,-1.507856e+00,6.684902e-01,-4.317107e-01,-5.787968e-02,-2.508223e-01,-4.722620e-02,3.473878e-01,3.860046e-01,-2.521906e-01,-7.593079e-01
5.902439e+00,-1.456518e+00,7.543993e-01,-3.845927e-01,-3.443860e-01,-2.699577e-01,-3.227665e-02,3.145590e-01,3.601399e-01,-1.292232e-01,-7.333138e-01
6.043102e+00,-1.672261e+00,7.874052e-01,-3.137015e-01,-2.414278e-01,-2.672024e-01,2.991184e-02,3.182620e-01,2.828803e-01,-4.613585e-02,-8.213044e-01
5.851730e+00,-1.481833e+00,5.684857e-01,-1.248337e-01,-2.153576e-01,-2.313252e-01,8.045417e-02,2.772202e-01,3.215079e-01,-1.677081e-01,-7.602308e-01
6.104051e+00,-1.310993e+00,5.921151e-01,-4.325521e-01,-1.255708e-01,-3.052380e-01,-2.229651e-01,4.446882e-01,2.840582e-01,4.419052e-02,-8.889860e-01
6.110229e+00,-1.368382e+00,5.005045e-01,-2.400126e-01,-1.682044e-01,-4.535868e-01,5.153491e-03,3.535370e-01,3.437685e-01,-6.535866e-02,-8.315719e-01
5.940554e+00,-1.417817e+00,4.782304e-01,-1.051906e-01,-2.395726e-01,-1.147268e-01,4.088532e-02,2.063239e-01,4.268042e-01,-1.357168e-01,-9.001806e-01
6.010610e+00,-1.471704e+00,5.985757e-01,-2.675892e-01,-3.638891e-01,-1.390072e-01,-2.013002e-02,3.075223e-01,3.030280e-01,-6.595066e-02,-8.072607e-01
6.056287e+00,-1.541983e+00,7.340029e-01,-4.020895e-01,-2.069747e-01,-3.661979e-01,-1.736433e-02,2.836206e-01,4.199420e-01,-1.111327e-01,-8.135951e-01
5.896692e+00,-1.294911e+00,5.896125e-01,-4.767857e-01,-1.482760e-02,-1.290290e-01,-1.899205e-01,4.185198e-01,4.496578e-01,-3.287437e-01,-7.846643e-01
5.945298e+00,-1.494162e+00,5.631801e-01,-1.788973e-01,-2.799993e-01,-1.495307e-02,-3.211730e-01,5.091063e-01,3.796099e-01,-3.049692e-01,-6.630736e-01
5.824981e+00,-1.388428e+00,7.430012e-01,-4.022782e-01,-2.367427e-01,-3.459005e-01,-9.779880e-02,2.801834e-01,4.400520e-01,-4.271887e-02,-7.133879e-01
5.872212e+00,-1.527398e+00,7.846115e-01,-3.092239e-01,-2.933646e-01,-2.362765e-01,-5.996906e-02,4.191323e-01,2.359879e-01,-6.733050e-02,-7.038693e-01
5.895648e+00,-1.532770e+00,5.575948e-01,-1.588052e-01,-1.854856e-01,-8.540469e-02,-1.706201e-01,4.370065e-01,3.291187e-01,-1.792565e-01,-7.499661e-01
6.122496e+00,-1.281475e+00,5.356319e-01,-5.060945e-01,-5.463765e-02,-3.709198e-01,-4.440006e-02,3.502561e-01,4.538860e-01,-3.002240e-01,-6.823249e-01
5.999548e+00,-1.399050e+00,4.958046e-01,-2.777053e-01,-1.394007e-01,-3.508816e-01,-1.264475e-01,4.048959e-01,3.677998e-01,-1.017330e-01,-8.394795e-01
5.895579e+00,-1.423730e+00,5.446243e-01,-2.383004e-01,-1.677021e-01,-1.128068e-01,4.903698e-02,2.000071e-01,3.638339e-01,7.604518e-03,-1.001989e+00
6.095228e+00,-1.584975e+00,5.786830e-01,-8.945988e-02,-3.753284e-01,-3.260567e-01,2.328206e-01,3.950378e-02,4.628516e-01,-7.537410e-02,-7.798073e-01
5.979644e+00,-1.511703e+00,6.857131e-01,-2.629783e-01,-2.907403e-01,-3.657536e-01,-4.076638e-02,2.096703e-01,4.598471e-01,7.560245e-02,-8.618654e-01
5.926437e+00,-1.370696e+00,6.202550e-01,-3.165923e-01,-1.626131e-01,-1.855866e-01,-8.632814e-02,3.464642e-01,4.013938e-01,-1.896830e-01,-7.873653e-01
5.990961e+00,-1.616481e+00,6.132101e-01,-2.724341e-01,-5.764988e-02,-2.396483e-01,-1.461423e-01,3.604906e-01,4.870151e-01,-2.375107e-01,-7.883897e-01
5.899892e+00,-1.388253e+00,6.287732e-01,-2.961207e-01,-4.294606e-01,-1.357460e-01,-1.184721e-01,2.666995e-01,4.952782e-01,-1.843876e-01,-6.737068e-01
5.944029e+00,-1.664079e+00,7.730079e-01,-3.192908e-01,-2.137753e-01,-2.911152e-01,-1.523297e-02,3.676841e-01,2.925928e-01,-1.188367e-01,-6.990337e-01
5.901028e+00,-1.600382e+00,6.462007e-01,-2.907140e-01,-7.101251e-02,-1.283992e-01,-6.919852e-02,3.544427e-01,2.887064e-01,-6.319700e-02,-8.486156e-01
5.936265e+00,-1.308944e+00,5.938213e-01,-4.014146e-01,-1.974861e-01,-2.525747e-01,-1.223456e-01,3.506925e-01,4.423428e-01,-2.424239e-01,-6.590128e-01
6.038691e+00,-1.453756e+00,5.380205e-01,-2.788538e-01,-1.416008e-01,-2.635779e-01,-3.784367e-01,4.810024e-01,4.977051e-01,-1.327387e-01,-7.577751e-01
5.769725e+00,-1.362731e+00,5.735610e-01,-2.097840e-01,-1.848927e-01,-1.345420e-01,-1.803943e-02,2.604169e-01,3.499508e-01,-1.392392e-02,-8.903029e-01
5.878198e+00,-1.590745e+00,6.218753e-01,-1.802413e-01,-2.437865e-01,-3.301474e-01,8.179945e-02,2.096124e-01,3.846479e-01,1.806562e-02,-9.044189e-01
6.211390e+00,-1.624944e+00,6.633771e-01,-2.351524e-01,-3.851975e-01,-2.493679e-01,-2.023648e-02,1.721556e-01,4.886105e-01,-1.875512e-02,-8.074678e-01
5.855534e+00,-1.325982e+00,4.234325e-01,-1.902060e-01,-1.413244e-01,-3.085641e-01,6.567509e-02,3.230396e-01,3.336415e-01,-1.534502e-01,-8.863364e-01
5.957435e+00,-1.449841e+00,3.814216e-01,-2.442917e-01,1.176961e-01,-3.289842e-01,-1.172886e-01,3.713677e-01,5.178655e-01,-2.936194e-01,-9.000065e-01
6.005964e+00,-1.384707e+00,6.347367e-01,-3.506107e-01,-2.872970e-01,-3.047733e-01,-4.925968e-02,3.345296e-01,3.597956e-01,-5.466305e-02,-7.700802e-01
6.001256e+00,-1.633075e+00,6.530365e-01,-1.896854e-01,-2.783207e-01,-2.413850e-01,-1.606131e-01,3.564499e-01,4.134937e-01,-4.843986e-02,-7.308100e-01
5.742050e+00,-1.416231e+00,6.445952e-01,-3.511315e-01,-2.896222e-02,-1.051201e-01,-1.036437e-01,2.224219e-01,4.432767e-01,-5.201254e-02,-8.404385e-01
5.931613e+00,-1.378993e+00,5.996151e-01,-4.289863e-01,-7.554607e-02,-3.252414e-01,-1.589415e-01,3.762406e-01,5.106569e-01,-2.687173e-01,-6.873097e-01
6.087776e+00,-1.464420e+00,5.070591e-01,-3.161070e-01,-8.567417e-02,-2.784215e-01,-3.403134e-01,4.321460e-01,5.935253e-01,-3.081526e-01,-6.719243e-01
5.968011e+00,-1.599158e+00,7.498456e-01,-3.427953e-01,-2.179389e-01,-1.294936e-02,-1.454279e-01,5.015989e-01,2.071261e-01,-1.650713e-01,-7.923105e-01
5.910129e+00,-1.672347e+00,6.378449e-01,-2.320503e-01,-1.637976e-01,-2.693255e-01,1.145235e-03,2.944164e-01,3.987625e-01,-1.498421e-01,-7.751734e-01
5.960351e+00,-1.376617e+00,5.899023e-01,-3.036621e-01,-3.162405e-01,-2.883728e-01,-3.748038e-02,2.585253e-01,3.822364e-01,5.031730e-02,-7.867297e-01
6.025289e+00,-1.444395e+00,4.360373e-01,-1.377032e-01,-1.599378e-01,-2.981173e-01,-1.172312e-01,4.024271e-01,4.391185e-01,-1.650940e-01,-8.193623e-01
5.997378e+00,-1.421093e+00,3.777873e-01,-1.428232e-01,2.248280e-02,-2.993598e-01,-1.114283e-01,2.925662e-01,4.887023e-01,-7.910285e-02,-9.268667e-01
6.006586e+00,-1.392689e+00,5.973999e-01,-2.271067e-01,-4.086042e-01,-2.877600e-01,2.889587e-02,2.701731e-01,3.427763e-01,5.856896e-02,-8.964218e-01
5.991534e+00,-1.654908e+00,6.757747e-01,-2.359482e-01,-2.346033e-01,-2.849741e-01,-2.027637e-02,1.707465e-01,4.812885e-01,1.034984e-02,-8.667961e-01
5.823410e+00,-1.467480e+00,6.523252e-01,-3.267923e-01,-1.659257e-01,-2.881647e-02,4.679524e-02,1.757522e-01,3.835703e-01,-7.098430e-02,-9.004613e-01
5.997169e+00,-1.569016e+00,6.336416e-01,-3.326255e-01,-1.747577e-01,-2.112680e-01,-2.000657e-01,4.589284e-01,4.018662e-01,-1.903226e-01,-8.084862e-01
5.844413e+00,-1.286980e+00,4.976820e-01,-3.882766e-01,-9.098978e-02,-3.064467e-01,-2.478848e-01,3.763511e-01,5.458478e-01,-1.602280e-01,-7.935059e-01
5.884103e+00,-1.529030e+00,6.806296e-01,-2.714627e-01,-1.848499e-01,-2.377306e-01,4.798970e-02,3.305141e-01,3.932792e-01,-2.582723e-01,-6.302211e-01
5.868623e+00,-1.604833e+00,6.157765e-01,-1.132107e-01,-2.711415e-01,-1.810220e-01,-1.638378e-01,4.138610e-01,2.900255e-01,-1.150287e-02,-6.680016e-01
5.970957e+00,-1.442147e+00,7.689494e-01,-4.071059e-01,-3.204829e-01,-3.230781e-01,4.965820e-02,1.837346e-01,4.700995e-01,-1.367646e-01,-5.517175e-01
5.951614e+00,-1.580848e+00,6.208252e-01,-2.502022e-01,-1.158334e-01,-2.794892e-01,-1.396400e-01,4.070239e-01,3.787229e-01,-1.194740e-01,-8.070546e-01
6.003035e+00,-1.380345e+00,4.461274e-01,-3.313909e-01,-9.556298e-04,-5.430127e-02,-2.167524e-01,3.778852e-01,4.335935e-01,-1.581985e-01,-9.625041e-01
6.159638e+00,-1.542405e+00,6.720007e-01,-3.288509e-01,-3.242174e-01,-2.679990e-01,2.455620e-02,2.257398e-01,5.189423e-01,-2.109132e-01,-7.798317e-01
6.024413e+00,-1.543333e+00,5.393133e-01,-1.665281e-01,-3.114358e-01,-3.414973e-01,1.398348e-01,6.494795e-02,5.100413e-01,5.736147e-02,-9.169324e-01
5.851744e+00,-1.478371e+00,6.702581e-01,-2.539393e-01,-2.592738e-01,-1.171512e-01,1.434780e-01,2.114372e-01,3.207139e-01,-2.554376e-02,-9.339195e-01
5.938249e+00,-1.527253e+00,6.121781e-01,-2.171770e-01,-1.812184e-01,-3.545657e-01,-1.070286e-01,3.560907e-01,4.836508e-01,-1.805283e-01,-6.961324e-01
5.990450e+00,-1.154296e+00,4.228623e-01,-3.847303e-01,-8.588333e-02,-3.106109e-01,-2.829203e-01,4.401145e-01,4.667314e-01,-1.568853e-01,-7.146176e-01
5.780793e+00,-1.399601e+00,5.486730e-01,-2.348911e-01,-7.778582e-02,-3.095530e-01,-2.656026e-02,4.393891e-01,2.993937e-01,-2.223376e-01,-7.175158e-01
5.935119e+00,-1.592240e+00,6.651502e-01,-3.258519e-01,-1.312810e-01,-2.018920e-01,1.427624e-03,3.162447e-01,3.428435e-01,-1.679449e-01,-7.095178e-01
5.921014e+00,-1.383588e+00,7.010405e-01,-3.799148e-01,-3.922778e-01,-2.141676e-01,-5.018409e-02,3.836743e-01,3.238700e-01,-1.423833e-01,-6.641089e-01
5.968205e+00,-1.511892e+00,5.800304e-01,-3.135900e-01,-1.668988e-01,-2.055044e-01,-1.762799e-01,4.057808e-01,4.780381e-01,-2.184390e-01,-7.876286e-01
5.851228e+00,-1.208897e+00,5.273248e-01,-5.500691e-01,1.155254e-01,-6.065782e-02,-2.399210e-01,3.792939e-01,5.526879e-01,-3.643128e-01,-7.713736e-01
5.852440e+00,-1.395894e+00,6.579819e-01,-2.904509e-01,-2.982115e-01,-2.932786e-01,-1.116292e-01,3.714492e-01,4.586886e-01,-1.789521e-01,-6.884301e-01
6.035335e+00,-1.501550e+00,6.285712e-01,-1.676195e-01,-4.527453e-01,-1.546400e-01,-7.441438e-02,2.198560e-01,4.104572e-01,-2.251536e-03,-6.861801e-01
5.968525e+00,-1.566517e+00,6.031880e-01,-9.835250e-02,-2.733063e-01,-1.651778e-01,9.143443e-02,2.816992e-01,2.844266e-01,-6.734458e-02,-8.765180e-01
5.931819e+00,-1.364733e+00,3.692659e-01,-8.860236e-02,-2.558077e-01,-3.394693e-01,6.829047e-02,3.588382e-01,2.948383e-01,-6.865835e-02,-9.225663e-01
6.061638e+00,-1.231117e+00,4.617724e-01,-4.125348e-01,-1.430279e-01,-2.908569e-01,-1.738503e-01,4.061742e-01,4.316327e-01,-1.687601e-01,-7.549908e-01
6.035160e+00,-1.597134e+00,6.300062e-01,-2.524283e-01,-2.251502e-01,-2.356433e-01,4.342291e-02,3.429896e-01,4.200795e-01,-2.833122e-01,-7.012451e-01
5.893786e+00,-1.509708e+00,6.995506e-01,-3.478786e-01,-2.329333e-01,-1.114260e-01,4.302142e-02,2.732338e-01,2.764631e-01,9.825093e-03,-8.116913e-01
5.826776e+00,-1.478080e+00,8.116367e-01,-4.029526e-01,-2.828418e-01,-3.377263e-01,-5.422827e-02,3.198120e-01,4.171539e-01,-5.644597e-02,-7.087715e-01
5.896958e+00,-1.502385e+00,7.482090e-01,-3.634834e-01,-2.189134e-01,-2.243718e-01,-1.065143e-01,3.092603e-01,4.454432e-01,-1.961425e-01,-6.233292e-01
5.903355e+00,-1.384908e+00,5.311255e-01,-3.100265e-01,-4.350844e-02,-3.927648e-02,-2.370972e-01,3.827250e-01,4.659459e-01,-2.620161e-01,-7.916795e-01
5.787322e+00,-1.354526e+00,6.180142e-01,-3.111834e-01,-3.002523e-01,-2.634932e-01,-4.498962e-02,4.309062e-01,3.356830e-01,-2.121082e-01,-7.332475e-01
5.802045e+00,-1.369435e+00,6.112188e-01,-3.450240e-01,-3.225935e-01,-1.738548e-01,-5.038074e-02,2.742692e-01,3.305211e-01,6.837294e-03,-7.186968e-01
5.991028e+00,-1.687479e+00,6.365609e-01,-1.196062e-01,-3.126424e-01,-1.439218e-01,6.341159e-02,3.357996e-01,3.774676e-01,-2.268222e-01,-7.311278e-01
5.952485e+00,-1.457488e+00,5.820813e-01,-2.188607e-01,-3.137237e-01,-2.680883e-01,1.258839e-01,2.766092e-01,3.436700e-01,-1.172670e-01,-7.604477e-01
5.959653e+00,-1.235348e+00,3.852995e-01,-2.172240e-01,-2.123813e-01,-3.252468e-01,-1.935438e-01,3.454115e-01,4.628404e-01,4.583833e-02,-9.288776e-01
5.886240e+00,-1.338649e+00,4.923334e-01,-1.414460e-01,-2.715060e-01,-2.116380e-01,-3.048655e-02,3.182665e-01,3.696523e-01,-1.142862e-01,-8.087215e-01
5.859116e+00,-1.388289e+00,4.991329e-01,-1.625252e-01,-2.866088e-01,4.312191e-04,-5.214499e-02,9.990490e-02,5.376963e-01,-8.463938e-02,-8.249689e-01
5.869184e+00,-1.466482e+00,6.594220e-01,-2.715967e-01,-3.149101e-01,-3.407052e-01,-2.048733e-03,3.455344e-01,3.366988e-01,-1.032624e-02,-8.589704e-01
5.858871e+00,-1.393976e+00,5.659144e-01,-3.264138e-01,-1.861887e-01,-2.986279e-01,2.778901e-02,2.810327e-01,3.830029e-01,-1.281112e-01,-6.733494e-01
5.877758e+00,-1.380139e+00,4.111379e-01,-2.783973e-01,2.845682e-02,-1.156602e-01,-2.695075e-01,5.702926e-01,3.982974e-01,-3.075081e-01,-7.984319e-01
5.945074e+00,-1.358303e+00,6.102537e-01,-3.763890e-01,-2.278026e-01,-2.739010e-01,-9.998934e-02,4.837469e-01,4.078003e-01,-3.785235e-01,-5.354349e-01
5.831105e+00,-1.383747e+00,5.857901e-01,-3.431225e-01,-1.844169e-01,-2.931731e-01,-1.237435e-01,2.242565e-01,5.190225e-01,-4.745937e-02,-6.444653e-01
5.816631e+00,-1.637186e+00,7.713219e-01,-2.252173e-01,-1.771789e-01,-2.105719e-01,-4.723877e-02,3.709378e-01,3.662458e-01,-1.804212e-01,-7.243623e-01
6.072221e+00,-1.620182e+00,7.271198e-01,-3.236372e-01,-2.225965e-01,-1.187442e-01,-1.387498e-01,2.911844e-01,4.718326e-01,-1.581859e-01,-7.720662e-01
5.999081e+00,-1.286510e+00,4.118745e-01,-3.044226e-01,-9.530575e-02,-3.309987e-01,-2.453396e-01,3.331183e-01,6.345647e-01,-2.554581e-01,-7.665730e-01
6.038026e+00,-1.403432e+00,5.006684e-01,-2.748172e-01,-1.994442e-01,-1.919715e-01,-8.622232e-03,3.120688e-01,3.745082e-01,-1.219342e-01,-8.760555e-01
6.070404e+00,-1.568203e+00,4.769322e-01,-1.909397e-01,-1.199723e-01,-1.980193e-01,9.774339e-02,1.700578e-01,3.696531e-01,1.460250e-01,-1.136836e+00
5.977763e+00,-1.446238e+00,5.130256e-01,-6.346634e-02,-5.032686e-01,-2.867564e-01,2.089754e-02,3.605901e-01,3.450840e-01,-6.880684e-02,-7.489057e-01
6.003742e+00,-1.474036e+00,5.303357e-01,-2.504239e-01,-2.128852e-01,-2.510205e-01,-1.545831e-01,3.617844e-01,3.403307e-01,6.058433e-02,-7.649290e-01
5.821875e+00,-1.365505e+00,4.252016e-01,-1.957332e-01,9.805614e-02,-3.016388e-01,-1.703306e-01,4.570409e-01,4.179536e-01,-2.269893e-01,-7.859785e-01
5.893760e+00,-1.359465e+00,5.658712e-01,-2.377588e-01,-3.020456e-01,-2.042696e-01,-1.573744e-01,4.374919e-01,3.714936e-01,-2.139284e-01,-6.517184e-01
5.920894e+00,-1.591208e+00,7.118117e-01,-3.211581e-01,-2.452094e-01,-2.066754e-01,-2.141227e-01,2.650655e-01,5.062048e-01,-6.797788e-02,-6.923836e-01
5.677463e+00,-1.531191e+00,7.041905e-01,-2.375463e-01,-2.834635e-01,-1.370403e-01,2.960294e-02,3.598535e-01,2.995551e-01,-1.714417e-01,-8.038395e-01
5.795692e+00,-1.467106e+00,6.154882e-01,-3.760700e-01,-1.551778e-01,-8.525901e-02,-9.723804e-02,2.608711e-01,4.408140e-01,-5.306657e-02,-8.909068e-01
5.931538e+00,-1.325523e+00,4.762172e-01,-2.701260e-01,-3.058121e-01,-1.508870e-01,-3.002661e-01,3.602044e-01,6.309713e-01,-2.642184e-01,-7.062007e-01
5.829831e+00,-1.329831e+00,5.010380e-01,-2.988820e-01,-1.702228e-01,-1.925742e-01,-1.413463e-01,3.316208e-01,4.912755e-01,-1.863188e-01,-7.462382e-01
5.845182e+00,-1.533178e+00,5.126493e-01,-8.525406e-02,-1.203984e-01,-2.439524e-01,-2.717302e-02,2.781884e-01,3.367348e-01,1.118400e-01,-9.928624e-01
6.081169e+00,-1.582248e+00,7.251741e-01,-2.227267e-01,-3.093639e-01,-5.215496e-01,2.346808e-01,2.267474e-01,2.977023e-01,1.660162e-02,-7.876789e-01
6.092136e+00,-1.499902e+00,4.395321e-01,-7.828097e-02,-2.927532e-01,-2.964323e-01,2.108635e-02,8.335064e-02,4.719762e-01,6.852681e-02,-7.794265e-01
5.908775e+00,-1.476461e+00,4.850478e-01,-1.874737e-01,-6.037407e-02,-2.272670e-01,-1.812464e-02,3.830450e-01,3.743133e-01,-2.594330e-01,-8.043434e-01
5.960187e+00,-1.374226e+00,5.238370e-01,-3.890359e-01,-7.978297e-02,-2.798688e-01,-9.608798e-02,3.647127e-01,5.128718e-01,-3.033756e-01,-7.334226e-01
5.919171e+00,-1.450726e+00,4.762133e-01,-1.651774e-01,-3.414259e-01,-2.256846e-01,-1.629981e-01,2.770648e-01,5.323566e-01,-7.095689e-02,-7.587666e-01
5.985014e+00,-1.672778e+00,8.156436e-01,-3.496399e-01,-2.401273e-01,-1.694268e-01,1.400716e-02,3.464127e-01,3.397262e-01,-1.388965e-01,-7.846536e-01
5.741682e+00,-1.387245e+00,5.747855e-01,-2.599594e-01,-2.115969e-01,1.441776e-02,-2.905311e-01,3.071813e-01,4.669829e-01,-2.464706e-02,-8.129731e-01
5.883605e+00,-1.327383e+00,6.151033e-01,-3.623627e-01,-1.899659e-01,-2.726613e-01,-2.971327e-01,4.832631e-01,4.078992e-01,-1.657988e-01,-6.892010e-01
5.983566e+00,-1.378913e+00,5.220126e-01,-3.873167e-01,4.261446e-02,-2.766892e-01,-2.529738e-01,3.561143e-01,5.364151e-01,-2.706901e-01,-7.046003e-01
5.807260e+00,-1.534168e+00,5.386316e-01,-1.409371e-01,-1.635475e-01,-8.229924e-02,-1.608632e-01,4.542345e-01,3.405584e-01,-2.113164e-01,-8.027553e-01
5.836945e+00,-1.431344e+00,6.437601e-01,-2.610054e-01,-3.705769e-01,-3.032008e-01,5.101881e-02,3.848802e-01,2.991217e-01,-1.111140e-01,-7.822888e-01
5.963586e+00,-1.406357e+00,4.133641e-01,-1.921317e-01,-2.467970e-01,-3.260588e-01,2.790665e-02,1.524322e-01,4.489614e-01,1.365968e-01,-9.634245e-01
6.020328e+00,-1.367136e+00,3.512380e-01,-6.427697e-02,-2.041912e-01,-2.101765e-01,3.070138e-02,3.920325e-01,3.322378e-01,-1.611690e-01,-9.092336e-01
6.055216e+00,-1.285094e+00,3.560963e-01,-1.742399e-01,-1.414270e-01,-2.929620e-01,-1.228766e-01,3.009337e-01,4.748872e-01,-4.712701e-02,-8.784053e-01
5.869019e+00,-1.400593e+00,5.694874e-01,-2.246559e-01,-2.213894e-01,-4.064623e-01,-4.442142e-02,2.050928e-01,4.640880e-01,6.112593e-03,-7.773907e-01
5.842874e+00,-1.491051e+00,6.453587e-01,-1.933541e-01,-2.502389e-01,-2.093537e-01,4.953814e-02,1.862061e-01,4.362363e-01,-1.964882e-01,-6.874725e-01
5.996131e+00,-1.600700e+00,6.653667e-01,-3.074392e-01,-1.578954e-01,-6.853204e-02,-1.520017e-01,3.833898e-01,3.170570e-01,-8.079341e-02,-8.213095e-01
6.115736e+00,-1.500962e+00,7.701208e-01,-5.276167e-01,-1.733167e-01,-3.196099e-01,-1.239273e-01,4.949081e-01,3.635130e-01,-2.646147e-01,-6.755701e-01
5.942294e+00,-1.389238e+00,5.481252e-01,-4.846618e-01,-2.245411e-02,-2.399021e-01,-1.724848e-01,2.902485e-01,6.143277e-01,-2.826441e-01,-7.125334e-01
5.829921e+00,-1.616191e+00,7.195602e-01,-2.477230e-01,-1.912733e-01,-1.505031e-01,5.329488e-03,3.954793e-01,3.420329e-01,-2.203565e-01,-7.876654e-01
5.827814e+00,-1.493816e+00,7.595555e-01,-2.619310e-01,-4.071853e-01,-2.292587e-01,-3.411394e-02,2.961972e-01,4.061083e-01,-1.301433e-01,-6.210297e-01
5.821542e+00,-1.454266e+00,6.637654e-01,-2.579861e-01,-3.032231e-01,-2.400083e-01,-9.299539e-02,1.689132e-01,4.624353e-01,-1.940402e-02,-6.683012e-01
5.907951e+00,-1.452591e+00,6.329672e-01,-2.273626e-01,-1.610181e-01,-2.021931e-01,3.256748e-02,2.839110e-01,3.729052e-01,-2.326352e-01,-8.008530e-01
5.966233e+00,-1.179319e+00,3.478081e-01,-3.315148e-01,-3.690905e-03,-3.252257e-01,3.495113e-02,1.478375e-01,5.566976e-01,-1.262114e-01,-9.612171e-01
6.087648e+00,-1.386915e+00,4.455290e-01,-1.363310e-01,-3.658421e-01,-4.221057e-01,1.603740e-01,2.044058e-01,3.593865e-01,2.754406e-02,-8.694800e-01
5.906353e+00,-1.391959e+00,4.235423e-01,-1.076026e-01,-3.532359e-01,-2.360782e-01,1.536096e-01,2.472942e-01,2.866763e-01,2.073698e-02,-8.719630e-01
5.801134e+00,-1.470597e+00,6.461798e-01,-3.135516e-01,-1.231225e-01,-3.268696e-01,2.368235e-01,1.618312e-01,4.305523e-01,-1.988517e-01,-7.416593e-01
5.983877e+00,-1.476231e+00,7.277885e-01,-3.478729e-01,-2.879138e-01,-3.015777e-01,-1.561739e-01,4.589427e-01,3.318335e-01,-1.132326e-01,-7.149250e-01
5.944757e+00,-1.271804e+00,4.771785e-01,-3.014559e-01,-1.638953e-01,-1.324595e-01,-3.398503e-01,3.532964e-01,5.401131e-01,-2.678036e-01,-6.197686e-01
5.751164e+00,-1.523044e+00,7.183917e-01,-2.239183e-01,-1.613143e-01,-1.442837e-01,-6.315579e-02,3.670288e-01,3.528079e-01,-2.855425e-01,-7.456695e-01
5.750601e+00,-1.372466e+00,6.898021e-01,-3.005605e-01,-4.416849e-01,-2.426905e-02,-1.695776e-01,3.799103e-01,3.309265e-01,-1.182556e-01,-7.620585e-01
6.031360e+00,-1.558405e+00,7.536410e-01,-3.898437e-01,-3.639835e-01,-1.380135e-01,-1.237664e-01,2.983154e-01,4.118015e-01,-1.436149e-01,-6.131034e-01
5.850955e+00,-1.398446e+00,5.462733e-01,-3.362194e-01,-1.093528e-01,-1.849026e-01,-1.911718e-02,3.365846e-01,4.827589e-01,-3.179648e-01,-8.028618e-01
5.925989e+00,-1.108812e+00,3.865411e-01,-4.323272e-01,-2.165126e-02,-1.893514e-01,-2.307772e-01,5.025845e-01,4.647947e-01,-3.725652e-01,-7.339392e-01
5.880497e+00,-1.307811e+00,4.513371e-01,-1.790810e-01,-2.299831e-01,-4.355872e-01,-8.871086e-02,3.860810e-01,3.636885e-01,-7.673099e-02,-6.748577e-01
6.082441e+00,-1.436244e+00,5.344335e-01,-1.100079e-01,-3.311450e-01,-2.773000e-01,1.514374e-01,9.325402e-02,3.788571e-01,-1.767938e-02,-7.438923e-01
5.924584e+00,-1.453669e+00,4.881491e-01,2.597711e-03,-2.478547e-01,-3.220263e-01,2.070888e-01,1.856833e-01,2.726920e-01,-9.857131e-03,-9.197851e-01
5.995532e+00,-1.395955e+00,5.525054e-01,-2.767960e-01,-1.644053e-01,-4.599965e-01,4.878993e-02,2.510419e-01,4.494553e-01,-1.480559e-01,-8.030021e-01
6.063754e+00,-1.323643e+00,5.429012e-01,-4.772622e-01,-8.766012e-02,-2.461395e-01,-1.880491e-01,3.629767e-01,5.207368e-01,-3.488433e-01,-6.600139e-01
5.759231e+00,-1.492615e+00,5.569257e-01,-1.907145e-01,-1.728535e-01,-1.527453e-01,-2.842807e-02,3.744547e-01,4.359759e-01,-2.751411e-01,-8.930608e-01
5.802131e+00,-1.300636e+00,6.993895e-01,-4.351651e-01,-3.678099e-01,-1.006789e-01,1.263293e-02,2.174723e-01,4.135847e-01,-1.184385e-01,-7.519320e-01
5.814178e+00,-1.447278e+00,6.623482e-01,-3.237597e-01,-2.944452e-01,-1.711635e-01,-2.859232e-01,4.246811e-01,3.235298e-01,2.669131e-02,-7.376097e-01
5.845071e+00,-1.423724e+00,6.156567e-01,-2.336513e-01,-1.665032e-01,-1.142542e-01,-2.203586e-01,4.126989e-01,3.790712e-01,-2.074329e-01,-7.487830e-01
5.873279e+00,-1.244198e+00,4.752431e-01,-2.432820e-01,-1.204396e-01,-1.799905e-01,-2.381518e-01,4.487033e-01,4.270736e-01,-3.404973e-01,-6.768916e-01
5.904712e+00,-1.459874e+00,5.548534e-01,-1.583689e-01,-2.974555e-01,-3.009671e-01,-2.008981e-01,3.856637e-01,3.875361e-01,-8.982170e-02,-6.967712e-01
5.747565e+00,-1.281242e+00,5.818646e-01,-3.108314e-01,-3.303919e-01,-1.996387e-01,1.451151e-01,1.510120e-01,3.293446e-01,-6.294146e-02,-7.051398e-01
5.928353e+00,-1.594616e+00,4.780034e-01,3.275105e-02,-3.549083e-01,-1.461762e-01,8.575936e-02,2.833118e-01,3.725272e-01,-1.426918e-01,-8.688253e-01
6.048013e+00,-1.371081e+00,4.532134e-01,-1.306955e-01,-4.124432e-01,-2.787998e-01,3.230912e-02,2.629544e-01,3.614640e-01,3.391387e-02,-9.031067e-01
5.941570e+00,-1.224133e+00,2.998396e-01,-1.872933e-01,-1.376435e-01,-3.979148e-01,-3.654025e-02,1.879957e-01,5.740799e-01,-1.649382e-01,-7.947071e-01
4.667082e+00,-7.975759e-01,1.353378e-01,6.138529e-02,2.823936e-03,-1.877383e-02,8.897571e-02,3.816384e-01,5.503771e-01,-1.299763e-02,-6.357241e-01
