1.523374e+00,-1.563694e+00,-1.017342e-01,-6.552643e-01,-1.849342e-01,-4.529440e-01,-2.074409e-01,2.250095e-01,2.287113e-01,-8.211194e-01,3.462200e-01
1.259548e+00,-2.260180e+00,-1.928881e-01,-2.659492e-01,6.308881e-01,-1.147740e+00,-1.048779e+00,-7.361125e-02,3.387899e-01,-4.674606e-01,1.253042e-01
2.095497e+00,-1.897735e+00,5.940273e-03,-3.051394e-01,5.944236e-01,-1.132717e+00,-1.122284e+00,2.537879e-01,8.540837e-01,-1.800231e-01,6.785169e-01
2.695096e+00,-2.038660e+00,-7.932084e-02,-3.017692e-01,4.039759e-01,-1.160385e+00,-9.538331e-01,2.473898e-01,7.148175e-01,-7.343320e-02,6.815388e-01
2.434181e+00,-2.433826e+00,-1.964437e-01,-6.211292e-01,7.141081e-01,-1.308858e+00,-1.328787e+00,3.742760e-01,8.220848e-01,-1.725778e-01,9.629607e-01
2.609023e+00,-2.536378e+00,2.207149e-01,-9.426901e-01,6.269766e-01,-1.260857e+00,-1.434910e+00,2.763319e-01,7.900675e-01,-6.796178e-02,9.070941e-01
2.654118e+00,-2.309724e+00,6.171021e-01,-4.474047e-01,8.690529e-01,-1.310416e+00,-1.723885e+00,2.456003e-01,9.800216e-01,-1.089400e-01,1.205934e+00
2.755040e+00,-2.204132e+00,1.727205e-01,-4.159541e-01,4.620799e-01,-9.599360e-01,-1.817086e+00,2.008436e-01,8.068768e-01,-1.064444e-01,1.100333e+00
2.570644e+00,-2.475356e+00,-1.864706e-01,-7.356251e-01,3.312399e-01,-1.583950e+00,-1.703704e+00,-3.553375e-01,7.179865e-01,-3.340475e-01,8.051633e-01
2.707090e+00,-2.256739e+00,-3.046205e-01,-4.113357e-01,2.852832e-01,-1.457046e+00,-1.618686e+00,-1.446382e-01,7.627135e-01,-5.733533e-02,9.171552e-01
2.761878e+00,-2.678780e+00,-6.575380e-01,-8.110658e-01,-6.094904e-02,-1.845685e+00,-1.791423e+00,-4.823308e-01,4.069283e-01,-3.529294e-01,6.501649e-01
3.013359e+00,-2.077779e+00,-3.983161e-01,-2.923924e-01,4.018268e-01,-1.610841e+00,-1.308275e+00,-2.009880e-01,8.588921e-01,1.618075e-02,8.257387e-01
3.051741e+00,-2.368871e+00,-3.508956e-01,-5.354954e-01,3.625129e-01,-1.746659e+00,-1.383010e+00,-3.484658e-01,7.854450e-01,1.727668e-01,1.215991e+00
2.933086e+00,-2.221515e+00,-5.319576e-01,-6.182979e-01,4.401711e-01,-2.141567e+00,-1.550824e+00,-4.841137e-01,4.502192e-01,-1.735376e-02,8.093800e-01
3.324573e+00,-2.045134e+00,-2.590391e-01,-7.408984e-01,5.745519e-01,-1.747944e+00,-1.340362e+00,-3.625953e-01,5.339881e-01,3.116711e-02,1.037274e+00
3.404298e+00,-2.148330e+00,-1.262158e-01,-6.646333e-01,6.849759e-01,-1.622913e+00,-1.315607e+00,-2.546862e-01,6.852719e-01,1.304717e-01,9.839459e-01
3.242966e+00,-1.914442e+00,-1.025837e-01,-1.061209e+00,7.386608e-01,-1.634302e+00,-1.468369e+00,-3.936918e-01,5.874863e-01,4.709315e-02,1.075210e+00
3.147594e+00,-1.869330e+00,-5.575771e-02,-9.984356e-01,4.794604e-01,-1.445889e+00,-1.686395e+00,-3.691266e-01,4.356670e-01,1.912371e-01,1.061220e+00
3.171119e+00,-1.634674e+00,-1.589779e-01,-1.318269e+00,5.299191e-01,-1.353965e+00,-1.528802e+00,-5.430511e-01,4.371238e-01,3.615657e-01,1.100838e+00
3.053375e+00,-1.627903e+00,-4.976243e-02,-1.244281e+00,3.352889e-01,-1.213657e+00,-1.616173e+00,-3.440705e-01,4.537006e-01,2.116245e-01,9.723975e-01
2.555151e+00,-1.900099e+00,-1.264497e-01,-1.836007e+00,-1.277787e-01,-1.266132e+00,-1.687920e+00,-6.819237e-01,2.713252e-01,2.475062e-01,1.133702e+00
2.927799e+00,-1.442163e+00,3.070233e-01,-1.367512e+00,1.229488e-01,-9.977604e-01,-1.789536e+00,-2.725341e-01,2.427717e-01,1.918190e-01,1.204679e+00
2.682585e+00,-1.493887e+00,2.441713e-01,-1.538249e+00,-3.240232e-03,-1.206539e+00,-1.377468e+00,-3.372417e-01,2.253230e-01,8.425291e-02,1.405955e+00
2.716985e+00,-1.793202e+00,5.623383e-02,-1.289531e+00,-2.064151e-01,-1.295994e+00,-1.490388e+00,-1.955441e-01,1.813704e-01,-9.493907e-02,1.253693e+00
2.827180e+00,-1.688730e+00,6.276754e-02,-1.211057e+00,-1.860629e-01,-1.271608e+00,-1.467864e+00,-3.186698e-01,2.799648e-01,-1.615272e-01,1.190179e+00
2.774533e+00,-1.870138e+00,8.014426e-02,-1.091200e+00,-1.337416e-01,-1.346893e+00,-1.703782e+00,-2.081275e-01,4.255595e-01,-2.320553e-01,1.107016e+00
2.721877e+00,-1.982594e+00,1.547360e-01,-1.143278e+00,-1.837631e-01,-1.348537e+00,-1.848917e+00,-3.185257e-01,3.174721e-01,-1.589797e-01,1.213287e+00
2.779886e+00,-2.014543e+00,1.609776e-01,-1.006067e+00,3.281177e-02,-1.510760e+00,-1.721577e+00,-2.217181e-01,5.268965e-01,-1.880673e-01,1.081506e+00
2.750746e+00,-2.281473e+00,-1.993592e-01,-1.130516e+00,-2.393577e-01,-1.696096e+00,-1.862703e+00,-2.450775e-01,3.367009e-01,-2.292997e-01,1.027743e+00
3.015101e+00,-2.236306e+00,-8.432371e-02,-8.154551e-01,1.049836e-02,-1.705763e+00,-1.655994e+00,-2.177713e-01,5.101516e-01,-4.720121e-03,1.017508e+00
2.819167e+00,-2.424180e+00,-1.752157e-01,-9.359128e-01,-1.789274e-01,-1.825541e+00,-1.867674e+00,-4.242238e-01,5.059274e-01,-1.578461e-01,8.226958e-01
3.151537e+00,-2.414811e+00,6.493344e-02,-7.370061e-01,-8.959920e-02,-1.587272e+00,-1.887927e+00,-1.908484e-01,7.047461e-01,-8.054923e-02,1.047162e+00
3.074183e+00,-2.453503e+00,6.787018e-02,-7.851078e-01,-1.517612e-02,-1.779447e+00,-1.728787e+00,-2.925968e-01,8.538584e-01,-2.341157e-01,9.491302e-01
2.925687e+00,-2.596869e+00,-9.607221e-02,-9.057477e-01,-2.294491e-01,-1.950884e+00,-1.878717e+00,-4.183175e-01,6.271678e-01,-4.164576e-01,8.093209e-01
3.309727e+00,-2.710328e+00,3.686511e-02,-5.872104e-01,-4.368975e-02,-1.844445e+00,-1.846400e+00,-2.366155e-01,8.271576e-01,-2.421748e-01,1.061702e+00
3.139301e+00,-2.670013e+00,-1.394078e-01,-6.815915e-01,-1.723798e-01,-2.030524e+00,-1.708950e+00,-3.629555e-01,7.505773e-01,-2.351281e-01,1.064427e+00
3.135332e+00,-2.795604e+00,-1.896162e-01,-6.257320e-01,-1.402403e-01,-2.171303e+00,-1.760655e+00,-2.885209e-01,7.709145e-01,-2.637643e-01,9.283049e-01
3.299765e+00,-2.614877e+00,-5.603461e-02,-4.581188e-01,-1.143037e-01,-1.878159e+00,-1.770415e+00,-1.836574e-01,6.761058e-01,-1.578220e-01,1.024732e+00
3.159720e+00,-2.868967e+00,-1.707737e-01,-4.465675e-01,-2.238887e-01,-2.057043e+00,-1.926240e+00,-2.114429e-01,6.943399e-01,-1.977025e-01,9.175369e-01
3.102800e+00,-2.691088e+00,-1.685549e-01,-3.743691e-01,-1.403865e-01,-2.028816e+00,-1.855362e+00,-2.594748e-01,7.215302e-01,-1.299123e-01,9.230013e-01
3.169001e+00,-2.829011e+00,-3.336517e-01,-3.653678e-01,-2.931570e-01,-2.147835e+00,-1.916201e+00,-2.919424e-01,6.402619e-01,-3.805535e-01,7.141663e-01
3.197819e+00,-2.789090e+00,-3.588048e-01,-2.404730e-01,-2.377577e-01,-1.992112e+00,-1.836263e+00,-2.184670e-01,6.466785e-01,-1.746789e-01,7.632727e-01
3.116553e+00,-2.813456e+00,-3.339123e-01,-2.085649e-01,-1.736436e-01,-2.017426e+00,-1.789144e+00,-2.991818e-01,7.643435e-01,-4.838708e-02,8.829447e-01
3.131236e+00,-3.041308e+00,-3.692900e-01,-2.198719e-01,-2.601533e-01,-1.984152e+00,-2.041346e+00,-2.338123e-01,7.241298e-01,-1.749629e-01,9.169508e-01
3.059898e+00,-3.010216e+00,-4.068734e-01,-3.526981e-01,-2.305253e-01,-1.967096e+00,-1.992886e+00,-3.392814e-01,6.741141e-01,-2.390408e-01,8.492009e-01
3.118692e+00,-3.187674e+00,-4.183986e-01,-3.042716e-01,-1.899010e-01,-1.981928e+00,-1.987076e+00,-3.424098e-01,7.664983e-01,-3.011186e-01,8.394419e-01
3.174405e+00,-3.205442e+00,-3.851122e-01,-3.359122e-01,-2.523429e-01,-1.879791e+00,-1.938303e+00,-3.920679e-01,6.617383e-01,-2.028359e-01,8.988405e-01
3.096414e+00,-3.187472e+00,-4.441015e-01,-2.107886e-01,-8.831587e-02,-2.092557e+00,-1.973396e+00,-4.204058e-01,7.217629e-01,-2.536272e-01,8.507773e-01
3.179363e+00,-3.267704e+00,-4.516934e-01,-1.926388e-01,-2.306155e-01,-1.938403e+00,-1.856044e+00,-4.635847e-01,6.223652e-01,-1.537045e-01,8.728253e-01
3.406070e+00,-3.384544e+00,-4.724505e-01,-2.401456e-01,-2.049343e-01,-1.811910e+00,-2.018114e+00,-2.683317e-01,6.152714e-01,-1.768405e-01,7.510937e-01
3.325053e+00,-3.334003e+00,-5.206191e-01,-3.475286e-01,-8.257452e-02,-1.968903e+00,-1.984641e+00,-3.700254e-01,6.169308e-01,-2.284316e-01,7.362514e-01
3.380524e+00,-3.310941e+00,-4.789398e-01,-2.552430e-01,-1.041935e-01,-1.880540e+00,-2.063036e+00,-3.154982e-01,6.109527e-01,-1.647738e-01,8.378743e-01
3.360620e+00,-3.326834e+00,-4.850206e-01,-2.249432e-01,-1.108471e-01,-1.918119e+00,-2.161072e+00,-2.819645e-01,6.024749e-01,-1.926950e-01,8.294127e-01
3.288442e+00,-3.210003e+00,-4.813046e-01,-3.188415e-01,-1.436839e-01,-1.889092e+00,-1.949129e+00,-3.859776e-01,5.775884e-01,-1.647354e-01,7.926652e-01
3.398736e+00,-3.366541e+00,-5.122671e-01,-3.031129e-01,-1.573776e-01,-1.899016e+00,-1.997542e+00,-2.794992e-01,6.136998e-01,-2.630332e-01,7.329935e-01
3.351044e+00,-3.258948e+00,-5.312914e-01,-3.409446e-01,-2.117450e-01,-1.834989e+00,-2.033190e+00,-3.245357e-01,5.260334e-01,-2.266100e-01,7.939038e-01
3.312810e+00,-3.239463e+00,-4.958270e-01,-2.095411e-01,-5.079456e-02,-1.974994e+00,-2.022647e+00,-3.685893e-01,6.608995e-01,-1.888374e-01,7.912161e-01
3.340323e+00,-3.316780e+00,-5.182695e-01,-2.632641e-01,-1.801153e-01,-1.886404e+00,-2.078669e+00,-3.625381e-01,5.680616e-01,-1.612394e-01,8.058558e-01
3.463093e+00,-3.331062e+00,-4.842346e-01,-2.482642e-01,-1.485398e-01,-1.849493e+00,-2.021091e+00,-3.192186e-01,6.131164e-01,-2.176598e-01,7.893402e-01
3.298685e+00,-3.276673e+00,-6.261170e-01,-2.740447e-01,-1.467478e-01,-1.951309e+00,-1.964962e+00,-3.537223e-01,6.132183e-01,-2.160414e-01,6.541512e-01
3.379499e+00,-3.203433e+00,-5.883132e-01,-2.246721e-01,-1.760306e-01,-1.842978e+00,-2.057265e+00,-2.685271e-01,5.853203e-01,-2.170205e-01,7.927980e-01
3.374201e+00,-3.318646e+00,-4.894280e-01,-1.651378e-01,-1.339403e-01,-1.950542e+00,-2.119643e+00,-3.240022e-01,6.409352e-01,-1.992181e-01,7.864996e-01
3.279986e+00,-3.201828e+00,-5.708808e-01,-2.884685e-01,-1.521478e-01,-1.907426e+00,-1.965368e+00,-4.051648e-01,5.835416e-01,-1.816004e-01,7.589238e-01
3.420318e+00,-3.306572e+00,-5.645705e-01,-2.276448e-01,-1.038955e-01,-1.880338e+00,-2.068516e+00,-2.543343e-01,6.510522e-01,-2.637822e-01,7.707588e-01
3.359989e+00,-3.272875e+00,-6.156987e-01,-2.903591e-01,-1.280573e-01,-1.878602e+00,-2.102323e+00,-2.715371e-01,5.701397e-01,-2.480494e-01,7.949571e-01
3.351869e+00,-3.256240e+00,-5.197352e-01,-2.728484e-01,6.453680e-03,-1.992883e+00,-2.030231e+00,-3.062947e-01,6.788296e-01,-2.405714e-01,8.150091e-01
3.354240e+00,-3.307449e+00,-4.753068e-01,-2.293940e-01,-1.126774e-01,-1.930969e+00,-2.163937e+00,-2.833587e-01,6.166869e-01,-2.296077e-01,8.528436e-01
3.383149e+00,-3.214368e+00,-5.653528e-01,-2.850956e-01,-1.068596e-01,-1.858012e+00,-2.085802e+00,-2.042713e-01,5.799707e-01,-2.720861e-01,8.214697e-01
3.322391e+00,-3.284324e+00,-5.676742e-01,-3.297870e-01,-6.804851e-02,-1.965081e+00,-2.010935e+00,-2.854084e-01,6.378735e-01,-2.922460e-01,7.157285e-01
3.391243e+00,-3.252029e+00,-4.949219e-01,-3.196500e-01,-1.483115e-01,-1.806789e+00,-2.090107e+00,-2.758941e-01,5.345518e-01,-1.819815e-01,9.047396e-01
3.371752e+00,-3.303550e+00,-4.893247e-01,-2.179715e-01,-6.497453e-02,-1.923145e+00,-2.135020e+00,-2.806725e-01,6.352519e-01,-2.157483e-01,8.414806e-01
3.285738e+00,-3.218158e+00,-5.152426e-01,-3.567926e-01,-6.588819e-02,-1.956648e+00,-2.039742e+00,-3.685866e-01,5.911290e-01,-2.212261e-01,8.328751e-01
3.439939e+00,-3.329907e+00,-4.919045e-01,-2.812363e-01,-1.368780e-01,-1.833513e+00,-2.075751e+00,-2.151129e-01,6.098635e-01,-2.585318e-01,8.150283e-01
3.356183e+00,-3.318973e+00,-5.250468e-01,-3.364953e-01,-1.747826e-01,-1.880758e+00,-1.995044e+00,-3.086712e-01,5.940110e-01,-2.515597e-01,7.592160e-01
3.318915e+00,-3.223763e+00,-4.598960e-01,-2.794324e-01,-6.756919e-02,-1.942787e+00,-1.997754e+00,-3.571357e-01,6.355670e-01,-1.921137e-01,7.879382e-01
3.403599e+00,-3.349922e+00,-5.083163e-01,-2.157050e-01,-1.472491e-01,-1.885452e+00,-2.181797e+00,-2.840500e-01,6.003329e-01,-2.245753e-01,8.309402e-01
3.380351e+00,-3.296722e+00,-4.973193e-01,-3.131523e-01,-1.538031e-01,-1.859558e+00,-1.994894e+00,-3.952969e-01,5.964024e-01,-1.997781e-01,7.780568e-01
3.367051e+00,-3.329954e+00,-5.256241e-01,-2.731979e-01,-7.832927e-02,-1.959715e+00,-1.941602e+00,-3.902388e-01,6.862460e-01,-2.290779e-01,6.982578e-01
3.413915e+00,-3.313890e+00,-5.532534e-01,-2.730468e-01,-2.631168e-01,-1.776121e+00,-2.035514e+00,-3.469095e-01,5.577420e-01,-1.907517e-01,7.787240e-01
3.371857e+00,-3.259491e+00,-5.135306e-01,-1.845513e-01,-9.279310e-02,-1.945741e+00,-2.054599e+00,-3.302643e-01,6.731060e-01,-2.243615e-01,7.426256e-01
3.272410e+00,-3.260860e+00,-5.211892e-01,-2.479630e-01,-1.413804e-01,-1.964567e+00,-2.003303e+00,-4.246236e-01,6.237632e-01,-1.815407e-01,7.057673e-01
3.457228e+00,-3.367796e+00,-5.145106e-01,-2.212528e-01,-2.303790e-01,-1.776174e+00,-2.084040e+00,-2.660903e-01,6.052155e-01,-2.224430e-01,7.558441e-01
3.344885e+00,-3.346130e+00,-5.442042e-01,-2.950615e-01,-1.367833e-01,-1.910201e+00,-2.024110e+00,-3.566525e-01,6.398409e-01,-2.450248e-01,7.166782e-01
3.310058e+00,-3.236641e+00,-5.194117e-01,-3.003140e-01,-7.653688e-02,-1.903281e+00,-1.998182e+00,-3.757175e-01,6.387657e-01,-1.905042e-01,8.045598e-01
3.426768e+00,-3.342604e+00,-4.636400e-01,-1.835788e-01,-1.363665e-01,-1.839619e+00,-2.194039e+00,-2.539131e-01,6.335123e-01,-2.302471e-01,8.511040e-01
3.324120e+00,-3.256225e+00,-4.346195e-01,-3.377675e-01,-1.531579e-01,-1.864407e+00,-2.001377e+00,-3.854912e-01,5.834782e-01,-1.851600e-01,8.237718e-01
3.316008e+00,-3.258011e+00,-5.330576e-01,-2.861812e-01,-1.072738e-01,-1.900123e+00,-1.995498e+00,-2.748149e-01,6.451494e-01,-2.670848e-01,7.114156e-01
3.409718e+00,-3.329793e+00,-5.362523e-01,-3.481766e-01,-2.244437e-01,-1.789112e+00,-2.134475e+00,-2.549384e-01,5.545822e-01,-2.892157e-01,8.456946e-01
3.346714e+00,-3.246403e+00,-4.802473e-01,-2.478774e-01,-5.715358e-02,-1.903230e+00,-2.093942e+00,-2.968826e-01,6.322611e-01,-2.276318e-01,8.435658e-01
3.245583e+00,-3.242999e+00,-5.309680e-01,-2.819985e-01,-8.533663e-02,-1.948610e+00,-2.100967e+00,-3.544042e-01,6.115926e-01,-2.109314e-01,8.055240e-01
3.435489e+00,-3.281756e+00,-4.857388e-01,-2.617821e-01,-1.627100e-01,-1.768489e+00,-2.140779e+00,-2.280467e-01,5.803140e-01,-2.273569e-01,8.801062e-01
3.340032e+00,-3.252623e+00,-5.902645e-01,-2.826906e-01,-8.948313e-02,-1.887029e+00,-2.080613e+00,-2.170768e-01,6.127069e-01,-2.762196e-01,7.563990e-01
3.301732e+00,-3.200547e+00,-5.472647e-01,-3.591776e-01,-1.168978e-01,-1.907354e+00,-1.986738e+00,-3.351815e-01,5.921445e-01,-2.430172e-01,7.833219e-01
3.429990e+00,-3.295475e+00,-4.789852e-01,-1.194211e-01,-1.669757e-01,-1.819054e+00,-2.246753e+00,-1.833416e-01,6.122780e-01,-2.251028e-01,8.714726e-01
3.290167e+00,-3.205286e+00,-5.981570e-01,-3.023358e-01,-1.319749e-01,-1.902839e+00,-2.084655e+00,-3.215977e-01,5.551634e-01,-2.344008e-01,7.890978e-01
3.343110e+00,-3.248774e+00,-5.663232e-01,-2.439944e-01,-6.569056e-02,-1.927268e+00,-1.996138e+00,-3.216714e-01,6.797165e-01,-2.389532e-01,7.198545e-01
3.472387e+00,-3.402251e+00,-5.742311e-01,-2.451016e-01,-2.338677e-01,-1.794122e+00,-2.159109e+00,-2.575949e-01,5.790854e-01,-2.661458e-01,8.146749e-01
3.330805e+00,-3.270917e+00,-5.472145e-01,-2.436207e-01,-1.140615e-01,-1.931170e+00,-1.992533e+00,-3.808579e-01,6.621123e-01,-2.160480e-01,7.395386e-01
3.307035e+00,-3.268970e+00,-5.075743e-01,-2.254963e-01,-6.916849e-02,-2.019792e+00,-2.056657e+00,-3.886524e-01,6.870209e-01,-2.642477e-01,7.642098e-01
3.478326e+00,-3.341035e+00,-4.822012e-01,-2.682778e-01,-2.319045e-01,-1.768080e+00,-2.107097e+00,-2.678424e-01,5.730831e-01,-2.360732e-01,8.362005e-01
3.335014e+00,-3.303827e+00,-5.448524e-01,-2.593922e-01,-1.392934e-01,-1.895086e+00,-1.991324e+00,-3.093254e-01,6.582964e-01,-2.397371e-01,6.764890e-01
3.241490e+00,-3.222490e+00,-5.654503e-01,-3.055318e-01,-1.916686e-01,-1.853040e+00,-2.026529e+00,-3.866466e-01,5.565283e-01,-1.887310e-01,7.437115e-01
3.460857e+00,-3.377871e+00,-4.586501e-01,-1.657270e-01,-1.934052e-01,-1.764685e+00,-2.231851e+00,-2.122777e-01,5.965554e-01,-1.965064e-01,8.630766e-01
3.258346e+00,-3.263698e+00,-4.994132e-01,-2.877336e-01,-1.413499e-01,-1.920791e+00,-2.083781e+00,-3.899449e-01,6.162406e-01,-2.014618e-01,8.095593e-01
3.312653e+00,-3.266097e+00,-4.594440e-01,-2.978121e-01,-1.135653e-01,-1.883506e+00,-1.963647e+00,-3.340134e-01,6.357930e-01,-2.096290e-01,7.471093e-01
3.449141e+00,-3.418556e+00,-4.962890e-01,-2.849490e-01,-2.891079e-01,-1.730955e+00,-2.146513e+00,-1.939777e-01,5.609656e-01,-2.656624e-01,8.166488e-01
3.296527e+00,-3.227468e+00,-4.643340e-01,-3.197466e-01,-1.263200e-01,-1.881976e+00,-2.013775e+00,-3.547943e-01,6.120309e-01,-2.079138e-01,7.949983e-01
3.258487e+00,-3.281389e+00,-4.570726e-01,-2.309563e-01,-8.059904e-02,-1.946789e+00,-2.105135e+00,-3.528947e-01,6.503412e-01,-1.831998e-01,7.933307e-01
3.450989e+00,-3.357459e+00,-4.325919e-01,-2.919380e-01,-2.700256e-01,-1.690601e+00,-2.164013e+00,-2.831886e-01,5.405292e-01,-1.842671e-01,9.256969e-01
3.347506e+00,-3.303510e+00,-4.752689e-01,-2.651781e-01,-8.856067e-02,-1.872096e+00,-2.010508e+00,-3.156040e-01,6.664386e-01,-2.161316e-01,7.337504e-01
3.337773e+00,-3.332834e+00,-5.177103e-01,-4.033316e-01,-1.336315e-01,-1.908508e+00,-1.996500e+00,-3.880825e-01,6.037565e-01,-2.715766e-01,7.590589e-01
3.468209e+00,-3.325444e+00,-4.852892e-01,-1.809790e-01,-2.003137e-01,-1.770129e+00,-2.219619e+00,-1.819181e-01,5.931269e-01,-2.526499e-01,8.301673e-01
3.290416e+00,-3.316366e+00,-4.537478e-01,-2.473012e-01,-1.189000e-01,-1.964313e+00,-2.071490e+00,-3.924205e-01,6.534405e-01,-1.741660e-01,7.777604e-01
3.383249e+00,-3.290666e+00,-5.161644e-01,-2.887298e-01,-1.099697e-01,-1.894385e+00,-1.988855e+00,-3.491848e-01,6.565782e-01,-2.427247e-01,7.614123e-01
3.550287e+00,-3.428017e+00,-5.029084e-01,-2.425449e-01,-1.683587e-01,-1.804360e+00,-2.131850e+00,-2.462143e-01,6.412394e-01,-2.889594e-01,7.973331e-01
3.353465e+00,-3.244093e+00,-5.723679e-01,-3.262832e-01,-9.744575e-02,-1.916749e+00,-1.996326e+00,-3.996915e-01,6.204407e-01,-2.337694e-01,7.870062e-01
3.367929e+00,-3.267009e+00,-5.281578e-01,-1.948195e-01,-5.843914e-02,-1.961991e+00,-2.064081e+00,-3.471034e-01,6.811543e-01,-2.358048e-01,7.528294e-01
3.446857e+00,-3.339402e+00,-4.895351e-01,-2.501797e-01,-2.432159e-01,-1.797860e+00,-2.191259e+00,-2.920766e-01,5.583510e-01,-2.368382e-01,8.695027e-01
3.393693e+00,-3.259396e+00,-5.455095e-01,-3.014009e-01,-4.700303e-02,-1.943702e+00,-1.991948e+00,-2.780826e-01,6.727391e-01,-3.110188e-01,7.391806e-01
3.352250e+00,-3.270388e+00,-5.507374e-01,-3.437798e-01,-1.206180e-01,-1.906782e+00,-2.011107e+00,-3.165302e-01,6.185356e-01,-2.866193e-01,7.426177e-01
3.435785e+00,-3.283576e+00,-5.057788e-01,-1.744127e-01,-2.165415e-01,-1.726358e+00,-2.221044e+00,-2.101330e-01,5.716110e-01,-2.274383e-01,8.874176e-01
3.298225e+00,-3.262316e+00,-5.054565e-01,-2.674638e-01,-4.706240e-02,-1.964958e+00,-2.109446e+00,-3.369575e-01,6.335122e-01,-2.168889e-01,8.025961e-01
3.299771e+00,-3.211461e+00,-5.244237e-01,-3.368035e-01,-1.170029e-01,-1.883941e+00,-2.079146e+00,-3.452969e-01,5.816729e-01,-2.420239e-01,8.273751e-01
3.456284e+00,-3.380082e+00,-5.079038e-01,-2.519726e-01,-2.243874e-01,-1.755714e+00,-2.177748e+00,-1.903943e-01,5.708648e-01,-2.972415e-01,7.796119e-01
3.268489e+00,-3.236028e+00,-4.996470e-01,-4.137406e-01,-1.612900e-01,-1.876047e+00,-1.955429e+00,-3.851529e-01,5.781274e-01,-2.377699e-01,7.821472e-01
3.334327e+00,-3.256191e+00,-4.412797e-01,-2.189924e-01,-6.813613e-02,-1.917427e+00,-2.089163e+00,-2.922295e-01,6.725573e-01,-2.416401e-01,8.249783e-01
3.378484e+00,-3.348901e+00,-4.685703e-01,-2.792883e-01,-1.935567e-01,-1.811275e+00,-2.184667e+00,-2.799376e-01,5.871244e-01,-2.139449e-01,8.948376e-01
3.328077e+00,-3.296199e+00,-4.762713e-01,-2.952147e-01,-8.010526e-02,-1.899087e+00,-2.001516e+00,-3.409195e-01,6.594450e-01,-2.183088e-01,7.477644e-01
3.322990e+00,-3.353910e+00,-5.081921e-01,-3.057448e-01,-1.263768e-01,-1.903991e+00,-2.016274e+00,-3.603608e-01,6.437318e-01,-2.336516e-01,7.326484e-01
3.438945e+00,-3.364356e+00,-4.749917e-01,-2.712261e-01,-1.997708e-01,-1.771476e+00,-2.113605e+00,-2.686559e-01,5.905996e-01,-2.133439e-01,8.147358e-01
3.266983e+00,-3.246449e+00,-4.672594e-01,-2.069132e-01,-5.062401e-02,-1.991490e+00,-2.070952e+00,-3.605988e-01,7.145798e-01,-2.077452e-01,7.851706e-01
3.260649e+00,-3.229032e+00,-5.203943e-01,-2.532580e-01,-2.437180e-01,-1.818462e+00,-2.040860e+00,-3.658610e-01,5.659129e-01,-1.530476e-01,7.508171e-01
3.432326e+00,-3.359761e+00,-5.242099e-01,-1.989477e-01,-2.252389e-01,-1.783384e+00,-2.094563e+00,-2.342836e-01,6.224278e-01,-2.310858e-01,7.199727e-01
3.263545e+00,-3.249943e+00,-5.708407e-01,-2.766672e-01,-1.730410e-01,-1.878943e+00,-1.990829e+00,-3.915134e-01,6.148750e-01,-1.557227e-01,7.118621e-01
3.333299e+00,-3.244901e+00,-5.392933e-01,-1.567804e-01,-1.254357e-01,-1.864419e+00,-2.079742e+00,-3.169893e-01,6.499078e-01,-1.590586e-01,7.608042e-01
3.358384e+00,-3.325670e+00,-4.891143e-01,-1.874015e-01,-2.119231e-01,-1.846529e+00,-2.169162e+00,-3.335110e-01,6.115598e-01,-1.814073e-01,8.265441e-01
3.339565e+00,-3.279187e+00,-4.501043e-01,-2.975646e-01,-1.178479e-01,-1.921090e+00,-1.921980e+00,-4.212494e-01,6.605913e-01,-2.054618e-01,7.530802e-01
3.339008e+00,-3.298697e+00,-5.513596e-01,-2.907871e-01,-1.724414e-01,-1.883930e+00,-2.020473e+00,-2.958652e-01,6.308767e-01,-2.925099e-01,7.034604e-01
3.388424e+00,-3.263455e+00,-5.012981e-01,-3.336254e-01,-1.954310e-01,-1.805676e+00,-2.076440e+00,-3.042256e-01,5.798688e-01,-2.626462e-01,8.699103e-01
3.284749e+00,-3.258400e+00,-4.455862e-01,-2.289269e-01,-2.578011e-02,-1.982663e+00,-2.047064e+00,-3.668924e-01,6.911215e-01,-1.955004e-01,8.091626e-01
3.305388e+00,-3.280148e+00,-4.895243e-01,-3.510254e-01,-1.585034e-01,-1.878758e+00,-2.070015e+00,-3.952717e-01,5.758264e-01,-2.128414e-01,8.514731e-01
3.416692e+00,-3.301852e+00,-5.123832e-01,-2.215907e-01,-1.637964e-01,-1.775596e+00,-2.143242e+00,-2.079128e-01,5.887655e-01,-2.423107e-01,7.744072e-01
3.323782e+00,-3.260692e+00,-5.721543e-01,-3.877308e-01,-5.717173e-02,-1.938978e+00,-2.023145e+00,-3.077854e-01,6.283366e-01,-3.174107e-01,7.801045e-01
3.372088e+00,-3.273809e+00,-4.801819e-01,-3.058903e-01,-8.783752e-02,-1.887967e+00,-2.100018e+00,-2.578313e-01,6.223938e-01,-2.800302e-01,8.013255e-01
3.361070e+00,-3.308018e+00,-4.760850e-01,-2.134286e-01,-1.441533e-01,-1.869221e+00,-2.215157e+00,-2.453761e-01,5.958027e-01,-2.549235e-01,8.249563e-01
3.273665e+00,-3.195804e+00,-5.774886e-01,-3.336484e-01,-7.560700e-02,-1.911864e+00,-2.069061e+00,-2.991012e-01,6.013622e-01,-2.653269e-01,7.824829e-01
3.429487e+00,-3.344236e+00,-5.005270e-01,-2.956802e-01,-5.876573e-02,-1.888449e+00,-2.068620e+00,-2.667101e-01,6.754501e-01,-3.036292e-01,7.855898e-01
3.392808e+00,-3.304383e+00,-5.193450e-01,-3.200483e-01,-1.712272e-01,-1.800127e+00,-2.075725e+00,-3.248194e-01,5.823529e-01,-2.317614e-01,8.514183e-01
3.309698e+00,-3.260177e+00,-4.893310e-01,-2.316000e-01,-3.145237e-02,-1.957479e+00,-2.062512e+00,-3.254994e-01,6.918350e-01,-2.052036e-01,7.753780e-01
3.346759e+00,-3.273764e+00,-4.994024e-01,-2.786796e-01,-1.043985e-01,-1.942258e+00,-2.139452e+00,-3.302657e-01,6.088626e-01,-2.512111e-01,8.382316e-01
3.460967e+00,-3.359494e+00,-4.660488e-01,-2.736455e-01,-1.527198e-01,-1.853369e+00,-2.026114e+00,-3.058009e-01,6.595200e-01,-2.791057e-01,7.758542e-01
3.324133e+00,-3.290370e+00,-5.509288e-01,-3.124284e-01,-1.305658e-01,-1.929595e+00,-1.955225e+00,-3.670209e-01,6.582634e-01,-2.399946e-01,6.846069e-01
3.419161e+00,-3.300771e+00,-4.741241e-01,-2.472839e-01,-1.624186e-01,-1.829814e+00,-2.022898e+00,-3.656427e-01,6.072049e-01,-1.622060e-01,7.912269e-01
3.391708e+00,-3.302379e+00,-4.958655e-01,-1.651122e-01,-1.292134e-01,-1.877029e+00,-2.128636e+00,-3.285294e-01,6.574507e-01,-1.911346e-01,8.074535e-01
3.268185e+00,-3.205987e+00,-4.985309e-01,-3.213086e-01,-1.474627e-01,-1.901950e+00,-1.983772e+00,-4.589676e-01,5.961318e-01,-1.597491e-01,7.877004e-01
3.420421e+00,-3.332854e+00,-4.877606e-01,-2.005195e-01,-2.028103e-01,-1.787896e+00,-2.059753e+00,-2.638250e-01,6.273866e-01,-2.085316e-01,7.473730e-01
3.360952e+00,-3.329330e+00,-5.038720e-01,-3.846954e-01,-2.332044e-01,-1.831291e+00,-2.011983e+00,-3.600965e-01,5.671847e-01,-2.536533e-01,7.642322e-01
3.308593e+00,-3.236218e+00,-4.555681e-01,-2.496489e-01,-6.162108e-02,-1.940857e+00,-2.011581e+00,-3.459160e-01,6.753911e-01,-2.177767e-01,7.711656e-01
3.302665e+00,-3.327281e+00,-4.718890e-01,-2.366805e-01,-1.905307e-01,-1.879786e+00,-2.148029e+00,-3.567729e-01,6.019648e-01,-1.965916e-01,8.289263e-01
3.369072e+00,-3.332255e+00,-4.647583e-01,-2.906965e-01,-1.484556e-01,-1.846768e+00,-2.061226e+00,-3.283174e-01,6.074137e-01,-2.101737e-01,7.875483e-01
3.334116e+00,-3.336367e+00,-4.643947e-01,-3.079388e-01,-5.909792e-02,-1.935011e+00,-1.972951e+00,-3.674612e-01,6.810566e-01,-2.381820e-01,7.432191e-01
3.397247e+00,-3.344620e+00,-4.901719e-01,-3.658148e-01,-1.415608e-01,-1.851552e+00,-2.061075e+00,-3.272448e-01,6.065930e-01,-2.666829e-01,8.377513e-01
3.349675e+00,-3.287882e+00,-4.431468e-01,-2.266697e-01,-7.347594e-02,-1.915561e+00,-2.101712e+00,-2.744192e-01,6.654883e-01,-2.524518e-01,7.879554e-01
3.243844e+00,-3.283659e+00,-4.430103e-01,-3.495034e-01,-1.228882e-01,-1.948669e+00,-2.011295e+00,-4.218656e-01,6.140557e-01,-2.013080e-01,7.974563e-01
3.404835e+00,-3.327692e+00,-5.155581e-01,-2.473022e-01,-1.467065e-01,-1.828090e+00,-2.102261e+00,-2.183931e-01,6.322346e-01,-2.659904e-01,7.676519e-01
3.329380e+00,-3.292286e+00,-5.461622e-01,-3.055173e-01,-1.308431e-01,-1.863631e+00,-2.076641e+00,-2.995751e-01,6.101541e-01,-2.429683e-01,7.733713e-01
3.305831e+00,-3.242709e+00,-5.359417e-01,-2.604946e-01,-4.374844e-02,-1.941918e+00,-2.046692e+00,-3.296820e-01,6.562607e-01,-2.164837e-01,7.986346e-01
3.332600e+00,-3.271254e+00,-5.145794e-01,-1.754879e-01,-1.535687e-01,-1.856812e+00,-2.194181e+00,-2.590541e-01,6.059179e-01,-1.905869e-01,8.194837e-01
3.308949e+00,-3.201114e+00,-5.416202e-01,-2.466712e-01,-1.832554e-01,-1.832023e+00,-2.081167e+00,-2.989864e-01,5.693523e-01,-1.978100e-01,8.116085e-01
3.346279e+00,-3.235065e+00,-5.922148e-01,-2.878249e-01,-6.269846e-02,-1.962001e+00,-1.983627e+00,-2.851309e-01,6.805056e-01,-3.077801e-01,7.188650e-01
3.360256e+00,-3.189678e+00,-6.026791e-01,-2.760424e-01,-2.475731e-01,-1.766685e+00,-2.094662e+00,-2.560612e-01,5.176242e-01,-2.223680e-01,8.039692e-01
3.330556e+00,-3.215688e+00,-5.503963e-01,-1.406997e-01,-1.117707e-01,-1.897845e+00,-2.104963e+00,-2.953822e-01,6.382210e-01,-1.995600e-01,7.924472e-01
3.256815e+00,-3.188962e+00,-5.815673e-01,-2.717659e-01,-1.146395e-01,-1.942164e+00,-2.049535e+00,-3.934890e-01,6.067006e-01,-1.978359e-01,7.931591e-01
3.432440e+00,-3.270276e+00,-5.346479e-01,-1.988659e-01,-1.529091e-01,-1.797013e+00,-2.137199e+00,-2.162739e-01,6.069810e-01,-2.116007e-01,8.097600e-01
3.328047e+00,-3.285579e+00,-5.878773e-01,-2.907195e-01,-1.653221e-01,-1.872051e+00,-2.042808e+00,-2.991750e-01,5.995104e-01,-2.512734e-01,7.244712e-01
3.281084e+00,-3.225812e+00,-5.308634e-01,-3.192372e-01,-1.194865e-01,-1.925307e+00,-1.987222e+00,-3.582287e-01,6.180550e-01,-2.327939e-01,7.321786e-01
3.411673e+00,-3.334065e+00,-4.204418e-01,-1.973462e-01,-1.142714e-01,-1.883054e+00,-2.193223e+00,-2.594161e-01,6.383146e-01,-2.354428e-01,8.577663e-01
3.283781e+00,-3.220135e+00,-5.366277e-01,-2.880739e-01,-1.776528e-01,-1.837004e+00,-2.071473e+00,-3.447570e-01,5.654024e-01,-2.002450e-01,7.865721e-01
3.344624e+00,-3.293686e+00,-5.020076e-01,-2.743467e-01,-6.070053e-02,-1.906649e+00,-2.012822e+00,-3.142406e-01,6.755463e-01,-2.446709e-01,7.232743e-01
3.385423e+00,-3.381985e+00,-5.032701e-01,-3.147951e-01,-2.352347e-01,-1.773060e+00,-2.129272e+00,-3.129282e-01,5.512307e-01,-2.199537e-01,8.228732e-01
3.338259e+00,-3.288083e+00,-5.115495e-01,-2.453405e-01,-9.752633e-02,-1.891164e+00,-2.092511e+00,-2.991132e-01,6.391560e-01,-2.511845e-01,7.582649e-01
3.221250e+00,-3.225781e+00,-4.825981e-01,-2.488513e-01,-8.681655e-02,-1.968215e+00,-2.095572e+00,-3.740095e-01,6.453597e-01,-2.116108e-01,7.931021e-01
3.425552e+00,-3.366671e+00,-4.376086e-01,-2.638368e-01,-2.127788e-01,-1.781209e+00,-2.102758e+00,-2.640884e-01,5.920492e-01,-2.334493e-01,8.150410e-01
3.337810e+00,-3.308309e+00,-5.250686e-01,-2.958069e-01,-1.444873e-01,-1.885066e+00,-2.011989e+00,-3.109030e-01,6.401450e-01,-2.663544e-01,7.039957e-01
3.297735e+00,-3.252250e+00,-4.964746e-01,-3.433906e-01,-1.306409e-01,-1.876349e+00,-1.987165e+00,-4.048320e-01,5.811234e-01,-1.860855e-01,7.614104e-01
3.470743e+00,-3.357462e+00,-4.607803e-01,-1.543504e-01,-1.607062e-01,-1.800123e+00,-2.213008e+00,-2.343590e-01,6.136399e-01,-1.970523e-01,8.517927e-01
3.278742e+00,-3.247862e+00,-4.822676e-01,-2.925487e-01,-1.810028e-01,-1.880606e+00,-2.043250e+00,-4.337651e-01,5.775564e-01,-1.429025e-01,8.017696e-01
3.317374e+00,-3.258406e+00,-5.076112e-01,-2.418551e-01,-1.049709e-01,-1.921066e+00,-1.952467e+00,-3.581422e-01,6.643277e-01,-2.008515e-01,7.155984e-01
3.455511e+00,-3.310441e+00,-5.553536e-01,-2.586247e-01,-2.722097e-01,-1.753795e+00,-2.082204e+00,-2.553039e-01,5.591691e-01,-2.467893e-01,7.808542e-01
3.383626e+00,-3.239156e+00,-5.142010e-01,-2.544958e-01,-8.763518e-02,-1.936076e+00,-1.997433e+00,-3.530317e-01,6.604141e-01,-2.467794e-01,7.696871e-01
3.285737e+00,-3.228753e+00,-5.020773e-01,-1.730731e-01,-1.026161e-01,-1.955837e+00,-2.055054e+00,-3.862768e-01,6.471235e-01,-1.568437e-01,7.788111e-01
3.423811e+00,-3.329253e+00,-5.090831e-01,-2.454705e-01,-2.117303e-01,-1.806221e+00,-2.136434e+00,-2.966126e-01,5.746921e-01,-1.887656e-01,8.499043e-01
3.331381e+00,-3.246284e+00,-5.543160e-01,-2.318320e-01,-5.476986e-02,-1.935141e+00,-2.000821e+00,-3.248130e-01,6.830411e-01,-2.483201e-01,7.580587e-01
3.313661e+00,-3.223213e+00,-5.918882e-01,-3.716247e-01,-1.058397e-01,-1.913596e+00,-2.006317e+00,-3.438055e-01,5.792181e-01,-2.529518e-01,7.953181e-01
3.470892e+00,-3.310118e+00,-4.945161e-01,-1.699155e-01,-1.333697e-01,-1.820191e+00,-2.208220e+00,-1.491155e-01,6.268226e-01,-2.569224e-01,8.743669e-01
3.267044e+00,-3.217198e+00,-5.175319e-01,-2.563650e-01,-9.307334e-02,-1.954531e+00,-2.096772e+00,-3.358549e-01,6.143198e-01,-2.238198e-01,8.523878e-01
3.343537e+00,-3.244895e+00,-5.536461e-01,-2.929509e-01,-3.311318e-02,-1.943099e+00,-2.039701e+00,-2.593326e-01,6.549620e-01,-2.854512e-01,7.721002e-01
3.480341e+00,-3.356911e+00,-5.492246e-01,-2.386709e-01,-1.849126e-01,-1.762537e+00,-2.216844e+00,-1.566499e-01,5.695759e-01,-2.847624e-01,8.594529e-01
3.329471e+00,-3.286686e+00,-5.148221e-01,-3.171481e-01,-6.318865e-02,-1.924871e+00,-2.025532e+00,-3.490716e-01,6.240459e-01,-2.423626e-01,8.111731e-01
3.360622e+00,-3.290408e+00,-4.517105e-01,-2.672816e-01,1.030243e-02,-1.995920e+00,-2.056854e+00,-3.288816e-01,6.902291e-01,-2.396993e-01,8.267587e-01
3.439997e+00,-3.298526e+00,-4.908234e-01,-2.822390e-01,-2.246693e-01,-1.767152e+00,-2.225307e+00,-2.315631e-01,5.207226e-01,-2.591366e-01,9.573804e-01
3.350612e+00,-3.298063e+00,-5.040627e-01,-2.995208e-01,-8.630891e-02,-1.931358e+00,-1.989081e+00,-2.893469e-01,6.544710e-01,-2.788292e-01,7.349168e-01
3.245446e+00,-3.216616e+00,-5.764776e-01,-3.380559e-01,-2.015439e-01,-1.871405e+00,-2.015180e+00,-3.406232e-01,5.241538e-01,-1.990921e-01,7.003763e-01
3.435790e+00,-3.309362e+00,-4.904510e-01,-1.232583e-01,-2.217014e-01,-1.731470e+00,-2.225589e+00,-1.786612e-01,5.609765e-01,-1.676514e-01,8.563762e-01
3.271991e+00,-3.233593e+00,-5.095435e-01,-2.584863e-01,-8.965251e-02,-1.948900e+00,-2.056169e+00,-3.841570e-01,6.278794e-01,-1.719108e-01,8.134613e-01
3.286926e+00,-3.232664e+00,-5.600233e-01,-2.389534e-01,-1.675688e-01,-1.887519e+00,-2.031551e+00,-3.711337e-01,5.896796e-01,-2.019539e-01,7.363953e-01
3.443516e+00,-3.345944e+00,-5.449916e-01,-1.585012e-01,-2.891639e-01,-1.723160e+00,-2.124940e+00,-2.110576e-01,5.551577e-01,-1.863610e-01,7.623556e-01
3.297864e+00,-3.224727e+00,-5.770758e-01,-2.953089e-01,-2.113340e-01,-1.878154e+00,-1.976597e+00,-3.692085e-01,5.652154e-01,-1.820267e-01,6.957904e-01
3.348077e+00,-3.222459e+00,-5.125984e-01,-1.353578e-01,-9.153191e-02,-1.950195e+00,-2.050263e+00,-3.437199e-01,6.706590e-01,-1.874921e-01,7.452672e-01
3.378084e+00,-3.296777e+00,-5.261121e-01,-2.089945e-01,-3.160058e-01,-1.735860e+00,-2.162729e+00,-3.116057e-01,5.103831e-01,-1.199690e-01,8.447371e-01
3.325149e+00,-3.254216e+00,-5.524680e-01,-2.123054e-01,-1.023210e-01,-1.910136e+00,-1.973883e+00,-3.514876e-01,6.686590e-01,-1.963316e-01,6.961804e-01
3.301370e+00,-3.272516e+00,-5.703741e-01,-2.609495e-01,-1.626270e-01,-1.872370e+00,-2.006034e+00,-3.666796e-01,5.911037e-01,-1.684216e-01,7.181972e-01
3.437020e+00,-3.309961e+00,-5.670245e-01,-1.741355e-01,-2.176406e-01,-1.745669e+00,-2.219375e+00,-1.657263e-01,5.710946e-01,-2.215985e-01,8.305405e-01
3.270207e+00,-3.206678e+00,-4.931048e-01,-1.748863e-01,-8.542412e-02,-1.937740e+00,-2.087852e+00,-3.164101e-01,6.347622e-01,-1.598469e-01,7.707656e-01
3.288036e+00,-3.268771e+00,-4.874551e-01,-3.040337e-01,-1.251247e-01,-1.928448e+00,-1.999632e+00,-3.696592e-01,5.996292e-01,-1.953721e-01,7.697364e-01
3.471037e+00,-3.346451e+00,-5.069514e-01,-2.325034e-01,-1.673607e-01,-1.788553e+00,-2.128203e+00,-1.723755e-01,6.011884e-01,-2.565322e-01,7.868949e-01
3.274598e+00,-3.190663e+00,-5.828556e-01,-3.430404e-01,-1.222861e-01,-1.871391e+00,-2.038346e+00,-3.314267e-01,5.489968e-01,-1.867260e-01,8.033172e-01
3.308673e+00,-3.215737e+00,-5.317365e-01,-1.972356e-01,-3.478946e-02,-1.926190e+00,-2.107059e+00,-2.702376e-01,6.383149e-01,-2.014991e-01,8.087892e-01
3.362034e+00,-3.255259e+00,-5.089646e-01,-1.951753e-01,-2.257632e-01,-1.768882e+00,-2.221307e+00,-2.483028e-01,5.263523e-01,-1.686471e-01,9.055214e-01
3.272149e+00,-3.193789e+00,-5.747556e-01,-2.452008e-01,-9.544782e-02,-1.928788e+00,-2.043340e+00,-2.940640e-01,5.989132e-01,-2.282702e-01,7.431787e-01
3.356210e+00,-3.222391e+00,-5.898786e-01,-3.125327e-01,-1.232773e-01,-1.887919e+00,-2.042099e+00,-2.383153e-01,5.732395e-01,-2.854787e-01,7.455219e-01
3.428819e+00,-3.274606e+00,-5.661993e-01,-2.524400e-01,-2.148119e-01,-1.794592e+00,-2.171193e+00,-1.954156e-01,5.117174e-01,-2.450187e-01,8.363527e-01
3.337019e+00,-3.227210e+00,-4.863381e-01,-2.077761e-01,-1.340749e-02,-1.990358e+00,-2.049228e+00,-3.498090e-01,6.673655e-01,-2.178846e-01,8.354685e-01
3.339597e+00,-3.232333e+00,-5.573600e-01,-3.113427e-01,-1.307359e-01,-1.902812e+00,-2.041165e+00,-3.695023e-01,5.575288e-01,-2.092482e-01,8.106025e-01
3.521678e+00,-3.323436e+00,-5.461091e-01,-1.737763e-01,-1.227499e-01,-1.825578e+00,-2.139173e+00,-1.920511e-01,6.130048e-01,-2.569863e-01,8.409792e-01
3.299056e+00,-3.229684e+00,-6.150640e-01,-3.095567e-01,-1.843297e-01,-1.896365e+00,-1.961445e+00,-3.850800e-01,5.479709e-01,-1.731466e-01,7.150308e-01
3.327594e+00,-3.217582e+00,-6.006384e-01,-1.703409e-01,-1.454048e-01,-1.916611e+00,-2.051716e+00,-2.747999e-01,6.078859e-01,-1.920230e-01,6.983057e-01
3.404499e+00,-3.271939e+00,-5.347330e-01,-1.282556e-01,-2.094410e-01,-1.841421e+00,-2.190374e+00,-2.527785e-01,5.466982e-01,-1.741062e-01,8.180519e-01
3.328882e+00,-3.263603e+00,-5.459635e-01,-2.623768e-01,-8.373074e-02,-1.975977e+00,-1.954538e+00,-3.775345e-01,6.539052e-01,-2.067073e-01,7.287241e-01
3.408120e+00,-3.309426e+00,-5.244618e-01,-2.440173e-01,-7.139026e-02,-1.924773e+00,-1.979591e+00,-3.229523e-01,6.590923e-01,-2.225539e-01,7.565592e-01
3.408404e+00,-3.351784e+00,-5.265938e-01,-2.633920e-01,-2.015122e-01,-1.828217e+00,-2.068030e+00,-3.310595e-01,5.670382e-01,-1.837121e-01,8.397808e-01
3.309661e+00,-3.229242e+00,-5.193269e-01,-2.081732e-01,-1.390814e-02,-1.985743e+00,-2.031647e+00,-3.180110e-01,6.623885e-01,-1.809082e-01,7.512074e-01
3.307951e+00,-3.259829e+00,-4.569173e-01,-2.843888e-01,-1.316827e-01,-1.937899e+00,-2.052171e+00,-4.009234e-01,5.841215e-01,-1.608461e-01,8.509409e-01
3.447217e+00,-3.351936e+00,-4.780983e-01,-2.188406e-01,-1.720580e-01,-1.839724e+00,-2.056028e+00,-2.436298e-01,6.179538e-01,-2.416841e-01,7.927631e-01
3.293162e+00,-3.266675e+00,-5.415957e-01,-3.410071e-01,-1.393598e-01,-1.917198e+00,-1.961155e+00,-3.440007e-01,5.760549e-01,-1.929961e-01,7.384499e-01
3.364165e+00,-3.293542e+00,-4.829544e-01,-2.527995e-01,-8.745044e-02,-1.921159e+00,-2.042743e+00,-3.316352e-01,6.113863e-01,-1.920036e-01,8.167233e-01
3.338321e+00,-3.264272e+00,-5.148763e-01,-1.641347e-01,-1.701608e-01,-1.838793e+00,-2.174715e+00,-2.606139e-01,5.603142e-01,-1.399146e-01,8.471538e-01
3.226445e+00,-3.194958e+00,-5.278270e-01,-2.496929e-01,-1.476920e-01,-1.898544e+00,-2.021909e+00,-3.655532e-01,5.735343e-01,-1.176622e-01,8.109162e-01
3.375501e+00,-3.286421e+00,-5.030508e-01,-2.260113e-01,-1.138624e-01,-1.880442e+00,-1.993434e+00,-2.817981e-01,6.186256e-01,-1.997910e-01,7.690760e-01
3.328867e+00,-3.217047e+00,-6.047550e-01,-2.999268e-01,-2.728368e-01,-1.779042e+00,-2.085058e+00,-2.553625e-01,4.826415e-01,-2.112793e-01,7.977291e-01
3.326728e+00,-3.211572e+00,-4.971914e-01,-2.019513e-01,-3.128624e-02,-1.990429e+00,-2.005384e+00,-3.247799e-01,6.592024e-01,-2.080015e-01,7.739453e-01
3.330194e+00,-3.245054e+00,-5.488141e-01,-2.329994e-01,-1.977449e-01,-1.869907e+00,-2.081845e+00,-3.523536e-01,5.154328e-01,-1.525622e-01,7.893540e-01
3.403574e+00,-3.297816e+00,-5.562952e-01,-2.219551e-01,-1.175910e-01,-1.906204e+00,-2.041521e+00,-3.118080e-01,6.146575e-01,-2.116877e-01,7.624584e-01
3.324440e+00,-3.198667e+00,-6.477101e-01,-2.067920e-01,-9.770826e-02,-1.926950e+00,-1.991617e+00,-3.261304e-01,5.994232e-01,-1.794839e-01,7.092702e-01
3.449718e+00,-3.298807e+00,-6.308024e-01,-2.606584e-01,-1.139724e-01,-1.946430e+00,-2.051411e+00,-2.981382e-01,5.717579e-01,-2.417359e-01,7.692574e-01
3.425142e+00,-3.251316e+00,-5.203611e-01,-1.326411e-01,-9.429772e-02,-1.930304e+00,-2.071553e+00,-2.887110e-01,6.314095e-01,-1.957677e-01,7.812134e-01
3.297298e+00,-3.179182e+00,-5.841744e-01,-2.650783e-01,-8.701400e-02,-2.000329e+00,-1.988202e+00,-3.916004e-01,5.886256e-01,-2.001500e-01,7.907999e-01
3.420134e+00,-3.249705e+00,-6.138699e-01,-1.984457e-01,-9.696821e-02,-1.913446e+00,-2.046641e+00,-2.274901e-01,6.126978e-01,-2.408484e-01,7.228007e-01
3.363745e+00,-3.225981e+00,-6.427443e-01,-2.788557e-01,-1.485784e-01,-1.866456e+00,-2.095722e+00,-2.715234e-01,5.286462e-01,-2.165729e-01,8.158078e-01
3.314358e+00,-3.204639e+00,-5.744193e-01,-1.751422e-01,-5.115950e-02,-1.946528e+00,-2.035075e+00,-3.096442e-01,6.202957e-01,-1.683512e-01,7.597107e-01
3.365707e+00,-3.231201e+00,-5.375135e-01,-2.219860e-01,-9.131231e-02,-1.921529e+00,-2.132114e+00,-2.983614e-01,5.890678e-01,-2.247428e-01,8.805613e-01
3.360434e+00,-3.221423e+00,-5.669995e-01,-2.320831e-01,-1.111576e-01,-1.904812e+00,-2.097041e+00,-2.619451e-01,5.657938e-01,-2.367644e-01,8.115706e-01
3.306121e+00,-3.202838e+00,-5.824590e-01,-2.601251e-01,-1.101847e-01,-1.917663e+00,-1.964323e+00,-2.840875e-01,6.092768e-01,-2.187110e-01,7.170058e-01
3.361806e+00,-3.255106e+00,-5.505906e-01,-2.942458e-01,-2.255848e-01,-1.802067e+00,-2.074791e+00,-2.575290e-01,4.967333e-01,-1.835410e-01,8.124379e-01
3.359724e+00,-3.245553e+00,-5.074693e-01,-1.485560e-01,-1.090110e-01,-1.885088e+00,-2.133445e+00,-2.489379e-01,5.685988e-01,-1.470962e-01,8.035997e-01
3.232128e+00,-3.163310e+00,-5.466776e-01,-3.097396e-01,-1.122509e-01,-1.942450e+00,-2.020434e+00,-4.078726e-01,5.459392e-01,-1.277194e-01,8.411339e-01
3.403278e+00,-3.281853e+00,-5.158573e-01,-1.714714e-01,-1.352505e-01,-1.833062e+00,-2.086826e+00,-2.447318e-01,5.927686e-01,-1.770430e-01,8.011017e-01
3.343135e+00,-3.277300e+00,-5.520495e-01,-2.952225e-01,-1.758012e-01,-1.876699e+00,-1.977004e+00,-3.442845e-01,5.477597e-01,-1.852511e-01,7.767369e-01
3.287260e+00,-3.233393e+00,-5.739203e-01,-2.676459e-01,-1.026787e-01,-1.973723e+00,-1.983976e+00,-3.214276e-01,6.033358e-01,-2.083376e-01,7.131377e-01
3.373061e+00,-3.245700e+00,-4.911399e-01,-1.379902e-01,-1.385400e-01,-1.887260e+00,-2.100085e+00,-2.747045e-01,5.791883e-01,-1.501851e-01,8.073824e-01
3.324332e+00,-3.273373e+00,-5.794967e-01,-2.089171e-01,-2.019431e-01,-1.898361e+00,-2.036723e+00,-3.459290e-01,5.707555e-01,-1.540904e-01,7.609315e-01
3.361519e+00,-3.261240e+00,-5.641122e-01,-1.904172e-01,-7.754713e-02,-1.952326e+00,-1.943121e+00,-3.393093e-01,6.356942e-01,-1.537513e-01,6.877238e-01
3.383113e+00,-3.307527e+00,-6.148536e-01,-2.397030e-01,-2.550989e-01,-1.826325e+00,-2.066600e+00,-3.373323e-01,4.922572e-01,-1.287776e-01,7.655300e-01
3.387451e+00,-3.233482e+00,-6.104909e-01,-1.289239e-01,-1.040282e-01,-1.930350e+00,-2.058504e+00,-2.764018e-01,6.147662e-01,-1.789915e-01,7.294466e-01
3.261999e+00,-3.185363e+00,-5.242622e-01,-1.863423e-01,-1.087315e-01,-1.993542e+00,-1.984114e+00,-4.225902e-01,5.975866e-01,-9.167881e-02,7.838995e-01
3.410553e+00,-3.289960e+00,-5.778225e-01,-1.441829e-01,-2.122984e-01,-1.853097e+00,-2.072289e+00,-2.453247e-01,5.691819e-01,-1.851606e-01,7.525410e-01
3.372231e+00,-3.245545e+00,-5.923843e-01,-2.440302e-01,-1.470119e-01,-1.900431e+00,-1.992181e+00,-2.759885e-01,5.592196e-01,-1.879683e-01,7.041344e-01
3.297565e+00,-3.202591e+00,-5.915884e-01,-2.644989e-01,-6.108915e-02,-1.973971e+00,-1.991822e+00,-3.358832e-01,5.765366e-01,-1.702221e-01,7.699784e-01
3.407504e+00,-3.262849e+00,-5.379659e-01,-1.489506e-01,-1.104133e-01,-1.890441e+00,-2.148007e+00,-2.400333e-01,5.701724e-01,-1.663276e-01,8.502251e-01
3.287145e+00,-3.204766e+00,-5.451499e-01,-2.827315e-01,-1.372488e-01,-1.928482e+00,-2.041055e+00,-3.753346e-01,5.339790e-01,-1.570663e-01,8.560953e-01
3.337985e+00,-3.208295e+00,-5.798439e-01,-2.257875e-01,-4.636204e-02,-1.953851e+00,-2.012250e+00,-2.455989e-01,6.111120e-01,-2.080320e-01,7.662425e-01
3.445016e+00,-3.247889e+00,-5.707663e-01,-3.461053e-01,-1.774405e-01,-1.826969e+00,-2.066093e+00,-2.164338e-01,4.936504e-01,-2.448159e-01,8.552292e-01
3.330369e+00,-3.183164e+00,-5.876468e-01,-1.940953e-01,-7.375029e-02,-1.938071e+00,-2.105743e+00,-2.038223e-01,5.651022e-01,-2.199276e-01,7.999188e-01
3.305859e+00,-3.172429e+00,-5.452397e-01,-2.475883e-01,-2.353126e-02,-1.983710e+00,-2.074857e+00,-2.995074e-01,5.821030e-01,-1.863070e-01,8.784151e-01
3.501793e+00,-3.326887e+00,-5.169803e-01,-2.799487e-01,-5.131992e-02,-1.924108e+00,-2.085355e+00,-2.739791e-01,6.227616e-01,-2.883431e-01,9.076323e-01
3.385907e+00,-3.223614e+00,-5.910331e-01,-2.217521e-01,-4.765471e-02,-1.906979e+00,-2.051556e+00,-2.390627e-01,5.975895e-01,-2.194126e-01,7.961212e-01
3.289285e+00,-3.228857e+00,-6.101408e-01,-3.111392e-01,-1.106383e-01,-1.946940e+00,-1.969943e+00,-3.610364e-01,5.811928e-01,-2.081041e-01,7.555611e-01
3.461395e+00,-3.293590e+00,-5.097115e-01,-1.303820e-01,-1.318273e-01,-1.869328e+00,-2.161814e+00,-2.075671e-01,6.142331e-01,-2.089609e-01,8.579798e-01
3.315031e+00,-3.209004e+00,-5.496278e-01,-2.665568e-01,-1.301052e-01,-1.947098e+00,-2.079417e+00,-3.570045e-01,5.401731e-01,-1.846993e-01,8.362123e-01
3.365387e+00,-3.245768e+00,-5.728789e-01,-2.171964e-01,-6.510479e-02,-1.969407e+00,-1.960866e+00,-3.170024e-01,6.464246e-01,-2.031849e-01,6.800822e-01
3.469213e+00,-3.328113e+00,-5.820481e-01,-2.041956e-01,-2.356576e-01,-1.793244e+00,-2.085625e+00,-2.667904e-01,5.147183e-01,-1.451126e-01,7.585680e-01
3.391710e+00,-3.302675e+00,-5.416364e-01,-2.235609e-01,-7.728091e-02,-1.961234e+00,-1.969235e+00,-3.794807e-01,6.218338e-01,-1.598179e-01,7.149946e-01
3.333829e+00,-3.197193e+00,-5.694934e-01,-1.662884e-01,-6.753960e-02,-1.984377e+00,-2.008504e+00,-3.764630e-01,6.376904e-01,-1.580662e-01,7.595381e-01
3.435829e+00,-3.332037e+00,-5.159954e-01,-1.907342e-01,-2.466808e-01,-1.825402e+00,-2.135488e+00,-3.055585e-01,5.257033e-01,-1.611276e-01,8.214493e-01
3.338021e+00,-3.256904e+00,-5.718835e-01,-2.252696e-01,-1.627574e-01,-1.922162e+00,-1.979704e+00,-3.165249e-01,5.747224e-01,-1.973236e-01,6.285675e-01
3.286980e+00,-3.196625e+00,-5.711412e-01,-3.319094e-01,-1.873453e-01,-1.887339e+00,-1.928857e+00,-3.907241e-01,5.352553e-01,-1.647155e-01,7.418850e-01
3.439762e+00,-3.295233e+00,-5.026885e-01,-1.250764e-01,-1.691094e-01,-1.805107e+00,-2.170395e+00,-2.173010e-01,5.828649e-01,-1.808905e-01,8.492935e-01
3.313457e+00,-3.239117e+00,-4.682781e-01,-3.061197e-01,-9.392806e-02,-1.952493e+00,-2.025921e+00,-4.209496e-01,5.681830e-01,-1.474094e-01,8.478832e-01
3.265645e+00,-3.212937e+00,-5.575658e-01,-1.772832e-01,-1.456977e-01,-1.885239e+00,-2.056332e+00,-3.210928e-01,5.747513e-01,-1.416838e-01,7.239474e-01
3.400473e+00,-3.296315e+00,-5.577344e-01,-2.142663e-01,-2.650875e-01,-1.728050e+00,-2.159416e+00,-1.868096e-01,4.773673e-01,-1.737291e-01,7.834343e-01
3.301824e+00,-3.224721e+00,-5.938359e-01,-2.941271e-01,-1.280729e-01,-1.928080e+00,-2.024106e+00,-2.917078e-01,5.739949e-01,-2.314404e-01,7.372161e-01
3.281358e+00,-3.200425e+00,-4.884564e-01,-1.689385e-01,-6.407305e-02,-1.959509e+00,-2.075436e+00,-2.979181e-01,6.279723e-01,-1.617332e-01,8.109195e-01
3.386291e+00,-3.305695e+00,-5.229618e-01,-1.996253e-01,-2.687261e-01,-1.767302e+00,-2.215241e+00,-2.311495e-01,4.873714e-01,-1.635166e-01,8.765130e-01
3.394056e+00,-3.311856e+00,-4.922239e-01,-2.659199e-01,-2.264187e-02,-1.958867e+00,-1.981989e+00,-3.118402e-01,6.576973e-01,-2.143154e-01,7.476041e-01
3.287749e+00,-3.208259e+00,-6.096153e-01,-3.427295e-01,-8.044103e-02,-1.934993e+00,-2.015952e+00,-3.377539e-01,5.398474e-01,-1.994262e-01,7.703835e-01
3.476116e+00,-3.338408e+00,-5.342236e-01,-1.751915e-01,-1.499501e-01,-1.814204e+00,-2.180688e+00,-1.590954e-01,5.845987e-01,-1.932210e-01,8.245688e-01
3.275843e+00,-3.174402e+00,-5.220153e-01,-1.579070e-01,-1.021075e-01,-1.943476e+00,-2.077146e+00,-3.263227e-01,5.980089e-01,-1.294651e-01,7.970609e-01
3.287585e+00,-3.197244e+00,-6.145844e-01,-2.077308e-01,-1.066125e-01,-1.956760e+00,-2.062476e+00,-2.726433e-01,5.963291e-01,-2.040670e-01,7.476508e-01
3.535374e+00,-3.318350e+00,-5.658190e-01,-2.038056e-01,-1.570648e-01,-1.809611e+00,-2.114551e+00,-1.632278e-01,5.973338e-01,-2.480819e-01,8.113302e-01
3.301384e+00,-3.193315e+00,-6.437589e-01,-2.619677e-01,-1.193178e-01,-1.936175e+00,-2.004101e+00,-3.568500e-01,5.869674e-01,-2.160124e-01,7.827837e-01
3.319136e+00,-3.180005e+00,-6.000957e-01,-1.109397e-01,-8.822288e-02,-1.928387e+00,-2.075185e+00,-2.882990e-01,6.273684e-01,-1.477409e-01,7.609791e-01
3.420551e+00,-3.210988e+00,-5.726771e-01,-1.950732e-01,-2.044274e-01,-1.806825e+00,-2.209470e+00,-2.469714e-01,4.963739e-01,-1.686260e-01,9.322822e-01
3.327042e+00,-3.195104e+00,-5.865762e-01,-1.993679e-01,-6.413538e-02,-1.964562e+00,-2.002658e+00,-3.027250e-01,6.363632e-01,-2.409965e-01,7.510847e-01
3.315055e+00,-3.211484e+00,-5.665179e-01,-3.160242e-01,-1.650246e-01,-1.891095e+00,-1.945013e+00,-3.413588e-01,5.822089e-01,-2.230334e-01,7.647872e-01
3.463480e+00,-3.351185e+00,-5.068834e-01,-2.194822e-01,-2.119770e-01,-1.818352e+00,-2.141169e+00,-2.249931e-01,5.599911e-01,-2.393688e-01,8.284892e-01
3.328155e+00,-3.244082e+00,-4.503017e-01,-2.177578e-01,-5.794648e-02,-1.971216e+00,-2.060295e+00,-3.614410e-01,6.301205e-01,-1.622166e-01,8.411445e-01
3.227840e+00,-3.202362e+00,-5.971666e-01,-2.462554e-01,-1.671216e-01,-1.886881e+00,-2.118817e+00,-3.292408e-01,5.383773e-01,-1.777930e-01,7.488068e-01
3.466427e+00,-3.342105e+00,-4.996824e-01,-1.676708e-01,-1.961391e-01,-1.744540e+00,-2.169374e+00,-1.930327e-01,5.669075e-01,-1.995319e-01,8.131213e-01
3.262470e+00,-3.257094e+00,-5.478854e-01,-3.679112e-01,-1.499823e-01,-1.905689e+00,-1.961286e+00,-4.027498e-01,5.712298e-01,-2.111973e-01,7.681431e-01
3.343333e+00,-3.253209e+00,-5.039731e-01,-2.308551e-01,-7.441111e-02,-1.924898e+00,-2.071384e+00,-2.626706e-01,6.322870e-01,-2.463307e-01,7.426318e-01
3.380399e+00,-3.275883e+00,-4.444760e-01,-1.628201e-01,-2.472363e-01,-1.756102e+00,-2.234246e+00,-2.427987e-01,5.230695e-01,-1.189857e-01,9.005142e-01
3.283258e+00,-3.268949e+00,-5.328166e-01,-2.554535e-01,-1.043966e-01,-1.934669e+00,-2.022222e+00,-3.226092e-01,6.302894e-01,-2.131048e-01,7.135421e-01
3.327739e+00,-3.282794e+00,-5.308286e-01,-2.513334e-01,-1.552650e-01,-1.845084e+00,-2.029056e+00,-3.252354e-01,5.994064e-01,-1.894523e-01,7.364215e-01
3.440567e+00,-3.378728e+00,-5.384938e-01,-2.340071e-01,-2.046444e-01,-1.796267e+00,-2.166982e+00,-2.474631e-01,5.585162e-01,-1.984592e-01,8.142564e-01
3.358900e+00,-3.258289e+00,-4.761770e-01,-2.402449e-01,-9.368752e-03,-1.976699e+00,-2.031838e+00,-3.359581e-01,6.726998e-01,-2.004238e-01,7.792264e-01
3.261499e+00,-3.229872e+00,-5.143892e-01,-2.181981e-01,-2.114720e-01,-1.877149e+00,-2.065291e+00,-3.986098e-01,5.613863e-01,-1.307473e-01,7.804150e-01
3.448391e+00,-3.308319e+00,-5.328442e-01,-1.491467e-01,-2.278047e-01,-1.768786e+00,-2.111174e+00,-1.880968e-01,5.964372e-01,-2.004901e-01,7.683538e-01
3.307536e+00,-3.177727e+00,-5.645927e-01,-3.230071e-01,-1.436033e-01,-1.894056e+00,-1.903353e+00,-3.955036e-01,6.014067e-01,-1.922914e-01,7.350208e-01
3.378627e+00,-3.247993e+00,-5.771687e-01,-1.896146e-01,-8.976061e-02,-1.931893e+00,-2.054225e+00,-3.103579e-01,6.257660e-01,-2.061997e-01,7.426748e-01
3.415226e+00,-3.246689e+00,-5.196720e-01,-1.576660e-01,-2.046976e-01,-1.794119e+00,-2.158938e+00,-2.963462e-01,5.653648e-01,-1.603096e-01,8.639740e-01
3.266158e+00,-3.232563e+00,-5.791968e-01,-2.313320e-01,-1.385941e-01,-1.940560e+00,-2.052028e+00,-3.794452e-01,5.682029e-01,-1.760631e-01,6.985096e-01
3.336047e+00,-3.187148e+00,-5.879285e-01,-2.154047e-01,-1.147471e-01,-1.871899e+00,-2.044986e+00,-2.693436e-01,5.920408e-01,-2.119602e-01,7.306092e-01
3.402169e+00,-3.268869e+00,-5.998200e-01,-3.160223e-01,-2.033949e-01,-1.817468e+00,-2.135928e+00,-2.112333e-01,5.355828e-01,-2.974260e-01,8.200382e-01
3.289304e+00,-3.177075e+00,-5.497146e-01,-1.806649e-01,-6.257321e-02,-1.946929e+00,-2.087912e+00,-2.493248e-01,6.239314e-01,-2.109261e-01,7.733784e-01
3.274247e+00,-3.167566e+00,-5.376549e-01,-2.694558e-01,-1.233858e-01,-1.894295e+00,-2.118701e+00,-3.108903e-01,5.391340e-01,-1.946918e-01,8.580775e-01
3.403784e+00,-3.299388e+00,-5.672491e-01,-2.132334e-01,-1.293516e-01,-1.834761e+00,-2.208360e+00,-1.588078e-01,5.558043e-01,-2.305563e-01,7.696181e-01
3.321893e+00,-3.230999e+00,-5.393406e-01,-3.144929e-01,-6.542504e-02,-1.908273e+00,-2.010100e+00,-3.356663e-01,5.936216e-01,-2.082028e-01,7.808429e-01
3.294912e+00,-3.285291e+00,-5.582007e-01,-2.699760e-01,-1.159380e-01,-1.912333e+00,-2.071186e+00,-2.895997e-01,6.080310e-01,-2.391111e-01,7.377353e-01
3.389199e+00,-3.267506e+00,-4.624428e-01,-1.974576e-01,-9.486173e-02,-1.874406e+00,-2.189234e+00,-2.129507e-01,6.007415e-01,-2.127063e-01,8.702902e-01
3.209340e+00,-3.199552e+00,-5.508352e-01,-2.586012e-01,-1.062270e-01,-1.952483e+00,-2.079994e+00,-3.207599e-01,5.936588e-01,-1.978519e-01,7.483053e-01
3.312675e+00,-3.244858e+00,-5.571833e-01,-2.368817e-01,-1.273219e-01,-1.872640e+00,-2.061841e+00,-2.515356e-01,6.259151e-01,-2.466738e-01,7.170651e-01
3.340256e+00,-3.282556e+00,-5.409796e-01,-2.498624e-01,-2.686394e-01,-1.731390e+00,-2.128500e+00,-2.661076e-01,5.096648e-01,-1.472148e-01,8.277810e-01
3.228174e+00,-3.206661e+00,-5.656150e-01,-1.576332e-01,-1.270190e-01,-1.887782e+00,-2.099510e+00,-2.955349e-01,6.048274e-01,-1.323555e-01,6.860464e-01
3.276827e+00,-3.200195e+00,-4.941548e-01,-2.274922e-01,-1.539459e-01,-1.867913e+00,-2.104477e+00,-3.669214e-01,5.896678e-01,-1.474318e-01,8.491257e-01
3.330262e+00,-3.272778e+00,-5.282352e-01,-1.473065e-01,-2.136575e-01,-1.822088e+00,-2.121109e+00,-2.667902e-01,5.944215e-01,-1.594689e-01,7.587800e-01
3.297205e+00,-3.210072e+00,-5.350242e-01,-2.584677e-01,-1.744534e-01,-1.865823e+00,-1.918637e+00,-3.532118e-01,6.210711e-01,-1.806060e-01,6.962453e-01
3.291039e+00,-3.251503e+00,-5.861826e-01,-2.208307e-01,-2.466417e-01,-1.842131e+00,-2.037180e+00,-3.231349e-01,5.826678e-01,-1.849180e-01,7.229831e-01
3.413239e+00,-3.272924e+00,-4.780096e-01,-1.232417e-01,-1.649639e-01,-1.826535e+00,-2.114864e+00,-2.876395e-01,6.196699e-01,-1.478216e-01,8.046485e-01
3.285928e+00,-3.270329e+00,-4.818544e-01,-2.960172e-01,-1.243518e-01,-1.960846e+00,-1.994826e+00,-4.652228e-01,6.283781e-01,-1.426544e-01,8.069766e-01
3.353443e+00,-3.299624e+00,-5.151745e-01,-1.648340e-01,-1.704892e-01,-1.826446e+00,-2.066023e+00,-2.935719e-01,6.141013e-01,-1.422509e-01,7.311412e-01
3.339212e+00,-3.257322e+00,-5.654402e-01,-3.046260e-01,-2.642471e-01,-1.771063e+00,-2.045399e+00,-3.481472e-01,5.260553e-01,-1.965732e-01,7.703440e-01
3.276255e+00,-3.245983e+00,-5.538177e-01,-2.643982e-01,-1.060565e-01,-1.944894e+00,-2.054418e+00,-3.055766e-01,6.218470e-01,-2.531054e-01,6.854973e-01
3.308808e+00,-3.242278e+00,-4.365217e-01,-1.904095e-01,-1.714949e-01,-1.841621e+00,-2.141899e+00,-3.136636e-01,5.722382e-01,-1.435186e-01,8.123229e-01
3.355052e+00,-3.319979e+00,-4.981829e-01,-2.490941e-01,-1.567357e-01,-1.858583e+00,-2.126026e+00,-2.745785e-01,6.022655e-01,-2.192548e-01,7.717151e-01
3.266366e+00,-3.223149e+00,-5.383586e-01,-2.480637e-01,-8.466709e-02,-1.886432e+00,-2.006424e+00,-3.199756e-01,6.475331e-01,-1.916092e-01,7.215839e-01
3.351119e+00,-3.278955e+00,-5.826257e-01,-3.082104e-01,-1.159709e-01,-1.859057e+00,-2.142215e+00,-2.626511e-01,5.566612e-01,-2.654880e-01,7.917882e-01
3.359807e+00,-3.273924e+00,-5.212061e-01,-2.086122e-01,-8.956319e-02,-1.880076e+00,-2.158410e+00,-2.428206e-01,6.430680e-01,-2.495600e-01,8.193693e-01
3.181930e+00,-3.152710e+00,-4.736263e-01,-2.779558e-01,-1.098042e-01,-1.933613e+00,-2.083330e+00,-3.996556e-01,5.679119e-01,-1.432083e-01,8.218657e-01
3.390579e+00,-3.296600e+00,-5.133791e-01,-2.534367e-01,-1.115101e-01,-1.870149e+00,-2.135504e+00,-1.960160e-01,6.078102e-01,-2.692891e-01,7.662101e-01
3.342330e+00,-3.196889e+00,-5.810501e-01,-3.144912e-01,-1.479568e-01,-1.830436e+00,-2.069423e+00,-2.517202e-01,5.597918e-01,-2.677736e-01,7.661001e-01
3.364591e+00,-3.291852e+00,-4.895948e-01,-3.215943e-01,2.798002e-03,-1.987054e+00,-1.994918e+00,-3.553070e-01,6.932920e-01,-2.943289e-01,8.292932e-01
3.375767e+00,-3.234503e+00,-4.838873e-01,-1.948321e-01,-1.092899e-01,-1.849603e+00,-2.158569e+00,-2.735722e-01,5.997686e-01,-1.773439e-01,8.490285e-01
3.390399e+00,-3.308334e+00,-5.095827e-01,-2.854966e-01,-1.084270e-01,-1.924686e+00,-2.139181e+00,-3.409097e-01,6.199746e-01,-2.561978e-01,8.940234e-01
3.335535e+00,-3.218312e+00,-5.152863e-01,-2.491647e-01,-3.958889e-02,-1.938762e+00,-1.962421e+00,-3.438422e-01,6.813076e-01,-2.231047e-01,7.354832e-01
3.394478e+00,-3.275772e+00,-5.579545e-01,-3.162873e-01,-2.567981e-01,-1.794022e+00,-2.022672e+00,-3.197215e-01,5.481934e-01,-2.271362e-01,7.558303e-01
3.425556e+00,-3.324530e+00,-4.570591e-01,-2.148850e-01,-1.157518e-01,-1.902375e+00,-2.025143e+00,-3.170027e-01,6.567726e-01,-1.987543e-01,7.323514e-01
3.213172e+00,-3.121754e+00,-5.024950e-01,-1.981896e-01,-1.339671e-01,-1.920551e+00,-2.062531e+00,-4.237332e-01,6.034790e-01,-8.181591e-02,8.207274e-01
3.342937e+00,-3.293469e+00,-5.870502e-01,-1.653811e-01,-2.141890e-01,-1.830174e+00,-2.164593e+00,-2.720218e-01,6.007978e-01,-2.179966e-01,7.574697e-01
3.314516e+00,-3.243056e+00,-5.153284e-01,-2.204216e-01,-1.430146e-01,-1.838407e+00,-2.013503e+00,-3.381312e-01,6.054922e-01,-1.452466e-01,7.496259e-01
3.211759e+00,-3.242933e+00,-6.049540e-01,-2.583673e-01,-1.684395e-01,-1.897428e+00,-2.029785e+00,-3.392276e-01,6.128263e-01,-1.832535e-01,6.777069e-01
3.382404e+00,-3.278420e+00,-4.665572e-01,-1.549943e-01,-1.628746e-01,-1.804488e+00,-2.154084e+00,-2.289977e-01,6.232222e-01,-1.991584e-01,8.065143e-01
3.198120e+00,-3.230879e+00,-4.889932e-01,-2.298360e-01,-1.851224e-01,-1.900832e+00,-2.104588e+00,-3.760836e-01,5.852918e-01,-1.487484e-01,7.726154e-01
3.260354e+00,-3.247782e+00,-5.385927e-01,-2.313054e-01,-1.238166e-01,-1.902220e+00,-2.037428e+00,-2.949739e-01,6.452056e-01,-2.143447e-01,6.851000e-01
3.331436e+00,-3.283827e+00,-5.009060e-01,-2.885457e-01,-2.301776e-01,-1.754478e+00,-2.069138e+00,-3.244484e-01,5.510662e-01,-1.906506e-01,8.165493e-01
3.241771e+00,-3.238183e+00,-5.727543e-01,-1.864631e-01,-1.500918e-01,-1.847482e+00,-2.133394e+00,-2.666106e-01,6.232299e-01,-1.976397e-01,7.533816e-01
3.193928e+00,-3.148550e+00,-5.071977e-01,-2.206181e-01,-1.164962e-01,-1.870329e+00,-2.090193e+00,-3.277735e-01,5.954248e-01,-1.305573e-01,7.730362e-01
3.278052e+00,-3.332457e+00,-4.956358e-01,-2.225271e-01,-2.369881e-01,-1.838716e+00,-2.187806e+00,-3.063901e-01,5.717393e-01,-2.226536e-01,8.082698e-01
3.362294e+00,-3.280980e+00,-4.690800e-01,-2.861437e-01,-1.532867e-01,-1.843211e+00,-2.016494e+00,-2.762335e-01,6.103102e-01,-2.265218e-01,7.204930e-01
3.207400e+00,-3.179890e+00,-5.902331e-01,-2.978833e-01,-1.969383e-01,-1.842415e+00,-2.032631e+00,-3.152783e-01,5.786941e-01,-2.181361e-01,7.287636e-01
3.387458e+00,-3.262523e+00,-5.019756e-01,-1.321889e-01,-1.770286e-01,-1.774700e+00,-2.213667e+00,-1.905749e-01,5.963118e-01,-2.048910e-01,8.524201e-01
3.198197e+00,-3.137393e+00,-5.802936e-01,-2.351654e-01,-2.214546e-01,-1.819565e+00,-2.102981e+00,-3.698572e-01,5.416791e-01,-1.679426e-01,8.083093e-01
3.259675e+00,-3.219222e+00,-5.603518e-01,-1.731820e-01,-1.274686e-01,-1.883958e+00,-2.062086e+00,-3.036180e-01,6.217147e-01,-1.475004e-01,7.044789e-01
3.462982e+00,-3.264038e+00,-5.518032e-01,-2.579722e-01,-2.231156e-01,-1.727824e+00,-2.125514e+00,-2.419784e-01,5.588424e-01,-2.475513e-01,8.475813e-01
3.348144e+00,-3.261704e+00,-5.902314e-01,-2.896952e-01,-9.573927e-02,-1.960654e+00,-2.044298e+00,-3.099068e-01,6.465860e-01,-2.990673e-01,7.071307e-01
3.319381e+00,-3.177744e+00,-4.831937e-01,-1.579143e-01,-7.329099e-02,-1.942871e+00,-2.057418e+00,-3.527847e-01,6.595520e-01,-1.724116e-01,8.080125e-01
3.340158e+00,-3.273133e+00,-6.068782e-01,-1.822780e-01,-2.544164e-01,-1.801995e+00,-2.246136e+00,-2.367929e-01,5.395722e-01,-2.291616e-01,7.826374e-01
3.368397e+00,-3.257812e+00,-5.563957e-01,-2.514036e-01,-4.771511e-02,-1.925501e+00,-2.029586e+00,-3.140701e-01,6.731648e-01,-2.761319e-01,7.388328e-01
3.225865e+00,-3.209261e+00,-6.226298e-01,-3.117552e-01,-1.440313e-01,-1.892093e+00,-2.052697e+00,-3.576497e-01,5.653593e-01,-2.036799e-01,7.264781e-01
3.387470e+00,-3.255335e+00,-5.415364e-01,-1.382093e-01,-1.692180e-01,-1.756114e+00,-2.208977e+00,-1.714704e-01,6.275851e-01,-2.351178e-01,7.990731e-01
3.296232e+00,-3.180386e+00,-4.825436e-01,-2.542608e-01,-7.516835e-02,-1.918237e+00,-2.104163e+00,-3.470254e-01,6.136898e-01,-2.089574e-01,8.702319e-01
3.252007e+00,-3.218352e+00,-5.519245e-01,-2.228759e-01,-1.221552e-01,-1.890422e+00,-2.108556e+00,-2.518951e-01,6.270621e-01,-2.320216e-01,7.351420e-01
3.375649e+00,-3.251430e+00,-5.817654e-01,-1.965071e-01,-2.894732e-01,-1.660657e+00,-2.210407e+00,-1.411212e-01,5.397032e-01,-2.223071e-01,8.194194e-01
3.177918e+00,-3.217159e+00,-5.871870e-01,-2.421667e-01,-1.864055e-01,-1.851695e+00,-2.073361e+00,-3.195469e-01,5.681230e-01,-1.630838e-01,6.906974e-01
3.256111e+00,-3.204582e+00,-4.827529e-01,-2.340006e-01,-5.929358e-02,-1.904258e+00,-2.088028e+00,-3.181214e-01,6.455113e-01,-1.881152e-01,7.946745e-01
3.357194e+00,-3.294858e+00,-4.908224e-01,-2.554900e-01,-2.295273e-01,-1.767798e+00,-2.202512e+00,-2.955181e-01,5.517112e-01,-2.035569e-01,8.817034e-01
3.256412e+00,-3.208304e+00,-5.079280e-01,-2.000325e-01,-1.331597e-01,-1.844875e+00,-2.047621e+00,-2.944803e-01,6.256450e-01,-1.864252e-01,7.155135e-01
3.233788e+00,-3.178674e+00,-5.290726e-01,-3.535259e-01,-2.299719e-01,-1.794223e+00,-1.987085e+00,-3.393439e-01,5.356900e-01,-1.731123e-01,7.212726e-01
3.395328e+00,-3.350114e+00,-4.997009e-01,-2.135166e-01,-2.417632e-01,-1.781364e+00,-2.153091e+00,-2.306538e-01,5.810677e-01,-2.311039e-01,7.526164e-01
3.299542e+00,-3.204060e+00,-4.409830e-01,-2.565971e-01,-1.177427e-01,-1.875324e+00,-2.037227e+00,-3.915792e-01,6.078096e-01,-1.840021e-01,8.101775e-01
3.231530e+00,-3.247738e+00,-5.491286e-01,-2.100265e-01,-1.651808e-01,-1.889188e+00,-2.086059e+00,-3.592829e-01,6.263266e-01,-1.652592e-01,7.280793e-01
3.451705e+00,-3.354515e+00,-4.900263e-01,-1.534887e-01,-2.544847e-01,-1.721717e+00,-2.105121e+00,-2.911670e-01,6.199490e-01,-2.010467e-01,8.307540e-01
3.317233e+00,-3.306716e+00,-5.620626e-01,-3.350980e-01,-1.360824e-01,-1.938007e+00,-1.984919e+00,-4.051732e-01,6.380568e-01,-2.560548e-01,7.135697e-01
3.347641e+00,-3.284717e+00,-5.136266e-01,-2.472224e-01,-7.551657e-02,-1.975587e+00,-1.983105e+00,-3.589576e-01,6.681828e-01,-2.217641e-01,6.642213e-01
3.368168e+00,-3.261347e+00,-4.772591e-01,-1.257289e-01,-3.088492e-01,-1.718331e+00,-2.209878e+00,-2.659233e-01,5.236996e-01,-1.182081e-01,8.411187e-01
3.281175e+00,-3.267192e+00,-5.660028e-01,-2.202538e-01,-1.347939e-01,-1.925745e+00,-2.041370e+00,-3.173759e-01,6.506822e-01,-2.126235e-01,6.650866e-01
3.298925e+00,-3.231828e+00,-5.190426e-01,-2.828563e-01,-1.159779e-01,-1.868799e+00,-1.961153e+00,-3.739359e-01,6.436267e-01,-1.760571e-01,7.839873e-01
3.431489e+00,-3.328447e+00,-5.758000e-01,-1.871041e-01,-1.859381e-01,-1.758679e+00,-2.262319e+00,-1.331776e-01,5.570449e-01,-2.380190e-01,8.296324e-01
3.277686e+00,-3.198331e+00,-4.937529e-01,-2.172305e-01,-7.523338e-02,-1.904986e+00,-2.050729e+00,-3.414871e-01,6.704700e-01,-1.966261e-01,8.112377e-01
3.215960e+00,-3.251399e+00,-5.016959e-01,-2.637068e-01,-1.266453e-01,-1.937120e+00,-2.111831e+00,-3.523558e-01,5.915172e-01,-1.937577e-01,7.788815e-01
3.357328e+00,-3.237145e+00,-5.734961e-01,-1.693386e-01,-2.371819e-01,-1.726059e+00,-2.206077e+00,-1.319235e-01,5.750715e-01,-2.601979e-01,8.143343e-01
3.216309e+00,-3.134458e+00,-6.128102e-01,-3.573931e-01,-1.335460e-01,-1.891014e+00,-2.024742e+00,-3.184860e-01,5.692736e-01,-2.865059e-01,7.763170e-01
3.228417e+00,-3.185950e+00,-5.577083e-01,-2.047765e-01,-9.230380e-02,-1.902803e+00,-2.118365e+00,-2.583392e-01,6.026644e-01,-2.070461e-01,7.415615e-01
3.341310e+00,-3.209857e+00,-5.290430e-01,-1.877126e-01,-2.911867e-01,-1.674041e+00,-2.318224e+00,-1.847143e-01,4.620219e-01,-1.495474e-01,9.159908e-01
3.212517e+00,-3.194062e+00,-5.762860e-01,-2.338168e-01,-6.830311e-02,-1.958105e+00,-2.097588e+00,-3.306025e-01,6.389144e-01,-2.617124e-01,7.913431e-01
3.297168e+00,-3.177056e+00,-5.241151e-01,-2.915918e-01,-9.631215e-02,-1.848521e+00,-2.021775e+00,-2.861279e-01,6.008884e-01,-2.046521e-01,7.755141e-01
3.390573e+00,-3.347566e+00,-5.187578e-01,-2.945978e-01,-2.205038e-01,-1.797340e+00,-2.144127e+00,-2.142168e-01,5.698528e-01,-2.649065e-01,7.887874e-01
3.299497e+00,-3.215642e+00,-4.487788e-01,-2.318920e-01,-5.484929e-02,-1.940726e+00,-2.010546e+00,-3.425932e-01,6.453945e-01,-1.900916e-01,7.294624e-01
3.268034e+00,-3.237600e+00,-5.216960e-01,-2.715049e-01,-1.348054e-01,-1.922885e+00,-2.076607e+00,-3.772607e-01,6.054880e-01,-1.889651e-01,7.703616e-01
3.393775e+00,-3.281817e+00,-5.833955e-01,-1.470876e-01,-1.973365e-01,-1.766622e+00,-2.165729e+00,-2.133044e-01,6.130067e-01,-2.242209e-01,7.591751e-01
3.261929e+00,-3.227725e+00,-5.732130e-01,-2.778891e-01,-2.036899e-01,-1.844670e+00,-1.973066e+00,-4.297771e-01,5.799338e-01,-1.326186e-01,7.051134e-01
3.271651e+00,-3.245318e+00,-6.289459e-01,-1.742159e-01,-1.939263e-01,-1.884975e+00,-2.084596e+00,-3.309666e-01,6.035229e-01,-2.126063e-01,6.193785e-01
3.443952e+00,-3.307501e+00,-4.324799e-01,-1.614668e-01,-2.178649e-01,-1.775562e+00,-2.155525e+00,-3.077157e-01,6.016694e-01,-1.568813e-01,8.352027e-01
3.227849e+00,-3.242003e+00,-5.507094e-01,-1.864784e-01,-1.802248e-01,-1.923858e+00,-2.053523e+00,-3.727515e-01,6.453116e-01,-1.955645e-01,6.990023e-01
3.327693e+00,-3.240518e+00,-5.350276e-01,-2.168328e-01,-1.750030e-01,-1.820889e+00,-2.014348e+00,-2.989135e-01,6.264142e-01,-1.834729e-01,6.860532e-01
3.383719e+00,-3.339059e+00,-5.329421e-01,-2.180438e-01,-2.889633e-01,-1.717306e+00,-2.159239e+00,-2.663828e-01,5.456394e-01,-1.991015e-01,7.882121e-01
3.221583e+00,-3.195899e+00,-5.640847e-01,-2.059968e-01,-9.987138e-02,-1.914329e+00,-2.091262e+00,-3.186796e-01,6.130636e-01,-1.670243e-01,6.845477e-01
3.204776e+00,-3.144075e+00,-4.972526e-01,-2.365557e-01,-1.717912e-01,-1.826706e+00,-2.081133e+00,-3.766066e-01,5.662902e-01,-1.022107e-01,8.203550e-01
3.340688e+00,-3.336461e+00,-4.769788e-01,-2.005962e-01,-2.028127e-01,-1.809460e+00,-2.141879e+00,-2.670642e-01,6.172822e-01,-1.999609e-01,7.995101e-01
3.250459e+00,-3.153834e+00,-5.165630e-01,-3.242711e-01,-1.792600e-01,-1.807352e+00,-1.969661e+00,-3.144020e-01,5.684963e-01,-1.805460e-01,7.272299e-01
3.294780e+00,-3.290509e+00,-5.144632e-01,-3.287358e-01,-1.053434e-01,-1.929338e+00,-2.029097e+00,-3.230245e-01,6.441039e-01,-2.900817e-01,7.587920e-01
3.328026e+00,-3.183248e+00,-4.976157e-01,-1.446475e-01,-2.080879e-01,-1.719090e+00,-2.239280e+00,-1.838982e-01,5.482356e-01,-1.629671e-01,8.690822e-01
3.198089e+00,-3.250704e+00,-5.108391e-01,-2.939479e-01,-1.220935e-01,-1.946585e+00,-2.070397e+00,-4.099568e-01,6.079439e-01,-1.939214e-01,7.507656e-01
3.313154e+00,-3.272595e+00,-4.964429e-01,-2.357051e-01,-1.064967e-01,-1.865416e+00,-2.041116e+00,-3.169677e-01,6.397020e-01,-1.894301e-01,7.635005e-01
3.278852e+00,-3.180808e+00,-6.522103e-01,-2.465114e-01,-2.404369e-01,-1.756260e+00,-2.187134e+00,-2.018050e-01,5.006229e-01,-2.271927e-01,7.628528e-01
3.184336e+00,-3.134999e+00,-6.563314e-01,-1.952870e-01,-1.305681e-01,-1.903496e+00,-2.099753e+00,-2.371510e-01,6.140290e-01,-2.660998e-01,6.854278e-01
3.217019e+00,-3.088610e+00,-5.599480e-01,-1.575575e-01,-1.953746e-01,-1.817607e+00,-2.132702e+00,-2.995783e-01,5.671639e-01,-1.706199e-01,8.613782e-01
3.331657e+00,-3.246892e+00,-6.114414e-01,-1.507822e-01,-1.985893e-01,-1.820325e+00,-2.182442e+00,-1.943420e-01,5.961984e-01,-2.205804e-01,7.441500e-01
3.329125e+00,-3.185312e+00,-6.134640e-01,-2.603026e-01,-6.990647e-02,-1.905594e+00,-2.033854e+00,-2.958786e-01,6.236259e-01,-2.361941e-01,7.488675e-01
3.326737e+00,-3.301667e+00,-6.231143e-01,-2.520244e-01,-1.422217e-01,-1.925684e+00,-2.063470e+00,-3.527279e-01,6.211313e-01,-2.598578e-01,7.172450e-01
3.365763e+00,-3.210640e+00,-5.868865e-01,-1.672904e-01,-1.058850e-01,-1.877068e+00,-2.141672e+00,-2.291202e-01,5.988157e-01,-1.969141e-01,7.575673e-01
3.219607e+00,-3.168808e+00,-5.449264e-01,-2.134546e-01,-9.931658e-02,-1.976858e+00,-2.058297e+00,-4.042928e-01,6.346363e-01,-1.811911e-01,7.992762e-01
3.338803e+00,-3.241615e+00,-5.521036e-01,-1.998915e-01,-1.405517e-01,-1.877016e+00,-2.057320e+00,-2.564805e-01,6.518177e-01,-2.473603e-01,7.335157e-01
3.317647e+00,-3.193164e+00,-5.659163e-01,-2.946423e-01,-2.240621e-01,-1.773261e+00,-2.019620e+00,-2.889112e-01,5.521651e-01,-1.901497e-01,8.010760e-01
3.237603e+00,-3.228430e+00,-5.575495e-01,-2.059882e-01,-1.215395e-01,-1.914603e+00,-2.038248e+00,-3.212811e-01,6.249346e-01,-1.760499e-01,6.994331e-01
3.261760e+00,-3.152698e+00,-5.245692e-01,-1.961843e-01,-1.805439e-01,-1.791509e+00,-2.142081e+00,-2.852678e-01,5.529442e-01,-1.339313e-01,8.330674e-01
3.285454e+00,-3.295658e+00,-5.321390e-01,-1.883705e-01,-2.198788e-01,-1.811791e+00,-2.252198e+00,-2.342559e-01,5.381769e-01,-1.334200e-01,7.855152e-01
3.279564e+00,-3.210573e+00,-4.972277e-01,-2.569211e-01,-1.244764e-01,-1.861475e+00,-1.984228e+00,-3.381068e-01,6.276171e-01,-2.046106e-01,7.533687e-01
3.319080e+00,-3.305021e+00,-5.171680e-01,-3.353374e-01,-2.104640e-01,-1.832922e+00,-2.049436e+00,-2.847364e-01,5.695491e-01,-2.304080e-01,7.475848e-01
3.293978e+00,-3.224498e+00,-4.922839e-01,-1.660142e-01,-1.562836e-01,-1.822020e+00,-2.117064e+00,-2.350894e-01,6.185253e-01,-1.787241e-01,7.881437e-01
3.177954e+00,-3.161200e+00,-4.748296e-01,-2.631607e-01,-1.285473e-01,-1.911531e+00,-2.068588e+00,-4.026003e-01,5.928504e-01,-1.391985e-01,8.044447e-01
3.331687e+00,-3.324681e+00,-5.112278e-01,-2.273860e-01,-1.477317e-01,-1.858789e+00,-2.120999e+00,-2.912807e-01,6.227994e-01,-2.147226e-01,7.583273e-01
3.314078e+00,-3.235088e+00,-5.088825e-01,-2.465637e-01,-2.104141e-01,-1.752242e+00,-2.042472e+00,-3.312571e-01,5.584252e-01,-1.392903e-01,7.938889e-01
3.261786e+00,-3.252010e+00,-5.857752e-01,-2.719863e-01,-9.573751e-02,-1.923009e+00,-2.028925e+00,-3.097848e-01,6.488283e-01,-2.078524e-01,6.781472e-01
3.360177e+00,-3.250983e+00,-4.698435e-01,-1.958094e-01,-1.490680e-01,-1.824642e+00,-2.132113e+00,-2.608706e-01,5.764491e-01,-1.610834e-01,7.709275e-01
3.263878e+00,-3.286317e+00,-5.111887e-01,-2.089552e-01,-1.876886e-01,-1.921167e+00,-2.109674e+00,-3.606088e-01,5.875756e-01,-1.755028e-01,7.411772e-01
3.272539e+00,-3.240177e+00,-5.668548e-01,-2.441147e-01,-1.312632e-01,-1.929756e+00,-1.982409e+00,-3.564216e-01,6.479163e-01,-2.166568e-01,6.519286e-01
3.394855e+00,-3.273027e+00,-5.676202e-01,-2.457528e-01,-2.019494e-01,-1.801681e+00,-2.045783e+00,-3.250877e-01,5.656526e-01,-1.893225e-01,7.509960e-01
3.355510e+00,-3.252341e+00,-5.985663e-01,-1.569773e-01,-1.393496e-01,-1.867866e+00,-2.133683e+00,-2.476117e-01,5.829821e-01,-1.483510e-01,6.724531e-01
3.278190e+00,-3.165058e+00,-4.927106e-01,-2.492938e-01,-9.390833e-02,-1.920462e+00,-1.993800e+00,-4.347728e-01,6.156959e-01,-1.189836e-01,8.062470e-01
3.298952e+00,-3.263039e+00,-5.669308e-01,-1.476558e-01,-2.066960e-01,-1.852606e+00,-2.165128e+00,-2.790053e-01,5.818453e-01,-1.913128e-01,7.482457e-01
3.341169e+00,-3.158557e+00,-5.762188e-01,-2.434316e-01,-1.794794e-01,-1.806901e+00,-2.028921e+00,-2.550177e-01,5.742900e-01,-2.036107e-01,7.381760e-01
3.207726e+00,-3.168289e+00,-6.550089e-01,-2.851625e-01,-1.345336e-01,-1.934240e+00,-2.033672e+00,-3.060683e-01,5.998927e-01,-2.771079e-01,7.078941e-01
3.293573e+00,-3.177995e+00,-5.672946e-01,-1.458026e-01,-1.931916e-01,-1.811476e+00,-2.183748e+00,-2.438834e-01,5.624825e-01,-2.170886e-01,8.239153e-01
3.272812e+00,-3.205108e+00,-5.399609e-01,-2.931579e-01,-8.537084e-02,-1.934966e+00,-2.083494e+00,-3.644814e-01,5.985359e-01,-2.394889e-01,8.489006e-01
3.249904e+00,-3.169645e+00,-5.978702e-01,-2.040254e-01,-6.336316e-02,-1.903060e+00,-2.094566e+00,-2.513706e-01,6.083212e-01,-1.883411e-01,7.518008e-01
3.329362e+00,-3.188890e+00,-5.694140e-01,-2.697514e-01,-2.222623e-01,-1.728775e+00,-2.124906e+00,-2.201915e-01,5.028588e-01,-1.871930e-01,8.127147e-01
3.241028e+00,-3.227957e+00,-6.240479e-01,-2.233678e-01,-1.776503e-01,-1.869241e+00,-2.115968e+00,-2.236562e-01,5.985853e-01,-2.519035e-01,7.173276e-01
3.247474e+00,-3.111046e+00,-4.749149e-01,-2.165684e-01,-8.125266e-02,-1.873047e+00,-2.070123e+00,-2.747861e-01,5.744399e-01,-1.278741e-01,8.174415e-01
3.310990e+00,-3.302147e+00,-5.522452e-01,-2.039891e-01,-2.037416e-01,-1.831325e+00,-2.228603e+00,-2.103057e-01,5.661573e-01,-2.115444e-01,7.786887e-01
3.275640e+00,-3.208512e+00,-5.764550e-01,-2.164860e-01,-1.263619e-01,-1.848039e+00,-2.057386e+00,-2.769571e-01,6.186010e-01,-1.964289e-01,7.725278e-01
3.264016e+00,-3.281005e+00,-5.581509e-01,-2.661156e-01,-1.451943e-01,-1.888938e+00,-2.026932e+00,-3.440410e-01,6.029047e-01,-1.831737e-01,7.438057e-01
3.313548e+00,-3.244609e+00,-5.890042e-01,-1.476943e-01,-1.974677e-01,-1.797120e+00,-2.153433e+00,-2.082324e-01,5.802015e-01,-1.735368e-01,7.336336e-01
3.224221e+00,-3.163568e+00,-5.258553e-01,-1.947079e-01,-1.671973e-01,-1.881096e+00,-2.101535e+00,-3.559023e-01,5.581703e-01,-1.129989e-01,7.924112e-01
3.214306e+00,-3.194609e+00,-5.616315e-01,-1.871519e-01,-1.119332e-01,-1.950498e+00,-2.006636e+00,-3.229456e-01,6.602698e-01,-1.704211e-01,6.949640e-01
3.369565e+00,-3.218042e+00,-5.842440e-01,-1.669719e-01,-3.285158e-01,-1.674555e+00,-2.080820e+00,-2.361152e-01,5.067065e-01,-1.322497e-01,7.531769e-01
3.314188e+00,-3.307965e+00,-5.912812e-01,-2.103574e-01,-1.927511e-01,-1.905436e+00,-2.046643e+00,-3.468649e-01,5.965222e-01,-2.110859e-01,6.934606e-01
3.220174e+00,-3.104276e+00,-5.909514e-01,-1.571370e-01,-1.254116e-01,-1.895491e+00,-2.015370e+00,-3.636269e-01,6.091505e-01,-1.079371e-01,7.256521e-01
3.347855e+00,-3.311126e+00,-5.586349e-01,-1.591111e-01,-2.667887e-01,-1.816517e+00,-2.170712e+00,-3.157869e-01,5.309456e-01,-1.555294e-01,7.771305e-01
3.263479e+00,-3.177413e+00,-5.624343e-01,-1.573408e-01,-1.673075e-01,-1.847689e+00,-2.015565e+00,-2.915184e-01,5.798550e-01,-1.135178e-01,6.924956e-01
3.212555e+00,-3.156561e+00,-6.246585e-01,-2.862217e-01,-2.234660e-01,-1.860898e+00,-1.968338e+00,-3.390103e-01,5.460972e-01,-1.759532e-01,6.774196e-01
3.400674e+00,-3.307808e+00,-5.483023e-01,-1.724746e-01,-2.265609e-01,-1.800621e+00,-2.158271e+00,-1.884661e-01,5.620048e-01,-2.123231e-01,7.764392e-01
3.225979e+00,-3.157950e+00,-4.444167e-01,-2.884465e-01,-9.168892e-02,-1.947966e+00,-2.011415e+00,-4.277233e-01,5.539993e-01,-1.183303e-01,8.276714e-01
3.223883e+00,-3.246701e+00,-5.515994e-01,-2.211064e-01,-1.056851e-01,-1.953877e+00,-2.068076e+00,-3.467520e-01,6.202195e-01,-1.667413e-01,7.318910e-01
3.385070e+00,-3.232151e+00,-5.515891e-01,-1.695542e-01,-2.453970e-01,-1.668578e+00,-2.183474e+00,-1.720671e-01,4.871416e-01,-1.209583e-01,8.062313e-01
3.316491e+00,-3.316244e+00,-6.059868e-01,-3.344234e-01,-1.238783e-01,-1.942577e+00,-2.096696e+00,-2.927079e-01,5.637277e-01,-2.865218e-01,7.038490e-01
3.283063e+00,-3.202347e+00,-4.994672e-01,-2.519651e-01,-3.315229e-02,-1.969471e+00,-1.985369e+00,-3.353793e-01,6.395605e-01,-2.140228e-01,7.570854e-01
3.358163e+00,-3.269809e+00,-4.831630e-01,-1.926779e-01,-1.692510e-01,-1.856866e+00,-2.228916e+00,-2.523847e-01,5.567766e-01,-2.071346e-01,8.792524e-01
3.202212e+00,-3.166214e+00,-6.551929e-01,-2.076903e-01,-1.234484e-01,-1.928504e+00,-2.095095e+00,-2.580985e-01,5.818840e-01,-2.234259e-01,6.821221e-01
3.334568e+00,-3.159948e+00,-5.607433e-01,-3.524389e-01,4.382796e-03,-1.927899e+00,-1.973057e+00,-3.068656e-01,6.085562e-01,-2.196145e-01,8.318016e-01
3.415570e+00,-3.354950e+00,-5.688560e-01,-2.360100e-01,-1.428097e-01,-1.865941e+00,-2.163715e+00,-2.227850e-01,5.647962e-01,-2.372590e-01,7.705714e-01
3.352697e+00,-3.206739e+00,-5.126261e-01,-2.643355e-01,-6.805765e-02,-1.913150e+00,-2.028148e+00,-3.395042e-01,5.961566e-01,-1.762900e-01,8.273666e-01
3.216766e+00,-3.235224e+00,-5.512156e-01,-2.181408e-01,-9.102472e-02,-2.006505e+00,-2.097988e+00,-3.501530e-01,5.982961e-01,-1.445610e-01,7.298058e-01
3.432227e+00,-3.171506e+00,-6.097172e-01,-9.515070e-02,-2.678160e-01,-1.688649e+00,-2.143809e+00,-1.283962e-01,5.363714e-01,-1.632485e-01,7.708493e-01
3.294400e+00,-3.205401e+00,-6.320185e-01,-2.571780e-01,-1.833558e-01,-1.894239e+00,-1.985839e+00,-3.266417e-01,5.731011e-01,-2.146244e-01,7.064781e-01
3.261859e+00,-3.158039e+00,-6.053909e-01,-1.516276e-01,-1.255216e-01,-1.927495e+00,-2.019556e+00,-3.210329e-01,5.840630e-01,-1.309920e-01,6.707830e-01
3.330196e+00,-3.133056e+00,-6.665568e-01,-8.723058e-02,-3.319254e-01,-1.662044e+00,-2.259448e+00,-1.743432e-01,4.199553e-01,-9.296797e-02,8.135384e-01
3.234966e+00,-3.212393e+00,-6.154260e-01,-1.815745e-01,-1.127382e-01,-1.962759e+00,-2.060213e+00,-3.422445e-01,5.824779e-01,-1.324338e-01,6.744666e-01
3.277163e+00,-3.111812e+00,-5.740966e-01,-2.259809e-01,-2.082569e-01,-1.788366e+00,-1.960753e+00,-3.420266e-01,5.264456e-01,-1.082400e-01,7.337203e-01
3.368289e+00,-3.335227e+00,-6.288795e-01,-1.891332e-01,-3.252796e-01,-1.769716e+00,-2.163810e+00,-1.825940e-01,5.033219e-01,-1.972182e-01,6.919800e-01
3.266950e+00,-3.156710e+00,-5.157776e-01,-1.649989e-01,-1.675104e-01,-1.857618e+00,-2.029214e+00,-3.046704e-01,5.767568e-01,-1.248369e-01,7.704038e-01
3.242799e+00,-3.253330e+00,-5.274834e-01,-2.757338e-01,-8.006708e-02,-2.006247e+00,-2.033264e+00,-3.853816e-01,6.360284e-01,-2.212975e-01,7.766042e-01
3.370006e+00,-3.282542e+00,-5.843554e-01,-1.135439e-01,-2.704847e-01,-1.711532e+00,-2.196517e+00,-1.657673e-01,5.250715e-01,-1.527987e-01,7.882850e-01
3.240604e+00,-3.217315e+00,-5.975309e-01,-2.619884e-01,-1.552366e-01,-1.882574e+00,-2.020813e+00,-3.426746e-01,5.413903e-01,-1.613671e-01,7.086310e-01
3.182333e+00,-3.165487e+00,-6.757802e-01,-1.825844e-01,-1.350591e-01,-1.914590e+00,-2.082551e+00,-2.509853e-01,5.863703e-01,-1.849450e-01,6.958511e-01
3.361775e+00,-3.222603e+00,-4.640930e-01,-1.923234e-01,-1.924193e-01,-1.791441e+00,-2.139943e+00,-2.849797e-01,5.321321e-01,-1.356793e-01,8.883326e-01
3.189121e+00,-3.220733e+00,-5.851616e-01,-1.859975e-01,-1.602482e-01,-1.944192e+00,-2.124770e+00,-2.736738e-01,5.551980e-01,-1.560921e-01,6.796145e-01
3.243695e+00,-3.163633e+00,-5.889523e-01,-2.334111e-01,-1.725707e-01,-1.838410e+00,-2.003324e+00,-2.688115e-01,5.474086e-01,-1.200708e-01,7.313668e-01
3.374575e+00,-3.296431e+00,-5.877063e-01,-2.356706e-01,-1.466188e-01,-1.866029e+00,-2.100487e+00,-2.373764e-01,5.751688e-01,-2.186824e-01,7.823362e-01
3.221729e+00,-3.130202e+00,-6.149082e-01,-1.830769e-01,-9.123046e-02,-1.935947e+00,-2.068142e+00,-3.022232e-01,5.709926e-01,-1.430226e-01,7.277820e-01
3.227519e+00,-3.175517e+00,-5.611468e-01,-1.727705e-01,-1.537147e-01,-1.912594e+00,-2.075029e+00,-3.581504e-01,5.733858e-01,-9.477492e-02,8.198091e-01
3.397224e+00,-3.267555e+00,-5.609443e-01,-1.296812e-01,-1.904360e-01,-1.817012e+00,-2.148993e+00,-2.108867e-01,5.591306e-01,-1.755909e-01,8.049594e-01
3.312347e+00,-3.110151e+00,-6.323740e-01,-2.758591e-01,-1.637059e-01,-1.863367e+00,-1.947813e+00,-2.959417e-01,5.475989e-01,-1.645530e-01,7.597420e-01
3.324050e+00,-3.208890e+00,-6.724440e-01,-1.951409e-01,-1.285790e-01,-1.955232e+00,-2.041453e+00,-2.370522e-01,5.592072e-01,-1.957448e-01,6.814331e-01
3.379302e+00,-3.137072e+00,-5.433931e-01,-1.087759e-01,-1.953261e-01,-1.801496e+00,-2.132481e+00,-2.549039e-01,5.350251e-01,-8.353570e-02,9.099946e-01
3.241771e+00,-3.219906e+00,-6.531883e-01,-2.077048e-01,-1.095856e-01,-2.009911e+00,-2.070302e+00,-3.383997e-01,5.594121e-01,-1.511457e-01,6.878019e-01
3.386190e+00,-3.161901e+00,-6.110896e-01,-2.122903e-01,-3.541106e-02,-1.911799e+00,-2.007308e+00,-2.604629e-01,5.943938e-01,-1.832439e-01,7.918877e-01
3.376399e+00,-3.260717e+00,-6.595492e-01,-2.046879e-01,-2.391503e-01,-1.789669e+00,-2.139944e+00,-1.822012e-01,4.915769e-01,-1.717794e-01,7.373505e-01
3.236189e+00,-3.132767e+00,-6.628095e-01,-1.740224e-01,-1.132431e-01,-1.942137e+00,-2.031506e+00,-2.665609e-01,5.648514e-01,-1.938560e-01,6.613492e-01
3.256366e+00,-3.145929e+00,-5.600065e-01,-1.751345e-01,-1.497017e-01,-1.902710e+00,-2.118544e+00,-2.957374e-01,5.295018e-01,-1.284344e-01,8.093840e-01
3.378372e+00,-3.282759e+00,-6.155982e-01,-1.761476e-01,-1.847216e-01,-1.832428e+00,-2.241688e+00,-1.271445e-01,5.062991e-01,-1.948709e-01,7.255470e-01
3.287808e+00,-3.143447e+00,-5.805649e-01,-2.630138e-01,-1.127231e-01,-1.852572e+00,-1.972530e+00,-3.120116e-01,5.418074e-01,-1.289349e-01,7.479641e-01
3.284786e+00,-3.296795e+00,-5.866363e-01,-2.824108e-01,-7.625118e-02,-1.984023e+00,-2.007296e+00,-3.446508e-01,6.075402e-01,-2.119536e-01,7.093163e-01
3.387306e+00,-3.212229e+00,-5.311448e-01,-1.951190e-01,-1.064620e-01,-1.827319e+00,-2.124219e+00,-2.032529e-01,5.548273e-01,-1.421813e-01,8.491131e-01
3.186109e+00,-3.215932e+00,-5.596145e-01,-2.405226e-01,-7.025909e-02,-2.044010e+00,-2.043252e+00,-4.063293e-01,6.123698e-01,-1.814889e-01,7.930668e-01
3.287093e+00,-3.190294e+00,-5.847533e-01,-1.980599e-01,-1.736533e-01,-1.873174e+00,-2.054009e+00,-2.625326e-01,5.546063e-01,-1.911053e-01,7.052372e-01
3.297897e+00,-3.189278e+00,-6.146508e-01,-2.026135e-01,-3.004625e-01,-1.720846e+00,-2.089575e+00,-1.920374e-01,4.470048e-01,-1.031720e-01,7.122585e-01
3.236516e+00,-3.189605e+00,-6.263112e-01,-1.794025e-01,-1.357662e-01,-1.948385e+00,-2.017395e+00,-3.257519e-01,5.671156e-01,-1.528133e-01,6.777364e-01
3.272581e+00,-3.129777e+00,-5.357158e-01,-2.363586e-01,-1.357079e-01,-1.884062e+00,-2.049381e+00,-3.853904e-01,5.614893e-01,-1.279852e-01,8.756062e-01
3.336897e+00,-3.256212e+00,-6.187831e-01,-5.207705e-02,-2.786689e-01,-1.767481e+00,-2.219070e+00,-2.090042e-01,4.970116e-01,-8.412761e-02,7.497064e-01
3.243264e+00,-3.114163e+00,-6.098343e-01,-2.201601e-01,-1.732871e-01,-1.873331e+00,-1.919195e+00,-3.780161e-01,5.451554e-01,-1.091418e-01,7.025376e-01
3.298801e+00,-3.225017e+00,-6.777169e-01,-2.257344e-01,-2.046123e-01,-1.917040e+00,-1.991782e+00,-3.210414e-01,5.747059e-01,-2.329104e-01,6.680704e-01
3.416192e+00,-3.233752e+00,-5.724217e-01,-1.350572e-01,-2.119008e-01,-1.825554e+00,-2.088237e+00,-2.411632e-01,5.498661e-01,-1.523445e-01,7.567605e-01
3.238283e+00,-3.129073e+00,-5.942318e-01,-1.434754e-01,-1.098923e-01,-1.982772e+00,-2.005735e+00,-3.638072e-01,5.845879e-01,-7.745736e-02,7.424864e-01
3.285601e+00,-3.232466e+00,-6.521606e-01,-1.137782e-01,-2.072855e-01,-1.866025e+00,-2.075591e+00,-2.806986e-01,5.690034e-01,-1.235896e-01,7.151021e-01
3.369732e+00,-3.197879e+00,-6.119173e-01,-2.018528e-01,-1.701629e-01,-1.809873e+00,-2.049978e+00,-2.705005e-01,5.515060e-01,-1.390433e-01,8.268491e-01
3.215340e+00,-3.151183e+00,-7.232198e-01,-1.678432e-01,-1.221741e-01,-1.932699e+00,-2.074456e+00,-2.269109e-01,5.496158e-01,-1.571041e-01,6.467032e-01
3.229534e+00,-3.083188e+00,-5.725596e-01,-1.453190e-01,-1.315509e-01,-1.869612e+00,-2.014741e+00,-3.069377e-01,5.702327e-01,-9.176972e-02,8.020849e-01
3.294213e+00,-3.239676e+00,-6.316624e-01,-1.473885e-01,-1.777964e-01,-1.913920e+00,-2.220653e+00,-1.968910e-01,5.134582e-01,-1.887838e-01,7.755630e-01
3.256878e+00,-3.168584e+00,-6.291398e-01,-2.614264e-01,-9.738832e-02,-1.963116e+00,-1.984127e+00,-3.132340e-01,5.711140e-01,-2.213971e-01,7.006056e-01
3.255119e+00,-3.114396e+00,-7.012569e-01,-1.965044e-01,-1.135807e-01,-1.873493e+00,-2.092755e+00,-1.914658e-01,5.362563e-01,-2.174566e-01,7.766240e-01
3.297352e+00,-3.206974e+00,-6.359094e-01,-1.421146e-01,-1.973526e-01,-1.809816e+00,-2.192075e+00,-1.693082e-01,5.018770e-01,-1.378132e-01,7.331922e-01
3.173566e+00,-3.133022e+00,-5.724520e-01,-2.610002e-01,-1.055042e-01,-1.945018e+00,-2.055682e+00,-3.455002e-01,5.071419e-01,-7.676325e-02,7.606766e-01
3.316580e+00,-3.221579e+00,-6.063005e-01,-1.874260e-01,-1.088736e-01,-1.925726e+00,-2.147431e+00,-2.200726e-01,5.628885e-01,-2.287903e-01,7.856136e-01
3.308653e+00,-3.123102e+00,-6.031783e-01,-2.869726e-01,-1.955780e-01,-1.797814e+00,-2.052175e+00,-2.132560e-01,4.844066e-01,-1.793393e-01,7.749527e-01
3.196317e+00,-3.164973e+00,-6.585552e-01,-2.281819e-01,-1.377660e-01,-1.940734e+00,-2.008440e+00,-2.678617e-01,5.640194e-01,-2.108407e-01,6.787779e-01
3.292829e+00,-3.139516e+00,-5.407281e-01,-1.999940e-01,-1.195374e-01,-1.896963e+00,-2.024722e+00,-3.355729e-01,5.577330e-01,-1.583906e-01,8.054962e-01
3.284826e+00,-3.217535e+00,-6.201620e-01,-1.947323e-01,-1.214063e-01,-1.959777e+00,-2.117294e+00,-3.058543e-01,5.654532e-01,-1.655442e-01,8.070227e-01
3.165592e+00,-3.101326e+00,-6.964935e-01,-1.310446e-01,-1.615847e-01,-1.897726e+00,-2.043122e+00,-3.010098e-01,5.419930e-01,-1.069840e-01,6.767301e-01
3.305175e+00,-3.211369e+00,-6.448394e-01,-1.909197e-01,-2.725963e-01,-1.801759e+00,-2.055331e+00,-2.932564e-01,5.096171e-01,-1.333479e-01,6.835204e-01
3.296188e+00,-3.233845e+00,-6.469648e-01,-1.445609e-01,-2.190040e-01,-1.868465e+00,-2.049650e+00,-2.482691e-01,5.583151e-01,-1.134716e-01,6.438555e-01
3.249204e+00,-3.092835e+00,-5.547232e-01,-1.859602e-01,-1.277092e-01,-1.923077e+00,-2.003401e+00,-3.822449e-01,5.476021e-01,-9.589357e-02,7.251518e-01
3.238683e+00,-3.213305e+00,-6.560716e-01,-1.107164e-01,-2.290974e-01,-1.867608e+00,-2.160483e+00,-2.538393e-01,5.487134e-01,-1.322335e-01,6.697493e-01
3.316108e+00,-3.192739e+00,-5.751771e-01,-1.952266e-01,-1.651427e-01,-1.817391e+00,-1.995836e+00,-2.934500e-01,5.339009e-01,-5.428029e-02,7.046641e-01
3.224698e+00,-3.201527e+00,-6.396387e-01,-2.104198e-01,-1.111317e-01,-1.918874e+00,-1.984890e+00,-3.313034e-01,6.352166e-01,-1.696808e-01,7.050190e-01
3.315822e+00,-3.246393e+00,-5.952381e-01,-1.821284e-01,-1.987395e-01,-1.835239e+00,-2.140243e+00,-2.762228e-01,5.559695e-01,-1.966567e-01,7.542007e-01
3.126629e+00,-3.107937e+00,-5.988956e-01,-8.623987e-02,-2.271159e-01,-1.835940e+00,-2.175486e+00,-2.784257e-01,4.923667e-01,-4.140013e-02,7.159115e-01
3.180365e+00,-3.172959e+00,-6.208107e-01,-1.718464e-01,-1.939683e-01,-1.881263e+00,-2.125571e+00,-2.339012e-01,5.104222e-01,-1.050743e-01,6.282118e-01
3.278975e+00,-3.134514e+00,-6.025204e-01,-2.103658e-01,-2.758923e-01,-1.708357e+00,-2.052642e+00,-2.160569e-01,4.678215e-01,-9.814287e-02,7.374872e-01
3.235732e+00,-3.185193e+00,-6.921231e-01,-1.707880e-01,-2.019744e-01,-1.842160e+00,-2.175127e+00,-1.813814e-01,5.084676e-01,-1.979881e-01,6.897153e-01
3.154921e+00,-3.053269e+00,-5.683441e-01,-2.457296e-01,-8.324149e-02,-1.920303e+00,-2.030812e+00,-3.526584e-01,5.491038e-01,-9.606842e-02,7.953966e-01
3.278386e+00,-3.252548e+00,-6.005757e-01,-1.083970e-01,-2.455599e-01,-1.813541e+00,-2.267942e+00,-2.369356e-01,5.192894e-01,-1.580348e-01,8.190320e-01
3.244960e+00,-3.105187e+00,-5.854042e-01,-2.053381e-01,-1.444464e-01,-1.819258e+00,-2.081300e+00,-2.149947e-01,4.731842e-01,-7.801607e-02,6.790342e-01
3.180707e+00,-3.160331e+00,-7.041529e-01,-2.733529e-01,-2.049819e-01,-1.904454e+00,-2.030943e+00,-3.015338e-01,5.369116e-01,-2.314014e-01,6.589285e-01
3.401269e+00,-3.276794e+00,-5.101621e-01,-2.559246e-01,-1.099880e-01,-1.892507e+00,-2.042801e+00,-2.526566e-01,6.024566e-01,-2.398727e-01,7.831364e-01
3.223422e+00,-3.085512e+00,-5.742590e-01,-1.266689e-01,-1.716928e-01,-1.863259e+00,-2.131828e+00,-2.887613e-01,5.357465e-01,-7.614703e-02,7.928560e-01
3.207390e+00,-3.200091e+00,-6.527900e-01,-1.661974e-01,-1.423686e-01,-1.936399e+00,-2.091926e+00,-3.069982e-01,5.905979e-01,-1.628080e-01,6.921292e-01
3.414580e+00,-3.209921e+00,-5.972481e-01,-2.117482e-01,-2.213928e-01,-1.752745e+00,-2.102850e+00,-2.680683e-01,5.211092e-01,-1.792266e-01,8.396844e-01
3.302986e+00,-3.282122e+00,-6.928375e-01,-2.459948e-01,-1.648578e-01,-1.963932e+00,-2.081950e+00,-3.020443e-01,5.344353e-01,-2.288271e-01,5.819332e-01
3.232740e+00,-3.079346e+00,-6.487785e-01,-1.358982e-01,-1.543637e-01,-1.876568e+00,-2.032335e+00,-2.783202e-01,5.474113e-01,-1.165083e-01,6.957014e-01
3.270854e+00,-3.213297e+00,-6.207667e-01,-6.449322e-02,-2.761049e-01,-1.818770e+00,-2.270199e+00,-2.111884e-01,5.351671e-01,-1.544550e-01,7.866445e-01
3.233940e+00,-3.167668e+00,-6.474794e-01,-2.172130e-01,-1.199486e-01,-1.935852e+00,-2.044935e+00,-2.913012e-01,6.129029e-01,-2.194448e-01,7.024263e-01
3.220635e+00,-3.125743e+00,-6.442784e-01,-1.934866e-01,-1.580363e-01,-1.845146e+00,-1.985015e+00,-2.886020e-01,5.634028e-01,-1.265159e-01,6.938029e-01
3.289447e+00,-3.271116e+00,-6.584064e-01,-1.529085e-01,-2.595051e-01,-1.790255e+00,-2.225579e+00,-1.817662e-01,4.818416e-01,-1.679656e-01,6.948865e-01
3.237548e+00,-3.113033e+00,-5.379383e-01,-1.994323e-01,-1.550793e-01,-1.833627e+00,-2.070387e+00,-3.233897e-01,5.339066e-01,-5.540237e-02,8.264426e-01
3.175458e+00,-3.214534e+00,-5.547733e-01,-2.167788e-01,-6.613140e-02,-2.025673e+00,-2.062820e+00,-3.659921e-01,6.493397e-01,-1.687322e-01,7.443338e-01
3.330539e+00,-3.187145e+00,-5.436465e-01,-2.236123e-01,-2.592874e-01,-1.694778e+00,-2.091422e+00,-1.681923e-01,5.056595e-01,-1.306528e-01,8.032053e-01
3.233723e+00,-3.281954e+00,-5.829634e-01,-2.895936e-01,-1.947607e-01,-1.899156e+00,-2.014176e+00,-3.012502e-01,5.836730e-01,-2.126205e-01,7.157805e-01
3.199816e+00,-3.147973e+00,-5.644757e-01,-2.071306e-01,-1.649731e-01,-1.861054e+00,-2.070658e+00,-2.914926e-01,5.580361e-01,-1.539706e-01,7.480905e-01
3.333978e+00,-3.232014e+00,-5.298778e-01,-1.306159e-01,-2.515185e-01,-1.739090e+00,-2.270071e+00,-2.093047e-01,5.042121e-01,-1.357820e-01,8.648361e-01
3.203938e+00,-3.226840e+00,-5.845013e-01,-1.634224e-01,-1.963148e-01,-1.867078e+00,-2.114301e+00,-3.096096e-01,5.643966e-01,-1.221270e-01,7.174665e-01
3.162963e+00,-3.058819e+00,-6.228683e-01,-1.943572e-01,-2.194230e-01,-1.766875e+00,-2.021826e+00,-2.668129e-01,5.134455e-01,-8.302196e-02,7.080210e-01
3.304149e+00,-3.301160e+00,-6.466247e-01,-2.059739e-01,-2.805925e-01,-1.821713e+00,-2.171878e+00,-2.106736e-01,5.170893e-01,-2.533754e-01,6.907193e-01
3.180250e+00,-3.015467e+00,-5.802766e-01,-1.563981e-01,-1.668942e-01,-1.823937e+00,-2.064493e+00,-3.005310e-01,5.523843e-01,-1.054139e-01,7.958275e-01
3.153041e+00,-3.193787e+00,-6.467433e-01,-1.450438e-01,-2.113653e-01,-1.918045e+00,-2.108165e+00,-3.310630e-01,5.592200e-01,-1.203997e-01,6.292794e-01
3.298075e+00,-3.233803e+00,-6.017966e-01,-1.713866e-01,-2.424669e-01,-1.783852e+00,-2.083041e+00,-2.997487e-01,5.519425e-01,-1.490632e-01,7.144997e-01
3.192799e+00,-3.118310e+00,-7.245712e-01,-1.412463e-01,-1.949629e-01,-1.847027e+00,-2.072622e+00,-2.790676e-01,5.522486e-01,-1.538822e-01,6.356201e-01
3.250754e+00,-3.206674e+00,-6.384502e-01,-1.757514e-01,-1.654050e-01,-1.893101e+00,-2.033267e+00,-3.277035e-01,6.226228e-01,-1.624785e-01,6.548935e-01
3.332565e+00,-3.161164e+00,-5.830735e-01,-7.263967e-02,-2.568409e-01,-1.728155e+00,-2.180825e+00,-2.280550e-01,5.441246e-01,-1.237578e-01,8.322117e-01
3.313709e+00,-3.236762e+00,-5.555396e-01,-1.981469e-01,-9.517258e-02,-1.935957e+00,-2.038650e+00,-2.850470e-01,6.756759e-01,-2.118283e-01,7.660837e-01
3.282059e+00,-3.129057e+00,-5.962501e-01,-2.945863e-01,-1.420389e-01,-1.856133e+00,-1.967611e+00,-3.228025e-01,5.745583e-01,-2.018109e-01,7.496753e-01
3.349663e+00,-3.278325e+00,-6.651020e-01,-1.739538e-01,-2.489093e-01,-1.789795e+00,-2.198387e+00,-1.941114e-01,5.409895e-01,-2.693488e-01,7.391385e-01
3.337839e+00,-3.194541e+00,-5.203187e-01,-2.876611e-01,-5.118105e-02,-1.918021e+00,-2.059339e+00,-3.083789e-01,5.878747e-01,-1.877671e-01,8.197352e-01
3.167872e+00,-3.163528e+00,-5.939056e-01,-2.003632e-01,-9.338709e-02,-1.960371e+00,-2.150607e+00,-3.126437e-01,5.878343e-01,-1.436039e-01,7.760874e-01
3.258503e+00,-3.135672e+00,-6.527084e-01,-1.350939e-01,-2.464657e-01,-1.737263e+00,-2.222798e+00,-1.565921e-01,4.944371e-01,-1.752083e-01,7.533336e-01
3.180515e+00,-3.071479e+00,-6.344064e-01,-2.605386e-01,-1.657720e-01,-1.824980e+00,-2.018839e+00,-2.372677e-01,5.572424e-01,-1.933531e-01,7.160609e-01
3.225690e+00,-3.256104e+00,-5.696832e-01,-3.151384e-01,-1.134181e-01,-1.953343e+00,-2.035376e+00,-3.029559e-01,6.170825e-01,-2.612599e-01,7.280793e-01
3.305289e+00,-3.145691e+00,-4.809346e-01,-2.204223e-01,-1.752384e-01,-1.782808e+00,-2.130280e+00,-2.831899e-01,5.520509e-01,-1.782377e-01,9.051707e-01
3.185628e+00,-3.199301e+00,-6.121492e-01,-2.259210e-01,-9.429311e-02,-1.945570e+00,-2.115802e+00,-2.972247e-01,6.119562e-01,-2.045949e-01,7.301392e-01
3.362685e+00,-3.267613e+00,-4.378023e-01,-3.542591e-01,-4.689655e-02,-1.914751e+00,-1.897623e+00,-4.261034e-01,6.542314e-01,-1.834846e-01,8.261715e-01
3.333212e+00,-3.366499e+00,-5.863284e-01,-2.883349e-01,-2.267307e-01,-1.849122e+00,-2.140837e+00,-2.759748e-01,5.628479e-01,-3.007667e-01,7.231698e-01
3.191404e+00,-3.144114e+00,-6.067754e-01,-1.830779e-01,-1.885571e-01,-1.825802e+00,-2.080395e+00,-2.407863e-01,5.470102e-01,-1.307863e-01,6.711284e-01
3.214190e+00,-3.163286e+00,-5.267930e-01,-1.025850e-01,-2.007288e-01,-1.842250e+00,-2.179517e+00,-2.643702e-01,5.718150e-01,-6.840056e-02,7.241849e-01
3.254101e+00,-3.219835e+00,-6.509489e-01,-6.804970e-02,-3.374504e-01,-1.708507e+00,-2.256832e+00,-1.498767e-01,5.280550e-01,-1.430806e-01,7.155398e-01
3.141887e+00,-3.095558e+00,-6.747286e-01,-1.764086e-01,-2.316036e-01,-1.815813e+00,-1.971981e+00,-3.544822e-01,5.418751e-01,-8.238725e-02,6.228857e-01
3.201592e+00,-3.213440e+00,-6.902836e-01,-1.777596e-01,-1.736857e-01,-1.915972e+00,-2.056562e+00,-3.217672e-01,6.123361e-01,-1.753692e-01,6.298300e-01
3.320473e+00,-3.188091e+00,-5.947152e-01,-1.309144e-01,-2.934086e-01,-1.697440e+00,-2.142462e+00,-2.644536e-01,5.385556e-01,-9.134803e-02,7.842268e-01
3.132132e+00,-3.217515e+00,-6.166925e-01,-1.492674e-01,-2.265576e-01,-1.923411e+00,-2.168234e+00,-3.206061e-01,5.218627e-01,-1.025599e-01,6.079684e-01
3.347688e+00,-3.251720e+00,-4.761043e-01,-2.887834e-01,-1.299612e-01,-1.892780e+00,-1.930052e+00,-3.600013e-01,6.490190e-01,-2.000653e-01,7.383051e-01
3.272309e+00,-3.212011e+00,-6.543770e-01,-1.455302e-01,-3.489860e-01,-1.704646e+00,-2.158118e+00,-1.932329e-01,5.008770e-01,-1.880437e-01,6.866064e-01
3.105961e+00,-3.076307e+00,-6.732004e-01,-1.691959e-01,-1.766278e-01,-1.861685e+00,-2.104417e+00,-2.601721e-01,5.568425e-01,-1.535583e-01,6.663289e-01
3.230113e+00,-3.170333e+00,-4.853488e-01,-2.106347e-01,-1.423295e-01,-1.878245e+00,-2.128853e+00,-3.440228e-01,5.524600e-01,-7.211169e-02,7.965765e-01
3.208431e+00,-3.240602e+00,-5.770228e-01,-1.518276e-01,-2.168233e-01,-1.810984e+00,-2.190659e+00,-2.280135e-01,5.274853e-01,-9.990181e-02,7.298413e-01
3.214399e+00,-3.097415e+00,-5.748905e-01,-2.718880e-01,-1.919927e-01,-1.786421e+00,-2.031535e+00,-2.849975e-01,5.074194e-01,-1.200830e-01,7.488088e-01
3.188483e+00,-3.183168e+00,-6.830477e-01,-2.382610e-01,-1.831062e-01,-1.858498e+00,-2.112308e+00,-1.882224e-01,5.653372e-01,-2.325340e-01,6.741922e-01
3.236514e+00,-3.059099e+00,-6.249415e-01,-1.556215e-01,-1.986093e-01,-1.758663e+00,-2.125051e+00,-2.067704e-01,5.596017e-01,-2.122325e-01,8.367771e-01
3.081146e+00,-3.082446e+00,-6.349739e-01,-1.634385e-01,-1.379738e-01,-1.920122e+00,-2.149346e+00,-2.822103e-01,5.895318e-01,-1.554977e-01,7.062346e-01
3.300749e+00,-3.241720e+00,-5.353351e-01,-2.857110e-01,-5.695124e-02,-1.907753e+00,-2.034951e+00,-3.001066e-01,6.432863e-01,-2.365049e-01,7.809548e-01
3.302441e+00,-3.203517e+00,-6.028770e-01,-2.156993e-01,-1.796990e-01,-1.763676e+00,-2.167005e+00,-1.728832e-01,5.142603e-01,-1.422105e-01,7.231078e-01
3.201475e+00,-3.206387e+00,-6.398463e-01,-2.636289e-01,-9.077703e-02,-1.966042e+00,-2.068023e+00,-3.095978e-01,6.013525e-01,-2.371879e-01,6.519200e-01
3.194563e+00,-3.065681e+00,-5.717485e-01,-1.765549e-01,-1.571110e-01,-1.799966e+00,-2.090316e+00,-2.615322e-01,5.282187e-01,-8.214584e-02,7.336217e-01
3.308194e+00,-3.311725e+00,-5.740816e-01,-1.715486e-01,-2.432149e-01,-1.867557e+00,-2.202662e+00,-2.803725e-01,5.785844e-01,-2.395333e-01,7.098954e-01
3.207632e+00,-3.070918e+00,-6.659883e-01,-2.103840e-01,-1.909837e-01,-1.811854e+00,-2.039066e+00,-2.598264e-01,5.443629e-01,-1.619234e-01,6.731831e-01
3.196953e+00,-3.170026e+00,-7.035083e-01,-1.228926e-01,-2.720756e-01,-1.781905e+00,-2.117084e+00,-2.524133e-01,5.682638e-01,-1.827007e-01,6.497975e-01
3.372398e+00,-3.251947e+00,-5.772883e-01,-1.542817e-01,-2.388443e-01,-1.758425e+00,-2.122434e+00,-2.595496e-01,5.689727e-01,-1.332051e-01,7.568773e-01
3.149863e+00,-3.091330e+00,-6.644184e-01,-1.529654e-01,-1.633904e-01,-1.896805e+00,-2.074524e+00,-3.518537e-01,5.604916e-01,-1.462381e-01,6.874604e-01
3.233890e+00,-3.229856e+00,-5.870524e-01,-1.908347e-01,-2.125795e-01,-1.863530e+00,-2.111047e+00,-3.185950e-01,5.609450e-01,-1.571475e-01,6.459248e-01
3.281376e+00,-3.140999e+00,-6.015866e-01,-2.066152e-01,-3.078952e-01,-1.679828e+00,-2.073023e+00,-2.239523e-01,5.113918e-01,-1.481869e-01,7.367030e-01
3.188836e+00,-3.265700e+00,-6.217846e-01,-2.796976e-01,-2.228517e-01,-1.895824e+00,-2.050241e+00,-2.897404e-01,5.405434e-01,-1.691752e-01,5.599190e-01
3.157451e+00,-3.015632e+00,-5.851224e-01,-2.105467e-01,-2.084266e-01,-1.771194e+00,-2.083758e+00,-3.045149e-01,5.062653e-01,-1.388250e-01,7.343822e-01
3.202826e+00,-3.227377e+00,-5.653690e-01,-1.697533e-01,-1.848308e-01,-1.836868e+00,-2.153032e+00,-2.907570e-01,6.300544e-01,-1.887130e-01,8.219954e-01
3.161753e+00,-3.153081e+00,-5.358543e-01,-2.503212e-01,-1.450097e-01,-1.848181e+00,-1.988225e+00,-3.897790e-01,6.066205e-01,-1.413764e-01,7.369280e-01
3.159460e+00,-3.166553e+00,-6.674610e-01,-1.577447e-01,-2.956022e-01,-1.732722e+00,-2.162580e+00,-2.051795e-01,5.153979e-01,-1.381856e-01,6.612062e-01
3.219394e+00,-3.260960e+00,-5.650206e-01,-2.663015e-01,-2.029341e-01,-1.832471e+00,-2.121029e+00,-2.435359e-01,5.396187e-01,-1.720643e-01,6.533808e-01
3.088612e+00,-3.084583e+00,-5.468598e-01,-1.912651e-01,-1.392395e-01,-1.906093e+00,-2.070899e+00,-3.381366e-01,5.906038e-01,-1.250562e-01,7.313266e-01
3.100028e+00,-3.163553e+00,-6.302690e-01,-1.476942e-01,-2.179444e-01,-1.840019e+00,-2.165195e+00,-2.339208e-01,5.727856e-01,-1.192002e-01,6.394804e-01
3.216404e+00,-3.151697e+00,-5.776873e-01,-2.209633e-01,-2.315754e-01,-1.727100e+00,-2.044144e+00,-2.709000e-01,5.660770e-01,-1.276818e-01,8.031038e-01
3.132011e+00,-3.143847e+00,-7.213477e-01,-1.997235e-01,-1.477589e-01,-1.883389e+00,-2.103710e+00,-2.429547e-01,5.934537e-01,-1.995672e-01,6.432175e-01
3.253392e+00,-3.202952e+00,-6.017565e-01,-1.967276e-01,-2.404509e-01,-1.794278e+00,-2.151662e+00,-2.957367e-01,5.337278e-01,-1.888916e-01,7.369160e-01
3.264286e+00,-3.224916e+00,-5.346878e-01,-1.160218e-01,-1.739379e-01,-1.856884e+00,-2.183144e+00,-2.667947e-01,6.069822e-01,-1.500103e-01,8.142971e-01
3.137551e+00,-3.109994e+00,-6.047138e-01,-2.201608e-01,-1.267496e-01,-1.950443e+00,-1.989575e+00,-3.563693e-01,6.311253e-01,-1.906743e-01,6.663540e-01
3.306139e+00,-3.185858e+00,-6.163479e-01,-2.156755e-01,-2.251883e-01,-1.759864e+00,-2.054369e+00,-2.148444e-01,5.700981e-01,-1.835292e-01,7.417072e-01
3.259988e+00,-3.230353e+00,-6.594138e-01,-2.077745e-01,-2.003590e-01,-1.880456e+00,-2.094987e+00,-2.790933e-01,5.718288e-01,-2.201750e-01,6.684399e-01
3.180279e+00,-3.030475e+00,-6.136699e-01,-1.479008e-01,-2.025458e-01,-1.786734e+00,-2.039910e+00,-3.420605e-01,5.590399e-01,-7.234404e-02,7.365578e-01
3.159838e+00,-3.205289e+00,-6.584508e-01,-1.719660e-01,-1.894175e-01,-1.909906e+00,-2.205997e+00,-2.817439e-01,5.390170e-01,-1.710367e-01,6.971867e-01
3.270597e+00,-3.124789e+00,-5.881422e-01,-2.250493e-01,-2.367522e-01,-1.745558e+00,-2.056459e+00,-2.895915e-01,5.380863e-01,-1.593439e-01,7.602584e-01
3.140908e+00,-3.122726e+00,-7.028250e-01,-2.463778e-01,-1.560310e-01,-1.910714e+00,-2.008193e+00,-2.779825e-01,6.172218e-01,-2.472798e-01,6.493643e-01
3.194473e+00,-3.136312e+00,-6.042033e-01,-2.009719e-01,-2.377353e-01,-1.795667e+00,-2.108992e+00,-2.455406e-01,5.373957e-01,-2.073932e-01,7.330165e-01
3.297115e+00,-3.264562e+00,-4.682815e-01,-2.551873e-01,-1.223978e-01,-1.900518e+00,-2.149443e+00,-3.272248e-01,6.213216e-01,-2.384918e-01,8.188072e-01
3.147525e+00,-3.153772e+00,-6.976675e-01,-1.986623e-01,-1.562085e-01,-1.893448e+00,-2.131731e+00,-2.849480e-01,6.170926e-01,-2.252157e-01,7.354572e-01
3.243119e+00,-3.183910e+00,-5.767413e-01,-1.829280e-01,-2.900009e-01,-1.625121e+00,-2.182433e+00,-1.716074e-01,5.010165e-01,-8.047367e-02,7.291420e-01
3.206432e+00,-3.199014e+00,-6.510991e-01,-1.660098e-01,-2.226330e-01,-1.793962e+00,-2.145102e+00,-2.251708e-01,5.731796e-01,-2.021203e-01,6.454983e-01
3.197399e+00,-3.144110e+00,-5.083571e-01,-2.867090e-01,-1.230546e-01,-1.850776e+00,-1.975421e+00,-3.577492e-01,6.007124e-01,-1.247091e-01,7.690019e-01
3.220112e+00,-3.224694e+00,-5.483322e-01,-1.235187e-01,-2.558065e-01,-1.764689e+00,-2.327578e+00,-1.430840e-01,4.987926e-01,-1.300478e-01,6.966144e-01
3.175068e+00,-3.166954e+00,-5.899648e-01,-2.534158e-01,-1.828474e-01,-1.835785e+00,-2.035878e+00,-3.107356e-01,6.016083e-01,-1.777748e-01,7.127381e-01
3.085576e+00,-3.117667e+00,-6.558381e-01,-1.789499e-01,-2.032070e-01,-1.806090e+00,-2.045933e+00,-2.543241e-01,5.538221e-01,-8.858044e-02,6.250903e-01
3.223972e+00,-3.205789e+00,-6.507449e-01,-1.423269e-01,-2.966591e-01,-1.738786e+00,-2.203872e+00,-2.314605e-01,5.251407e-01,-1.826319e-01,6.913449e-01
3.288023e+00,-2.216389e+00,-5.872253e-01,3.846464e-02,-1.652831e-01,-1.326089e+00,-1.243052e+00,8.351383e-02,5.516645e-01,-7.681282e-02,1.145870e-01
