5.038444e-01,-2.349093e+00,-3.311102e-01,2.411323e-01,7.286077e-01,-4.653682e-01,-3.697813e-01,8.262834e-01,2.871458e-02,-2.171936e-01,6.289158e-01
1.422799e+00,-2.864846e+00,-1.143368e+00,5.095328e-02,1.475701e+00,2.913655e-02,-1.204294e-01,9.146966e-03,-5.190260e-01,-6.387995e-01,2.991135e-01
1.624177e+00,-2.688624e+00,-8.551645e-01,1.365791e-01,2.069564e+00,6.697227e-02,-1.799144e-01,2.123377e-01,-9.111050e-01,-8.131978e-01,2.037157e-01
2.516644e+00,-2.513160e+00,-1.261245e+00,-3.655373e-01,1.632964e+00,-1.392283e-01,-2.422605e-01,4.359294e-01,-2.859334e-01,-6.853389e-01,1.587403e-01
2.439477e+00,-2.422146e+00,-5.929352e-01,-3.839515e-02,2.457175e+00,-1.153456e-02,-2.682998e-01,3.289206e-01,-5.182129e-01,-8.486471e-01,5.077629e-01
2.306107e+00,-2.371001e+00,-5.155393e-01,-2.368527e-01,2.513402e+00,3.038980e-02,-4.510363e-01,5.232755e-01,-7.233517e-01,-9.085595e-01,6.711996e-01
1.806005e+00,-2.865174e+00,-7.191363e-01,-7.349154e-02,2.625797e+00,2.755188e-01,-4.025768e-01,4.857812e-01,-4.280915e-01,-8.645822e-01,7.564949e-01
1.610606e+00,-2.884021e+00,-1.206651e+00,-3.112732e-01,2.093088e+00,-9.691515e-02,-3.627578e-01,3.055185e-01,-2.599810e-01,-5.764416e-01,1.040302e+00
1.579295e+00,-2.880224e+00,-1.580536e+00,-3.141009e-01,1.820792e+00,-2.752322e-01,-2.592275e-01,1.095411e-01,-3.413743e-01,-7.229333e-01,6.631715e-01
1.782229e+00,-2.868009e+00,-1.240593e+00,5.111804e-02,2.235213e+00,1.496382e-02,-1.502223e-01,7.084211e-02,-2.988609e-01,-6.931078e-01,4.314251e-01
2.535070e+00,-2.430368e+00,-9.048794e-01,2.050682e-01,2.207559e+00,-1.860331e-01,-3.208868e-01,-2.615025e-01,-7.008403e-01,-8.767804e-01,2.229010e-01
1.911423e+00,-2.835145e+00,-1.267651e+00,5.501339e-01,2.586903e+00,2.958080e-01,3.433175e-01,-1.240135e-01,-5.650136e-01,-8.676068e-01,1.122392e-01
2.153019e+00,-2.669633e+00,-1.050282e+00,1.911868e-01,2.148674e+00,8.784124e-02,-5.286173e-02,-7.938785e-02,-6.893033e-01,-6.246941e-01,3.716831e-01
1.880764e+00,-2.818025e+00,-9.595008e-01,3.167368e-01,2.599836e+00,3.524470e-01,-9.048656e-02,-1.209583e-02,-7.912815e-01,-8.772933e-01,1.987743e-01
1.470281e+00,-2.862249e+00,-1.254519e+00,-2.355188e-02,2.298998e+00,3.413633e-01,5.973323e-02,-5.696597e-02,-5.860435e-01,-8.089857e-01,4.938814e-01
1.895299e+00,-2.795944e+00,-1.306247e+00,1.498156e-01,2.268841e+00,4.670841e-01,2.795565e-01,9.067218e-02,-1.824548e-01,-5.294464e-01,4.604054e-01
1.391563e+00,-2.957122e+00,-9.212032e-01,-4.653102e-03,2.471283e+00,5.104948e-01,-9.074109e-03,-3.767050e-01,-9.456143e-01,-9.128436e-01,3.920187e-01
1.296531e+00,-2.889901e+00,-9.580361e-01,-1.865103e-01,2.654397e+00,9.813817e-01,1.871593e-01,1.609799e-01,-6.153508e-01,-3.365593e-01,6.708008e-01
1.305526e+00,-2.917101e+00,-7.844572e-01,-4.864651e-01,2.708124e+00,1.167079e+00,3.473812e-01,1.962468e-02,-4.986679e-01,-1.204886e-01,7.462283e-01
2.009955e+00,-2.643984e+00,-5.454982e-01,-5.440734e-01,2.421137e+00,6.546821e-01,3.074015e-02,-3.952805e-01,-7.507731e-01,-3.351037e-01,5.989153e-01
1.410214e+00,-3.073978e+00,-5.089219e-01,-2.990208e-01,2.884727e+00,1.002536e+00,3.943612e-01,-3.467916e-01,-8.805683e-01,-5.587685e-01,5.227819e-01
1.683088e+00,-3.116400e+00,-2.660872e-01,-4.120065e-01,2.967392e+00,8.993555e-01,2.323279e-01,-2.183225e-01,-8.003058e-01,-6.640965e-01,6.356258e-01
1.583853e+00,-3.295734e+00,-6.144939e-01,-6.732835e-01,2.420001e+00,4.988987e-01,-1.707353e-01,-1.110294e-01,-8.172626e-01,-4.969688e-01,8.460141e-01
1.956988e+00,-3.426331e+00,-3.800314e-01,-3.133132e-01,2.748644e+00,5.664332e-01,1.865897e-01,1.452173e-01,-5.269713e-01,-4.309906e-01,7.665187e-01
1.347414e+00,-4.068484e+00,-9.385195e-01,-4.464493e-01,2.254940e+00,2.698561e-01,9.364872e-02,-1.970172e-01,-6.806473e-01,-6.912352e-01,6.354141e-01
1.717820e+00,-3.685232e+00,-6.533698e-01,-1.952187e-01,2.511321e+00,2.587302e-01,4.229480e-02,-8.286355e-02,-5.766456e-01,-6.599657e-01,7.456612e-01
1.774623e+00,-3.577010e+00,-5.085961e-01,-1.420680e-01,2.550635e+00,2.652956e-01,6.687657e-02,2.296212e-02,-6.651339e-01,-7.222363e-01,8.872111e-01
1.355080e+00,-3.795644e+00,-6.803108e-01,-7.085641e-02,2.576126e+00,4.583879e-01,6.753827e-02,1.194595e-02,-9.415109e-01,-1.151844e+00,3.735057e-01
1.747435e+00,-3.750353e+00,-4.389186e-01,5.093243e-02,2.712619e+00,5.533222e-01,2.760201e-01,3.225924e-01,-5.905981e-01,-7.257888e-01,7.407660e-01
2.092208e+00,-3.648532e+00,-4.958699e-01,-1.911140e-03,2.476604e+00,1.985717e-01,-1.103037e-01,-8.696658e-02,-8.859795e-01,-8.692986e-01,6.152256e-01
1.528534e+00,-4.160115e+00,-1.008899e+00,-5.678193e-02,2.261469e+00,1.585674e-01,-6.288893e-02,4.990815e-03,-7.418194e-01,-6.659208e-01,6.012756e-01
1.632350e+00,-4.191801e+00,-8.558124e-01,-2.845187e-02,2.447733e+00,2.839151e-01,7.628351e-02,-3.557077e-02,-6.358482e-01,-7.747929e-01,4.885581e-01
1.314945e+00,-4.591794e+00,-8.417015e-01,6.210773e-02,2.631876e+00,5.358193e-01,1.929326e-01,1.670646e-01,-5.109163e-01,-6.988915e-01,5.464828e-01
2.206074e+00,-3.807566e+00,-4.056932e-01,3.544943e-01,2.603063e+00,5.197917e-01,8.821636e-02,2.117095e-01,-5.359093e-01,-6.940172e-01,4.932634e-01
1.409770e+00,-4.527963e+00,-9.005111e-01,1.345512e-01,2.653545e+00,4.995155e-01,2.203653e-01,4.861830e-02,-6.034960e-01,-9.301319e-01,3.217443e-01
1.662334e+00,-4.320197e+00,-7.046780e-01,5.221856e-01,2.707608e+00,6.491860e-01,1.710710e-01,8.213087e-02,-6.194280e-01,-8.673416e-01,3.766756e-01
1.578368e+00,-4.558303e+00,-8.617589e-01,1.196714e-01,2.538628e+00,3.455107e-01,1.352871e-01,2.735662e-02,-6.012911e-01,-8.411402e-01,4.539639e-01
1.398067e+00,-4.821719e+00,-9.649690e-01,7.743140e-02,2.622100e+00,5.189900e-01,1.083249e-01,3.035743e-01,-5.896567e-01,-7.425241e-01,4.138163e-01
1.555586e+00,-4.641988e+00,-1.021821e+00,1.257672e-01,2.680759e+00,3.764427e-01,3.947245e-02,3.104632e-01,-6.741330e-01,-8.774153e-01,4.397173e-01
1.172552e+00,-4.972619e+00,-1.148985e+00,4.978354e-01,2.949447e+00,8.380168e-01,4.511321e-01,5.773252e-01,-4.825981e-01,-7.238241e-01,5.571398e-01
1.447767e+00,-4.907634e+00,-1.168383e+00,4.694320e-01,2.770482e+00,5.983479e-01,4.533981e-01,3.855705e-01,-3.344675e-01,-6.403762e-01,7.055331e-01
1.414209e+00,-5.109524e+00,-1.201947e+00,3.547559e-01,2.757626e+00,5.906222e-01,5.769488e-01,4.379944e-01,-2.916559e-01,-5.547413e-01,6.314624e-01
1.370235e+00,-5.187279e+00,-1.102694e+00,5.800090e-01,2.916738e+00,7.558492e-01,4.548643e-01,3.475691e-01,-5.472134e-01,-8.183881e-01,4.497141e-01
1.207109e+00,-5.217704e+00,-1.528250e+00,1.334435e-01,2.438634e+00,3.973259e-01,3.397162e-01,2.245564e-01,-4.779679e-01,-8.893976e-01,4.462454e-01
7.111329e-01,-5.458428e+00,-1.686667e+00,3.447951e-01,2.634893e+00,6.856290e-01,4.523114e-01,4.345030e-01,-3.515541e-01,-6.933230e-01,5.687828e-01
9.356501e-01,-5.803366e+00,-1.653485e+00,-2.576367e-02,2.581788e+00,4.556484e-01,5.183630e-01,2.971945e-01,-4.360196e-01,-8.310431e-01,4.345528e-01
2.796257e-01,-6.211461e+00,-2.091391e+00,-1.092728e-01,2.518338e+00,5.399923e-01,5.636574e-01,4.583799e-01,-3.092306e-01,-6.423604e-01,5.197527e-01
4.824652e-01,-5.980509e+00,-2.180888e+00,-3.284673e-01,2.110445e+00,7.401546e-02,1.064360e-01,-5.671370e-02,-5.781447e-01,-1.011093e+00,3.795521e-01
1.744117e-01,-6.195129e+00,-2.506402e+00,-5.266399e-01,1.974983e+00,1.012751e-01,9.100324e-03,5.138169e-02,-5.662801e-01,-1.050496e+00,2.905724e-01
-2.573285e-01,-6.732037e+00,-2.568255e+00,-5.353017e-01,2.243936e+00,3.145359e-01,2.203566e-01,2.547840e-01,-4.237956e-01,-8.642062e-01,4.091561e-01
6.776000e-01,-5.935454e+00,-2.138574e+00,-3.640615e-01,2.129480e+00,2.288497e-01,1.264750e-01,2.153666e-01,-5.262666e-01,-8.086209e-01,3.705995e-01
-6.391694e-02,-6.475314e+00,-2.464048e+00,-4.400722e-01,2.269383e+00,2.554341e-01,2.223250e-01,1.253729e-01,-4.396260e-01,-1.001249e+00,4.050667e-01
1.357367e-01,-6.191083e+00,-2.478160e+00,-3.793078e-01,1.990235e+00,3.236868e-01,1.876819e-02,2.462617e-01,-5.654938e-01,-8.703381e-01,4.077478e-01
7.735074e-02,-6.449652e+00,-2.468260e+00,-5.107689e-01,2.176689e+00,2.362271e-01,1.445778e-01,2.177248e-01,-4.438605e-01,-9.134989e-01,3.643564e-01
-3.705106e-01,-6.728841e+00,-2.654538e+00,-5.204787e-01,2.140278e+00,3.039485e-01,4.958434e-02,1.615718e-01,-7.117789e-01,-1.032712e+00,1.135817e-01
3.669711e-01,-6.171332e+00,-2.374544e+00,-4.899368e-01,2.045391e+00,1.246368e-01,6.031658e-02,1.042177e-01,-5.072568e-01,-9.540193e-01,4.016636e-01
-2.387033e-01,-6.473133e+00,-2.567922e+00,-3.631624e-01,2.257076e+00,3.942245e-01,2.516709e-01,2.795105e-01,-3.619157e-01,-8.642863e-01,5.156763e-01
5.373274e-01,-5.941181e+00,-2.275554e+00,-3.506351e-01,2.070073e+00,2.521070e-01,5.750339e-02,2.249065e-01,-5.104747e-01,-8.688338e-01,4.076304e-01
1.680980e-01,-6.340298e+00,-2.403927e+00,-4.352060e-01,2.253912e+00,2.663388e-01,1.018356e-01,2.355735e-01,-4.782293e-01,-8.885019e-01,3.504077e-01
2.524771e-01,-6.122882e+00,-2.336688e+00,-3.666306e-01,2.218760e+00,2.928263e-01,1.426655e-01,2.021262e-01,-4.837821e-01,-9.403532e-01,4.224016e-01
1.005305e-01,-6.245606e+00,-2.519356e+00,-4.243191e-01,2.149189e+00,2.564095e-01,9.091161e-02,2.379553e-01,-4.297767e-01,-9.392486e-01,3.949321e-01
-2.983627e-01,-6.665320e+00,-2.502048e+00,-3.546352e-01,2.431209e+00,5.510065e-01,3.223481e-01,3.797492e-01,-3.946833e-01,-9.331614e-01,4.622237e-01
6.142310e-01,-6.030399e+00,-2.223190e+00,-3.984059e-01,2.193597e+00,2.484711e-01,4.754238e-02,2.703133e-01,-4.898584e-01,-8.576895e-01,3.386024e-01
-1.398722e-01,-6.408533e+00,-2.593904e+00,-4.630795e-01,2.253532e+00,2.895753e-01,8.570422e-02,2.015401e-01,-4.725043e-01,-1.054343e+00,2.903621e-01
4.676783e-01,-5.971840e+00,-2.341789e+00,-4.091211e-01,2.157718e+00,2.180051e-01,2.678755e-02,1.978871e-01,-4.624372e-01,-1.004021e+00,3.984201e-01
1.661593e-01,-6.140107e+00,-2.474165e+00,-4.025872e-01,2.275409e+00,2.518174e-01,1.068461e-01,2.362204e-01,-3.607352e-01,-9.685955e-01,4.149750e-01
3.813287e-01,-6.149884e+00,-2.275767e+00,-4.082143e-01,2.314330e+00,3.040032e-01,8.681586e-02,2.420110e-01,-5.218606e-01,-9.841701e-01,3.346699e-01
2.539788e-01,-6.263245e+00,-2.489460e+00,-5.560221e-01,2.205917e+00,1.657446e-01,-2.296440e-03,2.358577e-01,-4.136061e-01,-9.710356e-01,3.636766e-01
-6.709609e-01,-6.841501e+00,-2.781763e+00,-5.279995e-01,2.428211e+00,5.077511e-01,3.634597e-01,4.128365e-01,-2.530667e-01,-9.761740e-01,4.975819e-01
5.539252e-01,-5.973987e+00,-2.297749e+00,-4.400296e-01,2.266200e+00,1.720721e-01,6.703438e-02,2.051986e-01,-3.400410e-01,-9.939814e-01,4.687786e-01
2.224915e-01,-6.236547e+00,-2.406977e+00,-3.865204e-01,2.292664e+00,3.454877e-01,4.980104e-02,3.146898e-01,-4.880830e-01,-9.036636e-01,3.561794e-01
4.819883e-01,-6.170460e+00,-2.325839e+00,-4.982061e-01,2.184742e+00,2.000237e-01,-1.638568e-02,2.145990e-01,-5.196978e-01,-9.754080e-01,3.508262e-01
3.262397e-01,-6.048706e+00,-2.385665e+00,-3.929055e-01,2.299442e+00,2.404957e-01,1.379694e-01,2.378116e-01,-2.904721e-01,-9.686595e-01,4.618256e-01
9.121958e-03,-6.341423e+00,-2.506692e+00,-5.114200e-01,2.200781e+00,2.155005e-01,5.032062e-02,9.159764e-02,-5.510170e-01,-1.176360e+00,2.934925e-01
5.141549e-02,-6.503137e+00,-2.698456e+00,-7.182443e-01,1.893741e+00,1.604425e-02,-2.453893e-01,8.031270e-02,-6.871576e-01,-1.077802e+00,1.815278e-01
-8.493230e-01,-7.184019e+00,-2.956592e+00,-8.223566e-01,2.093059e+00,1.973433e-01,8.389363e-02,1.538595e-01,-5.662544e-01,-9.679340e-01,4.292357e-01
3.849072e-01,-6.062937e+00,-2.405778e+00,-4.231002e-01,2.126347e+00,2.033511e-01,-3.338853e-02,1.925690e-01,-4.892670e-01,-9.857602e-01,3.678596e-01
2.369936e-01,-6.120991e+00,-2.360550e+00,-3.798854e-01,2.249856e+00,2.406904e-01,1.496776e-01,1.324050e-01,-4.071192e-01,-1.021834e+00,4.646322e-01
1.416419e-01,-6.345557e+00,-2.500627e+00,-5.472304e-01,2.078507e+00,1.677272e-01,-6.847198e-03,1.524361e-01,-5.270904e-01,-9.608992e-01,3.906819e-01
3.260768e-01,-6.335442e+00,-2.398413e+00,-5.024890e-01,2.059160e+00,1.927556e-01,-4.523191e-02,1.837915e-01,-6.177271e-01,-9.026728e-01,2.726433e-01
-6.148200e-02,-6.367440e+00,-2.440434e+00,-2.909321e-01,2.230136e+00,4.662124e-01,1.571732e-01,2.927522e-01,-5.327499e-01,-8.699462e-01,4.692657e-01
1.621619e-01,-6.230921e+00,-2.500216e+00,-4.581266e-01,2.094293e+00,2.058079e-01,6.597494e-02,1.846817e-01,-4.270134e-01,-9.410249e-01,4.064599e-01
-4.608972e-01,-6.765606e+00,-2.663586e+00,-4.754854e-01,2.159139e+00,4.497056e-01,9.942391e-02,2.696743e-01,-6.288845e-01,-9.732325e-01,3.518635e-01
4.022182e-01,-6.244040e+00,-2.320355e+00,-4.508897e-01,2.148364e+00,2.237083e-01,1.245541e-02,2.141232e-01,-5.576875e-01,-8.838458e-01,2.823555e-01
2.586257e-01,-6.108931e+00,-2.359043e+00,-3.700822e-01,2.125324e+00,2.549452e-01,1.149205e-01,1.558397e-01,-5.473076e-01,-9.392867e-01,3.456463e-01
4.560927e-02,-6.373300e+00,-2.468887e+00,-4.821673e-01,2.157186e+00,1.970408e-01,1.654115e-01,1.101338e-01,-4.347732e-01,-9.829676e-01,4.397576e-01
4.126841e-01,-6.136008e+00,-2.283099e+00,-4.235323e-01,2.203610e+00,2.016578e-01,1.906622e-01,1.599008e-01,-3.843748e-01,-9.146319e-01,4.544271e-01
-1.182727e-01,-6.604929e+00,-2.373499e+00,-4.298782e-01,2.400412e+00,3.921356e-01,3.034924e-01,2.236059e-01,-4.671346e-01,-9.147257e-01,3.848110e-01
2.260327e-01,-6.252205e+00,-2.426173e+00,-4.969598e-01,2.120584e+00,1.387476e-01,9.536857e-02,1.083624e-01,-4.675551e-01,-9.460725e-01,3.353923e-01
-3.722252e-01,-6.501953e+00,-2.587266e+00,-3.852602e-01,2.217553e+00,3.738222e-01,2.631394e-01,1.594671e-01,-4.934890e-01,-9.646916e-01,4.378652e-01
3.109085e-01,-6.258307e+00,-2.327121e+00,-3.539378e-01,2.195995e+00,3.408148e-01,1.308712e-01,2.749333e-01,-4.383285e-01,-8.405299e-01,4.484774e-01
4.826802e-01,-6.071944e+00,-2.246296e+00,-3.829176e-01,2.101009e+00,2.646067e-01,4.762476e-02,2.108291e-01,-6.107430e-01,-8.681343e-01,2.728997e-01
-2.955018e-01,-6.662545e+00,-2.804947e+00,-6.351469e-01,1.807770e+00,1.341380e-01,-2.563185e-01,4.892439e-02,-8.512511e-01,-1.128211e+00,5.410317e-02
1.840080e-01,-6.302723e+00,-2.560452e+00,-5.990799e-01,1.872600e+00,6.313826e-02,-8.395100e-02,8.721155e-02,-5.807033e-01,-9.561473e-01,3.907676e-01
-4.179116e-01,-6.548775e+00,-2.578396e+00,-3.101747e-01,2.331553e+00,4.859531e-01,3.859514e-01,3.032529e-01,-3.653857e-01,-8.476198e-01,4.651871e-01
3.588129e-01,-6.185173e+00,-2.348977e+00,-4.036509e-01,2.116276e+00,2.451156e-01,4.710018e-02,2.269601e-01,-5.342409e-01,-8.571268e-01,3.202249e-01
-1.411652e-01,-6.589564e+00,-2.503517e+00,-5.278113e-01,2.207810e+00,2.826910e-01,2.299946e-01,2.028255e-01,-4.892942e-01,-9.054159e-01,3.587608e-01
2.436785e-01,-6.173181e+00,-2.372741e+00,-2.574667e-01,2.195680e+00,4.223833e-01,6.167974e-02,3.240555e-01,-4.871505e-01,-8.939496e-01,3.872043e-01
4.531509e-01,-5.788395e+00,-2.297771e+00,-2.342346e-01,2.082249e+00,3.202476e-01,8.335561e-02,2.444304e-01,-5.005471e-01,-8.483305e-01,4.394165e-01
4.503691e-02,-6.347315e+00,-2.415930e+00,-3.041663e-01,2.275500e+00,4.207358e-01,1.447885e-01,3.066356e-01,-5.241701e-01,-8.890853e-01,3.126685e-01
4.610660e-01,-6.081117e+00,-2.324437e+00,-4.094283e-01,2.081219e+00,2.642237e-01,2.886601e-02,2.915131e-01,-5.318211e-01,-8.085467e-01,3.574609e-01
-6.873217e-01,-6.804251e+00,-2.905489e+00,-5.499582e-01,2.054855e+00,3.479498e-01,3.000720e-02,2.336391e-01,-5.929137e-01,-1.020387e+00,2.750903e-01
1.868182e-01,-6.026016e+00,-2.479558e+00,-2.984962e-01,2.162852e+00,3.642537e-01,7.711908e-02,3.350522e-01,-4.024535e-01,-8.853449e-01,4.152369e-01
9.180953e-02,-6.452657e+00,-2.465506e+00,-5.046785e-01,2.172390e+00,2.848665e-01,7.259359e-02,2.351817e-01,-5.138463e-01,-9.483906e-01,4.119561e-01
-5.510000e-03,-6.508883e+00,-2.558808e+00,-4.580232e-01,2.183489e+00,3.867005e-01,6.302005e-02,4.254937e-01,-4.416245e-01,-7.397640e-01,4.370288e-01
6.006554e-01,-5.797186e+00,-2.214279e+00,-2.985741e-01,2.212175e+00,2.761236e-01,1.301738e-01,2.455547e-01,-4.274645e-01,-8.930717e-01,4.340941e-01
-4.909370e-01,-6.633454e+00,-2.863551e+00,-6.045781e-01,2.115100e+00,1.947295e-01,2.141177e-02,1.561238e-01,-4.455599e-01,-1.048911e+00,3.869693e-01
5.123001e-01,-5.929761e+00,-2.328475e+00,-4.298658e-01,2.204065e+00,1.953433e-01,2.934958e-02,1.937716e-01,-4.475105e-01,-1.022900e+00,3.498955e-01
-2.065742e-01,-6.432981e+00,-2.505537e+00,-3.082307e-01,2.498857e+00,5.423226e-01,2.680726e-01,4.062458e-01,-4.363762e-01,-9.681109e-01,1.883139e-01
2.546978e-01,-6.093496e+00,-2.451526e+00,-3.889776e-01,2.220632e+00,2.925991e-01,-7.494587e-03,2.412093e-01,-5.177452e-01,-1.050146e+00,2.731075e-01
-8.425356e-02,-6.231332e+00,-2.668641e+00,-5.073320e-01,2.115690e+00,1.907933e-01,-6.809514e-03,1.478435e-01,-4.635023e-01,-1.049713e+00,3.746720e-01
-4.085063e-01,-6.685068e+00,-2.796348e+00,-6.138991e-01,2.236958e+00,2.931152e-01,7.997955e-02,3.007195e-01,-3.504757e-01,-9.465732e-01,4.707000e-01
7.378424e-01,-5.908285e+00,-2.167515e+00,-4.009058e-01,2.261307e+00,2.770439e-01,3.349871e-02,3.076217e-01,-4.453564e-01,-9.000241e-01,4.038154e-01
-3.191561e-01,-6.763368e+00,-2.761361e+00,-7.002068e-01,2.143670e+00,1.316067e-01,-9.867352e-02,6.697302e-02,-6.312266e-01,-1.221592e+00,1.556658e-01
3.178480e-01,-6.012711e+00,-2.467364e+00,-4.676199e-01,2.071546e+00,1.564203e-01,6.913251e-04,1.485389e-01,-4.894785e-01,-1.008953e+00,4.025054e-01
-5.600126e-01,-6.943492e+00,-2.938468e+00,-8.546608e-01,1.998771e+00,9.274980e-03,-1.231621e-01,7.456981e-03,-5.762531e-01,-1.137151e+00,3.520685e-01
2.485691e-01,-6.233705e+00,-2.337558e+00,-4.230070e-01,2.356619e+00,3.115682e-01,1.863369e-01,2.782765e-01,-3.797740e-01,-8.930596e-01,4.343241e-01
7.203323e-02,-6.330376e+00,-2.555934e+00,-5.082904e-01,2.112502e+00,2.674899e-01,5.243106e-03,2.781185e-01,-4.974502e-01,-9.132974e-01,3.184533e-01
-4.408878e-01,-6.603101e+00,-2.717996e+00,-4.479992e-01,2.222844e+00,3.368664e-01,1.344635e-01,1.662767e-01,-5.330801e-01,-1.097710e+00,2.535756e-01
5.316197e-01,-5.872805e+00,-2.296057e+00,-3.538276e-01,2.097587e+00,2.054071e-01,3.062948e-02,1.444025e-01,-5.278599e-01,-1.004471e+00,3.630993e-01
-1.005842e-01,-6.643925e+00,-2.550920e+00,-5.523271e-01,2.184850e+00,2.266477e-01,-2.977799e-03,1.211082e-01,-6.071680e-01,-1.071174e+00,2.618208e-01
4.565274e-01,-6.067910e+00,-2.308056e+00,-4.051672e-01,2.097284e+00,2.889241e-01,3.002874e-02,2.765708e-01,-5.373727e-01,-8.582468e-01,3.804929e-01
-4.608518e-01,-6.580496e+00,-2.810684e+00,-5.178605e-01,2.079430e+00,2.759314e-01,8.745136e-02,2.286351e-01,-4.443345e-01,-9.095097e-01,3.997362e-01
-4.920374e-02,-6.244215e+00,-2.513464e+00,-2.963712e-01,2.098000e+00,3.928104e-01,4.665337e-02,2.123764e-01,-6.264497e-01,-9.741732e-01,3.382617e-01
1.585984e-01,-6.281195e+00,-2.490130e+00,-4.984589e-01,2.046135e+00,1.579990e-01,-9.785279e-03,1.293777e-01,-6.009535e-01,-9.674697e-01,2.499982e-01
-6.068612e-01,-6.832788e+00,-2.748026e+00,-5.037031e-01,2.227420e+00,4.303122e-01,2.514070e-01,3.249378e-01,-5.005700e-01,-8.995290e-01,2.049561e-01
4.768914e-01,-5.868081e+00,-2.303184e+00,-2.916565e-01,2.082748e+00,3.038278e-01,8.461603e-02,2.842173e-01,-4.293923e-01,-8.076253e-01,4.774421e-01
-6.593478e-02,-6.255621e+00,-2.531521e+00,-3.312475e-01,2.140163e+00,3.048741e-01,9.103801e-02,1.463557e-01,-5.404507e-01,-9.915421e-01,2.983856e-01
3.977304e-01,-6.017653e+00,-2.276612e+00,-3.671776e-01,2.145357e+00,2.182153e-01,1.898480e-01,1.503171e-01,-4.708246e-01,-8.932405e-01,4.180689e-01
-1.045256e-01,-6.545602e+00,-2.606616e+00,-5.661758e-01,2.085142e+00,2.053589e-01,1.308209e-01,2.601931e-01,-4.136660e-01,-7.232247e-01,4.573931e-01
-6.226923e-01,-6.849775e+00,-2.913980e+00,-8.035680e-01,1.897128e+00,2.903882e-02,5.315998e-02,3.123123e-02,-4.957218e-01,-9.099559e-01,5.186983e-01
2.541808e-01,-6.186501e+00,-2.419141e+00,-4.770487e-01,2.112770e+00,1.301981e-01,1.127765e-01,1.016279e-01,-4.206781e-01,-9.652664e-01,4.260393e-01
-4.455240e-01,-6.491192e+00,-2.633216e+00,-3.156660e-01,2.230780e+00,4.470234e-01,1.989879e-01,2.274461e-01,-5.908608e-01,-9.817069e-01,2.027881e-01
5.877098e-01,-5.954171e+00,-2.178819e+00,-3.089263e-01,2.197940e+00,2.888903e-01,1.801571e-01,2.680832e-01,-4.511846e-01,-8.000161e-01,3.714199e-01
2.000948e-03,-6.323121e+00,-2.540864e+00,-3.888727e-01,2.066802e+00,3.034487e-01,5.884986e-02,2.220939e-01,-5.432316e-01,-8.896838e-01,3.300079e-01
2.344907e-01,-6.112340e+00,-2.404194e+00,-4.169908e-01,2.042299e+00,1.871195e-01,6.947154e-02,9.192415e-02,-5.542423e-01,-9.665501e-01,3.728737e-01
3.479526e-02,-6.258761e+00,-2.558027e+00,-4.538613e-01,2.084187e+00,1.891773e-01,6.608083e-02,1.545683e-01,-4.690552e-01,-9.408927e-01,3.529174e-01
-1.739094e-01,-6.550407e+00,-2.410984e+00,-3.807601e-01,2.365437e+00,4.269574e-01,3.131295e-01,2.340945e-01,-5.356045e-01,-9.532345e-01,2.823189e-01
3.068450e-01,-6.094384e+00,-2.421126e+00,-3.768637e-01,2.039434e+00,2.189114e-01,-1.134675e-04,1.793621e-01,-5.677586e-01,-9.215856e-01,2.621449e-01
-5.263941e-01,-6.632565e+00,-2.845038e+00,-4.981024e-01,1.916078e+00,2.798083e-01,-9.042301e-02,1.285991e-01,-7.345890e-01,-1.018896e+00,2.635728e-01
2.984910e-01,-6.142295e+00,-2.418829e+00,-4.307459e-01,2.055782e+00,2.036949e-01,2.289096e-02,1.811381e-01,-5.100240e-01,-9.374219e-01,3.878633e-01
2.093086e-01,-6.306530e+00,-2.440491e+00,-4.348432e-01,2.118216e+00,3.122262e-01,-1.594720e-02,2.983834e-01,-5.403468e-01,-8.584001e-01,3.628644e-01
4.653679e-01,-6.023240e+00,-2.194281e+00,-2.748400e-01,2.254889e+00,3.554064e-01,9.605776e-02,2.302413e-01,-5.596738e-01,-9.226288e-01,3.576391e-01
1.930668e-01,-6.124810e+00,-2.512382e+00,-3.587942e-01,2.058301e+00,2.830629e-01,-6.554335e-02,2.236599e-01,-5.884324e-01,-9.897372e-01,2.503671e-01
-3.851039e-01,-6.507324e+00,-2.626126e+00,-3.759377e-01,2.193739e+00,3.654040e-01,3.595620e-02,7.479212e-02,-7.405958e-01,-1.178200e+00,2.079468e-01
4.243463e-01,-6.155977e+00,-2.366774e+00,-4.341761e-01,2.132077e+00,2.451161e-01,-4.950283e-02,2.668992e-01,-5.186082e-01,-8.774652e-01,3.427149e-01
5.944179e-02,-6.242992e+00,-2.393745e+00,-2.957040e-01,2.334133e+00,4.417923e-01,1.185207e-01,2.950900e-01,-5.371704e-01,-9.346724e-01,3.248117e-01
5.565814e-02,-6.231491e+00,-2.633693e+00,-5.436167e-01,2.014888e+00,9.982929e-02,-8.587074e-02,7.132238e-02,-5.877415e-01,-1.121993e+00,2.020192e-01
2.816600e-01,-6.034271e+00,-2.398172e+00,-3.410620e-01,2.225135e+00,2.796103e-01,9.721785e-02,2.228472e-01,-4.184936e-01,-9.553386e-01,4.487129e-01
2.234894e-01,-6.196861e+00,-2.364561e+00,-4.517059e-01,2.319926e+00,2.207360e-01,1.413064e-01,1.549230e-01,-4.302211e-01,-9.920472e-01,3.647784e-01
3.450226e-01,-6.198938e+00,-2.473594e+00,-5.106075e-01,2.149959e+00,2.337274e-01,-9.369902e-02,3.144641e-01,-4.875257e-01,-9.074349e-01,3.156634e-01
-6.881529e-01,-6.529744e+00,-2.811306e+00,-3.453560e-01,2.303899e+00,5.303608e-01,1.362158e-01,2.921020e-01,-5.755744e-01,-1.109792e+00,1.923459e-01
1.966279e-01,-6.101789e+00,-2.588730e+00,-4.479141e-01,2.087327e+00,2.282303e-01,-1.047704e-01,2.335261e-01,-4.837734e-01,-1.023241e+00,3.093556e-01
-8.707547e-02,-6.355678e+00,-2.598710e+00,-5.160741e-01,2.196763e+00,2.231147e-01,1.255933e-02,1.142538e-01,-5.866071e-01,-1.152757e+00,2.100806e-01
3.099823e-01,-6.267916e+00,-2.417265e+00,-5.168699e-01,2.236575e+00,2.086506e-01,-1.392259e-02,2.256178e-01,-4.838362e-01,-9.781888e-01,3.322282e-01
4.121034e-01,-6.020282e+00,-2.335909e+00,-3.980246e-01,2.269304e+00,2.783150e-01,9.589991e-02,2.734817e-01,-3.818150e-01,-9.503268e-01,4.146751e-01
1.184947e-01,-6.128348e+00,-2.416939e+00,-3.059701e-01,2.356025e+00,3.880776e-01,1.398093e-01,2.698830e-01,-3.692671e-01,-9.890361e-01,4.706451e-01
3.780582e-01,-5.989101e+00,-2.420381e+00,-3.623587e-01,2.135566e+00,2.632858e-01,7.417143e-03,2.897130e-01,-4.422386e-01,-8.698827e-01,4.267316e-01
-4.402135e-01,-6.634108e+00,-2.588778e+00,-3.657721e-01,2.357340e+00,4.893132e-01,1.517364e-01,2.529866e-01,-6.551703e-01,-1.035723e+00,1.722695e-01
2.007149e-01,-6.156003e+00,-2.487395e+00,-4.010130e-01,2.177449e+00,2.793176e-01,7.442567e-02,2.827400e-01,-4.032314e-01,-9.233013e-01,3.702206e-01
1.786101e-01,-6.071810e+00,-2.407547e+00,-3.373450e-01,2.210448e+00,3.007650e-01,1.231063e-01,1.869910e-01,-4.579052e-01,-9.770534e-01,4.489901e-01
1.330650e-01,-6.198232e+00,-2.434827e+00,-3.708404e-01,2.273219e+00,2.909077e-01,1.731012e-01,2.239699e-01,-4.002777e-01,-9.861047e-01,3.366925e-01
4.631392e-01,-5.938163e+00,-2.316017e+00,-3.130783e-01,2.074477e+00,2.893948e-01,2.336702e-03,2.598299e-01,-6.021640e-01,-8.315788e-01,2.861543e-01
-1.073725e-03,-6.291605e+00,-2.460388e+00,-3.023850e-01,2.209230e+00,3.846620e-01,6.466734e-02,2.369611e-01,-6.111042e-01,-9.470910e-01,2.515193e-01
4.341432e-01,-5.920091e+00,-2.310366e+00,-3.320252e-01,2.168644e+00,2.098379e-01,1.285461e-01,1.713151e-01,-4.094796e-01,-9.146591e-01,4.278138e-01
-4.494240e-01,-6.562978e+00,-2.521776e+00,-1.862006e-01,2.497443e+00,7.459769e-01,4.573548e-01,4.911981e-01,-4.064697e-01,-9.413982e-01,2.974612e-01
1.883907e-02,-6.323681e+00,-2.584125e+00,-4.686621e-01,2.011392e+00,2.216338e-01,-3.859807e-02,1.966396e-01,-6.051981e-01,-9.221431e-01,2.155199e-01
2.816096e-01,-6.092022e+00,-2.345871e+00,-3.795529e-01,2.088780e+00,2.269181e-01,5.866226e-02,1.355294e-01,-6.141786e-01,-9.220978e-01,3.034879e-01
-3.424633e-01,-6.469263e+00,-2.773348e+00,-5.223128e-01,1.988207e+00,1.503973e-01,4.077593e-02,1.001123e-01,-5.148766e-01,-9.196584e-01,3.853254e-01
2.426496e-01,-6.119430e+00,-2.504863e+00,-4.745047e-01,1.893799e+00,1.570614e-01,-6.045956e-02,1.122095e-01,-6.144986e-01,-1.012552e+00,2.781320e-01
8.900703e-03,-6.434947e+00,-2.362033e+00,-3.644353e-01,2.376003e+00,3.716662e-01,2.795246e-01,2.002645e-01,-4.883502e-01,-1.034071e+00,2.258893e-01
6.070736e-01,-6.123858e+00,-2.177696e+00,-4.367588e-01,2.152053e+00,1.787975e-01,7.171807e-02,1.406694e-01,-5.433191e-01,-9.328731e-01,3.345094e-01
5.561143e-02,-6.248305e+00,-2.271681e+00,-1.475491e-01,2.419564e+00,5.598963e-01,3.329587e-01,3.065901e-01,-4.662557e-01,-9.369468e-01,3.698461e-01
-1.536528e-01,-6.334947e+00,-2.622598e+00,-3.661385e-01,2.088993e+00,3.518046e-01,1.395484e-01,2.878885e-01,-4.446978e-01,-8.233180e-01,4.166854e-01
3.815486e-01,-5.923817e+00,-2.285051e+00,-2.420883e-01,2.106318e+00,3.680481e-01,6.575108e-02,2.478971e-01,-5.868191e-01,-8.440097e-01,3.234474e-01
-1.955209e-01,-6.581580e+00,-2.591440e+00,-4.423809e-01,2.159097e+00,3.995617e-01,8.155206e-02,3.356921e-01,-5.435550e-01,-8.350076e-01,2.738699e-01
2.378656e-01,-6.186723e+00,-2.507835e+00,-5.275977e-01,1.854612e+00,1.183547e-01,-9.842247e-02,7.555463e-02,-6.427427e-01,-9.689389e-01,3.740455e-01
-3.256409e-01,-6.589345e+00,-2.642989e+00,-4.421797e-01,2.119305e+00,3.064557e-01,1.011693e-01,1.429828e-01,-5.305796e-01,-9.594664e-01,3.803672e-01
5.307532e-01,-6.041505e+00,-2.205919e+00,-3.773941e-01,2.173856e+00,2.133484e-01,1.189328e-01,1.321339e-01,-4.800566e-01,-9.410142e-01,4.291545e-01
-7.375872e-02,-6.443092e+00,-2.393890e+00,-3.142840e-01,2.386486e+00,4.996743e-01,3.418457e-01,3.667996e-01,-3.981920e-01,-8.170381e-01,3.575809e-01
-3.325409e-01,-6.418591e+00,-2.694665e+00,-4.563371e-01,2.144246e+00,2.678796e-01,1.593949e-01,1.948612e-01,-4.222870e-01,-8.961269e-01,4.118815e-01
4.306845e-01,-5.912191e+00,-2.279020e+00,-2.682703e-01,2.136814e+00,3.131466e-01,1.093691e-01,1.949341e-01,-4.630533e-01,-9.360797e-01,4.542417e-01
-6.746858e-01,-6.815098e+00,-2.950253e+00,-5.901640e-01,1.939183e+00,2.401994e-01,-1.232794e-01,7.930045e-02,-8.265446e-01,-1.209163e+00,-7.500848e-02
5.112354e-01,-5.957449e+00,-2.268217e+00,-3.263479e-01,2.072812e+00,3.095230e-01,2.070172e-02,2.739069e-01,-6.220794e-01,-8.382148e-01,2.708703e-01
-3.863250e-02,-6.350519e+00,-2.434364e+00,-2.731225e-01,2.327742e+00,4.545498e-01,1.365824e-01,2.672572e-01,-5.388993e-01,-9.756120e-01,2.787565e-01
2.088770e-01,-6.040764e+00,-2.476840e+00,-3.784153e-01,2.064742e+00,2.683963e-01,1.563612e-02,2.190769e-01,-4.853751e-01,-9.411862e-01,4.440205e-01
-1.145977e-01,-6.497949e+00,-2.595466e+00,-5.222296e-01,2.138450e+00,2.222821e-01,3.841340e-02,1.206004e-01,-5.462535e-01,-1.079018e+00,3.013084e-01
-1.703364e-01,-6.411073e+00,-2.529359e+00,-4.146701e-01,2.360136e+00,3.257665e-01,2.583680e-01,2.369784e-01,-4.018050e-01,-8.897757e-01,3.642405e-01
5.028866e-01,-6.012173e+00,-2.275771e+00,-3.907354e-01,2.185252e+00,2.438874e-01,5.334019e-02,2.142004e-01,-5.253670e-01,-9.559087e-01,3.112390e-01
-3.419938e-01,-6.316347e+00,-2.624362e+00,-2.438527e-01,2.400416e+00,5.524120e-01,2.785839e-01,4.164740e-01,-2.926661e-01,-8.867004e-01,4.382321e-01
2.416438e-01,-5.926612e+00,-2.550268e+00,-4.706412e-01,2.003637e+00,1.444492e-01,-5.964764e-02,1.621596e-01,-4.898444e-01,-9.781479e-01,3.868910e-01
-5.035828e-02,-6.262079e+00,-2.596163e+00,-3.834813e-01,2.145946e+00,3.045558e-01,-1.195569e-01,1.978550e-01,-6.741328e-01,-1.059358e+00,8.835940e-02
3.855664e-01,-5.967486e+00,-2.371357e+00,-3.443542e-01,2.163099e+00,3.123025e-01,-1.699163e-02,2.810669e-01,-5.594092e-01,-9.120905e-01,2.988146e-01
-5.896894e-02,-6.139981e+00,-2.614164e+00,-3.992373e-01,2.257805e+00,2.647299e-01,1.590198e-01,2.315573e-01,-3.043195e-01,-9.868397e-01,4.203611e-01
-1.141111e-01,-6.073410e+00,-2.530726e+00,-2.021463e-01,2.359371e+00,4.650787e-01,1.160445e-01,2.716930e-01,-4.882353e-01,-1.062262e+00,2.632242e-01
5.270703e-01,-5.953441e+00,-2.351146e+00,-4.707605e-01,2.208889e+00,1.513661e-01,-5.465862e-02,1.658842e-01,-5.093367e-01,-1.073501e+00,2.261018e-01
-1.544496e-01,-6.313118e+00,-2.573679e+00,-2.928773e-01,2.318167e+00,4.984113e-01,1.121219e-01,4.041684e-01,-4.530466e-01,-8.958795e-01,3.077331e-01
3.988870e-01,-5.802204e+00,-2.430781e+00,-3.181171e-01,2.087984e+00,2.813737e-01,-1.861488e-02,2.840247e-01,-4.952821e-01,-9.052651e-01,3.768853e-01
-5.931327e-02,-6.236469e+00,-2.639401e+00,-4.588387e-01,2.200743e+00,2.294100e-01,3.172703e-02,2.067413e-01,-3.895436e-01,-1.003988e+00,3.900473e-01
2.003119e-01,-6.107770e+00,-2.459441e+00,-4.111658e-01,2.136094e+00,2.765761e-01,-1.213719e-02,2.174621e-01,-5.445064e-01,-9.986458e-01,3.521836e-01
1.348272e-01,-6.286465e+00,-2.571136e+00,-5.251526e-01,2.061765e+00,1.776897e-01,-1.004790e-01,2.178758e-01,-5.515538e-01,-9.153643e-01,2.922057e-01
-4.068166e-01,-6.402261e+00,-2.651708e+00,-2.415013e-01,2.253299e+00,5.615958e-01,2.254829e-01,4.257340e-01,-4.033002e-01,-7.485553e-01,5.145357e-01
2.510819e-01,-5.958293e+00,-2.518519e+00,-3.648759e-01,2.029428e+00,2.220177e-01,-3.025910e-02,2.039742e-01,-5.191440e-01,-9.666945e-01,3.254413e-01
-2.352793e-01,-6.407675e+00,-2.640492e+00,-4.473504e-01,2.149975e+00,2.563303e-01,2.674548e-02,1.351058e-01,-5.954623e-01,-1.036166e+00,2.504764e-01
4.394173e-01,-5.929302e+00,-2.338545e+00,-3.835150e-01,2.095816e+00,1.956394e-01,1.522811e-02,1.955998e-01,-5.483663e-01,-8.714935e-01,3.106505e-01
3.016571e-01,-5.992810e+00,-2.326613e+00,-2.302285e-01,2.236599e+00,3.303734e-01,1.034327e-01,2.016276e-01,-4.943073e-01,-9.493136e-01,3.470969e-01
-5.397323e-02,-6.207845e+00,-2.477436e+00,-3.394762e-01,2.214271e+00,3.317157e-01,2.502764e-01,1.951052e-01,-4.469409e-01,-9.622522e-01,4.074242e-01
2.108828e-01,-6.289780e+00,-2.441181e+00,-4.874989e-01,2.135897e+00,1.728480e-01,8.096138e-02,1.472529e-01,-4.761485e-01,-9.834789e-01,3.372097e-01
-3.159236e-01,-6.625836e+00,-2.476632e+00,-3.381687e-01,2.409270e+00,5.736566e-01,3.904790e-01,4.449486e-01,-3.431005e-01,-6.881619e-01,5.420037e-01
2.625879e-01,-5.979016e+00,-2.474486e+00,-3.041009e-01,2.024133e+00,3.058914e-01,-3.522329e-02,2.745519e-01,-5.497283e-01,-8.387318e-01,3.290423e-01
-2.735846e-02,-6.218587e+00,-2.451926e+00,-3.383200e-01,2.194442e+00,2.625674e-01,1.456652e-01,5.495641e-02,-5.306818e-01,-1.050549e+00,3.419701e-01
3.974727e-01,-5.892287e+00,-2.308318e+00,-2.021224e-01,2.107971e+00,3.913313e-01,1.056676e-01,3.115069e-01,-4.668381e-01,-7.495579e-01,4.650958e-01
3.323513e-01,-6.120573e+00,-2.348949e+00,-2.840176e-01,2.118113e+00,3.995292e-01,2.108043e-02,3.544682e-01,-5.602304e-01,-7.452530e-01,3.212620e-01
-3.401198e-01,-6.628419e+00,-2.689108e+00,-6.305694e-01,2.026493e+00,1.754917e-01,8.865825e-02,9.061398e-02,-5.741445e-01,-9.901833e-01,3.259919e-01
1.588280e-01,-6.029056e+00,-2.463099e+00,-3.206008e-01,2.139591e+00,2.622129e-01,1.272594e-01,1.798269e-01,-4.115084e-01,-9.322483e-01,3.859945e-01
-5.039750e-01,-6.505956e+00,-2.637774e+00,-3.327020e-01,2.182834e+00,3.891293e-01,1.137128e-01,5.330053e-02,-7.130971e-01,-1.144024e+00,2.383995e-01
1.132918e-01,-6.271132e+00,-2.538127e+00,-4.813007e-01,2.007841e+00,1.907697e-01,3.004908e-02,1.899981e-01,-5.115793e-01,-8.171761e-01,3.337124e-01
7.802331e-02,-6.276604e+00,-2.440305e+00,-4.005846e-01,2.093998e+00,2.640603e-01,4.927201e-02,1.326190e-01,-6.181367e-01,-9.335331e-01,2.960789e-01
1.904206e-01,-5.874265e+00,-2.423567e+00,-2.107378e-01,2.102825e+00,3.324495e-01,9.175748e-02,2.059192e-01,-4.708932e-01,-8.555615e-01,4.170324e-01
1.933236e-01,-6.064288e+00,-2.491237e+00,-3.523564e-01,2.023655e+00,2.234877e-01,-7.091953e-03,1.571334e-01,-5.363406e-01,-9.029905e-01,3.821476e-01
-1.323840e-01,-6.458360e+00,-2.454433e+00,-3.950400e-01,2.219699e+00,3.475504e-01,1.229801e-01,1.341153e-01,-6.797665e-01,-1.039543e+00,1.968512e-01
1.516367e-01,-6.144002e+00,-2.518736e+00,-4.296934e-01,2.020107e+00,1.735966e-01,-5.266335e-03,1.534852e-01,-5.673309e-01,-8.902739e-01,2.446756e-01
-5.049268e-01,-6.468555e+00,-2.646291e+00,-2.794921e-01,2.235881e+00,5.257172e-01,2.806590e-01,3.047690e-01,-4.845122e-01,-8.670490e-01,4.345969e-01
2.269738e-01,-6.226487e+00,-2.454713e+00,-4.624422e-01,2.068207e+00,1.750248e-01,3.133427e-02,1.426108e-01,-4.629206e-01,-9.472411e-01,4.288346e-01
8.568705e-02,-6.082051e+00,-2.509544e+00,-3.819583e-01,2.037770e+00,2.132367e-01,1.663629e-02,1.284842e-01,-5.839060e-01,-9.416633e-01,2.860922e-01
2.799473e-01,-6.121804e+00,-2.337577e+00,-3.581387e-01,2.219658e+00,2.401478e-01,1.039166e-01,1.606003e-01,-5.264194e-01,-9.191910e-01,2.979188e-01
3.705927e-01,-5.898429e+00,-2.359262e+00,-3.391043e-01,2.164932e+00,1.598842e-01,1.319697e-01,1.088236e-01,-4.309970e-01,-9.684238e-01,3.861423e-01
-5.377241e-01,-6.613553e+00,-2.720017e+00,-4.082481e-01,2.223904e+00,4.251625e-01,2.622864e-01,2.527094e-01,-4.675333e-01,-9.840471e-01,3.483418e-01
3.184003e-01,-6.133065e+00,-2.426766e+00,-4.064159e-01,2.135729e+00,2.745904e-01,1.761336e-02,2.979307e-01,-4.411081e-01,-8.819997e-01,4.206147e-01
-4.341918e-01,-6.575345e+00,-2.729443e+00,-5.788780e-01,2.140930e+00,2.067349e-01,7.095726e-02,1.263123e-01,-6.001128e-01,-9.893773e-01,2.923805e-01
8.233352e-02,-5.995947e+00,-2.527367e+00,-2.630387e-01,2.198848e+00,3.644373e-01,1.036866e-01,3.250628e-01,-3.859604e-01,-8.577718e-01,3.833398e-01
1.655943e-01,-6.040748e+00,-2.509248e+00,-4.232491e-01,2.106063e+00,2.240458e-01,6.807956e-02,1.875122e-01,-4.601122e-01,-1.009522e+00,3.966781e-01
1.382464e-01,-6.111638e+00,-2.438291e+00,-2.630062e-01,2.290667e+00,4.025286e-01,8.900223e-02,2.916302e-01,-4.828852e-01,-9.740196e-01,3.094899e-01
6.070090e-01,-5.859247e+00,-2.282353e+00,-3.809651e-01,2.227421e+00,2.214433e-01,-1.387979e-02,2.399872e-01,-4.911754e-01,-9.776947e-01,2.649375e-01
-8.207402e-01,-6.783539e+00,-2.890848e+00,-4.369798e-01,2.375886e+00,6.147546e-01,4.407833e-01,6.003781e-01,-1.288712e-01,-6.926500e-01,5.955149e-01
4.156215e-02,-6.019828e+00,-2.672251e+00,-4.471961e-01,2.042605e+00,1.361344e-01,-9.156924e-02,1.204388e-01,-5.073065e-01,-1.085266e+00,2.824239e-01
1.969473e-03,-6.022551e+00,-2.502460e+00,-2.049821e-01,2.286851e+00,4.803782e-01,7.293642e-02,3.190003e-01,-5.590248e-01,-1.024215e+00,2.325310e-01
7.011348e-02,-6.330978e+00,-2.555955e+00,-4.716285e-01,2.231016e+00,2.945615e-01,-5.580883e-02,2.656901e-01,-5.878801e-01,-1.077142e+00,1.010627e-01
1.779855e-01,-6.041610e+00,-2.574737e+00,-5.132499e-01,2.060204e+00,1.873999e-01,-6.176845e-02,2.305837e-01,-5.116194e-01,-9.737909e-01,3.016461e-01
-8.910710e-02,-6.135146e+00,-2.592136e+00,-3.181192e-01,2.303885e+00,3.478634e-01,1.127082e-01,2.587130e-01,-3.810345e-01,-1.000450e+00,3.455293e-01
5.052119e-01,-5.771455e+00,-2.373156e+00,-2.885799e-01,2.078161e+00,2.677869e-01,-4.185645e-02,2.416301e-01,-5.209906e-01,-9.434181e-01,3.631820e-01
-2.207748e-01,-6.410962e+00,-2.461451e+00,-1.865629e-01,2.565482e+00,6.931554e-01,3.605632e-01,5.080150e-01,-3.830750e-01,-8.436144e-01,2.540792e-01
1.358456e-01,-6.228308e+00,-2.488343e+00,-4.706427e-01,2.218527e+00,2.460070e-01,1.610334e-01,2.912757e-01,-2.979371e-01,-7.964890e-01,5.133360e-01
2.355186e-01,-6.017945e+00,-2.297814e+00,-2.374678e-01,2.415806e+00,4.334687e-01,2.591178e-01,3.025806e-01,-3.171557e-01,-9.478072e-01,4.945054e-01
6.877902e-02,-6.039525e+00,-2.413475e+00,-1.820090e-01,2.313579e+00,3.978760e-01,1.289879e-01,1.903275e-01,-4.860134e-01,-1.029183e+00,3.056548e-01
2.486849e-01,-6.142719e+00,-2.474914e+00,-5.031617e-01,1.997593e+00,1.832000e-01,-1.470642e-02,1.964911e-01,-5.725315e-01,-8.951746e-01,3.746174e-01
-1.354655e-01,-6.192986e+00,-2.569478e+00,-2.102189e-01,2.194318e+00,4.535421e-01,4.547899e-02,3.083373e-01,-5.790649e-01,-8.553317e-01,2.479886e-01
5.703707e-01,-5.605558e+00,-2.258046e+00,-1.323487e-01,2.094105e+00,3.696852e-01,1.502692e-02,2.632950e-01,-5.323108e-01,-8.725376e-01,3.839034e-01
-3.068322e-02,-6.248032e+00,-2.476175e+00,-2.642418e-01,2.228624e+00,3.725456e-01,3.240213e-02,1.499940e-01,-6.045608e-01,-1.096164e+00,2.825127e-01
1.101317e-01,-6.129631e+00,-2.418715e+00,-2.724873e-01,2.218486e+00,4.314379e-01,1.987323e-01,3.269343e-01,-4.649248e-01,-8.660338e-01,2.902397e-01
2.742422e-01,-6.102282e+00,-2.304526e+00,-2.602591e-01,2.222532e+00,3.930929e-01,1.344178e-01,2.608053e-01,-5.363703e-01,-8.783543e-01,3.196184e-01
-2.805221e-01,-6.415047e+00,-2.598397e+00,-2.920940e-01,2.221756e+00,4.612249e-01,1.783037e-01,2.856225e-01,-5.278699e-01,-9.524487e-01,2.392277e-01
2.013060e-01,-6.108753e+00,-2.469289e+00,-4.917122e-01,2.008326e+00,1.400443e-01,7.486911e-02,9.413815e-02,-4.770954e-01,-9.681274e-01,4.371025e-01
-5.076110e-01,-6.565747e+00,-2.857922e+00,-5.825288e-01,1.926857e+00,8.169117e-02,-1.156444e-01,-3.612543e-02,-6.606605e-01,-1.034355e+00,3.127662e-01
5.597315e-01,-5.787908e+00,-2.206058e+00,-2.473041e-01,2.119102e+00,3.147481e-01,1.039280e-01,2.583424e-01,-5.417803e-01,-7.608950e-01,3.450775e-01
-1.375009e-01,-6.309612e+00,-2.487980e+00,-1.838286e-01,2.268012e+00,5.610883e-01,2.152624e-01,3.436608e-01,-5.042495e-01,-9.195118e-01,2.429726e-01
1.720363e-02,-6.222002e+00,-2.445061e+00,-3.179685e-01,2.213427e+00,4.015008e-01,2.750216e-01,2.845795e-01,-4.061270e-01,-8.860597e-01,3.770293e-01
2.952245e-01,-6.056975e+00,-2.350562e+00,-2.717173e-01,2.136011e+00,3.526055e-01,7.822653e-02,2.580197e-01,-5.232087e-01,-8.518276e-01,3.552659e-01
-1.600101e-01,-6.352241e+00,-2.420173e+00,-1.821946e-01,2.403387e+00,6.079128e-01,3.380760e-01,4.429959e-01,-4.240309e-01,-7.532945e-01,3.183026e-01
4.105770e-01,-5.971982e+00,-2.340581e+00,-3.378282e-01,2.012042e+00,2.825244e-01,6.607171e-02,2.472100e-01,-5.199828e-01,-8.027468e-01,3.933635e-01
-1.247389e-01,-6.357706e+00,-2.555501e+00,-3.686024e-01,2.113837e+00,2.635298e-01,4.894044e-02,1.017246e-01,-5.836087e-01,-1.012080e+00,3.031958e-01
5.642145e-01,-5.842262e+00,-2.195325e+00,-2.678070e-01,2.127246e+00,2.908457e-01,1.326144e-01,2.021388e-01,-5.221703e-01,-8.822534e-01,3.863783e-01
1.989865e-01,-6.004518e+00,-2.305388e+00,-1.953172e-01,2.280590e+00,3.111151e-01,8.325810e-02,1.032842e-01,-6.447691e-01,-1.008906e+00,1.544724e-01
-1.675907e-01,-6.283588e+00,-2.571262e+00,-3.997953e-01,2.128952e+00,2.977400e-01,1.606241e-01,2.074099e-01,-4.697147e-01,-8.431673e-01,4.388332e-01
3.067573e-02,-6.044883e+00,-2.592391e+00,-3.198175e-01,1.971728e+00,2.482114e-01,-2.439033e-02,1.358180e-01,-5.865721e-01,-1.006334e+00,2.513134e-01
-4.032475e-01,-6.427418e+00,-2.562170e+00,-2.992170e-01,2.382920e+00,3.982470e-01,3.708720e-01,1.630276e-01,-4.271269e-01,-1.050996e+00,3.061194e-01
3.655479e-01,-5.981742e+00,-2.391434e+00,-3.807946e-01,2.040563e+00,2.284252e-01,8.847322e-02,2.537274e-01,-4.690154e-01,-7.596989e-01,4.077217e-01
-2.568493e-01,-6.540468e+00,-2.692876e+00,-5.838552e-01,2.083796e+00,1.157520e-01,6.652853e-03,3.813991e-02,-6.054003e-01,-1.098790e+00,1.739442e-01
3.730735e-01,-5.832564e+00,-2.328343e+00,-2.866077e-01,2.161863e+00,2.616839e-01,1.444314e-01,1.766648e-01,-4.459836e-01,-9.490793e-01,4.052683e-01
1.292356e-01,-6.086693e+00,-2.429521e+00,-2.829751e-01,2.265968e+00,3.202089e-01,1.799211e-01,2.386726e-01,-3.848604e-01,-9.131724e-01,4.386716e-01
-1.897962e-01,-6.263256e+00,-2.546081e+00,-3.052195e-01,2.249933e+00,4.016425e-01,2.192229e-01,2.799833e-01,-4.916301e-01,-8.754489e-01,3.454413e-01
1.193565e-01,-6.138665e+00,-2.561728e+00,-4.250323e-01,2.043554e+00,2.240074e-01,-3.045443e-02,2.250026e-01,-5.519310e-01,-9.079079e-01,2.508751e-01
-3.073708e-01,-6.280190e+00,-2.531739e+00,-1.902039e-01,2.479805e+00,5.737144e-01,3.639190e-01,3.680560e-01,-3.445022e-01,-9.845499e-01,3.639211e-01
3.168641e-01,-5.745881e+00,-2.453081e+00,-2.821417e-01,2.112990e+00,2.578572e-01,3.618759e-02,2.247737e-01,-4.118167e-01,-9.433529e-01,3.817132e-01
-1.703429e-01,-6.294592e+00,-2.679128e+00,-4.045135e-01,2.202368e+00,4.005005e-01,1.249738e-01,4.315571e-01,-3.180127e-01,-7.478529e-01,4.919936e-01
4.379861e-01,-6.059070e+00,-2.311194e+00,-4.138281e-01,2.214395e+00,2.482486e-01,3.291575e-02,2.325626e-01,-5.258579e-01,-9.099584e-01,3.763189e-01
2.592023e-02,-5.969174e+00,-2.600722e+00,-2.466408e-01,2.228084e+00,4.451022e-01,4.977314e-02,4.129390e-01,-4.068225e-01,-8.978000e-01,2.612452e-01
-2.015812e-01,-6.181548e+00,-2.543892e+00,-3.304596e-01,2.368128e+00,3.314719e-01,1.809877e-01,1.115808e-01,-4.722149e-01,-1.196520e+00,3.101543e-01
-3.495715e-02,-6.157785e+00,-2.755742e+00,-5.441839e-01,1.997728e+00,1.171180e-01,-1.930277e-01,1.415836e-01,-5.958521e-01,-1.084446e+00,1.512869e-01
-1.724944e-01,-6.364573e+00,-2.470020e+00,-2.936981e-01,2.524902e+00,5.036314e-01,2.939127e-01,3.398486e-01,-4.576284e-01,-1.002406e+00,2.080686e-01
3.336573e-01,-5.831939e+00,-2.450511e+00,-3.552089e-01,2.170851e+00,1.708152e-01,-3.056063e-02,1.178451e-01,-4.977222e-01,-1.064685e+00,2.596810e-01
2.301318e-01,-5.983437e+00,-2.456200e+00,-2.531870e-01,2.213730e+00,4.349898e-01,1.681833e-02,3.729524e-01,-4.111186e-01,-8.783876e-01,4.370362e-01
1.263113e-01,-5.990586e+00,-2.512749e+00,-3.886106e-01,2.184912e+00,2.217394e-01,9.224109e-03,1.273847e-01,-4.969141e-01,-1.080328e+00,3.145505e-01
2.548486e-01,-6.098230e+00,-2.449609e+00,-3.887902e-01,2.146267e+00,2.633917e-01,-1.806325e-02,2.291302e-01,-5.556233e-01,-9.643109e-01,1.812167e-01
-2.450553e-01,-6.154272e+00,-2.512145e+00,-1.388104e-01,2.373956e+00,5.884237e-01,2.429824e-01,3.331895e-01,-5.296060e-01,-9.550893e-01,2.509588e-01
-5.659959e-02,-6.054040e+00,-2.715448e+00,-3.448016e-01,2.008657e+00,3.273311e-01,-2.092601e-03,3.539853e-01,-3.708068e-01,-7.898201e-01,4.826997e-01
-1.028232e-01,-6.131175e+00,-2.440180e+00,-1.341126e-01,2.368713e+00,6.046252e-01,1.987579e-01,3.699068e-01,-5.262237e-01,-9.684764e-01,2.755141e-01
2.111240e-01,-6.127830e+00,-2.488605e+00,-4.741788e-01,2.103570e+00,1.469698e-01,-5.091495e-03,1.749960e-01,-4.866504e-01,-8.651536e-01,3.616499e-01
2.775687e-01,-5.932655e+00,-2.359351e+00,-2.470993e-01,2.177526e+00,3.422108e-01,9.223624e-02,2.473744e-01,-5.063803e-01,-8.696128e-01,3.287936e-01
-9.666448e-02,-6.206543e+00,-2.608194e+00,-3.697293e-01,2.061305e+00,2.913792e-01,7.153226e-02,2.164063e-01,-4.740118e-01,-8.763013e-01,4.920740e-01
2.940534e-01,-5.825705e+00,-2.386739e+00,-1.559509e-01,2.188747e+00,4.151522e-01,1.912184e-01,3.519308e-01,-3.568529e-01,-8.127036e-01,3.843089e-01
-7.692316e-02,-6.088916e+00,-2.272451e+00,5.035471e-02,2.514850e+00,7.601241e-01,3.225573e-01,3.927323e-01,-6.226709e-01,-9.700751e-01,1.036957e-01
4.962167e-02,-6.189325e+00,-2.491341e+00,-3.305301e-01,2.245368e+00,4.157507e-01,2.927910e-01,4.095345e-01,-3.031454e-01,-8.135300e-01,3.067028e-01
1.351960e-01,-6.163963e+00,-2.302729e+00,-2.722980e-01,2.280725e+00,3.505770e-01,2.108987e-01,1.361941e-01,-5.170837e-01,-9.963262e-01,4.438935e-01
3.205186e-01,-5.962724e+00,-2.337184e+00,-1.909022e-01,2.190305e+00,4.152791e-01,1.649950e-01,3.602397e-01,-3.889984e-01,-7.540466e-01,5.118815e-01
3.986424e-01,-5.968138e+00,-2.327538e+00,-2.842229e-01,2.080398e+00,3.095172e-01,5.850550e-02,2.280405e-01,-5.767739e-01,-8.877189e-01,2.649855e-01
2.861059e-01,-6.041106e+00,-2.207985e+00,-2.196371e-01,2.369038e+00,3.539631e-01,2.815985e-01,1.910664e-01,-4.040773e-01,-8.937887e-01,4.280363e-01
2.033929e-01,-6.011505e+00,-2.484164e+00,-3.286279e-01,2.057506e+00,2.797951e-01,1.092145e-01,2.826194e-01,-3.929518e-01,-7.632649e-01,4.730025e-01
-7.052539e-01,-6.632276e+00,-2.810409e+00,-4.594965e-01,2.098455e+00,2.922203e-01,1.435615e-01,5.459577e-02,-5.984028e-01,-1.039593e+00,3.338368e-01
5.006432e-02,-6.161815e+00,-2.571910e+00,-4.171988e-01,1.998772e+00,1.839571e-01,1.655646e-02,1.325141e-01,-5.702970e-01,-9.403159e-01,2.060202e-01
4.366502e-02,-6.049374e+00,-2.388756e+00,-2.415753e-01,2.208411e+00,3.670225e-01,2.342821e-01,1.983067e-01,-5.299365e-01,-8.781994e-01,3.056255e-01
2.179683e-01,-5.994544e+00,-2.392156e+00,-2.294286e-01,2.166771e+00,3.376480e-01,8.704380e-02,2.295531e-01,-5.046264e-01,-8.933863e-01,3.422035e-01
2.717203e-01,-5.782719e+00,-2.445015e+00,-2.789837e-01,1.967897e+00,2.173687e-01,1.616825e-02,1.221946e-01,-5.468113e-01,-9.315092e-01,3.268951e-01
-1.252998e-01,-6.294022e+00,-2.478993e+00,-3.208812e-01,2.246870e+00,3.278683e-01,1.942283e-01,1.398477e-01,-5.342771e-01,-9.921537e-01,2.501239e-01
2.857659e-01,-6.040880e+00,-2.396270e+00,-3.358518e-01,2.112590e+00,2.970567e-01,1.620190e-01,3.072731e-01,-4.182314e-01,-7.334102e-01,3.761354e-01
-5.023354e-01,-6.651622e+00,-2.675446e+00,-5.402735e-01,2.126264e+00,1.373099e-01,3.821702e-02,-1.386800e-01,-7.574763e-01,-1.252682e+00,1.697659e-01
1.455939e-01,-6.077972e+00,-2.422141e+00,-2.640543e-01,2.231687e+00,3.621949e-01,2.074403e-01,2.547558e-01,-3.615514e-01,-9.278154e-01,4.182714e-01
1.197329e-01,-6.000772e+00,-2.425630e+00,-2.430053e-01,2.135494e+00,3.963910e-01,1.050891e-01,2.278770e-01,-5.449536e-01,-9.570841e-01,3.399642e-01
1.852912e-01,-6.019971e+00,-2.324432e+00,-1.249682e-01,2.314050e+00,5.072768e-01,1.711971e-01,3.734078e-01,-5.126072e-01,-8.110782e-01,2.375937e-01
5.985336e-01,-5.791434e+00,-2.182673e+00,-2.993525e-01,2.202565e+00,2.150585e-01,1.664429e-01,1.480949e-01,-4.648149e-01,-9.162792e-01,3.771523e-01
-4.682673e-01,-6.565134e+00,-2.716239e+00,-4.249457e-01,2.200669e+00,3.562867e-01,1.725088e-01,1.941940e-01,-4.923152e-01,-1.031114e+00,2.952931e-01
3.310763e-01,-5.890577e+00,-2.375444e+00,-2.094851e-01,2.193169e+00,4.486100e-01,1.272369e-01,3.928923e-01,-4.097653e-01,-8.517321e-01,3.711026e-01
-1.779063e-01,-6.488884e+00,-2.520441e+00,-3.532181e-01,2.250385e+00,4.458339e-01,6.360111e-02,2.438096e-01,-6.483110e-01,-1.019515e+00,2.072105e-01
2.575375e-01,-6.095872e+00,-2.325785e+00,-2.868998e-01,2.367853e+00,3.731685e-01,2.183706e-01,3.064048e-01,-3.547857e-01,-9.020893e-01,4.010454e-01
-3.042733e-02,-6.260041e+00,-2.633044e+00,-5.312651e-01,2.049948e+00,1.584750e-01,9.026374e-02,1.584522e-01,-3.934471e-01,-9.187719e-01,5.422738e-01
-3.204012e-01,-6.285671e+00,-2.691367e+00,-3.550845e-01,2.219043e+00,3.185945e-01,8.839939e-02,1.489217e-01,-5.011737e-01,-1.080977e+00,2.241622e-01
5.454829e-01,-5.648114e+00,-2.324160e+00,-2.515615e-01,2.120951e+00,3.177780e-01,-2.401992e-02,3.008575e-01,-4.974100e-01,-8.767587e-01,3.249694e-01
-5.571462e-01,-6.795070e+00,-2.945350e+00,-7.264556e-01,2.037792e+00,1.803150e-01,-8.933878e-02,2.031445e-01,-5.639559e-01,-1.025122e+00,2.084651e-01
2.033462e-01,-5.886616e+00,-2.566084e+00,-3.764718e-01,2.060498e+00,2.164128e-01,-8.754900e-02,1.884967e-01,-4.860078e-01,-9.831955e-01,4.093570e-01
-1.578861e-01,-6.036683e+00,-2.555136e+00,-1.809762e-01,2.344894e+00,4.695875e-01,1.522519e-01,2.880801e-01,-4.388736e-01,-9.787946e-01,3.275358e-01
-1.567311e-01,-6.082443e+00,-2.679858e+00,-2.850872e-01,2.221095e+00,4.260765e-01,3.539329e-02,3.651674e-01,-4.473403e-01,-8.768889e-01,3.034354e-01
2.860679e-01,-5.839437e+00,-2.448807e+00,-3.378699e-01,2.232375e+00,2.821238e-01,2.357619e-02,2.581538e-01,-4.364346e-01,-9.513090e-01,3.141528e-01
-5.022998e-02,-6.155718e+00,-2.502862e+00,-2.489813e-01,2.356995e+00,4.146313e-01,1.166240e-01,2.508813e-01,-4.292668e-01,-9.941171e-01,3.596144e-01
4.905688e-01,-5.615711e+00,-2.388072e+00,-2.189054e-01,2.074188e+00,3.307193e-01,-5.051461e-02,3.002205e-01,-5.043596e-01,-9.037225e-01,3.754177e-01
-3.989139e-01,-6.442496e+00,-2.798344e+00,-3.724454e-01,2.191319e+00,4.761955e-01,7.274152e-02,4.479040e-01,-4.374383e-01,-8.453364e-01,2.984201e-01
3.926862e-01,-5.745410e+00,-2.293659e+00,-2.190175e-01,2.350856e+00,3.622234e-01,2.538193e-01,3.260594e-01,-3.211874e-01,-8.361660e-01,3.759936e-01
-8.076087e-02,-6.273863e+00,-2.588024e+00,-4.815710e-01,2.235760e+00,1.835160e-01,9.502586e-02,1.208033e-01,-4.148949e-01,-1.069787e+00,3.698570e-01
-3.484352e-01,-6.342797e+00,-2.745945e+00,-4.715753e-01,2.103518e+00,2.027729e-01,4.674642e-02,8.130600e-02,-5.124700e-01,-1.094239e+00,3.115959e-01
1.021155e-01,-5.954482e+00,-2.583467e+00,-3.430380e-01,2.021558e+00,2.629645e-01,8.509927e-03,2.535194e-01,-4.966313e-01,-8.528246e-01,3.582591e-01
-1.579998e-01,-6.356725e+00,-2.559233e+00,-3.760865e-01,2.176877e+00,2.728118e-01,-2.257388e-02,1.118948e-01,-6.965302e-01,-1.004503e+00,1.336766e-01
4.667002e-01,-5.801644e+00,-2.314254e+00,-3.526519e-01,2.138252e+00,1.803376e-01,1.187972e-01,1.636320e-01,-4.386423e-01,-9.268866e-01,4.266552e-01
-2.241813e-01,-6.069166e+00,-2.557352e+00,-1.267730e-01,2.346202e+00,4.987671e-01,2.850991e-01,2.929308e-01,-3.894687e-01,-9.885385e-01,2.945695e-01
2.504088e-01,-5.723153e+00,-2.352165e+00,-9.329545e-02,2.151263e+00,4.141877e-01,1.121047e-01,2.193140e-01,-6.146679e-01,-9.505216e-01,1.732506e-01
9.256900e-02,-6.059980e+00,-2.429856e+00,-2.435315e-01,2.237098e+00,3.701816e-01,1.894626e-01,2.794490e-01,-4.518755e-01,-8.450561e-01,2.940184e-01
-1.165521e-01,-6.228589e+00,-2.369927e+00,-1.389720e-01,2.414683e+00,5.728956e-01,2.977171e-01,2.760214e-01,-5.639299e-01,-1.040577e+00,1.350931e-01
2.344116e-01,-5.929823e+00,-2.486624e+00,-2.809220e-01,1.991159e+00,3.195319e-01,-6.101987e-03,2.457900e-01,-5.457075e-01,-9.279831e-01,3.081818e-01
-6.975303e-01,-6.529204e+00,-2.882816e+00,-4.533464e-01,2.076603e+00,2.754470e-01,1.593504e-01,1.564659e-01,-4.816963e-01,-9.152420e-01,3.500840e-01
4.686182e-01,-5.838196e+00,-2.265409e+00,-2.875772e-01,2.120949e+00,2.739842e-01,1.490765e-01,2.274162e-01,-5.044627e-01,-8.146819e-01,2.879589e-01
4.690459e-02,-6.080264e+00,-2.470233e+00,-3.059825e-01,2.139134e+00,2.468007e-01,7.703727e-02,1.251663e-01,-5.698262e-01,-9.284170e-01,2.323560e-01
-2.279389e-04,-5.949656e+00,-2.482698e+00,-1.728901e-01,2.103809e+00,4.469344e-01,1.757286e-01,2.800993e-01,-4.797187e-01,-8.362926e-01,3.694810e-01
-8.354907e-02,-6.259912e+00,-2.585610e+00,-3.814811e-01,2.125356e+00,3.316229e-01,1.701215e-01,2.923391e-01,-3.335907e-01,-7.891846e-01,4.900319e-01
-3.954726e-01,-6.409673e+00,-2.560660e+00,-2.220089e-01,2.280840e+00,5.711188e-01,2.497129e-01,3.571887e-01,-4.951097e-01,-8.099636e-01,4.068477e-01
-1.027034e-01,-6.234855e+00,-2.734215e+00,-5.101980e-01,1.807598e+00,1.706029e-01,-8.509509e-02,2.261831e-01,-5.646688e-01,-7.106278e-01,3.986441e-01
-2.533240e-01,-6.245273e+00,-2.644049e+00,-3.253912e-01,2.050296e+00,2.643281e-01,2.387834e-02,6.390993e-02,-6.005673e-01,-9.894436e-01,3.670513e-01
3.405387e-01,-5.739085e+00,-2.357748e+00,-1.091040e-01,2.072014e+00,4.773706e-01,1.210082e-01,3.733064e-01,-4.623409e-01,-7.545362e-01,3.967300e-01
2.230751e-02,-6.204132e+00,-2.488071e+00,-4.106798e-01,2.153652e+00,1.925639e-01,1.243597e-01,1.098689e-01,-4.407320e-01,-8.866018e-01,4.132537e-01
1.299011e-01,-6.115209e+00,-2.402460e+00,-2.901998e-01,2.093702e+00,3.690538e-01,1.096220e-02,2.128373e-01,-6.872766e-01,-9.016917e-01,2.448458e-01
-8.357937e-02,-6.036350e+00,-2.651045e+00,-2.513187e-01,2.005817e+00,3.456657e-01,2.737802e-02,2.399677e-01,-5.251930e-01,-8.805975e-01,2.821311e-01
-3.917084e-01,-6.132267e+00,-2.474578e+00,4.075360e-02,2.397478e+00,6.937701e-01,2.604355e-01,2.634851e-01,-6.633515e-01,-1.063621e+00,1.684026e-01
3.124668e-01,-6.031497e+00,-2.416277e+00,-3.441721e-01,2.063711e+00,2.327151e-01,1.186066e-02,1.612373e-01,-5.625001e-01,-9.416449e-01,2.985357e-01
-1.181846e-01,-6.261434e+00,-2.535448e+00,-3.324737e-01,2.191760e+00,3.933279e-01,1.391541e-01,3.028236e-01,-4.680326e-01,-7.984896e-01,3.862812e-01
2.313870e-01,-5.879479e+00,-2.487854e+00,-2.686866e-01,1.997796e+00,3.030319e-01,-6.085494e-02,2.213090e-01,-5.956048e-01,-9.171289e-01,2.860969e-01
1.245110e-02,-5.949418e+00,-2.614130e+00,-2.246745e-01,1.986374e+00,3.340193e-01,-1.021736e-01,1.797898e-01,-6.957941e-01,-1.051357e+00,1.006764e-01
9.467185e-02,-5.867248e+00,-2.351928e+00,-2.707132e-02,2.322059e+00,6.115409e-01,2.880715e-01,4.024434e-01,-4.345815e-01,-8.180050e-01,3.136748e-01
1.321904e-01,-5.972985e+00,-2.528958e+00,-3.007631e-01,2.109767e+00,2.762458e-01,3.478457e-02,2.334942e-01,-4.807896e-01,-8.537223e-01,2.831681e-01
-3.959204e-01,-6.338892e+00,-2.565648e+00,-2.766099e-01,2.338989e+00,4.118814e-01,1.481175e-01,9.433919e-02,-6.302971e-01,-1.123180e+00,2.393196e-01
2.294452e-01,-5.676356e+00,-2.427177e+00,-1.044572e-01,2.216471e+00,3.867387e-01,1.347425e-01,2.699646e-01,-3.801568e-01,-9.186121e-01,3.779276e-01
-1.187964e-02,-6.076921e+00,-2.565436e+00,-2.753384e-01,2.162309e+00,4.269130e-01,5.964991e-02,3.588294e-01,-5.091801e-01,-8.888412e-01,3.069523e-01
1.332932e-01,-6.027588e+00,-2.545887e+00,-3.961058e-01,2.062745e+00,1.955081e-01,-3.829703e-02,1.938193e-01,-5.689602e-01,-8.604253e-01,2.591938e-01
4.783223e-01,-5.680791e+00,-2.279480e+00,-1.935515e-01,2.293610e+00,3.275805e-01,8.782567e-02,2.592582e-01,-4.120400e-01,-9.464597e-01,3.093894e-01
-3.144624e-03,-5.820872e+00,-2.483760e+00,-1.204370e-01,2.352818e+00,4.854911e-01,1.067455e-01,2.727312e-01,-4.905136e-01,-1.079779e+00,2.509115e-01
-1.588222e-01,-6.078569e+00,-2.806450e+00,-4.469700e-01,2.050440e+00,2.348232e-01,2.872734e-03,2.992022e-01,-3.381646e-01,-9.059359e-01,3.784005e-01
-4.862010e-01,-6.414623e+00,-2.697413e+00,-3.012539e-01,2.337893e+00,5.783065e-01,2.262539e-01,4.542665e-01,-4.364903e-01,-8.083723e-01,3.809891e-01
3.555005e-01,-5.695780e+00,-2.413385e+00,-1.536357e-01,2.250693e+00,3.780763e-01,1.180772e-02,3.090235e-01,-4.791341e-01,-9.334367e-01,2.180867e-01
1.601457e-01,-5.648735e+00,-2.488090e+00,-1.728571e-01,2.224736e+00,3.206650e-01,5.127229e-02,1.948932e-01,-5.037888e-01,-1.035898e+00,2.538576e-01
8.423334e-02,-5.973486e+00,-2.504318e+00,-3.009155e-01,2.320477e+00,3.556641e-01,1.727516e-01,3.359076e-01,-2.893095e-01,-9.173220e-01,4.125915e-01
4.489533e-01,-5.723097e+00,-2.336230e+00,-1.881582e-01,2.182215e+00,3.629073e-01,1.612096e-02,3.124127e-01,-5.144206e-01,-8.580187e-01,2.619029e-01
-3.191825e-01,-6.346144e+00,-2.579487e+00,-2.723810e-01,2.438327e+00,5.456963e-01,4.151922e-01,4.646279e-01,-2.059776e-01,-7.294351e-01,5.907472e-01
1.962931e-01,-5.810256e+00,-2.488756e+00,-2.353756e-01,2.184453e+00,3.026999e-01,1.174798e-01,2.773610e-01,-3.664504e-01,-8.855972e-01,4.000836e-01
-2.382385e-01,-6.158078e+00,-2.467560e+00,-1.527965e-01,2.454458e+00,6.035363e-01,4.332106e-01,4.043228e-01,-2.771640e-01,-8.656032e-01,4.692741e-01
1.535579e-01,-5.904247e+00,-2.506823e+00,-1.752798e-01,2.138856e+00,4.277707e-01,2.276248e-03,3.425517e-01,-5.375170e-01,-9.032868e-01,2.077010e-01
4.208715e-01,-5.789562e+00,-2.284016e+00,-2.248445e-01,2.139682e+00,3.245659e-01,6.601611e-02,2.343218e-01,-5.424550e-01,-8.376845e-01,3.344638e-01
1.110680e-01,-5.894665e+00,-2.440575e+00,-1.650981e-01,2.214055e+00,3.359644e-01,9.230188e-02,1.838934e-01,-4.939620e-01,-9.195979e-01,3.652912e-01
1.849513e-01,-5.890550e+00,-2.443921e+00,-2.904912e-01,2.133306e+00,2.976949e-01,2.026876e-01,2.452817e-01,-3.126037e-01,-8.320006e-01,5.349531e-01
-4.299169e-02,-6.071164e+00,-2.359101e+00,-8.201266e-02,2.413784e+00,5.303131e-01,2.422835e-01,2.511486e-01,-5.425189e-01,-9.749200e-01,2.419147e-01
9.632144e-02,-6.027952e+00,-2.502402e+00,-3.585558e-01,2.089472e+00,2.486563e-01,6.246570e-02,2.105018e-01,-5.007990e-01,-8.309865e-01,2.356550e-01
2.788377e-01,-5.827753e+00,-2.090603e+00,4.317132e-02,2.519085e+00,5.934952e-01,3.304045e-01,2.297567e-01,-5.316776e-01,-1.036856e+00,2.772978e-01
7.288634e-03,-5.862020e+00,-2.497646e+00,-8.931954e-02,2.190629e+00,4.482205e-01,1.723778e-01,2.869720e-01,-4.144929e-01,-8.356456e-01,3.767550e-01
2.088544e-01,-5.841000e+00,-2.451590e+00,-2.176838e-01,2.022025e+00,3.824143e-01,9.034354e-02,2.726146e-01,-5.174824e-01,-8.616996e-01,3.640684e-01
-3.315412e-01,-6.534232e+00,-2.760359e+00,-6.021533e-01,1.969940e+00,8.066181e-02,-6.914398e-02,3.137809e-02,-6.340162e-01,-9.655666e-01,2.735773e-01
3.733966e-01,-6.026488e+00,-2.340659e+00,-4.038772e-01,2.103726e+00,2.119914e-01,1.542640e-01,1.597852e-01,-4.075692e-01,-9.084664e-01,4.207716e-01
-6.215304e-01,-6.318642e+00,-2.825132e+00,-2.664041e-01,2.009406e+00,3.154129e-01,-9.383119e-02,-6.484273e-02,-8.992269e-01,-1.267396e+00,-6.232447e-02
1.185909e-01,-5.851806e+00,-2.452741e+00,-2.122938e-01,2.109840e+00,2.989626e-01,1.190655e-01,1.544728e-01,-4.966601e-01,-9.103329e-01,3.003733e-01
2.209782e-01,-5.931796e+00,-2.202806e+00,-1.826969e-01,2.404889e+00,3.276399e-01,3.235443e-01,9.136961e-02,-4.825134e-01,-9.822321e-01,2.652833e-01
1.476251e-01,-5.957532e+00,-2.317770e+00,-5.674857e-02,2.302560e+00,5.220174e-01,1.741105e-01,2.738756e-01,-5.208376e-01,-9.124541e-01,2.677418e-01
4.063298e-01,-5.556813e+00,-2.320872e+00,-5.278528e-02,2.062779e+00,4.306377e-01,8.802675e-02,2.578732e-01,-5.390917e-01,-8.709656e-01,3.439999e-01
-3.130327e-01,-5.998640e+00,-2.610028e+00,-3.348177e-02,2.249726e+00,5.616923e-01,2.601968e-01,3.295265e-01,-4.372919e-01,-8.381674e-01,2.699392e-01
2.655406e-01,-5.982924e+00,-2.463737e+00,-3.426307e-01,1.957877e+00,2.831752e-01,3.482130e-02,2.797044e-01,-5.725075e-01,-7.232301e-01,3.265342e-01
-4.481760e-01,-6.401309e+00,-2.592538e+00,-2.391611e-01,2.414269e+00,5.185327e-01,4.799223e-01,3.742430e-01,-2.398581e-01,-7.483491e-01,4.902239e-01
-6.254286e-03,-6.140382e+00,-2.616022e+00,-4.362650e-01,1.961603e+00,1.629145e-01,-5.807435e-02,8.546617e-02,-6.017425e-01,-1.013658e+00,2.794316e-01
-3.452741e-01,-6.295282e+00,-2.784465e+00,-4.340180e-01,1.912338e+00,2.501100e-01,-4.932076e-02,1.529131e-01,-6.092587e-01,-9.488403e-01,3.095948e-01
-3.744689e-01,-6.162859e+00,-2.565517e+00,-4.035270e-02,2.402666e+00,7.294137e-01,4.305854e-01,5.597505e-01,-2.841914e-01,-6.997726e-01,3.308845e-01
4.900580e-01,-5.678202e+00,-2.285934e+00,-2.047726e-01,2.085830e+00,3.006498e-01,8.377335e-02,2.626930e-01,-5.384141e-01,-7.757570e-01,3.275604e-01
-3.053857e-01,-6.206868e+00,-2.657003e+00,-2.142570e-01,2.152342e+00,4.275448e-01,6.982450e-02,2.519367e-01,-5.368552e-01,-8.992697e-01,3.462630e-01
1.910397e-01,-5.817301e+00,-2.499118e+00,-3.120112e-01,2.015950e+00,2.467019e-01,8.925860e-02,2.091129e-01,-4.338092e-01,-8.677360e-01,4.200832e-01
-5.549469e-02,-5.956914e+00,-2.462810e+00,-9.149321e-02,2.372282e+00,4.661332e-01,2.494132e-01,2.714320e-01,-4.182969e-01,-9.073820e-01,3.075730e-01
-1.104750e-02,-6.157374e+00,-2.618941e+00,-3.740328e-01,1.961241e+00,3.323912e-01,-9.862477e-02,3.041111e-01,-6.603920e-01,-8.419651e-01,2.233088e-01
-1.919063e-01,-6.098884e+00,-2.775112e+00,-3.914246e-01,1.915607e+00,1.980343e-01,-1.386803e-01,1.145130e-01,-6.709804e-01,-1.025671e+00,1.775923e-01
-1.260719e-01,-6.004477e+00,-2.409522e+00,1.404343e-02,2.532728e+00,7.085890e-01,3.686352e-01,4.411832e-01,-3.445279e-01,-9.534339e-01,3.145371e-01
4.697948e-01,-5.568713e+00,-2.335834e+00,-1.878388e-01,2.177711e+00,3.148462e-01,8.483382e-02,2.834407e-01,-4.110264e-01,-8.748155e-01,4.132147e-01
1.281004e-02,-6.076987e+00,-2.465665e+00,-2.041121e-01,2.378944e+00,4.671680e-01,1.204044e-01,3.413803e-01,-4.567264e-01,-9.415246e-01,2.417214e-01
2.889427e-02,-5.828230e+00,-2.717147e+00,-4.326929e-01,1.916804e+00,1.233009e-01,-1.253269e-01,1.276869e-01,-5.408827e-01,-9.725828e-01,3.369246e-01
-7.460886e-02,-6.003294e+00,-2.571779e+00,-1.686698e-01,2.303545e+00,4.883603e-01,1.335172e-01,3.788897e-01,-3.655877e-01,-8.921464e-01,3.902324e-01
-7.138946e-02,-5.689959e+00,-2.639716e+00,-8.945408e-02,2.170778e+00,5.236005e-01,5.455074e-03,4.424496e-01,-4.557052e-01,-7.928326e-01,4.030189e-01
1.485071e-01,-5.898462e+00,-2.525143e+00,-2.555564e-01,2.280325e+00,4.462963e-01,9.913528e-02,4.754732e-01,-3.469260e-01,-8.077958e-01,2.980696e-01
-2.586464e-01,-5.844505e+00,-2.519268e+00,1.150441e-01,2.512221e+00,7.757527e-01,2.367349e-01,4.657623e-01,-5.028794e-01,-9.886109e-01,1.353594e-01
2.908661e-01,-5.650586e+00,-2.501032e+00,-2.691440e-01,2.098972e+00,2.574382e-01,-3.282451e-02,1.808347e-01,-4.365239e-01,-1.022644e+00,3.476807e-01
9.034448e-02,-5.865372e+00,-2.453309e+00,-1.523003e-01,2.375685e+00,3.858679e-01,7.615734e-02,2.136831e-01,-4.651401e-01,-1.020606e+00,2.889444e-01
1.627104e-01,-5.951664e+00,-2.482126e+00,-4.271620e-01,2.221275e+00,2.032905e-01,1.451980e-01,1.894968e-01,-4.110382e-01,-9.776813e-01,3.174072e-01
1.838831e-01,-5.833457e+00,-2.488560e+00,-1.915305e-01,2.155932e+00,2.948685e-01,-1.734725e-01,1.161554e-01,-7.425679e-01,-1.149593e+00,4.820152e-02
-2.199125e-01,-5.975918e+00,-2.649531e+00,-2.227746e-01,2.099504e+00,3.459757e-01,-1.854565e-02,1.125889e-01,-6.797362e-01,-1.121506e+00,1.901686e-01
2.772343e-01,-5.723752e+00,-2.386602e+00,-1.189155e-01,2.212703e+00,3.564144e-01,7.648238e-02,1.611163e-01,-5.211115e-01,-1.060667e+00,2.115021e-01
-2.393478e-01,-6.034046e+00,-2.455574e+00,8.439241e-02,2.469855e+00,8.267293e-01,3.281981e-01,5.603934e-01,-4.589495e-01,-7.596075e-01,2.677157e-01
2.782680e-01,-5.796197e+00,-2.509740e+00,-3.001042e-01,1.981182e+00,2.146072e-01,-7.769936e-02,1.734052e-01,-5.647801e-01,-9.275211e-01,2.421037e-01
-7.357578e-02,-6.050841e+00,-2.640566e+00,-2.750354e-01,1.978932e+00,3.203161e-01,-1.256744e-01,1.663157e-01,-6.703796e-01,-9.973352e-01,2.525433e-01
2.012991e-01,-5.711827e+00,-2.413070e+00,-1.964651e-01,2.110167e+00,2.833297e-01,1.242885e-01,1.240162e-01,-4.600872e-01,-9.632323e-01,4.017702e-01
5.192494e-02,-5.896186e+00,-2.489300e+00,-1.726494e-01,2.189336e+00,3.606305e-01,1.239598e-01,2.221729e-01,-5.518063e-01,-9.126670e-01,1.106886e-01
-3.195240e-01,-6.198639e+00,-2.474502e+00,-4.709273e-02,2.453920e+00,7.779625e-01,5.244677e-01,5.887781e-01,-3.086009e-01,-6.623058e-01,3.749602e-01
3.747691e-01,-5.737190e+00,-2.357890e+00,-1.736061e-01,2.181662e+00,2.811344e-01,4.636814e-02,1.643468e-01,-5.152682e-01,-9.582473e-01,2.941651e-01
-2.893875e-01,-5.879981e+00,-2.481552e+00,7.557801e-02,2.372083e+00,6.419728e-01,2.540010e-01,2.610266e-01,-5.971205e-01,-1.019610e+00,1.445723e-01
3.065927e-01,-5.710775e+00,-2.429393e+00,-1.856812e-01,1.990987e+00,2.972800e-01,-7.112755e-02,1.881644e-01,-6.036237e-01,-8.525455e-01,2.566100e-01
2.732333e-01,-5.850020e+00,-2.303698e+00,-1.199014e-02,2.196007e+00,6.179723e-01,1.283697e-01,4.427471e-01,-5.444814e-01,-7.267302e-01,2.844266e-01
3.909825e-01,-5.559881e+00,-2.153742e+00,1.052623e-01,2.372134e+00,5.820399e-01,3.373671e-01,3.362740e-01,-4.423770e-01,-8.552486e-01,2.892796e-01
1.234710e-01,-5.826416e+00,-2.460591e+00,-1.244132e-01,2.161122e+00,4.537014e-01,1.508166e-01,3.375467e-01,-4.400063e-01,-8.586752e-01,2.771784e-01
2.720511e-02,-5.879042e+00,-2.194610e+00,1.486679e-01,2.545166e+00,7.644637e-01,4.388455e-01,3.687867e-01,-5.140553e-01,-9.463110e-01,1.989708e-01
4.265165e-02,-5.926624e+00,-2.559644e+00,-3.083434e-01,2.036073e+00,1.834390e-01,5.923290e-02,8.705004e-02,-5.621483e-01,-9.460789e-01,1.182931e-01
-6.490343e-02,-5.844038e+00,-2.247442e+00,2.380544e-01,2.563102e+00,8.949054e-01,5.122701e-01,5.022157e-01,-4.706103e-01,-9.063360e-01,1.580346e-01
2.381529e-01,-5.679526e+00,-2.393326e+00,-5.338775e-02,2.114019e+00,4.060866e-01,1.112506e-01,2.348976e-01,-4.899061e-01,-8.711908e-01,3.116095e-01
2.158681e-01,-5.905647e+00,-2.376390e+00,-2.775416e-01,2.182617e+00,2.364393e-01,1.938382e-01,1.377702e-01,-4.237532e-01,-8.830452e-01,4.016155e-01
2.804721e-01,-5.832844e+00,-2.277596e+00,-1.452334e-01,2.233266e+00,3.619862e-01,1.626622e-01,1.880743e-01,-5.081112e-01,-8.599332e-01,3.135248e-01
3.252779e-01,-5.781981e+00,-2.355577e+00,-1.653278e-01,2.122214e+00,3.094384e-01,8.545166e-02,1.873137e-01,-5.466058e-01,-8.741592e-01,2.384214e-01
-1.302102e-01,-5.863237e+00,-2.401487e+00,7.768335e-02,2.291699e+00,6.039344e-01,1.774062e-01,2.092983e-01,-6.932714e-01,-1.007539e+00,1.595705e-01
2.308996e-01,-5.830174e+00,-2.402039e+00,-2.050227e-01,2.200113e+00,3.117851e-01,2.144270e-01,2.554380e-01,-3.293123e-01,-8.219268e-01,4.297608e-01
2.655866e-02,-5.840763e+00,-2.394179e+00,-2.676748e-02,2.252318e+00,5.698418e-01,1.777187e-01,3.635406e-01,-5.969774e-01,-8.080163e-01,2.000611e-01
-7.237625e-02,-5.997645e+00,-2.615196e+00,-3.113712e-01,2.074014e+00,2.609380e-01,8.259292e-02,1.889481e-01,-5.046385e-01,-9.355319e-01,2.114476e-01
4.606575e-01,-5.492292e+00,-2.235126e+00,5.010701e-02,2.236587e+00,5.063275e-01,1.774770e-01,3.347708e-01,-4.527653e-01,-8.374457e-01,3.729800e-01
2.854328e-02,-5.891205e+00,-2.433018e+00,-1.349944e-01,2.236872e+00,4.231305e-01,1.656694e-01,2.641323e-01,-4.614147e-01,-8.772609e-01,3.832846e-01
1.186508e-01,-5.892850e+00,-2.602680e+00,-2.680729e-01,1.945637e+00,3.417298e-01,-1.439983e-01,3.242575e-01,-6.632900e-01,-8.726262e-01,1.417860e-01
-4.858396e-01,-6.186544e+00,-2.678907e+00,-2.342491e-01,2.236669e+00,4.304171e-01,1.553476e-01,2.043597e-01,-5.605967e-01,-9.687755e-01,2.294028e-01
1.404439e-01,-5.762730e+00,-2.502680e+00,-1.361666e-01,2.174839e+00,4.518413e-01,4.935895e-02,3.633404e-01,-4.461341e-01,-8.988626e-01,2.847793e-01
2.224254e-01,-5.552460e+00,-2.336099e+00,-2.350121e-03,2.241035e+00,3.994175e-01,5.262009e-02,9.831820e-02,-6.671724e-01,-1.076767e+00,1.738407e-01
-3.643309e-02,-5.973150e+00,-2.574310e+00,-2.231946e-01,2.164890e+00,4.006403e-01,7.882661e-02,3.423397e-01,-4.292674e-01,-7.613532e-01,3.670609e-01
3.666525e-01,-5.708512e+00,-2.409649e+00,-3.151228e-01,2.140512e+00,1.937186e-01,8.896068e-03,1.655130e-01,-4.878239e-01,-9.467493e-01,2.950589e-01
5.205653e-03,-5.717078e+00,-2.485443e+00,-1.022143e-02,2.312285e+00,4.980562e-01,3.901039e-02,2.604329e-01,-5.230777e-01,-9.941713e-01,2.812043e-01
1.977156e-01,-5.648247e+00,-2.508020e+00,-1.736011e-01,2.252028e+00,3.841643e-01,1.513251e-01,3.361498e-01,-2.868734e-01,-8.989036e-01,3.619422e-01
5.059206e-02,-5.795486e+00,-2.310955e+00,-8.141527e-02,2.467682e+00,3.472304e-01,1.039815e-03,-3.778050e-02,-7.291839e-01,-1.259058e+00,1.209801e-01
2.987216e-01,-5.756661e+00,-2.429997e+00,-2.433401e-01,2.297287e+00,2.919407e-01,1.799356e-02,2.263044e-01,-4.606624e-01,-9.712719e-01,2.525336e-01
-9.506619e-02,-5.947898e+00,-2.660991e+00,-3.482989e-01,2.057748e+00,2.194931e-01,-5.317517e-02,7.868994e-02,-6.211588e-01,-1.098341e+00,2.240990e-01
-6.168998e-02,-5.769962e+00,-2.595956e+00,-1.395982e-01,2.223000e+00,3.868404e-01,3.421114e-02,2.297853e-01,-4.477773e-01,-1.023981e+00,2.854312e-01
5.752559e-02,-6.044402e+00,-2.670331e+00,-5.966834e-01,1.944430e+00,3.179990e-02,-1.796035e-01,4.319883e-03,-6.945775e-01,-1.169060e+00,5.808796e-02
-9.408704e-02,-6.005001e+00,-2.421490e+00,-8.701267e-02,2.493277e+00,5.714476e-01,3.103291e-01,3.780886e-01,-3.570918e-01,-8.460957e-01,2.657699e-01
1.339653e-01,-5.846500e+00,-2.630545e+00,-3.563046e-01,1.948980e+00,2.341348e-01,-1.612782e-01,2.111264e-01,-5.689074e-01,-9.239371e-01,2.942582e-01
-9.854158e-02,-5.665488e+00,-2.287685e+00,1.613129e-01,2.734897e+00,6.476980e-01,4.564750e-01,2.156019e-01,-3.822876e-01,-1.176030e+00,1.600965e-01
2.651645e-01,-5.674449e+00,-2.360295e+00,-4.465018e-02,2.270331e+00,4.202689e-01,9.725171e-03,1.883555e-01,-6.485791e-01,-1.086891e+00,1.116063e-01
3.791155e-01,-5.673692e+00,-2.279646e+00,-7.411353e-02,2.246765e+00,4.552330e-01,6.598498e-02,3.046555e-01,-6.107029e-01,-8.677779e-01,2.099692e-01
1.145266e-01,-5.887761e+00,-2.370542e+00,-6.997423e-02,2.363702e+00,5.040623e-01,2.329433e-01,3.559360e-01,-3.566819e-01,-7.863172e-01,4.040001e-01
-4.359026e-01,-6.285995e+00,-3.086616e+00,-7.037041e-01,1.533957e+00,-2.058611e-02,-2.442084e-01,1.069964e-01,-5.976466e-01,-8.246375e-01,4.693472e-01
-1.103839e-01,-6.079207e+00,-2.662412e+00,-2.968551e-01,1.935935e+00,2.043817e-01,-2.374002e-01,4.159803e-04,-8.244253e-01,-1.128390e+00,9.502556e-02
1.160721e-01,-6.031547e+00,-2.549190e+00,-4.694797e-01,1.911267e+00,1.437374e-01,-3.730167e-02,1.600203e-01,-5.461194e-01,-8.006627e-01,3.568362e-01
1.683164e-01,-5.870161e+00,-2.227431e+00,1.357431e-02,2.458936e+00,5.436999e-01,2.546523e-01,2.314699e-01,-5.699299e-01,-1.004276e+00,1.714525e-01
2.232418e-01,-5.457300e+00,-2.247779e+00,2.062853e-01,2.402278e+00,5.793709e-01,3.401728e-01,2.620276e-01,-3.810687e-01,-9.186465e-01,3.482403e-01
1.694447e-01,-5.668745e+00,-2.428729e+00,-9.127946e-02,2.091114e+00,4.266739e-01,8.602011e-02,2.814076e-01,-5.570225e-01,-8.561731e-01,2.595331e-01
-2.674199e-01,-6.018694e+00,-2.585097e+00,-7.641280e-02,2.209928e+00,5.095203e-01,1.189232e-01,2.666871e-01,-5.901094e-01,-9.087113e-01,1.416776e-01
4.164415e-02,-5.874272e+00,-2.639305e+00,-3.202852e-01,1.857913e+00,2.307047e-01,-3.046411e-02,1.893478e-01,-6.374063e-01,-8.626395e-01,1.994537e-01
-2.350879e-01,-6.081711e+00,-2.651818e+00,-2.540950e-01,2.054898e+00,2.677284e-01,2.616471e-02,8.096791e-02,-6.188230e-01,-9.886171e-01,2.353900e-01
6.245605e-03,-5.803797e+00,-2.610024e+00,-2.784352e-01,1.881086e+00,1.986340e-01,2.846180e-02,5.605098e-02,-5.463962e-01,-9.708062e-01,2.805785e-01
-1.196107e-01,-6.058316e+00,-2.517118e+00,-1.545027e-01,2.200698e+00,4.809697e-01,1.990311e-01,3.134101e-01,-4.978805e-01,-8.583254e-01,2.293091e-01
2.819794e-01,-5.751220e+00,-2.197426e+00,3.136407e-02,2.346156e+00,5.125387e-01,1.593109e-01,1.890650e-01,-6.766500e-01,-1.021405e+00,4.687913e-02
3.708036e-01,-5.557035e+00,-2.349698e+00,3.302186e-02,2.032388e+00,5.282825e-01,3.346235e-02,3.543301e-01,-5.641862e-01,-7.850377e-01,2.775182e-01
-5.721534e-01,-6.021781e+00,-2.752815e+00,-5.632292e-02,2.170083e+00,5.080018e-01,2.124822e-01,2.392606e-01,-5.090560e-01,-8.894314e-01,2.508675e-01
2.053092e-01,-5.649201e+00,-2.497310e+00,-1.740515e-01,1.909465e+00,2.693431e-01,-3.831574e-02,1.208645e-01,-6.960392e-01,-9.354148e-01,1.372814e-01
-7.869727e-02,-6.075517e+00,-2.518985e+00,-2.365242e-01,2.144756e+00,2.852236e-01,5.133250e-02,8.653871e-02,-6.776499e-01,-9.843521e-01,7.771583e-02
3.494227e-03,-5.759746e+00,-2.470015e+00,-9.342531e-02,2.169812e+00,5.056947e-01,2.430244e-01,3.195364e-01,-4.132375e-01,-8.789786e-01,3.111687e-01
-1.276603e-01,-5.808763e+00,-2.598308e+00,-7.596136e-02,2.138977e+00,4.522989e-01,1.349021e-01,2.848816e-01,-4.296469e-01,-8.141975e-01,3.553437e-01
-1.715159e-01,-6.020576e+00,-2.490343e+00,-1.428873e-01,2.230487e+00,3.688746e-01,1.050176e-01,1.361819e-02,-7.068550e-01,-1.174398e+00,1.056414e-01
-3.371663e-01,-6.287884e+00,-2.754808e+00,-3.824063e-01,2.045830e+00,4.406730e-01,2.990435e-01,4.991305e-01,-2.777857e-01,-5.781995e-01,3.982114e-01
-3.171438e-01,-5.891521e+00,-2.654092e+00,-5.841100e-03,2.153552e+00,5.527312e-01,9.732802e-02,3.275771e-01,-5.207461e-01,-8.005140e-01,3.277060e-01
1.478326e-01,-5.573363e+00,-2.482259e+00,-1.248308e-01,2.058644e+00,3.619229e-01,1.144433e-01,2.280674e-01,-4.446990e-01,-8.754329e-01,3.510507e-01
2.366881e-01,-5.588172e+00,-2.278336e+00,1.169446e-01,2.383758e+00,5.883581e-01,1.947580e-01,3.349541e-01,-4.576889e-01,-8.887851e-01,2.635005e-01
5.087953e-02,-5.810823e+00,-2.484961e+00,-1.707352e-01,2.063030e+00,4.007543e-01,2.852857e-02,2.616173e-01,-6.452973e-01,-8.362390e-01,2.129623e-01
1.097780e-01,-5.762032e+00,-2.434698e+00,-1.438870e-01,2.315312e+00,3.268719e-01,2.136402e-01,1.918758e-01,-4.198458e-01,-9.640423e-01,2.707171e-01
-4.460231e-03,-5.736755e+00,-2.399837e+00,4.050456e-03,2.317361e+00,4.425853e-01,4.147988e-02,4.478576e-02,-7.090786e-01,-1.228203e+00,8.437930e-02
1.640039e-01,-5.589524e+00,-2.478306e+00,-1.121868e-01,2.234255e+00,4.250132e-01,2.227887e-01,3.668725e-01,-2.303996e-01,-8.044917e-01,4.435168e-01
6.935959e-02,-5.627760e+00,-2.490403e+00,-4.499350e-02,2.164810e+00,3.522861e-01,-9.921058e-02,1.119784e-01,-6.714123e-01,-1.000490e+00,1.651854e-01
3.894407e-01,-5.709759e+00,-2.299450e+00,-2.197018e-01,2.302193e+00,3.140052e-01,1.947973e-01,2.124649e-01,-3.787641e-01,-9.669167e-01,3.528664e-01
4.515151e-03,-5.730055e+00,-2.576726e+00,-1.317298e-01,2.255442e+00,3.861928e-01,1.060984e-01,2.318223e-01,-4.157537e-01,-1.008607e+00,2.524735e-01
6.049927e-02,-5.631796e+00,-2.537502e+00,-1.151965e-01,2.179048e+00,4.160955e-01,3.064266e-02,2.718468e-01,-4.653313e-01,-9.292879e-01,3.614760e-01
4.892952e-02,-5.706749e+00,-2.600566e+00,-2.175083e-01,2.220861e+00,2.650348e-01,-3.603371e-02,1.758407e-01,-5.628637e-01,-1.066977e+00,9.325166e-02
7.192872e-02,-5.688064e+00,-2.326809e+00,1.057826e-01,2.520248e+00,6.980865e-01,1.760542e-01,4.073239e-01,-5.086130e-01,-9.741355e-01,2.170834e-01
3.521141e-01,-5.643137e+00,-2.456042e+00,-2.236015e-01,2.175188e+00,2.599329e-01,-6.183363e-02,1.691798e-01,-4.671612e-01,-1.059747e+00,3.073173e-01
-9.356040e-02,-5.845364e+00,-2.508521e+00,-8.317213e-02,2.390707e+00,5.530645e-01,3.086726e-01,3.976722e-01,-2.738094e-01,-8.839573e-01,3.926756e-01
3.754859e-01,-5.559210e+00,-2.413938e+00,-1.308451e-01,2.241653e+00,3.793980e-01,4.108328e-02,3.105221e-01,-4.448702e-01,-9.386111e-01,2.248202e-01
1.370199e-01,-5.971902e+00,-2.485797e+00,-3.024454e-01,2.307031e+00,3.851590e-01,2.262414e-01,4.208735e-01,-2.099883e-01,-7.576850e-01,5.026385e-01
-2.655840e-02,-5.695191e+00,-2.460905e+00,5.141034e-02,2.343179e+00,6.277050e-01,2.528120e-01,3.840589e-01,-4.270687e-01,-9.176742e-01,2.665672e-01
1.177726e-01,-5.890350e+00,-2.538385e+00,-2.588765e-01,2.163113e+00,3.361266e-01,8.484885e-02,2.969898e-01,-3.930895e-01,-9.442394e-01,3.177476e-01
-3.925495e-01,-6.075970e+00,-2.407130e+00,1.003335e-01,2.707871e+00,8.732079e-01,6.032781e-01,5.369447e-01,-3.313718e-01,-9.070725e-01,2.617034e-01
-6.279087e-02,-5.784749e+00,-2.697995e+00,-2.292027e-01,2.026061e+00,3.165412e-01,-2.582839e-02,2.961378e-01,-4.914326e-01,-8.256374e-01,2.602859e-01
1.349600e-01,-5.858043e+00,-2.359994e+00,-1.566681e-01,2.281110e+00,4.035274e-01,1.737431e-01,2.000818e-01,-4.942276e-01,-1.028463e+00,2.937023e-01
2.298873e-01,-5.689283e+00,-2.405375e+00,-1.566649e-01,2.125994e+00,2.870593e-01,2.254257e-02,1.168357e-01,-5.724562e-01,-1.044362e+00,2.106704e-01
1.486998e-01,-5.773943e+00,-2.426976e+00,-1.379728e-01,2.181747e+00,4.080765e-01,1.943887e-01,3.077645e-01,-3.970035e-01,-8.208682e-01,3.400548e-01
-3.229639e-01,-6.198730e+00,-2.703234e+00,-3.070333e-01,2.055795e+00,3.953826e-01,1.053610e-01,2.853646e-01,-5.083004e-01,-7.788563e-01,3.119133e-01
3.456759e-01,-5.508782e+00,-2.370523e+00,9.524555e-03,2.143137e+00,4.235404e-01,7.108757e-02,2.920137e-01,-4.873497e-01,-8.186479e-01,2.803203e-01
4.842371e-02,-5.685089e+00,-2.214823e+00,1.744187e-01,2.479146e+00,6.564801e-01,3.050068e-01,2.139688e-01,-5.975623e-01,-1.069177e+00,1.936920e-01
1.967273e-01,-5.739726e+00,-2.404815e+00,-9.483509e-02,2.166030e+00,4.101563e-01,1.777303e-01,2.649482e-01,-3.881032e-01,-8.303081e-01,3.581257e-01
1.213275e-01,-5.896618e+00,-2.426205e+00,-2.512888e-01,2.073200e+00,2.557118e-01,5.345881e-02,1.017414e-01,-6.743361e-01,-9.522821e-01,1.649580e-01
2.307207e-01,-5.635836e+00,-2.348246e+00,2.042843e-02,2.180926e+00,4.801198e-01,8.836621e-02,2.725040e-01,-5.604452e-01,-8.650124e-01,2.527302e-01
3.584346e-01,-5.525538e+00,-2.316557e+00,-7.671077e-02,2.177574e+00,2.892454e-01,1.235343e-01,8.829774e-02,-4.933526e-01,-1.004081e+00,3.317164e-01
-1.560707e-01,-5.935380e+00,-2.484652e+00,-9.451407e-02,2.206964e+00,4.017626e-01,1.499313e-01,7.412630e-02,-5.849673e-01,-1.018593e+00,2.606939e-01
4.141040e-01,-5.767282e+00,-2.350607e+00,-1.498168e-01,2.051861e+00,3.490863e-01,-2.305867e-02,2.880547e-01,-6.087860e-01,-7.224811e-01,2.833772e-01
-4.672979e-01,-6.244569e+00,-2.753791e+00,-2.758793e-01,2.015573e+00,3.795294e-01,6.139998e-02,1.852688e-01,-6.509946e-01,-8.574380e-01,2.740159e-01
2.390241e-01,-5.610381e+00,-2.335904e+00,1.296247e-01,2.232105e+00,6.169465e-01,1.701522e-01,3.703384e-01,-5.090241e-01,-8.588989e-01,2.060040e-01
-3.983472e-01,-6.232807e+00,-2.887411e+00,-6.150579e-01,1.739104e+00,-2.655305e-02,-9.918680e-02,-8.527394e-02,-5.715896e-01,-9.575509e-01,4.545884e-01
2.493688e-01,-5.914020e+00,-2.333343e+00,-2.393454e-01,2.185910e+00,2.429221e-01,8.198129e-02,9.658561e-02,-5.135553e-01,-9.129390e-01,3.107100e-01
4.048301e-01,-5.627164e+00,-2.232932e+00,-1.770350e-01,2.201921e+00,2.399150e-01,1.985319e-01,7.521840e-02,-4.653697e-01,-9.272205e-01,3.104800e-01
1.801123e-01,-5.739753e+00,-2.294282e+00,3.772206e-02,2.173947e+00,3.883438e-01,-8.935329e-02,-4.703382e-02,-8.563651e-01,-1.162642e+00,1.005775e-01
3.357424e-02,-5.622479e+00,-2.490222e+00,-3.071290e-03,2.188532e+00,4.922832e-01,2.545853e-01,3.234878e-01,-3.600654e-01,-7.876295e-01,3.150567e-01
-5.871990e-02,-5.845903e+00,-2.240152e+00,1.818508e-01,2.606708e+00,8.430049e-01,4.827328e-01,4.363601e-01,-5.252331e-01,-9.939076e-01,5.114516e-02
2.848301e-01,-5.593686e+00,-2.342155e+00,-5.039480e-02,2.186723e+00,4.003320e-01,8.550612e-02,2.759716e-01,-4.555628e-01,-7.558571e-01,3.086442e-01
2.443895e-01,-5.554728e+00,-2.362057e+00,-2.051898e-02,2.164827e+00,4.840971e-01,2.064520e-01,3.037459e-01,-4.564844e-01,-8.385865e-01,3.096701e-01
-2.737952e-01,-5.730933e+00,-2.588166e+00,9.752381e-02,2.255188e+00,6.458859e-01,2.456715e-01,4.150429e-01,-3.917443e-01,-7.436086e-01,3.662298e-01
3.367856e-01,-5.537095e+00,-2.382311e+00,-8.873292e-02,2.154465e+00,4.304887e-01,1.885672e-01,4.021686e-01,-3.627499e-01,-6.711450e-01,4.266854e-01
-2.099260e-02,-5.654633e+00,-2.308402e+00,2.143719e-01,2.529459e+00,6.987995e-01,3.174954e-01,3.450761e-01,-4.981595e-01,-9.456005e-01,1.807506e-01
1.933672e-01,-5.520758e+00,-2.410303e+00,-1.804665e-02,2.216538e+00,4.549438e-01,1.347384e-01,2.983528e-01,-4.329293e-01,-8.945478e-01,2.994039e-01
-1.589864e-01,-5.853169e+00,-2.602187e+00,-1.260583e-02,2.144714e+00,6.281251e-01,8.293634e-02,4.316957e-01,-5.108233e-01,-8.340648e-01,3.692767e-01
-6.613734e-02,-5.843640e+00,-2.521052e+00,-5.026931e-02,2.293005e+00,5.531568e-01,2.106393e-01,3.951305e-01,-3.734505e-01,-8.403240e-01,2.889088e-01
3.873504e-01,-5.640284e+00,-2.345497e+00,-1.387132e-01,2.173816e+00,3.999404e-01,1.382629e-01,3.350933e-01,-4.340836e-01,-7.958859e-01,3.563963e-01
-3.560675e-02,-5.853624e+00,-2.493445e+00,-6.190997e-02,2.262220e+00,4.438340e-01,1.059458e-02,2.203693e-01,-6.289466e-01,-9.907504e-01,1.948587e-01
1.726230e-01,-5.478963e+00,-2.589581e+00,-1.529352e-01,2.091708e+00,3.689498e-01,1.430719e-02,3.094134e-01,-4.569072e-01,-1.022355e+00,2.195110e-01
-5.168427e-02,-5.863790e+00,-2.402024e+00,4.022777e-02,2.572047e+00,6.594727e-01,3.533194e-01,4.220343e-01,-3.413542e-01,-9.191063e-01,2.664882e-01
2.344890e-02,-5.641762e+00,-2.577252e+00,-1.018681e-01,2.189825e+00,4.648235e-01,7.867854e-02,3.710536e-01,-4.692940e-01,-8.943494e-01,1.845326e-01
6.797869e-02,-5.621618e+00,-2.475990e+00,-1.910960e-03,2.204749e+00,4.582694e-01,3.256023e-02,2.171974e-01,-6.473301e-01,-1.018080e+00,8.923966e-02
5.804623e-02,-5.687860e+00,-2.410646e+00,1.079717e-01,2.420289e+00,6.896071e-01,1.472048e-01,4.731037e-01,-4.319032e-01,-8.773151e-01,3.203284e-01
2.920994e-01,-5.600397e+00,-2.494344e+00,-2.714673e-01,2.061533e+00,2.265047e-01,-4.264745e-02,1.931272e-01,-4.656012e-01,-9.410866e-01,4.227224e-01
-1.612379e-01,-5.968984e+00,-2.579079e+00,-1.299875e-01,2.216026e+00,5.104767e-01,5.698485e-02,3.973963e-01,-4.330759e-01,-7.355592e-01,3.898200e-01
3.628415e-01,-5.491385e+00,-2.450920e+00,-1.222120e-01,1.989325e+00,3.675800e-01,-1.257863e-01,2.819244e-01,-6.581859e-01,-8.769750e-01,1.968045e-01
9.429378e-02,-5.602119e+00,-2.292103e+00,1.728614e-01,2.518942e+00,6.590693e-01,2.152827e-01,3.064536e-01,-4.917854e-01,-1.087234e+00,1.973882e-01
-3.339461e-01,-5.926825e+00,-2.819208e+00,-2.924569e-01,1.936086e+00,2.161014e-01,-1.049905e-01,4.112775e-02,-7.014427e-01,-1.112081e+00,1.181309e-01
1.174987e-01,-5.725651e+00,-2.459644e+00,-6.673560e-02,2.147733e+00,5.066873e-01,4.919083e-02,3.747684e-01,-4.968511e-01,-7.924825e-01,2.717369e-01
-8.821663e-03,-5.829200e+00,-2.353057e+00,3.069032e-02,2.354705e+00,4.896745e-01,9.892507e-02,1.126381e-01,-7.303470e-01,-1.100442e+00,5.999475e-02
-6.053016e-02,-5.729246e+00,-2.664824e+00,-1.187584e-01,2.020340e+00,4.787327e-01,1.033431e-01,3.766095e-01,-4.542349e-01,-8.380537e-01,3.024969e-01
-9.192120e-02,-5.573428e+00,-2.485131e+00,2.335288e-01,2.261039e+00,7.006517e-01,1.045838e-01,3.480767e-01,-5.553945e-01,-9.229872e-01,1.841234e-01
3.777940e-02,-5.839721e+00,-2.631544e+00,-3.548841e-01,1.836809e+00,2.012780e-01,-1.119789e-01,1.613326e-01,-6.597505e-01,-8.450062e-01,3.030068e-01
-3.576782e-01,-5.850227e+00,-2.670370e+00,-3.499018e-04,2.183222e+00,6.087577e-01,1.796955e-01,4.271073e-01,-4.910188e-01,-7.750164e-01,1.455183e-01
-9.170030e-02,-5.808138e+00,-2.620421e+00,-2.644806e-01,1.944450e+00,1.616532e-01,-7.272869e-02,-1.768533e-02,-7.349578e-01,-1.075438e+00,1.680258e-01
1.124380e-01,-5.616385e+00,-2.445484e+00,-4.099183e-02,2.149149e+00,4.626159e-01,1.368908e-01,3.108191e-01,-3.843936e-01,-8.016332e-01,3.854929e-01
-7.589677e-01,-6.281000e+00,-2.839581e+00,-2.149014e-01,2.204206e+00,4.900471e-01,2.141245e-01,2.460268e-01,-4.952528e-01,-9.263776e-01,2.690216e-01
1.983416e-01,-5.651249e+00,-2.420893e+00,-7.722993e-02,2.130253e+00,5.356467e-01,2.343360e-01,5.131229e-01,-2.905421e-01,-5.312674e-01,4.778143e-01
6.852357e-02,-5.615977e+00,-2.327085e+00,2.328008e-01,2.385202e+00,6.527776e-01,3.147716e-01,3.245953e-01,-4.266156e-01,-8.091279e-01,3.636674e-01
4.220800e-01,-5.504234e+00,-2.225933e+00,-4.275327e-02,2.215852e+00,4.135465e-01,2.833434e-01,2.616717e-01,-3.426069e-01,-7.692941e-01,4.798784e-01
3.690055e-02,-5.757490e+00,-2.349571e+00,5.965104e-02,2.376132e+00,5.653457e-01,3.169980e-01,2.792393e-01,-4.239347e-01,-8.965947e-01,2.178810e-01
5.560490e-02,-5.629033e+00,-2.397255e+00,4.879400e-03,2.170657e+00,4.376784e-01,7.514627e-02,1.803005e-01,-6.854477e-01,-8.579633e-01,2.267583e-01
-1.287502e-02,-5.629407e+00,-2.530008e+00,-1.136480e-01,2.121648e+00,2.911015e-01,1.046189e-01,8.729126e-02,-4.605264e-01,-9.499436e-01,3.142916e-01
-3.015219e-01,-5.839854e+00,-2.417726e+00,5.306204e-02,2.432479e+00,5.702961e-01,3.704341e-01,2.091286e-01,-4.592810e-01,-9.330372e-01,3.325793e-01
3.126252e-01,-5.638701e+00,-2.388341e+00,-6.985803e-02,2.059508e+00,4.110591e-01,6.119838e-02,2.607330e-01,-5.725681e-01,-8.646653e-01,2.449406e-01
4.332549e-01,-5.509218e+00,-2.148284e+00,2.059997e-01,2.272503e+00,6.252328e-01,2.497281e-02,2.924910e-01,-7.455258e-01,-8.801819e-01,9.218570e-02
1.444837e-01,-5.691608e+00,-2.447502e+00,-4.196164e-02,2.134577e+00,5.514128e-01,2.822656e-01,5.188633e-01,-2.616656e-01,-5.034134e-01,5.982970e-01
-2.134973e-01,-6.001384e+00,-2.742075e+00,-3.763701e-01,1.881030e+00,1.525710e-01,-5.786765e-02,6.688494e-02,-4.762420e-01,-9.188342e-01,4.417524e-01
3.025255e-01,-5.651304e+00,-2.193994e+00,1.258196e-01,2.307170e+00,6.191291e-01,2.293030e-01,3.236766e-01,-5.259627e-01,-8.078201e-01,4.173675e-01
3.516742e-01,-5.664316e+00,-2.351486e+00,-8.236249e-02,2.135896e+00,4.067706e-01,5.536958e-02,3.256770e-01,-5.215018e-01,-7.672792e-01,2.172723e-01
1.498061e-01,-5.526047e+00,-2.222870e+00,2.769479e-01,2.394382e+00,7.177131e-01,1.632898e-01,3.147099e-01,-7.023712e-01,-9.307018e-01,1.008258e-01
2.000268e-01,-5.741375e+00,-2.538808e+00,-2.793628e-01,1.867740e+00,1.395644e-01,-2.022314e-01,2.266436e-02,-7.432767e-01,-1.027612e+00,1.393155e-01
-2.150762e-01,-5.910041e+00,-2.557707e+00,-7.803836e-02,2.367728e+00,5.959013e-01,4.324180e-01,4.505793e-01,-2.616254e-01,-8.558566e-01,2.794124e-01
1.175434e-01,-5.596071e+00,-2.449855e+00,-4.803079e-02,2.148428e+00,4.124602e-01,1.598614e-01,2.537484e-01,-4.808983e-01,-8.581769e-01,2.601595e-01
-1.232351e-01,-5.828616e+00,-2.690436e+00,-2.287548e-01,2.019576e+00,2.883340e-01,1.135445e-02,2.550541e-01,-5.190224e-01,-7.749622e-01,2.867239e-01
-1.424845e-01,-5.543455e+00,-2.412666e+00,2.579677e-01,2.423891e+00,7.740020e-01,3.135390e-01,4.434386e-01,-4.601241e-01,-8.480695e-01,3.010698e-01
-9.606408e-02,-5.775058e+00,-2.702346e+00,-1.990317e-01,2.055766e+00,3.026106e-01,-3.938643e-03,2.345898e-01,-4.900998e-01,-9.381937e-01,2.954145e-01
1.198522e-01,-5.455740e+00,-2.302018e+00,1.711975e-01,2.431586e+00,6.246007e-01,2.776606e-01,3.985615e-01,-4.080355e-01,-7.818335e-01,3.784281e-01
4.751531e-02,-5.527167e+00,-2.568999e+00,3.256318e-03,2.106052e+00,5.003030e-01,3.683616e-02,4.235001e-01,-4.997517e-01,-7.342562e-01,1.739269e-01
-4.509908e-02,-5.591376e+00,-2.525898e+00,4.832865e-02,2.263618e+00,6.808998e-01,3.277699e-01,5.572729e-01,-2.271607e-01,-7.213292e-01,3.475463e-01
2.715396e-01,-5.407418e+00,-2.393377e+00,-5.588672e-02,2.146353e+00,2.696651e-01,-4.615913e-02,3.943496e-02,-6.011056e-01,-1.129472e+00,1.905072e-01
3.180070e-01,-5.402863e+00,-2.452418e+00,-7.822684e-02,2.140510e+00,3.003669e-01,-5.271757e-02,2.126253e-01,-5.434176e-01,-9.312017e-01,2.030518e-01
-1.888212e-01,-5.702986e+00,-2.772084e+00,-2.292535e-01,1.962654e+00,2.983987e-01,-1.489025e-01,3.185871e-01,-4.273660e-01,-5.790808e-01,6.101924e-01
1.745494e-01,-5.506209e+00,-2.540627e+00,-4.887677e-02,2.130734e+00,4.033563e-01,-1.126997e-01,2.647911e-01,-5.547408e-01,-9.677009e-01,2.278460e-01
-1.181191e-01,-5.670892e+00,-2.445899e+00,8.387328e-02,2.508188e+00,7.117623e-01,4.033301e-01,4.712274e-01,-2.769246e-01,-8.700424e-01,3.526939e-01
2.198940e-01,-5.513998e+00,-2.414158e+00,-4.360917e-02,2.319074e+00,3.524849e-01,6.469224e-02,1.359905e-01,-5.107432e-01,-1.172785e+00,1.228453e-01
2.417662e-01,-5.592658e+00,-2.419864e+00,-8.241656e-02,2.271343e+00,4.760684e-01,1.799249e-01,4.236802e-01,-3.539952e-01,-7.021167e-01,3.765496e-01
-1.887584e-01,-5.718147e+00,-2.617035e+00,-7.417191e-02,2.224870e+00,4.754655e-01,5.129374e-02,3.210517e-01,-4.966746e-01,-8.626153e-01,3.083913e-01
2.671395e-01,-5.441841e+00,-2.478724e+00,-9.718034e-02,2.098404e+00,2.790979e-01,-4.028910e-02,1.397104e-01,-4.770616e-01,-9.782693e-01,3.436780e-01
-1.401464e-01,-5.602238e+00,-2.409030e+00,1.479698e-01,2.426956e+00,6.207057e-01,2.104702e-01,2.676134e-01,-5.467358e-01,-9.594433e-01,1.870672e-01
2.871539e-01,-5.442653e+00,-2.409136e+00,-1.986705e-02,2.270690e+00,3.839638e-01,8.462143e-02,2.939459e-01,-4.567740e-01,-8.610906e-01,2.454024e-01
3.093846e-01,-5.387966e+00,-2.195093e+00,2.356121e-01,2.420409e+00,7.129843e-01,2.048691e-01,4.020462e-01,-4.572975e-01,-8.786301e-01,3.519253e-01
4.260745e-02,-5.535318e+00,-2.490684e+00,1.448848e-01,2.241358e+00,6.424643e-01,1.478187e-01,4.766556e-01,-4.363610e-01,-7.063023e-01,3.383821e-01
2.641305e-01,-5.427782e+00,-2.413518e+00,-4.616939e-02,2.065608e+00,2.924057e-01,9.745415e-03,6.912093e-02,-6.110970e-01,-1.054654e+00,2.146283e-01
5.561322e-03,-5.619350e+00,-2.466468e+00,1.418620e-02,2.224793e+00,4.318448e-01,1.062925e-01,2.071532e-01,-5.388614e-01,-8.780806e-01,2.462050e-01
3.358004e-01,-5.497185e+00,-2.394725e+00,-4.181137e-02,2.085536e+00,3.510095e-01,1.649256e-02,1.623163e-01,-5.843882e-01,-9.531201e-01,1.768249e-01
-6.232980e-01,-5.861185e+00,-2.598342e+00,2.494700e-01,2.519629e+00,9.121019e-01,5.032991e-01,4.672413e-01,-4.033621e-01,-9.803759e-01,1.184588e-01
2.908800e-02,-5.662533e+00,-2.514997e+00,7.005043e-02,2.180260e+00,6.699112e-01,2.959576e-01,5.946857e-01,-2.317855e-01,-5.245093e-01,4.991403e-01
3.488698e-01,-5.217680e+00,-2.264761e+00,2.263782e-01,2.218058e+00,5.721971e-01,1.555873e-01,3.690091e-01,-5.596332e-01,-7.295850e-01,2.754195e-01
-2.512787e-01,-5.897286e+00,-2.767222e+00,-2.482936e-01,1.898553e+00,1.990042e-01,-9.555928e-02,4.817630e-02,-6.468641e-01,-9.625301e-01,1.794529e-01
1.169346e-01,-5.595516e+00,-2.549937e+00,-2.141744e-01,1.856754e+00,2.074064e-01,-5.393673e-02,8.440524e-02,-6.100219e-01,-8.993563e-01,3.111088e-01
1.325381e-01,-5.436458e+00,-2.313594e+00,1.624522e-01,2.309075e+00,4.585800e-01,1.858772e-01,9.442691e-02,-5.614001e-01,-1.059897e+00,1.288656e-01
-3.010939e-01,-5.867314e+00,-2.896004e+00,-3.368664e-01,1.679739e+00,1.747515e-01,-1.466189e-01,1.369038e-01,-6.703209e-01,-8.053307e-01,2.294498e-01
1.192125e-02,-5.409557e+00,-2.275914e+00,3.176845e-01,2.360210e+00,6.565022e-01,2.041909e-01,2.150666e-01,-6.677957e-01,-9.227426e-01,3.110921e-02
2.113470e-01,-5.605485e+00,-2.413742e+00,2.324157e-02,1.985543e+00,5.401476e-01,-3.535112e-02,3.888592e-01,-5.208331e-01,-6.428814e-01,4.490649e-01
-3.607459e-01,-5.881088e+00,-2.764060e+00,-1.393075e-01,2.011201e+00,5.420284e-01,2.080388e-01,4.856665e-01,-3.489022e-01,-5.910941e-01,4.843545e-01
-3.435957e-02,-5.701978e+00,-2.496222e+00,4.507262e-02,2.116320e+00,5.617523e-01,9.169293e-02,3.835063e-01,-5.102744e-01,-7.086991e-01,2.593814e-01
5.532059e-01,-5.190216e+00,-2.225602e+00,9.925891e-02,2.087320e+00,4.359433e-01,9.667743e-02,2.774654e-01,-5.962063e-01,-7.785540e-01,2.343321e-01
8.513404e-02,-5.597893e+00,-2.372485e+00,1.785103e-01,2.222624e+00,5.611367e-01,5.260437e-02,2.634541e-01,-6.381299e-01,-8.538735e-01,2.748233e-01
7.424412e-02,-5.632764e+00,-2.511847e+00,-1.430435e-01,2.065760e+00,3.084297e-01,1.977684e-01,1.934871e-01,-3.989248e-01,-8.357658e-01,3.791494e-01
6.028506e-02,-5.498955e+00,-2.400600e+00,9.186973e-02,2.215758e+00,4.863367e-01,1.130853e-01,2.856168e-01,-4.831983e-01,-7.459427e-01,4.144609e-01
-1.545069e-01,-5.735397e+00,-2.551836e+00,-1.262602e-02,2.181364e+00,5.459668e-01,1.596310e-01,3.951037e-01,-5.100441e-01,-7.637580e-01,1.968180e-01
2.924772e-01,-5.467016e+00,-2.331363e+00,-2.256166e-02,2.148750e+00,3.637474e-01,1.455873e-01,1.965683e-01,-4.885019e-01,-8.601920e-01,3.646444e-01
3.890985e-02,-5.454298e+00,-2.372532e+00,2.968914e-01,2.352923e+00,6.666306e-01,2.284190e-01,3.426893e-01,-4.707912e-01,-8.248266e-01,3.377832e-01
1.905770e-01,-5.372428e+00,-2.461438e+00,2.985833e-03,2.062533e+00,4.864207e-01,1.840208e-01,4.193601e-01,-3.491774e-01,-6.182590e-01,4.768333e-01
-3.667321e-01,-5.908203e+00,-2.755524e+00,-7.903526e-02,2.094599e+00,6.019779e-01,1.461868e-01,5.099199e-01,-3.291127e-01,-6.239716e-01,3.052479e-01
2.834568e-01,-5.221927e+00,-2.396889e+00,1.134489e-01,2.053494e+00,4.730539e-01,-3.683349e-02,2.517279e-01,-6.254644e-01,-8.620255e-01,2.197069e-01
-1.289469e-01,-5.526125e+00,-2.580289e+00,1.500017e-01,2.144692e+00,6.237496e-01,1.318177e-01,3.906269e-01,-4.511872e-01,-7.567406e-01,2.503198e-01
1.405555e-01,-5.306748e+00,-2.412032e+00,2.275286e-01,2.162092e+00,6.228701e-01,-4.787354e-02,3.487137e-01,-6.373308e-01,-8.454824e-01,1.890445e-01
2.506090e-01,-5.492119e+00,-2.284651e+00,1.314445e-01,2.425139e+00,5.871101e-01,2.188584e-01,2.471934e-01,-6.551191e-01,-1.140017e+00,-1.503764e-01
-8.228513e-02,-5.584393e+00,-2.500802e+00,1.327930e-01,2.323364e+00,6.556196e-01,5.274994e-03,4.261875e-01,-5.952314e-01,-8.510956e-01,1.476811e-01
4.807324e-01,-5.261952e+00,-2.269518e+00,-1.247524e-02,2.172594e+00,3.800533e-01,5.473375e-02,1.987054e-01,-4.800172e-01,-9.559785e-01,2.960028e-01
2.615298e-01,-5.298794e+00,-2.206847e+00,4.068236e-01,2.472250e+00,8.445453e-01,1.674246e-01,4.367865e-01,-5.728187e-01,-9.496336e-01,5.933107e-02
-1.282053e-01,-5.676622e+00,-2.688310e+00,-1.723543e-01,2.021634e+00,4.224570e-01,4.203368e-02,3.403295e-01,-4.399393e-01,-7.938353e-01,3.147284e-01
2.534541e-01,-5.416601e+00,-2.386686e+00,6.897873e-02,2.233119e+00,5.013983e-01,-1.289007e-01,2.447655e-01,-6.844781e-01,-9.885041e-01,2.244227e-02
-5.296283e-02,-5.525354e+00,-2.476579e+00,4.291379e-02,2.407038e+00,4.670094e-01,1.495439e-01,2.024714e-01,-4.535901e-01,-1.006487e+00,3.120254e-01
3.166234e-01,-5.191365e+00,-2.412094e+00,1.956750e-01,2.283776e+00,6.686150e-01,1.032416e-01,5.205534e-01,-3.197488e-01,-7.895258e-01,3.351363e-01
1.895357e-01,-5.349515e+00,-2.343137e+00,2.800810e-01,2.362270e+00,6.788837e-01,7.439573e-02,3.781321e-01,-4.942110e-01,-8.311258e-01,2.646093e-01
3.386013e-01,-5.421258e+00,-2.453898e+00,-1.774754e-01,2.114811e+00,2.261349e-01,-4.249539e-02,1.665451e-01,-5.914281e-01,-9.453815e-01,1.533797e-01
2.044826e-01,-5.255042e+00,-2.481020e+00,1.459520e-01,2.262417e+00,4.427234e-01,-3.844306e-02,2.084390e-01,-5.136828e-01,-9.965159e-01,2.494749e-01
9.898924e-02,-5.292264e+00,-2.581296e+00,-4.291905e-02,1.940830e+00,2.645886e-01,-1.953972e-01,3.575243e-02,-6.807177e-01,-1.037682e+00,2.239731e-01
1.127345e-01,-5.378302e+00,-2.573538e+00,-7.413163e-03,2.071464e+00,3.737495e-01,-7.265547e-02,3.140646e-01,-4.727789e-01,-7.312970e-01,3.668669e-01
2.711137e-01,-5.383303e+00,-2.117770e+00,2.394479e-01,2.546268e+00,6.271921e-01,2.880591e-01,2.780703e-01,-5.304523e-01,-9.224977e-01,1.927557e-01
1.491179e-01,-5.390751e+00,-2.581055e+00,-7.292615e-02,1.987316e+00,3.100142e-01,-1.064425e-01,2.102298e-01,-5.560642e-01,-9.131297e-01,2.041352e-01
-1.017112e-01,-5.578008e+00,-2.611035e+00,-3.211167e-02,2.045648e+00,3.738818e-01,1.333506e-03,1.589543e-01,-5.245342e-01,-9.264544e-01,3.373127e-01
4.202361e-01,-5.188426e+00,-2.330253e+00,1.277756e-01,2.164481e+00,4.877499e-01,1.246706e-01,3.514001e-01,-4.251239e-01,-7.568133e-01,3.184456e-01
3.446227e-01,-5.477852e+00,-2.261559e+00,1.508250e-01,2.207672e+00,6.023810e-01,-1.736290e-02,3.999195e-01,-6.655346e-01,-7.169878e-01,1.761929e-01
2.290938e-01,-5.309824e+00,-2.341232e+00,1.882471e-01,2.095789e+00,5.726879e-01,-1.680796e-02,2.593850e-01,-6.721919e-01,-8.650721e-01,2.497759e-01
3.742083e-01,-5.266790e+00,-2.286241e+00,1.427125e-01,2.224235e+00,4.186773e-01,7.785428e-02,1.327776e-01,-5.332412e-01,-1.019187e+00,1.933990e-01
-2.023664e-02,-5.469885e+00,-2.342250e+00,2.574489e-01,2.326770e+00,6.199336e-01,1.517277e-01,1.926333e-01,-6.565442e-01,-9.840430e-01,2.416377e-01
3.300564e-01,-5.432909e+00,-2.285856e+00,6.198439e-02,2.241026e+00,5.041728e-01,1.739071e-01,3.324511e-01,-4.728684e-01,-8.175122e-01,1.416995e-01
1.149709e-02,-5.474629e+00,-2.336900e+00,3.003047e-01,2.296448e+00,6.570351e-01,1.916174e-01,2.254047e-01,-6.378048e-01,-9.057562e-01,1.728367e-01
6.046786e-03,-5.590175e+00,-2.623178e+00,-2.189219e-01,1.931747e+00,1.432479e-01,1.218436e-01,9.696909e-02,-3.372509e-01,-7.520699e-01,5.762225e-01
3.676904e-01,-5.462895e+00,-2.395372e+00,-3.939308e-02,2.017532e+00,2.360004e-01,-3.222179e-02,2.335552e-02,-6.319790e-01,-1.036383e+00,1.925476e-01
5.065049e-01,-5.425567e+00,-2.033354e+00,7.478107e-02,2.380875e+00,3.855989e-01,2.346179e-01,5.227461e-02,-6.035303e-01,-9.898144e-01,1.579650e-01
2.191684e-01,-5.537326e+00,-2.483316e+00,-7.336497e-02,1.980698e+00,2.923510e-01,-1.107700e-01,1.417516e-01,-7.419743e-01,-9.364437e-01,1.457988e-02
-2.724880e-02,-5.464148e+00,-2.414800e+00,1.396398e-01,2.119781e+00,3.843249e-01,1.056069e-02,-2.578381e-02,-7.357871e-01,-9.978242e-01,2.594664e-01
3.463042e-01,-5.396785e+00,-2.316452e+00,4.032645e-02,2.124352e+00,3.729277e-01,7.728210e-02,1.424040e-01,-5.491827e-01,-9.386482e-01,2.141318e-01
2.968173e-01,-5.370733e+00,-2.278948e+00,7.547867e-03,2.122116e+00,1.877614e-01,-2.170088e-02,-1.576445e-01,-7.792618e-01,-1.116408e+00,9.767841e-02
3.502518e-01,-5.353991e+00,-2.282556e+00,8.633159e-02,2.192886e+00,4.385785e-01,6.296839e-02,2.052990e-01,-5.587698e-01,-8.639079e-01,2.406079e-01
9.138696e-02,-5.435213e+00,-2.468705e+00,1.159364e-02,2.096118e+00,3.551112e-01,3.017768e-02,1.134344e-01,-6.436439e-01,-9.935922e-01,1.307467e-01
2.504847e-01,-5.223738e+00,-2.180038e+00,3.284387e-01,2.284274e+00,6.371505e-01,1.299051e-02,1.976903e-01,-8.171143e-01,-9.849274e-01,1.018531e-01
3.600339e-01,-5.114971e+00,-2.290983e+00,2.568100e-01,2.207871e+00,5.619176e-01,1.784263e-01,3.390841e-01,-3.783943e-01,-7.183257e-01,3.133621e-01
4.087253e-01,-5.040369e+00,-2.031711e+00,4.845363e-01,2.432723e+00,7.514760e-01,1.657376e-01,2.809661e-01,-7.088109e-01,-8.764135e-01,1.006674e-01
1.857814e-01,-5.432048e+00,-2.465856e+00,6.966778e-02,2.080822e+00,4.723800e-01,-1.303631e-02,2.299861e-01,-5.966974e-01,-9.644703e-01,4.272189e-02
1.583335e-01,-5.253580e+00,-2.334899e+00,2.531508e-01,2.184485e+00,5.437657e-01,2.645239e-02,1.114625e-01,-6.812761e-01,-1.044907e+00,2.198717e-01
1.138617e-01,-5.358244e+00,-2.371109e+00,2.229656e-01,2.217183e+00,5.475637e-01,7.134725e-02,1.823371e-01,-6.418641e-01,-9.425030e-01,1.625429e-01
2.919961e+00,-2.696248e+00,-9.495103e-01,3.820916e-01,7.656214e-01,-9.216153e-04,2.839620e-02,9.082982e-02,-3.198891e-01,-2.788270e-01,1.673561e-01
