-9.260920e-01,-8.059172e-01,8.811068e-01,-1.601012e+00,-2.997323e-01,1.101569e+00,-6.206701e-02,2.708516e-01,1.239503e-01,-4.363860e-01,6.328047e-02
3.596946e-01,-1.444008e+00,3.102254e-01,-1.506481e+00,2.000565e-01,2.024518e+00,1.138590e-01,-3.849565e-01,-4.657968e-01,-7.251306e-01,2.242191e-01
7.659905e-01,-1.538812e+00,3.097715e-01,-1.283506e+00,2.005077e-01,1.600618e+00,-7.142250e-01,-2.819743e-01,2.367749e-02,-8.948272e-01,2.239494e-01
1.044028e+00,-1.740921e+00,-2.621272e-03,-1.772653e+00,-2.230526e-01,2.235086e+00,-1.425480e-01,4.157096e-02,8.106379e-02,-2.567007e-01,4.068087e-01
1.244608e+00,-1.349702e+00,6.262855e-01,-1.544631e+00,2.089903e-01,2.298653e+00,-1.571214e-01,-2.186431e-01,-3.877475e-01,-8.283313e-01,3.553601e-01
1.675166e+00,-1.327533e+00,6.678529e-01,-1.953135e+00,1.590412e-01,2.274579e+00,-1.343531e-01,-4.352810e-01,-3.929140e-01,-8.436694e-01,4.038955e-01
1.752298e+00,-1.583382e+00,1.068528e+00,-1.752802e+00,4.153222e-01,2.438016e+00,1.689914e-01,-3.825323e-01,-4.134171e-01,-9.075024e-01,3.381885e-01
1.560448e+00,-1.586101e+00,7.897447e-01,-2.288601e+00,3.235456e-01,2.502762e+00,1.554232e-01,-7.232629e-01,-7.373837e-01,-8.083200e-01,1.290929e-01
1.264478e+00,-1.595922e+00,6.303642e-01,-2.507564e+00,4.208065e-02,2.268801e+00,7.739968e-01,-2.894327e-01,-7.800922e-01,-5.564201e-01,4.261621e-01
1.264369e+00,-1.689252e+00,-7.485240e-03,-2.163294e+00,1.002377e-01,2.095524e+00,3.998909e-01,-3.689334e-01,-8.929199e-01,-1.790211e-01,3.736022e-01
1.504673e+00,-1.070568e+00,2.166094e-01,-1.963741e+00,1.556863e-01,2.047371e+00,5.493990e-01,-1.060882e+00,-1.552571e+00,-5.865927e-01,-7.112250e-02
1.575584e+00,-1.024323e+00,1.557612e-01,-1.535502e+00,3.180684e-01,2.303497e+00,1.075217e+00,-3.599349e-01,-1.208981e+00,-5.678386e-01,5.874737e-01
1.424440e+00,-9.435075e-01,-1.900274e-01,-1.680077e+00,4.978623e-01,1.854541e+00,3.063338e-01,-3.891736e-01,-1.328015e+00,-9.404791e-01,4.970712e-01
1.456891e+00,-9.062492e-01,3.177196e-01,-1.326726e+00,5.112792e-01,2.318038e+00,7.848230e-01,-3.282466e-01,-1.333875e+00,-8.907955e-01,6.658921e-01
1.448554e+00,-1.134926e+00,3.693607e-01,-1.517959e+00,5.842252e-01,2.633930e+00,7.267199e-01,-3.209592e-01,-9.539081e-01,-8.024150e-01,6.293330e-01
1.467060e+00,-9.912865e-01,6.496955e-01,-1.774668e+00,4.434720e-01,2.590503e+00,4.688310e-01,-3.798724e-01,-9.995103e-01,-8.110111e-01,6.107175e-01
5.148695e-01,-1.897857e+00,2.789053e-01,-1.821075e+00,2.938328e-01,2.501530e+00,4.340016e-01,-7.360787e-01,-1.259648e+00,-1.041857e+00,4.932905e-01
4.973926e-01,-1.962004e+00,3.149065e-01,-1.996429e+00,3.022504e-01,2.519674e+00,5.883720e-01,-5.833746e-01,-9.882272e-01,-7.437943e-01,7.884543e-01
9.362335e-01,-1.657156e+00,7.592619e-01,-2.116183e+00,4.254465e-01,2.852488e+00,7.748690e-01,-1.670262e-01,-9.215151e-01,-5.311778e-01,7.852527e-01
1.333467e+00,-1.668830e+00,9.835143e-01,-2.043216e+00,3.505909e-01,2.520286e+00,2.662385e-01,-8.193473e-01,-1.297931e+00,-8.617171e-01,5.942412e-01
5.592115e-01,-2.065049e+00,1.008891e+00,-2.023473e+00,6.107301e-01,3.021763e+00,6.505760e-01,-1.820994e-01,-1.315393e+00,-5.077367e-01,7.691392e-01
9.503551e-01,-1.851738e+00,1.262647e+00,-1.872005e+00,5.569670e-01,2.820636e+00,6.808098e-01,-3.544383e-01,-1.224386e+00,-1.075507e+00,5.634876e-01
1.001532e+00,-2.292013e+00,1.027463e+00,-2.021425e+00,6.956164e-01,2.980582e+00,7.170815e-01,-3.172556e-01,-8.151368e-01,-6.115294e-01,7.339385e-01
8.701991e-01,-2.141629e+00,1.146945e+00,-1.965522e+00,6.312673e-01,3.083901e+00,6.379300e-01,-5.299471e-01,-1.134437e+00,-8.842868e-01,5.902359e-01
5.796368e-01,-2.172261e+00,9.547995e-01,-2.252546e+00,2.073107e-01,2.881850e+00,6.402887e-01,-4.840379e-01,-1.075026e+00,-8.021684e-01,7.227909e-01
1.128890e+00,-2.169982e+00,1.171994e+00,-2.090214e+00,1.873152e-01,2.661066e+00,4.026786e-01,-5.145819e-01,-8.786455e-01,-6.579630e-01,7.492271e-01
1.192944e+00,-2.753928e+00,1.321015e+00,-2.194272e+00,4.555724e-01,2.690937e+00,4.210821e-01,-4.233475e-01,-1.033184e+00,-6.370534e-01,6.763230e-01
8.973408e-01,-2.566882e+00,1.060929e+00,-2.148005e+00,2.084617e-01,2.762845e+00,4.149600e-01,-3.230884e-01,-1.005012e+00,-8.442119e-01,5.902905e-01
8.983341e-01,-2.792509e+00,1.072996e+00,-1.988359e+00,5.117414e-01,2.878458e+00,7.188191e-01,-3.494264e-01,-7.670832e-01,-6.978559e-01,8.026474e-01
1.095129e+00,-2.373802e+00,1.001871e+00,-1.976760e+00,2.628467e-01,2.746623e+00,2.737109e-01,-7.557234e-01,-1.074041e+00,-9.309733e-01,5.960056e-01
7.387606e-01,-2.948980e+00,7.889024e-01,-2.113641e+00,1.583169e-01,2.623844e+00,4.859315e-01,-3.699549e-01,-8.314820e-01,-7.780502e-01,7.794308e-01
1.067167e+00,-2.891271e+00,1.022422e+00,-1.892223e+00,5.291101e-01,2.915093e+00,6.239811e-01,-4.010107e-01,-9.056520e-01,-7.895448e-01,5.916113e-01
1.080004e+00,-2.471003e+00,1.037895e+00,-1.807334e+00,4.080351e-01,3.076886e+00,8.263686e-01,-5.131936e-01,-1.160934e+00,-9.798291e-01,5.726676e-01
1.864287e+00,-2.321725e+00,1.206426e+00,-1.617626e+00,3.842540e-01,2.816418e+00,4.873759e-01,-4.033613e-01,-1.043356e+00,-7.018002e-01,1.695331e-01
1.179253e+00,-2.780607e+00,7.477757e-01,-1.708466e+00,4.817661e-01,2.989346e+00,9.184954e-01,-5.131646e-01,-8.008645e-01,-9.428485e-01,5.121058e-01
1.462635e+00,-2.309353e+00,1.013109e+00,-1.488503e+00,6.649434e-01,2.916167e+00,1.000161e+00,-7.677335e-01,-9.601888e-01,-1.134144e+00,5.925197e-01
1.231499e+00,-2.616917e+00,5.233209e-01,-1.706348e+00,3.284094e-01,2.893869e+00,6.462043e-01,-7.607381e-01,-1.008929e+00,-7.703628e-01,5.792316e-01
1.529175e+00,-2.905987e+00,6.587910e-01,-1.781845e+00,6.094870e-01,3.013046e+00,8.121277e-01,-3.754264e-01,-1.100972e+00,-8.535206e-01,3.187289e-01
1.417289e+00,-2.497540e+00,6.047744e-01,-1.819519e+00,4.852744e-01,2.863777e+00,7.521883e-01,-5.935025e-01,-1.105806e+00,-1.012821e+00,4.397720e-01
1.084851e+00,-2.673945e+00,4.712676e-01,-1.762736e+00,7.204303e-01,3.182500e+00,1.172430e+00,-3.073525e-01,-8.632610e-01,-8.900316e-01,9.011681e-01
1.326499e+00,-2.709296e+00,3.818147e-01,-1.726434e+00,6.049409e-01,3.044877e+00,9.764678e-01,-2.348638e-01,-9.581297e-01,-6.300445e-01,9.944652e-01
1.251444e+00,-2.657472e+00,4.617432e-01,-1.917170e+00,7.020721e-01,3.029363e+00,1.283529e+00,-2.356194e-01,-1.181365e+00,-5.578487e-01,1.009944e+00
1.240458e+00,-2.808260e+00,5.324313e-01,-1.756255e+00,8.511744e-01,3.088042e+00,1.264755e+00,-2.511203e-01,-1.276502e+00,-1.011185e+00,8.673120e-01
1.052108e+00,-2.884608e+00,2.797913e-01,-2.279699e+00,4.410775e-01,3.162760e+00,1.061541e+00,-3.983402e-01,-1.526140e+00,-8.130106e-01,8.737394e-01
6.162398e-01,-3.105837e+00,1.499870e-01,-2.366997e+00,5.093094e-01,3.391479e+00,1.477120e+00,-9.026132e-02,-1.182226e+00,-5.914131e-01,1.207147e+00
5.136440e-01,-3.412705e+00,-1.104500e-01,-2.292986e+00,4.808933e-01,3.266668e+00,1.267117e+00,-2.278459e-01,-1.248568e+00,-8.691709e-01,9.065462e-01
1.565601e-01,-4.004113e+00,-4.892497e-01,-2.749920e+00,2.819246e-01,3.140742e+00,1.156207e+00,-1.867473e-02,-1.129597e+00,-4.490881e-01,1.148072e+00
4.091466e-01,-3.902916e+00,-4.699739e-01,-2.566816e+00,2.455848e-01,2.527334e+00,7.936258e-01,-4.057436e-01,-1.121336e+00,-1.039861e+00,6.698502e-01
-9.155799e-02,-3.932341e+00,-8.347306e-01,-3.183075e+00,-4.600558e-02,2.924771e+00,7.019870e-01,-5.259871e-01,-1.311937e+00,-8.377771e-01,8.719646e-01
1.000660e-01,-3.808435e+00,-6.889864e-01,-3.224267e+00,-1.246675e-02,3.041915e+00,7.139991e-01,-5.881973e-01,-1.426870e+00,-7.792243e-01,8.277017e-01
7.695040e-04,-3.725628e+00,-7.937650e-01,-3.089559e+00,6.451543e-02,3.000327e+00,8.912969e-01,-5.826145e-01,-1.213768e+00,-7.622391e-01,9.785132e-01
-2.584412e-01,-3.964386e+00,-9.230802e-01,-3.229127e+00,-4.684270e-03,2.868427e+00,8.145692e-01,-5.616262e-01,-1.205517e+00,-8.012835e-01,1.003164e+00
8.518225e-02,-3.906989e+00,-6.846034e-01,-3.067668e+00,1.467361e-01,2.913954e+00,8.000197e-01,-5.142841e-01,-1.221888e+00,-9.442219e-01,8.431915e-01
-1.924278e-01,-3.879146e+00,-8.901056e-01,-3.097740e+00,-7.454410e-03,2.879790e+00,6.739888e-01,-5.277854e-01,-1.321123e+00,-9.363829e-01,8.476403e-01
7.719723e-02,-3.850477e+00,-6.782181e-01,-3.096561e+00,2.136630e-01,2.934949e+00,9.278499e-01,-5.160486e-01,-1.199505e+00,-8.275939e-01,9.273945e-01
-1.789928e-02,-3.692971e+00,-8.152059e-01,-3.162776e+00,-5.826440e-04,2.989990e+00,8.044587e-01,-5.910435e-01,-1.317443e+00,-7.491086e-01,9.747280e-01
4.363211e-02,-3.553473e+00,-6.674669e-01,-3.155159e+00,1.387422e-01,3.049534e+00,8.600323e-01,-6.115655e-01,-1.294996e+00,-7.973257e-01,9.357407e-01
1.094755e-01,-3.709423e+00,-6.717808e-01,-2.983095e+00,1.399881e-01,3.043706e+00,8.075591e-01,-4.563459e-01,-1.225854e+00,-8.835523e-01,8.773031e-01
6.485515e-02,-3.852789e+00,-7.070653e-01,-3.128423e+00,1.736533e-01,2.784307e+00,7.872535e-01,-6.209692e-01,-1.302991e+00,-1.012697e+00,7.657039e-01
-2.052495e-01,-4.046783e+00,-1.043418e+00,-3.154486e+00,-1.211745e-01,2.793174e+00,6.058678e-01,-5.690471e-01,-1.444922e+00,-9.839838e-01,6.873710e-01
5.669612e-03,-3.852971e+00,-7.732927e-01,-3.085082e+00,3.126553e-02,3.002001e+00,6.794475e-01,-4.627656e-01,-1.362679e+00,-8.367584e-01,8.269044e-01
-4.225540e-02,-3.705724e+00,-7.462315e-01,-3.165713e+00,4.928186e-02,3.058957e+00,8.032020e-01,-5.839214e-01,-1.299503e+00,-7.836195e-01,9.427131e-01
-9.744528e-03,-3.829557e+00,-7.733364e-01,-3.238516e+00,-1.651754e-02,2.971745e+00,7.231411e-01,-6.319111e-01,-1.356848e+00,-8.511322e-01,8.924138e-01
1.454090e-01,-3.752865e+00,-6.759833e-01,-3.005235e+00,9.159286e-02,3.054681e+00,7.734689e-01,-4.278586e-01,-1.335644e+00,-8.006545e-01,8.246352e-01
3.054635e-02,-3.913444e+00,-7.819738e-01,-3.091371e+00,3.631850e-02,2.877501e+00,7.435387e-01,-5.419356e-01,-1.285128e+00,-8.791009e-01,8.726531e-01
-4.853340e-03,-3.955225e+00,-7.956271e-01,-3.088039e+00,-3.439585e-02,2.997875e+00,6.396684e-01,-3.862640e-01,-1.347269e+00,-8.042630e-01,8.278355e-01
-5.619622e-02,-3.941024e+00,-7.939887e-01,-3.157758e+00,-6.000047e-03,2.958635e+00,7.599452e-01,-5.733015e-01,-1.274597e+00,-9.064814e-01,8.382159e-01
-3.104734e-02,-3.913564e+00,-7.664595e-01,-3.218487e+00,-1.372026e-02,3.051453e+00,7.843830e-01,-5.278978e-01,-1.305828e+00,-6.711789e-01,9.386924e-01
-8.340428e-02,-3.653980e+00,-8.111838e-01,-3.100086e+00,4.751636e-02,2.976874e+00,8.790937e-01,-6.593905e-01,-1.341085e+00,-7.325773e-01,8.514458e-01
8.685805e-02,-3.733121e+00,-6.682469e-01,-3.061945e+00,8.961453e-02,2.989283e+00,8.816353e-01,-5.851258e-01,-1.217670e+00,-8.122934e-01,9.283914e-01
-7.303878e-02,-3.838211e+00,-7.609279e-01,-3.106959e+00,2.107885e-02,2.912323e+00,7.198703e-01,-5.465624e-01,-1.358267e+00,-8.657776e-01,8.206230e-01
-3.865034e-02,-4.051203e+00,-7.783059e-01,-3.171714e+00,-7.551507e-03,2.904596e+00,7.498219e-01,-5.370853e-01,-1.313403e+00,-8.702217e-01,8.280793e-01
-2.126300e-01,-3.975871e+00,-9.143568e-01,-3.187689e+00,-4.021041e-02,2.889656e+00,7.779372e-01,-6.071678e-01,-1.363662e+00,-8.371233e-01,7.886765e-01
-1.156913e-01,-3.855267e+00,-8.529067e-01,-3.168535e+00,-8.357146e-02,3.000622e+00,7.196008e-01,-5.885277e-01,-1.459205e+00,-7.962990e-01,6.887151e-01
-8.638474e-02,-3.831426e+00,-7.511346e-01,-3.131598e+00,-3.132533e-03,3.066704e+00,8.398575e-01,-5.374300e-01,-1.263374e+00,-7.459873e-01,9.501866e-01
-4.616914e-03,-3.752890e+00,-6.194780e-01,-3.112590e+00,1.668217e-01,2.938807e+00,9.349875e-01,-6.029861e-01,-1.220945e+00,-8.679106e-01,9.163321e-01
1.048140e-01,-3.825307e+00,-6.774199e-01,-2.995178e+00,3.084721e-02,3.003718e+00,7.834921e-01,-5.263745e-01,-1.330587e+00,-9.049549e-01,7.917016e-01
8.406774e-02,-3.786372e+00,-6.679367e-01,-3.023633e+00,9.549389e-02,2.961506e+00,8.433331e-01,-5.004988e-01,-1.353914e+00,-8.138220e-01,8.109293e-01
-3.143493e-02,-3.966340e+00,-7.625799e-01,-3.198503e+00,-5.178576e-02,2.979277e+00,7.257854e-01,-5.552175e-01,-1.373973e+00,-8.310930e-01,8.540822e-01
-1.175526e-01,-3.781180e+00,-7.394985e-01,-3.184860e+00,2.011423e-03,3.133331e+00,8.294617e-01,-5.347327e-01,-1.328846e+00,-6.810173e-01,9.824529e-01
-3.288438e-01,-3.917568e+00,-9.212269e-01,-3.329152e+00,-1.057419e-01,2.957961e+00,7.722033e-01,-6.980085e-01,-1.385236e+00,-8.497345e-01,8.463791e-01
-8.946951e-02,-3.758772e+00,-7.882117e-01,-3.024511e+00,6.723320e-02,2.972658e+00,8.977850e-01,-5.275501e-01,-1.243766e+00,-8.247208e-01,8.844921e-01
-2.399011e-02,-3.854290e+00,-7.503713e-01,-3.032678e+00,5.983763e-02,2.958521e+00,7.647136e-01,-4.728196e-01,-1.376898e+00,-8.949464e-01,7.579582e-01
4.829267e-02,-3.981901e+00,-7.092569e-01,-3.156627e+00,5.463096e-02,2.855820e+00,6.969577e-01,-5.858449e-01,-1.404192e+00,-1.020300e+00,6.954029e-01
-1.135219e-02,-3.816234e+00,-7.141926e-01,-3.164677e+00,1.891400e-02,2.951435e+00,7.258239e-01,-5.319210e-01,-1.406610e+00,-9.160287e-01,7.718415e-01
-7.083095e-02,-3.722051e+00,-7.612174e-01,-3.250112e+00,3.223102e-02,3.005752e+00,8.412063e-01,-6.971398e-01,-1.412724e+00,-8.566019e-01,8.103462e-01
-1.751821e-01,-3.792403e+00,-9.087046e-01,-3.214913e+00,-5.839721e-02,3.029529e+00,7.549587e-01,-5.979145e-01,-1.458711e+00,-7.459698e-01,8.307027e-01
-2.437744e-01,-4.034898e+00,-8.882207e-01,-3.248651e+00,8.009512e-03,2.906390e+00,7.895169e-01,-4.894934e-01,-1.260559e+00,-8.143615e-01,9.345691e-01
-1.653317e-01,-3.810348e+00,-7.993003e-01,-3.041061e+00,1.459194e-01,2.932185e+00,8.472593e-01,-4.644741e-01,-1.192580e+00,-9.320904e-01,8.719823e-01
-2.426575e-01,-4.005714e+00,-9.304974e-01,-3.232370e+00,-5.206997e-02,2.802265e+00,6.357431e-01,-5.309272e-01,-1.393609e+00,-9.065496e-01,8.048630e-01
1.261880e-01,-3.648384e+00,-6.751737e-01,-2.978396e+00,1.430568e-01,2.991014e+00,8.817255e-01,-5.359258e-01,-1.270517e+00,-8.873954e-01,8.612263e-01
-7.552330e-02,-3.745097e+00,-8.092546e-01,-3.206980e+00,2.687807e-03,3.049143e+00,7.729050e-01,-5.660069e-01,-1.373935e+00,-8.327319e-01,8.369788e-01
3.235587e-02,-3.679720e+00,-7.160303e-01,-3.207143e+00,3.695573e-02,3.080095e+00,7.505694e-01,-6.355033e-01,-1.399616e+00,-8.463390e-01,8.157751e-01
-9.721488e-02,-3.918402e+00,-8.614242e-01,-3.199740e+00,-4.750112e-02,2.883462e+00,5.935001e-01,-6.290627e-01,-1.450963e+00,-1.028818e+00,7.011033e-01
-3.076210e-01,-3.976179e+00,-1.023047e+00,-3.217375e+00,-6.007130e-02,2.729484e+00,6.830596e-01,-7.072528e-01,-1.334333e+00,-1.092940e+00,7.507774e-01
-1.583273e-01,-3.848583e+00,-9.093095e-01,-3.077995e+00,4.847852e-02,2.808398e+00,8.297456e-01,-6.649254e-01,-1.235085e+00,-1.031868e+00,7.980157e-01
1.091848e-01,-3.670569e+00,-6.400869e-01,-2.989527e+00,1.425652e-01,3.004684e+00,8.325373e-01,-5.225889e-01,-1.262565e+00,-8.686321e-01,8.819183e-01
7.186225e-02,-3.628862e+00,-6.822824e-01,-3.041507e+00,3.543169e-02,3.089783e+00,7.755447e-01,-6.197475e-01,-1.317612e+00,-8.404397e-01,9.074437e-01
-2.250663e-01,-3.726396e+00,-8.691426e-01,-3.213408e+00,-3.830986e-02,3.077595e+00,8.199400e-01,-6.093292e-01,-1.291729e+00,-7.175826e-01,9.666812e-01
-1.877920e-01,-3.786734e+00,-9.211850e-01,-3.095868e+00,-4.801234e-02,2.965461e+00,7.733968e-01,-5.621495e-01,-1.388037e+00,-8.114722e-01,8.038672e-01
-1.312116e-01,-3.927392e+00,-8.579885e-01,-3.092573e+00,-2.554180e-03,2.947467e+00,7.720910e-01,-4.669171e-01,-1.286033e+00,-7.661519e-01,8.864555e-01
-3.221129e-02,-3.911574e+00,-7.126156e-01,-3.083820e+00,1.054361e-01,2.962530e+00,8.219455e-01,-4.420559e-01,-1.225853e+00,-7.801609e-01,9.394541e-01
-2.670976e-02,-3.875697e+00,-7.514186e-01,-3.103691e+00,1.692287e-02,2.952298e+00,7.971718e-01,-5.490882e-01,-1.225992e+00,-8.180014e-01,9.762580e-01
-1.979126e-01,-3.885386e+00,-9.033626e-01,-3.303373e+00,-1.248944e-01,2.905533e+00,6.742842e-01,-6.841038e-01,-1.473870e+00,-7.579619e-01,8.140431e-01
6.343845e-03,-3.589776e+00,-7.174354e-01,-3.050446e+00,5.734863e-02,3.136121e+00,8.778364e-01,-5.660710e-01,-1.338533e+00,-6.817466e-01,8.977426e-01
6.957332e-02,-3.899877e+00,-6.467944e-01,-3.179505e+00,7.655740e-02,2.943928e+00,7.928989e-01,-5.763835e-01,-1.295295e+00,-8.378703e-01,9.183334e-01
-1.832294e-01,-3.962572e+00,-8.594970e-01,-3.179407e+00,-2.532427e-02,2.862372e+00,7.686878e-01,-6.037201e-01,-1.240682e+00,-8.905100e-01,9.375273e-01
-1.231885e-01,-3.729032e+00,-7.704399e-01,-2.967838e+00,1.153564e-01,3.005728e+00,9.713354e-01,-5.539383e-01,-1.100317e+00,-8.971951e-01,9.322389e-01
-7.452158e-02,-3.781275e+00,-7.687407e-01,-3.070539e+00,5.338018e-02,2.990132e+00,8.754124e-01,-5.744007e-01,-1.305157e+00,-8.107143e-01,9.013332e-01
-9.113046e-02,-3.765037e+00,-7.932942e-01,-3.231527e+00,-5.118159e-02,3.049405e+00,8.429887e-01,-6.974926e-01,-1.306415e+00,-8.202652e-01,8.481748e-01
7.322253e-02,-3.663642e+00,-5.871315e-01,-3.188060e+00,1.030901e-01,3.024280e+00,8.607219e-01,-6.638261e-01,-1.362634e+00,-7.846566e-01,8.748042e-01
-9.065654e-02,-3.882264e+00,-7.592614e-01,-3.076719e+00,3.872875e-02,3.003968e+00,8.241191e-01,-5.007738e-01,-1.222257e+00,-8.519420e-01,9.049502e-01
-3.869786e-02,-3.864873e+00,-7.780738e-01,-3.008440e+00,5.649140e-03,2.986735e+00,7.336629e-01,-3.937970e-01,-1.321108e+00,-7.369159e-01,8.930411e-01
-3.336644e-02,-3.858440e+00,-7.351679e-01,-2.995271e+00,1.403466e-01,3.048422e+00,9.608814e-01,-3.028162e-01,-1.150111e+00,-6.346444e-01,1.037318e+00
-3.552609e-01,-3.969009e+00,-9.743426e-01,-3.245574e+00,-1.188343e-01,2.853014e+00,7.256783e-01,-6.789589e-01,-1.370065e+00,-9.753717e-01,8.535209e-01
-1.298121e-01,-3.874660e+00,-7.704827e-01,-3.262307e+00,-4.032739e-02,2.965088e+00,7.166442e-01,-6.093630e-01,-1.443709e+00,-8.583623e-01,9.126151e-01
9.690354e-03,-3.659125e+00,-6.570829e-01,-3.114338e+00,1.186465e-01,3.041486e+00,9.241873e-01,-5.925658e-01,-1.268501e+00,-7.991832e-01,9.446820e-01
-5.222905e-02,-3.752066e+00,-8.468839e-01,-3.069541e+00,-4.606681e-02,2.880025e+00,6.709662e-01,-6.161530e-01,-1.509656e+00,-9.330051e-01,6.942332e-01
-9.909492e-02,-3.846446e+00,-8.372040e-01,-3.123550e+00,-2.782364e-03,2.806029e+00,7.074484e-01,-6.157583e-01,-1.338340e+00,-9.569769e-01,8.213912e-01
-1.323450e-01,-3.782788e+00,-8.101083e-01,-3.041318e+00,4.681896e-02,2.943838e+00,7.538558e-01,-5.106920e-01,-1.315466e+00,-9.696337e-01,7.786398e-01
-2.546964e-01,-3.948702e+00,-9.307628e-01,-3.260262e+00,-9.342094e-02,2.908068e+00,6.388777e-01,-5.651160e-01,-1.455282e+00,-8.965203e-01,7.627983e-01
-1.662066e-01,-3.745964e+00,-8.537110e-01,-3.149856e+00,5.678357e-02,2.992907e+00,9.136026e-01,-6.230649e-01,-1.203013e+00,-8.490160e-01,9.544004e-01
-8.788111e-02,-3.687846e+00,-7.697712e-01,-3.067073e+00,1.395950e-01,2.986809e+00,8.914086e-01,-5.155050e-01,-1.240936e+00,-8.083798e-01,9.458827e-01
9.166243e-04,-3.750154e+00,-6.951470e-01,-2.985745e+00,1.766911e-01,3.093702e+00,9.068984e-01,-4.415339e-01,-1.167211e+00,-8.923761e-01,9.101299e-01
2.114750e-02,-3.720053e+00,-7.510578e-01,-2.992682e+00,7.379924e-02,3.004921e+00,6.875961e-01,-4.302671e-01,-1.334980e+00,-8.643676e-01,8.145411e-01
1.635870e-01,-3.726925e+00,-6.660986e-01,-2.931169e+00,1.361279e-01,3.039242e+00,7.602431e-01,-3.912678e-01,-1.233196e+00,-8.371553e-01,8.717978e-01
7.960857e-02,-3.779879e+00,-7.632292e-01,-2.949562e+00,1.087595e-01,3.017758e+00,8.189513e-01,-3.378039e-01,-1.237030e+00,-7.069575e-01,9.311754e-01
-2.207132e-01,-3.900352e+00,-9.220596e-01,-3.236734e+00,-2.273890e-02,2.897891e+00,7.741962e-01,-5.997538e-01,-1.276934e+00,-8.767848e-01,8.894776e-01
-1.282135e-01,-3.810105e+00,-8.235637e-01,-3.230927e+00,-2.748072e-02,3.069691e+00,8.070128e-01,-5.536462e-01,-1.275911e+00,-7.194889e-01,9.871587e-01
-1.579749e-01,-3.868390e+00,-8.249392e-01,-3.132989e+00,5.982073e-02,2.927447e+00,7.803122e-01,-4.900920e-01,-1.287954e+00,-8.271271e-01,8.603470e-01
-3.668967e-02,-3.704148e+00,-7.770364e-01,-2.962852e+00,1.393667e-01,2.888731e+00,8.779856e-01,-5.222990e-01,-1.202618e+00,-8.137529e-01,8.750020e-01
5.171892e-02,-3.728535e+00,-7.111538e-01,-2.965691e+00,1.531218e-01,2.915904e+00,8.743055e-01,-4.918769e-01,-1.228461e+00,-8.190916e-01,8.749956e-01
-6.786181e-02,-3.832600e+00,-7.781028e-01,-3.114494e+00,2.756025e-02,2.920273e+00,7.859558e-01,-5.491927e-01,-1.266644e+00,-8.121806e-01,8.727678e-01
-1.020413e-02,-3.821028e+00,-7.515750e-01,-3.146806e+00,-3.825166e-02,3.062048e+00,7.050054e-01,-5.365523e-01,-1.387371e+00,-7.840350e-01,8.157364e-01
-1.109323e-01,-3.710801e+00,-7.701652e-01,-3.191753e+00,4.069711e-02,3.103764e+00,8.968774e-01,-6.037801e-01,-1.302088e+00,-7.251666e-01,8.652847e-01
-1.602246e-01,-3.932128e+00,-9.346922e-01,-3.123527e+00,-7.148662e-02,2.836789e+00,7.806324e-01,-6.858079e-01,-1.327859e+00,-9.616949e-01,8.120623e-01
4.790078e-03,-3.864872e+00,-7.154942e-01,-3.059905e+00,1.137658e-01,2.945086e+00,8.321987e-01,-4.884353e-01,-1.204486e+00,-8.380421e-01,8.846482e-01
-1.830261e-01,-3.845613e+00,-8.452022e-01,-3.127810e+00,1.460160e-02,2.833793e+00,8.051346e-01,-6.258531e-01,-1.229883e+00,-9.261790e-01,8.732712e-01
5.216781e-02,-3.542380e+00,-6.420187e-01,-2.882901e+00,1.206074e-01,3.117166e+00,8.715823e-01,-4.610311e-01,-1.252134e+00,-7.792783e-01,8.781529e-01
-8.444205e-02,-3.753089e+00,-8.161748e-01,-3.177147e+00,-3.867416e-02,2.977403e+00,7.903469e-01,-7.011380e-01,-1.355608e+00,-8.061967e-01,8.285942e-01
-1.350437e-02,-3.747535e+00,-7.750757e-01,-3.121502e+00,-5.381796e-02,3.119192e+00,8.048000e-01,-6.156622e-01,-1.331345e+00,-6.825790e-01,9.240082e-01
-2.049360e-01,-3.961030e+00,-8.404759e-01,-3.196899e+00,-5.799315e-02,2.870376e+00,7.126983e-01,-5.998908e-01,-1.395668e+00,-9.352087e-01,7.938457e-01
-3.091229e-01,-3.863245e+00,-9.675410e-01,-3.085973e+00,-1.381193e-01,2.875294e+00,7.146453e-01,-6.381741e-01,-1.273569e+00,-1.010098e+00,9.103252e-01
-2.272469e-02,-3.756581e+00,-6.759813e-01,-2.965541e+00,1.439342e-01,3.037381e+00,9.057284e-01,-4.196301e-01,-1.249152e+00,-8.305540e-01,8.650720e-01
-1.029291e-01,-3.789818e+00,-8.258173e-01,-3.082280e+00,3.795091e-02,2.896523e+00,8.993531e-01,-5.990306e-01,-1.297029e+00,-8.412525e-01,8.691762e-01
3.025609e-02,-3.713522e+00,-6.588029e-01,-3.180361e+00,8.904026e-03,3.033054e+00,7.827574e-01,-6.440482e-01,-1.485170e+00,-8.163464e-01,8.022553e-01
-1.590363e-01,-3.648761e+00,-7.495251e-01,-3.079670e+00,6.745788e-02,3.124356e+00,9.253272e-01,-4.833838e-01,-1.189373e+00,-6.923898e-01,1.052901e+00
-1.727733e-01,-3.804846e+00,-8.410723e-01,-3.046454e+00,-1.702124e-02,2.955904e+00,7.728918e-01,-5.017700e-01,-1.278248e+00,-8.282298e-01,9.191054e-01
-2.083767e-01,-3.866842e+00,-8.616847e-01,-3.095185e+00,8.147292e-02,2.834620e+00,8.677972e-01,-5.799951e-01,-1.266721e+00,-9.374461e-01,8.295822e-01
-9.283341e-02,-3.788856e+00,-7.954148e-01,-2.979785e+00,6.855406e-02,3.008778e+00,8.444470e-01,-4.586077e-01,-1.257830e+00,-8.602606e-01,8.766403e-01
-6.023374e-02,-3.846261e+00,-7.868784e-01,-3.095216e+00,-4.530934e-02,3.035700e+00,6.709706e-01,-4.371266e-01,-1.393651e+00,-8.269484e-01,8.495874e-01
3.281560e-02,-3.448847e+00,-6.294180e-01,-3.068762e+00,1.476037e-01,3.217692e+00,9.332342e-01,-5.699775e-01,-1.273886e+00,-7.865413e-01,9.488938e-01
-1.566746e-01,-3.700215e+00,-8.433999e-01,-3.187843e+00,3.551021e-02,2.880201e+00,8.432782e-01,-6.831974e-01,-1.250105e+00,-9.466231e-01,8.514192e-01
-9.617503e-02,-3.767293e+00,-8.405388e-01,-3.080898e+00,5.790885e-02,2.950721e+00,8.426873e-01,-5.002629e-01,-1.265716e+00,-8.314549e-01,8.943198e-01
-2.160089e-01,-3.968594e+00,-9.504692e-01,-3.089974e+00,-8.171441e-02,2.970375e+00,6.356391e-01,-4.237350e-01,-1.368870e+00,-8.653233e-01,7.801677e-01
-1.104783e-01,-3.921714e+00,-8.321290e-01,-3.062811e+00,1.182537e-02,3.015496e+00,6.597256e-01,-3.461060e-01,-1.339006e+00,-8.695809e-01,8.328043e-01
-1.986415e-01,-3.928345e+00,-9.384156e-01,-3.141657e+00,-1.054052e-01,2.941619e+00,5.797100e-01,-5.456345e-01,-1.435235e+00,-9.860171e-01,7.251628e-01
-2.891810e-01,-3.809360e+00,-9.699339e-01,-3.222742e+00,-5.379422e-02,2.937466e+00,7.684652e-01,-5.967764e-01,-1.395540e+00,-7.700942e-01,8.668156e-01
7.464996e-02,-3.581907e+00,-6.604577e-01,-3.163398e+00,1.411946e-01,3.081993e+00,9.726555e-01,-6.410664e-01,-1.203260e+00,-7.011178e-01,1.103112e+00
-4.354958e-02,-3.835282e+00,-7.656050e-01,-3.245497e+00,4.470682e-02,2.815029e+00,7.371653e-01,-6.526361e-01,-1.331317e+00,-9.027440e-01,8.782437e-01
-2.866668e-02,-3.779315e+00,-7.330760e-01,-3.039789e+00,1.401488e-01,2.940029e+00,8.016575e-01,-4.557442e-01,-1.243159e+00,-8.637118e-01,8.486559e-01
-4.459982e-03,-3.998743e+00,-7.848200e-01,-3.109972e+00,6.613877e-02,2.883445e+00,7.528436e-01,-4.778018e-01,-1.315420e+00,-8.375901e-01,7.859972e-01
-6.517125e-02,-3.856921e+00,-8.387996e-01,-3.074696e+00,3.413581e-02,2.933311e+00,7.805335e-01,-4.599837e-01,-1.357761e+00,-7.571199e-01,8.162355e-01
-2.488965e-01,-3.903036e+00,-9.429539e-01,-3.287882e+00,-1.120267e-01,2.869520e+00,7.022563e-01,-7.252086e-01,-1.332836e+00,-9.021674e-01,9.072785e-01
-1.937542e-04,-3.591199e+00,-6.746542e-01,-3.161193e+00,5.691697e-02,3.137605e+00,8.403254e-01,-6.015264e-01,-1.336246e+00,-7.331200e-01,9.425862e-01
-9.380529e-02,-3.852229e+00,-8.380062e-01,-3.151279e+00,-4.800551e-02,2.943874e+00,7.171360e-01,-5.660954e-01,-1.302488e+00,-8.214663e-01,9.376913e-01
9.543155e-02,-3.677570e+00,-7.503812e-01,-2.822296e+00,4.516743e-02,3.120475e+00,8.164994e-01,-3.593523e-01,-1.189620e+00,-7.279467e-01,9.467322e-01
-1.132374e-01,-3.787692e+00,-7.852092e-01,-3.058295e+00,1.179193e-01,2.895102e+00,8.967392e-01,-5.372638e-01,-1.179317e+00,-8.008314e-01,9.043477e-01
-1.830401e-01,-3.844279e+00,-8.414378e-01,-3.111615e+00,2.988087e-02,2.974096e+00,8.883700e-01,-5.808711e-01,-1.140086e+00,-8.466825e-01,9.640942e-01
-9.671970e-02,-3.705451e+00,-7.628377e-01,-3.047763e+00,2.014081e-02,3.079236e+00,7.810052e-01,-5.498297e-01,-1.331931e+00,-8.259611e-01,8.340097e-01
-1.534754e-01,-3.722397e+00,-8.729451e-01,-3.085438e+00,-5.834762e-02,2.972978e+00,7.393114e-01,-6.718708e-01,-1.372020e+00,-9.152534e-01,6.884920e-01
-1.395303e-01,-3.715227e+00,-8.720926e-01,-3.039179e+00,-3.104090e-02,2.947016e+00,7.909277e-01,-6.475039e-01,-1.348573e+00,-8.800058e-01,8.289744e-01
1.075035e-01,-3.756534e+00,-6.548174e-01,-2.988728e+00,7.986253e-02,2.966831e+00,7.272122e-01,-5.216845e-01,-1.356236e+00,-8.708996e-01,7.811942e-01
-5.006434e-02,-3.891507e+00,-7.365519e-01,-3.022393e+00,6.145604e-02,3.043812e+00,8.121920e-01,-4.717050e-01,-1.261068e+00,-8.521042e-01,8.432757e-01
-2.521518e-01,-3.789287e+00,-8.300885e-01,-3.145137e+00,2.849863e-02,2.972930e+00,8.617415e-01,-5.832047e-01,-1.278310e+00,-8.134008e-01,9.000208e-01
-2.119751e-01,-3.730837e+00,-9.175298e-01,-3.156138e+00,-1.139341e-01,3.028617e+00,7.977724e-01,-6.483141e-01,-1.409659e+00,-7.149241e-01,8.758983e-01
-2.137663e-01,-3.648396e+00,-7.671361e-01,-3.058723e+00,1.310647e-01,3.084794e+00,1.020090e+00,-5.931126e-01,-1.196840e+00,-7.107187e-01,9.948427e-01
-4.207602e-01,-3.821472e+00,-9.730376e-01,-3.203958e+00,-8.616691e-02,2.868614e+00,8.028531e-01,-6.374762e-01,-1.271566e+00,-8.321884e-01,9.589537e-01
-1.391413e-01,-3.949169e+00,-8.315089e-01,-3.131844e+00,-6.090635e-02,2.928302e+00,6.955960e-01,-4.834417e-01,-1.330219e+00,-8.154978e-01,9.227727e-01
-1.011548e-01,-3.659290e+00,-7.801315e-01,-2.986883e+00,7.439830e-02,2.905818e+00,8.383490e-01,-5.647865e-01,-1.264879e+00,-8.734212e-01,8.875408e-01
2.160315e-02,-3.651783e+00,-7.306930e-01,-2.932247e+00,1.077806e-01,3.015721e+00,8.956583e-01,-5.134302e-01,-1.220280e+00,-8.325317e-01,8.952645e-01
-1.885220e-01,-3.741613e+00,-8.432683e-01,-3.200028e+00,-7.458713e-02,3.035409e+00,7.181552e-01,-6.033126e-01,-1.427532e+00,-8.209029e-01,8.222478e-01
-1.187485e-01,-3.574170e+00,-7.486258e-01,-3.080504e+00,7.274529e-02,3.096049e+00,8.898857e-01,-6.234912e-01,-1.289473e+00,-8.349252e-01,8.766083e-01
-2.935816e-01,-4.047104e+00,-9.767991e-01,-3.288960e+00,-1.575415e-01,2.848065e+00,5.659107e-01,-6.117119e-01,-1.514032e+00,-9.455535e-01,7.169501e-01
4.032190e-02,-3.704937e+00,-7.483969e-01,-2.916243e+00,1.118729e-01,2.930515e+00,8.075611e-01,-4.990285e-01,-1.261274e+00,-9.025055e-01,8.430917e-01
6.121071e-02,-3.758356e+00,-7.236622e-01,-2.928513e+00,1.107308e-01,3.025755e+00,8.059189e-01,-4.010704e-01,-1.227183e+00,-9.039504e-01,8.829054e-01
-1.678913e-01,-3.647833e+00,-7.916632e-01,-3.055368e+00,1.024373e-01,2.923895e+00,8.241022e-01,-5.802453e-01,-1.304683e+00,-9.529251e-01,8.044041e-01
-6.221281e-02,-3.508015e+00,-7.864860e-01,-3.065860e+00,3.116761e-02,3.023735e+00,7.914771e-01,-6.808005e-01,-1.293987e+00,-9.479923e-01,8.745673e-01
-5.060971e-02,-3.569680e+00,-7.445469e-01,-3.076244e+00,1.242991e-01,3.023326e+00,8.764700e-01,-5.628760e-01,-1.313821e+00,-8.816279e-01,8.610343e-01
-6.108583e-02,-3.580090e+00,-7.619690e-01,-2.939278e+00,1.480024e-01,3.051670e+00,9.260478e-01,-5.127248e-01,-1.261190e+00,-8.353478e-01,8.598564e-01
-4.740916e-01,-4.048574e+00,-1.072510e+00,-3.309059e+00,-5.342494e-02,2.655085e+00,7.168199e-01,-6.685443e-01,-1.285631e+00,-1.002085e+00,8.305971e-01
5.184514e-02,-3.628329e+00,-6.305749e-01,-2.840618e+00,2.604570e-01,3.107971e+00,9.284321e-01,-3.260181e-01,-1.152483e+00,-8.003014e-01,8.831877e-01
-1.042641e-01,-3.819816e+00,-8.626327e-01,-3.180382e+00,-2.365255e-02,2.792511e+00,6.443365e-01,-7.303058e-01,-1.436816e+00,-1.030255e+00,6.605291e-01
-1.768309e-01,-3.567616e+00,-9.411454e-01,-3.040118e+00,-6.202339e-02,2.946474e+00,7.386367e-01,-6.603360e-01,-1.405951e+00,-8.812950e-01,8.188828e-01
-1.511223e-02,-3.516688e+00,-7.075161e-01,-3.002535e+00,1.482001e-01,3.170372e+00,9.661962e-01,-4.998358e-01,-1.186511e+00,-7.500809e-01,9.244433e-01
-1.105299e-01,-3.751770e+00,-8.105922e-01,-3.100130e+00,1.969673e-02,2.925113e+00,7.136777e-01,-6.060775e-01,-1.353193e+00,-9.794272e-01,7.863769e-01
-3.400249e-01,-3.929011e+00,-1.025928e+00,-3.115979e+00,-9.784653e-02,2.849904e+00,6.496553e-01,-5.931727e-01,-1.336597e+00,-1.030329e+00,7.334244e-01
-2.884811e-01,-3.821912e+00,-9.891600e-01,-3.101121e+00,-7.905406e-02,2.778570e+00,6.610900e-01,-6.869259e-01,-1.402692e+00,-1.003421e+00,7.171353e-01
4.049793e-02,-3.529474e+00,-6.684695e-01,-2.887581e+00,1.912565e-01,3.055716e+00,9.545319e-01,-5.437842e-01,-1.217218e+00,-8.476487e-01,8.377844e-01
-1.226005e-01,-3.620819e+00,-7.523575e-01,-3.059440e+00,1.028294e-01,2.959693e+00,8.705533e-01,-6.433893e-01,-1.259935e+00,-9.036983e-01,8.354044e-01
4.650290e-02,-3.669894e+00,-5.823397e-01,-3.164234e+00,2.123491e-01,3.032443e+00,1.037502e+00,-6.326172e-01,-1.151798e+00,-7.753892e-01,1.002676e+00
7.333628e-02,-3.558508e+00,-6.668906e-01,-2.884291e+00,8.184558e-02,3.068015e+00,8.346120e-01,-5.802241e-01,-1.268207e+00,-8.753079e-01,8.809593e-01
-3.354683e-01,-4.039294e+00,-1.038814e+00,-3.137869e+00,-1.003119e-01,2.824378e+00,7.251372e-01,-4.850354e-01,-1.407535e+00,-7.924985e-01,7.087629e-01
-3.274135e-02,-3.671425e+00,-7.227431e-01,-2.906259e+00,8.835848e-02,3.032295e+00,8.220636e-01,-4.769299e-01,-1.310840e+00,-8.301786e-01,8.598724e-01
-1.744828e-01,-3.924443e+00,-8.635077e-01,-3.118274e+00,-6.645826e-02,2.996747e+00,7.502522e-01,-4.585598e-01,-1.242466e+00,-6.917982e-01,9.757744e-01
-8.906866e-02,-3.581377e+00,-7.473780e-01,-3.131978e+00,2.062585e-02,3.026215e+00,8.521530e-01,-6.712255e-01,-1.271791e+00,-7.096677e-01,1.000497e+00
-3.596753e-03,-3.620010e+00,-7.740850e-01,-3.033619e+00,-1.794416e-02,3.033289e+00,8.509062e-01,-6.656856e-01,-1.326271e+00,-7.785966e-01,8.267334e-01
2.864805e-02,-3.644395e+00,-6.655506e-01,-2.906317e+00,1.512870e-01,3.116869e+00,9.277664e-01,-3.732622e-01,-1.242710e+00,-6.647157e-01,9.323944e-01
-1.454864e-02,-3.604300e+00,-6.609616e-01,-2.895160e+00,1.222528e-01,3.069938e+00,8.355743e-01,-4.455867e-01,-1.310470e+00,-8.393839e-01,7.869212e-01
-5.684250e-02,-3.716018e+00,-7.245831e-01,-2.943660e+00,6.823181e-02,3.065468e+00,8.407474e-01,-3.742803e-01,-1.217557e+00,-7.525817e-01,9.391022e-01
5.768642e-02,-3.647399e+00,-5.650140e-01,-2.923188e+00,2.677961e-01,3.094132e+00,1.022850e+00,-4.304918e-01,-1.183585e+00,-7.996839e-01,9.394874e-01
-2.795649e-01,-3.695977e+00,-9.389117e-01,-3.071635e+00,-3.165483e-02,3.044676e+00,8.846024e-01,-6.147388e-01,-1.316612e+00,-8.495340e-01,7.963810e-01
1.178961e-01,-3.492461e+00,-5.595125e-01,-3.040349e+00,1.542032e-01,3.082888e+00,8.756197e-01,-6.507454e-01,-1.420235e+00,-9.083288e-01,7.091952e-01
-1.997995e-01,-3.707928e+00,-8.922943e-01,-3.070041e+00,-6.687371e-02,2.896626e+00,7.064347e-01,-6.939608e-01,-1.357778e+00,-1.096948e+00,7.008909e-01
-1.537516e-01,-3.720285e+00,-8.145966e-01,-3.028232e+00,9.619985e-03,2.873794e+00,7.038673e-01,-5.664803e-01,-1.363053e+00,-9.759114e-01,7.973141e-01
-1.013000e-01,-3.620934e+00,-7.963378e-01,-2.845942e+00,1.443572e-01,2.999297e+00,8.547405e-01,-4.335446e-01,-1.227696e+00,-8.943686e-01,8.135846e-01
-3.185801e-01,-4.031926e+00,-1.008935e+00,-3.196492e+00,-1.035939e-01,2.796262e+00,6.422418e-01,-6.228753e-01,-1.427290e+00,-1.060973e+00,7.032813e-01
-2.723200e-01,-3.651487e+00,-8.754971e-01,-3.243333e+00,1.491655e-04,3.069273e+00,8.449802e-01,-6.296836e-01,-1.327806e+00,-7.726467e-01,9.640012e-01
-9.025130e-02,-3.492408e+00,-6.884649e-01,-3.026387e+00,1.844291e-01,3.088124e+00,9.794115e-01,-6.053829e-01,-1.211014e+00,-9.050469e-01,9.187803e-01
-1.583579e-01,-3.808916e+00,-8.068296e-01,-3.127790e+00,8.716129e-02,3.005176e+00,8.177960e-01,-4.540189e-01,-1.327565e+00,-7.724100e-01,8.869192e-01
-5.647809e-02,-3.510462e+00,-8.216570e-01,-2.838776e+00,1.291677e-01,2.938691e+00,8.784915e-01,-5.548993e-01,-1.268793e+00,-9.706113e-01,8.338163e-01
-1.791627e-01,-3.716765e+00,-8.424972e-01,-3.064264e+00,9.277220e-02,2.759400e+00,7.582118e-01,-6.693207e-01,-1.328869e+00,-1.101139e+00,7.194298e-01
-1.941254e-01,-3.600575e+00,-8.304974e-01,-2.974251e+00,8.723766e-02,2.983531e+00,8.044016e-01,-5.326848e-01,-1.277923e+00,-9.975671e-01,8.095758e-01
-2.021176e-01,-3.910189e+00,-8.585826e-01,-3.262222e+00,-2.765698e-02,2.847542e+00,6.717370e-01,-6.406099e-01,-1.506059e+00,-9.894837e-01,6.645190e-01
-9.631612e-02,-3.526445e+00,-7.881787e-01,-3.022230e+00,1.228091e-01,3.087331e+00,9.659744e-01,-5.028334e-01,-1.222583e+00,-7.428106e-01,9.670102e-01
-6.126210e-02,-3.623331e+00,-7.926823e-01,-2.988656e+00,1.129650e-01,2.972161e+00,8.451065e-01,-5.366664e-01,-1.243183e+00,-8.485574e-01,8.626367e-01
-5.852286e-02,-3.676814e+00,-7.460339e-01,-2.947230e+00,1.414844e-01,2.917460e+00,7.949844e-01,-5.104832e-01,-1.226018e+00,-9.455858e-01,8.785761e-01
7.112327e-02,-3.569007e+00,-6.802504e-01,-2.902880e+00,9.400273e-02,2.994368e+00,6.883996e-01,-4.441276e-01,-1.384923e+00,-8.556314e-01,7.643831e-01
1.310934e-01,-3.520859e+00,-6.080559e-01,-2.818187e+00,2.214559e-01,3.118128e+00,8.809507e-01,-3.774455e-01,-1.227301e+00,-7.705070e-01,8.184342e-01
5.157006e-02,-3.460742e+00,-6.685161e-01,-2.843314e+00,2.327903e-01,3.120383e+00,1.010826e+00,-4.649307e-01,-1.137862e+00,-6.919651e-01,9.421802e-01
1.372917e-01,-3.500061e+00,-5.895615e-01,-2.928505e+00,1.579864e-01,3.132927e+00,8.997148e-01,-4.909952e-01,-1.268007e+00,-7.707889e-01,9.006606e-01
-4.418925e-01,-4.021123e+00,-1.060166e+00,-3.345006e+00,-1.608222e-01,2.789390e+00,7.018660e-01,-6.469110e-01,-1.288840e+00,-8.506467e-01,9.519863e-01
-1.382755e-01,-3.753385e+00,-8.246769e-01,-2.978473e+00,1.474106e-02,3.044591e+00,8.044656e-01,-4.679163e-01,-1.254476e+00,-8.303742e-01,8.536223e-01
1.853404e-02,-3.528938e+00,-6.854120e-01,-2.862809e+00,2.204739e-01,2.962124e+00,1.013347e+00,-4.910167e-01,-1.131292e+00,-7.597316e-01,9.465047e-01
-9.687480e-02,-3.503156e+00,-7.879691e-01,-2.911710e+00,7.275999e-02,2.993017e+00,8.669021e-01,-6.242616e-01,-1.284381e+00,-8.596563e-01,7.914845e-01
2.077932e-02,-3.629500e+00,-6.421179e-01,-3.014069e+00,1.461217e-01,3.024858e+00,8.675589e-01,-5.790210e-01,-1.303953e+00,-8.295055e-01,7.767781e-01
-2.746882e-01,-3.769437e+00,-8.341113e-01,-3.200941e+00,5.522301e-02,3.015009e+00,9.180928e-01,-6.500095e-01,-1.241766e+00,-7.814639e-01,8.722927e-01
-3.260175e-02,-3.620557e+00,-7.148635e-01,-2.887513e+00,1.671591e-01,3.044717e+00,9.350688e-01,-5.679874e-01,-1.214992e+00,-9.136254e-01,7.706811e-01
-9.079495e-02,-3.685295e+00,-8.078129e-01,-2.901429e+00,1.112516e-01,2.938480e+00,8.783348e-01,-5.403642e-01,-1.280887e+00,-9.434965e-01,7.368818e-01
-1.486690e-02,-3.800087e+00,-7.579155e-01,-2.996174e+00,-8.299641e-05,3.030397e+00,7.461295e-01,-5.115574e-01,-1.341716e+00,-8.521631e-01,7.454791e-01
7.409531e-04,-3.631854e+00,-7.237699e-01,-2.974213e+00,-5.713037e-02,3.103559e+00,6.379323e-01,-4.896965e-01,-1.482867e+00,-8.259980e-01,7.241975e-01
-2.176564e-01,-3.649780e+00,-8.374976e-01,-3.115701e+00,-3.935033e-02,2.914873e+00,7.640982e-01,-7.502490e-01,-1.415577e+00,-9.994406e-01,7.178993e-01
1.081629e-02,-3.464663e+00,-6.321379e-01,-2.839156e+00,1.784920e-01,3.299463e+00,1.003290e+00,-4.319946e-01,-1.304924e+00,-7.690177e-01,8.818930e-01
-2.598506e-01,-3.762628e+00,-8.702731e-01,-3.105369e+00,2.801772e-02,2.887761e+00,8.539511e-01,-6.394737e-01,-1.269168e+00,-9.060743e-01,8.447994e-01
-1.420113e-01,-3.759757e+00,-7.600784e-01,-2.931679e+00,1.144010e-01,3.116042e+00,8.758391e-01,-3.596003e-01,-1.231998e+00,-7.799665e-01,8.623385e-01
-3.077242e-01,-3.719381e+00,-9.061212e-01,-3.049066e+00,3.793562e-03,2.908574e+00,7.888336e-01,-5.572854e-01,-1.257964e+00,-9.068711e-01,8.630395e-01
-7.478905e-02,-3.542301e+00,-7.836657e-01,-2.910108e+00,6.510826e-02,2.919869e+00,8.346632e-01,-6.742038e-01,-1.275322e+00,-1.046615e+00,7.701118e-01
-1.463191e-01,-3.542604e+00,-8.234772e-01,-3.162523e+00,4.636316e-03,2.914160e+00,8.677300e-01,-6.906897e-01,-1.340314e+00,-7.524657e-01,1.004077e+00
-3.363932e-01,-3.770248e+00,-9.545407e-01,-3.300538e+00,-7.725955e-02,2.870015e+00,7.841326e-01,-7.765877e-01,-1.341315e+00,-9.283159e-01,8.618257e-01
-1.248148e-01,-3.589289e+00,-7.350969e-01,-2.894434e+00,1.856987e-01,3.063364e+00,9.433771e-01,-4.056813e-01,-1.132606e+00,-8.260845e-01,8.942564e-01
-2.008776e-01,-3.650540e+00,-7.984638e-01,-2.896843e+00,2.378462e-01,3.061795e+00,1.002906e+00,-3.459018e-01,-1.044548e+00,-7.647956e-01,9.761180e-01
-2.898164e-01,-3.926175e+00,-9.970589e-01,-3.093459e+00,7.349632e-03,2.813998e+00,7.688207e-01,-5.162466e-01,-1.326808e+00,-8.814890e-01,8.084135e-01
6.252499e-02,-3.577803e+00,-6.420355e-01,-2.902404e+00,2.351858e-01,2.984208e+00,8.519754e-01,-4.690287e-01,-1.266517e+00,-9.023098e-01,8.088166e-01
-1.758988e-02,-3.539634e+00,-7.542798e-01,-2.974459e+00,1.634047e-02,2.997008e+00,7.372896e-01,-6.265605e-01,-1.347786e+00,-1.037645e+00,7.856953e-01
-3.481495e-01,-3.730498e+00,-9.585179e-01,-3.335822e+00,-9.905472e-02,2.965900e+00,7.598702e-01,-7.066540e-01,-1.362981e+00,-8.189038e-01,9.863895e-01
9.902292e-02,-3.513657e+00,-6.605061e-01,-2.924651e+00,2.076722e-01,3.011569e+00,9.034953e-01,-5.365437e-01,-1.197106e+00,-8.813017e-01,8.741144e-01
1.380167e-03,-3.808362e+00,-8.120593e-01,-3.009457e+00,6.226891e-02,2.897515e+00,7.517639e-01,-4.731635e-01,-1.298911e+00,-9.182399e-01,7.477025e-01
-6.747553e-02,-3.700890e+00,-8.158326e-01,-2.967436e+00,8.981105e-03,2.874220e+00,6.438743e-01,-5.945182e-01,-1.379909e+00,-1.101831e+00,7.147991e-01
-1.147121e-01,-3.728296e+00,-8.121868e-01,-2.992856e+00,8.080207e-02,3.041237e+00,7.961253e-01,-4.778261e-01,-1.227230e+00,-8.413282e-01,8.851502e-01
-1.410059e-01,-3.645789e+00,-8.089968e-01,-3.024457e+00,7.146603e-02,3.111038e+00,8.747227e-01,-4.764574e-01,-1.218836e+00,-7.816135e-01,9.239659e-01
-1.683430e-01,-3.702829e+00,-9.376430e-01,-3.055597e+00,-4.617540e-02,2.858264e+00,7.898775e-01,-6.737629e-01,-1.305283e+00,-9.380289e-01,7.950843e-01
1.407386e-01,-3.476757e+00,-5.890648e-01,-2.829334e+00,2.249577e-01,3.011149e+00,8.506402e-01,-4.814378e-01,-1.286888e+00,-8.709716e-01,8.102482e-01
-4.807866e-02,-3.704236e+00,-7.173557e-01,-2.994662e+00,1.277302e-01,2.973268e+00,8.221257e-01,-4.610624e-01,-1.220853e+00,-7.887170e-01,9.267527e-01
-2.226073e-01,-3.868137e+00,-9.161739e-01,-3.058596e+00,-5.632056e-02,2.883493e+00,7.262008e-01,-5.418385e-01,-1.242412e+00,-8.506450e-01,9.178377e-01
-1.159828e-01,-3.577720e+00,-8.354858e-01,-2.937571e+00,-1.166037e-02,2.995378e+00,7.447353e-01,-5.606460e-01,-1.363949e+00,-7.972887e-01,8.444868e-01
-2.248352e-01,-3.622645e+00,-8.744944e-01,-2.884892e+00,9.981274e-02,3.092147e+00,9.925433e-01,-5.037576e-01,-1.142774e+00,-7.586607e-01,8.952525e-01
1.671971e-02,-3.471328e+00,-6.199992e-01,-2.885611e+00,2.117074e-01,3.050181e+00,8.982923e-01,-4.948597e-01,-1.222863e+00,-7.937561e-01,8.753866e-01
-1.910603e-01,-3.726414e+00,-8.307822e-01,-3.118411e+00,-1.324981e-02,2.907442e+00,7.889025e-01,-6.627852e-01,-1.319082e+00,-9.081749e-01,8.472501e-01
-3.660505e-02,-3.674461e+00,-7.524050e-01,-2.949862e+00,4.380169e-02,2.979692e+00,7.731554e-01,-5.328377e-01,-1.383767e+00,-8.857760e-01,6.778081e-01
-2.547984e-01,-3.832465e+00,-9.967843e-01,-3.127095e+00,-1.190338e-01,2.682870e+00,6.336518e-01,-8.495180e-01,-1.552140e+00,-1.159640e+00,4.881433e-01
7.365554e-02,-3.447653e+00,-6.096500e-01,-2.823284e+00,2.269383e-01,3.090551e+00,9.906685e-01,-5.422849e-01,-1.138630e+00,-8.557881e-01,8.999288e-01
1.757597e-01,-3.447979e+00,-4.785984e-01,-2.868073e+00,2.604122e-01,3.327118e+00,9.733700e-01,-3.452823e-01,-1.248005e+00,-5.992289e-01,9.117814e-01
-1.208432e-01,-3.641457e+00,-8.074379e-01,-3.168348e+00,-9.256154e-02,2.960546e+00,6.495742e-01,-7.029477e-01,-1.474529e+00,-8.507024e-01,8.277556e-01
-7.756425e-02,-3.448372e+00,-6.518593e-01,-2.847197e+00,2.651737e-01,3.092716e+00,1.018939e+00,-4.987535e-01,-1.244083e+00,-8.751691e-01,7.621633e-01
-2.495336e-01,-3.725422e+00,-9.191059e-01,-3.040454e+00,-3.624197e-02,2.854165e+00,7.939938e-01,-6.300678e-01,-1.327690e+00,-9.699431e-01,7.509947e-01
-2.552636e-01,-3.823267e+00,-9.340776e-01,-3.090342e+00,-1.023368e-01,2.805326e+00,5.978034e-01,-6.971352e-01,-1.471446e+00,-1.091353e+00,6.283186e-01
-1.276923e-01,-3.696530e+00,-7.134997e-01,-3.109440e+00,1.231398e-01,2.972339e+00,8.873191e-01,-5.430885e-01,-1.273955e+00,-8.005847e-01,9.033998e-01
-3.351048e-01,-3.698864e+00,-8.773337e-01,-3.039271e+00,1.246231e-01,2.930690e+00,1.044234e+00,-5.790571e-01,-1.029543e+00,-8.677767e-01,1.052900e+00
-1.177641e-01,-3.443678e+00,-7.670780e-01,-2.891001e+00,1.549826e-01,3.040633e+00,9.772465e-01,-5.327665e-01,-1.291564e+00,-7.689053e-01,8.571822e-01
-2.320037e-01,-3.769255e+00,-7.962891e-01,-2.949123e+00,2.059415e-01,3.077068e+00,1.039446e+00,-4.132612e-01,-1.109040e+00,-8.533058e-01,8.860824e-01
-7.442397e-02,-3.613653e+00,-6.919261e-01,-2.941376e+00,2.042694e-01,2.904077e+00,8.761503e-01,-6.016958e-01,-1.239481e+00,-9.877375e-01,8.167199e-01
-1.778828e-01,-3.624672e+00,-8.411158e-01,-2.959128e+00,3.239383e-02,2.917034e+00,7.382110e-01,-5.521188e-01,-1.354268e+00,-9.841688e-01,7.368110e-01
-1.541248e-01,-3.865918e+00,-9.908310e-01,-3.174960e+00,-2.424157e-01,2.775508e+00,4.722278e-01,-7.460329e-01,-1.649396e+00,-1.119975e+00,5.818647e-01
-1.570224e-01,-3.504370e+00,-8.381013e-01,-3.013244e+00,2.572413e-02,2.921151e+00,8.194441e-01,-6.272820e-01,-1.360529e+00,-9.707355e-01,8.813797e-01
-2.297935e-01,-3.469145e+00,-8.356704e-01,-3.018312e+00,2.826006e-02,2.905447e+00,7.772089e-01,-7.199998e-01,-1.409878e+00,-1.101678e+00,7.082151e-01
-1.201969e-01,-3.493514e+00,-7.935310e-01,-2.903574e+00,3.722888e-02,3.003600e+00,7.037965e-01,-5.718484e-01,-1.389900e+00,-1.022917e+00,7.420199e-01
-4.539206e-01,-3.729828e+00,-1.035499e+00,-3.034858e+00,6.889528e-02,2.905180e+00,8.693059e-01,-4.870865e-01,-1.159219e+00,-9.030394e-01,8.525554e-01
-1.541124e-01,-3.624328e+00,-8.725936e-01,-2.855440e+00,6.760672e-02,3.006365e+00,8.605092e-01,-4.425339e-01,-1.217365e+00,-8.260878e-01,9.345532e-01
1.404384e-02,-3.516067e+00,-6.695235e-01,-2.878661e+00,2.227007e-01,3.000434e+00,8.727368e-01,-4.266944e-01,-1.225731e+00,-8.691621e-01,8.459567e-01
1.104661e-02,-3.268533e+00,-6.648233e-01,-2.820377e+00,1.997330e-01,3.103596e+00,9.295847e-01,-5.475069e-01,-1.165868e+00,-8.843113e-01,9.449959e-01
-2.859170e-01,-3.692889e+00,-8.886296e-01,-3.066691e+00,5.077018e-02,3.209263e+00,9.103133e-01,-4.353082e-01,-1.203759e+00,-7.488185e-01,9.206668e-01
-2.018543e-01,-3.613946e+00,-9.311670e-01,-3.062084e+00,-3.399175e-02,2.909479e+00,7.672752e-01,-6.989519e-01,-1.380057e+00,-9.044145e-01,7.510536e-01
-3.482334e-02,-3.432816e+00,-7.415515e-01,-2.783663e+00,1.910281e-01,3.022992e+00,9.040198e-01,-4.510992e-01,-1.230752e+00,-8.954868e-01,7.748529e-01
9.295839e-02,-3.595864e+00,-6.190071e-01,-2.899529e+00,2.225833e-01,2.933804e+00,9.335159e-01,-5.984954e-01,-1.147169e+00,-9.684645e-01,9.134607e-01
-4.634951e-01,-3.848039e+00,-1.051207e+00,-3.139973e+00,-5.750287e-02,2.811900e+00,8.075267e-01,-5.890955e-01,-1.133783e+00,-8.562819e-01,9.996031e-01
2.840066e-03,-3.595726e+00,-6.677869e-01,-2.894700e+00,2.056583e-01,3.130197e+00,9.295481e-01,-4.223405e-01,-1.234396e+00,-7.345509e-01,8.630834e-01
1.091164e-01,-3.374138e+00,-6.950978e-01,-2.923221e+00,6.277070e-02,3.028792e+00,8.554987e-01,-6.485390e-01,-1.394393e+00,-7.420087e-01,8.278613e-01
-9.648027e-02,-3.646753e+00,-7.627420e-01,-2.946529e+00,3.908720e-02,3.066249e+00,7.857817e-01,-4.818415e-01,-1.378149e+00,-8.692983e-01,7.804126e-01
-1.377007e-01,-3.610850e+00,-7.180126e-01,-3.034836e+00,1.896118e-01,2.845414e+00,8.881549e-01,-6.422150e-01,-1.253231e+00,-9.654813e-01,8.043375e-01
1.324551e-02,-3.551236e+00,-6.840473e-01,-2.870865e+00,1.514957e-01,3.016393e+00,8.268325e-01,-5.073627e-01,-1.291651e+00,-8.935018e-01,7.473884e-01
-2.732683e-01,-3.624097e+00,-9.660899e-01,-2.879250e+00,-5.166530e-02,3.031355e+00,7.470137e-01,-4.126082e-01,-1.303605e+00,-7.265722e-01,8.020548e-01
-8.037310e-02,-3.586583e+00,-7.818669e-01,-2.989679e+00,1.774835e-02,3.043409e+00,7.936677e-01,-6.117819e-01,-1.342401e+00,-8.063768e-01,8.452990e-01
-1.360103e-01,-3.512892e+00,-7.812808e-01,-2.961503e+00,1.604473e-02,3.010077e+00,7.900684e-01,-6.403476e-01,-1.351603e+00,-9.521483e-01,7.807879e-01
-9.693720e-02,-3.572997e+00,-7.672718e-01,-3.013790e+00,2.227804e-02,3.048358e+00,7.918157e-01,-5.797096e-01,-1.299087e+00,-7.942112e-01,9.022688e-01
-3.106880e-01,-3.662956e+00,-8.797465e-01,-3.014525e+00,9.613163e-02,2.925399e+00,9.178130e-01,-5.380267e-01,-1.179186e+00,-8.536563e-01,8.731517e-01
-2.952225e-01,-3.832609e+00,-1.047242e+00,-3.085574e+00,-1.838768e-01,2.737896e+00,5.890314e-01,-8.307681e-01,-1.480371e+00,-1.052254e+00,7.647586e-01
-1.008264e-01,-3.538809e+00,-7.776715e-01,-2.976582e+00,2.153817e-02,2.925809e+00,7.879104e-01,-6.402749e-01,-1.328110e+00,-9.100128e-01,8.360726e-01
-1.585550e-02,-3.406233e+00,-6.084511e-01,-2.925481e+00,1.808790e-01,3.073583e+00,9.369607e-01,-6.016430e-01,-1.295007e+00,-8.983640e-01,8.114133e-01
1.468662e-02,-3.388492e+00,-6.168218e-01,-2.855086e+00,1.688795e-01,3.085546e+00,9.588562e-01,-5.431631e-01,-1.227809e+00,-8.656182e-01,8.755354e-01
-6.930402e-03,-3.572833e+00,-7.140846e-01,-2.878546e+00,1.081416e-01,3.032611e+00,8.732866e-01,-4.367229e-01,-1.371047e+00,-7.868880e-01,7.772112e-01
-1.366919e-01,-3.657430e+00,-8.244243e-01,-2.987464e+00,3.010467e-02,2.812199e+00,8.457563e-01,-7.216521e-01,-1.300563e+00,-1.066632e+00,8.211124e-01
-3.344735e-01,-3.840367e+00,-8.832781e-01,-3.020818e+00,6.293736e-02,2.982147e+00,8.263318e-01,-3.997486e-01,-1.291862e+00,-8.676744e-01,7.831572e-01
-5.271951e-02,-3.528198e+00,-6.171839e-01,-2.917074e+00,2.858818e-01,3.038864e+00,9.767755e-01,-4.751744e-01,-1.226331e+00,-8.574049e-01,8.081376e-01
-2.073138e-01,-3.622118e+00,-9.089671e-01,-3.091179e+00,-9.625672e-02,2.861208e+00,6.878419e-01,-7.187786e-01,-1.434007e+00,-9.522437e-01,8.253222e-01
-2.066420e-01,-3.539150e+00,-9.033918e-01,-3.107469e+00,-5.099697e-02,2.953841e+00,8.086446e-01,-6.705341e-01,-1.417255e+00,-8.784212e-01,8.031475e-01
9.830502e-02,-3.387686e+00,-6.210328e-01,-2.799829e+00,1.760068e-01,3.027044e+00,8.360856e-01,-5.078574e-01,-1.248300e+00,-9.808102e-01,8.509211e-01
1.100431e-02,-3.262832e+00,-5.918680e-01,-2.683811e+00,3.299015e-01,3.117487e+00,9.539316e-01,-4.313676e-01,-1.205127e+00,-9.565756e-01,7.935347e-01
-1.650550e-01,-3.658944e+00,-8.524792e-01,-2.946411e+00,1.156455e-01,2.983518e+00,8.848111e-01,-4.264179e-01,-1.119046e+00,-9.061789e-01,8.782950e-01
-1.220304e-01,-3.594183e+00,-8.362117e-01,-2.963498e+00,8.509109e-02,3.018104e+00,8.402445e-01,-4.761710e-01,-1.278722e+00,-8.670136e-01,8.524312e-01
-1.248843e-01,-3.369240e+00,-7.524561e-01,-2.895114e+00,1.751629e-01,3.080942e+00,9.539540e-01,-5.533994e-01,-1.222468e+00,-8.452063e-01,9.113289e-01
-2.121985e-01,-3.547782e+00,-8.251303e-01,-2.941335e+00,7.538801e-02,3.106200e+00,8.574830e-01,-4.291054e-01,-1.281604e+00,-8.460314e-01,8.288030e-01
-3.431506e-01,-3.472646e+00,-8.975349e-01,-3.068434e+00,1.803973e-02,2.890863e+00,8.046298e-01,-7.220787e-01,-1.313083e+00,-1.009473e+00,9.455587e-01
-3.373688e-01,-3.608690e+00,-9.943331e-01,-3.041526e+00,-1.474142e-02,2.729574e+00,8.097764e-01,-7.634033e-01,-1.237785e+00,-1.108626e+00,8.396085e-01
1.248426e-01,-3.446749e+00,-6.264230e-01,-2.826541e+00,2.628851e-01,2.869967e+00,8.575360e-01,-5.511792e-01,-1.348010e+00,-9.470127e-01,7.242111e-01
-8.895193e-02,-3.718484e+00,-9.205111e-01,-2.994996e+00,-1.542341e-01,2.810493e+00,5.130111e-01,-5.155973e-01,-1.394708e+00,-8.576390e-01,8.441957e-01
1.032862e-01,-3.381842e+00,-5.684829e-01,-2.877693e+00,2.360717e-01,3.100205e+00,9.293922e-01,-4.840314e-01,-1.228435e+00,-8.067893e-01,8.898825e-01
-3.783312e-02,-3.411138e+00,-6.699623e-01,-2.818484e+00,2.275600e-01,3.157945e+00,9.679157e-01,-4.122044e-01,-1.174242e+00,-7.453989e-01,9.119638e-01
-1.510533e-01,-3.629619e+00,-8.874716e-01,-2.971175e+00,6.448433e-02,2.840402e+00,8.937018e-01,-6.333207e-01,-1.207210e+00,-8.848906e-01,9.201599e-01
-1.287484e-01,-3.693011e+00,-7.847626e-01,-3.024870e+00,1.428438e-01,2.852457e+00,9.340936e-01,-5.991443e-01,-1.163414e+00,-8.703370e-01,8.768610e-01
3.340860e-03,-3.615387e+00,-7.635911e-01,-2.941654e+00,1.617677e-03,2.924450e+00,6.847961e-01,-5.361688e-01,-1.271623e+00,-8.347591e-01,8.850310e-01
-1.388083e-02,-3.575026e+00,-6.548994e-01,-2.896745e+00,2.188606e-01,3.019171e+00,9.333895e-01,-4.682204e-01,-1.191634e+00,-8.409366e-01,8.172655e-01
-1.139800e-01,-3.660603e+00,-8.070777e-01,-2.997134e+00,3.429995e-02,3.016504e+00,8.462531e-01,-5.051392e-01,-1.248430e+00,-7.200252e-01,9.287517e-01
2.893661e-01,-3.184695e+00,-4.547191e-01,-2.670130e+00,3.278247e-01,3.030606e+00,1.021657e+00,-6.638264e-01,-1.179477e+00,-9.812193e-01,8.532679e-01
-2.176208e-01,-3.637381e+00,-8.217337e-01,-2.967593e+00,1.204285e-01,2.879641e+00,9.457570e-01,-5.998623e-01,-1.125839e+00,-9.156409e-01,8.826259e-01
-7.074983e-03,-3.498945e+00,-6.122060e-01,-2.827509e+00,2.464246e-01,3.148472e+00,9.385434e-01,-3.927538e-01,-1.205376e+00,-7.538352e-01,8.331872e-01
3.816945e-02,-3.446702e+00,-6.230763e-01,-2.835864e+00,2.216267e-01,2.973268e+00,8.731670e-01,-4.912476e-01,-1.277289e+00,-9.284544e-01,7.182391e-01
-1.799413e-01,-3.452356e+00,-9.154563e-01,-2.823811e+00,1.110905e-03,2.927762e+00,8.883799e-01,-6.377304e-01,-1.196743e+00,-8.950722e-01,8.879580e-01
1.533158e-01,-3.554125e+00,-5.782855e-01,-2.938827e+00,1.759700e-01,3.046806e+00,8.646439e-01,-5.429809e-01,-1.321922e+00,-7.892094e-01,7.785167e-01
-1.497016e-01,-3.442376e+00,-7.673427e-01,-2.935161e+00,8.455978e-02,3.063976e+00,8.869732e-01,-6.213538e-01,-1.226552e+00,-8.290327e-01,8.630028e-01
-3.480272e-01,-3.705043e+00,-8.761463e-01,-3.019481e+00,1.029176e-01,3.059840e+00,9.617338e-01,-4.359572e-01,-1.071705e+00,-7.068139e-01,1.066618e+00
-1.747791e-01,-3.537848e+00,-8.071978e-01,-2.887812e+00,8.828379e-02,2.901566e+00,9.241536e-01,-6.157507e-01,-1.248081e+00,-9.488848e-01,8.534956e-01
-6.029498e-02,-3.477256e+00,-6.917291e-01,-2.836887e+00,1.875137e-01,3.015493e+00,9.683063e-01,-4.980101e-01,-1.270572e+00,-7.918720e-01,8.953894e-01
4.389214e-02,-3.335335e+00,-6.253444e-01,-2.744719e+00,1.628954e-01,3.083067e+00,8.164524e-01,-4.263218e-01,-1.304791e+00,-8.809725e-01,8.051137e-01
-1.267597e-01,-3.584706e+00,-7.722138e-01,-2.971761e+00,3.353410e-02,3.029484e+00,8.649186e-01,-5.296915e-01,-1.220831e+00,-8.229240e-01,9.729559e-01
-1.776859e-01,-3.524979e+00,-7.557919e-01,-3.138770e+00,7.074895e-02,2.918052e+00,8.889848e-01,-7.609646e-01,-1.360989e+00,-9.289387e-01,8.462417e-01
-3.132726e-01,-3.532035e+00,-9.233804e-01,-2.948843e+00,6.442135e-02,2.982080e+00,9.110265e-01,-6.251474e-01,-1.294429e+00,-9.052230e-01,8.112319e-01
8.041820e-02,-3.482156e+00,-6.902379e-01,-2.884408e+00,7.043180e-02,2.918998e+00,7.378915e-01,-6.046933e-01,-1.338660e+00,-1.005636e+00,8.158157e-01
-5.669119e-02,-3.658094e+00,-7.084177e-01,-2.904406e+00,1.805716e-01,2.916208e+00,8.004316e-01,-5.860830e-01,-1.337575e+00,-1.145772e+00,6.302365e-01
-2.217917e-01,-3.545201e+00,-8.598677e-01,-2.928448e+00,3.967628e-02,3.014693e+00,8.388415e-01,-5.378707e-01,-1.225285e+00,-9.142519e-01,9.230819e-01
1.793827e-02,-3.249761e+00,-7.236704e-01,-2.804714e+00,1.345901e-01,3.022259e+00,8.147079e-01,-5.611890e-01,-1.304678e+00,-9.345112e-01,8.216038e-01
-5.259770e-02,-3.511764e+00,-7.869329e-01,-2.894305e+00,1.348307e-01,3.036603e+00,9.175801e-01,-4.920171e-01,-1.168130e+00,-8.547685e-01,9.224778e-01
-1.339521e-01,-3.630441e+00,-7.980023e-01,-3.016159e+00,4.825804e-02,2.989683e+00,8.383584e-01,-4.636564e-01,-1.206140e+00,-7.797999e-01,1.011498e+00
5.185718e-02,-3.434077e+00,-6.390971e-01,-2.743279e+00,2.725798e-01,3.037232e+00,8.369637e-01,-3.429267e-01,-1.150944e+00,-8.710580e-01,8.892582e-01
-5.588584e-02,-3.416435e+00,-6.137871e-01,-2.747769e+00,3.944249e-01,3.100665e+00,1.101719e+00,-3.329470e-01,-1.080802e+00,-8.643684e-01,8.385768e-01
-5.313353e-01,-3.846920e+00,-1.136101e+00,-3.095047e+00,2.736893e-02,2.800363e+00,8.598240e-01,-5.888942e-01,-1.275058e+00,-9.961004e-01,8.107362e-01
-1.453003e-02,-3.360607e+00,-6.247381e-01,-2.852659e+00,2.648412e-01,3.185750e+00,1.012789e+00,-4.786217e-01,-1.209411e+00,-7.519244e-01,8.963196e-01
-1.839133e-01,-3.579542e+00,-8.355560e-01,-2.887567e+00,5.955237e-02,2.962633e+00,7.248533e-01,-5.204112e-01,-1.300103e+00,-9.874837e-01,7.828090e-01
-2.367321e-01,-3.693577e+00,-9.080095e-01,-3.052697e+00,-2.960156e-02,2.835790e+00,6.898546e-01,-5.569980e-01,-1.335067e+00,-9.201916e-01,8.855136e-01
-4.318962e-02,-3.338797e+00,-7.446527e-01,-2.667158e+00,2.587246e-01,2.927422e+00,9.123244e-01,-5.081526e-01,-1.173915e+00,-9.800054e-01,7.678618e-01
-1.535043e-01,-3.586276e+00,-8.477143e-01,-2.915471e+00,7.032002e-02,2.915213e+00,7.865092e-01,-5.144447e-01,-1.308174e+00,-8.274222e-01,7.526593e-01
-3.452469e-01,-3.610513e+00,-9.072197e-01,-2.965028e+00,9.247853e-02,2.921846e+00,9.331534e-01,-5.603459e-01,-1.116074e+00,-9.171124e-01,9.045481e-01
4.620999e-02,-3.242322e+00,-5.902384e-01,-2.863585e+00,1.948659e-01,3.117206e+00,8.655051e-01,-5.678252e-01,-1.355424e+00,-8.319943e-01,7.793798e-01
1.290870e-01,-3.252059e+00,-6.294147e-01,-2.790569e+00,1.142341e-01,3.032429e+00,8.570187e-01,-6.400070e-01,-1.239425e+00,-9.423779e-01,8.942240e-01
-1.740537e-01,-3.572606e+00,-8.213996e-01,-2.946789e+00,1.141848e-01,2.964069e+00,1.017263e+00,-6.143512e-01,-1.222730e+00,-9.061580e-01,7.979198e-01
4.983207e-02,-3.396727e+00,-6.848775e-01,-2.880220e+00,8.604420e-02,2.941594e+00,7.928844e-01,-7.234410e-01,-1.381888e+00,-1.079471e+00,6.778690e-01
-2.431174e-01,-3.700381e+00,-8.620585e-01,-3.023724e+00,6.748947e-02,2.797570e+00,8.245336e-01,-6.494063e-01,-1.180503e+00,-9.552079e-01,9.196374e-01
-1.746716e-01,-3.510350e+00,-7.585716e-01,-2.845890e+00,1.650325e-01,3.036390e+00,9.643801e-01,-4.843202e-01,-1.086917e+00,-7.723515e-01,1.017208e+00
-4.203822e-01,-3.884274e+00,-1.049371e+00,-3.167733e+00,-1.143344e-01,2.848107e+00,8.270907e-01,-6.223268e-01,-1.241174e+00,-7.782643e-01,9.802556e-01
-1.481003e-01,-3.553909e+00,-7.704171e-01,-2.886755e+00,1.025468e-01,3.040093e+00,9.246863e-01,-4.325795e-01,-1.291110e+00,-7.581553e-01,8.949353e-01
-2.907666e-01,-3.923230e+00,-9.267956e-01,-3.099954e+00,1.314478e-02,2.945582e+00,8.803545e-01,-4.724521e-01,-1.057006e+00,-6.870684e-01,1.059524e+00
-1.963885e-01,-3.454234e+00,-7.385976e-01,-2.865488e+00,2.037031e-01,3.022123e+00,9.987992e-01,-4.697345e-01,-1.115940e+00,-8.201234e-01,9.355552e-01
-2.314986e-01,-3.534013e+00,-8.732449e-01,-2.988700e+00,3.029026e-02,2.804268e+00,8.371017e-01,-7.519242e-01,-1.269012e+00,-9.921639e-01,8.737887e-01
-3.020712e-01,-3.675928e+00,-9.319232e-01,-3.080844e+00,-6.520814e-03,2.812833e+00,7.750821e-01,-6.607471e-01,-1.462654e+00,-8.713408e-01,7.436404e-01
-5.435007e-02,-3.324240e+00,-6.151399e-01,-2.808921e+00,2.397859e-01,3.086124e+00,1.008478e+00,-5.734650e-01,-1.251412e+00,-8.947251e-01,7.858913e-01
-8.103956e-01,-4.095896e+00,-1.083176e+00,-3.145854e+00,1.895288e-01,3.256535e+00,1.282818e+00,-2.858978e-01,-9.130695e-01,-6.902133e-01,8.694458e-01
-3.853756e-01,-3.578679e+00,-9.188320e-01,-3.048968e+00,3.863126e-02,2.912228e+00,8.664701e-01,-6.860124e-01,-1.248848e+00,-9.809338e-01,8.655552e-01
-3.526833e-01,-3.683867e+00,-9.591083e-01,-2.923535e+00,7.198193e-02,2.971405e+00,9.996856e-01,-5.446560e-01,-1.106778e+00,-9.259070e-01,8.783628e-01
-1.840928e-01,-3.606016e+00,-8.522509e-01,-2.973940e+00,9.016788e-02,2.834628e+00,8.691292e-01,-6.904883e-01,-1.231053e+00,-1.066300e+00,7.757830e-01
-1.552360e-01,-3.448418e+00,-8.397754e-01,-2.882426e+00,3.440311e-02,2.975572e+00,8.022324e-01,-5.728721e-01,-1.258287e+00,-9.663991e-01,7.774672e-01
-2.891816e-01,-3.451515e+00,-8.030484e-01,-3.055374e+00,1.337160e-01,3.219662e+00,1.032528e+00,-5.340273e-01,-1.164062e+00,-6.900471e-01,1.021852e+00
1.259477e-01,-3.401512e+00,-6.213117e-01,-2.842125e+00,1.451600e-01,3.196512e+00,7.964760e-01,-3.902040e-01,-1.332385e+00,-7.168528e-01,8.328872e-01
-6.136595e-02,-3.409368e+00,-7.266156e-01,-2.824041e+00,2.378581e-01,3.016849e+00,1.029055e+00,-4.972037e-01,-1.167410e+00,-8.866147e-01,9.372673e-01
-4.165519e-02,-3.352738e+00,-6.912692e-01,-2.790818e+00,2.062821e-01,2.982643e+00,8.287545e-01,-5.306018e-01,-1.321427e+00,-9.852190e-01,7.347899e-01
-4.176818e-02,-3.441290e+00,-6.308928e-01,-2.763149e+00,3.575236e-01,3.036946e+00,1.064481e+00,-4.261818e-01,-1.047514e+00,-1.001194e+00,9.037889e-01
-4.114403e-01,-3.776586e+00,-1.013621e+00,-3.188864e+00,-9.437391e-02,2.701949e+00,5.840315e-01,-8.039335e-01,-1.565472e+00,-1.182011e+00,6.142724e-01
-3.856038e-02,-3.289456e+00,-7.629853e-01,-2.866762e+00,8.383986e-02,3.024515e+00,8.760511e-01,-6.040295e-01,-1.356454e+00,-8.764454e-01,8.145053e-01
-2.311232e-01,-3.296429e+00,-7.819359e-01,-2.989518e+00,1.477671e-01,3.107688e+00,9.303558e-01,-6.391183e-01,-1.425799e+00,-9.065423e-01,7.155455e-01
-1.051085e-01,-3.468284e+00,-6.923628e-01,-2.830321e+00,1.891239e-01,3.217187e+00,9.248062e-01,-2.567915e-01,-1.206051e+00,-6.998056e-01,9.453012e-01
-1.972618e-01,-3.676951e+00,-7.774120e-01,-2.903826e+00,2.225084e-01,3.001989e+00,9.133085e-01,-4.600396e-01,-1.175202e+00,-9.065204e-01,8.159632e-01
3.531326e-02,-3.479448e+00,-7.504380e-01,-2.919960e+00,9.158763e-02,2.770394e+00,7.369170e-01,-6.457700e-01,-1.297812e+00,-9.967723e-01,8.059054e-01
-7.803820e-02,-3.474340e+00,-6.939252e-01,-2.792031e+00,3.355350e-01,3.152073e+00,1.050764e+00,-3.216997e-01,-1.154104e+00,-7.569640e-01,8.285228e-01
4.786448e-02,-3.380181e+00,-6.101340e-01,-2.840688e+00,2.168525e-01,3.179493e+00,9.829937e-01,-4.774751e-01,-1.173910e+00,-8.028316e-01,9.498579e-01
-2.448990e-02,-3.191094e+00,-6.961391e-01,-2.751950e+00,1.266463e-01,3.081077e+00,8.546770e-01,-6.163641e-01,-1.217343e+00,-9.741513e-01,9.533798e-01
-1.180851e-01,-3.386116e+00,-7.236796e-01,-2.872612e+00,1.985636e-01,3.090494e+00,1.045861e+00,-5.476900e-01,-1.078638e+00,-7.915501e-01,9.561308e-01
-3.380231e-01,-3.605119e+00,-9.981139e-01,-2.946356e+00,1.101533e-02,2.756120e+00,7.418888e-01,-6.981957e-01,-1.328951e+00,-1.022334e+00,7.329477e-01
-1.335155e-01,-3.550278e+00,-7.763477e-01,-2.741380e+00,2.276364e-01,2.958230e+00,9.426916e-01,-4.348121e-01,-1.081793e+00,-8.802152e-01,8.831772e-01
6.654161e-03,-3.412374e+00,-6.780725e-01,-2.866949e+00,1.296669e-01,2.913109e+00,8.641553e-01,-6.509383e-01,-1.214892e+00,-1.003219e+00,8.609017e-01
5.661809e-02,-3.288167e+00,-5.994507e-01,-2.763197e+00,2.281933e-01,3.173896e+00,9.884530e-01,-4.963298e-01,-1.159495e+00,-7.526551e-01,8.565024e-01
-2.496152e-01,-3.519352e+00,-8.661108e-01,-3.036758e+00,1.948256e-02,2.845156e+00,8.755441e-01,-8.124123e-01,-1.303566e+00,-9.602019e-01,8.341362e-01
-6.175858e-02,-3.545756e+00,-7.499151e-01,-2.909990e+00,1.600017e-01,2.918233e+00,9.509869e-01,-5.637241e-01,-1.220638e+00,-8.233315e-01,8.664462e-01
-2.661186e-01,-3.649711e+00,-8.493284e-01,-2.969132e+00,5.592427e-02,2.957062e+00,8.803038e-01,-5.937941e-01,-1.275551e+00,-9.629228e-01,7.871452e-01
-4.823807e-02,-3.453098e+00,-6.604581e-01,-2.803692e+00,2.162888e-01,2.963399e+00,8.790767e-01,-4.431193e-01,-1.212049e+00,-8.257989e-01,8.250861e-01
2.189025e-02,-3.190540e+00,-5.918349e-01,-2.839819e+00,1.980640e-01,2.909635e+00,8.249702e-01,-7.858208e-01,-1.457862e+00,-1.042009e+00,7.010403e-01
1.661999e-02,-3.522672e+00,-7.456892e-01,-3.001611e+00,5.303402e-03,3.025171e+00,7.771343e-01,-5.956899e-01,-1.412729e+00,-7.472203e-01,8.487078e-01
-1.690898e-04,-3.362848e+00,-7.415632e-01,-2.932512e+00,1.097241e-02,2.981390e+00,7.755572e-01,-6.962025e-01,-1.339117e+00,-8.773907e-01,8.326987e-01
-1.705982e-01,-3.707100e+00,-8.011178e-01,-3.080227e+00,-2.411404e-02,2.929638e+00,6.994217e-01,-6.103488e-01,-1.406897e+00,-9.166140e-01,8.495992e-01
2.322413e-01,-3.222913e+00,-5.075897e-01,-2.799742e+00,1.732409e-01,2.867549e+00,7.710198e-01,-7.141619e-01,-1.379648e+00,-1.094892e+00,7.806242e-01
-6.272045e-02,-3.393625e+00,-7.324185e-01,-2.824699e+00,1.337640e-01,2.948257e+00,9.004622e-01,-6.351876e-01,-1.237043e+00,-1.022234e+00,8.348062e-01
-3.331949e-01,-3.522533e+00,-8.927750e-01,-3.009081e+00,7.539185e-02,2.892791e+00,9.168554e-01,-5.801605e-01,-1.253482e+00,-8.302326e-01,9.280294e-01
-2.097900e-01,-3.515633e+00,-7.924058e-01,-3.020156e+00,6.036706e-02,2.895015e+00,8.135031e-01,-6.868339e-01,-1.377819e+00,-1.021134e+00,8.045017e-01
-2.892850e-01,-3.401443e+00,-7.470956e-01,-2.852029e+00,2.452227e-01,3.256052e+00,1.093922e+00,-4.928833e-01,-1.196534e+00,-9.328850e-01,7.887963e-01
-4.956796e-01,-3.738992e+00,-1.077102e+00,-3.185049e+00,-1.102817e-01,2.756528e+00,7.271492e-01,-7.062623e-01,-1.302084e+00,-9.395734e-01,8.502718e-01
-1.046545e-01,-3.292835e+00,-7.817724e-01,-2.665000e+00,1.413962e-01,3.050309e+00,8.917417e-01,-4.116399e-01,-1.252547e+00,-7.833489e-01,9.332908e-01
3.453568e-01,-3.143431e+00,-4.010767e-01,-2.586986e+00,3.795318e-01,3.102506e+00,8.771180e-01,-4.738151e-01,-1.379505e+00,-9.889210e-01,6.808642e-01
-2.767341e-01,-3.577347e+00,-8.852695e-01,-2.975091e+00,1.163758e-01,2.895354e+00,8.717539e-01,-4.926065e-01,-1.168477e+00,-9.610602e-01,8.812950e-01
-7.436249e-01,-3.675415e+00,-1.150964e+00,-3.227403e+00,-4.641796e-02,2.823084e+00,8.736215e-01,-7.397904e-01,-1.274552e+00,-9.889287e-01,8.949886e-01
-7.932315e-02,-3.300689e+00,-7.115144e-01,-2.842527e+00,2.731203e-01,3.084558e+00,1.024126e+00,-5.096417e-01,-1.204351e+00,-8.673669e-01,8.637370e-01
1.205516e-01,-3.092041e+00,-5.918913e-01,-2.604679e+00,2.714358e-01,3.199114e+00,9.374429e-01,-3.618418e-01,-1.268682e+00,-8.082272e-01,8.601719e-01
-1.580868e-01,-3.548813e+00,-7.566815e-01,-2.815654e+00,1.398018e-01,3.030330e+00,7.899057e-01,-4.371673e-01,-1.341008e+00,-1.030170e+00,7.492072e-01
-2.928942e-01,-3.479320e+00,-9.193909e-01,-2.935514e+00,2.741466e-02,2.838939e+00,6.824410e-01,-6.337970e-01,-1.364009e+00,-1.113401e+00,6.774297e-01
-1.655156e-01,-3.244831e+00,-7.815533e-01,-2.765773e+00,1.150754e-01,3.078291e+00,8.363224e-01,-4.945101e-01,-1.251473e+00,-8.423939e-01,8.644885e-01
-2.939263e-01,-3.575712e+00,-1.054645e+00,-2.943318e+00,-1.328228e-01,2.891983e+00,7.194352e-01,-6.179714e-01,-1.312497e+00,-9.922480e-01,8.162741e-01
-1.184802e-01,-3.297634e+00,-7.028748e-01,-2.870238e+00,2.051435e-01,3.078739e+00,9.385731e-01,-6.128716e-01,-1.257102e+00,-9.607701e-01,8.693260e-01
-6.423978e-01,-3.898573e+00,-1.204997e+00,-3.199445e+00,-1.155828e-01,2.606259e+00,6.828211e-01,-7.884744e-01,-1.270426e+00,-1.136846e+00,7.855112e-01
6.852746e-02,-3.406170e+00,-5.690399e-01,-2.766937e+00,3.322639e-01,3.057014e+00,1.052848e+00,-4.689423e-01,-1.043803e+00,-9.127379e-01,9.474589e-01
-2.705021e-01,-3.481111e+00,-8.835575e-01,-2.885524e+00,8.333247e-02,2.944949e+00,8.608791e-01,-4.905060e-01,-1.242684e+00,-8.400963e-01,9.432210e-01
-3.512327e-02,-3.399562e+00,-6.657564e-01,-2.649659e+00,3.243751e-01,3.019618e+00,1.055316e+00,-4.031872e-01,-1.114659e+00,-8.911662e-01,7.874221e-01
4.314246e-02,-3.384670e+00,-6.234868e-01,-2.859551e+00,1.298462e-01,2.993949e+00,7.297777e-01,-6.973782e-01,-1.537367e+00,-1.060982e+00,6.024417e-01
-2.778840e-01,-3.373619e+00,-7.386244e-01,-2.782839e+00,2.934081e-01,3.292236e+00,1.227193e+00,-4.663780e-01,-1.001408e+00,-8.036830e-01,9.006090e-01
-2.946076e-01,-3.570923e+00,-7.916027e-01,-2.953418e+00,2.117427e-01,3.019461e+00,1.015736e+00,-4.210805e-01,-1.156620e+00,-6.905159e-01,9.243697e-01
-1.275158e-01,-3.533670e+00,-8.631269e-01,-2.792268e+00,2.007851e-02,3.015463e+00,8.047030e-01,-4.430406e-01,-1.356526e+00,-7.631778e-01,8.754232e-01
-2.318965e-01,-3.451642e+00,-8.239636e-01,-2.768464e+00,1.428651e-01,2.961853e+00,8.999634e-01,-4.107532e-01,-1.118103e+00,-6.987940e-01,9.875113e-01
-2.146791e-01,-3.508733e+00,-8.546690e-01,-2.949015e+00,-4.590918e-02,2.875473e+00,6.795710e-01,-6.741273e-01,-1.393931e+00,-9.524300e-01,7.820345e-01
1.431284e-01,-2.996233e+00,-4.846326e-01,-2.654328e+00,2.901380e-01,3.148540e+00,9.868282e-01,-5.323239e-01,-1.261220e+00,-8.622878e-01,8.697025e-01
-2.428333e-01,-3.633083e+00,-8.089576e-01,-2.985046e+00,1.927743e-01,2.967620e+00,9.922905e-01,-4.739295e-01,-1.150485e+00,-7.118470e-01,8.927516e-01
-6.633326e-02,-3.309727e+00,-7.358244e-01,-2.798973e+00,8.557300e-02,2.998069e+00,8.015301e-01,-5.246717e-01,-1.362052e+00,-8.189648e-01,7.649855e-01
-2.864855e-01,-3.525226e+00,-8.263803e-01,-2.878338e+00,9.891440e-02,2.976516e+00,8.276484e-01,-5.214053e-01,-1.311191e+00,-9.366053e-01,7.867637e-01
-3.821930e-01,-3.596193e+00,-9.063861e-01,-2.936891e+00,9.412108e-02,2.972261e+00,9.124846e-01,-5.051939e-01,-1.203981e+00,-8.977808e-01,8.758574e-01
-2.946396e-01,-3.517593e+00,-8.784791e-01,-3.028828e+00,4.371923e-02,2.882448e+00,9.073586e-01,-6.352162e-01,-1.217294e+00,-8.494809e-01,9.183922e-01
1.723127e-02,-3.271350e+00,-5.786327e-01,-2.648345e+00,3.991937e-01,3.108708e+00,1.094385e+00,-2.647682e-01,-1.165658e+00,-7.065892e-01,7.902314e-01
-1.018996e-01,-3.536759e+00,-7.357342e-01,-2.969443e+00,1.565789e-01,2.994117e+00,9.247854e-01,-5.839505e-01,-1.185236e+00,-8.448212e-01,8.522137e-01
-3.118616e-01,-3.527232e+00,-8.625188e-01,-2.963596e+00,7.304216e-02,2.956014e+00,8.361251e-01,-5.646364e-01,-1.237129e+00,-8.975743e-01,8.915937e-01
-6.553919e-02,-3.353527e+00,-7.379233e-01,-2.580223e+00,1.874371e-01,3.083290e+00,8.270846e-01,-3.909823e-01,-1.182269e+00,-9.684417e-01,7.992413e-01
-4.608058e-01,-3.657561e+00,-9.800031e-01,-2.912500e+00,1.598994e-01,2.869145e+00,1.038513e+00,-4.804197e-01,-1.056626e+00,-8.702850e-01,9.410346e-01
-1.785996e-01,-3.480839e+00,-8.189873e-01,-2.990105e+00,1.002054e-01,2.841683e+00,8.506437e-01,-6.559051e-01,-1.354390e+00,-9.301467e-01,7.589790e-01
-7.028617e-02,-3.163574e+00,-6.339883e-01,-2.690539e+00,2.684479e-01,3.159747e+00,1.065163e+00,-5.567089e-01,-1.148331e+00,-9.337527e-01,8.772150e-01
-1.018019e-02,-3.044125e+00,-6.654680e-01,-2.830750e+00,1.665609e-01,2.896216e+00,8.646771e-01,-7.669465e-01,-1.289826e+00,-1.056513e+00,8.399654e-01
-1.832699e-01,-3.259178e+00,-7.657828e-01,-2.707453e+00,3.050664e-01,3.056340e+00,1.097054e+00,-4.956063e-01,-1.036358e+00,-8.846578e-01,9.294465e-01
-1.060256e-01,-3.263879e+00,-7.515010e-01,-2.692580e+00,3.070078e-01,3.034514e+00,1.066332e+00,-4.251552e-01,-1.103716e+00,-8.723792e-01,8.819611e-01
-5.608743e-01,-3.593740e+00,-1.063502e+00,-2.959878e+00,3.928486e-02,2.893770e+00,8.774755e-01,-4.832384e-01,-1.141408e+00,-9.203095e-01,9.512815e-01
-2.817301e-01,-3.537253e+00,-8.501087e-01,-2.727796e+00,1.839437e-01,3.077826e+00,9.016464e-01,-3.648248e-01,-1.143630e+00,-9.604900e-01,8.024531e-01
-2.338329e-01,-3.465114e+00,-8.583047e-01,-3.052964e+00,5.148304e-02,2.886968e+00,8.063300e-01,-7.031841e-01,-1.302178e+00,-1.008757e+00,8.678361e-01
-3.329178e-02,-3.307228e+00,-6.610306e-01,-2.755269e+00,2.733882e-01,2.915730e+00,9.156672e-01,-6.136613e-01,-1.286817e+00,-1.071760e+00,7.877425e-01
-1.321062e-01,-3.144878e+00,-7.660299e-01,-2.784325e+00,1.942116e-01,3.060865e+00,9.893813e-01,-5.409244e-01,-1.105416e+00,-7.154618e-01,1.043496e+00
1.249464e-02,-3.270941e+00,-6.746635e-01,-2.800943e+00,1.760568e-01,2.906168e+00,7.691724e-01,-6.705278e-01,-1.317763e+00,-1.046443e+00,7.451116e-01
-5.521252e-02,-3.387465e+00,-6.668978e-01,-2.811663e+00,3.141898e-01,2.978973e+00,1.082395e+00,-4.363319e-01,-9.260722e-01,-8.092102e-01,1.049449e+00
-4.746493e-01,-3.746278e+00,-1.070967e+00,-3.077706e+00,-4.134313e-02,2.736264e+00,7.664817e-01,-7.479942e-01,-1.310885e+00,-1.079446e+00,7.861233e-01
-2.348995e-01,-3.386054e+00,-8.731948e-01,-2.771397e+00,2.196671e-01,3.031945e+00,1.026333e+00,-4.367988e-01,-1.077844e+00,-7.138720e-01,8.313625e-01
-1.747998e-01,-3.272531e+00,-7.238286e-01,-2.891815e+00,2.147834e-01,2.957378e+00,9.951579e-01,-7.186530e-01,-1.244804e+00,-9.944905e-01,8.485660e-01
-1.804592e-01,-3.294075e+00,-7.509636e-01,-2.797390e+00,2.271423e-01,2.993689e+00,9.989001e-01,-5.171976e-01,-1.037556e+00,-8.190318e-01,9.618047e-01
-1.621917e-01,-3.377256e+00,-8.545547e-01,-2.804528e+00,-6.306517e-02,2.813341e+00,6.111093e-01,-6.867768e-01,-1.491713e+00,-1.086163e+00,6.013784e-01
-2.401932e-01,-3.440624e+00,-9.480845e-01,-2.817575e+00,-9.735988e-03,2.716909e+00,7.445403e-01,-7.017725e-01,-1.353327e+00,-1.094371e+00,7.116808e-01
-2.196449e-02,-3.484197e+00,-6.763351e-01,-2.825196e+00,2.435578e-01,2.998845e+00,9.632220e-01,-4.983822e-01,-1.192854e+00,-8.327280e-01,8.074771e-01
-3.116990e-01,-3.252534e+00,-8.281263e-01,-2.802913e+00,1.383749e-01,3.184950e+00,1.008688e+00,-4.088255e-01,-1.068047e+00,-6.230443e-01,1.041384e+00
-3.413940e-02,-3.167758e+00,-6.352831e-01,-2.721401e+00,2.514612e-01,3.234734e+00,1.047077e+00,-4.636707e-01,-1.070088e+00,-7.137363e-01,1.005784e+00
-1.989643e-01,-3.546811e+00,-7.962826e-01,-2.919698e+00,1.595322e-01,2.999064e+00,9.654886e-01,-5.201366e-01,-1.108945e+00,-8.171892e-01,9.382880e-01
1.213008e-01,-3.080961e+00,-5.280316e-01,-2.603155e+00,3.292485e-01,2.997616e+00,1.011393e+00,-5.965588e-01,-1.302535e+00,-9.532991e-01,6.969767e-01
-5.642203e-02,-3.272121e+00,-6.872090e-01,-2.614290e+00,2.082765e-01,3.093887e+00,9.630046e-01,-3.843144e-01,-1.138750e+00,-8.530969e-01,8.428287e-01
-2.803051e-01,-3.496272e+00,-8.625753e-01,-2.873241e+00,6.270255e-02,3.020845e+00,9.373696e-01,-5.945212e-01,-1.142938e+00,-9.738956e-01,9.318711e-01
-2.108619e-02,-3.184746e+00,-6.660442e-01,-2.797538e+00,1.208182e-01,3.169858e+00,9.766424e-01,-5.909259e-01,-1.161768e+00,-7.773911e-01,1.011994e+00
-4.450172e-01,-3.674315e+00,-1.015419e+00,-3.047768e+00,-5.395129e-03,2.843887e+00,8.145704e-01,-5.936251e-01,-1.312281e+00,-7.533473e-01,9.004479e-01
-1.383915e-02,-3.174417e+00,-6.621645e-01,-2.710822e+00,1.987699e-01,2.987918e+00,9.204343e-01,-5.958454e-01,-1.246670e+00,-8.569995e-01,9.018475e-01
3.636631e-02,-3.347941e+00,-5.679619e-01,-2.820610e+00,2.253600e-01,2.849191e+00,8.370236e-01,-6.746744e-01,-1.384311e+00,-1.082070e+00,6.666900e-01
-1.960403e-01,-3.400399e+00,-7.221616e-01,-2.871113e+00,2.585533e-01,2.951081e+00,1.030817e+00,-5.571137e-01,-1.091948e+00,-9.000083e-01,9.186369e-01
-1.605113e-01,-3.241462e+00,-7.343677e-01,-2.754077e+00,1.668647e-01,2.982529e+00,9.524939e-01,-5.932803e-01,-1.304870e+00,-9.325750e-01,8.110138e-01
-2.746998e-01,-3.505325e+00,-7.609948e-01,-2.754887e+00,3.952103e-01,2.999077e+00,1.141040e+00,-3.654668e-01,-1.111075e+00,-8.380325e-01,7.330986e-01
-4.394044e-02,-3.121676e+00,-6.526991e-01,-2.750930e+00,1.917171e-01,3.236395e+00,9.858756e-01,-5.546401e-01,-1.166149e+00,-7.792152e-01,1.037486e+00
-1.114915e-01,-3.131612e+00,-6.484984e-01,-2.781033e+00,1.942796e-01,2.983967e+00,8.840505e-01,-6.437271e-01,-1.323610e+00,-9.165579e-01,8.444990e-01
1.477917e-01,-3.309191e+00,-5.559807e-01,-2.620722e+00,3.045786e-01,3.063328e+00,8.777944e-01,-4.056603e-01,-1.237106e+00,-9.216580e-01,7.136260e-01
-1.407754e-01,-3.297217e+00,-8.202420e-01,-2.539646e+00,2.539805e-01,2.981299e+00,9.386320e-01,-4.490824e-01,-1.128940e+00,-1.082125e+00,7.791971e-01
-2.239961e-01,-3.262791e+00,-8.426668e-01,-2.813730e+00,1.922202e-01,2.897628e+00,8.455761e-01,-5.918439e-01,-1.216131e+00,-1.023014e+00,7.649799e-01
-5.093300e-02,-3.148911e+00,-5.943202e-01,-2.935876e+00,3.179303e-01,2.889222e+00,9.065356e-01,-7.207510e-01,-1.341498e+00,-1.063744e+00,7.946221e-01
-2.231914e-01,-3.447508e+00,-8.645502e-01,-2.837214e+00,8.262080e-02,2.822776e+00,7.876136e-01,-6.105088e-01,-1.242153e+00,-1.160137e+00,8.260762e-01
1.711502e-01,-3.068493e+00,-5.224968e-01,-2.594741e+00,4.142645e-01,2.949960e+00,9.474535e-01,-4.765160e-01,-1.171219e+00,-9.691564e-01,7.418247e-01
-2.844247e-01,-3.520576e+00,-9.423635e-01,-3.018098e+00,1.368846e-02,2.771940e+00,8.414496e-01,-6.951894e-01,-1.194472e+00,-8.700351e-01,9.444608e-01
-4.281894e-01,-3.422786e+00,-9.940734e-01,-2.730918e+00,5.917917e-02,3.052212e+00,8.695794e-01,-4.033574e-01,-1.122955e+00,-9.282390e-01,9.179201e-01
9.851035e-02,-3.485990e+00,-5.576809e-01,-2.769592e+00,2.902214e-01,2.880343e+00,8.934247e-01,-4.766565e-01,-1.229774e+00,-1.006275e+00,7.558600e-01
-3.303308e-02,-3.049327e+00,-5.534392e-01,-2.615840e+00,3.948192e-01,3.161139e+00,1.126135e+00,-4.855129e-01,-1.168875e+00,-8.645694e-01,8.333598e-01
-1.447472e-01,-3.187741e+00,-8.546485e-01,-2.727180e+00,1.001634e-01,2.986923e+00,9.594294e-01,-5.169608e-01,-1.156776e+00,-7.994048e-01,9.962784e-01
8.782573e-03,-3.204451e+00,-6.418761e-01,-2.642334e+00,2.966247e-01,3.083087e+00,8.855962e-01,-3.863823e-01,-1.218997e+00,-7.773718e-01,8.196510e-01
4.508754e-02,-3.023241e+00,-7.100733e-01,-2.653782e+00,7.927762e-02,2.895813e+00,6.953537e-01,-7.851874e-01,-1.348852e+00,-1.124433e+00,7.419545e-01
1.002102e-01,-3.190335e+00,-5.466183e-01,-2.674009e+00,2.790290e-01,3.071409e+00,9.030209e-01,-4.723756e-01,-1.313342e+00,-8.359953e-01,7.556284e-01
-1.676528e-01,-3.178489e+00,-7.409354e-01,-2.551178e+00,2.937166e-01,3.065436e+00,1.102310e+00,-4.887139e-01,-1.090599e+00,-9.756361e-01,8.686495e-01
3.030413e-01,-2.906792e+00,-5.120716e-01,-2.517998e+00,3.549366e-01,2.924821e+00,9.851835e-01,-6.704544e-01,-1.027435e+00,-9.812939e-01,9.127992e-01
-3.315429e-01,-3.273782e+00,-8.586536e-01,-2.906466e+00,8.594237e-02,2.929700e+00,9.052390e-01,-7.044933e-01,-1.240147e+00,-9.981355e-01,8.212396e-01
-2.452563e-01,-3.461934e+00,-8.220995e-01,-2.904838e+00,1.308720e-01,3.060411e+00,8.451894e-01,-5.698291e-01,-1.294651e+00,-9.054557e-01,6.644977e-01
-5.088791e-01,-3.441407e+00,-1.032747e+00,-2.926080e+00,-3.209245e-02,2.932432e+00,7.799670e-01,-6.051559e-01,-1.309748e+00,-8.859722e-01,8.416861e-01
2.971028e-02,-3.528311e+00,-6.597419e-01,-2.826958e+00,2.364355e-01,2.938430e+00,9.892510e-01,-5.863508e-01,-1.264058e+00,-9.309714e-01,7.249842e-01
1.201359e-01,-3.288561e+00,-6.807316e-01,-2.716141e+00,2.651986e-02,2.859629e+00,6.974857e-01,-6.755947e-01,-1.319052e+00,-1.081918e+00,8.423816e-01
8.058915e-02,-2.896104e+00,-4.913503e-01,-2.652149e+00,2.658533e-01,3.117776e+00,9.213376e-01,-6.269933e-01,-1.336824e+00,-9.624377e-01,8.966873e-01
-4.502966e-01,-3.568896e+00,-9.696843e-01,-3.039433e+00,-8.656210e-02,2.956250e+00,7.875016e-01,-5.892685e-01,-1.379129e+00,-8.568496e-01,8.193063e-01
3.347998e-02,-3.223761e+00,-7.417808e-01,-2.629679e+00,1.488168e-01,2.867518e+00,8.460664e-01,-6.722393e-01,-1.165925e+00,-1.002752e+00,7.624588e-01
-2.184195e-01,-3.450487e+00,-8.684769e-01,-2.770668e+00,6.352517e-02,2.917046e+00,8.321991e-01,-5.753412e-01,-1.321863e+00,-9.151415e-01,7.292454e-01
-1.670291e-01,-3.151070e+00,-7.582740e-01,-2.600640e+00,1.830836e-01,2.963065e+00,8.331064e-01,-5.528004e-01,-1.255160e+00,-1.018552e+00,7.367176e-01
-1.693338e-01,-3.247878e+00,-8.067456e-01,-2.690045e+00,9.821720e-02,2.975144e+00,8.211222e-01,-5.677676e-01,-1.219793e+00,-9.603886e-01,7.832590e-01
-2.685049e-01,-3.225691e+00,-8.234027e-01,-2.702286e+00,1.051231e-01,3.212379e+00,9.019972e-01,-4.267373e-01,-1.227734e+00,-7.359641e-01,9.068908e-01
1.262325e-02,-2.809655e+00,-6.179061e-01,-2.444631e+00,3.458030e-01,3.177070e+00,1.036265e+00,-5.471761e-01,-1.277973e+00,-8.897372e-01,7.393751e-01
-1.558775e-01,-3.294209e+00,-7.434895e-01,-2.657720e+00,2.979115e-01,3.042516e+00,9.193132e-01,-4.609627e-01,-1.100304e+00,-8.310609e-01,8.507965e-01
-3.715327e-02,-3.218701e+00,-5.993130e-01,-2.684161e+00,2.793942e-01,2.966685e+00,8.753154e-01,-4.822917e-01,-1.271795e+00,-9.995433e-01,7.306356e-01
-1.185620e-01,-3.273377e+00,-7.123867e-01,-2.559754e+00,2.836992e-01,3.104247e+00,8.943019e-01,-3.999513e-01,-1.230497e+00,-1.007651e+00,7.103060e-01
-3.269625e-02,-3.133083e+00,-6.392065e-01,-2.521967e+00,4.002565e-01,3.142568e+00,1.193933e+00,-3.075626e-01,-9.917610e-01,-8.672610e-01,9.034433e-01
-1.129281e-01,-3.135967e+00,-6.974035e-01,-2.929585e+00,2.269872e-01,2.837893e+00,9.013753e-01,-8.346695e-01,-1.385138e+00,-1.093219e+00,6.776324e-01
-6.186610e-01,-3.548215e+00,-1.075184e+00,-3.101206e+00,-5.839206e-02,2.853472e+00,7.480982e-01,-6.524781e-01,-1.329348e+00,-9.167360e-01,9.012118e-01
-3.492635e-01,-3.304478e+00,-8.811096e-01,-2.675430e+00,2.522138e-01,3.032306e+00,1.008464e+00,-4.051570e-01,-1.006635e+00,-9.348932e-01,9.315006e-01
-4.557917e-01,-3.530731e+00,-9.593300e-01,-2.985097e+00,8.913428e-02,2.828728e+00,8.620896e-01,-5.344210e-01,-1.283858e+00,-9.409344e-01,7.806162e-01
-3.319007e-01,-3.434635e+00,-9.312264e-01,-2.818703e+00,1.281291e-01,2.905181e+00,8.621370e-01,-4.487063e-01,-1.274441e+00,-8.337508e-01,7.810431e-01
-2.590925e-01,-3.121614e+00,-7.684254e-01,-2.640412e+00,3.056847e-01,2.958370e+00,9.799452e-01,-5.128470e-01,-1.129535e+00,-1.044231e+00,8.801602e-01
-3.344162e-01,-3.337508e+00,-9.090157e-01,-2.862750e+00,1.435025e-01,2.970486e+00,8.342405e-01,-5.371971e-01,-1.151445e+00,-8.425621e-01,8.032958e-01
2.569763e-01,-2.922071e+00,-4.569529e-01,-2.647507e+00,2.916185e-01,3.029196e+00,9.641073e-01,-5.745803e-01,-1.210491e+00,-9.737251e-01,8.778013e-01
-5.294578e-02,-3.222234e+00,-6.014751e-01,-2.667494e+00,4.818888e-01,3.115307e+00,1.276206e+00,-4.102529e-01,-9.923808e-01,-8.856787e-01,8.540660e-01
2.704071e-01,-2.905002e+00,-5.140706e-01,-2.516067e+00,2.605091e-01,2.894894e+00,8.931282e-01,-7.391693e-01,-1.298255e+00,-1.103860e+00,7.375115e-01
2.162877e-01,-2.873753e+00,-4.209095e-01,-2.458429e+00,3.937998e-01,3.032083e+00,9.068491e-01,-5.380957e-01,-1.294017e+00,-1.032355e+00,7.166501e-01
1.685496e-02,-3.196082e+00,-6.648529e-01,-2.721905e+00,1.931207e-01,2.948427e+00,7.963711e-01,-5.112528e-01,-1.297915e+00,-9.705438e-01,7.742108e-01
2.293920e-01,-3.005603e+00,-4.723799e-01,-2.530786e+00,3.051817e-01,3.041192e+00,8.825977e-01,-4.686106e-01,-1.293405e+00,-9.674673e-01,7.937580e-01
-1.909288e-01,-3.173765e+00,-7.932455e-01,-2.902780e+00,2.553836e-01,2.828964e+00,1.036555e+00,-7.645434e-01,-1.130861e+00,-8.530981e-01,9.113006e-01
-1.560567e-01,-3.246904e+00,-7.221475e-01,-2.696923e+00,2.816264e-01,3.152544e+00,1.132075e+00,-4.653006e-01,-9.327482e-01,-7.670755e-01,9.883706e-01
3.581948e-02,-3.051924e+00,-5.587768e-01,-2.732226e+00,3.199628e-01,2.938077e+00,9.375280e-01,-6.708235e-01,-1.220295e+00,-1.022027e+00,9.051704e-01
-1.706136e-01,-3.282281e+00,-7.577227e-01,-2.702398e+00,1.846893e-01,3.059934e+00,9.832019e-01,-3.978375e-01,-1.033041e+00,-7.275813e-01,1.077763e+00
-1.592006e-01,-3.074180e+00,-7.674168e-01,-2.848472e+00,1.576188e-01,2.740797e+00,7.910469e-01,-7.433586e-01,-1.359001e+00,-9.407567e-01,7.436083e-01
-3.993975e-01,-3.421480e+00,-9.362304e-01,-2.988068e+00,3.017532e-02,2.744613e+00,7.434624e-01,-7.421415e-01,-1.437977e+00,-1.064027e+00,6.076364e-01
-1.120145e-01,-3.259564e+00,-7.198147e-01,-2.716841e+00,2.273859e-01,2.960527e+00,9.872430e-01,-5.405622e-01,-1.059150e+00,-9.105412e-01,9.394329e-01
-2.300321e-01,-3.237623e+00,-7.570246e-01,-2.721536e+00,2.282579e-01,2.883210e+00,8.968516e-01,-5.973093e-01,-1.172310e+00,-9.314501e-01,8.412029e-01
-4.932841e-02,-2.883947e+00,-6.181177e-01,-2.498815e+00,3.527335e-01,3.088116e+00,1.064430e+00,-5.779050e-01,-1.107721e+00,-9.121803e-01,8.742242e-01
-4.404434e-01,-3.260343e+00,-9.688820e-01,-2.905575e+00,6.735164e-02,2.826207e+00,9.285789e-01,-7.457406e-01,-1.308076e+00,-8.959142e-01,8.536465e-01
-1.807135e-01,-3.494333e+00,-7.919691e-01,-2.784766e+00,9.881890e-02,2.824944e+00,6.984593e-01,-4.497092e-01,-1.385374e+00,-8.882692e-01,7.425713e-01
5.127505e-02,-3.085579e+00,-5.504682e-01,-2.635053e+00,3.240928e-01,3.083064e+00,1.013476e+00,-6.115960e-01,-1.174335e+00,-9.925116e-01,7.859302e-01
-1.556037e-01,-3.230793e+00,-6.799836e-01,-2.933156e+00,1.923418e-01,2.921564e+00,9.417044e-01,-7.164412e-01,-1.397591e+00,-9.500611e-01,6.735952e-01
-3.103248e-01,-3.386842e+00,-9.409556e-01,-2.879463e+00,-1.477278e-02,2.733484e+00,7.914176e-01,-7.434764e-01,-1.428815e+00,-1.134756e+00,6.877075e-01
-2.580568e-01,-3.251601e+00,-8.103781e-01,-2.872183e+00,9.168290e-02,2.667716e+00,7.554811e-01,-9.439109e-01,-1.495990e+00,-1.274584e+00,5.998720e-01
1.784804e-01,-2.946040e+00,-5.094490e-01,-2.495068e+00,2.771348e-01,3.084286e+00,9.618863e-01,-5.516961e-01,-1.129286e+00,-1.037244e+00,8.593612e-01
-4.035154e-02,-3.195174e+00,-6.947156e-01,-2.755390e+00,1.308285e-01,2.957753e+00,7.345695e-01,-6.001062e-01,-1.378808e+00,-1.010294e+00,6.486778e-01
-4.335650e-02,-3.146718e+00,-7.112810e-01,-2.614803e+00,2.332559e-01,3.016016e+00,7.910462e-01,-4.408013e-01,-1.269242e+00,-8.915017e-01,7.001881e-01
-3.410819e-01,-3.199120e+00,-8.092503e-01,-2.685788e+00,2.848463e-01,3.233613e+00,9.949551e-01,-4.091244e-01,-1.363001e+00,-9.341050e-01,6.963077e-01
-6.035179e-01,-3.664859e+00,-1.159064e+00,-2.945667e+00,-5.042815e-02,2.909300e+00,8.085604e-01,-3.776489e-01,-1.045075e+00,-7.115629e-01,1.016852e+00
-2.709077e-01,-3.113005e+00,-8.272769e-01,-2.663833e+00,2.204461e-01,3.038623e+00,9.210392e-01,-4.562969e-01,-1.109624e+00,-8.541155e-01,9.697661e-01
-8.316079e-01,-3.584762e+00,-1.105014e+00,-2.758412e+00,2.390930e-01,3.047391e+00,1.184949e+00,-3.517942e-01,-9.283013e-01,-9.319212e-01,9.577877e-01
-1.599568e-01,-3.083465e+00,-7.972695e-01,-2.558285e+00,3.017740e-01,2.960797e+00,1.046082e+00,-4.432171e-01,-1.051942e+00,-9.141825e-01,8.628248e-01
-3.382976e-02,-2.863355e+00,-5.909716e-01,-2.342299e+00,3.539524e-01,3.273413e+00,1.032231e+00,-2.815104e-01,-1.179039e+00,-8.707129e-01,8.846475e-01
-1.686369e-01,-3.404805e+00,-7.125050e-01,-2.791108e+00,2.411912e-01,2.962285e+00,8.528880e-01,-3.984465e-01,-1.200437e+00,-8.755668e-01,8.364222e-01
-7.634987e-02,-3.174766e+00,-6.712553e-01,-2.668961e+00,2.116132e-01,2.949875e+00,8.153165e-01,-4.498992e-01,-1.372440e+00,-9.954352e-01,7.648959e-01
7.588273e-02,-2.947889e+00,-6.584783e-01,-2.491929e+00,2.506191e-01,2.988964e+00,8.339065e-01,-5.893126e-01,-1.257477e+00,-1.029604e+00,8.161868e-01
9.912308e-02,-2.937373e+00,-6.274492e-01,-2.442080e+00,3.270183e-01,2.889608e+00,9.503497e-01,-6.615667e-01,-1.190750e+00,-1.179200e+00,7.472768e-01
3.460861e-02,-2.917162e+00,-5.892084e-01,-2.459117e+00,3.143657e-01,3.082844e+00,9.078134e-01,-4.904465e-01,-1.192151e+00,-9.662454e-01,8.173124e-01
-2.968745e-01,-3.199123e+00,-8.258209e-01,-2.811346e+00,1.727828e-01,2.889980e+00,9.746869e-01,-5.877887e-01,-1.095307e+00,-1.016792e+00,1.002622e+00
-3.286380e-01,-3.337101e+00,-8.700171e-01,-2.573922e+00,2.447605e-01,2.929587e+00,1.009770e+00,-3.781330e-01,-9.955892e-01,-9.368503e-01,8.319849e-01
-1.972045e-01,-3.455384e+00,-7.840623e-01,-2.742489e+00,2.464019e-01,3.012381e+00,1.046026e+00,-2.855367e-01,-1.136151e+00,-7.616640e-01,7.830982e-01
-3.643571e-01,-3.358317e+00,-9.339661e-01,-2.704758e+00,8.004984e-02,2.895335e+00,9.109246e-01,-6.632509e-01,-1.116332e+00,-9.423791e-01,9.516064e-01
-5.953812e-02,-3.255879e+00,-6.341829e-01,-2.609061e+00,3.459762e-01,2.909480e+00,1.006545e+00,-5.383824e-01,-1.018386e+00,-1.007723e+00,9.337239e-01
3.553615e-01,-2.916510e+00,-4.368404e-01,-2.608109e+00,2.207453e-01,2.929096e+00,7.946422e-01,-6.426932e-01,-1.259843e+00,-9.992723e-01,8.819561e-01
-8.884907e-02,-3.100619e+00,-7.192047e-01,-2.633991e+00,1.491607e-01,2.959663e+00,8.706185e-01,-4.578368e-01,-1.276118e+00,-9.165494e-01,8.198518e-01
2.723291e-01,-3.150767e+00,-5.001522e-01,-2.544717e+00,3.493695e-01,3.047409e+00,9.186643e-01,-4.605126e-01,-1.222555e+00,-8.229979e-01,6.537840e-01
2.529586e-01,-2.786929e+00,-4.301129e-01,-2.607156e+00,3.228244e-01,2.969512e+00,8.495450e-01,-6.596780e-01,-1.323148e+00,-1.024125e+00,7.497409e-01
-1.284379e-01,-2.980922e+00,-5.773825e-01,-2.445164e+00,3.952226e-01,3.290928e+00,1.099474e+00,-4.793212e-01,-1.228272e+00,-1.101346e+00,6.144437e-01
4.120139e-03,-3.174114e+00,-6.586612e-01,-2.637206e+00,1.911932e-01,2.946629e+00,8.843814e-01,-6.435889e-01,-1.237307e+00,-1.020356e+00,7.553790e-01
-1.505017e-01,-3.226902e+00,-8.336612e-01,-2.497966e+00,1.656118e-01,2.886840e+00,8.418213e-01,-5.896853e-01,-1.258089e+00,-1.033131e+00,6.372669e-01
-3.067448e-01,-3.211641e+00,-7.947530e-01,-2.741678e+00,2.196170e-01,3.003443e+00,9.790216e-01,-4.912520e-01,-1.198851e+00,-7.665079e-01,8.084480e-01
-1.417097e-01,-3.187691e+00,-5.906755e-01,-2.672334e+00,3.939728e-01,2.998221e+00,1.206081e+00,-6.665439e-01,-1.049291e+00,-1.105253e+00,8.467168e-01
-5.232919e-02,-3.163552e+00,-6.761385e-01,-2.588755e+00,2.649980e-01,2.974865e+00,8.466182e-01,-4.679550e-01,-1.178065e+00,-9.230518e-01,7.543674e-01
-2.147981e-01,-3.176750e+00,-8.457461e-01,-2.669959e+00,1.335438e-01,2.882545e+00,8.600930e-01,-6.123168e-01,-1.189769e+00,-8.797398e-01,8.172225e-01
-4.664826e-01,-3.182018e+00,-9.838018e-01,-2.654216e+00,1.020431e-01,3.081628e+00,9.916381e-01,-3.856834e-01,-1.104837e+00,-7.728622e-01,9.670152e-01
3.041393e-01,-2.858095e+00,-4.200250e-01,-2.390674e+00,3.121976e-01,3.132151e+00,8.381898e-01,-4.993590e-01,-1.350803e+00,-9.934754e-01,6.969355e-01
-2.497523e-01,-3.255625e+00,-8.868803e-01,-2.762454e+00,3.014492e-02,2.862622e+00,7.468438e-01,-7.278804e-01,-1.243345e+00,-1.059607e+00,8.419996e-01
-5.504377e-01,-3.213381e+00,-9.847929e-01,-2.896204e+00,4.264186e-02,2.966898e+00,9.306115e-01,-7.795435e-01,-1.287090e+00,-1.057521e+00,8.438816e-01
6.144003e-02,-2.650786e+00,-5.544541e-01,-2.447826e+00,4.044109e-01,2.988040e+00,1.117285e+00,-6.367291e-01,-1.159692e+00,-9.183118e-01,8.797616e-01
-3.861064e-01,-2.968913e+00,-8.817981e-01,-2.558044e+00,1.541488e-01,2.896204e+00,8.107821e-01,-5.418377e-01,-1.241393e+00,-1.013704e+00,9.010295e-01
-1.495793e-01,-3.232639e+00,-7.661530e-01,-2.590442e+00,2.628198e-01,2.712736e+00,7.422332e-01,-5.949854e-01,-1.170672e+00,-1.225767e+00,7.862643e-01
-1.173700e-01,-3.162625e+00,-6.874585e-01,-2.682501e+00,1.810195e-01,2.954339e+00,8.016173e-01,-4.370400e-01,-1.384028e+00,-9.174989e-01,6.677982e-01
-3.989807e-01,-3.245351e+00,-8.941004e-01,-2.683314e+00,2.028926e-01,3.021769e+00,1.052272e+00,-5.084392e-01,-1.109871e+00,-9.460196e-01,7.947929e-01
4.271833e-03,-2.890113e+00,-6.147567e-01,-2.653423e+00,2.449526e-01,2.990282e+00,9.227861e-01,-6.247058e-01,-1.302746e+00,-9.092229e-01,8.520878e-01
-4.091283e-01,-3.208694e+00,-9.554866e-01,-2.735716e+00,1.158632e-01,2.888272e+00,7.846778e-01,-5.069837e-01,-1.226862e+00,-1.029012e+00,7.499582e-01
-3.518662e-01,-3.214581e+00,-8.364882e-01,-2.754213e+00,1.851828e-01,2.901478e+00,8.374140e-01,-5.834899e-01,-1.285652e+00,-1.087159e+00,7.677566e-01
2.179660e-02,-3.039724e+00,-5.793070e-01,-2.377766e+00,4.599441e-01,3.108124e+00,1.050743e+00,-3.631008e-01,-1.069994e+00,-9.880820e-01,7.184017e-01
-5.792149e-01,-3.474985e+00,-1.053082e+00,-2.699607e+00,1.410832e-01,2.958863e+00,9.426304e-01,-4.596419e-01,-1.266622e+00,-9.248439e-01,6.847117e-01
3.980262e-02,-2.974578e+00,-6.268442e-01,-2.551386e+00,3.200500e-01,2.809516e+00,8.695215e-01,-6.315883e-01,-1.130573e+00,-1.027388e+00,7.360726e-01
-8.526251e-02,-3.077717e+00,-6.398924e-01,-2.521055e+00,2.948589e-01,2.949866e+00,1.013553e+00,-5.102282e-01,-1.064267e+00,-1.053380e+00,9.354427e-01
-1.580142e-01,-3.212087e+00,-7.946908e-01,-2.668025e+00,1.036476e-01,2.921981e+00,7.966086e-01,-4.892788e-01,-1.218930e+00,-9.626278e-01,8.706738e-01
-4.546621e-01,-3.354819e+00,-1.091132e+00,-2.935150e+00,-1.654917e-02,2.638358e+00,6.341177e-01,-6.838422e-01,-1.317040e+00,-1.000920e+00,7.806157e-01
-2.275708e-02,-3.048407e+00,-5.566755e-01,-2.501379e+00,4.980935e-01,3.083996e+00,1.168791e+00,-1.274483e-01,-9.642665e-01,-7.212416e-01,9.934162e-01
-1.593165e-01,-3.149894e+00,-8.071692e-01,-2.657298e+00,1.769802e-01,2.672595e+00,7.926052e-01,-6.911572e-01,-1.189800e+00,-1.100955e+00,8.249916e-01
-2.382722e-01,-3.109971e+00,-6.549724e-01,-2.622714e+00,3.816139e-01,2.874771e+00,1.040396e+00,-5.301304e-01,-1.209950e+00,-1.053235e+00,7.319253e-01
-9.198106e-02,-3.165581e+00,-6.845170e-01,-2.671428e+00,2.667379e-01,3.044165e+00,9.958038e-01,-6.486413e-01,-1.267275e+00,-1.148235e+00,5.680158e-01
2.153228e-01,-2.960186e+00,-5.329758e-01,-2.655846e+00,2.906251e-01,2.849364e+00,9.557330e-01,-7.580502e-01,-1.277424e+00,-9.796530e-01,8.279520e-01
1.815320e-01,-3.029185e+00,-5.231250e-01,-2.732878e+00,2.259058e-01,2.797481e+00,9.138592e-01,-7.339811e-01,-1.256862e+00,-8.750974e-01,9.525383e-01
5.133036e-02,-2.943479e+00,-5.006759e-01,-2.457195e+00,4.109945e-01,3.092315e+00,1.054727e+00,-5.665736e-01,-1.145089e+00,-1.059761e+00,8.374996e-01
-2.050384e-01,-3.277910e+00,-7.343939e-01,-2.706424e+00,1.981100e-01,2.913330e+00,9.373849e-01,-4.478917e-01,-1.187987e+00,-7.529355e-01,8.871373e-01
7.697465e-03,-2.802553e+00,-5.743581e-01,-2.319564e+00,3.985734e-01,2.917316e+00,1.018471e+00,-5.518694e-01,-1.225552e+00,-1.122858e+00,7.653603e-01
-7.743655e-01,-3.369912e+00,-1.126532e+00,-2.876414e+00,1.224306e-01,2.745201e+00,9.392623e-01,-6.370381e-01,-1.255334e+00,-1.012301e+00,6.366407e-01
-2.106700e-01,-3.048328e+00,-6.025344e-01,-2.399267e+00,4.918571e-01,3.008297e+00,1.069298e+00,-4.985419e-01,-1.191713e+00,-1.191831e+00,5.430408e-01
-5.847825e-02,-3.191332e+00,-7.711788e-01,-2.617665e+00,1.331860e-01,2.764038e+00,6.391688e-01,-5.638528e-01,-1.262695e+00,-9.949964e-01,6.709846e-01
-3.753934e-01,-3.464622e+00,-9.333930e-01,-2.685554e+00,1.355046e-01,2.794020e+00,7.591009e-01,-4.833664e-01,-1.264057e+00,-1.046655e+00,7.175304e-01
-1.479407e-01,-2.986971e+00,-8.097984e-01,-2.587495e+00,2.128655e-01,2.907903e+00,9.363688e-01,-5.213827e-01,-1.079249e+00,-7.294780e-01,9.145113e-01
-1.846213e-01,-3.145846e+00,-8.222895e-01,-2.752181e+00,1.719170e-02,2.965812e+00,7.752877e-01,-6.423566e-01,-1.295696e+00,-9.094910e-01,8.025781e-01
1.881756e-01,-2.846380e+00,-5.464144e-01,-2.525765e+00,2.255614e-01,2.995530e+00,8.483514e-01,-5.637059e-01,-1.205460e+00,-9.362262e-01,8.519049e-01
-9.839675e-03,-2.889027e+00,-5.562587e-01,-2.289459e+00,4.676853e-01,2.952244e+00,8.990720e-01,-6.090894e-01,-1.263158e+00,-1.306933e+00,5.369803e-01
-1.163448e-02,-2.786487e+00,-7.444777e-01,-2.533308e+00,1.328683e-01,2.904122e+00,8.240650e-01,-6.725922e-01,-1.258441e+00,-1.032263e+00,7.558956e-01
3.124011e-01,-2.513238e+00,-3.789786e-01,-2.093661e+00,4.928947e-01,3.158911e+00,9.455170e-01,-4.803590e-01,-1.233367e+00,-1.037074e+00,7.281838e-01
-4.443880e-02,-3.164043e+00,-6.523291e-01,-2.710424e+00,3.562274e-01,2.884522e+00,1.080298e+00,-4.520714e-01,-9.715415e-01,-8.664045e-01,9.359366e-01
1.128056e-01,-3.045776e+00,-6.890441e-01,-2.649654e+00,1.439043e-01,2.691241e+00,5.845011e-01,-6.012649e-01,-1.316899e+00,-1.046191e+00,7.254990e-01
-1.205379e-01,-2.910279e+00,-8.373683e-01,-2.589484e+00,1.656594e-01,2.707535e+00,6.426651e-01,-6.944784e-01,-1.318457e+00,-1.170866e+00,6.239595e-01
8.679393e-02,-2.834227e+00,-6.903619e-01,-2.479853e+00,1.988185e-01,2.697679e+00,8.104479e-01,-6.442085e-01,-1.316056e+00,-9.988350e-01,7.589637e-01
-1.406812e-01,-3.099086e+00,-7.637120e-01,-2.496364e+00,2.284651e-01,2.896486e+00,9.109404e-01,-6.378030e-01,-1.145871e+00,-1.175052e+00,7.607260e-01
1.334569e-02,-2.963565e+00,-5.556457e-01,-2.604662e+00,4.788441e-01,2.752231e+00,9.902240e-01,-4.079327e-01,-9.890429e-01,-8.735219e-01,8.734693e-01
3.128383e-01,-2.540964e+00,-3.941784e-01,-2.406257e+00,3.063590e-01,3.001567e+00,9.004643e-01,-5.559744e-01,-1.327997e+00,-1.019015e+00,7.959502e-01
-2.139090e-01,-2.882342e+00,-7.635591e-01,-2.568143e+00,2.831589e-01,2.895243e+00,9.385542e-01,-5.213650e-01,-1.343508e+00,-9.976018e-01,7.468191e-01
-1.322731e-01,-3.029511e+00,-6.121318e-01,-2.514398e+00,4.209154e-01,3.142817e+00,1.103594e+00,-3.719866e-01,-1.052072e+00,-7.391986e-01,8.327455e-01
-4.555388e-02,-2.839929e+00,-5.710516e-01,-2.447765e+00,3.870508e-01,2.916204e+00,1.045401e+00,-4.942786e-01,-1.079138e+00,-1.036834e+00,8.774898e-01
-1.051037e-01,-2.851613e+00,-6.919132e-01,-2.674882e+00,2.230666e-01,2.870063e+00,7.733449e-01,-5.927944e-01,-1.288944e+00,-8.533826e-01,8.851688e-01
7.785476e-02,-2.795531e+00,-4.797933e-01,-2.422255e+00,3.998300e-01,3.140770e+00,9.392965e-01,-4.539829e-01,-1.336627e+00,-8.531602e-01,7.906389e-01
-6.632416e-02,-2.975454e+00,-9.007026e-01,-2.479540e+00,6.527865e-02,2.555403e+00,5.801581e-01,-7.643850e-01,-1.294368e+00,-1.229683e+00,5.738418e-01
6.443991e-02,-2.990301e+00,-5.799380e-01,-2.573958e+00,2.580359e-01,2.942856e+00,7.277716e-01,-5.893773e-01,-1.340560e+00,-9.376337e-01,6.771082e-01
-2.473706e-01,-2.967086e+00,-8.224534e-01,-2.627864e+00,1.711361e-01,2.936883e+00,8.582827e-01,-5.837251e-01,-1.120508e+00,-9.709577e-01,8.216084e-01
-2.020551e-01,-3.022301e+00,-7.292586e-01,-2.543482e+00,3.528874e-01,3.046031e+00,1.157376e+00,-5.238981e-01,-8.923772e-01,-9.086217e-01,1.009184e+00
-1.304866e-01,-2.912474e+00,-7.161806e-01,-2.485490e+00,2.959333e-01,2.871015e+00,9.560047e-01,-6.138580e-01,-1.274841e+00,-1.029273e+00,7.395122e-01
-5.026229e-02,-2.879247e+00,-6.054372e-01,-2.554639e+00,1.982583e-01,2.931530e+00,8.158695e-01,-5.227230e-01,-1.403341e+00,-8.736945e-01,8.234684e-01
-1.773199e-01,-3.206272e+00,-7.620772e-01,-2.521489e+00,1.861786e-01,2.793107e+00,6.796465e-01,-5.685375e-01,-1.388484e+00,-1.154078e+00,6.195440e-01
-3.810462e-01,-3.229931e+00,-8.362952e-01,-2.696360e+00,3.385600e-01,2.958177e+00,1.167493e+00,-5.370489e-01,-8.154051e-01,-9.258797e-01,1.044373e+00
-2.142972e-01,-2.941374e+00,-7.362130e-01,-2.478141e+00,3.501102e-01,2.807764e+00,8.001383e-01,-6.475365e-01,-1.358415e+00,-1.053921e+00,6.147577e-01
4.303534e-02,-2.875552e+00,-7.090288e-01,-2.337847e+00,3.298201e-01,2.927209e+00,9.013390e-01,-3.847404e-01,-9.888814e-01,-7.176026e-01,8.379560e-01
-1.195934e-01,-2.769056e+00,-6.395633e-01,-2.433018e+00,2.792065e-01,3.113294e+00,1.029234e+00,-5.138617e-01,-1.167319e+00,-9.492574e-01,8.227834e-01
-2.823307e-01,-3.129995e+00,-8.487926e-01,-2.611913e+00,1.985288e-01,2.855894e+00,9.819266e-01,-5.820543e-01,-1.038911e+00,-1.015937e+00,7.883430e-01
-3.288544e-01,-3.307703e+00,-9.159463e-01,-2.648579e+00,1.014593e-01,2.526747e+00,5.913462e-01,-7.477837e-01,-1.332383e+00,-1.327527e+00,5.817286e-01
-1.259620e-01,-2.798070e+00,-8.094540e-01,-2.490362e+00,1.357218e-01,2.838441e+00,8.619952e-01,-6.927152e-01,-1.231225e+00,-1.045328e+00,7.672154e-01
-2.692111e-01,-3.008338e+00,-8.718688e-01,-2.471696e+00,1.015575e-01,2.893575e+00,8.522877e-01,-5.153298e-01,-1.109221e+00,-1.003420e+00,8.701804e-01
-1.007473e-01,-2.848027e+00,-6.659466e-01,-2.568862e+00,2.302767e-01,2.911015e+00,9.564147e-01,-6.636193e-01,-1.074934e+00,-9.288820e-01,1.017676e+00
-5.792083e-01,-3.384298e+00,-9.890315e-01,-2.628932e+00,1.327091e-01,2.752037e+00,7.374561e-01,-5.519085e-01,-1.343300e+00,-1.258877e+00,6.008642e-01
3.435385e-01,-2.709278e+00,-3.826260e-01,-2.250875e+00,3.790954e-01,2.979358e+00,8.707682e-01,-4.304309e-01,-1.237245e+00,-9.607088e-01,7.523690e-01
-3.266968e-01,-3.034336e+00,-8.028461e-01,-2.514912e+00,2.740779e-01,3.082028e+00,1.040922e+00,-3.592344e-01,-1.223451e+00,-8.741745e-01,8.141431e-01
6.352492e-02,-2.912208e+00,-5.469233e-01,-2.334587e+00,3.808001e-01,2.917035e+00,8.299456e-01,-3.910836e-01,-1.248816e+00,-9.531386e-01,6.175290e-01
-3.326508e-01,-3.228793e+00,-6.953762e-01,-2.575851e+00,4.068136e-01,3.150792e+00,1.008747e+00,-2.910777e-01,-1.290531e+00,-9.748186e-01,5.954493e-01
6.992392e-02,-2.782072e+00,-6.629026e-01,-2.520381e+00,1.497199e-01,2.734812e+00,7.431811e-01,-7.535526e-01,-1.258542e+00,-1.060201e+00,7.389638e-01
1.401524e-01,-2.698502e+00,-5.995821e-01,-2.346315e+00,3.157917e-01,2.813767e+00,9.320431e-01,-6.218985e-01,-1.241242e+00,-1.131373e+00,7.009916e-01
1.536837e-01,-2.960096e+00,-3.922525e-01,-2.509209e+00,5.132424e-01,2.939216e+00,1.232721e+00,-5.283151e-01,-1.043633e+00,-9.483589e-01,9.380995e-01
1.173882e-02,-2.813775e+00,-5.758184e-01,-2.405720e+00,3.793813e-01,2.959863e+00,9.537735e-01,-5.364447e-01,-1.141043e+00,-1.046796e+00,8.145786e-01
1.356097e-01,-2.688184e+00,-5.396617e-01,-2.509581e+00,1.969145e-01,2.883800e+00,8.580485e-01,-5.718518e-01,-1.261267e+00,-8.246611e-01,9.336764e-01
-1.383171e-01,-2.591828e+00,-6.483579e-01,-2.397955e+00,5.119720e-01,3.047942e+00,9.910316e-01,-6.688439e-01,-1.279136e+00,-1.084466e+00,6.087821e-01
-1.463405e-01,-2.814042e+00,-7.247525e-01,-2.396739e+00,2.914856e-01,2.851936e+00,8.979659e-01,-5.149228e-01,-1.169779e+00,-1.097968e+00,8.481356e-01
2.847878e+00,-2.600065e+00,-3.356496e-02,-1.402005e+00,2.530397e-01,1.624813e+00,-2.368779e-01,1.473222e-02,-6.101108e-01,-3.393477e-01,1.815115e-01
