-4.907740e-01,-3.064563e+00,-1.991510e-01,3.723578e-01,3.325880e-01,-3.620667e-01,1.976698e-01,-1.497887e-02,-3.489116e-01,1.252808e-01,-2.673732e-01
2.722366e-01,-3.150543e+00,-6.457310e-01,1.003330e+00,1.207691e+00,8.476897e-02,4.657864e-01,-3.795952e-01,-9.291519e-02,3.228053e-01,-8.673585e-02
1.065688e+00,-2.732541e+00,-2.376353e-01,6.775526e-01,1.206287e+00,-3.999364e-01,-6.997249e-02,-3.577229e-01,-4.041279e-01,1.313900e-01,8.941286e-03
1.494317e+00,-2.669118e+00,-6.790185e-01,9.568701e-01,1.473257e+00,-9.259596e-01,1.960192e-01,-3.376286e-01,-4.610627e-01,3.825114e-01,1.689054e-01
1.065456e+00,-2.914340e+00,-3.654435e-01,6.374271e-01,1.432738e+00,-1.056085e+00,-1.778105e-01,-9.171208e-02,-1.917796e-01,4.968216e-01,3.419417e-01
1.635797e+00,-2.777427e+00,-9.693529e-02,4.185462e-01,1.685863e+00,-1.087080e+00,-1.887771e-01,1.705012e-01,-2.275751e-01,3.215523e-01,4.121422e-01
2.447574e-01,-3.395911e+00,-1.827670e-01,9.462580e-01,1.644434e+00,-6.112730e-01,-3.955116e-01,-1.744933e-01,-1.552754e-01,2.387554e-01,3.694493e-01
8.956629e-01,-3.266368e+00,-2.257613e-01,1.002972e+00,1.461373e+00,-7.454205e-01,-4.500278e-01,-4.693495e-01,-4.276078e-02,2.962093e-01,8.951372e-01
1.315221e+00,-2.845808e+00,3.392354e-02,1.410055e+00,1.617985e+00,-9.497832e-01,-4.345037e-01,-7.642969e-01,-1.712531e-01,9.782614e-02,8.334897e-01
1.457362e+00,-3.027533e+00,-5.162416e-01,1.422509e+00,1.406541e+00,-7.617018e-01,-2.578741e-01,-9.273288e-01,-2.949381e-01,-1.439671e-01,5.731960e-01
1.163843e+00,-3.382841e+00,-6.816400e-01,1.317993e+00,1.351944e+00,-8.180244e-01,-1.947803e-01,-7.718167e-01,-6.749164e-02,4.733960e-01,6.951013e-01
1.409754e+00,-2.781068e+00,-5.794762e-01,1.664331e+00,1.664226e+00,-8.557905e-01,-1.140807e-01,-5.460238e-01,-2.781779e-01,4.912065e-01,3.874289e-01
1.264730e+00,-2.907729e+00,-7.104750e-01,1.636891e+00,1.826659e+00,-6.021370e-01,6.470712e-02,-5.239481e-01,-3.032299e-01,6.383532e-01,3.819639e-01
1.336186e+00,-2.771629e+00,-4.714725e-01,1.638857e+00,1.950232e+00,-8.447602e-01,-1.598571e-01,-7.939157e-01,-2.128482e-01,5.825119e-01,5.002041e-01
8.319217e-01,-2.845616e+00,-4.371816e-01,1.206273e+00,1.873992e+00,-8.240350e-01,-4.321288e-01,-1.076172e+00,-2.616401e-01,5.737253e-01,2.966407e-01
9.623392e-01,-2.580988e+00,-2.631404e-01,1.136228e+00,2.599735e+00,-1.535736e-01,-6.510888e-02,-7.650021e-01,-4.038194e-02,3.757978e-01,-6.192807e-02
1.464830e+00,-2.353193e+00,-2.170135e-01,9.551309e-01,2.124746e+00,-6.468888e-01,-4.555367e-01,-9.326276e-01,3.532430e-02,7.433756e-01,2.921462e-01
5.618895e-01,-3.116055e+00,-4.284075e-01,1.152556e+00,2.519555e+00,-3.078235e-01,2.129591e-01,-6.808412e-01,3.635356e-02,8.111800e-01,3.850093e-02
8.292444e-01,-2.764670e+00,6.501417e-02,9.634070e-01,2.421266e+00,-4.067109e-01,-2.452321e-01,-1.137649e+00,-5.172317e-01,4.577614e-01,2.500426e-02
6.159272e-01,-2.789371e+00,3.162794e-01,1.178318e+00,2.616759e+00,2.218690e-01,3.212186e-01,-6.022621e-01,-2.489660e-01,6.296559e-01,4.478099e-01
3.687034e-01,-3.057832e+00,1.136422e-01,7.468630e-01,1.843929e+00,9.120840e-02,2.076528e-01,-8.446777e-01,-4.524862e-01,7.498784e-01,7.969169e-01
1.190459e-01,-3.407191e+00,-2.106798e-01,6.079669e-01,1.454138e+00,-2.409564e-01,4.081087e-02,-8.459465e-01,-6.206114e-01,6.731935e-01,8.002045e-01
2.278394e-01,-3.174337e+00,1.376814e-01,7.654672e-01,1.711598e+00,-1.273053e-02,3.168668e-01,-8.532425e-01,-6.255616e-01,8.936676e-01,6.619371e-01
5.287623e-01,-3.349355e+00,2.688017e-01,6.303297e-01,1.705954e+00,-8.831611e-02,1.390604e-01,-6.478692e-01,-6.207340e-01,6.784594e-01,6.169800e-01
4.337773e-01,-3.664484e+00,3.115371e-01,6.102054e-01,1.706923e+00,-2.836006e-01,-8.262678e-02,-8.249167e-01,-3.954260e-01,6.275549e-01,8.115489e-01
8.144071e-01,-3.732743e+00,4.483505e-01,8.831492e-01,1.827241e+00,-3.341510e-01,-2.713556e-02,-8.524509e-01,-2.880208e-01,3.355705e-01,8.216252e-01
6.930654e-01,-3.769318e+00,3.027238e-01,1.241317e+00,1.930289e+00,-2.955568e-01,1.231619e-01,-7.034673e-01,-1.416178e-01,5.922191e-01,1.013239e+00
4.657858e-01,-4.004169e+00,1.383240e-01,1.418131e+00,2.038066e+00,-4.958347e-01,9.376999e-02,-9.565796e-01,-6.003466e-01,2.649055e-01,4.546013e-01
7.497786e-01,-3.978142e+00,2.197163e-01,1.370116e+00,2.077029e+00,-2.052085e-01,4.913537e-01,-4.698037e-01,-7.848919e-02,5.497583e-01,6.807310e-01
5.549568e-01,-4.224713e+00,-7.093559e-03,1.150820e+00,1.769563e+00,-3.870881e-01,7.766242e-02,-5.273843e-01,-1.139703e-01,4.506693e-01,7.836476e-01
5.954390e-01,-4.172433e+00,4.051080e-01,1.443513e+00,2.036885e+00,-3.297436e-01,-4.388956e-02,-7.128924e-01,-4.237797e-01,1.659734e-01,6.760630e-01
3.264883e-01,-4.363220e+00,2.407185e-01,1.419467e+00,2.103969e+00,-3.480676e-01,1.929805e-02,-6.689837e-01,-4.109038e-01,2.513820e-01,6.052031e-01
5.773688e-01,-4.295490e+00,3.361495e-01,1.810481e+00,2.362971e+00,-2.272521e-01,3.011498e-01,-4.137252e-01,-3.555269e-01,4.684650e-01,6.031709e-01
7.645980e-01,-4.388030e+00,3.954883e-01,1.987603e+00,2.331682e+00,-2.043370e-01,2.165219e-01,-6.536266e-01,-5.759082e-01,3.658664e-01,6.660806e-01
6.318443e-01,-4.899393e+00,-9.214496e-02,1.704785e+00,1.896796e+00,-3.185961e-01,2.357977e-01,-4.896977e-01,-2.750333e-01,6.886897e-01,8.787146e-01
8.121046e-01,-4.573683e+00,9.532263e-02,1.979864e+00,2.074197e+00,-1.185844e-01,3.149550e-01,-4.424360e-01,-4.602397e-01,4.546983e-01,6.685927e-01
-1.343526e-01,-5.507682e+00,-6.480814e-01,1.463055e+00,1.731461e+00,-4.062309e-01,1.278715e-01,-5.292626e-01,-4.741834e-01,5.266765e-01,7.690517e-01
2.900834e-01,-5.288182e+00,-2.887571e-01,1.705223e+00,2.062760e+00,-2.149381e-01,3.913798e-01,-3.604854e-01,-2.556971e-01,6.363805e-01,9.067239e-01
2.135582e-01,-5.346895e+00,-4.391219e-01,1.724866e+00,1.914217e+00,-2.508056e-01,2.299969e-01,-4.093298e-01,-3.606659e-01,6.940580e-01,8.154204e-01
1.202805e-02,-5.571162e+00,-6.337572e-01,1.833056e+00,2.118268e+00,-1.855770e-01,6.138538e-01,-3.325255e-01,-1.550450e-01,7.854521e-01,7.360675e-01
-2.254469e-01,-5.704890e+00,-5.834044e-01,2.020994e+00,2.387777e+00,2.685756e-02,5.665028e-01,-2.842497e-01,-4.028536e-01,4.620819e-01,4.844206e-01
-4.742605e-01,-5.955205e+00,-8.249253e-01,1.730221e+00,2.110686e+00,-2.149645e-01,1.860245e-01,-3.631949e-01,-4.951791e-01,4.847663e-01,6.744239e-01
-4.131355e-01,-5.964141e+00,-8.646664e-01,1.618973e+00,1.989336e+00,-2.570005e-01,1.687007e-01,-2.931924e-01,-4.177741e-01,5.325146e-01,7.459470e-01
-5.356009e-01,-6.240394e+00,-1.028576e+00,1.513612e+00,2.043709e+00,-2.714580e-01,4.106196e-01,-9.868415e-02,-1.899018e-01,7.463148e-01,8.552761e-01
-4.609883e-01,-6.089975e+00,-1.236425e+00,1.543291e+00,1.824553e+00,-4.951760e-01,2.507872e-01,-3.051944e-01,-4.975149e-01,6.244774e-01,6.650103e-01
-6.104161e-01,-6.353961e+00,-1.430848e+00,1.327447e+00,1.678107e+00,-6.860848e-01,1.840091e-01,-3.781525e-01,-6.131574e-01,6.760256e-01,5.922951e-01
-7.848096e-01,-6.538313e+00,-1.716054e+00,1.293511e+00,1.591598e+00,-8.560092e-01,2.236290e-01,-5.294095e-01,-6.151254e-01,6.271400e-01,5.503196e-01
-6.605427e-01,-6.334614e+00,-1.593674e+00,1.521399e+00,1.689370e+00,-7.480660e-01,2.559184e-01,-4.819541e-01,-6.412074e-01,7.022182e-01,5.740923e-01
-1.085199e+00,-6.701713e+00,-1.841092e+00,1.340668e+00,1.618906e+00,-7.896446e-01,2.231136e-01,-4.506106e-01,-6.232171e-01,7.834578e-01,6.361983e-01
-8.373434e-01,-6.547402e+00,-1.656850e+00,1.403961e+00,1.668560e+00,-8.186778e-01,1.850706e-01,-5.630540e-01,-6.723337e-01,6.640982e-01,5.693586e-01
-1.034774e+00,-6.681004e+00,-1.727096e+00,1.512365e+00,1.909511e+00,-5.129920e-01,5.909041e-01,-1.710617e-01,-4.464939e-01,8.409166e-01,5.462109e-01
-4.752770e-01,-6.226969e+00,-1.508972e+00,1.483317e+00,1.697439e+00,-7.694828e-01,2.102791e-01,-4.812461e-01,-6.960025e-01,6.561290e-01,4.925330e-01
-6.360771e-01,-6.452105e+00,-1.704962e+00,1.290176e+00,1.563150e+00,-9.122373e-01,1.722133e-01,-5.340397e-01,-7.928893e-01,6.072111e-01,4.037399e-01
-3.834675e-01,-6.213019e+00,-1.507984e+00,1.437996e+00,1.680945e+00,-7.897694e-01,2.804669e-01,-4.603629e-01,-6.391926e-01,6.898089e-01,5.528085e-01
-4.296021e-01,-6.181478e+00,-1.534339e+00,1.508687e+00,1.671730e+00,-7.655036e-01,2.700283e-01,-4.767771e-01,-6.525377e-01,7.009450e-01,5.434151e-01
-9.519695e-01,-6.688406e+00,-1.834764e+00,1.218693e+00,1.511014e+00,-9.097762e-01,1.393329e-01,-6.228419e-01,-7.552027e-01,6.043298e-01,4.180702e-01
-7.228295e-01,-6.569479e+00,-1.493851e+00,1.426029e+00,1.870343e+00,-6.914834e-01,3.656717e-01,-4.870508e-01,-5.830127e-01,6.997911e-01,4.530196e-01
-8.615924e-01,-6.490868e+00,-1.542445e+00,1.596359e+00,1.855274e+00,-5.966674e-01,3.205244e-01,-5.161040e-01,-6.945585e-01,6.536423e-01,3.893140e-01
-7.490064e-01,-6.424021e+00,-1.528183e+00,1.622323e+00,1.819448e+00,-6.071578e-01,3.169392e-01,-5.511685e-01,-6.523544e-01,6.821164e-01,3.748946e-01
-8.243826e-01,-6.464198e+00,-1.613297e+00,1.476939e+00,1.722073e+00,-6.293022e-01,3.307154e-01,-4.317042e-01,-5.267045e-01,7.644579e-01,5.969692e-01
-4.094816e-01,-6.251919e+00,-1.464481e+00,1.485465e+00,1.682602e+00,-7.361020e-01,2.920256e-01,-5.269110e-01,-6.171100e-01,7.037810e-01,4.586349e-01
-5.885416e-01,-6.439508e+00,-1.598337e+00,1.318125e+00,1.588985e+00,-8.051518e-01,2.186219e-01,-5.375593e-01,-6.517009e-01,6.606248e-01,4.264772e-01
-4.288558e-01,-6.262408e+00,-1.561302e+00,1.407290e+00,1.576049e+00,-8.287081e-01,2.413966e-01,-5.526451e-01,-6.587821e-01,6.693836e-01,4.595239e-01
-5.172819e-01,-6.313224e+00,-1.529428e+00,1.427496e+00,1.670144e+00,-7.643346e-01,2.687907e-01,-5.030431e-01,-5.784678e-01,6.820545e-01,5.439782e-01
-8.540377e-01,-6.600773e+00,-1.711050e+00,1.351281e+00,1.607340e+00,-7.907326e-01,2.224622e-01,-5.064919e-01,-6.278669e-01,7.397159e-01,5.521417e-01
-8.583737e-01,-6.487483e+00,-1.665560e+00,1.482293e+00,1.671120e+00,-7.414081e-01,2.206961e-01,-5.137285e-01,-6.450974e-01,6.919888e-01,5.595786e-01
-1.099447e+00,-6.778459e+00,-1.827461e+00,1.271478e+00,1.611639e+00,-8.216810e-01,1.806512e-01,-5.146286e-01,-6.807675e-01,6.551335e-01,4.823208e-01
-7.463965e-01,-6.449453e+00,-1.652659e+00,1.456037e+00,1.697911e+00,-7.907614e-01,2.598470e-01,-4.669452e-01,-6.633768e-01,6.981618e-01,5.780716e-01
-7.612579e-01,-6.442869e+00,-1.716834e+00,1.410666e+00,1.640898e+00,-7.770458e-01,2.371396e-01,-4.033813e-01,-6.489659e-01,7.384908e-01,6.036009e-01
-4.225436e-01,-6.360703e+00,-1.528242e+00,1.381166e+00,1.670567e+00,-8.464985e-01,2.738440e-01,-4.611108e-01,-6.695697e-01,7.172238e-01,5.158141e-01
-8.662122e-01,-6.572767e+00,-1.902288e+00,1.242074e+00,1.464723e+00,-9.665398e-01,1.612916e-01,-5.299304e-01,-7.021208e-01,6.742612e-01,6.415297e-01
-6.489461e-01,-6.416647e+00,-1.623889e+00,1.383624e+00,1.664937e+00,-8.007538e-01,2.232216e-01,-4.242764e-01,-6.828964e-01,7.184682e-01,5.445131e-01
-7.611921e-01,-6.360391e+00,-1.655418e+00,1.559698e+00,1.703508e+00,-7.148810e-01,2.588996e-01,-4.738137e-01,-6.928370e-01,6.655003e-01,5.298779e-01
-1.365391e+00,-6.981039e+00,-2.020869e+00,1.136282e+00,1.516710e+00,-8.976923e-01,1.529959e-01,-5.558099e-01,-6.126760e-01,7.263726e-01,6.818479e-01
-1.245258e+00,-6.788374e+00,-1.869638e+00,1.352511e+00,1.670188e+00,-7.166201e-01,3.097182e-01,-4.347072e-01,-5.275713e-01,8.182793e-01,6.993304e-01
-8.149799e-01,-6.438440e+00,-1.734619e+00,1.477647e+00,1.568015e+00,-7.434668e-01,1.815238e-01,-5.867225e-01,-6.738932e-01,6.720527e-01,4.216882e-01
-5.077075e-01,-6.281611e+00,-1.556253e+00,1.486378e+00,1.648486e+00,-7.220979e-01,2.563402e-01,-5.382503e-01,-6.126074e-01,7.026173e-01,4.601486e-01
-6.015621e-01,-6.416532e+00,-1.661815e+00,1.373045e+00,1.583285e+00,-7.476787e-01,3.369537e-01,-4.926589e-01,-5.176337e-01,7.925351e-01,5.417233e-01
-3.654862e-01,-6.146771e+00,-1.549023e+00,1.428940e+00,1.529776e+00,-7.778938e-01,1.513609e-01,-5.836770e-01,-6.751300e-01,6.321295e-01,4.141797e-01
-6.728364e-01,-6.378921e+00,-1.753481e+00,1.366225e+00,1.438473e+00,-8.506680e-01,1.328314e-01,-6.825486e-01,-7.305575e-01,5.579614e-01,3.640706e-01
-5.766906e-01,-6.448771e+00,-1.578222e+00,1.384312e+00,1.641761e+00,-7.721724e-01,2.559758e-01,-5.679644e-01,-5.984365e-01,7.354173e-01,4.757255e-01
-8.811442e-01,-6.576275e+00,-1.690780e+00,1.435335e+00,1.709659e+00,-6.660363e-01,3.816400e-01,-4.218387e-01,-4.094487e-01,8.856226e-01,7.374775e-01
-1.226826e+00,-6.770011e+00,-1.900490e+00,1.391520e+00,1.636471e+00,-7.175334e-01,3.012898e-01,-4.907766e-01,-5.579886e-01,8.004534e-01,6.113456e-01
-1.233048e+00,-6.920191e+00,-1.972008e+00,1.195688e+00,1.516136e+00,-9.047124e-01,1.436075e-01,-6.308831e-01,-6.927433e-01,6.375048e-01,4.655859e-01
-7.809888e-01,-6.538084e+00,-1.734461e+00,1.417899e+00,1.642347e+00,-7.830316e-01,2.878357e-01,-4.791960e-01,-6.271446e-01,7.719602e-01,5.475987e-01
-6.197707e-01,-6.368414e+00,-1.673239e+00,1.447553e+00,1.642609e+00,-7.788898e-01,2.705809e-01,-4.497044e-01,-6.358886e-01,7.248590e-01,5.591016e-01
-1.179983e+00,-6.892753e+00,-2.180094e+00,1.018710e+00,1.257695e+00,-1.078626e+00,7.499190e-02,-6.078320e-01,-7.158763e-01,6.855822e-01,6.026065e-01
-4.416124e-01,-6.249294e+00,-1.553297e+00,1.477346e+00,1.699290e+00,-8.061136e-01,2.969095e-01,-4.726133e-01,-6.748644e-01,6.553732e-01,5.163826e-01
-8.446667e-01,-6.690702e+00,-1.839009e+00,1.215503e+00,1.518125e+00,-9.696672e-01,1.154739e-01,-5.958640e-01,-7.876418e-01,6.522255e-01,4.336553e-01
-7.641408e-01,-6.536568e+00,-1.679381e+00,1.423100e+00,1.736955e+00,-8.164124e-01,2.966206e-01,-4.668541e-01,-6.615492e-01,7.232641e-01,5.837639e-01
-9.627658e-01,-6.630570e+00,-1.779290e+00,1.398370e+00,1.661461e+00,-8.120082e-01,1.975041e-01,-5.465461e-01,-7.063558e-01,6.334719e-01,5.152291e-01
-8.657396e-01,-6.573431e+00,-1.670779e+00,1.423161e+00,1.764606e+00,-7.178705e-01,3.302867e-01,-3.991926e-01,-6.001851e-01,7.383921e-01,5.783773e-01
-6.583121e-01,-6.284350e+00,-1.629555e+00,1.521346e+00,1.645073e+00,-7.510558e-01,2.526226e-01,-4.668518e-01,-6.064576e-01,7.621786e-01,6.193550e-01
-5.676508e-01,-6.404710e+00,-1.572848e+00,1.335606e+00,1.642806e+00,-8.499553e-01,1.868335e-01,-5.502301e-01,-7.285938e-01,5.950659e-01,4.171661e-01
-3.065864e-01,-6.219327e+00,-1.395709e+00,1.409197e+00,1.725171e+00,-7.992572e-01,2.955399e-01,-4.741879e-01,-6.033073e-01,6.977232e-01,5.973723e-01
-6.631636e-01,-6.436975e+00,-1.644530e+00,1.315254e+00,1.584742e+00,-7.832756e-01,2.222786e-01,-4.679328e-01,-6.116714e-01,7.119164e-01,5.353807e-01
-6.961598e-01,-6.468350e+00,-1.659936e+00,1.325972e+00,1.543179e+00,-8.453355e-01,1.295016e-01,-6.069601e-01,-7.591181e-01,5.964605e-01,3.834111e-01
-7.307077e-01,-6.413427e+00,-1.499518e+00,1.559674e+00,1.829626e+00,-5.932311e-01,3.919653e-01,-4.374294e-01,-5.132881e-01,7.397621e-01,5.560274e-01
-1.207117e+00,-6.747615e+00,-1.788988e+00,1.333924e+00,1.658599e+00,-7.035026e-01,1.788571e-01,-5.292555e-01,-6.719357e-01,6.410633e-01,4.547333e-01
-1.219145e+00,-6.797238e+00,-1.822568e+00,1.390543e+00,1.688618e+00,-6.661465e-01,3.005231e-01,-4.903772e-01,-6.005188e-01,7.485174e-01,5.140772e-01
-7.442165e-01,-6.441057e+00,-1.576862e+00,1.439116e+00,1.718673e+00,-7.523954e-01,2.430544e-01,-6.057943e-01,-6.311919e-01,6.075166e-01,4.705802e-01
-7.044369e-01,-6.310949e+00,-1.626144e+00,1.484106e+00,1.636116e+00,-6.916989e-01,2.604413e-01,-4.733736e-01,-6.009350e-01,7.260135e-01,5.515915e-01
-6.840104e-01,-6.389086e+00,-1.752862e+00,1.310579e+00,1.457899e+00,-8.767847e-01,1.429219e-01,-5.643665e-01,-6.604122e-01,7.071227e-01,5.821269e-01
-3.775564e-01,-6.171814e+00,-1.481812e+00,1.458762e+00,1.657651e+00,-7.322470e-01,2.598438e-01,-4.393571e-01,-6.168007e-01,7.060396e-01,5.617776e-01
-7.022627e-01,-6.449344e+00,-1.709474e+00,1.309340e+00,1.578464e+00,-8.695379e-01,2.075771e-01,-5.061365e-01,-6.989481e-01,6.783751e-01,5.465555e-01
-6.933060e-01,-6.402370e+00,-1.641535e+00,1.363649e+00,1.616203e+00,-8.098111e-01,1.616720e-01,-4.786260e-01,-6.673978e-01,7.047633e-01,5.994342e-01
-9.459981e-01,-6.551259e+00,-1.752176e+00,1.453843e+00,1.718337e+00,-7.259622e-01,3.102516e-01,-3.741246e-01,-6.060853e-01,7.878791e-01,6.288665e-01
-9.817204e-01,-6.604859e+00,-1.792535e+00,1.392156e+00,1.648045e+00,-8.494579e-01,1.814536e-01,-5.785061e-01,-7.449706e-01,5.773708e-01,4.580138e-01
-8.920716e-01,-6.576784e+00,-1.740029e+00,1.468916e+00,1.728169e+00,-7.543672e-01,2.969008e-01,-4.725485e-01,-6.803752e-01,6.947296e-01,4.891298e-01
-6.682399e-01,-6.292004e+00,-1.668962e+00,1.560399e+00,1.687827e+00,-7.137396e-01,3.128306e-01,-4.148134e-01,-6.073457e-01,7.338248e-01,6.092134e-01
-7.224717e-01,-6.368860e+00,-1.767846e+00,1.436771e+00,1.551285e+00,-7.870336e-01,2.179919e-01,-4.800787e-01,-6.444654e-01,6.810199e-01,5.439750e-01
-8.231971e-01,-6.593006e+00,-1.869085e+00,1.247654e+00,1.480232e+00,-9.511054e-01,1.879224e-01,-5.678502e-01,-7.212799e-01,6.224439e-01,4.977105e-01
-5.295114e-01,-6.283672e+00,-1.607558e+00,1.522047e+00,1.637674e+00,-7.210695e-01,2.874588e-01,-4.382812e-01,-5.987405e-01,7.660669e-01,5.549846e-01
-9.600950e-01,-6.641267e+00,-1.802507e+00,1.368035e+00,1.617470e+00,-7.461930e-01,2.967044e-01,-4.375249e-01,-5.483443e-01,8.124863e-01,6.231043e-01
-9.405074e-01,-6.612692e+00,-1.749479e+00,1.436731e+00,1.657041e+00,-7.682388e-01,2.839534e-01,-5.707595e-01,-5.972984e-01,6.931756e-01,5.422285e-01
-1.076350e+00,-6.787243e+00,-1.814786e+00,1.385428e+00,1.652196e+00,-7.536218e-01,2.691023e-01,-5.523275e-01,-5.932924e-01,7.515075e-01,4.820530e-01
-7.531392e-01,-6.432889e+00,-1.645348e+00,1.536475e+00,1.674058e+00,-6.992991e-01,2.906152e-01,-5.539170e-01,-6.110367e-01,7.142207e-01,4.785250e-01
-8.522711e-01,-6.627801e+00,-1.817253e+00,1.307404e+00,1.511240e+00,-8.291923e-01,2.523667e-01,-5.901454e-01,-5.460508e-01,7.613181e-01,5.117273e-01
-3.679665e-01,-6.411708e+00,-1.504920e+00,1.319662e+00,1.621226e+00,-8.643948e-01,2.587847e-01,-6.276540e-01,-6.321116e-01,6.803124e-01,4.233592e-01
-3.010016e-01,-6.143433e+00,-1.468896e+00,1.493641e+00,1.642870e+00,-7.194683e-01,2.894038e-01,-5.066195e-01,-5.998893e-01,7.261857e-01,4.676891e-01
-9.037298e-01,-6.686128e+00,-1.909076e+00,1.087797e+00,1.376736e+00,-9.741235e-01,1.049806e-01,-6.788849e-01,-6.999266e-01,5.870896e-01,3.870793e-01
-4.441056e-01,-6.214231e+00,-1.509220e+00,1.525009e+00,1.700028e+00,-7.106006e-01,3.180917e-01,-5.207360e-01,-5.960474e-01,6.976026e-01,4.989498e-01
-8.377079e-01,-6.470320e+00,-1.715774e+00,1.433838e+00,1.645943e+00,-7.720543e-01,2.273254e-01,-5.605826e-01,-6.100814e-01,7.110523e-01,5.786380e-01
-1.294765e+00,-6.816400e+00,-2.022687e+00,1.270005e+00,1.472322e+00,-8.758678e-01,7.600197e-02,-6.275179e-01,-7.728935e-01,6.853475e-01,5.113036e-01
-1.339693e+00,-6.934626e+00,-1.976559e+00,1.218074e+00,1.591184e+00,-8.975566e-01,1.479740e-01,-6.490608e-01,-8.157782e-01,4.968542e-01,3.788397e-01
-8.192744e-01,-6.414910e+00,-1.631329e+00,1.499989e+00,1.764963e+00,-6.966094e-01,2.912720e-01,-4.189065e-01,-6.208991e-01,7.334964e-01,6.015019e-01
-9.598548e-01,-6.558120e+00,-1.943119e+00,1.324659e+00,1.467142e+00,-9.364388e-01,1.304716e-01,-5.675468e-01,-7.929418e-01,6.564423e-01,5.366139e-01
-5.796466e-01,-6.216954e+00,-1.618767e+00,1.501430e+00,1.662442e+00,-6.983195e-01,2.961014e-01,-3.604554e-01,-5.788059e-01,7.538894e-01,6.252317e-01
-6.024244e-01,-6.282306e+00,-1.672504e+00,1.422354e+00,1.573789e+00,-8.480715e-01,1.765018e-01,-5.136310e-01,-7.643037e-01,6.146315e-01,5.069023e-01
-8.638764e-01,-6.529164e+00,-1.789863e+00,1.320241e+00,1.530200e+00,-8.227336e-01,1.875635e-01,-4.799441e-01,-6.616366e-01,6.775127e-01,5.353215e-01
-6.648920e-01,-6.289546e+00,-1.591359e+00,1.581552e+00,1.692961e+00,-6.633366e-01,2.796107e-01,-4.419073e-01,-6.071014e-01,7.021929e-01,5.316972e-01
-9.143835e-01,-6.604709e+00,-1.667902e+00,1.437762e+00,1.735709e+00,-7.386248e-01,3.128285e-01,-4.564272e-01,-5.516645e-01,7.814823e-01,6.820682e-01
-7.392094e-01,-6.417034e+00,-1.566880e+00,1.549460e+00,1.764111e+00,-6.690638e-01,3.131305e-01,-4.655133e-01,-5.475859e-01,7.489249e-01,5.752445e-01
-1.058258e+00,-6.625659e+00,-1.848466e+00,1.337657e+00,1.510468e+00,-7.973039e-01,1.398353e-01,-5.196999e-01,-6.775374e-01,6.801907e-01,5.241166e-01
-4.580659e-01,-6.244586e+00,-1.518733e+00,1.520425e+00,1.656788e+00,-7.263950e-01,2.706813e-01,-5.117564e-01,-6.228158e-01,6.629481e-01,4.595330e-01
-6.140628e-01,-6.399603e+00,-1.616002e+00,1.311644e+00,1.541997e+00,-8.115955e-01,1.667133e-01,-4.815577e-01,-6.330170e-01,7.356000e-01,5.581634e-01
-6.626473e-01,-6.316056e+00,-1.674406e+00,1.407841e+00,1.545046e+00,-7.629370e-01,2.303210e-01,-4.704230e-01,-6.236228e-01,7.042308e-01,5.481002e-01
-5.612819e-01,-6.227301e+00,-1.599330e+00,1.459729e+00,1.578079e+00,-7.801446e-01,1.587238e-01,-5.633190e-01,-6.583893e-01,6.195789e-01,5.013880e-01
-1.200066e+00,-6.848017e+00,-1.967310e+00,1.124013e+00,1.425879e+00,-9.533955e-01,8.802203e-02,-6.634229e-01,-7.350911e-01,5.906747e-01,4.701718e-01
-1.086242e+00,-6.552797e+00,-1.762583e+00,1.465387e+00,1.670762e+00,-6.912639e-01,2.181352e-01,-5.083559e-01,-6.306270e-01,7.342744e-01,6.065535e-01
-8.840674e-01,-6.556844e+00,-1.509669e+00,1.509827e+00,1.882288e+00,-6.361449e-01,2.948445e-01,-4.856708e-01,-6.531707e-01,7.084437e-01,5.372940e-01
-8.580125e-01,-6.513402e+00,-1.655118e+00,1.468035e+00,1.759759e+00,-6.793564e-01,3.215554e-01,-4.603989e-01,-5.940152e-01,7.453574e-01,5.896428e-01
-6.500966e-01,-6.430204e+00,-1.617966e+00,1.423984e+00,1.715024e+00,-7.622927e-01,2.568773e-01,-5.175851e-01,-6.860930e-01,6.820964e-01,4.446123e-01
-4.004413e-01,-6.124495e+00,-1.532075e+00,1.533909e+00,1.696020e+00,-7.376994e-01,3.041300e-01,-4.587509e-01,-6.397769e-01,7.199389e-01,5.643235e-01
-5.629937e-01,-6.300255e+00,-1.692752e+00,1.382280e+00,1.561973e+00,-8.131625e-01,1.831418e-01,-4.825834e-01,-7.074580e-01,6.934698e-01,4.953422e-01
-5.719788e-01,-6.263974e+00,-1.675656e+00,1.440108e+00,1.600873e+00,-7.701785e-01,2.691142e-01,-4.451274e-01,-6.249274e-01,7.273638e-01,5.628178e-01
-5.429208e-01,-6.234143e+00,-1.605904e+00,1.493209e+00,1.621042e+00,-7.780020e-01,2.057610e-01,-5.323662e-01,-7.221782e-01,6.446823e-01,4.228666e-01
-8.326976e-01,-6.427196e+00,-1.684393e+00,1.528353e+00,1.733152e+00,-6.541673e-01,3.311206e-01,-4.265002e-01,-5.519384e-01,7.412406e-01,5.871268e-01
-7.609941e-01,-6.518399e+00,-1.616037e+00,1.445284e+00,1.716509e+00,-7.987269e-01,2.463314e-01,-5.655424e-01,-6.493508e-01,6.881980e-01,5.390831e-01
-1.062890e+00,-6.644111e+00,-1.829835e+00,1.431334e+00,1.632542e+00,-7.644858e-01,2.221729e-01,-5.869215e-01,-6.859629e-01,5.683945e-01,4.212526e-01
-6.705853e-01,-6.366032e+00,-1.602319e+00,1.546706e+00,1.707358e+00,-7.007541e-01,2.997369e-01,-4.789308e-01,-6.116587e-01,7.010282e-01,5.136012e-01
-8.039612e-01,-6.499724e+00,-1.732248e+00,1.380950e+00,1.590808e+00,-7.854870e-01,2.703632e-01,-4.944648e-01,-5.902168e-01,7.052112e-01,5.676215e-01
-6.051081e-01,-6.294426e+00,-1.681638e+00,1.495452e+00,1.601284e+00,-7.133228e-01,3.049987e-01,-4.297774e-01,-5.673725e-01,7.227569e-01,5.249192e-01
-5.902189e-01,-6.304265e+00,-1.658101e+00,1.469469e+00,1.571177e+00,-7.826222e-01,2.193241e-01,-4.769053e-01,-6.492149e-01,7.341674e-01,5.810102e-01
-8.240114e-01,-6.479488e+00,-1.765593e+00,1.422085e+00,1.566817e+00,-7.873316e-01,1.966327e-01,-5.611359e-01,-6.777668e-01,6.143387e-01,4.643222e-01
-9.144303e-01,-6.532671e+00,-1.754370e+00,1.497479e+00,1.648731e+00,-6.949507e-01,3.074777e-01,-4.826339e-01,-5.658278e-01,7.400322e-01,5.669573e-01
-8.544035e-01,-6.476926e+00,-1.590030e+00,1.661957e+00,1.886935e+00,-4.961965e-01,5.008913e-01,-3.318414e-01,-4.413337e-01,8.234715e-01,5.874448e-01
-1.046465e+00,-6.610029e+00,-1.810088e+00,1.359868e+00,1.546907e+00,-8.143193e-01,1.094006e-01,-6.180280e-01,-6.942202e-01,6.451799e-01,5.135265e-01
-7.975142e-01,-6.432762e+00,-1.667804e+00,1.443516e+00,1.647392e+00,-7.428671e-01,2.670451e-01,-4.797181e-01,-5.803158e-01,7.320178e-01,6.006202e-01
-4.564956e-01,-6.215309e+00,-1.527759e+00,1.414585e+00,1.617688e+00,-7.914993e-01,1.569468e-01,-5.336009e-01,-7.103446e-01,6.122906e-01,4.196752e-01
-5.883595e-01,-6.324262e+00,-1.627815e+00,1.353353e+00,1.570031e+00,-7.816922e-01,2.066724e-01,-4.719453e-01,-6.655488e-01,6.793032e-01,5.149359e-01
-3.028854e-01,-6.254125e+00,-1.433079e+00,1.383549e+00,1.725718e+00,-8.040686e-01,3.097554e-01,-4.821537e-01,-6.297839e-01,6.890609e-01,5.177686e-01
-4.050521e-01,-6.264909e+00,-1.512358e+00,1.403558e+00,1.689952e+00,-8.247421e-01,2.611227e-01,-5.379680e-01,-6.537502e-01,6.788650e-01,4.954878e-01
-8.077135e-01,-6.516442e+00,-1.734501e+00,1.332022e+00,1.614977e+00,-8.893581e-01,1.809511e-01,-6.028079e-01,-7.606093e-01,6.186250e-01,4.446001e-01
-7.875542e-01,-6.473603e+00,-1.528555e+00,1.499248e+00,1.851009e+00,-6.642512e-01,2.879921e-01,-4.692216e-01,-6.500536e-01,7.193375e-01,5.129213e-01
-1.503426e+00,-7.020810e+00,-2.093738e+00,1.164574e+00,1.502922e+00,-9.009004e-01,1.339182e-01,-5.898696e-01,-7.020613e-01,7.012255e-01,6.441194e-01
-9.698345e-01,-6.654889e+00,-1.748802e+00,1.370913e+00,1.631139e+00,-8.176227e-01,1.890656e-01,-6.302610e-01,-7.296259e-01,6.043243e-01,4.108563e-01
-6.472782e-01,-6.243444e+00,-1.522892e+00,1.607474e+00,1.778266e+00,-5.764277e-01,3.626606e-01,-3.338833e-01,-5.049299e-01,8.265531e-01,6.771776e-01
-6.211445e-01,-6.303108e+00,-1.624479e+00,1.382627e+00,1.553393e+00,-8.478035e-01,1.404241e-01,-5.753476e-01,-7.342617e-01,6.028029e-01,5.041065e-01
-7.381973e-01,-6.473240e+00,-1.742559e+00,1.282915e+00,1.469446e+00,-8.972749e-01,9.806768e-02,-6.467909e-01,-7.680023e-01,4.902488e-01,3.485144e-01
-5.558836e-01,-6.248040e+00,-1.596179e+00,1.498745e+00,1.622580e+00,-7.197203e-01,2.826697e-01,-4.272248e-01,-5.845054e-01,7.514417e-01,5.818295e-01
-6.708893e-01,-6.421608e+00,-1.586178e+00,1.454699e+00,1.671392e+00,-7.111422e-01,2.660205e-01,-4.576115e-01,-5.857919e-01,7.107613e-01,5.460127e-01
-8.769723e-01,-6.493455e+00,-1.678061e+00,1.498921e+00,1.691107e+00,-7.275376e-01,2.982743e-01,-5.695659e-01,-6.174206e-01,5.878659e-01,4.590742e-01
-8.722500e-01,-6.516221e+00,-1.641743e+00,1.467463e+00,1.698895e+00,-7.164945e-01,2.160414e-01,-4.819981e-01,-6.798511e-01,6.790415e-01,5.021204e-01
-8.794633e-01,-6.435291e+00,-1.742294e+00,1.557519e+00,1.636143e+00,-6.678011e-01,2.807103e-01,-4.961186e-01,-5.482591e-01,7.181032e-01,5.322716e-01
-6.150242e-01,-6.395488e+00,-1.600007e+00,1.425484e+00,1.666835e+00,-8.138172e-01,2.610878e-01,-5.526213e-01,-6.314648e-01,6.475565e-01,5.563644e-01
-8.181416e-01,-6.369706e+00,-1.792810e+00,1.424258e+00,1.520047e+00,-7.535092e-01,2.082491e-01,-4.743782e-01,-6.237661e-01,6.576537e-01,5.182379e-01
-3.981522e-01,-6.182977e+00,-1.533819e+00,1.517586e+00,1.646206e+00,-7.334315e-01,3.107163e-01,-4.802378e-01,-5.889349e-01,6.888900e-01,5.359993e-01
-5.362208e-01,-6.273516e+00,-1.586555e+00,1.492405e+00,1.667280e+00,-7.362411e-01,3.014496e-01,-4.567379e-01,-6.078915e-01,7.133469e-01,5.609479e-01
-7.795347e-01,-6.524010e+00,-1.700103e+00,1.365526e+00,1.662105e+00,-7.988283e-01,2.683090e-01,-5.185206e-01,-6.199201e-01,6.809835e-01,5.366616e-01
-9.999735e-01,-6.586889e+00,-1.808033e+00,1.444988e+00,1.663221e+00,-7.264820e-01,2.904351e-01,-4.576587e-01,-6.208228e-01,7.447054e-01,5.534358e-01
-1.214894e+00,-6.705705e+00,-1.913789e+00,1.386955e+00,1.622926e+00,-7.794945e-01,1.769287e-01,-5.615040e-01,-7.138025e-01,6.432715e-01,4.996159e-01
-9.537655e-01,-6.395507e+00,-1.728895e+00,1.616618e+00,1.780695e+00,-6.500146e-01,3.236686e-01,-4.743446e-01,-6.445500e-01,7.076943e-01,6.088706e-01
-7.547405e-01,-6.318396e+00,-1.669527e+00,1.528908e+00,1.661505e+00,-6.787854e-01,2.808442e-01,-4.425150e-01,-5.448957e-01,8.105965e-01,6.692996e-01
-5.058215e-01,-6.178888e+00,-1.612267e+00,1.498299e+00,1.613201e+00,-7.390499e-01,2.381467e-01,-5.131780e-01,-6.215350e-01,6.855981e-01,5.345309e-01
-6.730595e-01,-6.335331e+00,-1.739717e+00,1.355232e+00,1.497311e+00,-8.389995e-01,1.852955e-01,-5.922305e-01,-6.900190e-01,5.915661e-01,4.700638e-01
-3.343306e-01,-6.130894e+00,-1.477414e+00,1.477722e+00,1.651566e+00,-7.180802e-01,2.658971e-01,-4.785731e-01,-5.707038e-01,7.046173e-01,5.414058e-01
-6.885079e-01,-6.360218e+00,-1.737812e+00,1.409833e+00,1.505892e+00,-8.162901e-01,1.712175e-01,-5.846891e-01,-6.743416e-01,6.686697e-01,5.048977e-01
-4.445144e-01,-6.221352e+00,-1.444846e+00,1.597566e+00,1.739878e+00,-7.134176e-01,2.822876e-01,-6.642223e-01,-6.633651e-01,5.410139e-01,3.668992e-01
-7.898723e-01,-6.586270e+00,-1.626838e+00,1.383617e+00,1.680991e+00,-8.352218e-01,1.892984e-01,-6.803969e-01,-7.173887e-01,5.613159e-01,3.771601e-01
-1.090928e+00,-6.674779e+00,-1.844570e+00,1.358122e+00,1.537590e+00,-8.407245e-01,1.052981e-01,-6.231305e-01,-7.222112e-01,6.590432e-01,5.587960e-01
-9.155180e-01,-6.428745e+00,-1.623008e+00,1.491242e+00,1.725614e+00,-6.266165e-01,2.285583e-01,-4.039032e-01,-6.113732e-01,6.640904e-01,5.655280e-01
-7.864382e-01,-6.457367e+00,-1.661123e+00,1.418311e+00,1.649003e+00,-7.439418e-01,2.742501e-01,-4.568096e-01,-6.031961e-01,6.876965e-01,5.490961e-01
-6.128699e-01,-6.217894e+00,-1.591907e+00,1.515057e+00,1.615787e+00,-6.925367e-01,2.157922e-01,-4.348508e-01,-6.458511e-01,6.435850e-01,5.528861e-01
-8.513500e-01,-6.479096e+00,-1.776795e+00,1.310544e+00,1.518368e+00,-8.292005e-01,1.765763e-01,-4.528241e-01,-6.120545e-01,7.350494e-01,6.693126e-01
-5.864512e-01,-6.229109e+00,-1.535525e+00,1.543275e+00,1.751446e+00,-6.667139e-01,3.317069e-01,-3.455823e-01,-5.861499e-01,7.319495e-01,6.403495e-01
-8.938310e-01,-6.368502e+00,-1.706360e+00,1.572477e+00,1.681221e+00,-6.227458e-01,2.735289e-01,-3.983980e-01,-5.911010e-01,6.996434e-01,5.501126e-01
-1.345582e+00,-6.873101e+00,-2.064664e+00,1.195486e+00,1.456600e+00,-9.175470e-01,1.227859e-01,-5.439465e-01,-7.079095e-01,6.785841e-01,5.658723e-01
-1.050287e+00,-6.575028e+00,-1.786700e+00,1.403078e+00,1.638632e+00,-7.458508e-01,1.953817e-01,-4.297159e-01,-6.164938e-01,7.430913e-01,6.426556e-01
-6.724407e-01,-6.417781e+00,-1.608288e+00,1.448242e+00,1.702486e+00,-8.104061e-01,2.348350e-01,-5.194002e-01,-6.668040e-01,7.070953e-01,5.786273e-01
-7.235003e-01,-6.261217e+00,-1.688932e+00,1.468500e+00,1.600561e+00,-7.609116e-01,2.082828e-01,-4.561322e-01,-6.400298e-01,7.033936e-01,6.368712e-01
-6.778149e-01,-6.250988e+00,-1.702295e+00,1.378360e+00,1.531252e+00,-8.122997e-01,1.367902e-01,-4.892833e-01,-6.784655e-01,6.463627e-01,5.890882e-01
-3.191915e-01,-6.064501e+00,-1.497712e+00,1.497257e+00,1.667315e+00,-7.694371e-01,3.176910e-01,-4.317505e-01,-5.801383e-01,7.718865e-01,6.443644e-01
-8.679941e-01,-6.453162e+00,-1.825536e+00,1.295110e+00,1.473575e+00,-8.227350e-01,1.465511e-01,-5.344978e-01,-6.710656e-01,6.476655e-01,5.644553e-01
-6.508853e-01,-6.230041e+00,-1.601213e+00,1.453322e+00,1.585683e+00,-7.636824e-01,1.292458e-01,-5.328411e-01,-6.745483e-01,7.004581e-01,5.866009e-01
-8.479622e-01,-6.362498e+00,-1.585868e+00,1.505003e+00,1.712124e+00,-6.913670e-01,1.772324e-01,-5.727567e-01,-7.157749e-01,5.824501e-01,4.754618e-01
-1.064645e+00,-6.664507e+00,-1.744825e+00,1.348240e+00,1.651287e+00,-7.792861e-01,1.977121e-01,-5.717705e-01,-5.894666e-01,6.952168e-01,5.917488e-01
-1.209742e+00,-6.810287e+00,-1.936184e+00,1.313835e+00,1.527438e+00,-8.378775e-01,1.742992e-01,-6.633104e-01,-7.071678e-01,6.520984e-01,4.438167e-01
-7.263445e-01,-6.365440e+00,-1.643644e+00,1.559264e+00,1.667060e+00,-6.743075e-01,2.727653e-01,-5.403223e-01,-6.026301e-01,7.155820e-01,5.019515e-01
-7.600154e-01,-6.396389e+00,-1.694117e+00,1.416201e+00,1.615174e+00,-7.247888e-01,3.106690e-01,-4.603761e-01,-4.898936e-01,7.145303e-01,6.960210e-01
-3.623884e-01,-6.100842e+00,-1.474824e+00,1.630603e+00,1.705982e+00,-6.650749e-01,3.377451e-01,-5.170818e-01,-6.403702e-01,6.044600e-01,3.813242e-01
-6.530410e-01,-6.404964e+00,-1.739540e+00,1.299419e+00,1.444023e+00,-9.031634e-01,7.856993e-02,-6.391088e-01,-7.786755e-01,4.943724e-01,3.007845e-01
-6.715844e-01,-6.394749e+00,-1.615293e+00,1.441687e+00,1.668406e+00,-7.201486e-01,2.431132e-01,-4.074395e-01,-6.485775e-01,7.428342e-01,5.411037e-01
-6.920784e-01,-6.399751e+00,-1.645590e+00,1.476311e+00,1.674959e+00,-7.446420e-01,2.636155e-01,-4.921214e-01,-5.720642e-01,7.101467e-01,6.178508e-01
-7.278214e-01,-6.212210e+00,-1.606969e+00,1.697002e+00,1.696076e+00,-6.813473e-01,1.796315e-01,-5.864491e-01,-7.833972e-01,5.885346e-01,3.949071e-01
-7.932708e-01,-6.427506e+00,-1.629011e+00,1.525868e+00,1.764121e+00,-7.223181e-01,2.954212e-01,-4.809076e-01,-6.180743e-01,6.860120e-01,6.023076e-01
-8.568029e-01,-6.451088e+00,-1.760731e+00,1.442017e+00,1.608151e+00,-7.911658e-01,2.203899e-01,-5.359969e-01,-6.282321e-01,6.574213e-01,5.910860e-01
-5.727043e-01,-6.297590e+00,-1.565697e+00,1.488438e+00,1.765554e+00,-7.409069e-01,3.646778e-01,-4.135194e-01,-5.974174e-01,6.769659e-01,5.880711e-01
-5.301988e-01,-6.133984e+00,-1.623910e+00,1.541413e+00,1.634285e+00,-7.159190e-01,2.342512e-01,-3.999664e-01,-6.580757e-01,6.959974e-01,5.596683e-01
-8.515030e-01,-6.532218e+00,-1.820698e+00,1.305088e+00,1.549281e+00,-8.754006e-01,2.053253e-01,-5.379210e-01,-7.232879e-01,5.670017e-01,4.882467e-01
-7.493535e-01,-6.322176e+00,-1.685163e+00,1.591861e+00,1.740435e+00,-5.874411e-01,4.134874e-01,-3.318449e-01,-5.512403e-01,7.154123e-01,5.044715e-01
-1.026546e+00,-6.435393e+00,-1.799527e+00,1.589825e+00,1.713251e+00,-5.849752e-01,3.453184e-01,-3.983244e-01,-5.932408e-01,6.624388e-01,5.032259e-01
-9.551050e-01,-6.493164e+00,-1.695781e+00,1.585991e+00,1.763787e+00,-6.485729e-01,3.227065e-01,-5.177489e-01,-6.256740e-01,6.799735e-01,5.389519e-01
-1.106137e+00,-6.615583e+00,-1.817464e+00,1.440510e+00,1.672070e+00,-7.268296e-01,2.088062e-01,-5.615760e-01,-6.802106e-01,6.364178e-01,4.821420e-01
-8.708344e-01,-6.345625e+00,-1.701425e+00,1.513929e+00,1.596904e+00,-6.870357e-01,1.786549e-01,-5.248981e-01,-6.659408e-01,6.843781e-01,5.174937e-01
-6.653600e-01,-6.241171e+00,-1.570997e+00,1.510855e+00,1.659874e+00,-6.324405e-01,2.856843e-01,-4.733566e-01,-5.522551e-01,6.894302e-01,5.482226e-01
-4.765157e-01,-6.184291e+00,-1.528095e+00,1.455381e+00,1.602294e+00,-7.174008e-01,2.446986e-01,-4.995619e-01,-5.848531e-01,7.104847e-01,5.191032e-01
-4.696749e-01,-6.087729e+00,-1.504705e+00,1.467466e+00,1.603977e+00,-6.937064e-01,2.447439e-01,-4.863323e-01,-6.004268e-01,6.446087e-01,4.993106e-01
-6.446415e-01,-6.184210e+00,-1.583990e+00,1.435199e+00,1.560854e+00,-7.031957e-01,8.641016e-02,-5.263999e-01,-7.232765e-01,5.375099e-01,4.350435e-01
-5.469478e-01,-6.274566e+00,-1.540787e+00,1.527950e+00,1.670601e+00,-7.107745e-01,2.966877e-01,-5.234940e-01,-5.848427e-01,7.163082e-01,4.986248e-01
-1.011257e+00,-6.492193e+00,-1.732569e+00,1.436673e+00,1.624186e+00,-7.010289e-01,2.030174e-01,-4.836940e-01,-5.641806e-01,7.217401e-01,6.362426e-01
-1.312007e+00,-6.820005e+00,-1.925085e+00,1.260172e+00,1.555207e+00,-7.841385e-01,1.521126e-01,-5.096547e-01,-6.352902e-01,6.986553e-01,6.360367e-01
-1.213357e+00,-6.725382e+00,-1.955694e+00,1.319996e+00,1.496983e+00,-8.385496e-01,1.387848e-01,-5.691302e-01,-6.970752e-01,6.318867e-01,5.198342e-01
-7.291354e-01,-6.429873e+00,-1.636510e+00,1.453411e+00,1.697631e+00,-7.607477e-01,2.613512e-01,-4.981854e-01,-6.505085e-01,6.372223e-01,4.776537e-01
-9.789445e-01,-6.443271e+00,-1.910295e+00,1.421543e+00,1.523950e+00,-7.634584e-01,2.294080e-01,-3.959001e-01,-6.888283e-01,6.582374e-01,5.386568e-01
-9.004032e-01,-6.478535e+00,-1.895138e+00,1.278025e+00,1.414142e+00,-9.050823e-01,7.186644e-02,-5.147056e-01,-7.519759e-01,6.358681e-01,5.629524e-01
-5.859460e-01,-6.202135e+00,-1.633720e+00,1.547820e+00,1.650514e+00,-7.498737e-01,3.048136e-01,-4.532011e-01,-6.229835e-01,6.793523e-01,5.627354e-01
-1.124924e+00,-6.733082e+00,-1.998986e+00,1.161386e+00,1.392390e+00,-1.031032e+00,2.984468e-02,-6.527967e-01,-8.084103e-01,5.662648e-01,5.164576e-01
-7.821804e-01,-6.337359e+00,-1.691604e+00,1.579463e+00,1.696394e+00,-7.212106e-01,2.434489e-01,-4.750794e-01,-6.800562e-01,6.577973e-01,5.443417e-01
-9.370411e-01,-6.419382e+00,-1.663338e+00,1.625035e+00,1.800992e+00,-5.468147e-01,3.773314e-01,-2.773293e-01,-5.300441e-01,8.107655e-01,6.326501e-01
-8.148827e-01,-6.413801e+00,-1.657874e+00,1.450651e+00,1.696707e+00,-7.428520e-01,2.464832e-01,-4.569293e-01,-5.603915e-01,7.315588e-01,6.841202e-01
-7.552922e-01,-6.344067e+00,-1.747816e+00,1.464187e+00,1.548017e+00,-7.560044e-01,2.036090e-01,-4.624025e-01,-6.001905e-01,7.898866e-01,6.277261e-01
-4.130510e-01,-6.049584e+00,-1.524780e+00,1.614806e+00,1.649845e+00,-6.372631e-01,2.872257e-01,-4.202979e-01,-5.901136e-01,7.164458e-01,5.105048e-01
-4.451234e-01,-6.151105e+00,-1.571348e+00,1.491528e+00,1.579704e+00,-7.563101e-01,2.262574e-01,-5.815788e-01,-6.541271e-01,5.824674e-01,3.999725e-01
-4.920970e-01,-6.180752e+00,-1.542138e+00,1.562751e+00,1.673167e+00,-6.605786e-01,3.322346e-01,-4.746399e-01,-5.964242e-01,7.011231e-01,4.724760e-01
-7.527321e-01,-6.253705e+00,-1.663163e+00,1.599106e+00,1.691358e+00,-4.909854e-01,3.923112e-01,-3.284195e-01,-4.523626e-01,7.462170e-01,5.114772e-01
-1.207970e+00,-6.777163e+00,-1.946737e+00,1.231240e+00,1.475191e+00,-8.615645e-01,1.013709e-01,-6.764955e-01,-7.297561e-01,5.612682e-01,4.605842e-01
-9.135004e-01,-6.477890e+00,-1.702832e+00,1.507549e+00,1.624387e+00,-7.786373e-01,1.096108e-01,-7.749113e-01,-8.261924e-01,4.389982e-01,2.907089e-01
-1.362425e+00,-6.888643e+00,-1.985962e+00,1.238441e+00,1.534752e+00,-7.668581e-01,1.900856e-01,-4.709724e-01,-5.522417e-01,8.579831e-01,6.747352e-01
-7.054283e-01,-6.314060e+00,-1.538946e+00,1.547337e+00,1.747925e+00,-6.348823e-01,2.575472e-01,-4.749772e-01,-6.470541e-01,6.852291e-01,5.232360e-01
-7.183172e-01,-6.331943e+00,-1.678705e+00,1.508655e+00,1.689303e+00,-6.482059e-01,3.905215e-01,-3.830912e-01,-4.485526e-01,8.102157e-01,6.281382e-01
-5.652428e-01,-6.183380e+00,-1.649554e+00,1.496954e+00,1.581675e+00,-7.278500e-01,2.507235e-01,-4.520479e-01,-6.214710e-01,7.042539e-01,5.645571e-01
-5.774756e-01,-6.185591e+00,-1.670754e+00,1.508869e+00,1.569689e+00,-7.349908e-01,2.430239e-01,-4.607896e-01,-6.357575e-01,6.953426e-01,5.692674e-01
-5.938281e-01,-6.312815e+00,-1.612501e+00,1.465794e+00,1.676780e+00,-7.338261e-01,2.787378e-01,-4.321734e-01,-6.322440e-01,7.067936e-01,5.407507e-01
-5.819641e-01,-6.268681e+00,-1.570984e+00,1.580744e+00,1.763947e+00,-6.864148e-01,3.391494e-01,-4.215828e-01,-6.342509e-01,6.990950e-01,5.050850e-01
-1.011690e+00,-6.433441e+00,-1.787556e+00,1.554636e+00,1.704398e+00,-6.556110e-01,2.669334e-01,-4.081868e-01,-6.244906e-01,6.848627e-01,5.771061e-01
-7.121096e-01,-6.241211e+00,-1.502731e+00,1.765426e+00,1.939824e+00,-4.692549e-01,4.923574e-01,-2.876943e-01,-5.057751e-01,7.479976e-01,5.620882e-01
-8.112061e-01,-6.438739e+00,-1.605861e+00,1.505737e+00,1.808734e+00,-6.947566e-01,3.167242e-01,-4.049025e-01,-6.345328e-01,6.798947e-01,5.845961e-01
-5.697803e-01,-6.250441e+00,-1.570997e+00,1.478895e+00,1.659331e+00,-8.024663e-01,2.275729e-01,-5.202204e-01,-6.641659e-01,6.444897e-01,5.272099e-01
-7.224055e-01,-6.363845e+00,-1.693045e+00,1.405216e+00,1.599996e+00,-7.950315e-01,2.288463e-01,-4.532015e-01,-6.810919e-01,6.579299e-01,5.227380e-01
-5.923344e-01,-6.208694e+00,-1.612016e+00,1.514345e+00,1.671606e+00,-7.116372e-01,3.150688e-01,-4.231284e-01,-5.761345e-01,6.349780e-01,5.665378e-01
-5.871565e-01,-6.184148e+00,-1.574718e+00,1.572690e+00,1.671152e+00,-6.866520e-01,2.724940e-01,-4.427564e-01,-6.560118e-01,6.426625e-01,5.104103e-01
-7.969462e-01,-6.334183e+00,-1.571733e+00,1.502623e+00,1.718059e+00,-6.496053e-01,2.319511e-01,-3.839689e-01,-5.791140e-01,7.543951e-01,6.484315e-01
-9.383847e-01,-6.416662e+00,-1.574535e+00,1.606051e+00,1.830866e+00,-5.410981e-01,3.143885e-01,-4.255309e-01,-6.173405e-01,6.338043e-01,5.275905e-01
-8.719063e-01,-6.468867e+00,-1.504431e+00,1.612841e+00,1.923399e+00,-5.077730e-01,4.643731e-01,-3.559326e-01,-4.695784e-01,7.920331e-01,5.626226e-01
-8.728042e-01,-6.282067e+00,-1.618908e+00,1.576436e+00,1.689641e+00,-6.186898e-01,2.002247e-01,-5.142244e-01,-6.454145e-01,6.323151e-01,4.628972e-01
-8.414988e-01,-6.248240e+00,-1.716393e+00,1.519677e+00,1.546038e+00,-6.878383e-01,1.872266e-01,-5.521056e-01,-6.258852e-01,6.316407e-01,5.336372e-01
-4.765123e-01,-6.057688e+00,-1.566756e+00,1.484501e+00,1.505338e+00,-7.528935e-01,9.435644e-02,-5.941526e-01,-6.912736e-01,5.605982e-01,4.683360e-01
-6.063829e-01,-6.125934e+00,-1.591953e+00,1.523230e+00,1.602800e+00,-6.282659e-01,2.607999e-01,-4.564931e-01,-6.183554e-01,6.430482e-01,4.692139e-01
-3.930905e-01,-6.064327e+00,-1.506391e+00,1.579647e+00,1.653490e+00,-6.675709e-01,3.182452e-01,-4.718232e-01,-5.742219e-01,7.260370e-01,5.444292e-01
-5.895006e-01,-6.183532e+00,-1.543477e+00,1.544952e+00,1.686892e+00,-6.379240e-01,3.263450e-01,-4.541756e-01,-4.940118e-01,7.169325e-01,6.160227e-01
-1.075662e+00,-6.572720e+00,-1.864106e+00,1.391211e+00,1.583536e+00,-7.485856e-01,2.017693e-01,-4.517978e-01,-6.817373e-01,7.025909e-01,5.268438e-01
-6.864022e-01,-6.202294e+00,-1.520190e+00,1.639995e+00,1.763626e+00,-6.736987e-01,1.758722e-01,-4.902688e-01,-6.897240e-01,6.734048e-01,5.803179e-01
-8.856334e-01,-6.384440e+00,-1.680758e+00,1.587299e+00,1.703260e+00,-6.964939e-01,2.314229e-01,-5.159950e-01,-6.561441e-01,6.612917e-01,5.982735e-01
-8.651753e-01,-6.341731e+00,-1.769565e+00,1.561803e+00,1.680413e+00,-6.607669e-01,3.119226e-01,-3.565027e-01,-5.715178e-01,7.627863e-01,6.792878e-01
-6.785675e-01,-6.117049e+00,-1.656550e+00,1.674061e+00,1.712619e+00,-6.166465e-01,3.120705e-01,-3.673489e-01,-6.000649e-01,6.994527e-01,6.536446e-01
-6.770943e-01,-6.219907e+00,-1.785557e+00,1.511053e+00,1.518600e+00,-8.092524e-01,2.330761e-01,-4.897051e-01,-6.317507e-01,7.200691e-01,6.589106e-01
-7.614807e-01,-6.353943e+00,-1.729653e+00,1.439156e+00,1.600232e+00,-7.093951e-01,2.769623e-01,-3.646182e-01,-5.310024e-01,7.545054e-01,7.129834e-01
-6.725967e-01,-6.320068e+00,-1.701173e+00,1.514105e+00,1.583040e+00,-7.816163e-01,2.179426e-01,-5.452431e-01,-7.016940e-01,6.200988e-01,4.390021e-01
-4.159454e-01,-6.136846e+00,-1.365871e+00,1.728512e+00,1.880796e+00,-6.005180e-01,3.676229e-01,-4.841565e-01,-6.212628e-01,6.380335e-01,4.672614e-01
-1.067345e+00,-6.463328e+00,-1.810397e+00,1.519937e+00,1.608048e+00,-7.100277e-01,2.009477e-01,-5.360357e-01,-5.973731e-01,6.594774e-01,6.154544e-01
-9.286553e-01,-6.344871e+00,-1.789934e+00,1.546312e+00,1.559412e+00,-7.040862e-01,2.217211e-01,-4.691178e-01,-5.365075e-01,8.037087e-01,7.239254e-01
-5.799680e-01,-6.135768e+00,-1.503394e+00,1.719825e+00,1.774951e+00,-5.414109e-01,3.098485e-01,-4.380706e-01,-5.931617e-01,6.475747e-01,4.698602e-01
-5.829453e-01,-6.181333e+00,-1.617237e+00,1.531297e+00,1.557876e+00,-6.889247e-01,1.687155e-01,-4.669831e-01,-6.625603e-01,6.997652e-01,5.368461e-01
-6.770176e-01,-6.334287e+00,-1.678049e+00,1.466544e+00,1.644445e+00,-6.837651e-01,3.911357e-01,-4.375790e-01,-4.960485e-01,7.442395e-01,5.238913e-01
-4.785604e-01,-6.142872e+00,-1.595975e+00,1.471906e+00,1.543477e+00,-7.668482e-01,2.236410e-01,-5.538642e-01,-6.029181e-01,6.446322e-01,4.829978e-01
-6.101282e-01,-6.147602e+00,-1.651827e+00,1.588632e+00,1.568286e+00,-6.783617e-01,2.347507e-01,-5.019760e-01,-6.159288e-01,7.222578e-01,5.327088e-01
-9.597689e-01,-6.293128e+00,-1.780591e+00,1.581914e+00,1.599238e+00,-6.521647e-01,1.929483e-01,-5.520516e-01,-6.468546e-01,5.825748e-01,4.923635e-01
-7.513634e-01,-6.294395e+00,-1.475531e+00,1.716078e+00,1.898607e+00,-4.694202e-01,3.956253e-01,-4.139992e-01,-5.785862e-01,6.997767e-01,4.666973e-01
-9.117573e-01,-6.364478e+00,-1.632977e+00,1.680380e+00,1.813128e+00,-5.372418e-01,3.304433e-01,-4.461467e-01,-6.280781e-01,7.441960e-01,4.555988e-01
-9.506951e-01,-6.475058e+00,-1.614017e+00,1.584998e+00,1.883772e+00,-4.828308e-01,4.640999e-01,-2.486026e-01,-4.565666e-01,9.139163e-01,6.660434e-01
-8.233508e-01,-6.343227e+00,-1.676949e+00,1.413944e+00,1.586506e+00,-7.727473e-01,1.281968e-01,-5.657183e-01,-7.360127e-01,5.838158e-01,5.220165e-01
-4.420194e-01,-6.119476e+00,-1.539987e+00,1.512765e+00,1.669966e+00,-7.300728e-01,2.385746e-01,-4.791098e-01,-6.895756e-01,5.948131e-01,4.452895e-01
-4.870033e-01,-6.192622e+00,-1.541504e+00,1.499966e+00,1.699545e+00,-7.179613e-01,3.228548e-01,-4.328415e-01,-6.388246e-01,6.620755e-01,5.111136e-01
-5.213292e-01,-6.072501e+00,-1.548892e+00,1.530443e+00,1.622442e+00,-6.901670e-01,1.796295e-01,-4.375272e-01,-6.577916e-01,6.182403e-01,5.835574e-01
-5.312048e-01,-6.023612e+00,-1.491224e+00,1.610515e+00,1.696693e+00,-6.964231e-01,1.797090e-01,-5.048075e-01,-7.503260e-01,5.350807e-01,4.375953e-01
-9.358170e-01,-6.461793e+00,-1.728038e+00,1.473988e+00,1.670389e+00,-7.321489e-01,2.656567e-01,-4.461963e-01,-6.093552e-01,7.714296e-01,5.911312e-01
-7.197148e-01,-6.243891e+00,-1.451480e+00,1.665674e+00,1.884138e+00,-5.901713e-01,3.258750e-01,-4.583805e-01,-5.826415e-01,6.250969e-01,5.747126e-01
-8.570852e-01,-6.296592e+00,-1.656094e+00,1.600399e+00,1.664605e+00,-6.891394e-01,1.756391e-01,-5.113399e-01,-7.245549e-01,6.087220e-01,4.656360e-01
-8.980121e-01,-6.434878e+00,-1.732348e+00,1.457145e+00,1.646049e+00,-7.163803e-01,2.656025e-01,-4.847931e-01,-6.358193e-01,5.805049e-01,4.237708e-01
-8.207150e-01,-6.230012e+00,-1.666441e+00,1.583112e+00,1.656614e+00,-5.836511e-01,2.943804e-01,-3.532129e-01,-5.936676e-01,6.676825e-01,5.280670e-01
-5.694835e-01,-6.235440e+00,-1.564200e+00,1.451451e+00,1.637556e+00,-7.695835e-01,2.555131e-01,-5.063390e-01,-6.110037e-01,5.659862e-01,5.583617e-01
-7.795717e-01,-6.365872e+00,-1.710297e+00,1.387684e+00,1.556303e+00,-7.805654e-01,1.802793e-01,-4.801840e-01,-6.437305e-01,6.679831e-01,5.298607e-01
-7.684408e-01,-6.179742e+00,-1.681688e+00,1.657096e+00,1.618760e+00,-6.236055e-01,2.576558e-01,-4.476836e-01,-6.176712e-01,6.660004e-01,5.556272e-01
-9.760951e-01,-6.472544e+00,-1.708093e+00,1.427568e+00,1.611851e+00,-7.518663e-01,1.007381e-01,-5.710042e-01,-7.282830e-01,5.376054e-01,4.708406e-01
-1.019596e+00,-6.521766e+00,-1.579773e+00,1.631138e+00,1.924257e+00,-4.860906e-01,4.777890e-01,-3.652266e-01,-4.800763e-01,7.103162e-01,5.826905e-01
-9.765986e-01,-6.373542e+00,-1.719649e+00,1.522398e+00,1.640210e+00,-6.730870e-01,1.915740e-01,-5.042993e-01,-6.541361e-01,6.589319e-01,5.428528e-01
-5.645120e-01,-6.032556e+00,-1.537229e+00,1.693760e+00,1.683320e+00,-5.779981e-01,2.152950e-01,-4.528926e-01,-6.284524e-01,6.665152e-01,5.433839e-01
-6.960737e-01,-6.281255e+00,-1.726541e+00,1.404554e+00,1.507490e+00,-8.110966e-01,1.405289e-01,-5.760404e-01,-7.102594e-01,5.932101e-01,4.941073e-01
-7.007555e-01,-6.179468e+00,-1.752477e+00,1.486344e+00,1.589000e+00,-6.537367e-01,3.042548e-01,-3.398069e-01,-4.717439e-01,8.231518e-01,7.551921e-01
-5.572768e-01,-6.089099e+00,-1.670399e+00,1.471574e+00,1.527741e+00,-7.535977e-01,1.977659e-01,-4.803861e-01,-6.107415e-01,7.086719e-01,6.808910e-01
-9.037976e-01,-6.526681e+00,-1.924331e+00,1.201816e+00,1.381683e+00,-9.971163e-01,2.716436e-02,-7.190936e-01,-8.123769e-01,5.066099e-01,4.523953e-01
-9.063948e-01,-6.312089e+00,-1.777639e+00,1.557765e+00,1.639511e+00,-6.189927e-01,2.931971e-01,-3.775431e-01,-5.222519e-01,8.167046e-01,7.192646e-01
-9.125702e-01,-6.290844e+00,-1.716574e+00,1.628327e+00,1.721922e+00,-6.243637e-01,2.939954e-01,-4.072522e-01,-5.840677e-01,7.686969e-01,6.748851e-01
-1.091113e+00,-6.552988e+00,-1.643933e+00,1.573070e+00,1.924149e+00,-4.456295e-01,4.475844e-01,-2.310520e-01,-4.602163e-01,7.783930e-01,6.132547e-01
-9.795146e-01,-6.503787e+00,-1.726696e+00,1.594654e+00,1.804567e+00,-5.369167e-01,4.494541e-01,-3.104067e-01,-5.238001e-01,7.726924e-01,5.449999e-01
-5.859872e-01,-6.147592e+00,-1.541168e+00,1.574506e+00,1.670808e+00,-7.237649e-01,1.854421e-01,-5.634239e-01,-7.044071e-01,5.445984e-01,4.742818e-01
-5.567330e-01,-6.097601e+00,-1.614980e+00,1.523954e+00,1.561379e+00,-7.827484e-01,1.032023e-01,-5.787014e-01,-7.831494e-01,5.078226e-01,4.715450e-01
-5.141382e-01,-6.218998e+00,-1.569078e+00,1.536036e+00,1.629281e+00,-7.313776e-01,2.746937e-01,-5.416635e-01,-6.295805e-01,5.958994e-01,5.166713e-01
-4.765948e-01,-5.980313e+00,-1.511337e+00,1.751937e+00,1.725483e+00,-5.092743e-01,3.535605e-01,-3.204265e-01,-4.921179e-01,7.462450e-01,6.127911e-01
-7.916908e-01,-6.277778e+00,-1.623225e+00,1.596207e+00,1.699491e+00,-5.932462e-01,2.852639e-01,-3.863965e-01,-5.967180e-01,7.070328e-01,5.608020e-01
-5.614079e-01,-6.183880e+00,-1.438967e+00,1.665989e+00,1.785312e+00,-6.137505e-01,2.715953e-01,-4.702653e-01,-5.764830e-01,6.705044e-01,5.436799e-01
-6.613617e-01,-6.144188e+00,-1.437746e+00,1.800220e+00,1.865691e+00,-4.972624e-01,3.543130e-01,-4.601559e-01,-5.631285e-01,6.234739e-01,5.293908e-01
-9.682031e-01,-6.393170e+00,-1.785464e+00,1.496556e+00,1.582793e+00,-7.257760e-01,2.487337e-01,-4.513696e-01,-5.347672e-01,7.815931e-01,6.549676e-01
-6.921833e-01,-6.208097e+00,-1.642226e+00,1.572913e+00,1.634585e+00,-6.631652e-01,2.467709e-01,-4.597964e-01,-5.902192e-01,6.916458e-01,5.633096e-01
-5.871443e-01,-6.196012e+00,-1.569065e+00,1.518107e+00,1.665464e+00,-6.890411e-01,3.180413e-01,-4.363800e-01,-5.592708e-01,6.697616e-01,5.892280e-01
-5.966644e-01,-6.015978e+00,-1.602071e+00,1.507178e+00,1.561594e+00,-7.428513e-01,1.164687e-01,-4.895407e-01,-7.130334e-01,6.021308e-01,5.628926e-01
-5.565453e-01,-6.050988e+00,-1.616476e+00,1.586817e+00,1.551172e+00,-7.530087e-01,1.609007e-01,-5.807237e-01,-7.005623e-01,6.044903e-01,4.959070e-01
-7.459145e-01,-6.501217e+00,-1.702264e+00,1.309797e+00,1.527861e+00,-8.814956e-01,1.382677e-01,-5.982075e-01,-6.815316e-01,6.761720e-01,5.124170e-01
-1.087175e+00,-6.497621e+00,-1.805433e+00,1.543390e+00,1.670604e+00,-6.265254e-01,2.420301e-01,-4.903773e-01,-6.985865e-01,6.126620e-01,3.830539e-01
-1.215041e+00,-6.551077e+00,-1.850385e+00,1.566236e+00,1.728520e+00,-5.741221e-01,3.764334e-01,-3.088574e-01,-4.514845e-01,9.682895e-01,8.372642e-01
-6.816658e-01,-6.163574e+00,-1.438513e+00,1.736220e+00,1.877135e+00,-5.658585e-01,2.639909e-01,-5.283426e-01,-7.335149e-01,5.576824e-01,4.309899e-01
-7.072395e-01,-6.172927e+00,-1.606802e+00,1.634690e+00,1.740817e+00,-6.037356e-01,3.909581e-01,-3.773091e-01,-4.596718e-01,8.495246e-01,7.362280e-01
-5.325058e-01,-6.201582e+00,-1.505920e+00,1.563106e+00,1.726546e+00,-5.878295e-01,3.687713e-01,-3.566493e-01,-4.930166e-01,8.302352e-01,6.342239e-01
-5.670364e-01,-6.198509e+00,-1.567884e+00,1.442594e+00,1.616659e+00,-7.283498e-01,2.073395e-01,-5.067068e-01,-6.743499e-01,5.667240e-01,4.589492e-01
-3.670916e-01,-6.047064e+00,-1.450991e+00,1.567875e+00,1.678688e+00,-6.585167e-01,2.801934e-01,-4.332099e-01,-6.473542e-01,6.782483e-01,4.626700e-01
-6.771200e-01,-6.212766e+00,-1.555791e+00,1.485789e+00,1.641078e+00,-6.453986e-01,1.431603e-01,-4.202089e-01,-6.854030e-01,6.287328e-01,4.753170e-01
-7.680194e-01,-6.118569e+00,-1.644989e+00,1.634687e+00,1.600298e+00,-6.288899e-01,1.607618e-01,-4.683576e-01,-6.918942e-01,6.083563e-01,4.646198e-01
-8.842440e-01,-6.266298e+00,-1.563335e+00,1.630175e+00,1.779639e+00,-5.894359e-01,2.632129e-01,-4.502108e-01,-5.935165e-01,6.466996e-01,6.186292e-01
-6.707738e-01,-6.119922e+00,-1.538310e+00,1.727288e+00,1.703981e+00,-6.360624e-01,2.356984e-01,-5.415567e-01,-5.826908e-01,6.899807e-01,6.068989e-01
-7.753751e-01,-6.339102e+00,-1.568414e+00,1.691887e+00,1.889766e+00,-4.515119e-01,5.366262e-01,-2.185261e-01,-4.471870e-01,8.424590e-01,5.199559e-01
-4.191376e-01,-6.055304e+00,-1.454900e+00,1.686706e+00,1.763342e+00,-6.536051e-01,3.220312e-01,-4.962474e-01,-6.022153e-01,6.362228e-01,4.851746e-01
-4.410680e-01,-6.047820e+00,-1.470611e+00,1.675521e+00,1.781388e+00,-6.179356e-01,4.126770e-01,-4.008845e-01,-5.570357e-01,6.761265e-01,4.989785e-01
-5.600016e-01,-6.018019e+00,-1.628584e+00,1.697696e+00,1.622254e+00,-6.411559e-01,2.588575e-01,-4.682166e-01,-6.315521e-01,5.864389e-01,5.412435e-01
-8.200544e-01,-6.446760e+00,-1.838696e+00,1.328747e+00,1.383689e+00,-9.480620e-01,-1.966664e-02,-7.184332e-01,-8.756571e-01,4.814372e-01,3.187585e-01
-4.882403e-01,-6.165030e+00,-1.373013e+00,1.715145e+00,1.951744e+00,-5.690279e-01,4.313717e-01,-3.784398e-01,-5.950776e-01,6.949144e-01,5.097611e-01
-9.615170e-01,-6.218807e+00,-1.658463e+00,1.756369e+00,1.823529e+00,-5.059894e-01,2.918256e-01,-4.473572e-01,-7.008772e-01,4.997169e-01,3.860122e-01
-7.247195e-01,-6.246304e+00,-1.484801e+00,1.746693e+00,1.919943e+00,-4.965690e-01,4.278680e-01,-3.348343e-01,-5.364651e-01,8.266247e-01,5.990461e-01
-7.484435e-01,-6.256818e+00,-1.689633e+00,1.518186e+00,1.601069e+00,-7.930493e-01,1.195864e-01,-5.898421e-01,-7.489307e-01,5.954255e-01,5.140779e-01
-8.249772e-01,-6.286036e+00,-1.785000e+00,1.486789e+00,1.563094e+00,-6.579490e-01,2.655829e-01,-3.314595e-01,-4.981363e-01,9.008068e-01,7.711644e-01
-6.487770e-01,-6.068482e+00,-1.744276e+00,1.492020e+00,1.465857e+00,-7.760242e-01,8.021520e-02,-5.424902e-01,-7.988699e-01,5.374507e-01,4.489590e-01
-5.681372e-01,-6.037294e+00,-1.716765e+00,1.501401e+00,1.498464e+00,-7.543186e-01,1.612348e-01,-5.056376e-01,-6.630873e-01,6.227694e-01,5.144517e-01
-7.311536e-01,-6.144762e+00,-1.719563e+00,1.565588e+00,1.603826e+00,-6.476390e-01,2.387977e-01,-4.176682e-01,-6.376156e-01,6.928289e-01,6.142892e-01
-4.820209e-01,-6.037548e+00,-1.449600e+00,1.671106e+00,1.768778e+00,-5.247942e-01,2.873443e-01,-3.638973e-01,-5.667552e-01,7.343989e-01,5.833633e-01
-9.172133e-01,-6.276573e+00,-1.722896e+00,1.625399e+00,1.674584e+00,-6.126534e-01,2.838878e-01,-4.771850e-01,-5.751274e-01,7.074080e-01,5.645285e-01
-1.045124e+00,-6.335254e+00,-1.715102e+00,1.706718e+00,1.712610e+00,-4.771479e-01,2.573498e-01,-4.094845e-01,-6.396226e-01,6.902069e-01,5.006613e-01
-9.962808e-01,-6.475023e+00,-1.718781e+00,1.492715e+00,1.641457e+00,-6.845721e-01,1.554096e-01,-5.364228e-01,-6.889319e-01,6.117286e-01,4.755193e-01
-9.099805e-01,-6.295402e+00,-1.781831e+00,1.540178e+00,1.547090e+00,-7.190356e-01,1.894556e-01,-5.310833e-01,-6.567114e-01,6.162973e-01,5.411459e-01
-4.637353e-01,-6.193124e+00,-1.476316e+00,1.601465e+00,1.768079e+00,-6.599455e-01,4.133662e-01,-4.915655e-01,-5.103477e-01,6.465795e-01,5.086069e-01
-5.836029e-01,-6.011663e+00,-1.523238e+00,1.601084e+00,1.659060e+00,-6.182656e-01,2.366412e-01,-3.742751e-01,-5.814853e-01,6.771714e-01,6.570477e-01
-5.875398e-01,-6.106423e+00,-1.616061e+00,1.602069e+00,1.604633e+00,-6.752785e-01,2.438408e-01,-4.806719e-01,-6.637361e-01,5.925900e-01,4.723808e-01
-7.102555e-01,-6.116110e+00,-1.648716e+00,1.651732e+00,1.591994e+00,-6.266011e-01,1.792278e-01,-4.569870e-01,-6.484926e-01,6.451589e-01,5.505353e-01
-8.628364e-01,-6.347355e+00,-1.635670e+00,1.480831e+00,1.705670e+00,-7.736347e-01,1.591457e-01,-5.663637e-01,-7.982825e-01,4.456154e-01,4.370907e-01
-1.032296e+00,-6.388949e+00,-1.762503e+00,1.635085e+00,1.680672e+00,-5.569726e-01,2.832960e-01,-3.739411e-01,-5.430394e-01,7.395856e-01,6.050060e-01
-7.397607e-01,-6.173760e+00,-1.587389e+00,1.666480e+00,1.725996e+00,-6.193126e-01,2.571138e-01,-4.077083e-01,-6.191891e-01,6.716627e-01,5.880252e-01
-7.767508e-01,-6.127026e+00,-1.631027e+00,1.697947e+00,1.721132e+00,-5.405585e-01,3.028953e-01,-3.074481e-01,-5.799620e-01,7.401083e-01,6.101713e-01
-5.631414e-01,-6.022029e+00,-1.520282e+00,1.554329e+00,1.669175e+00,-6.702878e-01,2.188627e-01,-3.640182e-01,-5.751478e-01,6.934046e-01,6.930401e-01
-8.776274e-01,-6.211755e+00,-1.796719e+00,1.491277e+00,1.565112e+00,-6.948792e-01,2.065877e-01,-3.788090e-01,-7.131701e-01,5.938153e-01,5.559815e-01
-7.441834e-01,-6.224174e+00,-1.739346e+00,1.423700e+00,1.519425e+00,-7.892766e-01,1.097622e-01,-5.034750e-01,-7.251470e-01,5.195098e-01,5.361988e-01
-6.970528e-01,-6.187008e+00,-1.632799e+00,1.552326e+00,1.677469e+00,-7.217510e-01,2.654130e-01,-4.857692e-01,-6.591629e-01,6.212665e-01,5.722464e-01
-8.449710e-01,-6.278906e+00,-1.594438e+00,1.608680e+00,1.761874e+00,-5.696547e-01,2.880551e-01,-3.754746e-01,-5.765368e-01,7.442075e-01,6.325820e-01
-1.090408e+00,-6.407371e+00,-1.730018e+00,1.567563e+00,1.722234e+00,-6.051905e-01,2.664329e-01,-4.236686e-01,-5.560502e-01,7.324095e-01,6.518895e-01
-1.032681e+00,-6.372817e+00,-1.665294e+00,1.640607e+00,1.803534e+00,-5.424320e-01,3.301607e-01,-4.609734e-01,-6.341603e-01,6.175739e-01,4.747260e-01
-4.862001e-01,-6.043064e+00,-1.407356e+00,1.595432e+00,1.752179e+00,-6.777294e-01,1.589590e-01,-5.431871e-01,-6.742505e-01,6.357696e-01,5.306603e-01
-4.672400e-01,-5.985579e+00,-1.344361e+00,1.760432e+00,1.942147e+00,-4.148983e-01,4.815838e-01,-2.995577e-01,-4.794464e-01,6.405417e-01,5.646046e-01
-4.262264e-01,-5.959727e+00,-1.523806e+00,1.625280e+00,1.607603e+00,-5.964284e-01,2.714111e-01,-4.354077e-01,-5.321078e-01,6.996357e-01,5.751912e-01
-5.862012e-01,-6.129385e+00,-1.668634e+00,1.525791e+00,1.502007e+00,-7.216727e-01,1.810807e-01,-5.641475e-01,-6.565955e-01,6.464077e-01,4.823213e-01
-3.344137e-01,-5.892620e+00,-1.411944e+00,1.618933e+00,1.626237e+00,-7.296792e-01,1.180148e-01,-5.814664e-01,-7.279626e-01,6.221957e-01,5.222617e-01
-7.538493e-01,-6.026959e+00,-1.643964e+00,1.721113e+00,1.697697e+00,-4.805976e-01,3.521972e-01,-3.011319e-01,-4.100737e-01,8.123880e-01,7.323628e-01
-8.825122e-01,-6.506835e+00,-1.647361e+00,1.479844e+00,1.729030e+00,-7.169035e-01,2.511462e-01,-5.601690e-01,-7.195986e-01,5.689775e-01,3.536891e-01
-7.356324e-01,-6.237894e+00,-1.546907e+00,1.572738e+00,1.703255e+00,-7.173529e-01,1.325122e-01,-5.915045e-01,-7.192769e-01,5.637595e-01,5.211427e-01
-7.278679e-01,-6.102155e+00,-1.614625e+00,1.771757e+00,1.728810e+00,-5.246586e-01,3.259166e-01,-3.758743e-01,-5.595485e-01,7.352176e-01,5.811989e-01
-8.181843e-01,-6.169160e+00,-1.733078e+00,1.577968e+00,1.543799e+00,-7.262844e-01,9.204303e-02,-5.382102e-01,-7.745911e-01,5.386951e-01,4.954110e-01
-8.471053e-01,-6.246139e+00,-1.857236e+00,1.533445e+00,1.512284e+00,-7.287933e-01,2.439192e-01,-4.341918e-01,-5.337841e-01,7.515536e-01,7.418879e-01
-5.939846e-01,-6.117204e+00,-1.649430e+00,1.529659e+00,1.572249e+00,-7.675496e-01,1.733787e-01,-4.617580e-01,-6.745445e-01,6.398674e-01,6.523015e-01
-7.981531e-01,-6.189572e+00,-1.766613e+00,1.544818e+00,1.570087e+00,-7.022245e-01,1.762044e-01,-4.238483e-01,-6.901123e-01,6.069918e-01,5.610149e-01
-9.097582e-01,-6.312095e+00,-1.752648e+00,1.580399e+00,1.675181e+00,-6.419145e-01,2.842679e-01,-3.905693e-01,-6.034764e-01,6.618683e-01,5.863940e-01
-9.098816e-01,-6.426589e+00,-1.747496e+00,1.461675e+00,1.581846e+00,-8.312828e-01,8.618475e-02,-6.016214e-01,-7.767759e-01,6.309140e-01,5.291464e-01
-5.463168e-01,-6.032036e+00,-1.362698e+00,1.895690e+00,2.032592e+00,-4.854527e-01,4.218713e-01,-4.231609e-01,-6.251990e-01,6.247152e-01,5.362026e-01
-9.254941e-01,-6.407422e+00,-1.780013e+00,1.471632e+00,1.621222e+00,-7.283606e-01,2.965621e-01,-3.652794e-01,-4.716505e-01,9.253392e-01,7.821179e-01
-6.374793e-01,-6.058381e+00,-1.589247e+00,1.684483e+00,1.678152e+00,-5.512275e-01,2.937244e-01,-4.019175e-01,-5.535191e-01,6.622398e-01,5.604678e-01
-5.276351e-01,-5.969717e+00,-1.547087e+00,1.576087e+00,1.603470e+00,-6.909708e-01,1.905097e-01,-4.679123e-01,-6.560874e-01,6.508739e-01,5.458690e-01
-4.631112e-01,-6.036138e+00,-1.386806e+00,1.554964e+00,1.780582e+00,-5.467237e-01,3.406903e-01,-3.251160e-01,-5.576837e-01,6.824952e-01,5.570240e-01
-5.898916e-01,-6.142202e+00,-1.604427e+00,1.405798e+00,1.538109e+00,-7.909939e-01,1.282135e-01,-5.804895e-01,-6.614719e-01,5.800159e-01,5.408462e-01
-4.244318e-01,-5.871169e+00,-1.460610e+00,1.732819e+00,1.726040e+00,-6.267611e-01,3.171633e-01,-4.941286e-01,-6.188220e-01,7.149029e-01,4.560452e-01
-1.265418e+00,-6.500305e+00,-1.907626e+00,1.485248e+00,1.572931e+00,-5.874741e-01,2.165617e-01,-4.464883e-01,-5.773484e-01,6.598993e-01,5.142038e-01
-1.262727e+00,-6.657951e+00,-1.877002e+00,1.312561e+00,1.533924e+00,-7.948076e-01,6.619597e-02,-5.917833e-01,-6.913736e-01,6.479612e-01,6.701933e-01
-7.218214e-01,-6.134930e+00,-1.497727e+00,1.763068e+00,1.741952e+00,-6.476275e-01,1.073577e-01,-7.462859e-01,-9.086024e-01,3.696548e-01,2.419558e-01
-8.274503e-01,-6.355344e+00,-1.623496e+00,1.501727e+00,1.679237e+00,-6.748321e-01,2.292530e-01,-4.605506e-01,-5.746662e-01,7.540590e-01,6.644293e-01
-9.066357e-01,-6.336305e+00,-1.775742e+00,1.521583e+00,1.615668e+00,-6.657417e-01,2.624430e-01,-4.483308e-01,-6.920915e-01,5.545369e-01,4.270820e-01
-6.777052e-01,-6.110493e+00,-1.655218e+00,1.576988e+00,1.614885e+00,-6.354284e-01,2.267210e-01,-4.080844e-01,-6.867750e-01,5.823048e-01,4.336699e-01
-6.886774e-01,-6.199522e+00,-1.581753e+00,1.477386e+00,1.690813e+00,-6.607462e-01,2.617797e-01,-3.279050e-01,-6.416253e-01,6.751272e-01,5.634401e-01
-6.302803e-01,-6.099093e+00,-1.567948e+00,1.597521e+00,1.738666e+00,-6.099549e-01,3.058590e-01,-2.854982e-01,-5.908501e-01,7.001567e-01,6.222683e-01
-7.438979e-01,-6.120780e+00,-1.508668e+00,1.635538e+00,1.790756e+00,-5.922484e-01,2.320696e-01,-3.972986e-01,-6.661383e-01,5.924325e-01,5.541431e-01
-4.993173e-01,-5.890095e+00,-1.357588e+00,1.896440e+00,1.932830e+00,-5.316071e-01,3.338804e-01,-4.167873e-01,-6.850041e-01,6.000253e-01,5.287210e-01
-8.403242e-01,-6.129037e+00,-1.635916e+00,1.716737e+00,1.740099e+00,-6.151743e-01,2.545821e-01,-4.206445e-01,-5.536511e-01,7.221790e-01,7.616417e-01
-8.703286e-01,-6.297937e+00,-1.733850e+00,1.581497e+00,1.649281e+00,-7.220011e-01,1.987913e-01,-5.681808e-01,-7.863638e-01,4.799812e-01,3.659226e-01
-5.115065e-01,-6.117479e+00,-1.481400e+00,1.663080e+00,1.857850e+00,-5.292758e-01,4.619285e-01,-2.131377e-01,-4.600077e-01,8.096922e-01,6.151853e-01
-5.541685e-01,-6.022541e+00,-1.569964e+00,1.677641e+00,1.696975e+00,-5.443080e-01,3.152881e-01,-2.834578e-01,-5.946491e-01,7.563097e-01,5.543355e-01
-6.905788e-01,-6.132164e+00,-1.718218e+00,1.480476e+00,1.487460e+00,-8.147134e-01,1.163567e-01,-5.651414e-01,-7.258682e-01,6.123275e-01,5.360357e-01
-7.372580e-01,-6.153673e+00,-1.723881e+00,1.572600e+00,1.598172e+00,-6.895129e-01,2.374977e-01,-4.531099e-01,-5.777188e-01,6.886290e-01,6.558045e-01
-6.467930e-01,-6.041681e+00,-1.525567e+00,1.718247e+00,1.727099e+00,-5.978741e-01,2.220461e-01,-4.860068e-01,-6.750939e-01,6.276911e-01,5.585275e-01
-1.134964e+00,-6.376987e+00,-1.852484e+00,1.643368e+00,1.567836e+00,-5.871420e-01,1.735090e-01,-5.334700e-01,-6.263311e-01,6.735690e-01,5.689422e-01
-8.930535e-01,-6.259150e+00,-1.543872e+00,1.703564e+00,1.794414e+00,-4.881263e-01,2.887015e-01,-4.632948e-01,-5.705092e-01,7.086300e-01,5.663785e-01
-8.410839e-01,-6.194309e+00,-1.600886e+00,1.704519e+00,1.762335e+00,-5.214526e-01,3.005551e-01,-5.085230e-01,-6.406221e-01,5.710561e-01,4.349096e-01
-7.503274e-01,-6.113170e+00,-1.688935e+00,1.624652e+00,1.601260e+00,-6.069944e-01,2.156980e-01,-5.285523e-01,-6.532434e-01,5.692847e-01,4.348901e-01
-5.458973e-01,-5.992102e+00,-1.513305e+00,1.682493e+00,1.709930e+00,-4.844386e-01,3.229965e-01,-3.464839e-01,-5.764346e-01,6.776852e-01,5.233148e-01
-3.577038e-01,-5.941150e+00,-1.444244e+00,1.662946e+00,1.710629e+00,-6.054696e-01,3.104315e-01,-4.768316e-01,-6.022162e-01,6.242948e-01,5.102126e-01
-3.786737e-01,-5.899339e+00,-1.478128e+00,1.708783e+00,1.705057e+00,-5.734378e-01,3.280438e-01,-4.366567e-01,-5.909398e-01,6.252089e-01,5.004716e-01
-7.817238e-01,-6.181897e+00,-1.702364e+00,1.536363e+00,1.579152e+00,-6.601556e-01,1.777780e-01,-4.355520e-01,-6.516523e-01,6.676747e-01,5.429446e-01
-7.107717e-01,-6.248919e+00,-1.571296e+00,1.573943e+00,1.808108e+00,-6.266941e-01,3.687564e-01,-3.886601e-01,-5.379458e-01,6.941270e-01,5.443182e-01
-8.681600e-01,-6.054785e+00,-1.589063e+00,1.885809e+00,1.832681e+00,-3.961973e-01,3.042997e-01,-3.582827e-01,-6.741691e-01,5.804471e-01,5.180212e-01
-7.427560e-01,-6.182611e+00,-1.438944e+00,1.675125e+00,1.876600e+00,-5.668764e-01,2.272613e-01,-4.668118e-01,-7.263643e-01,5.387876e-01,4.834510e-01
-5.894552e-01,-5.868756e+00,-1.413810e+00,1.849186e+00,1.858931e+00,-5.339662e-01,2.530498e-01,-4.489887e-01,-7.286977e-01,4.922236e-01,5.550580e-01
-7.441703e-01,-6.180807e+00,-1.670423e+00,1.520499e+00,1.632444e+00,-7.710731e-01,2.103436e-01,-4.931210e-01,-6.659860e-01,6.047644e-01,6.293476e-01
-6.205672e-01,-6.015597e+00,-1.599173e+00,1.665467e+00,1.703681e+00,-6.347201e-01,2.789531e-01,-3.867364e-01,-6.437366e-01,6.030692e-01,6.376166e-01
-5.993668e-01,-6.194247e+00,-1.559360e+00,1.482314e+00,1.630016e+00,-7.998763e-01,1.068470e-01,-5.202597e-01,-8.108162e-01,5.868554e-01,5.449882e-01
-4.574315e-01,-6.196384e+00,-1.408932e+00,1.525995e+00,1.744172e+00,-7.657103e-01,1.662148e-01,-5.695305e-01,-7.481301e-01,5.052479e-01,4.322865e-01
-5.775943e-01,-6.062761e+00,-1.505747e+00,1.710234e+00,1.736063e+00,-7.239572e-01,1.788969e-01,-5.580378e-01,-7.561666e-01,6.094712e-01,5.583827e-01
-7.165737e-01,-6.001557e+00,-1.431984e+00,1.831112e+00,1.864791e+00,-4.678339e-01,2.906587e-01,-3.623785e-01,-6.188139e-01,6.995204e-01,5.634792e-01
-5.622913e-01,-5.921871e+00,-1.430789e+00,1.720706e+00,1.698423e+00,-7.080134e-01,7.296801e-02,-6.302755e-01,-7.606174e-01,5.098327e-01,4.807818e-01
-9.978325e-01,-6.398113e+00,-1.990498e+00,1.313731e+00,1.225782e+00,-9.634501e-01,-5.631000e-02,-7.075906e-01,-7.464870e-01,6.339328e-01,5.282140e-01
-6.615430e-01,-5.979023e+00,-1.610537e+00,1.685830e+00,1.625025e+00,-5.507257e-01,2.660770e-01,-4.165028e-01,-5.265764e-01,6.858968e-01,6.067900e-01
-5.603327e-01,-6.189790e+00,-1.629508e+00,1.440499e+00,1.527173e+00,-7.564050e-01,2.798373e-01,-5.095565e-01,-5.006741e-01,7.368062e-01,6.211419e-01
-5.720229e-01,-5.880072e+00,-1.577034e+00,1.618823e+00,1.555313e+00,-5.923075e-01,2.064182e-01,-4.029404e-01,-5.223585e-01,7.162710e-01,6.950073e-01
-6.253625e-01,-5.952621e+00,-1.538354e+00,1.696039e+00,1.666975e+00,-5.338433e-01,2.416312e-01,-4.426611e-01,-6.510929e-01,6.070860e-01,4.677021e-01
-5.703936e-01,-6.040431e+00,-1.495235e+00,1.671688e+00,1.703299e+00,-6.510707e-01,2.279125e-01,-5.306158e-01,-6.092342e-01,7.021822e-01,6.186275e-01
-9.278271e-01,-6.289268e+00,-1.622300e+00,1.693316e+00,1.788105e+00,-4.628212e-01,3.673515e-01,-3.481068e-01,-4.369144e-01,8.116238e-01,6.960749e-01
-9.107456e-01,-6.148607e+00,-1.511839e+00,1.910166e+00,2.047392e+00,-2.104193e-01,6.502320e-01,-6.438203e-02,-3.106933e-01,8.841925e-01,6.951864e-01
-6.922727e-01,-6.020329e+00,-1.505550e+00,1.780299e+00,1.872368e+00,-4.396168e-01,3.985235e-01,-2.330498e-01,-4.592595e-01,8.450199e-01,7.081740e-01
-4.866541e-01,-6.023158e+00,-1.434664e+00,1.606906e+00,1.792780e+00,-6.580137e-01,2.571268e-01,-4.190714e-01,-6.422138e-01,6.226357e-01,6.069269e-01
-6.784438e-01,-6.002911e+00,-1.591384e+00,1.735906e+00,1.719992e+00,-4.932960e-01,3.606222e-01,-3.393777e-01,-5.699901e-01,6.922899e-01,5.143888e-01
-7.854808e-01,-6.314876e+00,-1.875784e+00,1.354537e+00,1.431680e+00,-8.491759e-01,1.846595e-01,-5.042413e-01,-6.046215e-01,6.473680e-01,6.182594e-01
-3.983100e-01,-5.895038e+00,-1.465497e+00,1.730361e+00,1.742686e+00,-5.847259e-01,3.162272e-01,-3.777935e-01,-6.255561e-01,6.343394e-01,5.411780e-01
-1.043776e+00,-6.507374e+00,-1.808269e+00,1.384319e+00,1.596790e+00,-6.904669e-01,2.106016e-01,-4.738002e-01,-6.278900e-01,4.855642e-01,4.771680e-01
-3.963153e-01,-5.760808e+00,-1.407066e+00,1.748523e+00,1.605024e+00,-7.386723e-01,-1.104892e-01,-5.952144e-01,-9.234151e-01,5.475285e-01,5.235867e-01
-7.350779e-01,-6.178778e+00,-1.575610e+00,1.615109e+00,1.661743e+00,-7.400463e-01,1.007296e-01,-6.339627e-01,-7.719792e-01,5.269497e-01,5.087272e-01
-8.917593e-01,-6.169997e+00,-1.682531e+00,1.718125e+00,1.729908e+00,-4.796812e-01,3.459454e-01,-3.022983e-01,-4.874600e-01,7.213229e-01,6.314555e-01
-1.010605e+00,-6.432586e+00,-1.824693e+00,1.376546e+00,1.537418e+00,-7.912464e-01,1.220178e-01,-5.087483e-01,-7.132012e-01,5.535468e-01,5.779394e-01
-6.400762e-01,-6.016778e+00,-1.597437e+00,1.547684e+00,1.597982e+00,-6.752324e-01,1.586562e-01,-3.962907e-01,-5.646406e-01,6.796275e-01,7.204971e-01
-3.598078e-01,-5.787949e+00,-1.446575e+00,1.757530e+00,1.661849e+00,-5.959220e-01,2.987042e-01,-4.604463e-01,-5.248838e-01,6.533293e-01,6.020565e-01
-7.439775e-01,-6.215279e+00,-1.704541e+00,1.552560e+00,1.612599e+00,-7.152928e-01,2.856667e-01,-5.221933e-01,-6.231761e-01,6.450135e-01,5.201379e-01
-5.257403e-01,-5.998474e+00,-1.351994e+00,1.793863e+00,1.864923e+00,-4.565569e-01,3.185066e-01,-4.415380e-01,-6.425219e-01,5.162027e-01,3.683224e-01
-1.024541e+00,-6.263824e+00,-1.775755e+00,1.603157e+00,1.619540e+00,-6.635727e-01,1.841708e-01,-5.024610e-01,-6.817926e-01,6.203779e-01,5.069099e-01
-9.598907e-01,-6.257548e+00,-1.542307e+00,1.697421e+00,1.878091e+00,-4.846857e-01,3.055760e-01,-4.445123e-01,-5.967576e-01,5.747890e-01,5.212981e-01
-9.442947e-01,-6.314176e+00,-1.782540e+00,1.531354e+00,1.548717e+00,-6.697040e-01,2.037421e-01,-4.412078e-01,-5.485633e-01,8.059900e-01,6.340649e-01
-7.639938e-01,-6.041946e+00,-1.624568e+00,1.751476e+00,1.707398e+00,-4.309337e-01,3.681451e-01,-2.887509e-01,-4.803632e-01,7.503388e-01,5.766559e-01
-7.980019e-01,-6.134926e+00,-1.692577e+00,1.452920e+00,1.598162e+00,-7.073462e-01,2.205371e-01,-4.600486e-01,-6.120080e-01,6.460838e-01,5.627001e-01
-4.469160e-01,-5.838627e+00,-1.578359e+00,1.603136e+00,1.616298e+00,-7.387079e-01,2.041747e-01,-4.784166e-01,-7.352322e-01,5.775055e-01,5.321834e-01
-4.581754e-01,-5.964209e+00,-1.546609e+00,1.568835e+00,1.648568e+00,-6.781091e-01,2.418434e-01,-4.193543e-01,-6.194154e-01,6.740957e-01,6.146345e-01
-5.728271e-01,-5.998216e+00,-1.528990e+00,1.652213e+00,1.710437e+00,-6.574668e-01,2.172142e-01,-4.855067e-01,-7.461828e-01,5.686097e-01,5.095753e-01
-7.512441e-01,-6.122845e+00,-1.655686e+00,1.589953e+00,1.678906e+00,-6.490275e-01,2.867716e-01,-3.388797e-01,-5.187968e-01,8.295631e-01,6.950746e-01
-9.225355e-01,-6.109598e+00,-1.612530e+00,1.816460e+00,1.793816e+00,-4.484068e-01,3.066840e-01,-3.864293e-01,-5.873399e-01,6.237484e-01,5.866080e-01
-8.184226e-01,-6.082096e+00,-1.632663e+00,1.788633e+00,1.696610e+00,-6.330427e-01,1.850796e-01,-5.883775e-01,-7.738329e-01,4.938841e-01,3.916437e-01
-9.306833e-01,-6.161825e+00,-1.712306e+00,1.703943e+00,1.687425e+00,-5.409471e-01,2.499276e-01,-3.866107e-01,-6.268647e-01,6.537117e-01,5.530176e-01
-3.331924e-01,-5.774699e+00,-1.318365e+00,1.830360e+00,1.787982e+00,-5.886860e-01,1.996842e-01,-4.902770e-01,-7.382973e-01,5.228771e-01,5.420963e-01
-8.426192e-01,-6.257094e+00,-1.683457e+00,1.451486e+00,1.566235e+00,-7.622635e-01,1.571077e-01,-5.687858e-01,-7.109073e-01,5.173325e-01,4.524373e-01
-6.113150e-01,-5.966832e+00,-1.642876e+00,1.641769e+00,1.559484e+00,-6.887323e-01,2.144827e-01,-4.621872e-01,-6.489015e-01,6.433622e-01,5.066922e-01
-4.134013e-01,-5.792740e+00,-1.442951e+00,1.803144e+00,1.684073e+00,-5.955756e-01,2.155182e-01,-4.531721e-01,-6.683500e-01,6.006926e-01,5.230969e-01
-7.362621e-01,-5.995407e+00,-1.518033e+00,1.729684e+00,1.754146e+00,-5.995381e-01,1.906987e-01,-5.108789e-01,-7.128095e-01,5.385480e-01,5.183857e-01
-5.681632e-01,-5.854506e+00,-1.333804e+00,1.927830e+00,1.921473e+00,-4.408398e-01,3.223649e-01,-3.449758e-01,-5.839241e-01,6.880700e-01,6.611180e-01
-1.161968e+00,-6.362218e+00,-1.817159e+00,1.564006e+00,1.587993e+00,-6.402701e-01,1.966931e-01,-5.295693e-01,-6.011585e-01,6.048310e-01,5.161446e-01
-9.775794e-01,-6.121655e+00,-1.737229e+00,1.671620e+00,1.573552e+00,-5.669871e-01,1.451356e-01,-4.765180e-01,-6.353125e-01,6.112627e-01,5.499603e-01
-7.768885e-01,-6.163536e+00,-1.759418e+00,1.520202e+00,1.543038e+00,-7.143672e-01,2.697217e-01,-4.166908e-01,-4.783390e-01,8.205362e-01,7.570271e-01
-8.187012e-01,-6.202443e+00,-1.846937e+00,1.421341e+00,1.475184e+00,-7.018953e-01,2.468052e-01,-2.913438e-01,-3.712489e-01,9.107307e-01,9.183148e-01
-4.124183e-01,-5.770782e+00,-1.467747e+00,1.767826e+00,1.703992e+00,-5.605578e-01,3.299208e-01,-4.119223e-01,-5.470132e-01,6.812749e-01,6.030948e-01
-8.036545e-01,-6.116079e+00,-1.788075e+00,1.548319e+00,1.517417e+00,-6.269000e-01,1.602199e-01,-3.875746e-01,-6.196622e-01,6.334351e-01,6.356186e-01
-8.151531e-01,-6.212095e+00,-1.732708e+00,1.503358e+00,1.602072e+00,-7.735559e-01,1.922889e-01,-6.141600e-01,-6.997105e-01,5.205739e-01,4.695318e-01
-4.826898e-01,-5.836854e+00,-1.323759e+00,1.917855e+00,1.863472e+00,-4.671155e-01,2.916144e-01,-5.033903e-01,-5.809720e-01,6.660327e-01,6.316489e-01
-1.076158e+00,-6.261105e+00,-1.847623e+00,1.599057e+00,1.551937e+00,-7.340222e-01,2.137439e-02,-6.455211e-01,-8.262538e-01,5.523104e-01,5.282881e-01
-7.710404e-01,-6.196665e+00,-1.581090e+00,1.539099e+00,1.672818e+00,-8.012744e-01,1.026274e-01,-6.342992e-01,-7.489758e-01,6.580916e-01,5.919127e-01
-6.964809e-01,-5.918076e+00,-1.707753e+00,1.662726e+00,1.556241e+00,-6.250982e-01,1.911132e-01,-3.603327e-01,-5.155773e-01,7.720780e-01,7.770778e-01
-9.624008e-01,-6.252984e+00,-1.687762e+00,1.590780e+00,1.788959e+00,-3.584130e-01,5.107866e-01,-7.107351e-02,-3.551978e-01,8.239810e-01,6.743628e-01
-3.233207e-01,-5.648619e+00,-1.493072e+00,1.810941e+00,1.587537e+00,-6.091114e-01,2.419927e-01,-5.083394e-01,-5.796658e-01,6.093200e-01,5.623138e-01
-6.912087e-01,-6.000267e+00,-1.623301e+00,1.616446e+00,1.607164e+00,-5.687257e-01,1.950875e-01,-3.544898e-01,-6.062695e-01,6.559576e-01,6.031699e-01
-7.152864e-01,-5.994644e+00,-1.630974e+00,1.735185e+00,1.673196e+00,-5.189962e-01,3.285163e-01,-3.443139e-01,-5.574593e-01,7.418882e-01,5.658115e-01
-5.602381e-01,-5.885405e+00,-1.564793e+00,1.834630e+00,1.643694e+00,-5.399511e-01,2.045528e-01,-4.377090e-01,-6.020188e-01,6.850162e-01,5.225137e-01
-1.035986e+00,-6.386117e+00,-1.798682e+00,1.544641e+00,1.607733e+00,-6.995895e-01,2.053714e-01,-5.403368e-01,-6.544108e-01,6.072549e-01,5.184148e-01
-7.715529e-01,-6.187850e+00,-1.640992e+00,1.628082e+00,1.646881e+00,-7.064305e-01,2.518105e-01,-5.025406e-01,-5.024049e-01,7.881620e-01,7.451830e-01
-7.498003e-01,-6.140762e+00,-1.590216e+00,1.659402e+00,1.695928e+00,-6.082485e-01,2.248874e-01,-4.695031e-01,-6.368043e-01,5.618104e-01,5.717268e-01
-6.950602e-01,-6.058098e+00,-1.676081e+00,1.459195e+00,1.416147e+00,-8.860955e-01,-5.544448e-02,-6.692319e-01,-8.505209e-01,4.875538e-01,4.971495e-01
-7.206231e-01,-6.133766e+00,-1.645007e+00,1.620081e+00,1.676861e+00,-5.672096e-01,3.409232e-01,-3.506156e-01,-5.622565e-01,6.102420e-01,4.683178e-01
-3.633074e-01,-5.861522e+00,-1.375843e+00,1.785638e+00,1.814602e+00,-4.897717e-01,4.305067e-01,-2.719481e-01,-4.781156e-01,7.409192e-01,6.262945e-01
-7.860051e-01,-5.972999e+00,-1.635430e+00,1.704808e+00,1.646545e+00,-5.652263e-01,1.505603e-01,-3.465780e-01,-7.300867e-01,6.653783e-01,5.402905e-01
-7.369150e-01,-5.984118e+00,-1.578862e+00,1.773593e+00,1.620295e+00,-5.048819e-01,1.775390e-01,-3.678895e-01,-5.630381e-01,7.879057e-01,6.151801e-01
-6.317476e-01,-5.863356e+00,-1.405498e+00,1.729300e+00,1.698288e+00,-5.570559e-01,8.853076e-02,-4.021845e-01,-6.194584e-01,7.068851e-01,7.043159e-01
-7.926066e-01,-5.967784e+00,-1.677194e+00,1.724880e+00,1.662025e+00,-6.639953e-01,2.243312e-01,-4.528058e-01,-5.561787e-01,7.432580e-01,7.245934e-01
-7.344188e-01,-6.102093e+00,-1.586941e+00,1.729663e+00,1.729786e+00,-5.175908e-01,2.785822e-01,-4.003473e-01,-6.209671e-01,6.705217e-01,6.042872e-01
-4.703286e-01,-5.772952e+00,-1.535605e+00,1.662267e+00,1.576518e+00,-7.334084e-01,6.556041e-02,-5.782917e-01,-7.595300e-01,5.450322e-01,5.318518e-01
-6.085207e-01,-6.087205e+00,-1.678213e+00,1.486732e+00,1.591924e+00,-7.180631e-01,2.736649e-01,-3.909835e-01,-5.794393e-01,7.409245e-01,6.226421e-01
-6.336953e-01,-5.952032e+00,-1.684567e+00,1.614092e+00,1.546894e+00,-6.051010e-01,2.566900e-01,-3.848435e-01,-5.834248e-01,7.264743e-01,5.978360e-01
-7.151311e-01,-5.979460e+00,-1.630435e+00,1.591785e+00,1.624969e+00,-5.186654e-01,2.836193e-01,-2.483794e-01,-4.575271e-01,8.016612e-01,7.078643e-01
-6.664979e-01,-6.053516e+00,-1.602218e+00,1.555308e+00,1.630431e+00,-7.187354e-01,2.709183e-01,-5.177012e-01,-5.308415e-01,6.841652e-01,6.625659e-01
-8.069489e-01,-6.022354e+00,-1.579195e+00,1.761265e+00,1.701827e+00,-4.760497e-01,2.224647e-01,-3.811406e-01,-5.749247e-01,6.720520e-01,6.097960e-01
-6.005763e-01,-5.905951e+00,-1.460994e+00,1.892164e+00,1.723885e+00,-5.876924e-01,1.897271e-01,-6.365341e-01,-7.173488e-01,5.713675e-01,4.073578e-01
-6.231734e-01,-5.985775e+00,-1.460766e+00,1.848571e+00,1.827556e+00,-5.226255e-01,3.206903e-01,-4.807206e-01,-6.009205e-01,6.312763e-01,5.600455e-01
-5.035776e-01,-5.972426e+00,-1.459561e+00,1.675674e+00,1.685452e+00,-6.910899e-01,1.016960e-01,-5.875267e-01,-7.839839e-01,4.779073e-01,4.167183e-01
-6.464128e-01,-6.135633e+00,-1.616611e+00,1.648437e+00,1.674503e+00,-5.859469e-01,3.594181e-01,-3.483984e-01,-5.094554e-01,8.013135e-01,6.725537e-01
-8.050612e-01,-6.033860e+00,-1.729855e+00,1.627116e+00,1.609655e+00,-5.295879e-01,3.338724e-01,-2.495815e-01,-4.523205e-01,7.125444e-01,6.149259e-01
-1.001473e+00,-6.283381e+00,-1.878154e+00,1.406829e+00,1.415571e+00,-8.013250e-01,3.425764e-02,-5.423172e-01,-7.526127e-01,5.124032e-01,5.388237e-01
-1.933080e-01,-5.620433e+00,-1.265010e+00,1.939190e+00,1.823489e+00,-5.797554e-01,2.390532e-01,-5.421888e-01,-7.296158e-01,5.220893e-01,4.391819e-01
-7.775673e-01,-6.000936e+00,-1.493592e+00,1.735897e+00,1.789632e+00,-4.978550e-01,2.032127e-01,-3.393065e-01,-5.712972e-01,6.473077e-01,7.229582e-01
-5.906346e-01,-5.907475e+00,-1.656446e+00,1.573057e+00,1.401153e+00,-1.020874e+00,-2.222735e-01,-8.852127e-01,-1.027188e+00,3.458538e-01,3.922663e-01
-4.199025e-01,-5.749430e+00,-1.355820e+00,1.921389e+00,1.834015e+00,-5.279303e-01,1.959972e-01,-4.577638e-01,-7.230632e-01,5.564086e-01,5.142384e-01
-6.013482e-01,-5.859000e+00,-1.566430e+00,1.752946e+00,1.638243e+00,-5.710021e-01,1.876638e-01,-4.376398e-01,-6.638779e-01,6.391772e-01,5.635424e-01
-2.669276e-01,-5.725157e+00,-1.409805e+00,1.875570e+00,1.814060e+00,-5.461570e-01,3.400929e-01,-3.843695e-01,-6.987937e-01,6.333905e-01,4.947912e-01
-5.452140e-01,-5.859000e+00,-1.530568e+00,1.761824e+00,1.715873e+00,-5.002672e-01,2.940464e-01,-3.776870e-01,-6.287312e-01,5.882113e-01,4.816000e-01
-7.007815e-01,-5.979086e+00,-1.746642e+00,1.548343e+00,1.563400e+00,-7.262069e-01,2.190985e-01,-3.556562e-01,-5.740035e-01,7.494332e-01,7.979199e-01
-6.547995e-01,-6.008491e+00,-1.564502e+00,1.645547e+00,1.707279e+00,-5.970090e-01,1.907048e-01,-4.530289e-01,-7.040542e-01,5.311603e-01,5.117491e-01
-1.144711e+00,-6.209105e+00,-1.725832e+00,1.781216e+00,1.849942e+00,-3.545620e-01,4.962084e-01,-1.901959e-01,-3.452232e-01,8.891166e-01,8.072779e-01
-8.893995e-01,-5.765156e+00,-1.235590e+00,2.230766e+00,2.318537e+00,-9.421588e-03,5.277417e-01,-2.371996e-01,-7.461154e-01,4.341805e-01,2.547330e-01
-5.753361e-01,-5.964456e+00,-1.453881e+00,1.672926e+00,1.715829e+00,-6.878355e-01,1.677984e-01,-5.526920e-01,-5.757085e-01,7.025256e-01,7.110927e-01
-7.146384e-01,-6.011230e+00,-1.632200e+00,1.674041e+00,1.567009e+00,-7.497237e-01,8.003478e-02,-6.942979e-01,-7.999331e-01,5.598532e-01,4.644121e-01
-8.083696e-01,-6.081250e+00,-1.732131e+00,1.492478e+00,1.423034e+00,-7.275684e-01,-1.387656e-02,-5.812621e-01,-7.306195e-01,5.112482e-01,4.981242e-01
-6.936119e-01,-5.926620e+00,-1.540614e+00,1.634964e+00,1.706844e+00,-4.752484e-01,3.345455e-01,-2.066582e-01,-4.469270e-01,8.157388e-01,7.908733e-01
-6.503454e-01,-6.062564e+00,-1.648224e+00,1.510344e+00,1.493028e+00,-7.174387e-01,1.068423e-01,-5.303694e-01,-6.592369e-01,6.394803e-01,6.334453e-01
-6.407301e-01,-5.923273e+00,-1.657694e+00,1.676394e+00,1.560089e+00,-6.025227e-01,2.686466e-01,-3.562316e-01,-4.576146e-01,8.355496e-01,7.662036e-01
-7.206001e-01,-5.907009e+00,-1.548094e+00,1.809919e+00,1.703987e+00,-4.927626e-01,2.391252e-01,-4.110054e-01,-6.412812e-01,6.061653e-01,5.129036e-01
-7.540476e-01,-6.012855e+00,-1.472466e+00,1.809683e+00,1.838155e+00,-4.528591e-01,2.483528e-01,-4.095660e-01,-6.298811e-01,5.412379e-01,4.885662e-01
-5.911057e-01,-5.940133e+00,-1.507872e+00,1.727071e+00,1.625195e+00,-7.106030e-01,3.063802e-02,-5.620757e-01,-7.534286e-01,6.167585e-01,6.933670e-01
-5.933885e-01,-5.794778e+00,-1.458587e+00,1.877216e+00,1.714625e+00,-5.262246e-01,1.428209e-01,-4.785805e-01,-6.962088e-01,5.597443e-01,5.945299e-01
-2.083722e-01,-5.534606e+00,-1.293403e+00,1.916172e+00,1.734592e+00,-5.469798e-01,2.185991e-01,-3.606378e-01,-6.059323e-01,7.463194e-01,6.417853e-01
-6.012753e-01,-5.878365e+00,-1.556513e+00,1.725241e+00,1.653843e+00,-5.771348e-01,2.025194e-01,-3.814778e-01,-7.215559e-01,5.770886e-01,5.207521e-01
-7.398704e-01,-5.956783e+00,-1.859591e+00,1.545065e+00,1.313451e+00,-8.267296e-01,-3.323280e-02,-5.370844e-01,-7.792117e-01,6.079061e-01,5.436301e-01
-7.637417e-01,-5.944654e+00,-1.544939e+00,1.774511e+00,1.699882e+00,-3.779280e-01,2.783686e-01,-1.720990e-01,-5.073910e-01,8.424963e-01,7.605869e-01
-7.614940e-01,-5.777159e+00,-1.531130e+00,2.018554e+00,1.892721e+00,-3.526687e-01,4.192282e-01,-3.541408e-01,-5.986208e-01,5.464021e-01,4.159455e-01
-7.549048e-01,-5.960562e+00,-1.509101e+00,1.894131e+00,1.860231e+00,-4.174232e-01,3.856647e-01,-3.450114e-01,-5.458970e-01,6.404531e-01,5.922410e-01
-5.775216e-01,-5.918259e+00,-1.440194e+00,1.760635e+00,1.708491e+00,-6.477568e-01,1.302309e-01,-5.372628e-01,-6.634531e-01,6.600304e-01,6.248955e-01
-6.147897e-01,-5.894639e+00,-1.454211e+00,1.730431e+00,1.749159e+00,-6.167078e-01,1.668667e-01,-5.217943e-01,-6.302349e-01,6.601179e-01,6.466838e-01
-2.972960e-01,-5.771502e+00,-1.331139e+00,1.790085e+00,1.856487e+00,-5.848656e-01,3.763694e-01,-4.483617e-01,-5.422802e-01,6.591937e-01,6.421703e-01
-2.584979e-01,-5.539449e+00,-1.341562e+00,1.960617e+00,1.811693e+00,-4.067622e-01,4.051977e-01,-3.537526e-01,-4.869999e-01,7.426111e-01,5.321692e-01
-6.176844e-01,-5.990600e+00,-1.629156e+00,1.538155e+00,1.565522e+00,-6.633852e-01,2.296834e-01,-4.798634e-01,-5.828923e-01,6.525999e-01,5.677186e-01
-3.438093e-01,-5.594589e+00,-1.427389e+00,1.710742e+00,1.538937e+00,-6.882304e-01,4.911163e-03,-6.532709e-01,-7.791816e-01,4.447774e-01,4.822943e-01
-6.775629e-01,-5.981095e+00,-1.618809e+00,1.684086e+00,1.633457e+00,-5.715132e-01,2.372569e-01,-4.784381e-01,-5.652443e-01,6.793213e-01,6.243070e-01
-4.442831e-01,-5.806237e+00,-1.227608e+00,1.928179e+00,1.980466e+00,-3.278045e-01,3.361973e-01,-2.953003e-01,-5.900697e-01,6.844779e-01,6.434523e-01
-1.386989e-01,-5.634033e+00,-1.207730e+00,1.746252e+00,1.719048e+00,-6.367793e-01,9.147879e-02,-4.961095e-01,-6.042234e-01,6.310008e-01,5.248281e-01
-3.855579e-01,-5.783036e+00,-1.324328e+00,1.776755e+00,1.713191e+00,-6.748071e-01,2.154852e-02,-6.148709e-01,-8.197535e-01,4.925723e-01,4.768511e-01
-3.506321e-01,-5.650750e+00,-1.172807e+00,2.044350e+00,1.954374e+00,-3.237194e-01,2.753518e-01,-3.847282e-01,-6.975074e-01,5.235668e-01,4.609766e-01
-4.518503e-01,-5.641773e+00,-1.274475e+00,1.962089e+00,1.982222e+00,-3.603316e-01,3.448675e-01,-2.868375e-01,-6.545393e-01,5.704514e-01,6.092194e-01
-1.120159e+00,-6.253507e+00,-2.063835e+00,1.420835e+00,1.325823e+00,-8.085699e-01,1.383965e-01,-4.329904e-01,-5.643907e-01,7.636068e-01,8.190002e-01
-8.911574e-01,-6.093843e+00,-1.867769e+00,1.465633e+00,1.398921e+00,-7.626887e-01,3.913134e-02,-4.638146e-01,-6.478556e-01,6.020196e-01,7.169266e-01
-5.248849e-01,-5.849455e+00,-1.498526e+00,1.779791e+00,1.754592e+00,-4.875325e-01,2.964002e-01,-1.757490e-01,-5.432671e-01,8.539581e-01,7.828456e-01
-4.836606e-01,-5.683130e+00,-1.392267e+00,1.831145e+00,1.753752e+00,-5.823406e-01,1.524472e-01,-4.610594e-01,-6.667248e-01,6.252098e-01,6.295919e-01
-7.723432e-01,-5.957106e+00,-1.566621e+00,1.798672e+00,1.821307e+00,-5.588961e-01,2.977728e-01,-3.382504e-01,-5.691483e-01,7.180183e-01,6.894210e-01
-3.860731e-01,-5.620670e+00,-1.282602e+00,1.927304e+00,1.890412e+00,-4.939644e-01,2.790352e-01,-3.629793e-01,-6.232020e-01,6.150031e-01,5.591458e-01
-5.085436e-01,-5.811378e+00,-1.440076e+00,1.753118e+00,1.822973e+00,-6.636617e-01,2.352690e-01,-4.447770e-01,-6.573057e-01,5.989967e-01,6.613204e-01
-3.605607e-01,-5.798442e+00,-1.490388e+00,1.780540e+00,1.703029e+00,-6.407850e-01,3.234801e-01,-4.003901e-01,-6.224849e-01,7.036828e-01,4.930167e-01
-8.514307e-01,-5.907157e+00,-1.722198e+00,1.663673e+00,1.532136e+00,-5.001386e-01,1.840933e-01,-2.888215e-01,-5.979753e-01,6.295335e-01,5.829523e-01
-4.642639e-01,-5.881474e+00,-1.429212e+00,1.606214e+00,1.691369e+00,-5.976435e-01,2.027246e-01,-3.358528e-01,-6.416010e-01,6.612847e-01,6.120958e-01
-5.627365e-01,-5.946786e+00,-1.418011e+00,1.654208e+00,1.782955e+00,-6.068915e-01,2.581961e-01,-4.540564e-01,-6.561354e-01,5.657808e-01,5.256719e-01
-7.969548e-01,-6.087519e+00,-1.758325e+00,1.383128e+00,1.330841e+00,-9.496028e-01,-1.816103e-01,-7.465865e-01,-8.244580e-01,4.576327e-01,5.372237e-01
-6.001446e-01,-5.734284e+00,-1.518844e+00,1.854996e+00,1.639370e+00,-5.044654e-01,2.413811e-01,-3.556473e-01,-4.359931e-01,8.683062e-01,7.766054e-01
-5.718897e-01,-5.842451e+00,-1.463232e+00,1.698931e+00,1.625048e+00,-7.593180e-01,7.615445e-02,-6.968710e-01,-6.064564e-01,6.356992e-01,6.635686e-01
-9.565565e-01,-6.136442e+00,-1.704401e+00,1.670264e+00,1.683817e+00,-5.992334e-01,2.835114e-01,-5.520867e-01,-6.258929e-01,5.383643e-01,4.251964e-01
-3.218264e-01,-5.750143e+00,-1.331968e+00,1.704515e+00,1.676851e+00,-6.892459e-01,8.682963e-02,-6.469223e-01,-7.900091e-01,4.328237e-01,4.344314e-01
-4.242886e-01,-5.762561e+00,-1.446806e+00,1.737750e+00,1.698961e+00,-6.542256e-01,1.853704e-01,-6.183658e-01,-7.743168e-01,3.679695e-01,3.348342e-01
-7.105378e-01,-5.912097e+00,-1.721509e+00,1.511971e+00,1.416399e+00,-7.605914e-01,2.900433e-02,-5.029477e-01,-7.410846e-01,6.149326e-01,5.768512e-01
-3.847683e-01,-5.684301e+00,-1.461778e+00,1.660745e+00,1.583345e+00,-6.496211e-01,1.482779e-01,-3.878847e-01,-5.256346e-01,7.178987e-01,7.616845e-01
-6.596663e-01,-5.766664e+00,-1.725020e+00,1.704254e+00,1.408262e+00,-7.621807e-01,2.398021e-02,-5.866707e-01,-7.099020e-01,6.411048e-01,5.801011e-01
-7.521906e-01,-5.917361e+00,-1.689163e+00,1.650939e+00,1.507718e+00,-6.563930e-01,1.390763e-01,-3.876991e-01,-4.887499e-01,7.936682e-01,8.162513e-01
-5.366295e-01,-5.879334e+00,-1.380266e+00,1.970256e+00,1.927573e+00,-4.575178e-01,3.371078e-01,-4.045739e-01,-6.459526e-01,6.328130e-01,5.120217e-01
-7.971487e-01,-6.080205e+00,-1.571714e+00,1.672767e+00,1.754446e+00,-6.358797e-01,2.632237e-01,-3.813549e-01,-5.698347e-01,7.485638e-01,7.235474e-01
-9.387226e-01,-6.153902e+00,-1.665139e+00,1.707338e+00,1.799989e+00,-4.260471e-01,4.167848e-01,-1.548119e-01,-3.710761e-01,8.584893e-01,8.453246e-01
-3.708572e-01,-5.779191e+00,-1.360585e+00,1.700331e+00,1.706751e+00,-6.610377e-01,1.665641e-01,-5.151915e-01,-6.720262e-01,5.617974e-01,5.998226e-01
-5.524040e-01,-5.933043e+00,-1.605562e+00,1.559142e+00,1.537080e+00,-8.522642e-01,-1.339959e-02,-6.543693e-01,-9.608989e-01,3.193345e-01,3.165907e-01
-4.459008e-01,-5.661736e+00,-1.406322e+00,1.910591e+00,1.745419e+00,-4.439409e-01,2.653471e-01,-3.815323e-01,-5.771273e-01,6.019708e-01,6.032522e-01
-5.653219e-01,-5.650067e+00,-1.442831e+00,1.927799e+00,1.809293e+00,-4.565835e-01,3.288467e-01,-3.293554e-01,-5.374547e-01,6.569719e-01,7.078943e-01
-8.636929e-01,-5.888234e+00,-1.536464e+00,1.783803e+00,1.824960e+00,-4.859592e-01,2.546855e-01,-3.032666e-01,-5.421042e-01,7.067624e-01,7.276024e-01
-5.060914e-01,-5.598944e+00,-1.380093e+00,1.989879e+00,1.716845e+00,-3.970012e-01,1.571330e-01,-2.826247e-01,-5.314238e-01,8.234301e-01,7.924744e-01
-7.158546e-01,-5.775716e+00,-1.548386e+00,1.848964e+00,1.677119e+00,-5.260017e-01,1.221504e-01,-4.529149e-01,-6.813981e-01,6.040439e-01,5.483056e-01
-6.557974e-01,-5.944634e+00,-1.682573e+00,1.501730e+00,1.359935e+00,-8.755889e-01,-1.494619e-01,-7.519806e-01,-8.469250e-01,4.208644e-01,4.580356e-01
-3.879264e-01,-5.659770e+00,-1.463620e+00,1.721097e+00,1.544916e+00,-6.595685e-01,6.776821e-02,-5.478061e-01,-6.898381e-01,6.009242e-01,5.813125e-01
-6.647147e-01,-5.915000e+00,-1.688361e+00,1.579973e+00,1.525813e+00,-6.762272e-01,1.999612e-01,-5.180007e-01,-5.949701e-01,5.846940e-01,6.031449e-01
-8.460703e-01,-5.982154e+00,-1.793417e+00,1.499389e+00,1.354447e+00,-7.170523e-01,8.912498e-03,-5.591329e-01,-6.809327e-01,6.170660e-01,5.976875e-01
-9.082583e-02,-5.512808e+00,-1.139476e+00,1.840124e+00,1.797829e+00,-5.591879e-01,1.065704e-01,-5.377659e-01,-7.234290e-01,5.212538e-01,5.826391e-01
-6.497346e-01,-5.664248e+00,-1.363605e+00,1.986645e+00,1.957692e+00,-2.856624e-01,3.602697e-01,-2.826213e-01,-6.074031e-01,5.778906e-01,5.050763e-01
-5.427633e-01,-5.688764e+00,-1.234397e+00,1.940485e+00,1.948069e+00,-2.981365e-01,2.383585e-01,-2.826649e-01,-6.493227e-01,6.075448e-01,5.873793e-01
-6.706921e-01,-5.774184e+00,-1.468541e+00,1.991519e+00,1.844168e+00,-4.575045e-01,2.677411e-01,-4.296962e-01,-6.200257e-01,7.086068e-01,6.419450e-01
-7.250572e-01,-5.859921e+00,-1.393759e+00,1.910414e+00,1.964174e+00,-3.358473e-01,3.607652e-01,-1.955927e-01,-5.754105e-01,7.229240e-01,7.056795e-01
-2.668008e-01,-5.511599e+00,-1.319068e+00,1.906086e+00,1.795304e+00,-5.650314e-01,2.036388e-01,-4.206564e-01,-6.727359e-01,5.745574e-01,6.053982e-01
-4.723262e-01,-5.789739e+00,-1.555986e+00,1.681857e+00,1.550242e+00,-6.726034e-01,1.778036e-01,-4.317041e-01,-5.651617e-01,7.093680e-01,7.014677e-01
-8.370376e-01,-6.180423e+00,-1.779515e+00,1.433565e+00,1.495448e+00,-7.806627e-01,2.230686e-01,-4.317339e-01,-5.106425e-01,7.870399e-01,8.164995e-01
-3.853066e-01,-5.613480e+00,-1.376116e+00,1.902446e+00,1.727669e+00,-5.548927e-01,1.911784e-01,-4.879455e-01,-6.647846e-01,5.641444e-01,5.874977e-01
-7.522315e-01,-5.974923e+00,-1.550514e+00,1.662455e+00,1.745578e+00,-6.420794e-01,2.828816e-01,-4.284250e-01,-5.650464e-01,6.657622e-01,6.799052e-01
-2.791539e-01,-5.515752e+00,-1.315090e+00,1.973449e+00,1.819248e+00,-5.794152e-01,2.304995e-01,-4.858316e-01,-6.721110e-01,5.299780e-01,5.399211e-01
-7.338091e-01,-5.906127e+00,-1.433114e+00,1.874591e+00,1.874901e+00,-4.052748e-01,3.471355e-01,-2.760407e-01,-4.790214e-01,7.460725e-01,7.683083e-01
-9.597881e-01,-6.176632e+00,-1.740113e+00,1.559943e+00,1.581204e+00,-5.828787e-01,2.631333e-01,-2.554238e-01,-3.997268e-01,9.043202e-01,8.958203e-01
-2.545611e-01,-5.602856e+00,-1.198875e+00,1.820295e+00,1.788270e+00,-5.904164e-01,9.442275e-02,-4.978613e-01,-7.304366e-01,5.234591e-01,5.826082e-01
-6.272811e-01,-5.721196e+00,-1.646955e+00,1.736382e+00,1.465199e+00,-5.973349e-01,7.005509e-02,-4.261613e-01,-7.186730e-01,5.376821e-01,4.683237e-01
-4.387570e-01,-5.625622e+00,-1.552640e+00,1.747938e+00,1.419763e+00,-6.642465e-01,5.004824e-02,-6.022694e-01,-6.337240e-01,5.362815e-01,5.333248e-01
-8.111152e-01,-5.922379e+00,-1.531835e+00,1.646554e+00,1.771595e+00,-4.410584e-01,3.973385e-01,-1.724183e-01,-3.902550e-01,8.012590e-01,7.375208e-01
-8.039015e-01,-5.837919e+00,-1.558588e+00,1.764378e+00,1.658619e+00,-4.429867e-01,2.186616e-01,-2.784632e-01,-4.844894e-01,8.159814e-01,7.917284e-01
-3.195384e-01,-5.449984e+00,-1.235541e+00,1.908772e+00,1.758562e+00,-4.951651e-01,1.431593e-01,-4.085640e-01,-5.566056e-01,6.708463e-01,6.397090e-01
-3.648178e-01,-5.590988e+00,-1.044642e+00,2.255697e+00,2.173018e+00,-2.503140e-01,4.586896e-01,-4.992658e-01,-6.084633e-01,5.517535e-01,5.139759e-01
-6.868077e-01,-5.833013e+00,-1.469576e+00,1.697579e+00,1.716798e+00,-5.176906e-01,1.135333e-01,-3.973458e-01,-6.444832e-01,5.432300e-01,5.444700e-01
-2.407970e-01,-5.391566e+00,-1.358018e+00,1.962665e+00,1.678112e+00,-5.530444e-01,1.509469e-01,-4.714012e-01,-6.407932e-01,6.810456e-01,6.341421e-01
-5.731921e-01,-5.640914e+00,-1.510426e+00,1.724212e+00,1.557036e+00,-5.898440e-01,2.012470e-02,-4.923495e-01,-7.028271e-01,5.472115e-01,6.929830e-01
-2.838811e-01,-5.540207e+00,-1.369162e+00,1.814520e+00,1.641039e+00,-5.157157e-01,1.757082e-01,-4.037393e-01,-6.235707e-01,6.448012e-01,6.025241e-01
-8.660064e-01,-6.004511e+00,-1.679852e+00,1.707409e+00,1.714224e+00,-4.551481e-01,3.591866e-01,-2.972761e-01,-5.752469e-01,6.419807e-01,4.991829e-01
-4.568452e-01,-5.540778e+00,-1.511720e+00,1.829749e+00,1.587567e+00,-5.567749e-01,6.193342e-02,-4.367167e-01,-6.872850e-01,5.509889e-01,6.181824e-01
-5.770358e-01,-5.672467e+00,-1.450145e+00,1.945596e+00,1.789097e+00,-4.929348e-01,2.584365e-01,-4.485530e-01,-6.181070e-01,6.264399e-01,6.630743e-01
-6.660301e-01,-5.895919e+00,-1.457014e+00,1.706267e+00,1.797169e+00,-6.214442e-01,2.104458e-01,-4.036292e-01,-6.006943e-01,7.325497e-01,7.238129e-01
-1.024038e+00,-5.883492e+00,-1.648246e+00,1.732499e+00,1.678844e+00,-5.902943e-01,1.127672e-01,-4.311097e-01,-5.802592e-01,6.927400e-01,8.220740e-01
-6.872203e-01,-5.837406e+00,-1.583717e+00,1.813786e+00,1.553658e+00,-5.985318e-01,6.988466e-02,-6.059521e-01,-7.801572e-01,4.913694e-01,3.720267e-01
-4.810747e-01,-5.988275e+00,-1.602320e+00,1.457395e+00,1.500975e+00,-8.416708e-01,7.176204e-02,-5.220241e-01,-6.421587e-01,6.354573e-01,5.711295e-01
-4.680845e-01,-5.603572e+00,-1.343625e+00,1.905740e+00,1.829176e+00,-5.137574e-01,1.919469e-01,-4.728399e-01,-8.252951e-01,3.931029e-01,4.551012e-01
-5.142612e-01,-5.696103e+00,-1.595908e+00,1.649874e+00,1.462703e+00,-7.637716e-01,2.600084e-02,-5.443087e-01,-6.996415e-01,5.845541e-01,6.392732e-01
-5.604144e-01,-5.822850e+00,-1.471557e+00,1.621937e+00,1.657156e+00,-5.661844e-01,1.903446e-01,-2.098952e-01,-5.094813e-01,8.206103e-01,6.846623e-01
-2.117684e-01,-5.641172e+00,-1.298942e+00,1.816124e+00,1.649941e+00,-5.777914e-01,1.335751e-01,-4.594088e-01,-6.223880e-01,6.752249e-01,5.269596e-01
-6.670313e-01,-5.923415e+00,-1.399016e+00,1.748119e+00,1.805055e+00,-5.037560e-01,2.055368e-01,-4.130660e-01,-5.486817e-01,6.243371e-01,6.978791e-01
-9.745512e-01,-5.893925e+00,-1.620914e+00,1.882885e+00,1.728969e+00,-4.534512e-01,1.560163e-01,-4.290504e-01,-7.388874e-01,6.044934e-01,5.256259e-01
-3.153911e-01,-5.521149e+00,-1.345483e+00,1.796778e+00,1.699454e+00,-6.954098e-01,1.926728e-01,-5.509077e-01,-5.243124e-01,6.486271e-01,7.354611e-01
-2.550698e-01,-5.527488e+00,-1.240672e+00,1.848083e+00,1.760848e+00,-5.212645e-01,1.943323e-01,-4.852152e-01,-6.809049e-01,5.471200e-01,4.581088e-01
-5.125129e-02,-5.220689e+00,-1.165865e+00,1.991802e+00,1.708265e+00,-5.083021e-01,1.601721e-01,-5.370207e-01,-6.541786e-01,5.395219e-01,5.165489e-01
-6.038529e-01,-6.028511e+00,-1.592095e+00,1.498345e+00,1.618512e+00,-7.480823e-01,2.016288e-01,-5.446533e-01,-6.406698e-01,6.127739e-01,5.814561e-01
-4.058377e-01,-5.596507e+00,-1.517922e+00,1.729841e+00,1.599407e+00,-6.406239e-01,1.559694e-01,-3.499651e-01,-6.748268e-01,7.327405e-01,6.294453e-01
-2.923035e-01,-5.631593e+00,-1.231943e+00,1.742473e+00,1.815997e+00,-6.083626e-01,1.650136e-01,-4.851175e-01,-6.350645e-01,5.405437e-01,5.833070e-01
-3.825828e-01,-5.589259e+00,-1.351721e+00,1.825423e+00,1.771014e+00,-6.390286e-01,1.386539e-01,-5.194185e-01,-7.566313e-01,5.357813e-01,5.154220e-01
-7.959230e-01,-5.928330e+00,-1.498343e+00,1.700804e+00,1.618658e+00,-7.436963e-01,-1.523194e-01,-7.829918e-01,-9.876531e-01,3.643620e-01,4.951454e-01
-7.171728e-01,-5.748378e+00,-1.286449e+00,2.008474e+00,2.122105e+00,-2.806421e-01,3.619408e-01,-3.289840e-01,-7.380675e-01,3.646055e-01,4.697953e-01
-8.495039e-01,-5.956816e+00,-1.474081e+00,1.823869e+00,1.884482e+00,-3.000958e-01,4.404397e-01,-1.535144e-01,-3.796828e-01,8.747469e-01,8.308103e-01
-1.104627e+00,-6.324502e+00,-1.830698e+00,1.370988e+00,1.471213e+00,-5.727461e-01,1.771809e-01,-2.687184e-01,-4.217656e-01,7.644907e-01,8.083314e-01
-1.409648e-01,-5.367904e+00,-1.158665e+00,1.988227e+00,1.794183e+00,-3.988191e-01,2.039674e-01,-3.940905e-01,-7.011198e-01,4.732771e-01,4.464695e-01
-2.783779e-01,-5.520945e+00,-1.210627e+00,1.869368e+00,1.782349e+00,-4.343240e-01,1.912850e-01,-3.359775e-01,-6.646008e-01,5.861503e-01,5.016641e-01
-4.044274e-01,-5.628443e+00,-1.357982e+00,1.742158e+00,1.642882e+00,-6.267679e-01,2.412971e-02,-4.673749e-01,-7.213953e-01,5.867480e-01,6.460700e-01
-1.056034e+00,-6.026215e+00,-1.552123e+00,1.689683e+00,1.744054e+00,-5.228675e-01,1.326147e-01,-4.195338e-01,-6.185235e-01,6.234369e-01,8.373013e-01
-6.906817e-01,-5.797818e+00,-1.521678e+00,1.660605e+00,1.583802e+00,-6.814877e-01,2.703594e-02,-4.780567e-01,-5.996309e-01,7.048338e-01,7.521698e-01
-8.336630e-01,-5.868405e+00,-1.462678e+00,1.991550e+00,1.848203e+00,-2.720996e-01,3.207297e-01,-2.886397e-01,-5.617969e-01,6.365787e-01,5.847349e-01
-5.104960e-01,-5.866318e+00,-1.542110e+00,1.608844e+00,1.512234e+00,-8.130065e-01,-1.593167e-02,-6.704352e-01,-8.257182e-01,4.812760e-01,4.088033e-01
-4.435125e-01,-5.580532e+00,-1.315430e+00,1.915313e+00,1.779067e+00,-3.993452e-01,2.564655e-01,-3.620325e-01,-5.556221e-01,6.238679e-01,6.120441e-01
-4.012399e-01,-5.667770e+00,-1.555981e+00,1.829327e+00,1.585019e+00,-6.213631e-01,2.316946e-01,-4.790585e-01,-6.051349e-01,6.649118e-01,6.290266e-01
-8.821827e-01,-5.828127e+00,-1.755588e+00,1.768572e+00,1.588957e+00,-5.413600e-01,1.789166e-01,-4.539972e-01,-7.190272e-01,5.195484e-01,5.454436e-01
-3.084227e-01,-5.525556e+00,-1.215352e+00,1.927759e+00,1.810818e+00,-4.083685e-01,1.765787e-01,-3.053946e-01,-6.222572e-01,7.061840e-01,7.232913e-01
-9.999112e-01,-5.956945e+00,-1.719536e+00,1.597879e+00,1.606531e+00,-7.820037e-01,-2.143623e-02,-6.615212e-01,-8.758715e-01,3.878923e-01,5.329365e-01
-5.838864e-01,-5.598949e+00,-1.363121e+00,2.007725e+00,1.798888e+00,-3.945403e-01,1.982115e-01,-4.531546e-01,-5.820386e-01,6.116545e-01,6.827468e-01
-5.018279e-01,-5.690461e+00,-1.380662e+00,1.825311e+00,1.786593e+00,-5.107235e-01,2.612526e-01,-4.121564e-01,-5.307128e-01,6.409700e-01,6.733051e-01
2.389283e+00,-3.957852e+00,-5.843503e-01,1.291699e+00,8.781466e-01,-7.066416e-01,1.370614e-01,-6.240289e-02,-4.135557e-01,3.829127e-01,5.467906e-01
