2.655945e+00,6.347566e-01,7.154586e-01,-3.030530e-01,3.161959e-01,7.618247e-01,1.191670e-01,-4.458786e-01,2.678566e-01,-2.063143e-01,4.114400e-02
2.841586e+00,1.200648e-01,1.343442e+00,-1.081099e-01,6.335701e-01,2.875567e-01,-8.361359e-02,-5.005434e-01,2.593114e-01,1.854009e-01,1.089615e-01
3.205747e+00,-2.879705e-01,5.935488e-01,-3.652921e-01,3.704198e-01,-4.327462e-01,-3.001353e-01,-4.240454e-02,2.643891e-01,-2.692402e-01,3.336804e-01
3.426118e+00,-5.060342e-01,8.312072e-01,2.949637e-02,4.315490e-01,-3.091786e-01,-3.820611e-01,-1.697933e-01,-3.817880e-03,-3.271394e-01,4.778301e-02
3.294462e+00,-1.663997e-01,1.459227e+00,4.211509e-01,6.814208e-01,-2.411782e-01,-2.262935e-01,-2.607184e-01,3.330743e-01,1.844561e-01,1.903441e-01
3.469681e+00,-5.600737e-01,9.562398e-01,3.894634e-01,9.053622e-01,-2.977616e-01,-5.982939e-01,-2.868650e-01,1.281081e-01,-6.179806e-03,1.141074e-01
3.648918e+00,-5.549594e-01,1.013270e+00,9.525017e-02,5.537722e-01,7.517691e-02,-1.506210e-02,-2.501100e-01,7.994006e-02,5.887726e-02,3.188083e-01
3.755931e+00,-5.621391e-01,1.213664e+00,8.424133e-03,5.283633e-01,-5.300253e-01,-1.063458e-01,1.365584e-01,2.840555e-01,4.752854e-02,2.858668e-02
3.660786e+00,-3.587208e-01,1.299651e+00,2.317072e-01,5.732700e-01,-1.888289e-01,-1.576673e-02,-9.997694e-02,-7.898018e-03,-6.214234e-01,-5.636391e-02
3.844688e+00,-1.967956e-01,1.074408e+00,-8.545138e-03,8.945736e-01,-4.767103e-01,-3.390723e-01,1.104699e-01,1.827173e-01,-4.888376e-01,2.354735e-01
3.768667e+00,-2.126302e-01,1.437626e+00,1.293428e-01,3.531770e-01,-6.068448e-01,-2.311309e-01,7.240829e-03,5.693632e-01,-1.547747e-01,2.672175e-01
4.088373e+00,-9.346002e-01,1.270573e+00,2.880201e-01,8.616054e-01,-4.070617e-01,-1.058182e-01,-1.925355e-01,-1.035553e-01,-1.975191e-01,9.506688e-02
4.294472e+00,-4.686485e-01,1.106323e+00,-2.057177e-03,9.827212e-01,-1.024878e-01,-9.254909e-02,-1.863767e-01,8.508456e-02,-4.023705e-02,4.946305e-01
3.574609e+00,-1.086688e+00,1.505762e+00,7.185833e-01,1.172966e+00,-8.487977e-02,-3.608602e-01,9.587354e-02,2.292617e-01,-1.077294e-01,-2.363346e-01
4.057936e+00,-8.912749e-01,1.059265e+00,2.275885e-01,9.554596e-01,-2.757770e-01,-5.239808e-01,-4.943099e-01,-8.528227e-02,-2.487784e-01,1.752264e-01
4.470309e+00,-6.506990e-01,1.174763e+00,-9.572643e-02,1.044930e+00,-3.897030e-01,-4.175455e-01,-2.932359e-01,1.853359e-01,9.179382e-02,3.248459e-01
4.105907e+00,-8.589995e-01,1.402943e+00,5.611106e-01,7.971251e-01,-7.812385e-01,-2.588512e-01,6.772465e-02,3.724269e-01,-1.766101e-02,2.788571e-01
4.706432e+00,-6.523775e-01,1.675225e+00,3.073871e-01,7.182939e-01,-4.864939e-01,-1.192427e-01,-2.553312e-01,3.720271e-01,6.256171e-02,6.130524e-02
3.812680e+00,-1.296353e+00,1.445406e+00,3.974450e-01,1.047135e+00,-1.316412e-01,-4.357662e-01,-4.269592e-01,1.819940e-01,1.936776e-02,3.703442e-01
4.314363e+00,-1.025963e+00,1.323175e+00,2.049010e-01,8.540596e-01,-6.404521e-01,-1.552655e-01,7.016849e-02,-2.637368e-02,-1.163087e-01,3.601624e-01
5.152939e+00,-7.586830e-01,1.528280e+00,1.620346e-01,6.012018e-01,-6.724396e-01,-9.764573e-02,-1.654566e-01,-6.909323e-02,-6.906703e-02,1.135228e-02
4.241827e+00,-1.513669e+00,1.166144e+00,-1.615368e-01,5.961128e-01,-2.215685e-01,8.959085e-02,4.337786e-02,2.236726e-01,1.424861e-02,4.099677e-01
5.116413e+00,-6.311748e-01,1.559781e+00,7.024122e-01,7.716100e-01,-4.914859e-01,-5.357804e-01,-5.156953e-01,3.236521e-01,2.017195e-01,3.416815e-01
4.377208e+00,-1.203137e+00,1.198086e+00,1.524745e-01,3.727355e-01,-6.683868e-01,-5.365355e-01,-5.416812e-01,8.822134e-03,-8.538989e-02,4.560218e-01
4.382271e+00,-1.625987e+00,1.142447e+00,5.787907e-02,6.155480e-01,-7.800297e-02,2.105092e-01,2.228969e-01,5.987104e-01,1.627477e-01,3.432070e-01
4.815630e+00,-8.958140e-01,1.316275e+00,1.938171e-01,7.215322e-01,-3.462795e-01,-3.581768e-01,-2.192169e-01,-1.226817e-01,-3.671430e-01,1.893013e-01
3.987538e+00,-1.449280e+00,1.211670e+00,2.035469e-01,7.762656e-01,-3.597451e-01,-7.484285e-01,-9.554087e-02,3.048268e-01,2.053315e-01,6.409013e-01
5.172892e+00,-6.015295e-01,1.113766e+00,1.149117e-02,7.372595e-01,-8.096596e-02,-4.391593e-01,1.194791e-01,-9.782804e-02,7.378620e-02,4.842254e-01
5.395018e+00,-1.034283e+00,1.377765e+00,2.722285e-01,5.207285e-01,-7.199892e-02,-5.172007e-01,-1.854454e-01,2.128355e-02,-4.190295e-02,1.152612e-01
4.554059e+00,-1.268713e+00,1.130345e+00,3.305520e-01,7.173286e-01,-2.545727e-01,1.785373e-01,2.714651e-01,6.244404e-02,-1.083077e-01,5.552845e-01
4.841155e+00,-6.309765e-01,1.732572e+00,4.049585e-01,6.518968e-01,-3.703114e-01,-2.568696e-01,-4.135461e-01,-2.067604e-01,-2.234782e-01,2.167102e-01
4.467777e+00,-9.059063e-01,1.079154e+00,-1.726653e-02,2.818863e-01,-4.112322e-01,-4.193847e-01,-1.493949e-01,-2.950544e-02,-1.938914e-01,3.034686e-01
4.572127e+00,-7.642070e-01,1.154489e+00,-5.919905e-02,7.270565e-01,-4.022713e-01,-2.462221e-01,3.130022e-01,3.393233e-01,-2.316481e-01,2.355840e-01
5.184157e+00,-3.723670e-01,1.453278e+00,3.418430e-01,7.702670e-01,-1.607294e-01,-1.139293e-01,-1.305365e-01,-3.118472e-02,-1.037999e-01,2.927848e-01
4.648782e+00,-1.167536e+00,1.286673e+00,2.920621e-01,7.317981e-01,-4.091318e-01,-9.640278e-02,-1.559627e-01,1.255789e-02,2.905240e-02,2.520321e-01
4.848867e+00,-4.594274e-01,1.910408e+00,5.813992e-01,6.800417e-01,-6.062233e-01,-6.241591e-01,-3.627964e-02,2.637199e-01,3.968931e-01,3.237185e-01
4.630803e+00,-9.678082e-01,8.933869e-01,-1.938622e-01,4.167857e-01,-6.114170e-01,-6.844544e-01,-4.212239e-01,-2.190768e-02,9.415959e-03,1.965549e-01
4.655579e+00,-1.080196e+00,8.983574e-01,1.427629e-02,9.431088e-01,-1.919180e-01,-4.722157e-01,-6.125000e-02,2.724205e-02,-4.227257e-01,2.246676e-01
5.053968e+00,-4.967561e-01,1.654671e+00,2.750159e-01,9.871225e-01,-1.338068e-01,-9.078170e-02,-1.216438e-01,2.743915e-01,7.311916e-02,4.328698e-01
4.976627e+00,-8.460686e-01,1.428199e+00,1.246316e-01,8.005494e-01,-2.729049e-01,-1.832124e-01,-5.691547e-01,4.136054e-01,6.051652e-02,3.376579e-01
5.192962e+00,-3.465319e-01,1.328287e+00,4.018027e-01,1.039202e+00,-5.634176e-02,-1.669902e-01,-3.593851e-01,-2.520160e-02,-7.567673e-02,4.572353e-01
4.967230e+00,-7.552633e-01,1.228726e+00,-1.278470e-01,2.410124e-01,-5.502557e-01,-4.079325e-01,-7.546312e-02,3.023866e-01,5.457639e-02,1.181728e-01
4.924937e+00,-5.986880e-01,1.338474e+00,-2.231670e-01,5.764794e-01,-4.369647e-01,-2.857099e-01,2.600256e-02,-1.283292e-01,-4.519741e-01,-1.569180e-01
5.175280e+00,-5.661911e-01,1.393903e+00,1.055206e-01,7.534230e-01,-3.502527e-01,6.799142e-02,1.009083e-01,2.893887e-01,-4.564639e-02,2.469279e-01
4.828790e+00,-3.482585e-01,1.753699e+00,4.359414e-01,6.602776e-01,-5.058950e-01,-9.183579e-02,-5.023267e-02,-8.568357e-02,1.854164e-01,5.075165e-01
5.102197e+00,-4.699632e-01,1.520310e+00,2.567748e-01,1.175473e+00,-1.099551e-01,2.951829e-02,-3.649883e-01,-4.851121e-02,1.042249e-02,-1.546055e-01
5.058024e+00,-6.940172e-01,1.055295e+00,-3.307851e-01,9.080788e-01,-1.309891e-02,-9.837160e-03,-3.904518e-03,3.596185e-01,4.683475e-01,2.582901e-01
4.934303e+00,-5.487835e-01,1.265800e+00,-2.395695e-02,7.781925e-01,-6.015612e-01,-6.424559e-01,-4.775800e-01,2.088131e-01,4.897692e-03,-3.524354e-02
5.081332e+00,-4.215894e-01,1.450520e+00,-8.761568e-02,9.978960e-01,-4.894889e-01,-5.156563e-01,-3.643351e-01,1.070798e-01,4.717346e-02,3.448503e-01
4.703625e+00,-9.807550e-01,1.428204e+00,1.681641e-01,9.901677e-01,-1.109509e-02,1.733427e-01,2.978147e-02,4.097751e-01,2.707832e-01,3.326110e-01
4.465336e+00,-6.262906e-01,1.769911e+00,4.074886e-01,1.077845e+00,-9.038321e-02,2.420632e-01,3.845704e-01,2.419488e-02,-1.573028e-01,-3.211311e-01
4.761690e+00,-7.490399e-01,1.757824e+00,-2.688848e-01,8.697554e-01,-9.615498e-02,-4.513493e-02,2.842468e-01,7.316689e-01,4.190063e-01,4.553980e-01
4.578830e+00,-8.270947e-01,1.549384e+00,1.852021e-02,5.528914e-01,-7.055379e-01,-6.545995e-01,-4.866444e-01,8.804093e-02,-6.977813e-02,6.146666e-01
5.021407e+00,-5.086768e-01,1.366125e+00,-1.366465e-01,5.099651e-01,-7.367692e-01,-6.523789e-01,-5.594466e-01,3.092644e-01,-3.880249e-01,3.099302e-02
4.781633e+00,-7.116763e-01,1.478104e+00,2.349920e-01,7.607817e-01,-2.289051e-01,3.194780e-01,4.089263e-01,4.677162e-01,9.538940e-02,6.411116e-01
4.777533e+00,-9.652936e-01,1.794173e+00,-5.411751e-02,4.049356e-01,-2.270409e-01,-2.466864e-01,-3.426941e-01,8.488232e-02,-2.584963e-02,1.030683e-01
5.097301e+00,-6.428915e-01,2.172293e+00,3.719317e-01,8.486731e-01,-3.055324e-01,-3.689197e-01,-1.120875e-01,3.326984e-01,3.119434e-01,5.382580e-01
4.872592e+00,-9.257471e-01,1.852720e+00,2.578339e-02,3.974814e-01,-5.738238e-01,-1.362845e-01,2.202735e-01,3.137947e-01,9.029999e-02,5.856607e-01
5.051622e+00,-5.109810e-01,1.616688e+00,6.182442e-03,7.100834e-01,-2.923788e-01,-3.501679e-02,-4.151270e-02,7.630799e-02,-4.519466e-01,-2.117694e-02
4.714931e+00,-7.633550e-01,1.496352e+00,9.384956e-02,8.543292e-01,-3.491202e-01,2.881399e-02,-1.414642e-01,2.725086e-01,-9.907465e-02,5.656499e-01
5.017854e+00,-8.049893e-01,1.855114e+00,1.747445e-01,6.989504e-01,-4.718147e-01,-1.639211e-01,-2.294427e-01,3.237956e-01,-1.500956e-02,6.051856e-01
5.304644e+00,-4.511200e-01,1.805254e+00,1.845002e-02,7.786946e-01,-1.550873e-01,3.100372e-01,-3.082597e-01,1.294528e-01,1.633256e-02,2.786308e-01
5.009453e+00,-9.388969e-01,1.633411e+00,3.070404e-01,7.457922e-01,-2.908219e-01,5.567899e-01,-1.043213e-01,1.594830e-01,5.202200e-02,1.965573e-01
5.025898e+00,-7.306480e-01,1.471710e+00,4.092080e-01,8.509762e-01,-9.596034e-02,3.109856e-01,-6.045034e-02,-1.992808e-01,-3.193349e-01,1.345436e-01
4.984574e+00,-8.436155e-01,1.381010e+00,-1.303624e-01,6.316450e-01,-6.517278e-01,-1.296847e-01,-5.567231e-02,-4.386068e-02,-3.758447e-01,1.516453e-01
5.222351e+00,-4.506060e-01,1.841698e+00,7.801052e-02,5.491587e-01,-7.608169e-01,2.974703e-01,6.202415e-02,1.360003e-01,1.030818e-01,5.208583e-01
5.178470e+00,-6.306799e-01,1.688533e+00,5.143134e-01,6.876037e-01,-3.515807e-01,2.961758e-01,-3.238580e-01,3.771649e-01,6.155682e-02,-2.049956e-02
5.281201e+00,-4.419204e-01,1.814094e+00,3.046114e-01,4.909528e-01,-3.680908e-01,5.195233e-01,-6.830756e-02,-1.083314e-01,1.420250e-01,5.538568e-01
4.764001e+00,-1.295795e+00,1.660188e+00,3.659837e-01,5.273856e-01,-2.265531e-01,2.986702e-01,-8.710743e-03,1.344760e-01,-4.226613e-02,1.046251e-01
4.821026e+00,-8.882272e-01,1.736069e+00,4.191369e-01,9.100282e-01,-4.050584e-01,3.062269e-02,-4.815336e-01,1.384592e-01,-3.770487e-01,2.284998e-01
5.513803e+00,-5.122209e-01,1.780912e+00,2.547855e-01,5.530004e-01,-5.532093e-01,-9.683012e-02,-6.013727e-02,2.097948e-01,-2.809716e-01,6.193451e-01
4.978290e+00,-6.962678e-01,1.612346e+00,1.786621e-01,3.366584e-01,-4.316436e-01,3.028699e-01,8.591360e-02,2.536124e-01,-1.961436e-01,4.108405e-01
5.430096e+00,-5.086242e-01,2.026009e+00,3.941003e-01,1.770856e-01,-6.092391e-01,3.827693e-01,1.031435e-01,2.099022e-01,-1.117784e-01,4.876682e-01
4.527395e+00,-1.110542e+00,1.995447e+00,2.009962e-01,4.946540e-01,-4.492995e-01,1.012664e-01,-3.156002e-01,-1.187574e-01,-2.126992e-01,5.546214e-01
5.014707e+00,-1.083449e+00,2.033613e+00,2.079993e-01,1.012483e+00,-2.972755e-01,4.745641e-01,1.159918e-01,2.663514e-01,-1.951616e-01,-6.027139e-02
5.398183e+00,-8.550792e-01,1.651462e+00,9.830369e-02,4.805661e-01,-6.955714e-01,2.009883e-01,1.234943e-01,1.017716e-02,-2.953337e-01,-6.348275e-03
4.803886e+00,-1.301422e+00,1.106784e+00,-3.573453e-01,4.180969e-01,-3.522874e-01,6.421732e-02,1.809338e-01,4.006381e-01,3.219691e-02,5.089648e-01
5.412637e+00,-9.464123e-01,1.832276e+00,4.373189e-01,6.211873e-01,-5.955451e-01,2.600748e-01,-1.455600e-01,4.107248e-01,1.109047e-02,6.721061e-01
5.528997e+00,-9.926225e-01,1.856512e+00,2.934580e-01,6.887581e-01,-4.038248e-01,2.353436e-01,-4.111078e-02,1.794170e-02,-2.346510e-01,1.903751e-01
4.891377e+00,-1.112976e+00,1.609756e+00,-5.508846e-03,8.558760e-01,2.894183e-02,7.084284e-01,2.560797e-01,4.397434e-01,9.989060e-03,2.204268e-01
5.412700e+00,-1.162814e+00,1.593205e+00,2.916276e-01,7.030688e-01,-6.347884e-01,4.199551e-02,-7.567923e-02,-1.440140e-02,-2.217220e-01,3.218177e-01
5.155661e+00,-1.253423e+00,1.458320e+00,1.655436e-01,7.435501e-01,-5.709106e-01,-3.714491e-02,-3.997434e-02,-1.153950e-01,-4.349550e-02,5.236360e-01
5.231622e+00,-1.021017e+00,1.592625e+00,2.514823e-01,4.370444e-01,-3.562382e-01,2.954615e-01,3.200052e-01,4.391798e-01,9.820454e-02,2.581426e-01
5.754569e+00,-5.219791e-01,1.871027e+00,5.119479e-01,5.209811e-01,-4.913955e-01,3.633988e-01,3.194405e-01,2.758937e-01,-2.915917e-01,-9.398402e-02
5.250687e+00,-1.099676e+00,1.453501e+00,2.993464e-01,5.419408e-01,-4.749060e-01,5.844261e-01,3.499397e-01,3.757883e-01,6.929528e-02,2.333980e-01
5.339111e+00,-9.128491e-01,1.823439e+00,4.684315e-01,6.998108e-01,-5.664251e-01,2.676611e-01,-1.032364e-01,1.887220e-01,1.165322e-01,3.129886e-01
5.294070e+00,-1.182277e+00,1.631546e+00,3.450981e-01,3.829397e-01,-8.205448e-01,-2.750779e-01,-3.133564e-02,4.340583e-01,-4.279645e-02,1.914426e-02
4.992789e+00,-1.418762e+00,1.383527e+00,-1.341624e-02,4.856787e-01,-3.782826e-01,1.813293e-01,2.575732e-01,1.134379e-01,-2.117952e-01,2.401549e-01
5.629786e+00,-1.096477e+00,1.736082e+00,7.052083e-01,1.162134e+00,7.857543e-02,1.769496e-01,6.495041e-02,9.709680e-02,-2.473135e-01,-2.800450e-02
5.440652e+00,-1.035794e+00,1.722922e+00,3.460343e-01,3.349818e-01,-5.173177e-01,1.830405e-02,-2.136766e-01,6.038299e-01,1.777516e-01,4.870212e-01
5.565875e+00,-1.051564e+00,1.495346e+00,3.867296e-01,9.791073e-01,-2.512233e-01,1.093061e-01,9.066823e-02,5.868737e-01,-1.572224e-01,2.351309e-01
5.463028e+00,-9.804763e-01,1.294988e+00,-2.619395e-01,3.883823e-01,-3.581849e-01,-9.907823e-02,-1.216216e-01,-4.483038e-04,-4.872320e-01,6.592755e-02
4.672619e+00,-1.582286e+00,1.379536e+00,2.835168e-02,4.403283e-01,-5.955796e-01,6.838310e-02,-1.586927e-02,2.586612e-01,-6.655762e-01,-4.206223e-02
5.360690e+00,-9.503348e-01,1.788067e+00,2.154102e-01,7.883897e-01,1.471755e-01,7.220199e-01,4.358376e-01,1.444022e-01,-6.002453e-01,2.068657e-01
5.533413e+00,-8.205595e-01,1.481787e+00,5.199314e-02,5.692950e-01,-5.373529e-01,1.803062e-02,-5.865863e-02,3.573042e-01,9.091158e-02,2.060010e-01
5.533361e+00,-8.651445e-01,1.820083e+00,5.394880e-01,7.516574e-01,-1.947770e-01,5.143660e-01,-2.617449e-01,-4.870720e-02,-2.699638e-01,3.579480e-01
5.680232e+00,-1.084794e+00,1.182235e+00,8.850189e-02,7.377663e-01,-2.877348e-01,1.166553e-01,4.861526e-02,4.612528e-01,-2.999169e-01,-1.297681e-02
5.099523e+00,-1.278991e+00,8.801916e-01,-3.460770e-01,4.897018e-01,-6.387491e-01,-7.951475e-02,-6.048158e-02,-7.273582e-02,-5.454916e-01,1.897240e-01
5.340831e+00,-1.032031e+00,1.470643e+00,5.273159e-01,9.934435e-01,-3.836631e-01,2.369501e-01,2.986504e-01,2.188313e-01,-2.743223e-01,-5.701274e-02
5.555751e+00,-8.359326e-01,1.728602e+00,9.047651e-02,6.355534e-01,-2.031381e-01,3.843402e-01,-3.525321e-02,1.908168e-02,-1.251026e-01,3.741661e-01
5.377694e+00,-1.000244e+00,1.772239e+00,2.799959e-01,5.357248e-01,-4.157397e-01,1.853244e-01,4.441449e-02,5.099796e-01,-2.477758e-01,2.536804e-02
5.648615e+00,-7.653870e-01,1.811548e+00,-4.040810e-02,4.857987e-01,-4.285176e-01,6.456809e-01,6.161399e-01,2.840601e-01,-2.315054e-01,2.355524e-01
4.684039e+00,-1.563657e+00,1.119706e+00,-2.375979e-01,2.597911e-01,-6.900932e-01,-2.763972e-01,-3.649459e-01,6.071495e-02,-1.912603e-01,8.512497e-02
5.224070e+00,-1.065078e+00,1.592554e+00,3.637106e-01,7.393508e-01,-3.427960e-01,-1.844369e-01,-1.083505e-01,2.152413e-01,-5.715560e-01,5.434712e-02
5.420467e+00,-1.067211e+00,1.435573e+00,1.630723e-01,1.152225e+00,-1.651056e-01,3.255284e-01,4.782970e-01,6.093628e-01,-2.486318e-01,1.491792e-01
5.499449e+00,-1.138368e+00,1.670560e+00,-8.380829e-03,6.274705e-01,-2.828173e-01,4.261171e-01,5.678677e-02,2.220128e-01,-1.217462e-01,1.379101e-01
5.616301e+00,-8.709199e-01,2.119620e+00,4.800473e-01,8.224513e-01,-4.560329e-01,3.114381e-01,6.964730e-02,6.010213e-01,-1.985335e-01,-1.043764e-02
4.836028e+00,-1.045510e+00,1.649151e+00,8.221794e-02,2.450709e-01,-7.241346e-01,9.099053e-02,5.345842e-04,2.061000e-01,9.271889e-02,2.351071e-01
5.354779e+00,-1.066922e+00,1.365767e+00,7.748414e-02,4.125946e-01,-5.457198e-01,3.547234e-01,-1.297190e-01,8.608611e-02,-3.676270e-01,-1.091792e-01
5.325671e+00,-9.048726e-01,1.600382e+00,-5.132425e-02,4.364782e-01,-3.298153e-01,6.778008e-01,3.567273e-01,5.668167e-01,-2.496787e-01,1.923994e-01
5.147810e+00,-9.937721e-01,1.519803e+00,3.809645e-01,8.871282e-01,-6.182199e-01,1.107969e-01,2.864959e-01,7.237832e-01,-8.328380e-02,1.968384e-01
5.884132e+00,-8.199019e-01,1.681934e+00,3.787506e-01,9.561327e-01,-1.094548e-01,3.664270e-01,-1.791596e-01,1.824830e-01,-2.042003e-01,1.382995e-01
5.334646e+00,-1.170772e+00,1.172009e+00,2.773119e-01,8.924997e-01,-1.049348e-01,2.405734e-01,5.885235e-02,2.705971e-01,8.302771e-02,1.646138e-01
5.378332e+00,-1.197889e+00,1.648024e+00,-4.083269e-02,4.744919e-01,-4.510709e-01,1.799313e-01,-2.215284e-02,1.855368e-01,-3.196180e-03,1.235631e-01
5.540298e+00,-1.075344e+00,1.524311e+00,1.226502e-01,6.633616e-01,-5.381934e-01,1.192297e-01,7.382664e-02,1.554269e-01,-4.981466e-01,6.707083e-02
5.333782e+00,-9.350813e-01,1.754418e+00,-1.646846e-01,4.265205e-01,-2.221737e-01,3.893153e-01,3.779191e-01,4.834375e-01,1.137552e-01,2.210500e-01
5.439856e+00,-8.160235e-01,1.717621e+00,5.774168e-01,7.831094e-01,-2.585208e-01,1.581949e-01,2.345195e-01,2.618573e-01,-4.655358e-01,-3.432591e-02
4.847653e+00,-1.073589e+00,1.572739e+00,6.277970e-01,1.489785e+00,5.284253e-01,7.406477e-01,3.968088e-01,5.860432e-02,-1.056792e+00,-2.200857e-01
5.319044e+00,-1.378146e+00,1.228703e+00,-2.580671e-02,3.345885e-01,-7.489939e-01,1.580102e-01,2.363157e-01,6.041389e-01,2.330215e-02,2.659567e-01
5.553844e+00,-1.078109e+00,1.345690e+00,2.591449e-01,5.296096e-01,-5.249538e-01,9.350110e-02,-2.466457e-01,-1.106702e-01,-3.686515e-01,-4.351405e-02
5.643975e+00,-1.019795e+00,1.395178e+00,1.703285e-01,7.816595e-01,-1.846675e-01,9.333689e-02,-1.711055e-01,2.860887e-01,3.246743e-02,3.031626e-01
4.909462e+00,-1.231081e+00,1.737502e+00,5.755765e-01,8.710009e-01,-2.153048e-01,2.285218e-01,3.359194e-02,1.909549e-01,-6.129003e-02,-1.099454e-01
5.470399e+00,-1.022084e+00,1.833134e+00,4.601593e-01,7.121494e-01,-1.747326e-01,3.499300e-01,2.643236e-01,5.487326e-01,-2.080877e-01,-2.288605e-01
5.275314e+00,-9.752932e-01,1.429026e+00,-1.300365e-01,1.486461e-01,-5.516085e-01,3.023646e-01,2.210393e-01,5.410754e-01,-2.506417e-01,2.315459e-01
5.357878e+00,-9.348080e-01,1.947233e+00,6.557627e-01,7.858307e-01,-4.792907e-01,-8.308221e-02,-1.505759e-01,9.786169e-02,-4.384420e-01,1.321609e-01
5.442928e+00,-8.500525e-01,1.418558e+00,2.515830e-01,5.717998e-01,-6.431100e-01,1.433062e-01,1.348944e-01,3.540177e-01,-3.440320e-01,1.740296e-01
4.967358e+00,-1.281825e+00,1.290573e+00,-1.560086e-01,2.392022e-01,-4.141874e-01,2.426410e-01,-2.653630e-02,6.171290e-01,-6.163301e-02,1.309979e-01
5.540677e+00,-9.250832e-01,1.842119e+00,3.433524e-01,9.640146e-01,-2.577672e-01,3.119802e-01,1.098849e-01,2.349659e-01,-2.585508e-01,2.467417e-01
5.437549e+00,-9.993721e-01,1.963432e+00,3.561296e-01,6.778959e-01,-1.816287e-01,-3.218392e-02,-2.143170e-01,4.326343e-01,8.411776e-02,1.189209e-01
5.524513e+00,-1.183216e+00,1.649011e+00,3.314082e-01,7.723018e-01,-1.623867e-01,4.125819e-01,2.457358e-02,2.037893e-01,-1.292772e-01,2.105008e-01
5.180448e+00,-1.292683e+00,1.219138e+00,-1.126145e-01,5.987604e-01,-5.738157e-01,1.329337e-01,2.644216e-01,2.384011e-01,-4.499267e-01,-1.129311e-01
5.410027e+00,-6.335746e-01,1.573472e+00,1.660218e-01,3.940235e-01,-8.006332e-01,2.759546e-01,2.103230e-01,4.193199e-01,-6.048790e-01,1.708093e-02
5.596202e+00,-9.491280e-01,1.600311e+00,3.188675e-01,8.470228e-01,-2.691563e-01,4.325150e-01,2.185524e-02,1.260328e-01,-1.110100e-01,5.339280e-02
5.601777e+00,-6.865606e-01,1.757013e+00,2.325048e-01,7.467673e-01,-1.664535e-01,2.790075e-01,-3.362432e-03,2.584511e-01,-4.404926e-02,2.134446e-01
5.250338e+00,-1.408248e+00,1.688219e+00,2.637369e-01,9.237319e-01,-9.415495e-02,5.778222e-01,2.859937e-01,5.567365e-01,-1.825169e-01,5.671958e-02
5.033401e+00,-1.411172e+00,1.403064e+00,-3.432635e-03,9.476112e-01,1.303724e-01,4.684064e-01,8.701676e-02,3.143633e-01,-2.390075e-01,-5.450751e-03
5.611123e+00,-9.169306e-01,1.435612e+00,2.023853e-01,8.263245e-01,-6.027177e-01,-3.415515e-02,-5.305415e-02,-2.753988e-02,-4.106877e-01,3.863729e-02
5.362017e+00,-1.120904e+00,1.317157e+00,2.406277e-01,5.484895e-01,-4.587491e-01,1.474179e-01,3.099744e-01,4.815719e-01,-2.386579e-02,4.340447e-01
5.701777e+00,-7.451640e-01,1.603794e+00,2.577750e-01,9.581595e-01,-2.257344e-01,1.762359e-01,1.875978e-01,2.893671e-01,-5.167478e-02,1.528702e-01
5.316871e+00,-9.752806e-01,2.109106e+00,2.430208e-01,2.731647e-01,-7.626844e-01,1.734752e-01,1.525269e-01,4.652814e-01,-2.085766e-01,-1.368272e-01
5.241774e+00,-1.131553e+00,1.581751e+00,2.417390e-01,6.658276e-01,-1.697774e-01,6.627007e-01,4.783823e-01,2.891495e-01,-1.982111e-01,2.409378e-01
5.091178e+00,-1.166504e+00,1.455080e+00,6.814580e-02,6.223055e-01,-2.795927e-01,-2.212171e-02,-4.542994e-01,-1.153019e-01,-5.621454e-01,-3.941701e-01
5.143674e+00,-1.406730e+00,1.439501e+00,3.895704e-01,1.907611e-01,-8.316562e-01,7.033453e-03,-2.189743e-02,3.537726e-01,3.787505e-01,3.113533e-01
5.363972e+00,-1.198727e+00,1.591270e+00,4.429352e-01,9.781541e-01,-2.721235e-01,3.992419e-01,1.440714e-01,4.162167e-01,1.052374e-01,2.824025e-01
5.796305e+00,-7.827904e-01,1.454173e+00,-2.539228e-01,6.088602e-01,-5.957823e-01,2.944704e-02,-1.058245e-01,3.183203e-01,-2.429250e-01,1.754198e-01
5.152121e+00,-1.234647e+00,1.665701e+00,5.007907e-01,7.186646e-01,-2.082074e-01,4.167815e-01,2.868626e-01,7.265250e-01,-1.421379e-02,9.363320e-02
4.689810e+00,-1.031588e+00,2.151702e+00,7.252861e-01,9.839429e-01,-1.565920e-01,7.060277e-02,-2.830704e-01,1.644077e-02,-3.832643e-01,-2.438003e-01
5.062188e+00,-1.126874e+00,1.418502e+00,-1.652420e-01,8.699047e-02,-6.673110e-01,1.006518e-01,1.086545e-01,1.962715e-01,-3.951294e-01,7.782646e-03
5.455215e+00,-1.303623e+00,1.872449e+00,2.086098e-01,6.034553e-01,-1.868447e-01,5.749525e-01,1.575109e-01,2.859079e-01,-3.508429e-01,1.912774e-01
5.716957e+00,-6.916902e-01,1.675489e+00,3.617116e-01,7.871291e-01,-4.916276e-01,8.597304e-02,-3.746608e-02,2.005155e-01,-1.385809e-02,1.964386e-01
5.352805e+00,-1.031607e+00,1.599954e+00,2.938189e-01,8.829137e-01,-1.548528e-01,3.832876e-01,-1.603455e-02,3.498633e-01,-1.769730e-01,4.635461e-01
5.375964e+00,-1.003306e+00,1.407176e+00,3.038863e-01,1.079225e+00,-9.016625e-02,2.213617e-01,1.629093e-01,4.820549e-01,-3.007458e-01,1.552859e-01
5.515689e+00,-1.260476e+00,1.397874e+00,-1.790434e-01,1.926958e-01,-4.520988e-01,5.325513e-02,-1.414998e-01,9.079532e-02,-1.729657e-01,-6.188605e-02
5.290989e+00,-1.252866e+00,1.447344e+00,3.094065e-01,6.734756e-01,-4.010861e-01,3.224113e-01,-3.108037e-02,-2.815847e-01,-4.509603e-01,2.764258e-02
5.512858e+00,-9.151391e-01,1.968274e+00,5.844210e-01,5.838553e-01,-1.148340e-01,3.975579e-01,1.629695e-01,3.072922e-01,-2.119151e-02,9.571991e-03
5.533409e+00,-9.004680e-01,1.624450e+00,2.756539e-01,4.502113e-01,-5.408058e-01,5.055688e-01,1.378978e-01,2.946651e-01,-4.256994e-02,9.276784e-02
5.671497e+00,-7.688812e-01,1.637932e+00,2.673855e-01,6.489105e-01,-2.872688e-02,5.636575e-01,-5.822229e-02,1.999716e-01,-2.736918e-01,1.315845e-01
5.256940e+00,-1.167878e+00,1.067555e+00,-3.278121e-02,5.017256e-01,-6.399565e-01,-2.244482e-01,-4.209560e-02,3.389394e-01,-4.185449e-01,1.877345e-01
4.652055e+00,-1.577999e+00,1.126815e+00,-2.672816e-01,2.957302e-01,-5.560762e-01,-2.546115e-01,-2.999901e-01,-2.301050e-01,-6.172496e-01,-1.350592e-01
5.574656e+00,-1.233104e+00,1.559748e+00,4.151759e-01,8.607348e-01,1.904296e-01,2.766194e-01,6.055805e-03,4.780202e-01,1.662926e-01,1.253894e-01
5.358781e+00,-1.017831e+00,1.696165e+00,3.134960e-01,6.246791e-01,-5.392107e-01,3.198379e-02,-3.092548e-02,2.503712e-01,7.493968e-02,2.236954e-01
5.698759e+00,-8.886225e-01,2.114767e+00,4.063023e-01,4.303605e-01,-5.027187e-01,2.709324e-01,9.788220e-02,3.328677e-01,-2.263237e-01,9.778011e-02
5.137791e+00,-1.054656e+00,1.507363e+00,-2.563599e-02,3.474100e-01,-3.638381e-01,5.418884e-01,1.549684e-01,3.118953e-01,8.423091e-02,2.897397e-01
4.832904e+00,-1.207054e+00,1.572300e+00,3.538295e-01,3.401750e-01,-7.689434e-01,-9.625750e-02,1.007095e-01,3.304704e-01,-1.898892e-01,4.970534e-02
5.272200e+00,-5.710503e-01,1.755915e+00,2.767325e-01,8.173877e-01,-1.945688e-01,3.036544e-01,1.616913e-02,6.352921e-02,-3.274497e-01,2.532289e-01
5.351471e+00,-1.138376e+00,1.364957e+00,2.802584e-01,7.650976e-01,-2.400412e-01,4.250368e-01,-1.582686e-01,5.021843e-01,-2.955493e-01,-2.060086e-02
5.738726e+00,-5.384173e-01,1.659367e+00,1.740892e-01,4.608406e-01,-6.998743e-01,4.835542e-01,8.891547e-02,-1.968364e-02,1.844621e-01,2.834996e-01
5.223502e+00,-1.213286e+00,1.685281e+00,5.807839e-01,8.045535e-01,-1.395427e-01,2.912798e-01,-8.800226e-02,5.059365e-01,3.231061e-01,1.386089e-01
5.029225e+00,-1.172429e+00,1.406866e+00,-2.888487e-02,4.716644e-01,-3.592585e-01,2.695305e-01,-2.049401e-01,-9.425237e-02,2.152452e-02,5.399800e-01
5.501356e+00,-1.200590e+00,1.837838e+00,8.819213e-03,4.479755e-01,-6.162936e-01,5.506814e-02,2.661775e-02,3.199544e-02,-4.968596e-01,-1.820735e-01
4.835119e+00,-8.137579e-01,1.458329e+00,1.846211e-01,9.170053e-01,5.816478e-03,6.224718e-01,5.469846e-01,4.704085e-01,-2.579778e-01,2.776172e-02
5.328731e+00,-1.005357e+00,1.669405e+00,-1.934818e-02,5.327913e-01,-3.142018e-01,1.670076e-01,1.528283e-01,3.717394e-01,-3.709663e-01,3.614314e-01
5.189083e+00,-8.250094e-01,2.081041e+00,5.135844e-01,1.063749e+00,2.508243e-01,4.901184e-01,-7.603749e-02,-1.653297e-01,-2.606774e-01,-6.953282e-02
5.462130e+00,-1.417927e+00,1.201948e+00,-1.076897e-01,5.429676e-01,-4.366314e-01,2.482535e-01,4.484807e-02,4.168723e-01,-5.150470e-02,3.453577e-01
5.586421e+00,-9.388857e-01,1.838261e+00,-1.010937e-01,3.610424e-01,-4.408228e-01,3.598279e-01,6.241784e-03,-3.372733e-02,-3.850842e-01,1.526627e-01
4.775044e+00,-1.291813e+00,1.654549e+00,6.184449e-01,1.017732e+00,-5.779967e-02,2.699084e-01,5.416256e-02,1.601629e-01,-6.811079e-02,6.673186e-02
5.025708e+00,-1.373303e+00,1.087465e+00,5.751430e-02,4.509562e-01,-2.157590e-01,4.454914e-01,8.696175e-02,5.085907e-01,3.160409e-01,5.966921e-01
5.712188e+00,-6.794999e-01,1.767055e+00,4.532012e-01,9.381871e-01,-7.590409e-02,5.464228e-01,9.231777e-02,2.610357e-03,-3.704331e-01,-1.092337e-01
5.236566e+00,-7.379756e-01,1.909340e+00,1.846292e-01,2.613864e-01,-4.605959e-01,5.544171e-01,3.222448e-02,4.210527e-01,-2.340687e-01,-7.103368e-02
5.465231e+00,-8.356672e-01,1.582185e+00,2.512435e-01,5.180028e-01,-2.926870e-01,2.720064e-01,1.293287e-01,2.776310e-01,-3.052299e-02,8.946801e-02
5.150501e+00,-1.109853e+00,1.525155e+00,1.205125e-01,5.050835e-01,-2.138712e-01,1.998326e-01,-3.240822e-01,-1.226335e-01,-1.172233e-01,2.489539e-01
5.293014e+00,-1.207614e+00,1.551000e+00,2.636421e-01,5.591309e-01,-6.821740e-01,-4.360635e-02,-1.471965e-02,5.305232e-01,1.380680e-01,4.728786e-01
5.212549e+00,-7.501628e-01,2.290050e+00,6.229071e-01,7.931740e-01,1.371216e-01,4.192072e-01,-2.504546e-01,1.457977e-01,-5.557090e-01,1.218110e-01
5.581653e+00,-1.083952e+00,1.602824e+00,3.342861e-01,8.512952e-01,-4.340109e-01,3.022248e-01,1.172569e-01,3.574931e-01,-7.823014e-02,1.484763e-01
5.141577e+00,-1.048819e+00,1.569937e+00,2.286837e-01,5.862528e-01,2.895163e-03,9.478252e-02,3.085353e-01,6.501694e-01,6.042001e-02,4.858614e-01
5.390207e+00,-1.012663e+00,1.984588e+00,1.407128e-01,4.760900e-01,-5.430530e-01,-2.210867e-01,-1.974779e-01,1.943129e-01,-9.086772e-02,1.489014e-02
5.543875e+00,-7.987109e-01,1.621799e+00,1.042090e-01,3.031057e-01,-5.673694e-01,2.696779e-01,1.329082e-01,-1.051429e-01,-4.221526e-01,2.566364e-01
5.338098e+00,-1.079093e+00,1.770538e+00,4.076419e-01,5.602989e-01,-3.428313e-01,6.600654e-01,2.885745e-01,3.152166e-01,-2.823863e-01,8.161698e-02
5.502355e+00,-7.849363e-01,1.593195e+00,2.642267e-01,5.969086e-01,2.565263e-02,4.164269e-01,-1.172334e-01,3.055249e-01,8.970555e-02,3.871101e-01
5.229993e+00,-1.296692e+00,1.383818e+00,3.015271e-01,9.358582e-01,-2.076555e-01,1.483387e-01,-2.246224e-01,1.034711e-02,2.491540e-03,7.640311e-02
5.872785e+00,-7.459284e-01,1.555612e+00,4.085052e-01,4.926990e-01,-5.647584e-01,2.100742e-01,5.002077e-03,1.898207e-01,-7.994886e-02,3.646410e-01
5.380319e+00,-9.704738e-01,1.396424e+00,-1.471730e-01,4.974360e-01,-5.182603e-01,3.477835e-02,-1.866619e-01,2.156344e-01,-2.157680e-01,-2.304447e-01
5.118433e+00,-1.290636e+00,1.318672e+00,-2.891581e-02,7.362069e-01,-2.788236e-01,3.237649e-01,1.232230e-01,2.407012e-01,-2.932450e-01,2.721283e-01
5.344187e+00,-7.613208e-01,2.027102e+00,4.904342e-01,6.589957e-01,-1.574397e-01,3.964925e-01,7.572002e-02,1.220239e-01,-2.836680e-02,2.793223e-01
5.245958e+00,-8.661075e-01,1.695477e+00,2.059568e-01,6.814543e-01,-2.684494e-01,3.967964e-01,-4.152411e-03,-5.585475e-03,-4.729545e-01,7.881359e-02
5.440087e+00,-8.053671e-01,1.831158e+00,-3.342103e-02,3.361922e-01,-1.363765e-01,5.531151e-01,2.231247e-01,5.006145e-01,-1.172187e-01,1.881153e-01
4.902329e+00,-1.251121e+00,1.411872e+00,2.072942e-01,4.600544e-01,-4.547567e-01,2.321153e-01,-2.729272e-01,6.856090e-02,-2.134091e-01,7.838213e-02
5.108181e+00,-1.169884e+00,1.459978e+00,1.007440e-02,9.367281e-01,-3.639635e-01,-1.490000e-01,-4.370728e-01,-8.798445e-02,-2.360325e-01,2.021812e-01
5.596414e+00,-8.030987e-01,1.584225e+00,1.845543e-01,6.472758e-01,-2.406424e-01,1.759483e-01,8.417772e-02,4.307185e-01,3.309095e-02,2.898857e-01
5.521149e+00,-8.646990e-01,1.972985e+00,5.009506e-01,7.717348e-01,-2.902667e-01,1.838270e-01,2.728191e-01,1.745712e-01,-1.909047e-01,-7.430416e-02
5.391165e+00,-7.004771e-01,1.765168e+00,2.445708e-01,6.430239e-01,-4.655355e-02,5.159693e-01,1.795667e-01,1.097296e-01,1.713431e-01,1.305358e-01
4.847556e+00,-1.291860e+00,1.649635e+00,4.511888e-01,6.424574e-01,-1.368140e-01,6.486456e-01,-3.398570e-02,3.005112e-01,-5.647241e-02,2.324403e-01
4.970781e+00,-9.207898e-01,1.814097e+00,2.659968e-01,4.377006e-01,-6.224259e-01,1.465085e-01,-4.105019e-01,4.069296e-02,-2.624921e-01,-7.245813e-02
5.346588e+00,-6.995785e-01,1.504912e+00,-1.055169e-01,4.321387e-01,-6.081348e-01,2.544991e-01,2.591654e-01,3.820385e-01,2.834706e-01,5.234403e-01
5.386219e+00,-9.492609e-01,1.640378e+00,3.827040e-01,1.103187e+00,5.196814e-02,3.952719e-01,3.671162e-02,2.816614e-01,-3.717742e-01,2.244081e-01
5.619149e+00,-8.302540e-01,1.555484e+00,3.259187e-01,7.262807e-01,-1.891300e-01,-2.403378e-01,2.253103e-01,2.356640e-01,-1.373894e-01,4.008575e-01
4.991942e+00,-1.027876e+00,1.930683e+00,5.789466e-01,9.126380e-01,-8.797630e-02,3.794105e-01,8.717868e-02,3.575921e-01,1.926636e-01,2.517082e-01
5.304063e+00,-1.280619e+00,1.355880e+00,1.895199e-01,5.855002e-01,-5.786478e-01,2.563955e-01,-2.721152e-01,-2.059802e-01,-4.133577e-01,1.122698e-01
5.284959e+00,-1.179598e+00,1.635823e+00,-2.174284e-01,3.273292e-01,-6.197501e-01,-1.028022e-01,-8.744380e-02,2.582563e-01,-2.435909e-01,1.698598e-02
5.327479e+00,-9.168594e-01,1.573835e+00,2.705837e-01,4.955781e-01,8.837434e-02,7.076343e-01,4.117510e-01,4.769104e-01,-5.690917e-02,4.322038e-01
5.601954e+00,-9.005290e-01,1.455066e+00,3.903784e-02,4.046885e-01,-3.613404e-01,-4.389658e-02,2.810916e-02,2.978156e-02,-3.167479e-01,2.200014e-01
5.183661e+00,-6.793979e-01,2.019698e+00,5.578453e-01,8.905968e-01,-1.491394e-01,3.364668e-01,-1.257341e-01,1.137279e-01,-2.645777e-01,3.278888e-01
5.315361e+00,-1.294241e+00,1.407387e+00,3.915415e-02,5.711258e-01,-3.273695e-01,4.580453e-01,-8.527630e-02,2.924017e-01,-3.167893e-01,2.393683e-01
5.413556e+00,-1.048497e+00,1.194150e+00,-5.878602e-02,4.935233e-01,-2.773063e-01,2.356277e-01,-2.283254e-01,-8.103278e-02,-3.298773e-01,1.721872e-01
5.314468e+00,-8.094959e-01,1.862032e+00,4.032961e-01,5.957417e-01,-3.392284e-01,1.603899e-01,-3.719208e-02,5.203489e-01,2.690456e-01,1.142251e-01
5.415320e+00,-9.814510e-01,1.692734e+00,2.004510e-01,4.608474e-01,-1.874835e-01,1.715320e-01,-2.906608e-01,7.587105e-02,-2.525967e-01,3.668247e-01
5.609416e+00,-8.264745e-01,1.708360e+00,1.180927e-01,7.073394e-01,-1.875843e-01,3.259602e-01,1.770010e-01,1.716764e-01,-1.486663e-01,3.158458e-01
5.126885e+00,-8.205322e-01,2.035153e+00,1.273892e-01,4.717449e-01,-1.790309e-01,7.515099e-01,4.316663e-01,4.359558e-01,-1.905428e-01,2.537358e-02
5.236244e+00,-9.404744e-01,1.623220e+00,2.499606e-01,6.996264e-01,-1.134321e-01,3.531953e-02,-1.705680e-01,1.085662e-01,-4.660825e-01,1.313214e-01
5.156682e+00,-7.581112e-01,1.630725e+00,1.130070e-01,4.884799e-01,-4.949302e-01,8.616864e-02,-3.081710e-01,7.699598e-02,-9.911416e-02,3.811265e-01
5.402476e+00,-9.072135e-01,1.688960e+00,2.130543e-01,7.107758e-01,-3.744171e-01,3.412970e-01,1.186559e-01,2.297412e-01,1.412556e-01,3.926990e-01
5.258875e+00,-7.557510e-01,1.698266e+00,2.636529e-01,5.847556e-01,6.943962e-02,2.910242e-01,-1.196343e-01,3.637383e-01,-1.202773e-01,2.382971e-01
5.569725e+00,-7.785149e-01,2.026438e+00,3.989494e-01,6.786470e-01,-2.682325e-01,3.229720e-01,2.722000e-02,1.832319e-01,8.903566e-02,1.831490e-01
5.052985e+00,-8.292960e-01,1.722668e+00,2.347839e-01,6.193611e-01,-3.806231e-01,2.334788e-02,-6.498806e-02,2.248272e-01,-4.601708e-02,2.374612e-01
5.423385e+00,-9.655566e-01,1.436527e+00,-7.519347e-02,4.342455e-01,-6.887029e-01,7.057848e-02,-1.770769e-02,1.828520e-01,-1.781718e-01,5.446979e-02
5.313315e+00,-7.530118e-01,1.783533e+00,1.401454e-01,4.909375e-01,-1.876571e-01,5.467005e-01,1.944884e-01,-6.431689e-02,-4.815524e-01,1.904186e-01
4.962261e+00,-1.064966e+00,1.564822e+00,3.825039e-01,1.136827e+00,4.887838e-02,3.814173e-01,1.646030e-01,5.825861e-02,-3.401858e-01,7.455171e-02
5.825492e+00,-5.217154e-01,1.836665e+00,3.461901e-01,6.436547e-01,-3.987653e-01,1.752153e-01,-1.333483e-01,1.610572e-01,2.018738e-01,3.638085e-01
4.929948e+00,-1.592260e+00,1.236062e+00,4.028518e-02,5.979767e-01,-2.302627e-01,3.449718e-01,-9.805929e-02,9.054259e-02,1.703585e-02,4.348483e-01
5.285577e+00,-1.082323e+00,1.408984e+00,-1.470154e-02,5.749023e-01,-1.315534e-01,2.572396e-01,-1.632537e-01,5.404507e-01,-1.396929e-02,4.240179e-01
5.456052e+00,-9.842092e-01,1.705297e+00,4.617473e-01,6.791267e-01,-3.620921e-01,2.696426e-01,1.992962e-01,-5.342415e-02,-4.037894e-01,-3.840918e-01
4.758383e+00,-1.346080e+00,1.143387e+00,4.197290e-02,8.784490e-01,-1.004196e-01,5.785462e-01,5.527152e-01,3.032763e-01,-2.993253e-01,1.787475e-01
5.684878e+00,-3.675695e-01,1.979945e+00,2.495837e-01,5.130876e-01,-3.333543e-01,-3.422892e-02,-1.926073e-01,5.077717e-01,5.494560e-02,3.675483e-01
5.257602e+00,-9.451605e-01,1.697807e+00,1.606296e-01,6.221709e-01,-4.162424e-01,3.729151e-01,-3.735566e-02,-1.188148e-02,-3.539350e-01,2.964068e-01
5.203637e+00,-1.232827e+00,1.436822e+00,-1.411819e-01,5.691252e-01,-1.415597e-01,7.206521e-01,2.430465e-01,4.999088e-01,1.476131e-01,3.447548e-01
5.294819e+00,-8.007562e-01,1.695266e+00,4.307504e-01,2.869978e-01,-3.757349e-01,-2.733895e-02,-3.495683e-01,-2.557770e-02,-8.321694e-02,-1.398737e-01
4.843480e+00,-1.400331e+00,1.315149e+00,4.775451e-02,8.829247e-01,-1.515613e-01,4.080176e-01,-4.661080e-02,1.048422e-01,-5.848879e-03,4.896151e-01
5.646608e+00,-9.989338e-01,1.411184e+00,8.858321e-02,9.349556e-01,-3.237913e-01,2.254987e-01,2.490818e-03,4.429231e-01,-5.812559e-02,4.619481e-01
5.549812e+00,-4.094840e-01,2.102909e+00,1.348627e-01,4.893771e-01,-4.933078e-01,1.009858e-01,1.905307e-01,5.473770e-01,-1.987518e-01,1.785397e-01
4.961465e+00,-8.842831e-01,1.570648e+00,2.382625e-02,5.487299e-01,-2.141704e-01,3.083674e-01,4.689106e-01,4.886057e-01,-1.260244e-01,2.211682e-01
5.339633e+00,-8.316201e-01,2.090512e+00,5.404981e-01,6.146192e-01,-2.636035e-01,-2.527873e-02,-3.531789e-01,-1.435131e-01,-2.307952e-01,3.113391e-01
5.158069e+00,-1.241091e+00,1.723952e+00,4.432401e-02,1.703060e-01,-4.663171e-01,2.248658e-01,2.096947e-02,6.515375e-02,-7.453129e-02,3.299775e-01
4.904353e+00,-1.083989e+00,1.461949e+00,-5.576395e-02,5.705348e-01,-9.775071e-02,5.442366e-01,1.857058e-01,4.957360e-01,-9.669990e-02,5.189588e-02
5.781879e+00,-7.267690e-01,1.685039e+00,5.305361e-01,8.376399e-01,-2.182496e-01,3.667718e-01,-1.273155e-02,2.841221e-01,-2.272975e-01,1.769900e-01
5.273727e+00,-8.715615e-01,1.554702e+00,3.560315e-01,7.264464e-01,-1.540997e-01,1.171966e-01,-1.832278e-01,1.195384e-01,4.680638e-02,4.162273e-01
5.638745e+00,-8.842030e-01,1.676765e+00,2.411373e-01,8.531025e-01,-1.258021e-01,1.275170e-02,8.723640e-02,3.045996e-01,-6.255987e-02,3.333115e-01
5.234408e+00,-1.474650e+00,1.096737e+00,-2.183288e-01,-1.703835e-02,-5.713429e-01,-5.354166e-02,-1.240057e-01,-7.218146e-02,-4.775974e-01,4.849253e-02
4.891020e+00,-9.997759e-01,1.594746e+00,-7.161111e-02,1.407789e-01,-5.402016e-01,6.394995e-02,7.906203e-02,1.637238e-01,-2.820157e-01,-1.667184e-01
5.467851e+00,-4.718333e-01,1.644260e+00,3.972907e-01,7.139212e-01,-2.633113e-01,6.545936e-01,1.722021e-01,1.896475e-02,-1.858163e-01,2.796986e-01
5.410415e+00,-8.886346e-01,1.481969e+00,3.197140e-01,5.304038e-01,-2.932261e-01,3.621164e-01,3.514499e-02,1.443867e-01,-2.938918e-01,3.558416e-01
5.382035e+00,-6.736994e-01,1.867423e+00,3.494949e-01,7.891626e-01,9.621395e-03,4.037517e-01,-7.241182e-02,1.497161e-01,-2.498876e-01,1.548135e-01
5.408887e+00,-1.283322e+00,1.479064e+00,-2.665680e-02,4.621011e-01,-3.723697e-01,5.467216e-02,3.902837e-02,2.829912e-01,-2.739329e-01,1.050058e-01
5.236585e+00,-1.027758e+00,1.164276e+00,-1.388647e-01,6.246275e-01,-3.129960e-01,8.533180e-02,-2.373697e-01,-1.720846e-01,-6.214301e-01,3.171077e-01
5.287305e+00,-8.464748e-01,1.769240e+00,2.006211e-01,8.567937e-01,-4.569299e-01,-2.062530e-02,1.603815e-01,6.260182e-01,1.668522e-01,2.473817e-01
5.447391e+00,-1.004351e+00,1.673476e+00,3.191240e-01,7.056758e-01,-2.305306e-01,5.070880e-01,-5.722950e-02,5.247947e-02,-1.784074e-02,4.361742e-01
5.372331e+00,-8.328763e-01,1.933601e+00,4.008559e-01,6.813920e-01,-2.718757e-01,4.245708e-01,1.980877e-01,1.425275e-01,-3.126695e-01,-4.442362e-01
5.463158e+00,-6.366593e-01,1.809718e+00,7.827408e-02,2.572750e-01,-4.122235e-01,4.026776e-01,4.342339e-01,2.575949e-01,1.987698e-01,4.635623e-01
5.202601e+00,-1.414348e+00,1.379156e+00,-2.326407e-02,3.467913e-01,-6.123530e-01,4.195791e-02,-4.008430e-01,-1.322981e-01,-3.508300e-01,6.010595e-02
5.344830e+00,-4.846189e-01,1.559906e+00,-1.344814e-01,7.559813e-01,-2.540559e-01,-6.956052e-02,-2.650241e-01,1.675176e-01,-2.877893e-01,2.986799e-01
5.140315e+00,-9.226243e-01,1.738773e+00,4.078858e-01,9.854064e-01,-3.140054e-01,2.832127e-01,4.878429e-01,5.105024e-01,-5.367190e-02,1.354728e-01
5.253959e+00,-9.099969e-01,1.437096e+00,8.961347e-02,4.700717e-01,-2.538377e-01,3.083189e-01,4.712059e-02,8.507437e-02,-3.470213e-01,2.384423e-01
5.553785e+00,-1.014005e+00,1.616529e+00,2.166265e-01,8.862231e-01,-2.782870e-01,2.618048e-01,2.836201e-01,3.872146e-01,3.545282e-01,2.539146e-01
4.876875e+00,-1.328371e+00,1.717719e+00,7.436614e-02,3.740493e-01,-5.730001e-01,-9.702501e-02,-2.568883e-01,1.898278e-01,-1.060495e-01,5.083796e-01
5.111839e+00,-9.162756e-01,1.630581e+00,-3.897511e-02,1.285012e-01,-7.452340e-01,1.640593e-02,-5.303831e-02,2.147339e-01,-7.045864e-01,-3.466893e-01
5.271261e+00,-8.499756e-01,1.575643e+00,2.320050e-02,5.260952e-01,-4.225046e-02,4.842554e-01,4.554791e-01,2.692946e-01,-4.487236e-02,1.850864e-01
5.414944e+00,-7.504571e-01,1.405831e+00,3.150722e-01,8.678014e-01,-3.582294e-01,1.142780e-01,6.577687e-02,6.608372e-02,-1.334429e-01,2.830236e-01
5.594895e+00,-6.975194e-01,1.820044e+00,3.426189e-01,9.015546e-01,-1.238173e-01,3.151710e-01,1.136036e-03,2.808432e-01,-2.636919e-01,3.376308e-01
5.400178e+00,-1.190521e+00,1.298291e+00,4.700999e-02,7.377539e-01,-3.202602e-01,4.195866e-01,4.929695e-02,3.742706e-01,4.983376e-02,1.813780e-01
5.365368e+00,-9.100203e-01,1.537748e+00,2.051431e-01,4.424671e-01,-3.051581e-01,3.462548e-01,-1.173011e-01,1.891316e-01,-1.918493e-01,-2.412643e-01
5.226621e+00,-1.195947e+00,1.220392e+00,4.043186e-01,6.659424e-01,-4.019177e-01,2.256117e-01,1.931707e-01,1.260853e-01,-2.378555e-01,4.536960e-01
5.416046e+00,-1.000663e+00,1.562149e+00,1.212879e-01,4.999825e-01,-1.820270e-01,4.467271e-01,4.859653e-02,2.439162e-01,1.056963e-01,5.118171e-01
5.804949e+00,-6.911675e-01,1.971203e+00,4.536851e-01,7.705045e-01,-4.163348e-01,2.241515e-01,2.956249e-01,6.303781e-01,-2.880509e-01,-1.746720e-01
5.242640e+00,-8.176681e-01,1.614065e+00,2.397143e-01,9.907933e-01,-1.171371e-02,7.385250e-01,4.297983e-01,3.888878e-02,-5.229057e-01,4.283585e-02
5.261411e+00,-1.132408e+00,1.291044e+00,3.692986e-02,6.607064e-01,-8.228565e-02,2.263508e-01,3.836374e-02,1.408874e-01,-3.810803e-01,1.684879e-01
5.136850e+00,-1.052289e+00,1.534299e+00,9.646305e-02,3.049655e-01,-4.486416e-01,-2.599398e-01,-2.278128e-01,2.367279e-01,-3.538165e-01,1.247493e-01
5.608982e+00,-1.257064e+00,1.676561e+00,2.863147e-01,6.098772e-01,-3.997168e-01,8.478828e-02,4.220190e-02,5.060236e-01,-3.265745e-02,4.094467e-01
5.355786e+00,-7.675790e-01,1.576279e+00,3.472190e-01,9.332614e-01,-6.358669e-02,2.815514e-01,-6.329972e-02,-1.559206e-02,-1.456821e-01,1.292405e-01
5.654155e+00,-7.030195e-01,1.749023e+00,5.613979e-01,5.021952e-01,-3.337616e-01,6.526627e-03,2.004150e-01,7.767983e-01,-1.623035e-01,2.630152e-03
4.741823e+00,-1.616994e+00,7.075070e-01,-1.975164e-01,3.100333e-01,-8.046052e-01,1.909331e-01,1.795928e-01,2.008001e-01,1.165449e-01,2.701601e-01
5.224161e+00,-8.174497e-01,1.764561e+00,2.992127e-01,7.418095e-01,-3.284317e-01,-6.343952e-02,-1.568166e-01,1.778358e-01,-4.066620e-01,-1.033408e-01
5.626611e+00,-5.768931e-01,1.779641e+00,1.670041e-01,5.513859e-01,-7.393543e-01,2.234382e-01,7.905501e-02,2.817327e-01,-2.895149e-01,3.104471e-01
4.974769e+00,-1.294621e+00,1.225536e+00,1.305127e-01,4.429331e-01,-3.258342e-01,2.077638e-01,1.176518e-01,4.127600e-02,-6.480995e-02,-1.279583e-02
5.725433e+00,-6.481810e-01,1.341530e+00,2.555020e-01,7.093966e-01,-3.149976e-01,2.248489e-01,2.267243e-01,2.982115e-01,-8.256406e-02,2.829618e-01
5.290283e+00,-1.082131e+00,1.759640e+00,4.434565e-01,5.508345e-01,-2.913233e-01,4.091192e-02,-2.236167e-01,4.975604e-01,4.119022e-02,8.663061e-02
5.243470e+00,-9.950400e-01,1.583507e+00,4.314056e-01,9.205671e-01,-2.703642e-01,3.043815e-01,-4.260073e-02,1.442757e-01,-1.367746e-01,-3.085581e-02
5.522790e+00,-9.254472e-01,1.283207e+00,-2.079621e-02,4.363313e-01,-5.174818e-01,2.126085e-01,1.764792e-01,7.862424e-02,-4.276963e-01,-6.037440e-02
4.973320e+00,-1.015055e+00,1.436992e+00,1.621215e-03,5.286194e-01,-3.327630e-01,-2.916085e-02,3.451946e-01,3.819267e-01,-1.341678e-01,2.598744e-01
5.235059e+00,-6.326696e-01,1.877794e+00,1.247744e-01,8.169813e-01,-2.281175e-01,9.139496e-02,3.059338e-01,2.932543e-01,-4.313141e-01,2.032847e-01
5.710741e+00,-7.988799e-01,1.733706e+00,2.868436e-01,6.553685e-01,-9.308366e-02,2.925358e-01,-2.119664e-02,2.133276e-01,-3.123960e-01,1.271895e-01
5.200056e+00,-1.058354e+00,1.386594e+00,2.894959e-01,8.238696e-01,-3.088756e-01,6.977221e-01,3.669143e-01,4.111268e-01,8.142567e-02,1.357889e-01
5.318479e+00,-1.145815e+00,1.368405e+00,7.580727e-02,4.879724e-01,-3.299762e-01,3.469857e-01,-1.593023e-02,3.014290e-01,-2.813352e-01,-1.408506e-01
5.472740e+00,-9.804203e-01,1.310846e+00,4.632341e-01,8.182908e-01,-4.073321e-01,9.229816e-02,-1.877920e-01,-1.331498e-01,-1.711148e-01,1.925950e-02
5.390951e+00,-1.089742e+00,1.629720e+00,2.142524e-01,8.896540e-01,-4.560862e-01,-1.460952e-03,2.385900e-01,5.965173e-01,-1.348817e-02,3.738712e-01
5.885053e+00,-4.722641e-01,1.358583e+00,2.998277e-01,1.064370e+00,-4.193453e-01,1.108477e-01,5.954495e-01,1.444213e-01,-5.049343e-01,2.382097e-01
5.356989e+00,-1.112465e+00,1.684133e+00,-2.287393e-02,4.611954e-01,-2.187799e-01,4.002884e-01,1.441900e-01,3.150561e-01,-1.476485e-01,2.510090e-01
4.871578e+00,-1.009739e+00,1.565719e+00,2.333455e-01,5.335839e-01,-4.912268e-01,3.628619e-01,6.909477e-01,5.444936e-01,2.092080e-01,3.357367e-01
5.469387e+00,-1.160845e+00,1.508663e+00,2.705580e-01,5.099728e-01,-2.226903e-01,-1.548903e-02,-2.911634e-01,9.069166e-02,-4.173038e-01,-1.926225e-01
4.935131e+00,-1.310736e+00,1.080091e+00,2.834103e-02,4.363752e-01,-3.124863e-01,1.112619e-01,1.107079e-01,4.092245e-01,1.466941e-01,3.751729e-01
5.480488e+00,-7.151088e-01,1.881893e+00,7.405324e-01,8.601834e-01,-3.217657e-01,-1.154218e-01,3.906465e-01,3.508669e-01,-2.665337e-01,1.227429e-01
5.531864e+00,-8.921193e-01,1.408697e+00,-2.623618e-03,5.212999e-01,-7.577559e-01,-7.680765e-02,7.235988e-02,4.795899e-01,-2.081255e-01,3.630927e-01
5.393728e+00,-1.199955e+00,1.625394e+00,1.638854e-01,1.023365e+00,-1.338431e-01,1.749188e-01,2.063858e-01,6.781825e-01,-7.559104e-02,2.305696e-01
5.324477e+00,-1.116866e+00,1.781663e+00,2.960463e-01,6.265868e-01,-5.074198e-01,-2.085635e-02,-2.132369e-01,1.663126e-02,-3.284265e-01,-1.324081e-01
4.945937e+00,-1.622359e+00,7.617599e-01,-1.203418e-01,1.565966e-01,-6.951043e-01,5.197584e-02,3.432392e-02,1.259941e-01,-1.233355e-01,-2.349483e-02
5.278528e+00,-8.452441e-01,1.676856e+00,2.190142e-01,5.864601e-01,8.094997e-02,5.857328e-01,2.774659e-01,3.954448e-01,-3.007775e-01,-7.420784e-02
5.749209e+00,-7.927115e-01,1.537126e+00,3.689202e-01,3.570890e-01,-6.836425e-01,3.762625e-02,2.565816e-02,4.037165e-01,-6.633949e-02,2.412591e-01
5.177582e+00,-1.006750e+00,1.582346e+00,5.289973e-01,9.846826e-01,6.482457e-02,4.253627e-01,-1.824495e-01,4.037316e-02,-3.571712e-01,3.444000e-01
5.635459e+00,-7.725882e-01,1.255165e+00,1.475414e-01,1.032488e+00,-3.764559e-01,5.329391e-03,3.424638e-01,2.576382e-01,-4.560232e-01,5.886539e-02
4.764706e+00,-1.116248e+00,1.473632e+00,-2.152832e-01,-1.137479e-01,-8.559057e-01,-1.906083e-01,6.243625e-02,5.122998e-01,-2.546860e-01,-1.619251e-01
5.373262e+00,-1.273548e+00,1.449320e+00,3.365560e-01,9.894150e-01,-1.456658e-01,3.350653e-01,1.302606e-02,1.619041e-01,-3.822561e-01,-8.442131e-02
5.591112e+00,-6.563940e-01,1.766683e+00,1.766439e-01,6.931252e-01,-1.344307e-01,3.146358e-01,-7.815190e-03,6.834528e-02,-1.693505e-01,3.193488e-01
5.344730e+00,-1.099882e+00,1.754032e+00,3.885614e-01,6.156678e-01,-4.546764e-01,3.011279e-01,2.989992e-01,3.396436e-01,-2.409250e-01,9.270507e-02
5.450607e+00,-6.099527e-01,1.709006e+00,2.058050e-01,3.882225e-01,-7.283265e-03,5.021071e-01,4.447395e-01,3.271529e-01,-4.812995e-01,-6.852240e-02
5.182413e+00,-1.303118e+00,1.015347e+00,-3.616741e-01,3.481685e-01,-6.016308e-01,-2.032506e-01,-2.353319e-01,7.546621e-02,-1.021885e-01,-2.588010e-02
4.937719e+00,-1.303121e+00,1.259581e+00,4.154985e-01,7.556379e-01,-4.302060e-01,-1.292593e-01,-1.058309e-01,-2.229111e-02,-4.949833e-01,-3.132476e-02
5.507895e+00,-1.038229e+00,1.408707e+00,3.455778e-01,9.958145e-01,-1.998937e-01,4.815551e-01,2.905533e-01,5.256788e-01,-8.329340e-03,1.028661e-02
5.446797e+00,-7.539539e-01,1.490934e+00,2.470914e-01,7.133131e-01,-5.347802e-01,3.570929e-01,3.804218e-01,2.215426e-01,-1.812186e-01,1.523566e-01
5.657975e+00,-8.852643e-01,1.927346e+00,7.756171e-01,5.724287e-01,-1.954390e-01,-1.740377e-02,1.601744e-01,4.047672e-01,-1.824472e-01,-1.333835e-01
5.111311e+00,-1.162082e+00,1.243651e+00,-8.646121e-02,3.263682e-01,-4.798049e-01,1.606750e-01,-4.021592e-02,1.611470e-01,-8.918637e-03,3.327283e-01
5.066051e+00,-1.188383e+00,1.477519e+00,9.863633e-02,2.940104e-01,-5.498796e-01,7.437106e-02,-6.985273e-02,8.755438e-02,-2.065517e-01,-5.324161e-02
5.523471e+00,-6.558192e-01,1.902141e+00,3.184264e-01,4.477608e-01,-7.630906e-01,4.730395e-01,4.019222e-01,4.426255e-01,-3.635734e-01,2.270838e-01
5.000904e+00,-1.100860e+00,1.461689e+00,3.114140e-01,1.099715e+00,-7.791505e-02,1.356312e-01,1.320278e-01,3.713296e-01,-3.086789e-01,9.324178e-03
5.860783e+00,-6.119824e-01,1.489838e+00,1.953182e-01,8.299130e-01,-2.133359e-01,1.630376e-01,6.944976e-03,9.701151e-02,-1.848151e-01,3.613577e-01
5.195093e+00,-1.269800e+00,1.466283e+00,4.336219e-01,8.066302e-01,-4.829686e-01,1.344839e-01,2.605132e-01,7.449323e-01,2.691523e-01,3.099050e-01
4.980989e+00,-1.075811e+00,1.486685e+00,-1.168908e-01,2.497914e-01,-5.760408e-01,1.959602e-01,-2.272895e-01,8.604069e-02,4.379782e-02,3.249353e-01
5.448350e+00,-9.962289e-01,1.527071e+00,2.721973e-01,4.481959e-01,-3.382429e-01,8.594774e-02,-1.635777e-01,2.332518e-01,-3.567130e-01,-3.690336e-01
5.250043e+00,-9.017048e-01,1.484989e+00,3.097155e-01,5.074542e-01,-2.244922e-01,6.732655e-01,3.306317e-01,3.907874e-01,1.910647e-01,8.458509e-02
5.661385e+00,-8.810744e-01,1.481802e+00,2.239804e-01,7.356055e-01,-4.839385e-01,2.436098e-01,1.859703e-01,7.080187e-02,-2.374780e-01,1.491636e-01
5.227561e+00,-7.382541e-01,1.729188e+00,3.177738e-01,9.722233e-01,2.925151e-01,3.516742e-01,2.691514e-01,2.462170e-01,-5.484976e-01,9.308329e-02
4.828333e+00,-1.410911e+00,1.046176e+00,-1.958323e-01,1.569898e-01,-7.663985e-01,-9.535192e-02,4.735299e-01,5.376204e-01,1.890008e-01,4.716366e-01
5.486764e+00,-1.133497e+00,1.586859e+00,3.694565e-02,5.735874e-01,-2.711355e-01,2.512711e-01,-1.704962e-01,-3.292074e-01,-4.290439e-01,-8.017121e-02
5.342311e+00,-1.220631e+00,1.364314e+00,3.745366e-01,9.014392e-01,-6.515690e-02,3.394359e-01,-1.086156e-01,4.240075e-01,-8.508799e-02,2.053253e-01
4.921923e+00,-1.297091e+00,1.701583e+00,9.768213e-02,4.165976e-01,-4.790860e-01,2.173520e-01,9.660705e-02,4.690101e-01,-1.107435e-01,1.196528e-01
5.551859e+00,-8.333046e-01,1.539737e+00,6.131399e-01,1.138366e+00,3.979835e-02,5.253075e-01,4.452751e-01,1.363155e-01,-5.107520e-01,-2.718075e-01
5.418552e+00,-9.143257e-01,1.621422e+00,-1.882185e-01,1.380429e-01,-1.707616e-01,2.726206e-01,2.125946e-01,3.851978e-01,-2.947349e-01,2.266511e-01
5.370687e+00,-9.214628e-01,1.711397e+00,5.392329e-01,7.874435e-01,-3.953334e-01,-1.202584e-02,9.228274e-02,4.071999e-02,-4.510120e-01,2.251589e-01
4.996183e+00,-1.096887e+00,1.417424e+00,3.303334e-01,6.711687e-01,-2.657971e-01,3.112306e-01,7.447807e-04,1.803720e-01,-2.708457e-01,3.255505e-02
5.260470e+00,-1.080073e+00,1.284737e+00,1.651383e-01,3.660132e-01,-6.522671e-01,3.259316e-01,9.247346e-02,5.659857e-01,1.110321e-01,2.541588e-01
5.550324e+00,-9.049459e-01,1.850880e+00,7.305277e-01,8.387261e-01,-6.909997e-02,3.872921e-01,-1.646447e-03,2.392344e-01,-2.456400e-01,-1.512412e-01
5.517068e+00,-9.248068e-01,1.402268e+00,6.900260e-01,7.892554e-01,-2.859744e-01,3.253790e-01,-1.971459e-03,3.146623e-01,4.083696e-02,-4.526892e-02
5.330751e+00,-1.186236e+00,1.784595e+00,4.255703e-01,6.014324e-01,-1.721387e-01,4.087518e-01,1.867871e-01,2.251426e-01,-2.411031e-02,3.538079e-01
4.910200e+00,-1.173481e+00,1.660929e+00,7.054934e-02,4.350085e-01,-6.195669e-01,-2.631018e-01,8.198018e-02,4.942764e-01,-2.393248e-01,-2.377936e-01
5.506414e+00,-6.674859e-01,1.663544e+00,-1.823582e-01,4.058074e-01,-3.266498e-01,7.664876e-02,1.131250e-02,2.201124e-01,-3.207128e-01,2.281488e-01
5.480795e+00,-1.063063e+00,1.534960e+00,4.418054e-01,8.462208e-01,-2.516630e-01,4.071715e-01,2.672731e-01,7.673786e-02,-3.065498e-01,1.887555e-01
5.684107e+00,-7.767366e-01,1.906162e+00,3.310306e-01,6.383137e-01,-4.113608e-01,3.291426e-01,1.846344e-01,3.601273e-01,1.179004e-01,1.171376e-01
5.002546e+00,-1.292944e+00,1.547069e+00,4.337797e-01,7.989849e-01,7.646361e-02,3.249288e-01,-3.955657e-02,3.562915e-01,-1.785430e-01,3.909409e-02
5.466388e+00,-1.023946e+00,1.380120e+00,2.572550e-01,6.566347e-01,-3.149009e-01,2.363175e-01,-8.601517e-03,-3.067513e-02,-1.972540e-01,2.235066e-01
5.332564e+00,-6.386536e-01,1.543321e+00,1.708424e-01,4.794952e-01,-5.682629e-01,-2.578516e-01,-5.917624e-02,3.968139e-01,-3.258631e-02,-3.274604e-01
5.377826e+00,-1.117271e+00,1.195302e+00,-2.996942e-02,6.168999e-01,-2.213789e-01,3.450585e-01,3.691363e-01,3.285549e-01,2.206162e-02,3.049834e-01
5.543814e+00,-9.681094e-01,1.607779e+00,3.982767e-01,9.009330e-01,-3.483087e-01,2.565783e-01,2.464020e-01,3.320707e-01,2.572467e-02,1.444803e-01
5.204429e+00,-1.229542e+00,1.542481e+00,3.528601e-01,5.366820e-01,-5.499702e-01,6.297701e-02,1.199491e-02,-3.007266e-01,-2.411235e-01,-2.155073e-02
5.546747e+00,-9.989918e-01,1.443766e+00,2.280587e-01,4.524140e-01,-1.775605e-01,6.065644e-01,1.390186e-01,3.339693e-01,-4.703237e-02,6.407102e-02
5.209622e+00,-1.209721e+00,1.276011e+00,-1.203819e-02,3.804473e-01,-6.616878e-01,7.174243e-02,-4.034136e-01,-1.454229e-02,-4.244943e-01,-3.016297e-01
4.976618e+00,-1.414640e+00,1.440388e+00,1.172994e-01,4.168269e-01,-5.506254e-01,-4.688583e-02,-1.484853e-01,2.481299e-01,-6.825970e-02,3.542279e-01
5.393502e+00,-1.045261e+00,1.596195e+00,1.989406e-01,9.002226e-01,5.001453e-02,2.865552e-01,1.064636e-02,3.411910e-01,-1.292300e-01,2.298099e-01
5.525787e+00,-6.654905e-01,1.681252e+00,2.274123e-01,7.767432e-01,-3.646108e-01,-1.434437e-01,3.279390e-01,2.554527e-01,-4.432922e-01,-1.180088e-02
5.098989e+00,-1.024088e+00,1.566145e+00,3.169719e-01,5.511616e-01,-3.519236e-01,5.138351e-01,6.820849e-01,6.648128e-01,1.752755e-01,3.999675e-01
4.983450e+00,-1.025167e+00,1.713911e+00,4.010326e-01,9.429951e-01,-8.950795e-03,2.708754e-01,-3.360622e-01,1.397955e-01,-9.683633e-02,-1.630519e-01
5.177032e+00,-1.218927e+00,1.755465e+00,8.870630e-02,1.291127e-01,-5.695426e-01,6.380643e-02,-9.617653e-02,6.787668e-02,-2.791608e-01,4.617296e-02
5.389064e+00,-1.050879e+00,1.524928e+00,6.001190e-01,2.760993e-01,-5.122875e-01,3.054441e-01,2.335120e-01,3.277016e-01,6.207585e-02,2.368376e-01
5.436323e+00,-6.580406e-01,1.705687e+00,5.595016e-01,1.079723e+00,-1.293499e-01,3.823297e-01,-1.128401e-01,5.458345e-02,-1.795491e-02,-2.849048e-01
5.539303e+00,-9.044036e-01,1.358963e+00,4.727292e-01,8.715555e-01,-4.203223e-01,2.019453e-01,1.361247e-01,3.736403e-01,-9.683218e-02,3.996815e-01
5.148171e+00,-1.048186e+00,1.636215e+00,6.538766e-01,9.426175e-01,-1.076357e-01,3.191731e-01,-1.513493e-02,5.559252e-01,-3.971772e-02,1.247629e-01
5.409957e+00,-1.081777e+00,1.184679e+00,8.285996e-02,4.399987e-01,-5.157187e-01,1.218329e-03,-7.979226e-02,-2.446072e-02,-2.334627e-01,-1.464377e-01
5.179780e+00,-1.439779e+00,1.452798e+00,1.045109e-01,2.644891e-01,-4.924485e-01,2.951406e-01,1.146579e-02,-1.681409e-02,-1.849713e-01,1.219902e-01
5.313759e+00,-1.040738e+00,2.031607e+00,5.989335e-01,6.102285e-01,-8.692710e-02,4.386506e-01,3.808059e-01,5.808511e-01,-6.785887e-02,6.593852e-02
5.512303e+00,-7.290112e-01,1.574018e+00,-2.431010e-02,5.593425e-01,-3.610940e-01,7.875717e-02,-2.419708e-02,2.268581e-01,-1.807089e-01,3.972756e-01
5.577365e+00,-8.936094e-01,1.616358e+00,6.094082e-01,6.971395e-01,-1.729684e-02,2.504510e-01,1.019910e-01,1.254166e-01,-3.632661e-01,1.332218e-01
5.101309e+00,-1.020827e+00,1.350462e+00,8.140745e-02,6.096778e-01,-4.327998e-01,-1.928204e-01,1.803221e-01,3.261431e-01,-3.123024e-01,-1.595291e-01
4.996567e+00,-1.568156e+00,9.972549e-01,-2.731690e-01,3.583587e-01,-3.726059e-01,-5.478736e-02,-2.509276e-01,-1.759732e-01,-4.969927e-01,2.731022e-02
5.452666e+00,-1.143723e+00,1.498331e+00,4.096391e-01,8.470084e-01,1.922710e-02,3.841297e-01,8.289604e-02,5.050745e-01,3.193459e-02,1.627204e-01
5.354002e+00,-1.002042e+00,1.606587e+00,2.528292e-01,3.885602e-01,-5.403695e-01,-1.874713e-01,-2.203730e-01,3.519073e-01,-4.293724e-02,2.925393e-01
5.587340e+00,-5.910652e-01,1.574889e+00,4.741718e-01,5.350655e-01,-4.651995e-01,3.736065e-01,1.419990e-01,1.629145e-02,-6.482657e-03,2.543672e-02
5.248669e+00,-1.083020e+00,1.561285e+00,2.960819e-01,4.908972e-01,-1.880850e-01,6.961568e-01,2.365221e-01,6.189914e-01,1.399670e-02,-4.884466e-02
5.167053e+00,-1.328349e+00,1.498821e+00,3.378895e-01,6.183172e-01,-6.137631e-01,1.822861e-01,-1.107240e-01,-7.132228e-04,-1.867745e-01,-4.232190e-02
5.307520e+00,-7.872225e-01,1.792786e+00,2.043383e-01,6.231955e-01,-1.550783e-01,1.926131e-01,-9.412203e-02,-9.157662e-02,-1.742941e-01,1.398552e-01
5.272634e+00,-6.984773e-01,1.537305e+00,3.402391e-01,7.099452e-01,-5.173842e-01,7.978707e-03,2.551635e-01,5.242466e-01,-1.476307e-01,1.163076e-01
5.446547e+00,-8.505779e-01,1.828710e+00,1.154637e-01,4.152115e-01,-4.095717e-01,2.365643e-01,9.333561e-02,3.312852e-01,9.360766e-02,2.528296e-01
5.276476e+00,-1.056821e+00,1.823557e+00,3.791739e-01,9.716945e-01,1.354947e-02,4.607431e-01,-5.928994e-03,3.328241e-01,2.568666e-02,1.281935e-01
4.982698e+00,-1.153427e+00,1.737548e+00,2.964284e-01,6.926139e-01,-3.401519e-01,-2.946856e-02,-3.259537e-01,-2.597289e-02,-2.376561e-01,3.985048e-01
5.142885e+00,-8.326564e-01,1.685177e+00,3.034927e-01,7.139258e-02,-8.955967e-01,-7.458268e-02,4.511350e-02,1.040773e-01,-8.365911e-02,-1.688618e-01
5.103975e+00,-9.405698e-01,1.700910e+00,4.879158e-02,6.436125e-01,-5.056211e-02,4.690447e-01,4.880195e-01,3.473708e-01,-7.232746e-02,-4.482428e-02
5.178920e+00,-1.117924e+00,1.456541e+00,1.551153e-01,7.704172e-01,-1.180300e-01,1.900606e-01,2.981800e-01,2.174018e-01,-2.181438e-01,3.774388e-01
5.581695e+00,-6.839159e-01,2.228873e+00,4.257102e-01,9.183111e-01,-4.445210e-01,2.276513e-01,-8.918372e-02,1.601664e-01,6.454235e-02,2.273096e-01
5.068733e+00,-1.361857e+00,1.263660e+00,2.623942e-01,4.349705e-01,-3.610542e-01,2.436022e-01,5.397204e-02,2.114357e-01,-2.313911e-02,9.821984e-02
5.579695e+00,-9.620862e-01,1.364489e+00,1.606655e-01,2.717325e-01,-4.929495e-01,3.872914e-01,1.713523e-02,6.610792e-02,-9.695320e-03,8.141549e-03
5.101186e+00,-9.411905e-01,1.686911e+00,5.462455e-01,9.005925e-01,9.479499e-02,1.856337e-01,-1.655838e-01,1.499364e-01,-2.465976e-01,-1.323537e-01
5.174566e+00,-1.517778e+00,1.288038e+00,5.261325e-02,7.503017e-01,-1.050598e-01,4.612318e-01,2.108942e-01,2.804726e-01,8.400660e-02,3.464504e-01
5.854963e+00,-6.638154e-01,1.832567e+00,4.170593e-01,7.855481e-01,-3.281863e-01,-3.310378e-02,2.381145e-01,1.248595e-01,-2.037490e-01,1.662269e-01
4.906884e+00,-7.205052e-01,1.700715e+00,-1.004000e-03,5.332003e-01,-3.026661e-01,3.331736e-01,4.220757e-01,7.007816e-02,-1.913597e-01,3.162141e-01
5.223908e+00,-1.228768e+00,1.249460e+00,1.335842e-01,2.937327e-01,-1.540881e-02,4.689887e-01,1.944999e-01,5.419794e-01,-1.214990e-01,4.174815e-01
5.168758e+00,-8.331173e-01,1.522992e+00,2.109022e-01,4.427729e-01,-1.452549e-02,1.981876e-01,-3.648904e-01,-3.070159e-01,-2.511778e-01,-4.523787e-02
5.069977e+00,-1.125999e+00,1.563284e+00,2.405928e-01,5.854188e-01,-3.066849e-01,-4.870821e-02,-2.203266e-02,6.523857e-01,8.561598e-02,3.009908e-01
5.500126e+00,-5.898834e-01,1.770601e+00,4.066975e-01,5.896132e-01,-1.614021e-01,4.988683e-01,-1.807232e-01,-1.191485e-01,-1.317695e-01,4.307578e-01
5.393958e+00,-8.872760e-01,1.631350e+00,4.530249e-01,5.597470e-01,-3.915775e-01,1.069192e-01,1.848654e-01,3.960629e-01,2.275828e-02,9.498981e-02
5.173206e+00,-9.474053e-01,1.353413e+00,-9.599986e-02,5.908666e-01,-1.315929e-01,2.577784e-01,3.161702e-01,5.472467e-01,3.587611e-01,4.469402e-01
5.407697e+00,-8.278503e-01,1.765555e+00,5.081500e-01,5.582857e-01,-4.061454e-01,-1.658128e-01,-3.468143e-01,3.373112e-02,-2.445304e-01,1.072887e-01
5.047199e+00,-7.601766e-01,1.832680e+00,2.417349e-01,1.249096e-01,-4.690523e-01,3.319790e-01,1.126608e-01,-2.145597e-03,-1.685807e-01,1.490090e-01
5.035185e+00,-1.091258e+00,1.540237e+00,3.896611e-01,4.914334e-01,-1.520748e-01,5.171280e-01,5.643953e-02,4.098990e-01,1.671614e-01,4.418047e-02
5.576488e+00,-7.082925e-01,1.771761e+00,2.938833e-01,5.093812e-01,-5.175991e-02,4.188133e-01,1.471845e-01,2.882077e-02,-1.253277e-01,3.922806e-01
5.163413e+00,-1.221441e+00,1.494876e+00,2.795944e-01,6.809874e-01,-3.975987e-01,4.702988e-02,-6.478456e-02,2.697259e-01,-1.215417e-01,3.405234e-01
5.486406e+00,-3.342154e-01,1.911196e+00,3.497208e-01,5.348667e-01,-3.297873e-01,-1.726439e-01,-4.394292e-02,2.157586e-01,1.586505e-01,3.030386e-01
5.050655e+00,-1.174241e+00,1.239488e+00,-1.275974e-01,4.238729e-01,-5.166999e-01,1.297538e-01,1.319398e-01,1.107856e-01,-4.432852e-01,1.741374e-02
4.810160e+00,-1.412330e+00,1.235410e+00,-7.338976e-02,2.696796e-01,-2.724164e-01,2.612858e-01,-3.851969e-02,8.939453e-02,-3.235545e-01,3.004942e-01
5.532317e+00,-6.007950e-01,2.089919e+00,5.493931e-01,6.194509e-01,-2.814753e-01,3.566366e-01,-1.166819e-01,2.679309e-01,1.647391e-01,2.524864e-01
5.185431e+00,-7.492165e-01,1.693673e+00,3.694455e-01,5.538977e-01,-1.792717e-02,3.661584e-01,1.902127e-01,-8.636216e-02,-2.801594e-01,-4.048952e-02
5.575300e+00,-9.336704e-01,1.569555e+00,2.842436e-01,6.712026e-01,-1.960377e-01,4.816895e-01,2.458241e-01,1.468037e-01,-4.588654e-02,1.702114e-01
4.972463e+00,-1.089258e+00,1.343708e+00,-1.610068e-01,1.239551e-01,-1.964183e-01,2.517295e-01,-2.433964e-01,1.642766e-01,-8.814546e-02,1.878138e-01
5.298782e+00,-1.112576e+00,1.287234e+00,1.823236e-01,8.788047e-01,-4.593159e-01,-1.005667e-01,-2.258442e-01,-1.148546e-01,-4.296541e-01,-2.684435e-02
5.530344e+00,-7.664717e-01,1.678616e+00,3.694124e-01,5.004849e-01,-2.598607e-01,1.079841e-01,9.619999e-02,2.902339e-01,1.949825e-01,5.480441e-01
5.200137e+00,-7.823670e-01,1.722600e+00,4.772790e-01,8.462037e-01,1.413284e-04,3.712422e-01,2.114526e-01,2.448478e-01,-1.607238e-01,-7.053411e-02
5.251037e+00,-8.487363e-01,1.701438e+00,3.943949e-01,8.663481e-01,3.230930e-01,5.856542e-01,9.066709e-02,-1.299594e-01,-2.003589e-01,-1.097338e-01
5.249334e+00,-1.156070e+00,1.673967e+00,1.551462e-01,5.713152e-01,-3.293137e-01,3.118713e-01,2.062095e-01,2.930487e-01,5.544657e-02,2.773591e-01
5.089138e+00,-9.002821e-01,1.809293e+00,5.136774e-03,3.607051e-01,-5.549811e-01,5.588109e-02,-3.563255e-01,-1.178528e-01,-2.612131e-01,4.157244e-02
5.335415e+00,-8.424910e-01,1.499601e+00,9.426683e-02,3.911795e-01,-2.786108e-01,-2.759925e-03,8.345675e-02,1.161306e-01,2.069948e-01,2.678963e-01
4.980528e+00,-1.038903e+00,1.656965e+00,6.460348e-01,1.102122e+00,1.512695e-01,5.097069e-01,3.145728e-01,2.075742e-01,-2.646448e-01,2.858455e-01
5.418903e+00,-7.613154e-01,1.792457e+00,2.498077e-01,6.631011e-01,-4.311480e-01,-1.122002e-01,4.054630e-02,4.496825e-01,-7.595624e-02,5.594864e-03
5.151871e+00,-8.594983e-01,1.510909e+00,2.867822e-01,7.425939e-01,-2.354960e-01,5.071204e-01,9.177706e-02,4.149409e-01,4.259126e-01,4.932833e-01
5.073221e+00,-1.281210e+00,1.671052e+00,3.211203e-01,3.542560e-01,-5.787956e-01,-6.581676e-02,-4.064844e-01,-1.723795e-01,-2.031872e-01,8.308075e-02
5.202277e+00,-9.595195e-01,1.618121e+00,5.009912e-02,1.482221e-01,-7.169472e-01,-1.948176e-01,-8.093497e-02,3.490683e-02,-1.356897e-02,5.377283e-02
5.192085e+00,-1.035549e+00,1.743403e+00,2.166554e-01,4.805302e-01,2.302148e-01,4.857380e-01,3.580092e-01,2.809960e-01,7.020321e-02,1.017561e-01
5.473744e+00,-6.814373e-01,1.248751e+00,1.272972e-01,4.975949e-01,-5.125279e-01,2.145034e-02,1.282589e-01,4.606993e-02,-4.982945e-01,1.953778e-01
5.339353e+00,-8.211083e-01,1.871885e+00,3.146005e-01,9.072701e-01,-1.759811e-01,1.790217e-01,5.546208e-02,2.989999e-01,1.954224e-01,6.558429e-01
5.110549e+00,-1.034630e+00,1.385899e+00,6.734741e-02,4.149708e-01,-1.988789e-01,3.532256e-01,1.360674e-01,2.242395e-01,-3.017150e-01,4.352896e-01
5.341955e+00,-1.017501e+00,1.542651e+00,5.111152e-03,2.500286e-01,-1.551544e-01,1.747071e-01,-6.068153e-02,1.103050e-01,-3.281228e-01,-1.494876e-01
5.210304e+00,-8.879058e-01,1.699102e+00,3.332522e-01,6.341388e-01,-3.136922e-01,2.133796e-01,-3.360425e-02,1.882047e-01,1.118884e-01,3.323362e-01
5.506279e+00,-9.204219e-01,1.711003e+00,3.573044e-01,5.738359e-01,-7.403828e-02,2.435480e-01,-1.497484e-01,-3.317527e-02,-1.732445e-01,3.087466e-01
5.504940e+00,-6.046226e-01,1.716708e+00,1.794190e-01,5.926587e-01,-6.054954e-02,4.171156e-01,4.194228e-02,2.611152e-01,-2.076421e-01,2.431237e-01
5.283022e+00,-7.287937e-01,1.674410e+00,2.832696e-01,5.341205e-01,-1.122687e-01,6.405775e-01,6.915968e-01,5.901027e-02,-2.539643e-01,5.011362e-02
5.155818e+00,-8.889687e-01,1.334771e+00,2.502949e-01,6.870642e-01,-5.087100e-02,2.936380e-01,5.846168e-02,-1.502015e-02,-5.673699e-01,1.137474e-02
4.976606e+00,-9.132396e-01,1.381048e+00,9.107589e-02,4.843232e-01,-1.986961e-01,-4.962611e-02,-4.721134e-01,-4.629081e-02,1.406133e-01,2.057645e-01
5.397548e+00,-9.805033e-01,1.681076e+00,3.970797e-01,3.510368e-01,-1.793883e-01,2.998787e-01,6.622200e-02,3.299157e-01,2.201379e-01,3.205232e-01
5.549750e+00,-7.665764e-01,1.724705e+00,3.634734e-01,5.957343e-01,-2.881855e-01,3.735179e-01,2.710780e-01,5.520275e-02,-1.350559e-01,5.236487e-02
5.452284e+00,-6.096429e-01,2.002434e+00,3.596380e-01,5.407248e-01,-2.110418e-01,1.099945e-01,-2.849562e-02,4.042257e-01,1.563654e-01,1.479721e-01
4.911537e+00,-1.065485e+00,1.320541e+00,1.215463e-01,7.107858e-01,-4.048502e-01,1.692141e-01,1.494064e-01,9.391958e-02,-3.174581e-02,2.360419e-01
4.969237e+00,-9.653800e-01,1.317556e+00,1.131080e-01,5.593897e-01,-2.698980e-01,-1.004614e-01,-1.094696e-01,1.141854e-01,-4.290069e-01,1.494433e-01
5.453798e+00,-5.169869e-01,1.928264e+00,1.392828e-03,4.815907e-01,-2.913509e-01,2.017562e-01,1.606354e-01,3.038941e-02,-1.065175e-01,2.599573e-01
4.977303e+00,-9.934768e-01,1.830235e+00,4.222424e-01,4.892017e-01,-2.952258e-01,1.254094e-01,-3.663410e-03,3.498605e-01,1.020899e-02,-1.210030e-02
6.016083e+00,-7.363447e-01,1.518958e+00,3.982861e-01,4.863844e-01,-4.208544e-01,4.308430e-01,-1.047923e-01,1.230450e-02,2.197828e-01,3.985540e-01
4.912500e+00,-1.316333e+00,1.324291e+00,2.683946e-01,6.457770e-01,-2.217759e-01,2.600247e-01,-7.787427e-02,-2.235442e-02,1.112029e-01,1.686186e-01
4.745092e+00,-7.528070e-01,1.862816e+00,4.397300e-01,7.189655e-01,-2.084085e-01,7.481337e-02,7.558541e-02,4.397647e-01,-6.879403e-02,-1.711419e-01
5.607476e+00,-9.044030e-01,1.461409e+00,2.816666e-01,5.613149e-01,-4.437351e-01,2.070533e-01,1.255456e-01,6.726234e-02,-2.854936e-01,-7.684091e-02
4.979468e+00,-1.115534e+00,1.078265e+00,-1.535334e-01,6.464300e-01,-2.442900e-01,3.556900e-01,2.499223e-01,2.072069e-01,-6.626276e-04,2.154985e-01
5.667705e+00,-7.196813e-01,1.753686e+00,2.315359e-01,5.138560e-01,-3.626857e-01,9.035391e-02,5.607312e-02,2.644669e-01,9.902898e-02,4.100268e-01
5.199757e+00,-9.555176e-01,1.856069e+00,5.855348e-01,6.485379e-01,-8.584241e-02,4.343930e-01,-1.094631e-01,-1.039578e-01,-5.505613e-01,7.411209e-02
5.305826e+00,-7.977603e-01,1.523075e+00,-2.892282e-02,6.560703e-01,-2.029436e-01,5.204799e-01,4.121338e-01,1.310284e-01,-7.015958e-02,2.157597e-01
5.475581e+00,-1.064557e+00,1.605075e+00,1.033837e-02,3.333598e-01,-2.716737e-01,9.509441e-02,-3.069157e-01,9.070471e-02,-2.489257e-01,3.581156e-02
4.988291e+00,-1.292019e+00,1.384345e+00,1.675598e-01,8.336771e-01,-2.729327e-01,2.906258e-01,-2.622821e-02,-8.326305e-02,-1.808404e-01,5.876485e-01
5.004727e+00,-8.099393e-01,1.496364e+00,-8.431994e-02,6.634135e-01,-1.686632e-01,2.262428e-01,1.511744e-01,6.282901e-01,1.354473e-01,5.296968e-01
5.670043e+00,-2.870220e-01,1.719773e+00,4.347245e-01,6.316089e-01,-4.385522e-01,3.242915e-01,4.190839e-01,2.971612e-01,-4.175074e-01,-1.217699e-02
5.093459e+00,-1.174649e+00,1.367010e+00,1.631643e-02,5.455278e-01,-1.084761e-01,5.959080e-01,2.300502e-01,3.957460e-01,-1.263794e-01,3.149463e-01
5.496333e+00,-8.241723e-01,1.759217e+00,2.747446e-01,5.299994e-01,-3.544615e-01,1.954032e-01,-1.247521e-01,1.896926e-02,7.475385e-02,2.403302e-01
5.279046e+00,-1.047429e+00,1.660891e+00,4.001514e-01,1.863990e-01,-3.661101e-01,2.085363e-01,-4.412135e-02,-1.286742e-01,1.605554e-02,5.507067e-02
4.922407e+00,-1.289942e+00,1.472837e+00,3.216427e-03,3.019388e-01,-2.660338e-01,3.316563e-01,3.846175e-01,2.629579e-01,4.945168e-03,-2.206070e-02
5.537727e+00,-4.900244e-01,1.655437e+00,6.506189e-01,8.580951e-01,4.027614e-02,2.091049e-01,-9.481983e-02,1.765192e-01,-1.716353e-01,2.011528e-01
5.509812e+00,-8.503943e-01,1.358405e+00,1.658508e-01,7.446887e-01,-4.678950e-01,-1.051854e-01,1.098475e-01,3.336336e-01,1.117913e-01,3.775848e-01
5.405311e+00,-8.056878e-01,1.499380e+00,2.591921e-01,6.545730e-01,-5.754816e-02,5.761363e-03,2.643029e-01,4.739938e-01,8.662304e-02,4.774979e-01
5.105928e+00,-1.242930e+00,1.524581e+00,1.079998e-01,-8.199706e-02,-4.837806e-01,-2.217236e-01,-2.169393e-01,5.583398e-02,-3.170984e-01,-3.561259e-01
4.905425e+00,-1.080826e+00,1.302745e+00,1.964962e-01,3.601507e-01,-5.082073e-01,-5.604388e-02,2.052663e-01,8.756566e-02,-1.673611e-01,1.906709e-01
5.296599e+00,-8.903063e-01,1.800768e+00,3.570843e-01,8.927590e-01,2.198969e-01,5.743711e-01,1.613087e-01,-1.511669e-02,-4.316491e-01,-8.340867e-02
5.719709e+00,-9.124268e-01,1.562401e+00,5.913546e-02,3.710064e-01,-4.318513e-01,1.874334e-01,6.200829e-02,2.976895e-01,-3.223487e-01,5.684716e-01
5.320189e+00,-5.931369e-01,1.931762e+00,2.341425e-01,7.958678e-01,-2.102435e-01,6.499850e-02,1.255296e-01,3.850703e-01,-1.485435e-01,2.257484e-01
5.704749e+00,-7.581562e-01,9.915069e-01,3.145319e-01,7.925707e-01,-6.229625e-01,6.516325e-02,2.573877e-01,-1.275278e-01,-2.747465e-01,2.513647e-01
5.088404e+00,-1.309104e+00,1.242777e+00,-1.315728e-01,3.070725e-01,-3.125703e-01,2.614993e-01,-3.681753e-01,8.427273e-03,-2.787859e-01,-4.936094e-02
5.098285e+00,-9.062843e-01,1.500184e+00,4.017568e-01,8.688510e-01,-1.121510e-01,3.449388e-01,1.243798e-01,4.783774e-01,-1.703512e-01,-1.223854e-01
5.596335e+00,-7.694782e-01,1.627352e+00,2.697129e-01,6.038935e-01,-3.288436e-01,3.363098e-01,-2.759292e-02,3.101986e-02,4.388211e-02,2.621372e-01
5.168423e+00,-8.376324e-01,1.697662e+00,3.002354e-01,7.256819e-01,-1.334214e-01,1.834240e-01,9.750592e-02,1.360963e-01,-2.305831e-01,-7.793419e-02
5.644524e+00,-7.369661e-01,1.673429e+00,-1.846855e-02,3.842704e-01,-2.237657e-01,4.149014e-01,4.157685e-01,9.085729e-02,-1.275813e-01,3.885545e-01
4.789330e+00,-1.534178e+00,8.451522e-01,-2.606393e-01,2.390788e-01,-6.553243e-01,-1.619165e-01,-1.898746e-01,-2.040691e-01,-3.829407e-01,7.786937e-02
4.822924e+00,-6.402446e-01,1.728602e+00,2.741756e-01,8.162802e-01,-1.771906e-01,-6.054394e-02,-4.589432e-02,2.304209e-02,-4.056467e-01,-1.779592e-01
5.319853e+00,-1.068785e+00,1.749831e+00,2.834279e-01,7.491899e-01,4.135009e-02,3.526050e-01,3.243985e-01,3.724088e-01,-1.182010e-02,-6.945469e-02
5.406901e+00,-1.002202e+00,1.497124e+00,-1.266376e-03,7.317773e-01,-6.176835e-02,4.488091e-01,6.468463e-02,1.144918e-01,-3.731079e-01,2.105879e-01
5.620478e+00,-8.375659e-01,1.895925e+00,3.736862e-01,7.140024e-01,-3.584467e-01,2.182552e-01,2.039807e-01,4.515598e-01,6.788142e-02,1.679766e-01
4.796222e+00,-1.183061e+00,1.401170e+00,2.635696e-01,3.030053e-01,-6.271469e-01,-9.155641e-02,5.452751e-02,-5.486761e-02,-1.171594e-01,4.028258e-01
5.049947e+00,-9.421374e-01,1.406968e+00,-8.683307e-02,5.030821e-01,-3.486868e-01,7.399317e-03,-2.465042e-01,7.291356e-02,-3.867385e-01,-3.486056e-01
5.576241e+00,-6.400210e-01,1.202504e+00,2.542572e-01,5.640935e-01,-4.873522e-01,4.760326e-01,5.724198e-01,1.761924e-01,1.125843e-01,3.732158e-01
5.235949e+00,-1.124447e+00,1.758331e+00,5.074979e-01,8.684043e-01,-3.718752e-01,2.483280e-01,7.976886e-02,3.095349e-01,-6.011781e-02,2.210824e-02
5.703062e+00,-5.372599e-01,1.762935e+00,4.083281e-01,6.332987e-01,1.436920e-01,2.430168e-01,-8.181928e-02,2.954432e-01,-2.537644e-01,1.229330e-01
5.135475e+00,-1.042057e+00,1.218371e+00,3.143175e-01,7.883188e-01,-2.884114e-01,2.217314e-01,1.300568e-01,3.842731e-01,1.246967e-01,2.444424e-01
5.260538e+00,-8.286626e-01,1.464918e+00,1.682458e-01,3.119420e-01,-5.530621e-01,2.852094e-02,6.688921e-02,1.384082e-01,-8.652998e-02,2.007130e-02
5.533002e+00,-9.521226e-01,1.292684e+00,1.698717e-01,5.478279e-01,-2.143221e-01,4.062119e-02,-8.865652e-02,2.634396e-01,-2.000453e-01,2.549272e-02
5.068661e+00,-1.048991e+00,1.548363e+00,-9.885702e-02,5.286387e-01,-1.795526e-02,5.830417e-01,3.070895e-01,4.940073e-01,1.700724e-01,6.160404e-01
5.572565e+00,-7.464284e-01,1.616265e+00,5.268719e-01,8.751022e-01,-3.054895e-01,-4.707166e-02,3.890154e-01,2.203756e-01,-3.282848e-01,7.395420e-02
4.993495e+00,-8.088862e-01,1.565317e+00,3.472337e-01,7.976560e-01,4.636740e-01,6.015539e-01,2.937552e-01,1.100844e-02,-5.378798e-01,2.252987e-01
5.094334e+00,-1.084106e+00,9.776536e-01,-1.575061e-01,3.555442e-01,-4.580464e-01,-1.505442e-01,1.546160e-01,1.912797e-01,-1.158342e-01,2.583118e-01
5.497205e+00,-8.681445e-01,1.380209e+00,-3.575676e-02,1.470661e-01,-4.635450e-01,1.849158e-01,-3.591782e-01,-7.880046e-02,-4.303846e-01,-6.103806e-02
5.575334e+00,-1.090625e+00,1.225575e+00,3.974708e-01,6.865880e-01,-2.510435e-01,3.909293e-01,1.365942e-02,3.149301e-01,1.315297e-01,2.209421e-01
5.046090e+00,-9.068505e-01,1.779454e+00,2.416344e-01,6.656461e-01,-9.922334e-02,2.651593e-01,-1.405148e-01,1.428939e-03,-8.498714e-02,3.539893e-02
5.394202e+00,-9.344241e-01,1.441601e+00,7.003621e-01,1.000015e+00,-1.757106e-01,3.538038e-01,4.516206e-01,2.472504e-01,-5.041711e-01,3.382317e-02
5.178477e+00,-1.026916e+00,1.102185e+00,-1.918484e-01,2.873524e-01,-3.717472e-01,1.471267e-01,3.727235e-01,3.302521e-01,-8.065576e-02,3.288759e-01
5.457336e+00,-7.506361e-01,1.759620e+00,3.961818e-01,7.867148e-01,-4.490795e-01,-2.314049e-01,-9.622529e-02,3.010190e-01,-2.366050e-01,-1.803906e-01
5.301850e+00,-7.808405e-01,1.591295e+00,3.673026e-01,2.846062e-01,-3.424618e-01,3.711627e-01,1.153010e-01,6.293135e-02,-3.895924e-01,2.865837e-01
5.248405e+00,-1.269731e+00,1.290837e+00,4.248014e-02,4.165884e-01,-3.847893e-01,2.453806e-01,8.527822e-02,1.974939e-01,2.844854e-02,1.654370e-01
5.370207e+00,-5.545991e-01,1.919409e+00,4.099373e-01,7.713605e-01,-1.665430e-01,1.901572e-01,1.974651e-01,3.451032e-01,-1.334110e-01,-1.364903e-01
5.451479e+00,-9.670593e-01,1.638176e+00,4.200342e-01,6.199424e-01,-2.324456e-01,-5.516901e-02,1.613544e-01,4.692789e-01,-2.073001e-01,3.371998e-01
5.092316e+00,-7.046218e-01,1.526200e+00,4.773034e-01,1.073444e+00,-1.001062e-01,7.213681e-02,9.214304e-02,-7.898784e-02,-3.076989e-01,1.835678e-01
5.249261e+00,-1.150124e+00,1.268076e+00,7.310622e-02,3.820548e-01,-5.711008e-01,1.117230e-01,4.279780e-02,3.557364e-01,-3.087883e-01,-2.079448e-01
5.350904e+00,-7.790752e-01,1.734947e+00,2.296748e-01,1.857900e-01,-6.524690e-01,2.409733e-01,3.133103e-01,3.547262e-01,-1.070437e-01,1.282224e-01
5.437677e+00,-6.929528e-01,1.495496e+00,5.192377e-01,8.892318e-01,-2.154603e-02,3.437658e-01,6.009432e-02,1.194974e-02,-2.525803e-01,-1.577453e-01
5.649665e+00,-4.765372e-01,1.600400e+00,3.478325e-01,6.423906e-01,-1.756290e-01,2.776526e-01,1.028446e-01,5.899568e-02,4.765822e-02,1.482620e-01
4.877622e+00,-1.259945e+00,1.649111e+00,3.460970e-01,8.989118e-01,3.106904e-02,3.679565e-01,4.895371e-01,4.743412e-01,8.250201e-03,-2.038289e-01
4.971796e+00,-1.009669e+00,1.241968e+00,-3.195661e-02,6.703672e-01,-2.165126e-01,3.723113e-01,3.196751e-01,6.357824e-02,-2.533122e-01,3.547032e-02
5.522259e+00,-1.010813e+00,1.570434e+00,3.228884e-01,6.184177e-01,-2.555871e-01,-1.368491e-01,-1.151834e-01,9.660280e-02,-3.143886e-01,-5.968067e-03
5.327005e+00,-9.517707e-01,1.197007e+00,2.360813e-01,6.829117e-01,-1.778018e-01,1.941524e-01,2.889118e-01,3.117151e-01,1.359465e-01,2.255777e-01
5.775820e+00,-7.027520e-01,1.468311e+00,3.541829e-01,8.201034e-01,-2.592847e-01,2.870986e-02,2.474805e-01,3.293937e-01,-1.419769e-01,6.260379e-02
5.091926e+00,-7.583759e-01,1.646140e+00,1.792089e-01,4.645824e-01,-3.637226e-01,2.018046e-01,7.747256e-02,1.010392e-01,-3.466405e-01,2.175025e-01
5.267497e+00,-1.230146e+00,1.450579e+00,2.041744e-01,8.440942e-01,-8.906646e-02,5.058904e-01,4.271278e-01,3.477140e-01,-1.922436e-01,-7.218519e-02
5.412256e+00,-1.066212e+00,1.473528e+00,6.109138e-02,4.822592e-01,-1.415428e-01,7.137467e-02,-5.342035e-02,-2.904947e-01,-4.959494e-01,-1.151279e-02
4.943410e+00,-1.511278e+00,1.245941e+00,9.801385e-02,3.876773e-01,-5.864651e-01,1.535322e-02,3.417528e-01,5.266340e-01,2.878206e-01,4.245216e-01
5.436213e+00,-6.287999e-01,1.603732e+00,5.295984e-01,6.018808e-01,-3.288853e-01,2.175798e-01,2.699181e-01,4.365761e-01,-5.354925e-02,-8.030392e-02
5.659069e+00,-9.357495e-01,1.400635e+00,-2.228860e-02,5.595073e-01,-5.551412e-01,8.645542e-02,-1.776469e-01,2.909056e-01,-6.995641e-02,-1.427547e-02
5.204227e+00,-1.120681e+00,1.345936e+00,6.305617e-01,9.077431e-01,-2.123504e-01,3.252898e-01,5.697280e-01,7.744686e-01,5.300346e-02,1.621195e-01
5.135859e+00,-1.043445e+00,1.567875e+00,5.640111e-01,9.042946e-01,-2.244682e-01,-8.910803e-02,-3.707819e-02,-1.311617e-01,-4.639079e-01,-1.875233e-01
4.922875e+00,-1.278446e+00,1.432456e+00,-9.218775e-02,-1.191116e-01,-4.889761e-01,-1.012362e-01,4.998292e-02,2.838549e-01,-2.136311e-01,1.008563e-01
5.293949e+00,-1.047483e+00,1.657832e+00,2.810331e-01,6.474813e-01,-2.401418e-01,3.178293e-01,3.709341e-01,4.149491e-01,-1.421554e-01,8.836558e-02
5.583228e+00,-6.024781e-01,1.821620e+00,2.245299e-01,5.677060e-01,-3.641545e-01,6.383902e-02,7.776495e-02,2.547320e-01,-1.686309e-01,2.614365e-01
5.202831e+00,-1.053310e+00,1.348960e+00,4.677308e-01,8.445559e-01,-1.009761e-01,4.028606e-01,1.748735e-01,2.558627e-01,1.626684e-01,3.158747e-01
5.283767e+00,-7.241013e-01,1.469214e+00,6.233195e-01,9.195905e-01,-3.158487e-01,-6.434533e-02,4.435947e-01,4.293444e-01,-5.577762e-01,-9.928365e-02
5.324230e+00,-1.008611e+00,1.332866e+00,-1.172769e-01,1.830092e-01,-6.616856e-01,-2.018477e-01,7.479743e-02,3.493152e-01,-2.748640e-01,-6.365152e-02
5.235232e+00,-1.283691e+00,1.192848e+00,3.414076e-01,6.962073e-01,-4.353613e-02,3.522205e-01,-2.223280e-01,1.294308e-01,-4.569182e-01,-6.927045e-02
5.414050e+00,-9.786868e-01,1.767237e+00,6.072974e-01,9.133284e-01,-1.497074e-01,3.996118e-01,9.035405e-02,1.139440e-01,-9.298725e-02,3.988788e-02
5.216795e+00,-6.577866e-01,1.593560e+00,3.676256e-01,3.031050e-01,-4.355938e-01,3.070675e-01,2.344805e-01,2.362539e-01,9.799823e-02,1.873832e-01
5.558770e+00,-6.813769e-01,1.454919e+00,3.449416e-01,6.736072e-01,2.191089e-02,4.428918e-01,1.901838e-01,1.902838e-01,-3.070111e-01,-7.955614e-02
5.258405e+00,-1.109880e+00,1.080233e+00,-1.706984e-01,3.304801e-01,-5.079213e-01,-1.923274e-01,5.707570e-02,-6.513800e-02,-1.770353e-01,-7.979125e-02
4.734339e+00,-1.564149e+00,9.208166e-01,1.395182e-01,6.975684e-01,-2.853772e-01,-2.170594e-01,-1.947763e-01,-1.172706e-01,-6.579333e-01,-3.375361e-01
5.272957e+00,-9.586097e-01,1.409036e+00,4.862363e-01,9.028162e-01,3.127484e-01,3.847472e-01,2.810024e-01,6.273733e-01,-1.509074e-01,-2.809454e-02
5.211079e+00,-8.781906e-01,1.841574e+00,4.080131e-01,1.984227e-01,-6.604102e-01,-1.123947e-02,3.186530e-01,3.759627e-01,5.192776e-02,1.317154e-02
5.731865e+00,-8.897418e-01,1.602664e+00,5.897123e-01,8.144084e-01,-3.180667e-01,1.775160e-01,6.891216e-02,4.485847e-02,-1.812557e-01,1.258705e-01
5.327340e+00,-1.116257e+00,1.153913e+00,-1.428590e-01,6.301853e-01,-9.460851e-02,6.883345e-02,2.340835e-01,2.711656e-01,-5.937994e-03,2.194637e-01
4.716279e+00,-1.318676e+00,1.497057e+00,1.862093e-01,2.050632e-01,-8.694131e-01,-3.463618e-02,1.147543e-01,8.644785e-02,-9.858616e-02,-2.204826e-01
5.375297e+00,-7.012658e-01,1.656208e+00,4.450626e-01,5.859330e-01,-1.310815e-01,2.734253e-01,2.263781e-01,2.017167e-01,-3.667735e-01,-3.173729e-02
5.372997e+00,-8.699068e-01,1.431288e+00,2.150061e-01,8.056405e-01,-2.385961e-01,1.227946e-01,2.641499e-02,1.723287e-01,-1.603729e-01,1.608300e-01
5.568969e+00,-6.333180e-01,1.483275e+00,5.657731e-01,3.996697e-01,-5.573525e-01,1.615707e-01,8.570484e-02,2.930677e-01,7.804182e-02,8.015807e-02
5.313665e+00,-1.043289e+00,1.307148e+00,6.703114e-01,6.861828e-01,-4.323579e-01,3.167643e-01,4.140037e-01,7.379271e-01,3.135424e-01,3.995790e-02
4.804546e+00,-1.005998e+00,1.414687e+00,9.488837e-02,3.930992e-01,-5.837692e-01,-2.303689e-02,-2.633336e-01,-7.170087e-02,8.693098e-02,1.616048e-01
5.308820e+00,-1.111041e+00,1.620097e+00,3.191488e-01,6.031524e-01,-5.296657e-01,-4.042468e-02,6.511273e-02,4.469708e-02,-3.140391e-01,-2.458827e-01
4.964281e+00,-1.019267e+00,1.594211e+00,3.302430e-01,5.711904e-01,1.644642e-01,3.851186e-01,3.537562e-01,4.865318e-01,-7.576763e-03,1.642025e-01
5.378532e+00,-8.875501e-01,1.513608e+00,2.146894e-02,4.524446e-01,-3.325448e-01,8.979862e-02,3.180835e-01,1.963557e-01,-1.358908e-01,1.137554e-02
5.278514e+00,-6.842497e-01,1.851138e+00,5.536785e-01,1.025816e+00,1.765970e-02,1.729894e-01,2.245615e-01,1.742188e-01,-3.478901e-01,3.699052e-03
5.068475e+00,-1.313869e+00,1.258451e+00,-6.350376e-02,2.821424e-01,-4.914040e-01,9.241413e-02,1.023536e-01,3.747991e-01,-7.342948e-03,2.536379e-01
5.589484e+00,-1.022554e+00,1.376375e+00,5.407622e-02,4.823925e-01,-4.969107e-01,3.260434e-01,-5.613679e-02,-1.196368e-01,-3.306794e-01,1.695427e-02
4.856722e+00,-1.462392e+00,1.339739e+00,4.304954e-01,7.345593e-01,1.262914e-01,1.329146e-01,5.360505e-01,5.729158e-01,1.516545e-01,2.913478e-01
4.806215e+00,-1.103851e+00,1.365911e+00,2.570953e-01,3.615791e-01,-1.597891e-01,2.454142e-01,1.654101e-01,3.808317e-01,2.141347e-01,3.363690e-01
5.788135e+00,-8.011143e-01,1.728448e+00,4.455513e-01,1.001590e+00,3.309742e-02,4.035376e-01,8.685182e-02,6.565217e-02,-2.732736e-01,-3.254482e-01
5.444220e+00,-7.159021e-01,1.169266e+00,1.960606e-01,5.543910e-01,-3.057792e-01,2.718241e-01,3.087356e-01,1.416520e-01,-2.098363e-01,1.600593e-01
5.689780e+00,-9.955955e-01,1.384274e+00,3.322343e-01,5.145974e-01,-4.387109e-01,2.620271e-01,1.802762e-01,2.565235e-01,-2.654579e-01,5.261052e-02
5.170823e+00,-9.788457e-01,1.317863e+00,2.887697e-01,6.212394e-01,-1.798306e-01,2.311022e-01,-8.353377e-02,-8.853094e-02,-2.327738e-01,1.543119e-02
5.295623e+00,-1.045537e+00,1.534483e+00,3.713002e-01,3.031821e-01,-5.142427e-01,-1.251549e-02,1.550709e-01,6.817727e-01,2.037305e-01,2.998099e-01
5.475356e+00,-8.394817e-01,1.904469e+00,6.001814e-01,9.175217e-01,2.118411e-02,2.751452e-01,1.876541e-01,-1.290151e-02,-4.881702e-01,3.709430e-02
5.229844e+00,-1.048048e+00,1.580136e+00,3.473153e-01,9.253257e-01,9.075140e-02,3.409673e-02,6.947722e-02,4.480262e-01,-9.076074e-02,-1.155721e-01
5.056044e+00,-9.431032e-01,1.484123e+00,3.766469e-01,4.398885e-01,-4.444779e-01,2.562185e-01,4.411679e-01,7.803902e-01,1.732211e-01,5.081163e-01
5.415473e+00,-1.018110e+00,1.497001e+00,2.528008e-01,6.653257e-01,-6.515386e-01,-2.684385e-01,-9.931622e-02,1.455899e-01,-3.895018e-01,3.493031e-02
5.348344e+00,-6.624133e-01,1.643289e+00,1.230612e-02,4.524077e-01,-4.028939e-01,1.480934e-01,-8.360507e-02,1.720058e-01,-2.509664e-01,3.559771e-01
5.168518e+00,-1.100482e+00,1.746365e+00,7.632608e-01,6.988579e-01,-6.840412e-02,2.788529e-01,3.328849e-01,7.111222e-02,-2.008311e-01,-2.897610e-01
5.448744e+00,-6.721453e-01,1.759604e+00,1.725299e-01,5.396475e-01,-1.280047e-02,3.624415e-01,2.268482e-01,1.163680e-01,2.330797e-01,2.341221e-01
5.213954e+00,-1.434984e+00,1.353112e+00,2.263751e-01,5.423642e-01,-4.305418e-01,2.481365e-01,6.561127e-02,2.090716e-01,7.633837e-02,1.355012e-01
5.331312e+00,-6.121506e-01,1.740787e+00,5.628838e-01,3.802459e-01,-5.057122e-01,1.333924e-01,-1.116900e-01,4.321907e-02,-1.380608e-01,1.005472e-01
5.380737e+00,-6.814662e-01,1.255157e+00,1.394200e-01,6.911963e-01,-7.217036e-01,-1.532323e-01,7.350697e-02,3.101840e-01,-1.293623e-02,-1.545088e-01
5.000468e+00,-1.256686e+00,1.101077e+00,1.248071e-01,3.889957e-01,-5.976006e-02,4.226202e-01,3.388860e-01,2.516394e-01,-1.301782e-01,1.317879e-01
5.480052e+00,-9.131981e-01,1.757351e+00,4.366460e-01,8.577342e-01,-1.622654e-01,1.968561e-01,1.124202e-01,3.204075e-01,-2.880254e-02,3.233569e-02
5.268884e+00,-8.790371e-01,1.759926e+00,2.580695e-01,4.765177e-01,-3.506555e-02,1.823126e-01,-1.514819e-01,-1.438670e-01,-1.623372e-01,1.256569e-01
5.527722e+00,-8.765512e-01,1.583043e+00,2.328077e-01,4.886792e-01,-3.864687e-01,4.615841e-01,4.457805e-01,1.964318e-01,-2.459730e-01,2.403635e-01
4.859401e+00,-1.188297e+00,1.357819e+00,-1.768549e-01,3.804133e-01,-3.416644e-01,-9.247813e-02,-5.961119e-02,1.319730e-01,-2.945786e-01,-2.307707e-01
5.002194e+00,-1.161614e+00,1.175147e+00,2.820703e-01,6.217512e-01,-2.064456e-01,-1.998728e-01,-1.051744e-01,-1.472550e-01,-1.297296e-01,9.214169e-02
5.659960e+00,-8.068678e-01,1.542743e+00,4.910703e-01,5.524515e-01,-1.738120e-01,1.727364e-01,2.232589e-01,1.282597e-01,-1.813455e-01,3.655339e-01
5.449865e+00,-5.880358e-01,1.727558e+00,4.825921e-01,7.900827e-01,-4.042046e-01,-3.488782e-02,3.094845e-01,4.848073e-01,-1.606759e-01,-2.418856e-01
5.411126e+00,-8.639543e-01,1.468609e+00,2.802141e-01,5.541625e-01,3.567836e-02,6.347420e-01,1.486437e-01,3.709729e-01,8.378015e-02,6.950777e-02
4.786016e+00,-1.180966e+00,1.101821e+00,3.849826e-01,7.956790e-01,-4.897246e-02,5.524524e-01,1.503053e-01,1.760713e-01,-2.404070e-02,1.356461e-01
5.058141e+00,-7.727259e-01,1.801255e+00,3.572542e-01,2.765959e-01,-4.306554e-01,-6.613021e-02,-6.283840e-02,-3.538687e-01,-6.999165e-02,-1.484919e-01
5.259016e+00,-9.012558e-01,1.676097e+00,1.773071e-01,2.028355e-01,-4.528436e-01,2.312639e-01,2.170689e-01,4.795177e-01,1.920468e-01,1.354279e-01
5.463539e+00,-8.114688e-01,1.620365e+00,5.690689e-01,9.702388e-01,-6.060096e-02,3.937251e-01,1.466754e-01,4.758984e-02,-1.159747e-01,1.746724e-01
5.464185e+00,-8.539616e-01,1.524239e+00,5.110824e-01,7.683001e-01,-5.406829e-01,-8.102611e-02,1.896860e-01,4.120299e-01,-5.917351e-02,1.730557e-01
5.060551e+00,-9.093788e-01,1.616313e+00,4.515786e-01,8.330874e-01,1.805849e-01,2.566348e-01,2.929643e-01,4.381264e-01,2.114527e-02,2.112751e-01
4.996784e+00,-1.152426e+00,1.466795e+00,3.689292e-01,4.639643e-01,-4.560124e-01,-2.343434e-01,-2.215187e-01,9.097109e-02,-4.593356e-01,-4.042656e-01
5.100580e+00,-1.112062e+00,1.503709e+00,9.323706e-02,1.924197e-01,-6.872887e-01,3.703203e-02,1.528954e-01,9.662064e-02,6.723797e-02,3.088554e-01
5.172394e+00,-1.013189e+00,1.677737e+00,3.413090e-01,6.234078e-01,3.262142e-01,4.320681e-01,1.617222e-01,5.445285e-01,1.251772e-01,1.553730e-01
5.477866e+00,-8.905685e-01,1.400479e+00,-2.312124e-02,3.202853e-01,-4.708685e-01,1.162728e-01,5.380409e-02,-9.882860e-02,-1.824935e-01,3.014297e-01
5.097231e+00,-7.826801e-01,1.739567e+00,9.146151e-01,6.587651e-01,-1.989248e-01,2.031199e-01,4.396461e-01,1.067117e-01,-2.862649e-01,1.280403e-01
5.451983e+00,-9.572680e-01,1.343275e+00,1.248701e-01,8.245048e-01,-1.700815e-01,-6.011770e-02,-1.307159e-02,2.480779e-01,-4.317704e-01,-8.239056e-02
5.136137e+00,-1.283234e+00,9.779446e-01,7.317408e-02,1.805823e-01,-3.267256e-01,-1.970166e-02,-1.585642e-01,-1.092806e-02,-2.709460e-01,-1.392698e-01
5.243646e+00,-8.621113e-01,1.469540e+00,5.375991e-01,5.624960e-01,-1.951115e-01,4.016104e-01,1.753941e-01,3.494801e-01,2.044642e-01,6.267892e-02
5.400352e+00,-7.238855e-01,1.460517e+00,4.587676e-01,3.788653e-01,-2.534943e-01,-9.782747e-02,-2.242898e-01,1.608901e-01,3.721767e-03,9.515085e-02
5.241313e+00,-9.115719e-01,1.882730e+00,3.400404e-01,5.878434e-01,-1.248322e-01,3.051668e-01,2.286423e-01,7.927605e-02,-9.595234e-02,3.931104e-03
5.195919e+00,-8.292383e-01,1.545372e+00,2.964095e-01,6.442671e-01,-4.051457e-02,3.984549e-01,5.306845e-01,4.131971e-01,-1.933030e-01,1.832462e-01
5.361896e+00,-9.703778e-01,1.184121e+00,1.254541e-01,6.090417e-01,-4.071367e-01,4.361998e-02,1.743793e-01,-1.360986e-01,-3.748900e-01,1.155550e-01
5.107615e+00,-7.930316e-01,1.664774e+00,3.957323e-01,4.379382e-01,-3.137174e-01,-8.419346e-02,5.437414e-02,-1.274967e-01,-2.125021e-01,1.353354e-01
5.170908e+00,-6.755466e-01,1.871661e+00,4.542616e-01,4.463411e-01,-2.346549e-01,7.440417e-02,4.090784e-02,6.599295e-01,6.271977e-02,-1.217515e-01
5.503444e+00,-9.057763e-01,1.380132e+00,2.977532e-01,7.697887e-01,-2.192481e-01,3.256203e-01,9.264888e-02,2.840749e-01,-1.015348e-01,3.300514e-01
5.418430e+00,-7.364701e-01,1.761569e+00,2.161472e-01,8.029109e-01,-4.440336e-02,4.009465e-01,-2.824743e-03,1.962084e-01,9.631784e-02,7.721970e-02
4.968211e+00,-1.003625e+00,1.625260e+00,5.086827e-01,4.453684e-01,-5.354503e-01,-2.205399e-01,-1.247110e-01,1.956076e-01,-5.375541e-02,3.636221e-01
4.909374e+00,-9.932901e-01,1.465322e+00,4.937283e-02,2.350823e-01,-7.848510e-01,-6.209656e-02,-1.448562e-01,-4.480548e-02,-1.024622e-01,7.514629e-03
5.342084e+00,-5.877927e-01,1.391615e+00,2.890107e-01,7.786106e-01,-2.882323e-01,3.738125e-01,3.500329e-01,2.476345e-01,-2.425847e-01,1.027926e-01
5.018588e+00,-1.023363e+00,1.655994e+00,5.522838e-01,6.802035e-01,6.016835e-02,2.929579e-01,-9.624695e-02,1.023469e-01,-1.625877e-01,-1.300907e-03
5.531047e+00,-4.214188e-01,2.032810e+00,4.325084e-01,4.292202e-01,-3.622220e-01,5.131715e-02,4.011764e-02,2.788917e-01,2.106515e-01,1.225551e-02
4.868436e+00,-1.485406e+00,1.289519e+00,4.436857e-03,4.417580e-01,-4.380422e-01,-2.252513e-03,3.532401e-02,1.948889e-01,1.589835e-01,2.468472e-01
5.034014e+00,-1.213400e+00,1.507728e+00,2.478771e-01,3.079757e-01,-2.961853e-01,-2.005822e-02,1.482713e-01,1.819307e-01,1.100891e-01,1.638785e-01
5.263441e+00,-9.484465e-01,1.631141e+00,4.672180e-01,7.819281e-01,-6.189392e-02,1.575679e-01,7.141039e-02,-1.060766e-01,-2.252817e-01,-7.552793e-02
4.934049e+00,-1.256068e+00,1.026432e+00,2.765984e-01,9.317049e-01,1.210631e-02,3.909694e-01,2.477444e-01,1.465959e-01,-2.217011e-01,3.102274e-03
5.735563e+00,-4.710976e-01,1.765361e+00,4.320694e-01,4.534720e-01,-4.302653e-01,-7.242870e-02,5.238290e-02,3.637170e-01,1.068434e-01,1.646939e-01
4.935730e+00,-9.279875e-01,1.825871e+00,3.141658e-01,4.288793e-01,-2.531004e-02,2.814876e-01,-1.864872e-02,-2.379262e-02,-1.985396e-01,1.127304e-01
5.220406e+00,-1.152050e+00,9.896909e-01,2.631560e-01,3.664664e-01,-1.591971e-01,2.951158e-01,4.636635e-01,1.527627e-01,2.136921e-02,4.482841e-01
5.219399e+00,-6.735451e-01,1.715892e+00,2.432941e-01,2.311226e-01,-3.178792e-01,1.529890e-01,-1.250809e-01,-2.288608e-01,-1.219611e-01,-2.934841e-01
4.803616e+00,-1.426213e+00,1.199000e+00,3.409932e-01,7.393128e-01,2.029981e-02,2.952633e-01,4.307650e-01,2.485329e-01,7.493181e-02,1.910088e-01
5.337677e+00,-8.136192e-01,1.682061e+00,2.991634e-01,4.753350e-01,-2.852707e-01,3.286472e-01,-1.335919e-01,1.480945e-01,5.482500e-02,3.072223e-01
5.519278e+00,-4.243081e-01,1.627226e+00,4.804949e-01,7.619061e-01,-3.996641e-01,1.142509e-01,1.209934e-01,3.212375e-01,-3.543662e-02,1.813811e-01
5.192744e+00,-1.058015e+00,1.214886e+00,-1.018028e-01,4.842432e-01,-9.760158e-02,2.857169e-01,2.537272e-01,3.879613e-01,-5.653158e-03,4.227506e-01
5.327215e+00,-7.436022e-01,1.704151e+00,5.172997e-01,3.860110e-01,-1.986856e-01,-1.554644e-01,-1.868787e-01,9.736429e-02,-3.364828e-01,5.130895e-02
4.557197e+00,-7.106995e-01,1.747679e+00,2.530807e-01,4.206380e-01,-1.979755e-01,2.801542e-01,4.505412e-02,4.496545e-02,-2.953134e-02,1.978384e-01
4.847273e+00,-1.532302e+00,1.308060e+00,1.724030e-01,5.256551e-01,-8.147007e-02,7.003450e-01,2.541387e-01,3.911742e-01,5.403441e-02,2.289950e-01
5.533297e+00,-6.334533e-01,1.857622e+00,6.000413e-01,4.312559e-01,5.742929e-03,3.214991e-01,2.183574e-01,-5.850104e-03,4.745364e-02,-3.064387e-02
5.065939e+00,-8.277797e-01,1.645545e+00,3.318854e-01,5.681561e-01,-1.713725e-01,-2.084385e-01,1.235251e-01,2.594915e-01,2.043086e-01,1.332584e-01
5.360287e+00,-5.085004e-01,1.598141e+00,5.894683e-01,6.284775e-01,-1.531863e-01,-2.166787e-01,6.250225e-02,6.863193e-02,1.386200e-01,3.322698e-01
5.161124e+00,-1.199481e+00,1.271113e+00,1.300819e-02,2.822162e-01,-3.714374e-01,1.123078e-01,-2.041587e-01,2.918787e-01,-3.137629e-01,-3.359725e-04
5.054481e+00,-1.028346e+00,1.253010e+00,-1.395165e-01,3.236213e-01,-5.046834e-01,1.724184e-01,1.926019e-02,3.100800e-02,6.048225e-03,2.864004e-01
5.390160e+00,-6.973147e-01,1.878252e+00,7.330216e-01,4.753558e-01,9.243713e-02,3.475127e-01,-2.268159e-02,-1.766394e-02,1.140298e-01,8.125743e-03
5.418401e+00,-9.659136e-01,1.763811e+00,2.610102e-01,4.677822e-01,-1.963675e-01,3.130069e-01,1.638591e-01,-1.049176e-01,-1.247448e-01,3.152043e-01
5.262883e+00,-8.548839e-01,1.750515e+00,4.118367e-01,6.216769e-01,-8.130211e-03,1.435368e-01,1.987922e-01,2.182477e-01,1.131278e-01,7.025354e-02
5.330841e+00,-7.421148e-01,1.290603e+00,5.670436e-02,2.868783e-01,-4.731978e-01,7.882954e-02,1.133339e-01,1.053339e-02,-3.244819e-01,2.817008e-01
5.087572e+00,-8.593915e-01,1.060733e+00,1.652025e-01,6.455276e-01,-3.167625e-01,-2.056598e-01,-4.777532e-02,4.712596e-02,-5.205097e-01,-1.760102e-02
5.273804e+00,-6.032129e-01,1.679655e+00,2.193444e-01,4.558672e-01,8.000955e-02,8.351583e-02,1.157797e-01,3.235891e-01,3.934572e-01,1.449666e-01
5.312647e+00,-8.701955e-01,1.470010e+00,6.045375e-01,5.427351e-01,-1.498333e-01,2.564446e-01,7.831495e-02,1.946514e-01,-4.486024e-02,3.272969e-01
5.061541e+00,-9.391739e-01,1.676251e+00,6.953291e-01,9.794003e-01,1.462449e-01,6.234598e-01,6.932395e-02,-5.152023e-01,-2.965149e-01,-1.283334e-01
5.393368e+00,-7.318057e-01,1.676047e+00,2.293017e-01,3.770812e-01,-4.886876e-01,1.491506e-01,1.494177e-01,3.871851e-01,2.758032e-01,9.983809e-02
5.171821e+00,-9.687987e-01,1.366861e+00,-1.126982e-01,1.832788e-01,-1.538805e-01,-6.569510e-02,-1.021823e-01,-3.522741e-01,-4.414134e-01,4.573851e-03
5.200734e+00,-7.845647e-01,1.410402e+00,2.599103e-01,5.867740e-01,-3.579748e-01,1.263408e-01,1.610446e-02,-3.170602e-02,-2.608288e-02,2.186057e-01
4.927919e+00,-6.715610e-01,2.016228e+00,6.501106e-01,5.771208e-01,-5.800980e-02,3.564203e-01,4.036865e-01,3.926147e-01,1.619596e-01,-2.201401e-01
5.089159e+00,-1.018201e+00,1.375203e+00,9.673449e-02,7.278824e-01,-1.723063e-01,1.637252e-01,5.190597e-02,2.905648e-02,-3.412381e-01,-1.043318e-01
5.253225e+00,-7.726718e-01,1.541881e+00,2.734033e-01,4.212397e-01,-1.233606e-01,4.220609e-01,1.276550e-01,3.695497e-01,4.612648e-01,3.756808e-01
4.673861e+00,-1.112273e+00,1.538984e+00,5.017735e-01,2.792719e-01,-4.105573e-01,-3.257151e-01,-2.652653e-01,-2.696598e-01,-1.020931e-02,2.738187e-01
5.019324e+00,-9.809560e-01,1.637293e+00,-1.595455e-02,1.596318e-01,-4.083663e-01,-3.902961e-02,-1.077304e-01,-1.504379e-01,-2.478639e-01,-1.440468e-01
5.162114e+00,-5.669013e-01,1.604084e+00,1.465766e-01,4.715443e-01,-9.193511e-02,3.251599e-01,4.389222e-01,1.978565e-01,1.461531e-01,2.934950e-01
5.348866e+00,-6.878871e-01,1.792529e+00,2.027607e-01,5.552111e-01,-3.562888e-02,9.472951e-02,1.478737e-02,2.246515e-01,-3.548395e-01,3.522188e-02
5.346571e+00,-5.996632e-01,1.751652e+00,5.167534e-01,6.413581e-01,-8.103716e-03,1.714102e-01,-6.274674e-02,2.483504e-01,2.829929e-01,1.703809e-01
4.956957e+00,-1.055560e+00,1.431692e+00,3.032852e-01,3.848122e-01,-1.995827e-01,3.558893e-01,3.264324e-01,8.511240e-02,1.749546e-01,2.583100e-01
5.167505e+00,-7.923693e-01,1.392089e+00,4.539523e-01,1.641742e-01,-3.310223e-01,1.578077e-01,3.304888e-02,1.242851e-01,-3.262232e-01,-1.228501e-01
5.223161e+00,-9.665525e-01,1.256937e+00,2.264497e-01,4.204606e-01,-1.693556e-01,3.159140e-01,-3.561218e-02,1.960772e-01,2.495314e-01,3.909868e-01
5.356758e+00,-9.131576e-01,1.495926e+00,3.260654e-01,6.166680e-01,1.405065e-01,2.420592e-01,-5.713140e-02,1.434803e-01,-1.280000e-02,3.672644e-01
5.464655e+00,-2.753717e-01,1.714590e+00,4.637498e-01,4.837323e-01,-1.533478e-01,2.799160e-01,8.994869e-02,2.609469e-01,-9.850828e-02,2.206565e-01
5.052675e+00,-7.545145e-01,1.568793e+00,4.323945e-01,6.906176e-01,1.383203e-01,7.290578e-01,4.911315e-01,8.439194e-02,-3.845063e-01,-9.240706e-02
5.101673e+00,-9.573590e-01,1.244798e+00,8.123152e-02,5.355099e-01,-1.836152e-02,2.637694e-01,2.957619e-02,-1.321666e-01,-4.653113e-01,-1.029240e-02
5.163908e+00,-1.068013e+00,1.417250e+00,1.453551e-01,2.600667e-01,-3.966376e-01,-1.512747e-01,-1.379696e-01,6.071284e-02,-1.116543e-01,2.119195e-01
5.474087e+00,-1.060574e+00,1.653101e+00,2.776464e-01,5.322580e-01,-2.899981e-01,2.415443e-01,4.169633e-01,2.687304e-01,1.388721e-01,3.414767e-01
5.404178e+00,-6.872648e-01,1.836520e+00,2.383142e-01,4.721568e-01,-1.907077e-01,2.680138e-01,-9.973218e-02,2.460252e-01,-1.579577e-01,2.697620e-02
5.266888e+00,-6.553246e-01,1.703326e+00,6.588574e-01,5.665025e-01,-1.038845e-01,2.793038e-02,7.814137e-02,2.771548e-01,1.386053e-01,1.918403e-01
4.754870e+00,-1.339151e+00,7.865317e-01,-1.859015e-01,4.208574e-01,-3.143873e-01,1.339562e-01,1.100150e-01,8.887191e-02,-7.956104e-02,3.001958e-01
5.214204e+00,-5.554356e-01,1.095332e+00,3.390017e-01,5.630772e-01,-3.290367e-01,2.935454e-02,-1.328426e-01,-6.839398e-02,-3.205018e-01,-1.834565e-01
5.293212e+00,-4.392926e-01,1.922021e+00,5.035973e-01,1.758254e-01,-4.403146e-01,7.664172e-02,2.695946e-01,5.641860e-02,1.513743e-01,2.493176e-01
3.714243e+00,-6.560109e-02,5.567685e-01,5.707814e-01,2.290871e-01,-2.087124e-01,5.370064e-03,1.037529e-01,-1.882802e-01,-1.415053e-01,9.873054e-02
