2.055384e+00,-7.220915e-01,-2.169292e-01,-3.680522e-01,3.985501e-01,-2.160908e-01,2.599746e-01,8.252603e-01,5.909324e-01,3.029732e-01,-5.329239e-01
2.959129e+00,-5.556765e-01,-3.595686e-01,-4.910011e-01,6.178641e-01,3.178993e-01,3.353468e-01,2.208084e-01,3.413020e-03,-4.744437e-01,-2.415912e-01
3.389355e+00,-3.939438e-01,-2.152667e-01,-5.836717e-01,3.238699e-01,1.867051e-01,2.147387e-01,4.976183e-01,1.875136e-01,-2.805017e-01,-5.379693e-01
3.591085e+00,-5.729434e-01,-4.245885e-01,-6.154479e-01,6.571100e-01,2.303155e-01,5.127603e-01,6.301894e-01,1.268641e-02,-3.408391e-01,-3.293841e-01
3.795361e+00,-3.819145e-01,-4.635543e-01,-8.512884e-01,7.111800e-01,3.407653e-01,3.998190e-01,6.814423e-01,-1.358546e-01,-2.107507e-01,-7.666370e-01
3.992078e+00,-4.266201e-01,-1.795956e-01,-5.798371e-01,5.964850e-01,1.565130e-01,7.349812e-01,1.005537e+00,-3.569130e-01,-2.002544e-01,-4.698150e-01
3.982382e+00,-3.357829e-01,2.370080e-02,-5.511296e-01,5.329965e-01,-1.206073e-03,4.231862e-01,6.660270e-01,-5.369645e-03,-1.092761e-01,-6.539238e-01
3.926406e+00,-4.427397e-01,1.330742e-02,-6.212678e-01,4.161936e-01,3.113862e-01,2.173019e-01,6.345472e-01,-5.970935e-02,-1.759433e-01,-5.216596e-01
3.817319e+00,-5.621444e-01,-1.839699e-02,-6.764140e-01,4.843015e-01,1.309365e-01,3.198759e-01,6.880178e-01,-2.231189e-01,-1.821828e-01,-6.734454e-01
4.134784e+00,-6.539128e-01,-3.353856e-03,-7.051505e-01,4.662986e-01,1.831718e-01,2.265805e-01,5.873985e-01,-2.830331e-01,-2.268328e-02,-6.642488e-01
4.281545e+00,-7.602485e-01,5.708304e-02,-8.078507e-01,4.726950e-01,5.043738e-02,5.664189e-01,6.523040e-01,-2.517256e-01,-1.964015e-01,-4.673143e-01
4.017357e+00,-5.790405e-01,-1.802579e-01,-7.546256e-01,5.989806e-01,-4.677528e-02,3.559440e-01,5.290065e-01,-2.904070e-02,-2.046129e-02,-5.693338e-01
4.118434e+00,-7.045368e-01,-1.814029e-01,-7.931514e-01,3.131783e-01,-7.279020e-02,5.806024e-01,5.902877e-01,-3.570068e-01,-9.815964e-02,-4.168076e-01
4.298845e+00,-8.771335e-01,-1.909815e-01,-7.552360e-01,5.078933e-01,-2.082920e-02,3.296829e-01,5.090881e-01,-2.308415e-02,-9.672970e-02,-6.035379e-01
4.103503e+00,-9.078868e-01,-3.541431e-02,-6.585039e-01,3.030622e-01,3.163973e-02,4.235342e-01,5.509815e-01,-3.202128e-02,-3.060594e-01,-3.957327e-01
4.397556e+00,-9.618599e-01,-2.560430e-02,-7.965045e-01,4.431899e-01,1.354472e-01,2.385336e-01,4.891587e-01,-8.563481e-03,-2.128996e-01,-7.305358e-01
4.376610e+00,-9.972822e-01,2.309250e-01,-7.756560e-01,4.436266e-01,-1.028260e-01,3.671886e-01,4.850488e-01,-3.369792e-02,-1.274229e-01,-5.385286e-01
4.573239e+00,-9.422275e-01,1.808162e-01,-8.043326e-01,3.661406e-01,1.552200e-01,2.678119e-01,5.612460e-01,6.998731e-02,-8.038584e-02,-5.506591e-01
4.625192e+00,-9.703187e-01,6.546645e-04,-5.249140e-01,4.329783e-01,-1.877468e-01,3.373979e-01,5.865640e-01,-8.885018e-02,3.810246e-04,-4.335153e-01
4.788513e+00,-7.410954e-01,-9.124595e-02,-6.885513e-01,4.538221e-01,-1.489587e-01,5.632463e-01,4.919954e-01,-1.300664e-01,1.273365e-01,-6.100003e-01
4.780308e+00,-1.126735e+00,1.511418e-02,-6.888182e-01,5.197720e-01,-6.689439e-02,3.079100e-01,5.668163e-01,-8.623078e-02,6.763966e-02,-5.670062e-01
4.863601e+00,-9.534337e-01,1.294370e-01,-7.999009e-01,4.538605e-01,1.200905e-01,3.128870e-01,4.985294e-01,-4.098747e-02,-3.819753e-02,-5.677200e-01
4.989916e+00,-1.168587e+00,1.339331e-01,-5.631798e-01,4.091856e-01,-6.586603e-02,3.102453e-01,4.076483e-01,1.797695e-02,-7.301078e-02,-4.881872e-01
5.140178e+00,-1.058082e+00,1.224554e-01,-7.686767e-01,6.399257e-01,-9.260159e-02,4.364627e-01,3.090496e-01,3.279940e-02,9.105280e-02,-6.131865e-01
5.210256e+00,-1.042153e+00,-2.169458e-02,-6.311937e-01,4.531650e-01,-2.216831e-01,5.307991e-01,5.953453e-01,-2.742403e-01,2.291278e-01,-6.371619e-01
5.388391e+00,-9.889362e-01,-1.968339e-01,-4.708632e-01,5.764176e-01,-4.843696e-01,5.534013e-01,4.032088e-01,-1.312369e-01,3.222284e-01,-7.024145e-01
5.418255e+00,-9.657161e-01,-9.454367e-02,-5.629321e-01,3.946970e-01,-4.566020e-01,8.960697e-01,3.272783e-01,1.033346e-02,-5.434434e-02,-6.100154e-01
5.337404e+00,-1.135095e+00,1.146267e-01,-5.680513e-01,5.837373e-01,-4.512728e-01,5.706722e-01,2.126379e-01,3.528886e-01,-1.285985e-02,-6.563261e-01
5.194264e+00,-9.203580e-01,-4.430497e-02,-5.719687e-01,4.030896e-01,-2.774977e-01,6.131446e-01,3.142286e-01,5.862758e-02,-8.430422e-02,-6.428679e-01
5.343223e+00,-8.537482e-01,-2.620852e-01,-3.062193e-01,4.902124e-01,-3.279901e-01,5.967446e-01,1.927655e-01,1.911679e-01,-5.740950e-02,-6.724002e-01
5.407080e+00,-8.189437e-01,-3.626463e-01,-2.240519e-01,3.825739e-01,-3.106953e-01,6.535229e-01,1.066555e-01,2.914814e-01,-9.775646e-02,-6.191854e-01
5.624761e+00,-8.700352e-01,-5.012373e-01,-2.442468e-01,3.159097e-01,-3.717213e-01,9.118317e-01,9.851342e-02,2.721976e-01,-1.588607e-01,-7.948793e-01
5.445322e+00,-7.994337e-01,-3.224589e-01,-3.574440e-01,5.615471e-01,-4.910419e-01,6.076269e-01,1.584888e-01,3.271444e-01,-5.885631e-02,-7.869086e-01
5.386264e+00,-6.453887e-01,-2.054826e-01,-6.248703e-01,5.087929e-01,-3.379707e-01,7.426352e-01,2.549134e-01,2.605919e-01,-2.331546e-01,-6.330476e-01
5.397329e+00,-6.727235e-01,-2.805017e-01,-4.885629e-01,6.901074e-01,-4.066711e-01,4.324083e-01,2.663497e-01,4.089311e-01,-2.459156e-01,-6.675816e-01
5.373368e+00,-5.292203e-01,-2.010703e-01,-4.813991e-01,6.516869e-01,-5.660711e-01,6.133940e-01,3.781330e-01,2.450353e-01,-3.642392e-01,-4.793491e-01
5.216965e+00,-4.076726e-01,-3.183899e-01,-6.041968e-01,7.745291e-01,-3.900180e-01,3.948564e-01,4.259290e-01,2.763105e-01,-3.750203e-01,-6.911852e-01
5.126402e+00,-2.994256e-01,-3.531975e-01,-6.336053e-01,7.202590e-01,-3.984634e-01,3.212473e-01,5.297047e-01,3.807023e-01,-4.332097e-01,-7.144660e-01
5.160450e+00,-8.112258e-02,-3.629309e-01,-8.419479e-01,8.303055e-01,-3.006687e-01,1.848390e-01,6.660240e-01,4.697583e-01,-5.419760e-01,-6.758435e-01
5.108009e+00,-2.822238e-01,-3.218337e-01,-7.040073e-01,8.062342e-01,-3.505651e-01,1.544959e-01,5.948739e-01,4.581796e-01,-5.612264e-01,-6.186322e-01
5.164494e+00,-1.871528e-01,-1.886255e-01,-8.349389e-01,6.465646e-01,-2.618800e-01,3.659613e-01,5.191775e-01,4.022136e-01,-4.735406e-01,-6.456066e-01
5.220017e+00,-3.759207e-01,-2.755854e-01,-5.501664e-01,6.911588e-01,-3.921265e-01,4.137546e-01,5.040375e-01,1.904047e-01,-2.308308e-01,-6.656854e-01
5.176249e+00,-3.156880e-01,-2.292137e-01,-7.619817e-01,6.841418e-01,-3.222698e-01,5.110866e-01,4.995889e-01,1.217975e-01,-3.394759e-01,-7.669599e-01
5.072990e+00,-4.816444e-01,-5.530570e-04,-6.531064e-01,6.109893e-01,-3.168068e-01,4.486139e-01,4.285431e-01,2.173509e-01,-3.531325e-01,-6.484665e-01
5.114323e+00,-4.771821e-01,1.426376e-02,-8.053205e-01,5.853599e-01,-1.510977e-01,3.903771e-01,4.650933e-01,3.616974e-01,-4.091425e-01,-7.618580e-01
5.092652e+00,-4.885066e-01,2.151494e-01,-8.266287e-01,4.391148e-01,-2.513903e-01,5.001032e-01,5.151662e-01,2.281816e-01,-3.456609e-01,-6.964733e-01
5.089381e+00,-4.722176e-01,1.442732e-01,-8.283516e-01,5.954659e-01,-3.519594e-01,3.719558e-01,5.217145e-01,3.665008e-01,-3.200590e-01,-8.143594e-01
5.175588e+00,-4.882048e-01,6.844867e-02,-7.534519e-01,4.423692e-01,-4.461851e-01,6.707842e-01,6.899070e-01,1.542615e-01,-3.988576e-01,-7.022973e-01
5.291904e+00,-4.022456e-01,5.664440e-02,-7.702537e-01,5.923196e-01,-4.247124e-01,5.122831e-01,5.455868e-01,2.136169e-01,-2.725480e-01,-7.323482e-01
5.219354e+00,-6.133030e-01,2.635761e-01,-8.731098e-01,4.922247e-01,-3.272951e-01,6.471015e-01,5.829197e-01,5.701505e-02,-4.501616e-01,-6.033047e-01
5.226225e+00,-5.745903e-01,3.753830e-01,-9.621660e-01,5.850811e-01,-1.893093e-01,5.073369e-01,3.157566e-01,3.615953e-01,-4.476026e-01,-6.489658e-01
5.235179e+00,-6.680770e-01,3.525487e-01,-8.146094e-01,3.963305e-01,-2.583563e-01,6.122062e-01,5.172489e-01,1.707451e-01,-4.097174e-01,-5.944055e-01
5.246678e+00,-4.375961e-01,2.268827e-01,-9.763345e-01,4.070447e-01,-1.312825e-01,5.461988e-01,5.687146e-01,1.236856e-01,-3.162277e-01,-7.685444e-01
5.217749e+00,-5.504352e-01,2.114562e-01,-7.302222e-01,3.095177e-01,-4.003822e-01,7.408338e-01,6.766850e-01,-4.007227e-02,-2.663522e-01,-6.574118e-01
5.300123e+00,-4.726704e-01,7.217176e-02,-7.454018e-01,2.769643e-01,-2.556126e-01,7.367393e-01,6.115574e-01,6.787127e-02,-2.380061e-01,-8.031586e-01
5.189183e+00,-6.256660e-01,3.571378e-01,-7.061829e-01,1.483379e-01,-1.850793e-01,6.346176e-01,6.531487e-01,1.508137e-02,-2.985964e-01,-7.337678e-01
5.125944e+00,-5.522217e-01,4.626246e-01,-8.184757e-01,1.271435e-01,-7.219400e-02,5.873968e-01,5.854768e-01,1.167594e-01,-3.239389e-01,-8.643958e-01
5.106329e+00,-6.603892e-01,4.290628e-01,-6.124732e-01,3.807629e-02,-1.250636e-01,7.210663e-01,5.982278e-01,1.419784e-02,-3.181424e-01,-8.053333e-01
5.211904e+00,-6.472161e-01,4.122477e-01,-6.913444e-01,1.151393e-02,-1.136537e-01,7.403441e-01,6.780472e-01,1.659297e-02,-3.138067e-01,-9.100884e-01
5.262524e+00,-6.961485e-01,3.882686e-01,-7.067305e-01,6.146085e-02,-1.650829e-01,7.370933e-01,6.703868e-01,-2.687492e-02,-2.282029e-01,-8.868303e-01
5.290507e+00,-6.906516e-01,3.349917e-01,-5.749582e-01,-4.874445e-02,-2.971284e-01,9.255993e-01,7.248848e-01,-8.623897e-02,-1.959076e-01,-9.601839e-01
5.325393e+00,-7.632778e-01,4.954010e-01,-5.727569e-01,-1.803666e-01,-2.077698e-01,8.499731e-01,6.874033e-01,1.170770e-01,-3.288383e-01,-9.699234e-01
5.301394e+00,-8.846903e-01,5.644380e-01,-6.173315e-01,-7.160816e-02,-1.369579e-01,7.850672e-01,6.082383e-01,5.622623e-02,-3.423018e-01,-7.807037e-01
5.404045e+00,-9.149819e-01,5.345343e-01,-7.621273e-01,9.399868e-02,-1.225652e-01,8.192523e-01,4.889038e-01,1.655759e-01,-3.159556e-01,-9.713238e-01
5.441396e+00,-1.102115e+00,6.439324e-01,-6.249197e-01,1.199330e-02,-2.539015e-01,1.044277e+00,4.363555e-01,1.465842e-01,-4.510664e-01,-7.621821e-01
5.543439e+00,-1.026179e+00,4.586247e-01,-6.917386e-01,1.117547e-01,-1.431141e-01,8.601092e-01,4.598292e-01,2.133447e-01,-3.224562e-01,-9.888310e-01
5.524196e+00,-1.031070e+00,4.470770e-01,-5.085818e-01,-1.266745e-02,-3.054199e-01,9.858404e-01,5.698034e-01,-5.783593e-02,-1.993813e-01,-8.759512e-01
5.557691e+00,-1.091871e+00,3.964127e-01,-5.747698e-01,6.590392e-02,-8.577505e-02,6.934367e-01,5.601495e-01,1.175795e-01,-1.178369e-01,-1.050611e+00
5.561841e+00,-1.264657e+00,4.930457e-01,-5.026574e-01,-1.373378e-01,2.685616e-02,7.279674e-01,5.969099e-01,9.731187e-02,-3.123511e-01,-8.640035e-01
5.615434e+00,-1.267859e+00,5.291594e-01,-5.839405e-01,-6.307842e-02,8.691576e-02,6.879822e-01,5.038686e-01,1.638194e-01,-2.820021e-01,-9.637905e-01
5.645515e+00,-1.425796e+00,4.628002e-01,-5.037246e-01,1.447570e-02,2.547902e-02,7.158107e-01,5.993009e-01,-1.584693e-03,-2.140964e-01,-9.719973e-01
5.746769e+00,-1.417566e+00,4.494368e-01,-4.669315e-01,5.290128e-02,-1.493243e-02,7.068171e-01,6.530165e-01,-1.100238e-01,-1.540451e-01,-9.155303e-01
5.811703e+00,-1.532165e+00,3.944060e-01,-3.374872e-01,6.488187e-02,-7.787720e-02,6.729601e-01,6.303813e-01,-3.748261e-02,-1.207733e-01,-9.555686e-01
5.786456e+00,-1.539380e+00,6.470067e-01,-5.491034e-01,-7.453902e-02,6.737023e-02,7.020549e-01,6.557837e-01,-8.444922e-02,-2.158034e-01,-8.647709e-01
5.900249e+00,-1.789610e+00,6.919081e-01,-6.050893e-01,4.588116e-02,1.746474e-01,4.221863e-01,7.334249e-01,8.907199e-02,-1.756523e-01,-1.002398e+00
6.007172e+00,-1.830121e+00,6.904673e-01,-5.832038e-01,-7.083863e-02,2.055983e-01,6.008609e-01,6.960163e-01,9.274435e-03,-3.263304e-01,-8.187184e-01
6.053131e+00,-1.846848e+00,5.708587e-01,-5.800995e-01,1.353104e-01,2.100903e-01,4.553837e-01,6.493755e-01,6.601457e-02,-1.844930e-01,-9.756352e-01
6.034977e+00,-1.934062e+00,5.870184e-01,-4.612569e-01,9.456304e-02,1.442343e-01,5.140832e-01,8.235936e-01,-2.395026e-01,-1.029134e-01,-8.547635e-01
6.058479e+00,-1.805742e+00,4.189967e-01,-4.566146e-01,2.051525e-01,2.265248e-01,3.870048e-01,7.094557e-01,-1.134650e-01,-4.689892e-02,-9.469730e-01
5.954281e+00,-1.922287e+00,4.495547e-01,-3.866445e-01,1.607965e-01,1.664175e-01,4.945200e-01,7.127226e-01,-1.034486e-01,-1.746375e-01,-8.608703e-01
5.873471e+00,-1.776590e+00,5.106539e-01,-6.281450e-01,1.165036e-01,3.822160e-01,4.385456e-01,6.900307e-01,-6.382556e-02,-1.907523e-01,-9.167530e-01
6.025249e+00,-1.875578e+00,4.442716e-01,-5.251870e-01,1.177312e-01,3.376894e-01,3.860914e-01,7.527807e-01,-3.814973e-03,-2.434401e-01,-9.354788e-01
6.034110e+00,-1.688691e+00,4.153003e-01,-5.297272e-01,3.642944e-02,3.397485e-01,4.954674e-01,7.052915e-01,-3.797912e-03,-3.162914e-01,-8.835054e-01
6.024971e+00,-1.786009e+00,4.027944e-01,-4.655602e-01,2.601044e-01,1.203655e-01,4.446815e-01,7.494407e-01,2.382434e-03,-2.207892e-01,-9.456169e-01
6.165610e+00,-1.743350e+00,4.233107e-01,-4.766960e-01,1.908095e-01,1.181847e-01,4.992401e-01,8.204094e-01,-1.538802e-01,-1.139098e-01,-9.526963e-01
6.109501e+00,-1.744229e+00,4.101116e-01,-4.457365e-01,1.375366e-01,1.983047e-01,4.598250e-01,7.227934e-01,5.578244e-02,-2.728592e-01,-9.320628e-01
5.982451e+00,-1.803557e+00,4.685518e-01,-5.444213e-01,2.112966e-01,1.876419e-01,4.958152e-01,7.008091e-01,1.056926e-01,-3.994095e-01,-8.897661e-01
6.037155e+00,-1.715897e+00,5.146459e-01,-6.998652e-01,2.150242e-01,2.894025e-01,4.370053e-01,7.089980e-01,6.447979e-02,-3.203775e-01,-9.607919e-01
6.122611e+00,-1.888402e+00,4.081269e-01,-4.593485e-01,1.446278e-01,2.772916e-01,3.581327e-01,7.749319e-01,7.390094e-03,-2.341904e-01,-9.147333e-01
6.044363e+00,-1.574809e+00,3.142901e-01,-5.652284e-01,1.990244e-01,2.864190e-01,4.589296e-01,6.515045e-01,2.617125e-02,-2.559023e-01,-8.953753e-01
6.145807e+00,-1.814273e+00,3.020096e-01,-4.108121e-01,2.741983e-01,5.361657e-02,5.690357e-01,7.713021e-01,-2.176905e-01,-7.643531e-02,-9.242868e-01
6.197121e+00,-1.770678e+00,3.495993e-01,-5.693943e-01,1.830439e-01,3.804456e-01,3.663560e-01,7.660788e-01,-1.033944e-01,-1.341863e-01,-1.019624e+00
6.047967e+00,-1.862143e+00,4.447730e-01,-4.891748e-01,1.082690e-01,3.650004e-01,4.109377e-01,7.240476e-01,-4.354376e-02,-2.909633e-01,-8.876628e-01
6.016580e+00,-1.794835e+00,3.963325e-01,-5.497431e-01,2.366774e-01,3.224394e-01,3.736257e-01,6.634017e-01,6.433907e-02,-2.332970e-01,-1.056631e+00
6.018035e+00,-1.764790e+00,5.050899e-01,-4.924989e-01,2.254829e-02,3.130202e-01,4.589443e-01,8.285509e-01,-2.292084e-01,-1.344654e-01,-9.386741e-01
6.088965e+00,-1.809974e+00,3.928364e-01,-4.482859e-01,1.709519e-01,1.801517e-01,4.497873e-01,7.401096e-01,-5.754506e-02,-9.508501e-02,-9.757379e-01
6.084161e+00,-1.660612e+00,3.119201e-01,-4.185284e-01,1.023708e-01,1.235747e-01,6.479622e-01,7.082806e-01,-1.059070e-01,-1.563186e-01,-9.490619e-01
6.038306e+00,-1.810371e+00,4.572475e-01,-4.609027e-01,1.002646e-01,2.030431e-01,4.698871e-01,8.119534e-01,-5.346211e-02,-1.652491e-01,-1.042334e+00
6.057635e+00,-1.885875e+00,5.574634e-01,-5.706676e-01,1.217267e-01,3.276824e-01,3.534926e-01,7.864254e-01,1.554618e-02,-2.180988e-01,-1.034709e+00
6.015146e+00,-1.861127e+00,5.533829e-01,-4.820840e-01,7.494951e-02,2.666259e-01,5.409482e-01,6.360329e-01,-1.282907e-02,-2.816185e-01,-8.983971e-01
6.034315e+00,-1.762608e+00,4.214838e-01,-5.380443e-01,2.316565e-01,2.845265e-01,4.306917e-01,5.478696e-01,1.146958e-01,-1.977423e-01,-9.810063e-01
6.132406e+00,-1.846371e+00,5.413186e-01,-5.639993e-01,1.089145e-01,2.023875e-01,5.945011e-01,7.846516e-01,-2.602685e-01,-1.646026e-01,-8.131561e-01
6.182739e+00,-1.770643e+00,2.706639e-01,-5.448896e-01,3.096011e-01,1.758210e-01,5.116265e-01,6.460344e-01,5.020992e-03,-1.162781e-01,-1.038766e+00
6.106545e+00,-1.889244e+00,4.090809e-01,-4.730182e-01,1.363809e-01,2.172733e-01,5.896901e-01,6.546911e-01,-1.054380e-02,-3.235327e-01,-8.330441e-01
6.077935e+00,-1.807137e+00,4.971248e-01,-6.634456e-01,1.719434e-01,4.339174e-01,3.425278e-01,6.926090e-01,3.134900e-02,-2.263623e-01,-9.615717e-01
6.025344e+00,-1.903911e+00,5.375729e-01,-5.417179e-01,1.836747e-01,2.553396e-01,4.329705e-01,6.813685e-01,-3.324581e-02,-1.859252e-01,-9.231197e-01
6.015251e+00,-1.722066e+00,4.639952e-01,-5.310297e-01,1.447240e-01,2.971669e-01,4.818254e-01,6.297216e-01,1.557765e-02,-3.125385e-01,-8.882114e-01
6.144315e+00,-1.859533e+00,3.599433e-01,-4.039288e-01,1.598856e-01,2.334803e-01,3.748668e-01,8.410753e-01,-8.210907e-02,-2.208957e-01,-9.399344e-01
6.083212e+00,-1.640985e+00,3.386350e-01,-4.706947e-01,1.038535e-01,1.659503e-01,5.237959e-01,8.733659e-01,-2.265039e-01,-8.505939e-02,-9.969892e-01
6.027787e+00,-1.708707e+00,3.896896e-01,-4.947950e-01,1.257587e-01,2.393996e-01,4.111865e-01,8.161359e-01,5.010078e-03,-1.796887e-01,-1.064320e+00
6.003317e+00,-1.783588e+00,4.698027e-01,-4.643298e-01,7.596227e-02,2.982547e-01,3.706174e-01,7.661212e-01,8.519447e-02,-3.510907e-01,-8.703953e-01
6.014377e+00,-1.716370e+00,4.628590e-01,-5.633392e-01,1.543332e-01,3.208073e-01,3.374846e-01,7.557467e-01,3.815107e-02,-2.306193e-01,-9.884986e-01
6.012294e+00,-1.828297e+00,4.184223e-01,-4.885031e-01,2.167145e-01,2.145847e-01,3.918694e-01,7.630419e-01,-2.452146e-02,-2.222931e-01,-9.583278e-01
6.091086e+00,-1.581935e+00,2.993452e-01,-5.632075e-01,1.700128e-01,3.455271e-01,4.650685e-01,6.974113e-01,-6.154093e-02,-2.828293e-01,-9.067605e-01
6.111901e+00,-1.748994e+00,1.777103e-01,-3.258613e-01,1.884175e-01,1.273456e-01,5.641175e-01,7.584281e-01,-1.872270e-01,-1.325682e-01,-9.167662e-01
6.053669e+00,-1.668713e+00,3.791370e-01,-6.385475e-01,2.417917e-01,2.949470e-01,4.402375e-01,6.698148e-01,-2.253283e-03,-2.041089e-01,-9.716041e-01
5.981499e+00,-1.833857e+00,4.517389e-01,-5.050014e-01,1.782630e-01,2.532026e-01,4.454327e-01,6.778844e-01,6.499545e-02,-3.305509e-01,-8.293316e-01
6.080681e+00,-1.793833e+00,4.174134e-01,-5.677384e-01,2.425721e-01,2.798670e-01,4.238274e-01,5.656461e-01,1.810654e-01,-2.847085e-01,-9.457349e-01
6.069073e+00,-1.826527e+00,5.032861e-01,-5.659453e-01,1.147952e-01,2.224674e-01,5.717068e-01,7.162804e-01,-7.014098e-02,-2.734881e-01,-8.588494e-01
6.139067e+00,-1.831842e+00,3.953992e-01,-5.169315e-01,2.632169e-01,1.221806e-01,5.283624e-01,7.101452e-01,-4.990353e-02,-1.756575e-01,-9.236913e-01
6.109236e+00,-1.688119e+00,3.693752e-01,-4.470742e-01,1.266021e-01,9.488404e-02,7.116202e-01,6.708277e-01,-1.132544e-01,-2.408105e-01,-8.775952e-01
6.048958e+00,-1.849835e+00,5.478583e-01,-4.895009e-01,1.578054e-01,1.652369e-01,4.493191e-01,7.186362e-01,6.445191e-02,-2.250739e-01,-9.665139e-01
6.008896e+00,-1.828279e+00,5.767932e-01,-5.270460e-01,8.203522e-02,3.122951e-01,3.421614e-01,7.735982e-01,2.521727e-02,-2.072804e-01,-9.772704e-01
6.011310e+00,-1.842807e+00,4.859039e-01,-4.689539e-01,6.944187e-02,2.405642e-01,5.367390e-01,6.980583e-01,-8.215155e-03,-2.499602e-01,-9.220743e-01
6.064588e+00,-1.784622e+00,4.112372e-01,-5.739935e-01,1.921507e-01,3.069950e-01,4.376532e-01,6.407348e-01,5.590151e-02,-1.643743e-01,-1.033864e+00
6.127720e+00,-1.800517e+00,4.207941e-01,-5.258293e-01,7.310279e-02,2.333873e-01,6.080840e-01,7.863612e-01,-2.664303e-01,-1.471286e-01,-8.582193e-01
6.119892e+00,-1.726259e+00,2.435645e-01,-4.365802e-01,2.515892e-01,2.381235e-01,4.155933e-01,6.870812e-01,-6.721135e-02,-6.328426e-02,-1.051536e+00
5.987063e+00,-1.824580e+00,4.597166e-01,-4.255781e-01,7.832458e-02,2.862930e-01,4.969151e-01,7.097045e-01,-1.257523e-01,-2.557654e-01,-8.650287e-01
5.950121e+00,-1.743584e+00,4.347124e-01,-5.549957e-01,1.511063e-01,4.386023e-01,2.958648e-01,6.737992e-01,3.103366e-02,-1.960662e-01,-9.742442e-01
6.041191e+00,-1.858478e+00,4.474241e-01,-4.851741e-01,8.465140e-02,3.466842e-01,4.358117e-01,7.109816e-01,-4.359698e-02,-2.065115e-01,-9.087264e-01
5.953168e+00,-1.671993e+00,3.501966e-01,-5.593393e-01,1.581143e-01,3.211935e-01,4.869828e-01,6.868035e-01,1.820704e-02,-2.949729e-01,-9.429367e-01
6.087368e+00,-1.812983e+00,3.242451e-01,-4.236557e-01,2.194488e-01,9.917022e-02,5.279602e-01,7.451853e-01,-2.090642e-02,-2.143493e-01,-9.304846e-01
6.115533e+00,-1.664457e+00,3.825375e-01,-4.461419e-01,5.161349e-02,1.719464e-01,5.470348e-01,8.292242e-01,-1.933830e-01,-1.455589e-01,-9.095364e-01
5.986941e+00,-1.739758e+00,4.884727e-01,-5.054569e-01,1.987260e-01,1.961652e-01,3.970824e-01,7.128168e-01,8.171518e-02,-2.548689e-01,-9.576470e-01
5.956866e+00,-1.749460e+00,5.123334e-01,-5.271162e-01,1.338677e-01,2.383081e-01,4.874776e-01,6.629745e-01,1.218090e-01,-4.191749e-01,-8.505697e-01
6.100001e+00,-1.807627e+00,4.369302e-01,-5.423860e-01,1.548131e-01,3.471781e-01,3.340314e-01,7.751838e-01,1.629879e-02,-2.538527e-01,-9.851575e-01
6.062078e+00,-1.873634e+00,4.255400e-01,-5.333547e-01,2.454202e-01,1.959237e-01,4.632691e-01,7.515903e-01,1.860113e-02,-3.239076e-01,-8.833600e-01
6.088721e+00,-1.568800e+00,2.861425e-01,-5.864232e-01,2.343320e-01,2.241339e-01,5.378833e-01,6.529960e-01,-1.635308e-02,-2.561153e-01,-8.960286e-01
6.243254e+00,-1.861802e+00,2.837492e-01,-3.537784e-01,1.864185e-01,1.302442e-01,5.110673e-01,7.442501e-01,-1.413463e-01,-1.068948e-01,-8.724685e-01
6.078739e+00,-1.682398e+00,4.375730e-01,-6.775911e-01,2.111688e-01,3.622651e-01,3.677838e-01,7.251077e-01,-4.680023e-02,-1.912587e-01,-9.703839e-01
5.970490e+00,-1.843225e+00,4.285292e-01,-5.025565e-01,2.208876e-01,2.282051e-01,4.669569e-01,6.836884e-01,2.843578e-02,-3.327054e-01,-8.965687e-01
6.124497e+00,-1.772965e+00,3.444476e-01,-5.217002e-01,1.452897e-01,4.133859e-01,3.819575e-01,6.426995e-01,8.812453e-02,-2.747979e-01,-1.001346e+00
6.121093e+00,-1.887404e+00,4.993983e-01,-5.093540e-01,9.801106e-02,3.215141e-01,4.087014e-01,8.265843e-01,-1.707888e-01,-1.793094e-01,-9.020338e-01
6.063909e+00,-1.733854e+00,3.244721e-01,-4.525098e-01,2.612601e-01,1.137509e-01,4.958102e-01,7.573679e-01,-1.233062e-01,-6.078699e-02,-1.006318e+00
6.045449e+00,-1.633181e+00,3.702538e-01,-3.963545e-01,3.359776e-02,1.383668e-01,6.344680e-01,7.257054e-01,-1.302581e-01,-1.927232e-01,-8.717929e-01
6.075079e+00,-1.855537e+00,5.086335e-01,-4.746789e-01,8.242793e-02,2.421583e-01,3.927446e-01,7.473241e-01,1.167912e-01,-2.536407e-01,-9.669580e-01
5.973308e+00,-1.761917e+00,5.208612e-01,-5.791204e-01,7.790144e-02,3.015969e-01,4.370891e-01,7.799924e-01,-2.087658e-02,-2.025376e-01,-1.049914e+00
5.994771e+00,-1.838264e+00,4.662850e-01,-4.655222e-01,1.055271e-01,2.309836e-01,5.302434e-01,6.959043e-01,-1.395100e-02,-2.569103e-01,-9.485433e-01
6.054513e+00,-1.766318e+00,3.778535e-01,-4.477093e-01,8.743595e-02,3.720885e-01,3.991595e-01,6.482084e-01,7.126200e-02,-2.606019e-01,-9.043380e-01
6.099540e+00,-1.788432e+00,3.943655e-01,-4.002129e-01,1.035576e-01,2.101098e-01,5.291321e-01,7.789601e-01,-2.993990e-01,-3.809496e-02,-8.869500e-01
6.062949e+00,-1.717510e+00,2.955870e-01,-5.092705e-01,3.169687e-01,1.729924e-01,4.788313e-01,6.260316e-01,1.642969e-03,-9.338303e-02,-1.033103e+00
6.044502e+00,-1.842643e+00,5.149851e-01,-5.368526e-01,4.019516e-02,2.793216e-01,5.831703e-01,6.873587e-01,-4.314315e-02,-3.880212e-01,-7.357081e-01
6.111759e+00,-1.850662e+00,4.362559e-01,-6.153937e-01,1.542198e-01,4.157243e-01,3.566750e-01,6.528472e-01,1.015989e-01,-2.374059e-01,-9.927077e-01
5.991301e+00,-1.821641e+00,4.631664e-01,-5.354793e-01,1.200950e-01,2.961841e-01,4.835996e-01,6.997348e-01,-6.064380e-02,-2.065201e-01,-9.087892e-01
6.006074e+00,-1.718377e+00,4.145635e-01,-5.462752e-01,1.911702e-01,3.108911e-01,4.072740e-01,6.714478e-01,3.004197e-02,-2.705498e-01,-8.854309e-01
6.128777e+00,-1.829246e+00,3.277488e-01,-3.229298e-01,1.700230e-01,1.229647e-01,5.053761e-01,7.196988e-01,-6.120379e-02,-1.720639e-01,-9.014303e-01
6.055152e+00,-1.672075e+00,3.976914e-01,-4.389401e-01,7.437153e-02,2.070557e-01,5.316598e-01,7.970015e-01,-1.719724e-01,-1.702893e-01,-9.324357e-01
5.990551e+00,-1.764477e+00,4.473835e-01,-5.238044e-01,1.459994e-01,2.764886e-01,3.685410e-01,8.186281e-01,2.581731e-02,-2.634596e-01,-9.963403e-01
5.945998e+00,-1.678346e+00,4.792202e-01,-5.505180e-01,4.423821e-02,2.989340e-01,4.636328e-01,7.491849e-01,3.280641e-02,-3.162859e-01,-9.371902e-01
6.033942e+00,-1.765584e+00,3.931235e-01,-5.039345e-01,1.223703e-01,3.363542e-01,3.179961e-01,7.703924e-01,6.838288e-02,-2.455267e-01,-1.014233e+00
6.007145e+00,-1.801590e+00,3.954775e-01,-4.235512e-01,1.561333e-01,2.459478e-01,3.576910e-01,8.154206e-01,-5.167154e-02,-2.581575e-01,-8.632218e-01
6.069129e+00,-1.579578e+00,2.657502e-01,-5.177873e-01,2.630957e-01,1.893687e-01,4.963907e-01,7.081287e-01,-1.110534e-01,-1.330230e-01,-9.768723e-01
6.087890e+00,-1.771107e+00,2.369482e-01,-3.727544e-01,1.963669e-01,1.886035e-01,5.227839e-01,7.022803e-01,-9.505796e-02,-1.943563e-01,-8.927372e-01
6.095085e+00,-1.688585e+00,4.469419e-01,-7.032340e-01,2.107263e-01,4.058425e-01,4.084672e-01,6.981545e-01,-2.937701e-02,-2.784106e-01,-9.542914e-01
6.008895e+00,-1.864088e+00,4.052592e-01,-4.880387e-01,1.972507e-01,2.523398e-01,4.266051e-01,7.487631e-01,-1.429563e-02,-2.974397e-01,-9.336315e-01
6.046990e+00,-1.732094e+00,4.343327e-01,-6.136518e-01,2.220390e-01,2.876820e-01,4.354243e-01,6.053912e-01,1.162852e-01,-2.754930e-01,-9.531331e-01
6.131437e+00,-1.889842e+00,4.834186e-01,-5.178758e-01,1.587458e-01,2.379064e-01,4.297566e-01,7.584291e-01,-7.862291e-02,-1.879636e-01,-8.668187e-01
6.107887e+00,-1.698074e+00,2.443561e-01,-4.300380e-01,2.595830e-01,9.748390e-02,5.626995e-01,6.828967e-01,-6.532734e-02,-1.367255e-01,-9.286025e-01
6.011063e+00,-1.690023e+00,4.142765e-01,-5.148574e-01,1.453137e-01,1.067217e-01,6.857684e-01,7.053491e-01,-9.064763e-02,-2.644298e-01,-8.854598e-01
6.105221e+00,-1.925233e+00,5.466433e-01,-5.041639e-01,1.349017e-01,2.567028e-01,3.930648e-01,7.516066e-01,8.624469e-02,-2.840257e-01,-9.801975e-01
6.052920e+00,-1.803230e+00,5.822919e-01,-5.586555e-01,7.704401e-02,3.038558e-01,4.641683e-01,7.321250e-01,-2.525665e-02,-2.562630e-01,-9.544693e-01
5.940175e+00,-1.812811e+00,4.913122e-01,-4.652478e-01,1.477085e-01,1.814583e-01,5.047695e-01,6.471833e-01,4.959960e-02,-2.484426e-01,-9.185983e-01
6.030602e+00,-1.747995e+00,4.123662e-01,-5.123867e-01,1.386100e-01,2.717274e-01,4.501410e-01,6.631069e-01,1.730538e-02,-1.863994e-01,-9.226398e-01
6.195871e+00,-1.824061e+00,2.968282e-01,-3.836229e-01,9.462316e-02,1.772897e-01,5.950820e-01,7.769979e-01,-2.398709e-01,-9.100168e-02,-8.868600e-01
6.025405e+00,-1.691683e+00,2.587431e-01,-5.075233e-01,2.363314e-01,2.925416e-01,4.178358e-01,6.769934e-01,-1.628905e-03,-1.236634e-01,-1.047192e+00
5.943828e+00,-1.780452e+00,5.090681e-01,-5.319066e-01,9.964961e-03,3.365550e-01,5.602033e-01,7.503689e-01,-1.402161e-01,-3.012310e-01,-8.391270e-01
6.064352e+00,-1.808821e+00,4.033094e-01,-4.635394e-01,9.323238e-02,4.979691e-01,2.219485e-01,6.894862e-01,3.630471e-02,-1.580678e-01,-1.002526e+00
5.883409e+00,-1.755679e+00,4.576513e-01,-4.624788e-01,9.684655e-02,3.131778e-01,4.635966e-01,6.962397e-01,-9.524038e-02,-2.249531e-01,-8.666331e-01
5.999304e+00,-1.691892e+00,3.599713e-01,-5.594463e-01,2.156124e-01,2.830542e-01,4.343186e-01,6.632119e-01,2.464462e-02,-1.995319e-01,-9.854419e-01
6.200181e+00,-1.828921e+00,2.660611e-01,-3.264344e-01,9.429718e-02,1.571281e-01,5.250003e-01,7.967594e-01,-1.395326e-01,-1.319567e-01,-9.156676e-01
6.036749e+00,-1.683617e+00,3.701405e-01,-4.879458e-01,7.493874e-02,2.356390e-01,5.101084e-01,8.004175e-01,-8.892932e-02,-2.246149e-01,-9.359349e-01
5.912614e+00,-1.744740e+00,4.824090e-01,-5.226156e-01,1.899106e-01,1.761675e-01,4.329137e-01,7.344199e-01,1.019597e-01,-2.757469e-01,-9.717958e-01
5.948185e+00,-1.668636e+00,5.449109e-01,-5.423340e-01,3.418020e-02,2.830860e-01,4.825217e-01,7.140109e-01,3.540228e-02,-3.062322e-01,-8.907639e-01
6.109744e+00,-1.855347e+00,4.879684e-01,-4.947332e-01,1.485693e-01,3.413813e-01,2.844526e-01,7.442221e-01,8.670685e-02,-2.843036e-01,-9.575317e-01
5.994513e+00,-1.783114e+00,3.979490e-01,-5.060053e-01,2.489852e-01,1.473625e-01,5.235154e-01,7.336645e-01,-2.898470e-02,-3.312620e-01,-8.539417e-01
6.189211e+00,-1.663360e+00,2.275995e-01,-5.129761e-01,2.834128e-01,1.249888e-01,5.746062e-01,6.744462e-01,-6.013276e-02,-1.770435e-01,-9.357993e-01
6.215597e+00,-1.882041e+00,3.547567e-01,-4.636148e-01,1.612612e-01,2.529790e-01,4.415504e-01,7.552022e-01,-6.058425e-02,-2.316194e-01,-8.414824e-01
6.109381e+00,-1.696178e+00,4.927064e-01,-7.371754e-01,2.432448e-01,3.503449e-01,4.115999e-01,6.517165e-01,5.557508e-02,-2.897233e-01,-9.046616e-01
6.015651e+00,-1.873776e+00,4.391660e-01,-4.861697e-01,2.442254e-01,1.765116e-01,4.502957e-01,6.935651e-01,2.851997e-02,-2.625889e-01,-9.067192e-01
6.072120e+00,-1.732839e+00,4.405751e-01,-6.241456e-01,1.587572e-01,3.744659e-01,3.944839e-01,6.968563e-01,4.533424e-02,-3.084875e-01,-9.380786e-01
6.145813e+00,-1.868590e+00,3.810268e-01,-4.373446e-01,1.460147e-01,2.813087e-01,4.312160e-01,7.415541e-01,-6.675729e-02,-2.475191e-01,-8.681093e-01
6.131464e+00,-1.655374e+00,1.783127e-01,-4.194537e-01,2.626493e-01,1.247889e-01,5.655004e-01,7.224069e-01,-1.862460e-01,-5.285588e-02,-1.015153e+00
6.005231e+00,-1.732559e+00,4.542802e-01,-4.884335e-01,1.274485e-01,1.613356e-01,5.305434e-01,7.583060e-01,-9.441355e-02,-2.172263e-01,-8.916395e-01
5.999367e+00,-1.805788e+00,4.657420e-01,-4.082401e-01,5.484110e-02,2.810173e-01,3.222544e-01,7.962376e-01,6.642591e-02,-2.143810e-01,-1.022189e+00
5.997895e+00,-1.692979e+00,5.119507e-01,-5.160115e-01,-2.636455e-03,2.882906e-01,5.113566e-01,7.535260e-01,-4.501140e-02,-2.188826e-01,-1.016296e+00
5.942771e+00,-1.804651e+00,4.560442e-01,-4.965928e-01,1.414741e-01,2.271401e-01,4.760568e-01,7.069542e-01,3.953419e-02,-2.403468e-01,-9.397363e-01
5.995953e+00,-1.684615e+00,3.320955e-01,-4.950855e-01,1.026087e-01,2.958255e-01,4.964303e-01,7.071994e-01,-6.574099e-02,-1.829196e-01,-9.563490e-01
6.137640e+00,-1.769202e+00,2.130555e-01,-2.545370e-01,1.043688e-01,1.378913e-01,6.158660e-01,7.053224e-01,-2.066734e-01,-1.074379e-01,-9.009387e-01
6.022515e+00,-1.742789e+00,3.623434e-01,-5.064547e-01,2.360334e-01,3.113423e-01,3.760533e-01,6.385035e-01,2.718789e-02,-1.930017e-01,-9.501032e-01
5.908553e+00,-1.787441e+00,5.360927e-01,-5.352106e-01,8.297112e-02,2.607267e-01,5.580372e-01,6.687509e-01,-8.800469e-02,-2.723334e-01,-8.083421e-01
6.218685e+00,-1.928596e+00,4.923441e-01,-6.299478e-01,2.202208e-01,3.653745e-01,3.824283e-01,6.018368e-01,1.266081e-01,-1.941576e-01,-1.035534e+00
6.046457e+00,-1.850460e+00,4.884742e-01,-5.397846e-01,4.467883e-02,3.528485e-01,5.228536e-01,7.198323e-01,-7.068184e-02,-3.399613e-01,-7.899207e-01
6.048441e+00,-1.750247e+00,3.689878e-01,-5.994891e-01,2.795578e-01,2.070142e-01,5.124966e-01,6.321155e-01,5.763846e-02,-2.099497e-01,-9.670850e-01
6.138887e+00,-1.782822e+00,2.960094e-01,-3.488159e-01,1.621281e-01,6.153143e-02,6.141158e-01,7.263030e-01,-1.711208e-01,-7.776477e-02,-9.319696e-01
6.064384e+00,-1.765163e+00,4.380945e-01,-4.167448e-01,7.954539e-02,3.070588e-01,3.836084e-01,7.483822e-01,-3.177589e-02,-2.695312e-01,-8.621413e-01
5.969868e+00,-1.817956e+00,5.238719e-01,-5.006547e-01,1.708013e-01,2.166014e-01,4.186553e-01,7.257803e-01,6.631873e-02,-2.734559e-01,-9.713460e-01
5.959346e+00,-1.692943e+00,5.734242e-01,-6.387609e-01,9.045114e-02,2.352689e-01,5.542031e-01,7.310164e-01,-3.343709e-02,-2.589579e-01,-9.831176e-01
6.042845e+00,-1.785043e+00,3.906485e-01,-4.989276e-01,1.073998e-01,3.753232e-01,3.143141e-01,7.869505e-01,9.574844e-02,-3.035964e-01,-9.772667e-01
6.021179e+00,-1.734280e+00,3.616594e-01,-4.615352e-01,1.538982e-01,1.744847e-01,5.269447e-01,7.647969e-01,-6.250765e-02,-2.727317e-01,-8.756967e-01
6.074083e+00,-1.616640e+00,1.918064e-01,-4.478580e-01,2.932039e-01,8.457474e-02,5.363143e-01,7.045319e-01,-8.472937e-02,-6.478084e-02,-1.002484e+00
6.059969e+00,-1.797447e+00,3.634908e-01,-4.301304e-01,1.502095e-01,2.783779e-01,3.772166e-01,7.816638e-01,-1.022506e-01,-1.891064e-01,-8.724705e-01
6.061631e+00,-1.652869e+00,3.976171e-01,-6.282213e-01,1.785501e-01,4.526161e-01,3.338589e-01,6.738845e-01,3.305735e-02,-2.931434e-01,-9.551541e-01
5.986942e+00,-1.836528e+00,3.729168e-01,-4.805220e-01,2.207833e-01,2.174191e-01,4.910177e-01,6.791302e-01,2.873917e-02,-3.008916e-01,-9.634528e-01
5.986447e+00,-1.646507e+00,4.261713e-01,-6.661169e-01,1.871525e-01,3.504360e-01,4.333753e-01,6.994180e-01,1.989972e-02,-3.150315e-01,-9.337335e-01
6.129268e+00,-1.836380e+00,3.289156e-01,-3.912665e-01,1.456229e-01,2.425301e-01,4.205350e-01,7.921192e-01,-8.586086e-02,-2.058737e-01,-8.673264e-01
6.130922e+00,-1.632765e+00,2.606009e-01,-4.865240e-01,2.908780e-01,7.643692e-02,5.811762e-01,6.445217e-01,-7.672110e-02,-6.490417e-02,-9.541348e-01
5.983211e+00,-1.730201e+00,4.085123e-01,-4.609015e-01,9.608327e-02,2.246515e-01,4.493934e-01,7.842480e-01,-4.718618e-02,-2.175285e-01,-8.916733e-01
6.103671e+00,-1.869178e+00,4.898237e-01,-4.707109e-01,7.830945e-02,3.052225e-01,3.334045e-01,8.276268e-01,2.718985e-02,-2.500446e-01,-1.003173e+00
5.964251e+00,-1.696883e+00,5.053678e-01,-5.182618e-01,2.053302e-02,2.818754e-01,5.396050e-01,7.400816e-01,-2.381675e-02,-3.122817e-01,-9.767386e-01
6.005567e+00,-1.857470e+00,5.177301e-01,-5.330709e-01,1.992938e-01,2.081663e-01,4.613643e-01,6.801006e-01,4.732227e-02,-2.333040e-01,-9.354187e-01
6.121225e+00,-1.747267e+00,4.205288e-01,-4.927060e-01,1.301832e-01,2.394431e-01,5.101743e-01,6.883969e-01,-8.540006e-02,-1.818065e-01,-8.353061e-01
6.173545e+00,-1.839108e+00,3.029576e-01,-3.223444e-01,1.366807e-01,1.279430e-01,5.541552e-01,7.491668e-01,-1.590412e-01,-1.188674e-01,-8.820607e-01
6.006979e+00,-1.732359e+00,3.775097e-01,-5.641944e-01,2.046759e-01,2.993565e-01,4.171884e-01,6.689719e-01,3.172321e-02,-1.819333e-01,-9.821294e-01
5.968407e+00,-1.809930e+00,4.259150e-01,-5.054935e-01,3.193800e-02,3.366392e-01,5.165872e-01,7.081555e-01,-7.321294e-02,-2.537385e-01,-8.638043e-01
6.054672e+00,-1.791636e+00,4.093704e-01,-5.854538e-01,1.936923e-01,4.029603e-01,3.459132e-01,6.160351e-01,1.019867e-01,-2.085466e-01,-1.026686e+00
5.929027e+00,-1.745048e+00,4.813748e-01,-4.921781e-01,2.673044e-02,3.396391e-01,5.296020e-01,7.219822e-01,-1.615027e-01,-2.775666e-01,-8.408428e-01
6.065481e+00,-1.757776e+00,3.481884e-01,-4.625355e-01,2.387660e-01,2.384065e-01,4.078876e-01,6.598248e-01,-2.530052e-02,-1.159342e-01,-9.699837e-01
6.093980e+00,-1.766999e+00,3.279599e-01,-3.606896e-01,1.188261e-01,1.506245e-01,5.588570e-01,7.620066e-01,-1.952229e-01,-1.164398e-01,-8.721477e-01
6.072985e+00,-1.785131e+00,4.088962e-01,-5.129941e-01,1.216120e-01,3.001967e-01,4.362075e-01,7.319899e-01,2.897516e-02,-2.730497e-01,-9.644001e-01
5.963037e+00,-1.785142e+00,4.613655e-01,-4.918073e-01,8.723072e-02,2.583960e-01,4.182728e-01,7.814332e-01,2.563368e-02,-2.249958e-01,-1.013052e+00
5.959176e+00,-1.702725e+00,5.452020e-01,-5.886921e-01,3.013856e-02,2.980811e-01,4.557183e-01,7.947401e-01,-2.933884e-02,-2.500205e-01,-9.837139e-01
6.028441e+00,-1.804957e+00,4.724417e-01,-5.016435e-01,1.827581e-01,2.771844e-01,3.245927e-01,7.374320e-01,7.489628e-02,-2.493252e-01,-9.749309e-01
6.061482e+00,-1.720702e+00,3.954534e-01,-4.283928e-01,1.331562e-01,1.528831e-01,5.784087e-01,7.128001e-01,-9.790627e-02,-2.667403e-01,-8.518737e-01
6.142890e+00,-1.753437e+00,2.784802e-01,-4.893748e-01,3.229410e-01,1.345429e-01,4.855719e-01,7.246140e-01,-1.012897e-01,-1.188090e-01,-9.723786e-01
6.166637e+00,-1.930886e+00,4.902609e-01,-5.928908e-01,2.483116e-01,2.285958e-01,4.756786e-01,7.661425e-01,-9.591412e-02,-2.503210e-01,-8.922652e-01
6.155646e+00,-1.720252e+00,3.899574e-01,-6.477472e-01,1.849351e-01,4.207745e-01,3.768798e-01,6.318854e-01,1.186952e-01,-3.248489e-01,-9.618246e-01
6.097576e+00,-1.931264e+00,4.759322e-01,-5.324453e-01,2.048983e-01,2.455754e-01,4.100657e-01,7.169241e-01,4.794480e-02,-3.104262e-01,-8.621740e-01
5.979803e+00,-1.614530e+00,4.428289e-01,-6.734929e-01,2.001913e-01,3.379847e-01,3.875662e-01,7.260449e-01,-2.350200e-02,-2.368801e-01,-9.525931e-01
6.139573e+00,-1.831625e+00,2.921944e-01,-3.555804e-01,1.958562e-01,1.618652e-01,4.728087e-01,7.651183e-01,-1.168550e-01,-1.824538e-01,-8.992418e-01
6.121067e+00,-1.607829e+00,2.232759e-01,-4.705704e-01,1.748055e-01,2.600775e-01,5.149065e-01,7.035704e-01,-9.839093e-02,-1.715575e-01,-9.283879e-01
5.920237e+00,-1.727239e+00,3.961723e-01,-4.862918e-01,1.806384e-01,2.019062e-01,4.908579e-01,7.298442e-01,-1.861442e-02,-2.456062e-01,-9.260132e-01
5.995893e+00,-1.761253e+00,4.239866e-01,-4.317000e-01,8.461277e-02,2.928769e-01,3.641273e-01,8.057029e-01,1.444830e-02,-2.363541e-01,-1.026755e+00
6.039521e+00,-1.768487e+00,5.291982e-01,-4.235785e-01,-6.991363e-02,3.435581e-01,3.933220e-01,7.856678e-01,3.834512e-02,-3.240810e-01,-8.994218e-01
5.920868e+00,-1.748062e+00,4.335919e-01,-4.744935e-01,1.567439e-01,1.743982e-01,4.760164e-01,6.513761e-01,1.166743e-01,-2.358727e-01,-9.211464e-01
6.047569e+00,-1.612912e+00,3.126455e-01,-5.020970e-01,1.115414e-01,2.154820e-01,5.870553e-01,7.532617e-01,-2.147331e-01,-5.720080e-02,-9.929348e-01
6.094001e+00,-1.797704e+00,2.454765e-01,-2.998877e-01,8.060844e-02,2.416316e-01,4.730508e-01,8.147129e-01,-1.686735e-01,-1.574133e-01,-8.995337e-01
5.959821e+00,-1.696839e+00,3.396248e-01,-4.998114e-01,1.332031e-01,3.467357e-01,4.661137e-01,6.246769e-01,7.397478e-02,-2.901133e-01,-9.311750e-01
5.935833e+00,-1.829700e+00,4.605065e-01,-4.546690e-01,1.319870e-01,2.512108e-01,5.292851e-01,6.297028e-01,-5.510834e-02,-2.033243e-01,-8.923410e-01
6.134129e+00,-1.861010e+00,5.041833e-01,-6.018124e-01,1.892351e-01,4.736601e-01,2.093507e-01,7.165180e-01,-2.467762e-03,-1.152137e-01,-1.036854e+00
6.017688e+00,-1.777915e+00,4.816244e-01,-4.981157e-01,-4.487924e-05,3.111641e-01,5.672474e-01,6.951658e-01,-9.721828e-02,-3.053654e-01,-7.918467e-01
6.080543e+00,-1.704913e+00,2.240654e-01,-4.644264e-01,2.329284e-01,1.701092e-01,5.375628e-01,6.265202e-01,1.493757e-02,-1.102432e-01,-1.027006e+00
6.138218e+00,-1.823533e+00,4.021092e-01,-4.739503e-01,1.048991e-01,1.994464e-01,5.565111e-01,8.268809e-01,-2.387503e-01,-1.285094e-01,-8.966016e-01
6.119415e+00,-1.861781e+00,4.991910e-01,-5.803654e-01,2.079598e-01,2.646706e-01,4.284106e-01,6.814408e-01,8.043230e-02,-2.670902e-01,-9.283441e-01
5.977754e+00,-1.816874e+00,5.419322e-01,-4.817504e-01,1.298703e-01,1.847835e-01,4.969660e-01,6.579332e-01,8.690058e-02,-2.579146e-01,-9.503802e-01
5.975402e+00,-1.780332e+00,6.252228e-01,-5.692081e-01,1.124866e-01,2.580711e-01,4.293857e-01,7.245876e-01,5.445561e-02,-3.137811e-01,-9.106856e-01
6.024282e+00,-1.798531e+00,4.411809e-01,-5.149700e-01,1.949073e-01,2.399044e-01,3.915095e-01,7.532323e-01,4.399942e-02,-2.561881e-01,-9.922956e-01
6.055157e+00,-1.632920e+00,3.159215e-01,-4.524968e-01,8.613434e-02,1.229433e-01,6.920170e-01,7.008016e-01,-1.198510e-01,-2.282689e-01,-9.043156e-01
6.104839e+00,-1.729077e+00,2.432492e-01,-4.783249e-01,2.502743e-01,1.787982e-01,4.582500e-01,7.422727e-01,-3.703945e-02,-1.693730e-01,-9.710059e-01
6.083861e+00,-1.829573e+00,4.300246e-01,-4.766127e-01,9.445787e-02,3.559958e-01,3.339773e-01,8.631085e-01,-1.698921e-01,-1.908453e-01,-8.750058e-01
6.039091e+00,-1.669098e+00,3.687600e-01,-5.692060e-01,2.107625e-01,3.624478e-01,3.468958e-01,6.292164e-01,9.028850e-02,-2.233784e-01,-1.006192e+00
5.953643e+00,-1.820116e+00,4.176398e-01,-4.961044e-01,1.846128e-01,2.836202e-01,4.113701e-01,7.014616e-01,2.243134e-02,-3.094798e-01,-9.029064e-01
6.095189e+00,-1.695628e+00,4.014641e-01,-6.252048e-01,1.873128e-01,4.348616e-01,3.080019e-01,7.808042e-01,-8.637183e-02,-2.131063e-01,-1.009588e+00
6.079009e+00,-1.756246e+00,1.900406e-01,-3.353454e-01,1.942133e-01,1.539278e-01,4.957218e-01,8.252388e-01,-2.104088e-01,-1.178159e-01,-9.822028e-01
6.084841e+00,-1.579503e+00,2.946652e-01,-5.295621e-01,1.569612e-01,2.319405e-01,5.249177e-01,6.926125e-01,-6.556965e-02,-2.039096e-01,-9.047860e-01
5.970375e+00,-1.737822e+00,3.739731e-01,-4.229578e-01,1.025004e-01,2.705658e-01,3.740600e-01,7.637020e-01,7.558429e-03,-2.189728e-01,-9.009920e-01
6.090819e+00,-1.820309e+00,4.938983e-01,-5.108470e-01,1.467850e-01,2.413436e-01,4.003848e-01,7.535028e-01,4.250759e-02,-2.242980e-01,-1.013770e+00
5.975560e+00,-1.779194e+00,5.354324e-01,-5.162437e-01,7.373137e-02,2.290474e-01,4.827941e-01,7.477802e-01,7.964676e-02,-3.455528e-01,-9.372089e-01
6.086963e+00,-1.862169e+00,4.564821e-01,-4.855789e-01,1.341962e-01,2.523216e-01,4.286003e-01,7.537931e-01,1.041090e-02,-2.480449e-01,-9.412910e-01
6.136842e+00,-1.652016e+00,3.463198e-01,-5.009061e-01,1.389927e-01,2.076876e-01,6.068692e-01,7.470681e-01,-2.769167e-01,-6.279876e-02,-9.772719e-01
6.133659e+00,-1.886474e+00,4.001304e-01,-4.150167e-01,1.932669e-01,1.680550e-01,4.656366e-01,7.636199e-01,-1.447467e-01,-1.187502e-01,-9.355767e-01
6.046504e+00,-1.775172e+00,4.661302e-01,-5.442599e-01,1.301138e-01,2.983986e-01,4.687019e-01,6.176464e-01,5.304945e-02,-2.575007e-01,-9.048559e-01
6.017311e+00,-1.908329e+00,4.823186e-01,-5.174476e-01,1.613984e-01,2.236561e-01,5.350367e-01,6.615018e-01,-1.603335e-02,-2.232280e-01,-9.065744e-01
6.068064e+00,-1.801249e+00,4.551320e-01,-6.804758e-01,2.408303e-01,4.020825e-01,3.600794e-01,6.394831e-01,7.268146e-02,-2.018281e-01,-1.016209e+00
6.053480e+00,-1.808191e+00,4.289610e-01,-4.768323e-01,2.152104e-03,3.412816e-01,5.622201e-01,7.251714e-01,-1.221971e-01,-2.651526e-01,-8.453954e-01
6.112947e+00,-1.722954e+00,2.452417e-01,-4.285085e-01,2.687196e-01,1.510507e-01,5.245620e-01,6.167693e-01,-2.548182e-02,-6.825917e-02,-1.034599e+00
6.032892e+00,-1.788789e+00,4.725070e-01,-4.568109e-01,1.345350e-01,1.779932e-01,5.526158e-01,7.840861e-01,-2.594004e-01,-1.429169e-01,-8.792595e-01
6.099454e+00,-1.838190e+00,4.834340e-01,-5.157520e-01,1.352443e-01,3.612153e-01,2.982710e-01,7.559551e-01,-5.144342e-03,-1.352399e-01,-1.045105e+00
5.940308e+00,-1.746319e+00,4.572034e-01,-4.522002e-01,1.180487e-02,2.836062e-01,4.928802e-01,6.706811e-01,1.067292e-01,-3.206591e-01,-9.062856e-01
6.024877e+00,-1.813252e+00,5.710235e-01,-6.234869e-01,1.155603e-01,2.832254e-01,4.238985e-01,8.196330e-01,2.864288e-03,-2.301529e-01,-1.059586e+00
6.046700e+00,-1.813418e+00,4.301100e-01,-4.779039e-01,1.466051e-01,2.428468e-01,3.851648e-01,8.222874e-01,-3.255104e-02,-1.671051e-01,-1.035073e+00
6.117238e+00,-1.691027e+00,3.462551e-01,-4.177417e-01,7.624841e-02,1.579196e-01,6.141265e-01,7.300745e-01,-1.340421e-01,-1.961056e-01,-8.525607e-01
6.054481e+00,-1.755190e+00,3.470087e-01,-4.751834e-01,2.950580e-01,1.629986e-01,4.409440e-01,6.604766e-01,3.518950e-02,-2.131928e-01,-9.060945e-01
6.081366e+00,-1.832552e+00,4.877087e-01,-5.290016e-01,1.324363e-01,3.326098e-01,3.921514e-01,8.466299e-01,-2.226455e-01,-1.852532e-01,-9.248522e-01
6.191326e+00,-1.840714e+00,4.368733e-01,-6.302997e-01,2.092059e-01,4.186203e-01,3.097367e-01,6.964147e-01,8.110366e-02,-2.813717e-01,-9.702930e-01
6.071024e+00,-1.883522e+00,4.526227e-01,-5.516627e-01,1.707142e-01,2.787770e-01,4.778374e-01,6.588705e-01,9.466886e-02,-3.899276e-01,-8.481735e-01
6.077954e+00,-1.672304e+00,3.631330e-01,-6.455244e-01,2.729563e-01,2.997797e-01,4.143112e-01,6.806032e-01,4.144810e-02,-2.460287e-01,-9.577029e-01
6.179934e+00,-1.847202e+00,3.100812e-01,-3.843974e-01,2.443471e-01,9.755272e-02,4.738360e-01,8.063795e-01,-1.569648e-01,-1.287782e-01,-8.610621e-01
6.093789e+00,-1.599403e+00,3.735828e-01,-5.958289e-01,1.768679e-01,2.244226e-01,5.511081e-01,6.579175e-01,-1.664171e-02,-2.665692e-01,-8.722148e-01
6.040913e+00,-1.807927e+00,3.970362e-01,-4.642921e-01,1.955982e-01,2.008327e-01,4.736900e-01,6.854452e-01,3.612477e-02,-2.563077e-01,-9.497663e-01
6.119920e+00,-1.829876e+00,5.169564e-01,-5.731853e-01,1.161597e-01,3.771076e-01,3.110639e-01,8.701898e-01,-9.424551e-02,-1.867344e-01,-1.077055e+00
5.941746e+00,-1.772412e+00,4.936274e-01,-4.647717e-01,6.849801e-02,2.544448e-01,4.064013e-01,7.869540e-01,4.067616e-02,-2.938063e-01,-9.738595e-01
5.963970e+00,-1.718668e+00,3.696034e-01,-4.034587e-01,1.283805e-01,1.653308e-01,5.058766e-01,6.664230e-01,8.071712e-02,-2.419753e-01,-9.622765e-01
6.153638e+00,-1.671003e+00,3.576411e-01,-4.732993e-01,1.145412e-01,2.081390e-01,5.248129e-01,7.956676e-01,-2.300321e-01,-6.993548e-02,-9.273469e-01
6.061211e+00,-1.825947e+00,3.608662e-01,-4.189131e-01,1.480709e-01,2.359514e-01,3.966603e-01,8.360226e-01,-1.776134e-01,-4.926916e-02,-9.999379e-01
6.001069e+00,-1.701429e+00,3.692382e-01,-5.294322e-01,7.131804e-02,3.242476e-01,5.399883e-01,6.412841e-01,-5.597362e-03,-2.628356e-01,-9.682652e-01
6.055381e+00,-1.942309e+00,4.686074e-01,-4.514575e-01,1.040722e-01,3.108277e-01,4.325081e-01,7.169508e-01,-2.745790e-02,-2.906381e-01,-8.777646e-01
6.090378e+00,-1.808757e+00,4.820046e-01,-6.321720e-01,1.822327e-01,4.774928e-01,2.655235e-01,7.284040e-01,-6.346922e-02,-1.316272e-01,-1.042836e+00
6.027431e+00,-1.820303e+00,4.637357e-01,-4.758677e-01,1.419552e-01,1.956995e-01,5.835300e-01,6.279203e-01,-1.140006e-01,-1.539589e-01,-8.796858e-01
6.177947e+00,-1.759418e+00,2.795621e-01,-4.512130e-01,2.571724e-01,1.725534e-01,4.924202e-01,6.485983e-01,-3.626215e-02,-6.000348e-02,-1.025303e+00
6.131245e+00,-1.867919e+00,5.019848e-01,-5.330635e-01,8.034436e-02,2.276631e-01,5.794045e-01,8.096263e-01,-2.157549e-01,-2.356810e-01,-8.355183e-01
6.018877e+00,-1.790426e+00,4.236994e-01,-5.712016e-01,1.964800e-01,2.707408e-01,4.254420e-01,6.968644e-01,4.315550e-02,-1.459305e-01,-1.086805e+00
5.933094e+00,-1.737943e+00,5.028860e-01,-5.141089e-01,8.116388e-03,3.015709e-01,5.123962e-01,6.600416e-01,9.285746e-02,-3.549075e-01,-8.664419e-01
6.041619e+00,-1.839984e+00,5.930165e-01,-5.274688e-01,9.796256e-02,3.091884e-01,3.360364e-01,7.846458e-01,2.076595e-02,-2.424116e-01,-9.945916e-01
6.014920e+00,-1.794817e+00,4.527659e-01,-4.198022e-01,1.640349e-01,1.578958e-01,4.623042e-01,7.315740e-01,-1.662221e-02,-2.033729e-01,-9.500417e-01
6.007336e+00,-1.664277e+00,3.165257e-01,-4.189505e-01,1.562140e-01,1.028735e-01,6.266519e-01,7.055453e-01,-1.257708e-01,-1.948127e-01,-8.630995e-01
6.130892e+00,-1.813584e+00,3.472969e-01,-5.242806e-01,2.382573e-01,2.469843e-01,4.423077e-01,7.026498e-01,4.437896e-02,-2.638975e-01,-9.221221e-01
6.031333e+00,-1.739297e+00,4.301919e-01,-5.388165e-01,5.866761e-02,3.296487e-01,4.937345e-01,7.989294e-01,-1.577446e-01,-2.478695e-01,-8.941702e-01
5.934440e+00,-1.686097e+00,3.364836e-01,-5.596125e-01,1.928586e-01,3.772118e-01,3.162891e-01,6.923371e-01,9.818015e-02,-2.329562e-01,-1.008327e+00
5.960244e+00,-1.775458e+00,3.952280e-01,-4.213842e-01,7.529673e-02,3.348317e-01,3.821558e-01,7.199394e-01,3.002731e-02,-3.461824e-01,-7.874525e-01
5.971823e+00,-1.565378e+00,2.402018e-01,-4.936237e-01,2.282699e-01,3.360922e-01,3.504181e-01,6.794625e-01,8.103296e-04,-1.833746e-01,-9.997015e-01
6.078688e+00,-1.763802e+00,2.310037e-01,-3.720683e-01,2.311942e-01,1.401479e-01,5.072348e-01,8.110297e-01,-1.932438e-01,-1.425843e-01,-9.233273e-01
6.001222e+00,-1.541614e+00,3.002392e-01,-5.634855e-01,1.484386e-01,3.197878e-01,4.847488e-01,7.082962e-01,-3.761648e-02,-2.801379e-01,-8.934792e-01
6.053313e+00,-1.806563e+00,3.537657e-01,-4.209343e-01,1.409896e-01,2.462974e-01,4.341168e-01,7.598371e-01,4.405566e-03,-2.473010e-01,-9.667262e-01
6.052558e+00,-1.753095e+00,5.545995e-01,-6.203820e-01,1.297160e-01,3.335122e-01,3.467781e-01,7.959742e-01,-6.002132e-03,-2.080437e-01,-1.004915e+00
5.999486e+00,-1.812123e+00,5.121029e-01,-4.512884e-01,6.125948e-02,2.445492e-01,3.451982e-01,8.223638e-01,6.790082e-02,-2.690245e-01,-9.358589e-01
6.104515e+00,-1.769874e+00,3.914334e-01,-4.477040e-01,1.514002e-01,1.456767e-01,5.263600e-01,7.053318e-01,3.362690e-02,-2.352241e-01,-9.683763e-01
6.189525e+00,-1.749812e+00,3.892676e-01,-5.343970e-01,2.210507e-01,1.345412e-01,5.739207e-01,7.999332e-01,-2.400287e-01,-8.529694e-02,-9.826603e-01
6.102918e+00,-1.880137e+00,4.167176e-01,-4.888983e-01,2.081637e-01,2.216802e-01,4.731181e-01,7.364456e-01,-7.560400e-02,-1.679338e-01,-9.370105e-01
6.064220e+00,-1.764927e+00,4.834678e-01,-5.698455e-01,1.370912e-01,2.790422e-01,5.566876e-01,6.287312e-01,-4.597947e-02,-2.291194e-01,-9.354825e-01
5.977104e+00,-1.893147e+00,4.609303e-01,-4.245526e-01,1.189696e-01,2.931515e-01,3.965065e-01,7.235952e-01,-3.967983e-03,-2.508809e-01,-9.076181e-01
6.060186e+00,-1.760681e+00,4.828557e-01,-6.409414e-01,1.627198e-01,4.054914e-01,3.473786e-01,7.037818e-01,-2.441075e-02,-1.477904e-01,-9.854496e-01
6.066125e+00,-1.782820e+00,3.072799e-01,-4.196439e-01,9.162788e-02,2.151652e-01,6.081795e-01,6.418305e-01,-7.823357e-02,-1.638982e-01,-8.880936e-01
6.131418e+00,-1.691278e+00,2.086457e-01,-4.600320e-01,2.417464e-01,1.969220e-01,5.303756e-01,6.211706e-01,-1.957865e-04,-1.394176e-01,-9.953543e-01
6.058777e+00,-1.841597e+00,4.791465e-01,-4.819904e-01,7.714769e-02,2.476199e-01,5.408003e-01,8.085519e-01,-2.224277e-01,-2.217924e-01,-8.584251e-01
5.972925e+00,-1.770845e+00,4.186407e-01,-4.640600e-01,1.588893e-01,3.148203e-01,3.370754e-01,6.981110e-01,1.603435e-02,-1.270727e-01,-1.051506e+00
5.867694e+00,-1.702388e+00,5.622673e-01,-5.248522e-01,4.361985e-02,2.913662e-01,5.176739e-01,6.360264e-01,3.069754e-02,-2.963676e-01,-8.963918e-01
6.031095e+00,-1.784144e+00,4.675445e-01,-4.669400e-01,3.150002e-02,3.719632e-01,3.060638e-01,8.317727e-01,-2.550323e-03,-1.933456e-01,-1.066377e+00
6.079332e+00,-1.790536e+00,4.066162e-01,-4.191216e-01,5.099666e-02,2.190008e-01,4.465749e-01,8.738431e-01,-1.513400e-01,-9.394580e-02,-1.053117e+00
6.021106e+00,-1.680031e+00,2.680528e-01,-4.264414e-01,1.525013e-01,1.093273e-01,5.874039e-01,7.826653e-01,-1.593225e-01,-1.281891e-01,-9.703762e-01
6.041741e+00,-1.730623e+00,3.017141e-01,-4.163149e-01,1.485216e-01,2.980256e-01,3.877165e-01,6.817154e-01,5.548297e-02,-2.310536e-01,-9.540124e-01
6.081917e+00,-1.775322e+00,5.152563e-01,-5.065703e-01,1.872280e-03,4.001755e-01,4.066783e-01,8.248862e-01,-2.203866e-01,-1.937319e-01,-8.850799e-01
5.976284e+00,-1.784867e+00,4.369459e-01,-5.804489e-01,2.435510e-01,3.617606e-01,2.902748e-01,6.972293e-01,4.561826e-02,-2.143282e-01,-1.014117e+00
5.942154e+00,-1.765528e+00,3.916886e-01,-4.769732e-01,1.354173e-01,2.789878e-01,5.066061e-01,6.792139e-01,2.892811e-05,-3.806681e-01,-8.178994e-01
6.216436e+00,-1.722613e+00,2.501496e-01,-5.097009e-01,1.726718e-01,3.932794e-01,3.301392e-01,7.393672e-01,-1.062236e-03,-2.246746e-01,-9.832990e-01
6.152852e+00,-1.802494e+00,3.038338e-01,-4.660733e-01,2.487712e-01,1.079449e-01,5.099488e-01,8.099302e-01,-1.878070e-01,-1.338597e-01,-8.809675e-01
6.041728e+00,-1.617395e+00,3.841442e-01,-6.575581e-01,2.861571e-01,1.994786e-01,5.060699e-01,6.309399e-01,3.548557e-02,-2.204009e-01,-9.424954e-01
6.118735e+00,-1.879297e+00,4.080904e-01,-3.796846e-01,1.142931e-01,2.600027e-01,3.925546e-01,7.137389e-01,7.301720e-02,-3.271307e-01,-8.542402e-01
6.081882e+00,-1.762815e+00,5.877353e-01,-6.724849e-01,1.280905e-01,3.483496e-01,4.033607e-01,7.660864e-01,9.052422e-03,-3.048234e-01,-9.634037e-01
5.939332e+00,-1.786166e+00,4.769411e-01,-5.127560e-01,1.963954e-01,1.601420e-01,4.552139e-01,7.569077e-01,4.223007e-02,-2.563765e-01,-1.018595e+00
6.029722e+00,-1.667932e+00,3.001835e-01,-3.996430e-01,1.239724e-01,1.836782e-01,5.442213e-01,7.028027e-01,1.485616e-02,-2.904596e-01,-9.286723e-01
6.117393e+00,-1.688659e+00,2.898267e-01,-3.743188e-01,1.028395e-01,2.016644e-01,4.702681e-01,8.102901e-01,-1.617693e-01,-1.262462e-01,-9.082909e-01
5.919231e+00,-1.704940e+00,3.201131e-01,-3.984905e-01,1.472170e-01,1.914812e-01,4.614078e-01,7.115177e-01,-4.129480e-02,-1.231780e-01,-9.452170e-01
6.002822e+00,-1.721698e+00,4.594330e-01,-6.019485e-01,1.480643e-01,2.772956e-01,5.482624e-01,6.357022e-01,6.568639e-03,-2.609363e-01,-9.072976e-01
6.061275e+00,-1.946193e+00,4.577266e-01,-4.553276e-01,1.044683e-01,3.434681e-01,3.794854e-01,7.541888e-01,2.099596e-03,-2.925081e-01,-8.984782e-01
6.054467e+00,-1.725172e+00,4.235909e-01,-6.131712e-01,1.051116e-01,4.317358e-01,4.251034e-01,7.253417e-01,-7.546932e-02,-1.875570e-01,-1.007339e+00
6.041812e+00,-1.798815e+00,3.161570e-01,-3.845068e-01,1.759131e-01,1.712033e-01,5.898327e-01,6.421822e-01,-1.261332e-01,-1.271117e-01,-8.851763e-01
6.079782e+00,-1.662747e+00,2.451566e-01,-4.402667e-01,2.381228e-01,2.452252e-01,4.578355e-01,6.309909e-01,-4.090180e-02,-1.153058e-01,-9.620347e-01
6.047202e+00,-1.836007e+00,4.578003e-01,-4.155622e-01,5.598577e-02,2.260642e-01,5.208164e-01,7.533130e-01,-1.365799e-01,-2.022934e-01,-8.503928e-01
6.020170e+00,-1.805579e+00,4.437503e-01,-5.513391e-01,1.640059e-01,3.175170e-01,3.613551e-01,6.985014e-01,7.915215e-02,-1.620380e-01,-1.060962e+00
5.888158e+00,-1.695968e+00,5.199055e-01,-5.715683e-01,-9.883355e-03,3.436142e-01,5.484731e-01,7.185698e-01,3.507127e-03,-3.738758e-01,-8.237214e-01
6.039611e+00,-1.782110e+00,4.648014e-01,-5.074957e-01,1.021873e-01,2.912272e-01,4.039564e-01,7.300377e-01,8.626028e-02,-2.184507e-01,-1.031274e+00
6.091362e+00,-1.810679e+00,4.670083e-01,-4.244886e-01,7.314316e-02,1.780424e-01,5.038920e-01,8.046716e-01,-1.030552e-01,-1.745175e-01,-9.170877e-01
5.976255e+00,-1.700556e+00,3.323066e-01,-3.519938e-01,1.870033e-01,1.024806e-01,5.292911e-01,6.991999e-01,-5.417244e-02,-2.222825e-01,-8.284776e-01
6.063514e+00,-1.792709e+00,3.994618e-01,-5.019958e-01,2.501509e-01,1.885335e-01,4.926234e-01,6.206634e-01,6.574427e-02,-2.596702e-01,-9.320947e-01
5.961636e+00,-1.707551e+00,4.429179e-01,-5.454927e-01,3.979142e-02,3.606919e-01,4.971519e-01,7.032770e-01,-4.193718e-02,-3.117594e-01,-8.273744e-01
6.007958e+00,-1.793586e+00,3.921570e-01,-5.898495e-01,1.936456e-01,3.721637e-01,3.547243e-01,6.689023e-01,1.546473e-01,-3.541392e-01,-8.852206e-01
5.996223e+00,-1.785996e+00,4.485320e-01,-5.578461e-01,1.807624e-01,1.906328e-01,6.008017e-01,6.840939e-01,-4.138783e-02,-3.295236e-01,-8.563263e-01
6.025516e+00,-1.606544e+00,1.984197e-01,-4.421140e-01,2.179773e-01,2.949134e-01,3.650406e-01,6.815181e-01,4.237168e-02,-1.884133e-01,-9.837657e-01
6.015299e+00,-1.688925e+00,2.607992e-01,-3.856749e-01,1.834949e-01,1.613647e-01,4.858301e-01,7.839774e-01,-1.810242e-01,-1.606606e-01,-8.392481e-01
5.989606e+00,-1.579784e+00,2.910434e-01,-5.579063e-01,2.686307e-01,2.699719e-01,4.551973e-01,6.121749e-01,3.502546e-02,-2.343424e-01,-9.772195e-01
6.062122e+00,-1.869635e+00,4.039886e-01,-4.563234e-01,1.490272e-01,2.769782e-01,4.095550e-01,7.622066e-01,-4.892812e-03,-3.018959e-01,-9.556589e-01
6.037843e+00,-1.694576e+00,5.234953e-01,-6.154474e-01,2.767560e-02,4.202609e-01,3.393638e-01,8.294924e-01,-2.119829e-02,-3.216121e-01,-9.326957e-01
5.993575e+00,-1.762990e+00,4.143367e-01,-4.331693e-01,1.171648e-01,2.051977e-01,3.991091e-01,7.872131e-01,6.612214e-02,-2.559484e-01,-9.684343e-01
6.013019e+00,-1.626011e+00,3.723727e-01,-4.529091e-01,1.311029e-01,1.565895e-01,4.877768e-01,7.703562e-01,-5.003650e-02,-1.834800e-01,-9.736935e-01
6.192454e+00,-1.798323e+00,3.568868e-01,-4.092562e-01,1.366821e-01,1.853754e-01,4.491719e-01,8.242582e-01,-1.457646e-01,-1.067987e-01,-9.465115e-01
6.093113e+00,-1.844786e+00,3.963473e-01,-4.824656e-01,1.766898e-01,2.024015e-01,4.913403e-01,7.484112e-01,-1.007960e-01,-1.553414e-01,-9.759568e-01
5.950708e+00,-1.714702e+00,4.523619e-01,-6.227496e-01,2.289142e-01,2.448462e-01,5.750574e-01,5.741592e-01,5.027189e-02,-3.313099e-01,-9.146739e-01
6.078408e+00,-1.946091e+00,4.607310e-01,-4.421215e-01,9.767995e-02,3.595277e-01,3.594829e-01,7.332825e-01,-3.721635e-03,-2.895822e-01,-8.981813e-01
6.069350e+00,-1.719333e+00,4.803506e-01,-6.073206e-01,1.299957e-01,3.164747e-01,5.098492e-01,6.183437e-01,-3.247920e-02,-2.199226e-01,-9.041706e-01
5.977285e+00,-1.757989e+00,3.002315e-01,-3.988846e-01,2.179790e-01,8.821501e-02,6.047955e-01,6.692032e-01,-1.182958e-01,-9.997878e-02,-9.080741e-01
6.110717e+00,-1.670450e+00,2.773560e-01,-5.605608e-01,2.658765e-01,2.227306e-01,5.269010e-01,5.965638e-01,-1.546894e-03,-1.561634e-01,-9.321133e-01
6.133967e+00,-1.892002e+00,3.790107e-01,-3.521023e-01,-6.198030e-02,3.787971e-01,4.383355e-01,8.147408e-01,-1.284717e-01,-2.308989e-01,-8.579212e-01
5.877717e+00,-1.690824e+00,3.844994e-01,-5.290211e-01,1.535660e-01,3.598750e-01,3.346981e-01,7.096351e-01,5.403086e-02,-1.832085e-01,-1.073836e+00
5.797056e+00,-1.653584e+00,5.048193e-01,-4.855911e-01,1.727780e-02,3.049810e-01,5.290605e-01,6.891762e-01,-2.757714e-02,-3.500908e-01,-8.243054e-01
6.081876e+00,-1.777848e+00,4.245525e-01,-3.571638e-01,-6.923823e-03,4.011788e-01,2.655180e-01,7.786607e-01,8.154300e-03,-1.191169e-01,-1.035609e+00
6.002944e+00,-1.706489e+00,4.195589e-01,-3.923470e-01,1.485840e-02,1.991845e-01,4.998244e-01,8.480169e-01,-1.753992e-01,-1.220225e-01,-9.529842e-01
5.921454e+00,-1.655775e+00,2.541908e-01,-3.938377e-01,1.521755e-01,1.606669e-01,4.992877e-01,8.305339e-01,-1.174193e-01,-1.441060e-01,-9.967312e-01
6.112743e+00,-1.810017e+00,3.694443e-01,-4.538528e-01,8.683445e-02,3.297367e-01,4.015673e-01,7.626348e-01,-1.595124e-02,-2.296070e-01,-9.238388e-01
6.027276e+00,-1.789273e+00,4.498866e-01,-5.195259e-01,8.765698e-03,4.379720e-01,3.880258e-01,7.522075e-01,-4.876242e-02,-2.426218e-01,-8.931949e-01
5.913420e+00,-1.744039e+00,4.259620e-01,-5.455248e-01,2.237328e-01,3.352085e-01,3.197889e-01,6.715664e-01,6.355098e-02,-2.076468e-01,-9.820794e-01
6.032555e+00,-1.790056e+00,4.907506e-01,-5.147154e-01,1.488322e-01,2.164014e-01,5.551426e-01,7.216865e-01,-1.431856e-01,-3.015935e-01,-8.030272e-01
6.134873e+00,-1.716396e+00,2.325700e-01,-4.472987e-01,1.923511e-01,3.732348e-01,2.771348e-01,8.050508e-01,-6.321492e-02,-1.479578e-01,-1.017049e+00
6.054897e+00,-1.701816e+00,2.623986e-01,-4.244532e-01,1.350589e-01,2.256606e-01,5.203163e-01,7.899047e-01,-1.679316e-01,-1.935586e-01,-8.596549e-01
6.020731e+00,-1.591249e+00,2.466557e-01,-5.715697e-01,2.503538e-01,3.048720e-01,4.345350e-01,6.435131e-01,7.548772e-02,-2.297481e-01,-9.830328e-01
6.011422e+00,-1.847646e+00,4.579805e-01,-4.840031e-01,1.589915e-01,2.471126e-01,3.983675e-01,7.504639e-01,4.270652e-02,-2.986026e-01,-8.723628e-01
6.013722e+00,-1.700134e+00,5.196284e-01,-6.126900e-01,1.215244e-01,3.085743e-01,3.944397e-01,7.204040e-01,1.042179e-01,-3.451830e-01,-9.036560e-01
5.933710e+00,-1.683454e+00,3.382232e-01,-3.712248e-01,1.347499e-01,1.699138e-01,4.465773e-01,7.186332e-01,1.013926e-01,-3.066645e-01,-9.252586e-01
5.936031e+00,-1.528552e+00,3.346450e-01,-5.074159e-01,1.577571e-01,1.613211e-01,5.664868e-01,7.532606e-01,-5.888036e-02,-2.779498e-01,-9.196679e-01
6.113246e+00,-1.752700e+00,2.814262e-01,-3.712268e-01,1.533142e-01,1.789526e-01,4.900705e-01,7.775968e-01,-9.616650e-02,-1.493721e-01,-9.723714e-01
5.998995e+00,-1.729926e+00,3.082868e-01,-3.811970e-01,9.422556e-02,2.570135e-01,4.690078e-01,7.439452e-01,-7.276053e-02,-1.827919e-01,-9.659907e-01
5.965457e+00,-1.734059e+00,4.379860e-01,-5.224148e-01,1.075642e-01,3.821112e-01,3.353917e-01,7.550400e-01,-1.632377e-02,-2.405659e-01,-9.279305e-01
5.904720e+00,-1.779665e+00,3.901387e-01,-4.423304e-01,1.316710e-01,2.776325e-01,4.126533e-01,6.797064e-01,4.926215e-02,-2.605190e-01,-8.824396e-01
6.044780e+00,-1.634939e+00,3.272544e-01,-5.251499e-01,4.126967e-02,3.661190e-01,5.302188e-01,6.564933e-01,-6.039197e-02,-2.274743e-01,-9.328138e-01
6.056934e+00,-1.793220e+00,2.530455e-01,-3.473584e-01,1.622227e-01,1.688334e-01,5.445960e-01,7.414569e-01,-1.724776e-01,-1.375130e-01,-9.120561e-01
6.025053e+00,-1.617828e+00,2.796634e-01,-5.473653e-01,2.245611e-01,2.810769e-01,5.061859e-01,6.641325e-01,-1.147493e-01,-1.118630e-01,-1.010707e+00
6.009875e+00,-1.838947e+00,3.906656e-01,-3.373106e-01,4.373257e-02,3.014235e-01,4.333377e-01,7.255853e-01,-1.018701e-01,-1.614628e-01,-9.279999e-01
5.889413e+00,-1.684978e+00,4.016317e-01,-4.871041e-01,1.071107e-01,4.313645e-01,2.620035e-01,6.953407e-01,1.084781e-01,-2.528710e-01,-9.517032e-01
5.899892e+00,-1.751401e+00,5.209788e-01,-5.348055e-01,6.575915e-02,2.435870e-01,5.600596e-01,6.904878e-01,-1.961216e-02,-2.937486e-01,-8.825259e-01
6.049649e+00,-1.759979e+00,4.095563e-01,-4.879508e-01,1.048081e-01,2.595557e-01,4.289084e-01,7.168203e-01,5.147609e-02,-1.458173e-01,-1.049456e+00
6.013362e+00,-1.660793e+00,3.912528e-01,-4.529501e-01,1.491414e-02,1.580812e-01,6.360010e-01,7.573184e-01,-9.427852e-02,-2.788994e-01,-8.183106e-01
5.972726e+00,-1.724756e+00,3.481183e-01,-4.485488e-01,2.731391e-01,2.865418e-02,6.096778e-01,6.353045e-01,4.537198e-02,-2.598244e-01,-9.122137e-01
5.972424e+00,-1.747734e+00,4.287535e-01,-4.545272e-01,1.489852e-01,2.265536e-01,4.889673e-01,6.566120e-01,6.024552e-03,-2.494511e-01,-9.029324e-01
6.027619e+00,-1.845766e+00,4.843540e-01,-4.558882e-01,2.303585e-02,4.512725e-01,3.194513e-01,7.194840e-01,-1.841460e-02,-2.811533e-01,-8.215131e-01
5.896500e+00,-1.700263e+00,3.491095e-01,-5.424730e-01,2.137697e-01,3.196108e-01,4.294349e-01,6.054451e-01,1.253004e-01,-3.037476e-01,-9.284082e-01
5.922627e+00,-1.672993e+00,3.714665e-01,-5.166402e-01,1.006406e-01,2.220936e-01,6.118149e-01,7.344227e-01,-1.304939e-01,-2.965730e-01,-8.736524e-01
6.180031e+00,-1.749146e+00,2.245510e-01,-4.583958e-01,1.773300e-01,3.546410e-01,2.734124e-01,8.444376e-01,-8.814104e-02,-1.281964e-01,-1.001669e+00
5.986131e+00,-1.636189e+00,2.662935e-01,-3.923298e-01,9.988865e-02,1.908888e-01,5.531472e-01,7.298392e-01,-1.265434e-01,-2.242756e-01,-8.049668e-01
5.945584e+00,-1.576864e+00,3.007716e-01,-5.587611e-01,2.811800e-01,3.072578e-01,3.667222e-01,6.033932e-01,9.348643e-02,-1.848498e-01,-1.014417e+00
5.929990e+00,-1.780599e+00,4.027065e-01,-4.096537e-01,5.525071e-02,3.908684e-01,3.038731e-01,8.419208e-01,-6.232780e-02,-2.700986e-01,-9.055912e-01
5.999327e+00,-1.672504e+00,3.971942e-01,-5.259277e-01,9.363718e-02,4.075250e-01,3.162125e-01,7.658982e-01,5.767095e-02,-3.046480e-01,-9.901274e-01
5.947814e+00,-1.710855e+00,3.420782e-01,-4.366374e-01,1.819297e-01,1.440626e-01,4.807513e-01,7.913000e-01,1.953382e-02,-2.597466e-01,-1.029628e+00
5.986951e+00,-1.507334e+00,3.602833e-01,-5.202036e-01,9.310820e-02,2.006611e-01,5.048897e-01,8.245341e-01,-1.112750e-01,-2.028889e-01,-9.280755e-01
6.129581e+00,-1.757089e+00,2.896514e-01,-3.204481e-01,7.328148e-02,2.226227e-01,3.733552e-01,8.553047e-01,-1.229611e-01,-7.954206e-02,-9.497742e-01
6.018428e+00,-1.742633e+00,3.874007e-01,-4.495909e-01,1.126190e-01,2.540273e-01,4.540230e-01,7.406903e-01,-4.308429e-02,-2.128208e-01,-9.371038e-01
5.859488e+00,-1.678637e+00,3.711097e-01,-5.033941e-01,1.482402e-01,3.309227e-01,3.988564e-01,7.108361e-01,3.894541e-02,-2.932156e-01,-9.524012e-01
6.114571e+00,-1.912002e+00,4.258697e-01,-4.708203e-01,8.907155e-02,4.001572e-01,3.632448e-01,7.693261e-01,-4.627696e-02,-2.366039e-01,-9.339883e-01
6.079228e+00,-1.702126e+00,3.550525e-01,-4.999105e-01,9.680023e-02,3.678828e-01,4.878927e-01,6.505296e-01,-4.892512e-02,-2.362467e-01,-9.069488e-01
6.006569e+00,-1.771109e+00,2.656834e-01,-3.548087e-01,2.332815e-01,8.797208e-02,5.918236e-01,6.874720e-01,-1.119643e-01,-1.919194e-01,-8.132121e-01
6.012251e+00,-1.571381e+00,2.983974e-01,-4.970689e-01,1.243543e-01,2.901337e-01,4.909944e-01,6.734057e-01,-8.867388e-02,-1.386868e-01,-8.938315e-01
5.992717e+00,-1.832179e+00,3.721117e-01,-3.968119e-01,5.939466e-02,2.918181e-01,4.544709e-01,6.908082e-01,1.849004e-02,-2.334758e-01,-8.845251e-01
5.877535e+00,-1.635386e+00,3.562000e-01,-5.624049e-01,1.427240e-01,3.825192e-01,4.091951e-01,6.041660e-01,1.772049e-01,-3.192911e-01,-9.794965e-01
5.876898e+00,-1.736322e+00,4.329694e-01,-4.479182e-01,2.324333e-02,2.959543e-01,5.105326e-01,7.557220e-01,-7.285092e-02,-2.452521e-01,-9.171891e-01
5.970699e+00,-1.717924e+00,3.945515e-01,-4.188045e-01,7.912407e-02,3.102356e-01,3.466885e-01,7.903946e-01,-4.560283e-02,-9.093570e-02,-1.066239e+00
5.923063e+00,-1.561594e+00,3.365864e-01,-2.897283e-01,-5.454579e-02,2.231177e-01,5.409516e-01,7.989251e-01,-1.903648e-01,-1.706593e-01,-8.929055e-01
6.046036e+00,-1.764367e+00,3.467997e-01,-3.597279e-01,1.251896e-01,2.118443e-01,4.045965e-01,7.885399e-01,-6.785407e-02,-1.217808e-01,-1.034517e+00
5.952138e+00,-1.740893e+00,4.546744e-01,-5.183560e-01,7.038616e-02,2.891834e-01,4.703933e-01,7.468968e-01,-4.402201e-02,-2.437537e-01,-9.147464e-01
5.988082e+00,-1.817177e+00,3.958650e-01,-4.643030e-01,1.329210e-03,4.486073e-01,3.524852e-01,7.626446e-01,-5.783596e-03,-2.741178e-01,-9.049014e-01
6.051959e+00,-1.783257e+00,3.735930e-01,-5.133363e-01,1.470594e-01,3.637567e-01,4.083043e-01,6.315750e-01,8.140971e-02,-2.620196e-01,-9.364656e-01
5.954138e+00,-1.722552e+00,4.034418e-01,-4.796887e-01,1.214523e-01,2.371061e-01,5.205242e-01,7.578793e-01,-1.534598e-01,-2.160019e-01,-8.865068e-01
6.031170e+00,-1.671642e+00,2.175455e-01,-3.994554e-01,2.371021e-01,2.746574e-01,2.989105e-01,8.094812e-01,-1.575602e-01,-2.580378e-02,-1.067415e+00
6.146660e+00,-1.786085e+00,3.817392e-01,-4.283140e-01,1.086643e-01,2.223942e-01,5.735664e-01,7.311133e-01,-1.917096e-01,-2.367657e-01,-8.358321e-01
6.001268e+00,-1.641265e+00,3.009769e-01,-6.164932e-01,2.689439e-01,3.576164e-01,3.878407e-01,5.819027e-01,1.727381e-01,-3.140072e-01,-9.609055e-01
5.898053e+00,-1.745368e+00,4.345151e-01,-5.308286e-01,1.051212e-01,3.010058e-01,4.232114e-01,7.678295e-01,-9.880236e-03,-3.221088e-01,-8.604151e-01
6.058776e+00,-1.690710e+00,3.655926e-01,-5.262078e-01,1.261780e-01,3.611141e-01,3.284261e-01,7.187838e-01,1.412411e-01,-3.209552e-01,-9.560553e-01
6.032615e+00,-1.789417e+00,4.175755e-01,-4.074544e-01,1.647025e-01,1.443734e-01,4.243229e-01,7.682821e-01,6.959483e-02,-3.206629e-01,-8.774627e-01
5.991956e+00,-1.524666e+00,3.753460e-01,-5.372438e-01,1.707527e-01,1.136468e-01,5.779326e-01,7.336853e-01,-3.574226e-02,-2.454631e-01,-8.858623e-01
6.208025e+00,-1.865737e+00,4.104399e-01,-4.809233e-01,2.517968e-01,9.443991e-02,5.203869e-01,7.467761e-01,-8.747806e-02,-1.307096e-01,-9.889136e-01
5.971079e+00,-1.691648e+00,3.636497e-01,-4.615976e-01,7.318178e-02,3.323344e-01,4.753903e-01,7.108288e-01,3.069049e-03,-3.846718e-01,-8.412513e-01
5.946298e+00,-1.772405e+00,4.272755e-01,-5.373662e-01,1.838566e-01,2.924123e-01,3.859015e-01,7.122877e-01,4.860268e-02,-2.957451e-01,-9.528914e-01
5.989582e+00,-1.776699e+00,3.785076e-01,-4.432361e-01,1.053506e-01,2.956173e-01,4.105570e-01,7.246920e-01,-3.771496e-02,-1.813926e-01,-9.427627e-01
6.010646e+00,-1.635434e+00,2.813063e-01,-4.234673e-01,3.553257e-02,4.266773e-01,3.556227e-01,7.333964e-01,-5.450951e-02,-1.934657e-01,-8.688295e-01
6.065403e+00,-1.784191e+00,2.610092e-01,-3.809770e-01,2.442832e-01,5.243488e-02,6.369603e-01,6.645379e-01,-9.803905e-02,-1.666520e-01,-8.572933e-01
6.062619e+00,-1.604751e+00,3.146114e-01,-5.604559e-01,1.069581e-01,3.008764e-01,5.717972e-01,7.081977e-01,-1.449313e-01,-1.412378e-01,-9.929386e-01
6.017990e+00,-1.877954e+00,3.858029e-01,-3.558992e-01,2.786224e-03,4.522347e-01,2.573827e-01,8.700493e-01,-1.368352e-01,-1.789194e-01,-9.158621e-01
5.918224e+00,-1.656785e+00,4.067737e-01,-5.665150e-01,1.566080e-01,4.030271e-01,3.881266e-01,5.997454e-01,1.107075e-01,-2.791750e-01,-9.906331e-01
5.885246e+00,-1.742781e+00,4.339863e-01,-3.742300e-01,3.779544e-02,2.335586e-01,5.018043e-01,6.871472e-01,-3.912865e-02,-1.767843e-01,-9.307237e-01
6.017913e+00,-1.726667e+00,3.904767e-01,-4.127279e-01,3.633004e-02,3.441798e-01,3.024270e-01,8.354758e-01,-5.701712e-02,-9.049870e-02,-1.010301e+00
5.982065e+00,-1.618972e+00,3.327396e-01,-4.087967e-01,7.257696e-02,6.002557e-02,7.190498e-01,7.320690e-01,-8.739224e-02,-2.437945e-01,-8.693693e-01
6.040665e+00,-1.738464e+00,3.255392e-01,-4.453444e-01,1.969854e-01,1.210353e-01,5.691179e-01,6.378519e-01,9.112446e-02,-2.046331e-01,-1.012932e+00
6.015821e+00,-1.792415e+00,5.040416e-01,-5.119985e-01,-2.996326e-02,4.051928e-01,4.042399e-01,8.354188e-01,-1.173187e-01,-2.415200e-01,-8.984670e-01
6.033580e+00,-1.916827e+00,5.557082e-01,-5.292487e-01,1.833372e-01,2.778109e-01,4.282637e-01,6.362782e-01,6.329015e-02,-2.942313e-01,-8.480105e-01
5.893474e+00,-1.664308e+00,3.325036e-01,-4.278069e-01,1.483483e-01,2.824274e-01,5.025317e-01,5.280895e-01,1.111025e-01,-3.037045e-01,-8.804521e-01
6.016335e+00,-1.792007e+00,4.211513e-01,-5.163948e-01,1.745712e-01,2.210761e-01,5.331015e-01,6.900315e-01,-5.762546e-02,-2.649955e-01,-8.271938e-01
6.143993e+00,-1.749377e+00,2.439924e-01,-4.965209e-01,2.728561e-01,2.106620e-01,4.329628e-01,7.766387e-01,-9.199799e-02,-1.090721e-01,-1.008270e+00
6.053624e+00,-1.701996e+00,3.011735e-01,-4.243457e-01,5.506236e-02,2.385494e-01,6.136279e-01,7.570684e-01,-1.846155e-01,-2.351881e-01,-8.734984e-01
5.968697e+00,-1.660567e+00,3.289835e-01,-5.659707e-01,1.876171e-01,4.332532e-01,2.646769e-01,6.860659e-01,1.119315e-01,-2.048897e-01,-1.028851e+00
6.008791e+00,-1.802066e+00,5.099885e-01,-4.927567e-01,1.701959e-02,4.088163e-01,3.038788e-01,8.559953e-01,-1.323543e-01,-2.111964e-01,-8.875648e-01
6.065895e+00,-1.728823e+00,3.965177e-01,-5.104045e-01,1.899512e-01,3.551183e-01,2.819189e-01,7.196604e-01,7.539082e-02,-2.371556e-01,-1.039687e+00
5.972802e+00,-1.727107e+00,3.216380e-01,-3.622026e-01,1.132213e-01,2.129600e-01,4.368454e-01,7.878544e-01,2.022833e-02,-3.607691e-01,-8.793190e-01
6.040903e+00,-1.547094e+00,2.692371e-01,-4.385851e-01,9.826699e-02,2.077839e-01,4.688634e-01,8.564417e-01,-1.462053e-01,-1.566149e-01,-9.537841e-01
6.089390e+00,-1.744677e+00,3.016069e-01,-3.871289e-01,1.048945e-01,2.635419e-01,3.602173e-01,9.142823e-01,-1.926526e-01,-2.860852e-02,-1.091171e+00
5.988767e+00,-1.682108e+00,4.589176e-01,-5.259179e-01,6.488625e-02,3.126889e-01,4.532405e-01,7.404079e-01,-5.710707e-03,-3.324818e-01,-8.740171e-01
5.935391e+00,-1.762482e+00,3.894402e-01,-4.589466e-01,1.572752e-01,2.872145e-01,3.495689e-01,7.178545e-01,8.270402e-02,-2.744197e-01,-9.281827e-01
5.943775e+00,-1.740296e+00,3.699696e-01,-4.874224e-01,1.409362e-01,2.720733e-01,4.553384e-01,7.403965e-01,-8.595322e-02,-1.983747e-01,-9.488220e-01
6.028419e+00,-1.681665e+00,3.061129e-01,-5.143749e-01,1.953620e-01,3.071081e-01,4.667707e-01,6.624591e-01,-3.716188e-02,-2.396997e-01,-9.077088e-01
6.164537e+00,-1.822349e+00,2.382102e-01,-3.359184e-01,1.641319e-01,1.524766e-01,6.167283e-01,6.351634e-01,-5.822621e-02,-2.902802e-01,-7.453774e-01
6.026083e+00,-1.641797e+00,3.733441e-01,-5.493038e-01,1.357714e-01,3.100525e-01,4.738640e-01,7.255006e-01,-1.579144e-01,-1.256766e-01,-9.731667e-01
5.898097e+00,-1.829707e+00,4.346642e-01,-4.440608e-01,1.786404e-01,2.111182e-01,4.428487e-01,6.940350e-01,1.316334e-02,-2.367470e-01,-9.056816e-01
5.941857e+00,-1.610120e+00,3.756271e-01,-5.546107e-01,7.555249e-02,4.304875e-01,4.146653e-01,5.681028e-01,1.646102e-01,-3.261335e-01,-9.149208e-01
6.017764e+00,-1.847295e+00,4.408196e-01,-4.468550e-01,5.904502e-02,2.517871e-01,5.077386e-01,7.081386e-01,-2.315534e-02,-2.004568e-01,-9.435262e-01
5.977076e+00,-1.652971e+00,3.348295e-01,-4.648148e-01,8.564533e-02,3.053873e-01,3.809849e-01,8.202294e-01,-9.886179e-02,-9.273415e-02,-1.062358e+00
6.036311e+00,-1.694170e+00,3.384569e-01,-3.294854e-01,5.915901e-02,1.173234e-01,5.888853e-01,8.255300e-01,-2.015969e-01,-1.456881e-01,-9.567688e-01
5.975517e+00,-1.715147e+00,3.688393e-01,-3.892717e-01,1.474860e-01,2.031421e-01,4.555172e-01,6.364215e-01,9.220648e-02,-1.924225e-01,-1.006976e+00
5.877068e+00,-1.711705e+00,5.475359e-01,-5.287732e-01,2.372246e-02,3.259390e-01,4.745853e-01,7.223737e-01,-6.610440e-02,-2.603617e-01,-8.636091e-01
6.032804e+00,-1.877654e+00,4.659543e-01,-4.727134e-01,6.634368e-02,3.954730e-01,3.082512e-01,8.450956e-01,-1.193728e-01,-1.160367e-01,-1.036969e+00
5.966928e+00,-1.698388e+00,3.444802e-01,-4.844074e-01,7.427223e-02,3.275416e-01,5.114030e-01,6.450812e-01,2.399302e-02,-2.594307e-01,-9.607652e-01
5.965672e+00,-1.727974e+00,2.877501e-01,-4.426213e-01,1.122346e-01,2.683080e-01,4.984073e-01,7.205073e-01,-4.488856e-02,-2.488736e-01,-8.527766e-01
6.080041e+00,-1.693429e+00,2.332783e-01,-4.295416e-01,2.450563e-01,1.994950e-01,4.241923e-01,7.585194e-01,-1.351244e-01,-5.236117e-02,-1.006089e+00
5.966663e+00,-1.710237e+00,3.797331e-01,-4.263127e-01,1.254308e-01,2.060150e-01,5.630009e-01,7.000491e-01,-1.278833e-01,-2.858715e-01,-7.755436e-01
5.833029e+00,-1.585524e+00,2.762653e-01,-4.954969e-01,1.902849e-01,4.088264e-01,3.111646e-01,6.140555e-01,1.437849e-01,-2.399708e-01,-1.028713e+00
5.974808e+00,-1.749662e+00,4.720099e-01,-5.229473e-01,3.986865e-02,3.594224e-01,4.630126e-01,7.554046e-01,-6.507056e-02,-3.124482e-01,-8.475370e-01
6.025370e+00,-1.684643e+00,3.424994e-01,-5.952105e-01,2.411870e-01,3.267008e-01,3.445736e-01,7.041961e-01,1.465870e-01,-3.029476e-01,-1.020615e+00
5.999842e+00,-1.727275e+00,3.673638e-01,-4.345290e-01,1.651220e-01,9.617665e-02,5.497056e-01,7.260568e-01,6.282753e-02,-3.219792e-01,-8.982596e-01
6.250460e+00,-1.729599e+00,4.033943e-01,-5.193115e-01,2.213275e-01,6.424999e-02,5.084983e-01,8.080567e-01,-8.855520e-02,-8.544497e-02,-1.022281e+00
6.077159e+00,-1.764789e+00,3.934270e-01,-4.160554e-01,1.463703e-01,2.114149e-01,3.799168e-01,8.010236e-01,-2.307998e-02,-2.216839e-01,-8.709099e-01
5.816710e+00,-1.538481e+00,4.150741e-01,-5.489812e-01,8.795784e-02,3.076128e-01,4.854125e-01,7.326150e-01,-1.360294e-02,-3.518455e-01,-8.940204e-01
5.985318e+00,-1.805836e+00,3.614353e-01,-4.607749e-01,1.786449e-01,2.846692e-01,4.220697e-01,6.650456e-01,1.336105e-01,-3.640423e-01,-9.001611e-01
6.022830e+00,-1.771955e+00,3.651555e-01,-4.312907e-01,2.908336e-02,4.322735e-01,3.260208e-01,8.782630e-01,-1.713973e-01,-2.073910e-01,-9.190781e-01
5.965155e+00,-1.633190e+00,2.639804e-01,-4.705688e-01,1.979498e-01,2.697359e-01,4.354758e-01,7.138934e-01,-6.725442e-02,-1.534922e-01,-9.551767e-01
6.037693e+00,-1.665173e+00,1.615214e-01,-2.809869e-01,1.395716e-01,1.089774e-01,6.009480e-01,6.748302e-01,-1.463451e-01,-8.998158e-02,-8.717882e-01
6.000345e+00,-1.658092e+00,3.429533e-01,-5.399360e-01,1.351400e-01,3.266188e-01,4.392493e-01,7.010231e-01,-3.911808e-02,-2.075338e-01,-9.154731e-01
5.961689e+00,-1.860510e+00,3.952122e-01,-4.209958e-01,1.104961e-01,3.233095e-01,3.620244e-01,8.070504e-01,-7.922952e-02,-2.074054e-01,-9.841438e-01
5.866236e+00,-1.537454e+00,3.411028e-01,-5.810199e-01,9.161098e-02,4.108501e-01,4.992775e-01,6.021250e-01,4.281666e-02,-2.771900e-01,-9.973950e-01
5.937017e+00,-1.795742e+00,3.875731e-01,-3.592482e-01,4.551161e-02,3.022352e-01,4.431407e-01,6.970493e-01,-1.773184e-02,-2.262491e-01,-8.847107e-01
5.966688e+00,-1.613342e+00,3.405654e-01,-4.239483e-01,9.794878e-02,3.011969e-01,3.706550e-01,7.996350e-01,-1.215653e-01,-8.029497e-02,-1.005207e+00
6.039486e+00,-1.726455e+00,3.780156e-01,-3.665725e-01,1.386022e-01,-4.250703e-04,6.329547e-01,7.656500e-01,-1.302649e-01,-1.211787e-01,-9.680266e-01
5.929862e+00,-1.680000e+00,3.446318e-01,-4.059557e-01,6.064840e-02,2.757948e-01,4.088251e-01,7.020521e-01,1.152897e-01,-2.444237e-01,-9.795775e-01
5.991983e+00,-1.790004e+00,5.509667e-01,-6.102235e-01,2.961733e-02,3.445336e-01,5.005790e-01,7.610254e-01,-9.068190e-02,-2.412255e-01,-9.414202e-01
6.017113e+00,-1.872662e+00,4.758010e-01,-5.566888e-01,2.405387e-01,1.719727e-01,5.763430e-01,5.472480e-01,1.364610e-01,-3.276655e-01,-8.843347e-01
5.981726e+00,-1.762585e+00,5.009296e-01,-5.771821e-01,1.631347e-01,2.410756e-01,5.845026e-01,5.941922e-01,2.504617e-02,-3.333870e-01,-8.360571e-01
6.013992e+00,-1.805839e+00,3.620876e-01,-4.039614e-01,2.081275e-01,1.819228e-01,4.887409e-01,6.673006e-01,-6.695994e-02,-1.930106e-01,-8.621409e-01
6.140343e+00,-1.734433e+00,2.644969e-01,-4.500338e-01,2.726276e-01,1.807686e-01,4.713042e-01,7.468333e-01,-2.065027e-01,1.460217e-02,-1.077139e+00
5.976038e+00,-1.744628e+00,3.722020e-01,-4.807953e-01,9.370551e-02,2.565549e-01,5.494555e-01,7.220920e-01,-9.354011e-02,-2.896537e-01,-8.588296e-01
6.025572e+00,-1.731906e+00,3.415157e-01,-5.434232e-01,1.034724e-01,4.862600e-01,2.464240e-01,7.356332e-01,7.252201e-02,-2.232004e-01,-1.050958e+00
5.954610e+00,-1.696886e+00,4.264294e-01,-4.879568e-01,-2.219989e-02,3.825614e-01,4.303554e-01,8.499453e-01,-2.076970e-01,-1.758816e-01,-9.605997e-01
5.968494e+00,-1.648859e+00,3.465205e-01,-5.171183e-01,1.977838e-01,3.934546e-01,1.911506e-01,7.963640e-01,2.392747e-02,-1.284376e-01,-1.117088e+00
5.959581e+00,-1.658404e+00,3.118141e-01,-3.023082e-01,2.618864e-02,2.330678e-01,4.322698e-01,8.188248e-01,-5.537919e-02,-2.968515e-01,-8.189006e-01
5.986869e+00,-1.499608e+00,1.422792e-01,-2.891867e-01,1.012612e-01,1.904510e-01,4.469698e-01,7.980523e-01,-8.224390e-02,-1.094116e-01,-1.042357e+00
5.979716e+00,-1.726748e+00,3.684821e-01,-4.501173e-01,1.260086e-01,2.728404e-01,3.710014e-01,8.777168e-01,-9.163872e-02,-2.175855e-01,-9.812173e-01
5.908167e+00,-1.592061e+00,4.007602e-01,-5.487770e-01,5.038031e-02,3.701088e-01,4.197508e-01,7.233206e-01,6.016743e-02,-3.679267e-01,-8.698817e-01
5.886541e+00,-1.669501e+00,2.403612e-01,-3.370862e-01,6.391687e-02,3.178321e-01,3.626983e-01,7.002697e-01,1.271609e-01,-3.053900e-01,-9.380423e-01
5.972111e+00,-1.713092e+00,4.124071e-01,-4.800556e-01,7.455555e-02,3.373704e-01,3.865764e-01,8.161506e-01,-1.194787e-01,-2.378921e-01,-8.565646e-01
6.055706e+00,-1.712900e+00,2.964550e-01,-4.794156e-01,2.545763e-01,1.997433e-01,4.502610e-01,7.295777e-01,-8.583310e-02,-1.505278e-01,-9.175099e-01
6.051673e+00,-1.649710e+00,1.450070e-01,-3.295902e-01,1.370304e-01,1.462108e-01,6.717069e-01,6.315596e-01,-1.031044e-01,-1.946916e-01,-8.458425e-01
5.997452e+00,-1.688570e+00,3.220637e-01,-5.064469e-01,1.594087e-01,3.723724e-01,4.046868e-01,6.794473e-01,4.297009e-03,-2.558417e-01,-9.321496e-01
6.032793e+00,-1.940319e+00,4.895431e-01,-5.100683e-01,2.112714e-01,2.471333e-01,4.230600e-01,7.479250e-01,-3.538011e-02,-2.657868e-01,-9.192686e-01
5.903446e+00,-1.557802e+00,4.104409e-01,-5.686377e-01,7.559358e-02,3.643927e-01,4.703940e-01,6.194791e-01,2.297650e-02,-2.120505e-01,-9.768030e-01
5.949695e+00,-1.777825e+00,3.867018e-01,-3.971698e-01,9.298565e-02,2.162903e-01,5.058874e-01,6.212664e-01,9.948733e-02,-2.676480e-01,-8.297054e-01
6.076476e+00,-1.629147e+00,3.281585e-01,-5.033447e-01,1.176245e-01,2.708593e-01,4.696899e-01,7.668680e-01,-9.460927e-02,-1.225792e-01,-9.915854e-01
5.957689e+00,-1.674464e+00,2.708658e-01,-2.957962e-01,6.499379e-02,9.242875e-02,5.920329e-01,8.072283e-01,-1.222589e-01,-1.346513e-01,-9.842988e-01
5.927613e+00,-1.717327e+00,3.988451e-01,-4.396668e-01,5.680729e-02,3.219124e-01,3.908090e-01,7.297451e-01,9.112745e-02,-2.588119e-01,-1.000612e+00
5.927824e+00,-1.737959e+00,4.673859e-01,-4.092687e-01,-4.242853e-02,4.108982e-01,4.067523e-01,7.159305e-01,-3.162261e-02,-2.781159e-01,-8.700267e-01
5.948621e+00,-1.792155e+00,4.251621e-01,-4.240395e-01,1.025288e-01,3.361357e-01,3.617211e-01,7.010799e-01,-2.215586e-02,-1.648181e-01,-9.624765e-01
5.880743e+00,-1.662058e+00,4.548611e-01,-5.536451e-01,8.321629e-02,2.622575e-01,5.783226e-01,6.542733e-01,-4.940281e-02,-2.844276e-01,-8.410490e-01
5.918516e+00,-1.662554e+00,1.353486e-01,-2.883687e-01,8.178753e-02,2.455250e-01,4.950027e-01,7.424520e-01,-7.969964e-02,-1.823169e-01,-9.132103e-01
5.994714e+00,-1.601119e+00,1.461139e-01,-3.927216e-01,1.489370e-01,2.592319e-01,5.095385e-01,7.059032e-01,-1.013414e-01,-1.453435e-01,-9.491699e-01
5.866531e+00,-1.713380e+00,3.612851e-01,-4.565378e-01,8.546025e-02,3.189653e-01,4.431344e-01,7.934159e-01,-1.431054e-01,-1.802543e-01,-9.360284e-01
5.880679e+00,-1.654601e+00,3.504501e-01,-4.973387e-01,1.543082e-01,4.036540e-01,2.906342e-01,6.540626e-01,8.764100e-02,-2.254523e-01,-9.756679e-01
5.922884e+00,-1.727201e+00,4.603909e-01,-4.497429e-01,5.288772e-02,3.179930e-01,4.969106e-01,6.672768e-01,-3.426882e-02,-3.737131e-01,-7.514966e-01
5.891492e+00,-1.588024e+00,2.755441e-01,-5.400396e-01,2.533835e-01,3.209216e-01,3.290473e-01,6.743817e-01,1.252927e-01,-2.497496e-01,-1.052605e+00
5.865408e+00,-1.538636e+00,2.426540e-01,-3.905327e-01,1.121906e-01,5.871698e-02,6.979123e-01,6.626972e-01,1.241103e-02,-3.652035e-01,-7.750306e-01
6.090120e+00,-1.623445e+00,2.495063e-01,-4.407300e-01,1.790381e-01,1.565985e-01,4.852068e-01,7.451572e-01,5.358375e-02,-2.294224e-01,-9.826930e-01
5.875073e+00,-1.663066e+00,3.856685e-01,-4.366132e-01,1.219734e-01,2.096641e-01,4.196852e-01,7.938174e-01,7.147695e-03,-2.685145e-01,-9.230859e-01
5.889906e+00,-1.622735e+00,4.320223e-01,-5.496829e-01,1.273186e-01,3.205208e-01,3.646452e-01,7.381024e-01,4.349183e-02,-2.623045e-01,-9.391703e-01
6.037377e+00,-1.823148e+00,3.978694e-01,-4.505572e-01,1.476823e-01,3.048252e-01,3.478354e-01,7.217890e-01,6.287816e-02,-2.921038e-01,-9.422759e-01
6.015429e+00,-1.722902e+00,4.207008e-01,-5.210796e-01,9.916990e-02,3.285851e-01,4.752862e-01,7.756186e-01,-1.160800e-01,-3.618691e-01,-8.154021e-01
5.987106e+00,-1.633998e+00,1.632446e-01,-3.986042e-01,2.221160e-01,1.909706e-01,4.974851e-01,7.173794e-01,-1.022001e-01,-1.529696e-01,-9.619794e-01
6.039635e+00,-1.666064e+00,2.301564e-01,-3.728974e-01,8.951308e-02,2.319128e-01,5.257724e-01,7.693498e-01,-2.329940e-01,-8.981015e-02,-9.183313e-01
6.004401e+00,-1.689733e+00,3.265124e-01,-4.733580e-01,1.151824e-01,4.080365e-01,2.978797e-01,7.368507e-01,-3.473475e-03,-1.642694e-01,-1.003988e+00
5.926077e+00,-1.801565e+00,3.667980e-01,-3.901123e-01,1.020342e-01,2.995462e-01,3.953679e-01,7.438435e-01,-1.821317e-02,-2.258092e-01,-9.287770e-01
5.922762e+00,-1.580879e+00,3.429132e-01,-5.364728e-01,1.773734e-02,4.726016e-01,3.652366e-01,7.395704e-01,-3.465614e-02,-1.853211e-01,-1.042075e+00
5.959645e+00,-1.779491e+00,3.322987e-01,-3.507920e-01,3.146372e-02,3.358265e-01,3.907705e-01,7.800706e-01,-6.523841e-02,-2.220266e-01,-8.826786e-01
6.036075e+00,-1.536772e+00,2.913925e-01,-5.147023e-01,1.739905e-01,2.015485e-01,5.908432e-01,6.687535e-01,-1.221303e-01,-1.086375e-01,-1.030331e+00
5.895545e+00,-1.662543e+00,2.902539e-01,-2.217950e-01,1.579442e-03,1.961451e-01,4.081371e-01,8.857126e-01,-1.763865e-01,-4.693919e-02,-1.045750e+00
5.985645e+00,-1.763885e+00,5.025845e-01,-4.763871e-01,8.015529e-02,2.725988e-01,3.869898e-01,7.243347e-01,8.996042e-02,-2.405155e-01,-9.711126e-01
5.948023e+00,-1.750665e+00,4.215319e-01,-3.962622e-01,-6.145756e-02,3.955580e-01,4.014120e-01,7.875724e-01,-4.956245e-02,-2.164099e-01,-9.614005e-01
5.853894e+00,-1.685363e+00,3.466190e-01,-4.775434e-01,1.195377e-01,3.122888e-01,4.494018e-01,6.610829e-01,6.616269e-02,-2.239107e-01,-9.524678e-01
5.935939e+00,-1.688621e+00,4.308719e-01,-5.864489e-01,1.005794e-01,2.341256e-01,6.657964e-01,6.020858e-01,1.232820e-02,-3.749845e-01,-7.644990e-01
6.092740e+00,-1.795151e+00,2.404768e-01,-2.943451e-01,1.487178e-01,1.759935e-01,4.948617e-01,7.350701e-01,-1.303928e-01,-1.261688e-01,-9.249579e-01
6.054364e+00,-1.701668e+00,3.259792e-01,-4.174832e-01,1.280372e-01,3.045086e-01,4.329254e-01,7.318827e-01,-1.440753e-01,-1.736986e-01,-8.746130e-01
5.993968e+00,-1.871077e+00,5.114808e-01,-5.386922e-01,1.717698e-01,2.905812e-01,4.122374e-01,7.445179e-01,-1.040831e-01,-1.624839e-01,-9.324170e-01
6.015940e+00,-1.749245e+00,3.964887e-01,-5.672397e-01,1.643406e-01,3.902169e-01,3.838966e-01,6.189484e-01,1.343258e-01,-2.867263e-01,-9.377806e-01
5.978547e+00,-1.777460e+00,4.095626e-01,-4.852125e-01,3.750923e-02,3.472186e-01,4.891319e-01,7.448488e-01,-4.043036e-02,-3.312045e-01,-8.849846e-01
6.045365e+00,-1.714147e+00,3.501365e-01,-5.943940e-01,2.667037e-01,3.042501e-01,3.247975e-01,7.178232e-01,1.081221e-01,-2.048678e-01,-1.036771e+00
5.865296e+00,-1.482987e+00,2.233415e-01,-3.265116e-01,2.935662e-02,1.130868e-01,6.305294e-01,7.772736e-01,-1.757856e-01,-1.674654e-01,-8.793826e-01
6.027604e+00,-1.580261e+00,2.381015e-01,-3.253539e-01,9.065277e-02,3.077052e-01,2.826407e-01,7.939456e-01,1.096633e-02,-1.621091e-01,-1.037255e+00
5.968118e+00,-1.725557e+00,4.436016e-01,-4.239869e-01,4.901100e-02,2.994432e-01,3.652506e-01,8.569482e-01,-7.191171e-02,-2.733454e-01,-9.249138e-01
5.816593e+00,-1.582513e+00,3.244458e-01,-5.041863e-01,1.490762e-01,2.984540e-01,4.165674e-01,6.916163e-01,8.245197e-02,-2.826377e-01,-9.957662e-01
5.998835e+00,-1.791800e+00,3.740289e-01,-4.923324e-01,1.593910e-01,3.218173e-01,3.684249e-01,7.591947e-01,5.130979e-02,-3.033256e-01,-9.561783e-01
6.050864e+00,-1.702902e+00,3.852223e-01,-4.810978e-01,3.667128e-02,3.628141e-01,4.169500e-01,8.151044e-01,-1.075576e-01,-3.040461e-01,-8.430688e-01
6.004105e+00,-1.623399e+00,1.376354e-01,-3.380843e-01,2.373039e-01,9.008981e-02,5.314185e-01,6.930479e-01,-9.043515e-02,-8.978199e-02,-9.296483e-01
5.876894e+00,-1.552961e+00,2.230753e-01,-4.050965e-01,1.168627e-01,1.833754e-01,6.041846e-01,6.627887e-01,-1.038755e-01,-2.278519e-01,-8.183830e-01
6.096407e+00,-1.784020e+00,3.717631e-01,-5.313276e-01,1.829700e-01,3.990376e-01,3.169414e-01,7.014407e-01,3.239614e-02,-2.527653e-01,-9.761818e-01
5.877888e+00,-1.730435e+00,2.978879e-01,-3.940054e-01,1.021343e-01,2.978159e-01,4.862318e-01,7.035095e-01,-4.923313e-02,-2.423126e-01,-9.970921e-01
5.783842e+00,-1.548272e+00,3.325379e-01,-5.648188e-01,1.828981e-01,3.218693e-01,4.636622e-01,5.913098e-01,1.095132e-01,-3.244106e-01,-8.941022e-01
6.017701e+00,-1.826116e+00,3.839483e-01,-3.662316e-01,7.954706e-02,2.740313e-01,4.200005e-01,7.459878e-01,-2.920979e-02,-2.619483e-01,-7.986571e-01
6.131123e+00,-1.538725e+00,2.901186e-01,-4.735118e-01,9.514080e-02,2.218448e-01,5.732485e-01,6.644194e-01,-8.981302e-02,-1.357871e-01,-8.940826e-01
5.773509e+00,-1.601971e+00,2.680001e-01,-3.057594e-01,6.365122e-02,1.300827e-01,5.109665e-01,7.527293e-01,6.937319e-03,-2.013837e-01,-9.429049e-01
5.975390e+00,-1.739789e+00,5.026606e-01,-5.929435e-01,1.244242e-01,2.602977e-01,4.654701e-01,7.302445e-01,5.521680e-02,-2.598482e-01,-1.014527e+00
6.027834e+00,-1.826368e+00,4.116173e-01,-3.529995e-01,-4.714390e-02,3.852986e-01,3.996309e-01,7.967503e-01,-8.637120e-02,-2.015965e-01,-1.004045e+00
5.810571e+00,-1.657758e+00,3.581356e-01,-4.390350e-01,7.979300e-02,3.852998e-01,3.707463e-01,6.815523e-01,2.358811e-03,-1.806951e-01,-9.882304e-01
5.926750e+00,-1.703798e+00,4.545691e-01,-5.090002e-01,1.369438e-01,2.425018e-01,5.332849e-01,6.630331e-01,-1.082748e-01,-2.078063e-01,-8.349467e-01
6.056415e+00,-1.730758e+00,1.691609e-01,-2.565942e-01,1.585366e-01,1.303682e-01,5.318356e-01,7.311926e-01,-1.359437e-01,-1.205219e-01,-8.816912e-01
6.016566e+00,-1.672196e+00,3.195357e-01,-4.366862e-01,-2.583471e-02,4.256419e-01,3.950970e-01,8.427553e-01,-2.059347e-01,-1.533275e-01,-9.460644e-01
5.886716e+00,-1.751046e+00,3.362024e-01,-4.633293e-01,7.362190e-02,3.527298e-01,4.198874e-01,7.362989e-01,-3.432799e-02,-2.169630e-01,-9.325423e-01
5.906068e+00,-1.618556e+00,2.883059e-01,-4.807448e-01,8.046462e-02,4.283228e-01,3.879084e-01,6.157158e-01,1.137208e-01,-2.925811e-01,-8.943450e-01
5.829227e+00,-1.683426e+00,3.618804e-01,-3.826037e-01,3.710509e-02,3.447858e-01,4.160467e-01,7.338491e-01,-3.233571e-02,-3.180986e-01,-8.426438e-01
5.870283e+00,-1.588405e+00,2.807669e-01,-4.718570e-01,2.561915e-01,2.434047e-01,4.104332e-01,5.658845e-01,1.963646e-01,-2.832555e-01,-9.482212e-01
5.916042e+00,-1.517793e+00,2.218014e-01,-3.016891e-01,4.683168e-02,1.228916e-01,6.403615e-01,7.910599e-01,-2.414713e-01,-1.647275e-01,-8.399966e-01
5.856314e+00,-1.488293e+00,1.877895e-01,-4.346826e-01,1.513093e-01,2.932046e-01,3.575493e-01,7.655839e-01,9.442022e-02,-2.606011e-01,-1.020486e+00
5.896722e+00,-1.648343e+00,4.188873e-01,-4.515124e-01,-1.082821e-02,2.988317e-01,4.297112e-01,8.283640e-01,-8.259814e-03,-3.228856e-01,-8.865406e-01
5.808176e+00,-1.554126e+00,2.725278e-01,-4.470173e-01,1.042228e-01,2.979348e-01,3.894024e-01,6.827576e-01,1.644633e-01,-3.148529e-01,-9.474752e-01
5.870542e+00,-1.684216e+00,3.587405e-01,-4.310680e-01,1.282899e-01,3.154182e-01,3.068260e-01,8.015955e-01,-1.590406e-02,-2.072706e-01,-9.847826e-01
6.005955e+00,-1.673848e+00,3.756137e-01,-4.953998e-01,1.653663e-01,2.231220e-01,5.350025e-01,6.372027e-01,4.495176e-02,-3.593418e-01,-8.125835e-01
6.062757e+00,-1.684803e+00,1.612241e-01,-3.840288e-01,2.868796e-01,8.889176e-02,5.687269e-01,7.006258e-01,-9.746419e-02,-1.755486e-01,-8.767038e-01
6.116040e+00,-1.755090e+00,3.899162e-01,-5.202142e-01,1.348007e-01,2.743367e-01,5.435675e-01,7.653256e-01,-1.904635e-01,-2.369128e-01,-8.628072e-01
6.056011e+00,-1.763023e+00,3.404022e-01,-5.158190e-01,1.684003e-01,3.927790e-01,3.109528e-01,7.382718e-01,1.749735e-02,-2.252888e-01,-1.011829e+00
5.932435e+00,-1.748830e+00,3.905824e-01,-4.477323e-01,1.016131e-01,2.628411e-01,4.824734e-01,6.750960e-01,4.104869e-03,-2.560655e-01,-8.850055e-01
5.983606e+00,-1.715857e+00,4.126882e-01,-5.713330e-01,1.689324e-01,3.632771e-01,3.197347e-01,7.160443e-01,2.782173e-02,-1.759656e-01,-9.991859e-01
5.922104e+00,-1.709897e+00,2.740777e-01,-3.513729e-01,1.292683e-01,1.828105e-01,5.072484e-01,7.334964e-01,-9.010576e-02,-1.680052e-01,-9.395379e-01
6.150555e+00,-1.538142e+00,2.013883e-01,-4.144325e-01,1.991178e-02,3.533666e-01,4.659575e-01,8.173936e-01,-2.291907e-01,-4.328802e-02,-1.030619e+00
5.821590e+00,-1.677768e+00,3.162024e-01,-3.280249e-01,6.139939e-02,2.266906e-01,4.455258e-01,7.829466e-01,-2.599275e-02,-2.090512e-01,-9.694225e-01
5.848468e+00,-1.585341e+00,4.143956e-01,-4.616128e-01,2.080218e-02,3.741444e-01,3.660921e-01,7.983734e-01,-6.463919e-02,-1.549867e-01,-1.109649e+00
5.934673e+00,-1.791236e+00,4.356223e-01,-3.455938e-01,2.630721e-04,2.971205e-01,4.042135e-01,7.224560e-01,4.499305e-02,-2.914610e-01,-8.577889e-01
5.946570e+00,-1.742498e+00,4.543815e-01,-5.239124e-01,9.724361e-02,3.364703e-01,3.921688e-01,6.826535e-01,3.919609e-02,-2.022474e-01,-9.362025e-01
5.899119e+00,-1.638457e+00,3.008592e-01,-4.824394e-01,1.201648e-01,2.329649e-01,5.820988e-01,6.826733e-01,-9.918838e-02,-1.587495e-01,-9.388226e-01
6.058986e+00,-1.725023e+00,1.511511e-01,-3.106753e-01,1.934741e-01,9.477357e-02,6.031646e-01,7.037395e-01,-1.403332e-01,-1.020885e-01,-9.530466e-01
5.958999e+00,-1.657317e+00,3.570724e-01,-4.506446e-01,-2.283760e-02,3.712868e-01,5.415395e-01,7.011341e-01,-5.682853e-02,-3.665239e-01,-7.809036e-01
5.780263e+00,-1.700887e+00,3.252783e-01,-3.728976e-01,1.381323e-01,2.635249e-01,4.624834e-01,6.163165e-01,1.073870e-02,-2.193016e-01,-9.043386e-01
5.839568e+00,-1.604969e+00,3.743207e-01,-5.308744e-01,1.529251e-01,3.829166e-01,4.249261e-01,5.527704e-01,9.370924e-02,-2.914041e-01,-8.755899e-01
6.040443e+00,-1.854156e+00,4.229071e-01,-4.133824e-01,-7.408391e-03,4.428773e-01,3.173280e-01,8.111707e-01,-5.332131e-02,-3.200801e-01,-8.094820e-01
5.966625e+00,-1.605442e+00,2.168652e-01,-4.640006e-01,1.649836e-01,2.850061e-01,4.256337e-01,6.479181e-01,1.164963e-01,-2.467503e-01,-9.743891e-01
5.970008e+00,-1.604750e+00,2.337728e-01,-3.646288e-01,7.577922e-02,1.277757e-01,6.037588e-01,8.732614e-01,-2.895060e-01,-1.064997e-01,-9.260252e-01
6.035089e+00,-1.667258e+00,3.808025e-01,-5.333662e-01,1.971496e-01,3.002988e-01,3.007822e-01,7.503384e-01,9.859033e-02,-2.024068e-01,-1.041849e+00
5.856365e+00,-1.603933e+00,4.425260e-01,-4.004613e-01,-5.411469e-02,3.052718e-01,4.555800e-01,7.635367e-01,2.355394e-02,-3.501068e-01,-8.542444e-01
5.735796e+00,-1.528664e+00,2.841153e-01,-4.108630e-01,1.336714e-01,3.200159e-01,3.156609e-01,7.158615e-01,1.057576e-01,-2.532517e-01,-1.041298e+00
5.808031e+00,-1.641499e+00,3.136964e-01,-4.262145e-01,1.195659e-01,3.206422e-01,3.771525e-01,7.920968e-01,-2.839736e-02,-2.971751e-01,-9.501032e-01
5.971099e+00,-1.586583e+00,1.944645e-01,-3.832272e-01,5.997126e-02,3.465620e-01,3.947456e-01,8.049118e-01,-1.085368e-01,-1.880815e-01,-9.723099e-01
6.022950e+00,-1.623215e+00,1.158518e-01,-3.554723e-01,2.155255e-01,1.152321e-01,5.429564e-01,7.296808e-01,-1.016856e-01,-1.431788e-01,-9.157842e-01
5.859412e+00,-1.543267e+00,2.808011e-01,-4.347342e-01,5.913453e-02,3.068701e-01,4.692607e-01,7.948871e-01,-1.645669e-01,-2.296439e-01,-8.292308e-01
6.005465e+00,-1.737991e+00,3.322029e-01,-4.608704e-01,1.825981e-01,3.331126e-01,3.131593e-01,7.205468e-01,4.191742e-02,-2.274134e-01,-9.405262e-01
5.872038e+00,-1.655141e+00,3.110208e-01,-4.036709e-01,8.602025e-03,3.355549e-01,5.268589e-01,6.197407e-01,7.878531e-02,-3.979254e-01,-8.278217e-01
5.880101e+00,-1.623376e+00,2.803318e-01,-4.874880e-01,1.707449e-01,3.825189e-01,3.492164e-01,6.662966e-01,8.440833e-02,-2.999445e-01,-9.247608e-01
6.130230e+00,-1.847269e+00,3.192690e-01,-3.446170e-01,6.251501e-02,3.180908e-01,3.734477e-01,9.095964e-01,-2.669974e-01,-1.263766e-01,-8.958822e-01
6.088748e+00,-1.552711e+00,2.512422e-01,-4.186983e-01,5.753724e-02,3.511511e-01,3.735009e-01,8.098339e-01,-1.625284e-01,-4.047586e-02,-1.026535e+00
5.872872e+00,-1.693624e+00,3.508988e-01,-3.211993e-01,4.612024e-02,1.944535e-01,4.547315e-01,7.199165e-01,6.244301e-02,-2.132323e-01,-9.442875e-01
5.877873e+00,-1.538115e+00,3.863138e-01,-4.341038e-01,-9.614924e-02,4.352381e-01,3.634775e-01,8.112483e-01,-1.493145e-02,-2.184207e-01,-1.027284e+00
5.926365e+00,-1.819895e+00,4.582050e-01,-4.342259e-01,6.529474e-02,2.584180e-01,4.477879e-01,7.499912e-01,2.771200e-02,-2.340446e-01,-9.768421e-01
5.901796e+00,-1.678454e+00,3.725333e-01,-4.981525e-01,6.121671e-02,3.355701e-01,4.936275e-01,6.342867e-01,9.592285e-02,-3.327390e-01,-8.703180e-01
5.893864e+00,-1.596633e+00,1.942830e-01,-3.015068e-01,5.091386e-02,3.062229e-01,4.694947e-01,7.351756e-01,-1.675780e-01,-1.099860e-01,-9.302959e-01
5.994784e+00,-1.713752e+00,2.378174e-01,-3.146566e-01,1.656203e-01,2.044561e-01,4.428390e-01,7.822091e-01,-2.153489e-01,-4.135344e-02,-9.515784e-01
5.759140e+00,-1.537703e+00,2.909310e-01,-3.775550e-01,-5.877521e-03,3.207389e-01,5.135699e-01,6.697250e-01,-5.099419e-02,-3.085499e-01,-7.832209e-01
5.899793e+00,-1.767043e+00,2.912677e-01,-3.397163e-01,2.727230e-02,3.604544e-01,4.195775e-01,6.979780e-01,1.123080e-02,-2.325930e-01,-9.190576e-01
5.742801e+00,-1.473501e+00,2.398810e-01,-5.004246e-01,3.137820e-02,4.724284e-01,4.450541e-01,6.175479e-01,6.812091e-02,-3.177462e-01,-8.997190e-01
5.873961e+00,-1.713357e+00,2.832700e-01,-3.478246e-01,-3.952727e-02,4.586404e-01,3.018045e-01,8.687532e-01,-1.248022e-01,-1.984348e-01,-9.076524e-01
5.929774e+00,-1.527035e+00,1.432651e-01,-3.459134e-01,1.001211e-01,2.852963e-01,4.290768e-01,6.540192e-01,3.184078e-02,-1.685149e-01,-9.860889e-01
5.933854e+00,-1.642105e+00,2.795395e-01,-3.168601e-01,1.678228e-01,5.629915e-02,6.056524e-01,7.384639e-01,-1.731082e-01,-1.904484e-01,-8.325701e-01
5.932336e+00,-1.593058e+00,3.051368e-01,-4.342605e-01,8.953104e-02,4.470528e-01,1.779786e-01,8.188780e-01,2.273442e-02,-1.693434e-01,-1.046289e+00
5.943712e+00,-1.653096e+00,4.818277e-01,-4.867236e-01,-4.988688e-02,2.943589e-01,5.391177e-01,7.450662e-01,-1.269851e-02,-3.380328e-01,-8.803321e-01
5.916255e+00,-1.684383e+00,3.800333e-01,-5.575651e-01,1.817187e-01,3.097073e-01,3.627671e-01,7.370205e-01,1.507776e-01,-3.200345e-01,-1.026661e+00
5.961251e+00,-1.729868e+00,3.847763e-01,-4.501964e-01,8.159916e-02,2.969323e-01,4.113552e-01,8.000293e-01,-2.011284e-02,-3.227817e-01,-8.648549e-01
6.137367e+00,-1.721412e+00,2.645666e-01,-3.986670e-01,1.553168e-01,2.140857e-01,4.670856e-01,6.955750e-01,-1.214752e-02,-2.068283e-01,-8.643997e-01
6.027765e+00,-1.651759e+00,2.023227e-01,-3.676670e-01,2.093773e-01,1.525881e-01,5.020090e-01,6.719517e-01,-3.763574e-02,-2.094526e-01,-8.462024e-01
5.921414e+00,-1.642011e+00,3.711405e-01,-5.456848e-01,2.122360e-01,2.187892e-01,5.565134e-01,6.743801e-01,-6.668841e-02,-3.494972e-01,-7.918267e-01
5.983989e+00,-1.726172e+00,2.673815e-01,-4.444309e-01,1.662593e-01,3.572748e-01,3.550198e-01,7.380599e-01,-8.097993e-03,-2.238197e-01,-1.034514e+00
5.938755e+00,-1.692476e+00,3.464660e-01,-3.938813e-01,-9.765035e-02,5.094026e-01,3.298649e-01,8.386273e-01,-1.073419e-01,-3.421762e-01,-8.010073e-01
5.771386e+00,-1.523674e+00,2.078233e-01,-4.652430e-01,2.020184e-01,3.080968e-01,3.961635e-01,6.266939e-01,1.362611e-01,-2.890658e-01,-9.342973e-01
5.963596e+00,-1.651891e+00,2.182488e-01,-2.886058e-01,8.750597e-02,1.745385e-01,5.106342e-01,7.697262e-01,-1.705268e-01,-1.143935e-01,-8.690279e-01
6.055956e+00,-1.538883e+00,1.892343e-01,-3.825675e-01,3.611457e-02,3.634478e-01,3.529063e-01,7.735550e-01,-4.838792e-02,-1.328952e-01,-9.540333e-01
5.891108e+00,-1.693220e+00,2.971025e-01,-2.945139e-01,3.089576e-03,2.578926e-01,4.482541e-01,7.618264e-01,5.531347e-03,-2.390670e-01,-9.920328e-01
5.775458e+00,-1.441205e+00,3.457291e-01,-4.894743e-01,-1.564367e-03,3.584297e-01,4.772974e-01,7.313622e-01,-1.440707e-02,-2.314209e-01,-1.082252e+00
5.914130e+00,-1.832080e+00,4.742751e-01,-4.052130e-01,6.456371e-02,2.852310e-01,3.871626e-01,7.682848e-01,7.180258e-03,-2.293216e-01,-9.682122e-01
5.815674e+00,-1.552078e+00,3.124766e-01,-3.900304e-01,9.225909e-03,3.528404e-01,4.477943e-01,6.446886e-01,3.540275e-02,-2.441441e-01,-9.119533e-01
5.864460e+00,-1.539637e+00,9.999834e-02,-2.267350e-01,9.179441e-02,1.338249e-01,6.384522e-01,6.064266e-01,-2.350393e-02,-1.959893e-01,-8.425934e-01
5.878700e+00,-1.611361e+00,1.857251e-01,-3.305646e-01,6.039684e-02,3.134832e-01,3.927733e-01,8.143347e-01,-1.692703e-01,-8.058080e-02,-9.388470e-01
5.790016e+00,-1.567133e+00,2.106607e-01,-3.681557e-01,-3.927191e-02,3.750095e-01,4.872746e-01,7.376479e-01,-9.257503e-02,-2.306125e-01,-9.201493e-01
4.066921e+00,-5.857234e-01,-2.290080e-01,-9.213824e-02,1.114070e-01,3.777826e-01,5.199473e-01,4.330180e-01,1.811060e-01,-3.886587e-01,-7.674487e-01
