1.808415e+00,-7.082413e-01,-8.235514e-01,1.926071e-01,7.554238e-01,-5.981192e-01,-3.468079e-01,-2.932813e-02,1.436480e-01,6.139776e-02,3.718548e-01
1.572062e+00,-2.047607e+00,-1.289803e+00,-1.221311e-01,7.007668e-01,4.297676e-01,2.119825e-01,-9.690863e-02,3.042475e-01,-1.372632e-01,-2.469446e-01
2.168965e+00,-2.095190e+00,-1.698435e+00,-4.741585e-01,7.966432e-01,8.667831e-01,2.624237e-01,2.868230e-01,3.161976e-01,-5.462684e-01,-8.544326e-01
2.777585e+00,-1.972426e+00,-1.791780e+00,-7.088792e-01,6.423462e-01,8.258383e-01,1.048539e-01,2.371286e-01,7.575898e-01,-1.648656e-01,-1.625836e-01
3.006318e+00,-2.153013e+00,-1.567031e+00,-5.862141e-01,7.922329e-01,1.175936e+00,4.204058e-01,4.074754e-01,6.810503e-01,-3.196882e-01,-3.172984e-01
2.876416e+00,-2.112400e+00,-1.809839e+00,-9.770564e-01,1.059118e+00,8.633001e-01,8.590723e-02,3.709696e-01,3.892888e-01,-6.084254e-01,-5.875801e-01
2.240227e+00,-2.295130e+00,-1.918386e+00,-9.230629e-01,1.205286e+00,1.136713e+00,2.122500e-01,4.649705e-01,8.336748e-01,-5.181114e-01,-7.907641e-01
2.196266e+00,-2.421349e+00,-2.186425e+00,-1.034832e+00,9.399536e-01,1.074393e+00,2.730873e-01,6.952603e-01,1.257256e+00,-1.737497e-01,-2.643208e-01
2.435180e+00,-2.205428e+00,-1.865226e+00,-8.457281e-01,9.097554e-01,8.338513e-01,-3.974727e-02,3.344744e-01,5.291493e-01,-6.372627e-01,-5.112351e-01
2.439044e+00,-2.275745e+00,-1.966348e+00,-9.080600e-01,9.735961e-01,8.713903e-01,2.963963e-02,6.162048e-01,6.761120e-01,-3.156146e-01,-3.623307e-01
2.435798e+00,-2.379170e+00,-2.131395e+00,-1.101207e+00,7.028905e-01,5.557316e-01,-1.948602e-01,3.326441e-01,3.117751e-01,-5.588325e-01,-6.999046e-01
2.487317e+00,-2.399879e+00,-1.953090e+00,-6.388830e-01,1.088878e+00,1.141349e+00,4.621197e-01,8.866082e-01,6.619620e-01,-1.709184e-01,-6.325007e-01
2.662896e+00,-2.393349e+00,-2.036583e+00,-6.636325e-01,8.530312e-01,1.120949e+00,4.019356e-01,7.091856e-01,7.118480e-01,-3.103327e-01,-5.406621e-01
2.379253e+00,-2.690440e+00,-2.293430e+00,-9.229150e-01,6.913559e-01,8.848859e-01,3.064637e-01,6.612952e-01,6.018460e-01,-4.431935e-01,-6.248686e-01
2.675943e+00,-2.346779e+00,-2.089742e+00,-8.400257e-01,1.058439e+00,9.517489e-01,3.614130e-01,8.370764e-01,6.358386e-01,-5.840968e-01,-7.038563e-01
2.162199e+00,-2.873911e+00,-2.335648e+00,-1.209715e+00,8.216684e-01,8.112746e-01,2.802425e-01,7.126258e-01,8.059379e-01,-5.727743e-01,-5.562397e-01
2.471877e+00,-2.650073e+00,-1.942188e+00,-8.293663e-01,9.343673e-01,1.182427e+00,5.513128e-01,8.919816e-01,9.727886e-01,-5.103900e-01,-7.293172e-01
2.703033e+00,-2.653586e+00,-2.069350e+00,-8.022908e-01,6.117510e-01,8.686106e-01,2.791548e-01,6.632152e-01,6.573627e-01,-4.691942e-01,-8.250242e-01
2.064511e+00,-3.062034e+00,-2.535303e+00,-8.604506e-01,9.075025e-01,1.049222e+00,7.583703e-01,1.136585e+00,1.085670e+00,-8.047275e-02,-7.935861e-01
2.684585e+00,-2.577927e+00,-2.065749e+00,-7.676770e-01,9.590550e-01,9.481338e-01,3.964031e-01,1.086854e+00,9.095035e-01,-1.900624e-01,-7.087602e-01
2.798623e+00,-2.882525e+00,-1.886466e+00,-9.335300e-01,7.407097e-01,7.687885e-01,1.864289e-01,8.708625e-01,7.124811e-01,-3.454894e-01,-7.478147e-01
3.049165e+00,-2.991838e+00,-1.715112e+00,-7.771759e-01,8.091450e-01,7.880546e-01,4.235369e-01,7.466702e-01,8.113228e-01,-4.954103e-01,-8.296710e-01
2.966566e+00,-3.351537e+00,-1.794117e+00,-7.815400e-01,7.293918e-01,8.956233e-01,7.185899e-01,8.169917e-01,1.119735e+00,-4.243010e-01,-5.926274e-01
2.866734e+00,-3.311839e+00,-2.109532e+00,-9.821706e-01,5.508882e-01,7.125986e-01,3.981910e-01,6.923220e-01,7.681771e-01,-3.694944e-01,-8.058683e-01
3.098453e+00,-3.191790e+00,-2.045208e+00,-7.903555e-01,6.569228e-01,8.132652e-01,7.960584e-01,6.949599e-01,8.649746e-01,-2.019810e-01,-9.461268e-01
2.743915e+00,-3.497739e+00,-2.054612e+00,-1.264672e+00,6.681580e-01,6.288771e-01,6.615556e-01,6.524162e-01,8.851317e-01,-3.163697e-01,-8.375116e-01
3.078821e+00,-3.262906e+00,-1.818906e+00,-1.046843e+00,6.311735e-01,7.818674e-01,5.811140e-01,8.146232e-01,7.806461e-01,-3.576744e-01,-7.513655e-01
3.220504e+00,-3.114713e+00,-1.895246e+00,-8.406023e-01,5.566055e-01,8.523654e-01,4.156675e-01,8.095170e-01,7.541173e-01,-5.417206e-01,-7.508718e-01
3.292751e+00,-3.057690e+00,-1.831200e+00,-7.368913e-01,6.979216e-01,9.550932e-01,5.463506e-01,8.908517e-01,8.965136e-01,-5.814809e-01,-6.987278e-01
3.005217e+00,-3.312702e+00,-2.017788e+00,-1.019654e+00,6.748825e-01,6.444577e-01,5.196738e-01,8.650164e-01,8.669912e-01,-4.543953e-01,-6.544307e-01
2.849658e+00,-3.587442e+00,-1.959730e+00,-1.165184e+00,7.446622e-01,6.859783e-01,5.827197e-01,9.280756e-01,8.955553e-01,-2.494021e-01,-5.224314e-01
3.041479e+00,-3.432078e+00,-1.824958e+00,-1.128934e+00,7.215095e-01,6.925439e-01,4.338293e-01,8.127846e-01,8.826171e-01,-3.915351e-01,-6.316335e-01
2.951533e+00,-3.561201e+00,-1.759867e+00,-1.041702e+00,7.764473e-01,8.144024e-01,6.158727e-01,1.036996e+00,1.129288e+00,-2.088248e-01,-4.687751e-01
3.195292e+00,-3.408999e+00,-1.941346e+00,-8.633888e-01,4.777918e-01,9.001278e-01,2.929274e-01,9.357316e-01,7.954525e-01,-3.938803e-01,-6.412569e-01
3.035881e+00,-3.600503e+00,-2.283093e+00,-8.483895e-01,4.037013e-01,9.554145e-01,4.027510e-01,1.030284e+00,8.992136e-01,-2.920952e-01,-6.407065e-01
3.298745e+00,-3.226256e+00,-2.047615e+00,-7.133288e-01,6.010743e-01,1.110308e+00,4.960781e-01,1.057556e+00,8.895272e-01,-1.638245e-01,-7.556477e-01
2.829038e+00,-3.785635e+00,-2.472245e+00,-1.062527e+00,5.573392e-01,1.224279e+00,5.984671e-01,1.206710e+00,1.036055e+00,-3.058332e-02,-7.643014e-01
3.059749e+00,-3.791494e+00,-2.379711e+00,-1.266513e+00,2.401886e-01,8.424347e-01,1.834422e-01,7.808500e-01,6.071649e-01,-2.751602e-01,-7.946476e-01
3.475516e+00,-3.585967e+00,-2.243651e+00,-9.590557e-01,4.521922e-01,9.795120e-01,4.002469e-01,8.780507e-01,7.940228e-01,-2.531387e-01,-7.351523e-01
3.488554e+00,-3.893291e+00,-2.529549e+00,-9.066778e-01,2.468433e-01,1.102355e+00,4.196984e-01,9.811282e-01,1.014185e+00,-1.414062e-01,-5.240039e-01
3.433963e+00,-4.040950e+00,-2.845573e+00,-9.788363e-01,-4.178889e-02,7.371182e-01,2.815198e-01,5.664942e-01,8.810866e-01,-3.921888e-01,-7.377478e-01
3.496197e+00,-4.004854e+00,-2.838956e+00,-7.583220e-01,1.856184e-01,8.219222e-01,5.984429e-01,7.992710e-01,1.054701e+00,-1.361047e-01,-6.914498e-01
3.509372e+00,-3.918281e+00,-2.594105e+00,-7.815796e-01,4.124482e-01,7.959867e-01,6.020453e-01,9.738070e-01,1.012555e+00,5.678878e-02,-6.360782e-01
3.313502e+00,-4.203592e+00,-2.565906e+00,-1.076619e+00,3.210905e-01,7.027353e-01,2.893065e-01,9.199293e-01,9.795853e-01,-1.539538e-01,-5.423253e-01
3.474732e+00,-4.240138e+00,-2.306290e+00,-1.076480e+00,5.144695e-01,8.287213e-01,4.440798e-01,9.856385e-01,1.199874e+00,-2.315994e-01,-3.446453e-01
3.261291e+00,-4.442010e+00,-2.718616e+00,-1.233234e+00,1.757538e-01,8.328848e-01,1.874072e-01,8.863213e-01,1.096938e+00,-3.713768e-01,-3.328145e-01
3.073373e+00,-4.841154e+00,-3.264238e+00,-1.481990e+00,-3.284146e-01,5.677216e-01,-5.973035e-02,5.966404e-01,1.029828e+00,-4.951846e-01,-2.780902e-01
3.115700e+00,-4.505809e+00,-3.108579e+00,-1.444329e+00,3.306030e-02,5.049511e-01,1.503730e-01,7.115437e-01,9.293119e-01,-3.932118e-01,-3.926818e-01
3.377817e+00,-4.318021e+00,-2.963036e+00,-1.392938e+00,2.147418e-01,5.132421e-01,1.917616e-01,6.924331e-01,7.900368e-01,-4.448356e-01,-5.389955e-01
3.249765e+00,-4.421794e+00,-3.035476e+00,-1.461275e+00,1.100551e-01,4.807710e-01,1.829768e-01,5.921684e-01,7.686475e-01,-4.439452e-01,-5.920842e-01
3.255763e+00,-4.467121e+00,-3.044450e+00,-1.530934e+00,5.806483e-02,5.407282e-01,1.419092e-01,4.764124e-01,8.531913e-01,-4.709165e-01,-6.038029e-01
3.498717e+00,-4.465640e+00,-2.988839e+00,-1.414162e+00,1.349980e-02,7.046470e-01,7.072719e-02,4.779789e-01,9.706801e-01,-5.606565e-01,-5.595837e-01
3.411004e+00,-4.634593e+00,-3.201426e+00,-1.327723e+00,-2.791170e-01,8.018362e-01,-6.080477e-02,4.132394e-01,1.086321e+00,-7.187394e-01,-4.381606e-01
3.254260e+00,-4.465482e+00,-3.050761e+00,-1.439899e+00,6.074626e-02,6.399313e-01,5.165333e-02,5.506338e-01,9.668831e-01,-4.566057e-01,-5.506045e-01
3.017060e+00,-4.555829e+00,-3.165091e+00,-1.541679e+00,7.645833e-02,5.637190e-01,-1.178498e-02,6.743006e-01,9.050620e-01,-3.142651e-01,-5.791576e-01
2.836375e+00,-4.707209e+00,-3.166101e+00,-1.697170e+00,1.004623e-01,4.136964e-01,6.402510e-02,5.589611e-01,9.306203e-01,-3.443052e-01,-6.597452e-01
2.881625e+00,-4.651882e+00,-3.149392e+00,-1.656726e+00,6.723739e-02,4.353016e-01,9.134569e-02,5.074660e-01,9.494577e-01,-3.703483e-01,-6.559903e-01
3.265049e+00,-4.454953e+00,-2.977266e+00,-1.445110e+00,9.149026e-02,6.036295e-01,1.271520e-01,5.261460e-01,9.982421e-01,-4.612402e-01,-6.096602e-01
3.393493e+00,-4.580211e+00,-3.124238e+00,-1.395371e+00,-1.494304e-01,6.989667e-01,-1.050526e-02,4.861406e-01,1.007601e+00,-6.094799e-01,-5.614766e-01
3.566314e+00,-4.366066e+00,-3.029946e+00,-1.337452e+00,1.621371e-02,7.032159e-01,5.941456e-02,4.913879e-01,1.063074e+00,-6.772635e-01,-5.171342e-01
3.404092e+00,-4.335434e+00,-3.106664e+00,-1.466641e+00,1.124239e-01,5.943646e-01,2.872472e-02,5.840328e-01,8.931959e-01,-5.565270e-01,-5.838960e-01
3.244585e+00,-4.395310e+00,-3.142782e+00,-1.588174e+00,1.588847e-01,5.054642e-01,6.413804e-02,5.531566e-01,8.658673e-01,-5.182900e-01,-6.142883e-01
3.293233e+00,-4.320464e+00,-3.034715e+00,-1.531208e+00,2.156603e-01,5.565522e-01,1.255735e-01,5.369699e-01,8.993020e-01,-4.524000e-01,-6.446429e-01
3.190078e+00,-4.518996e+00,-3.081863e+00,-1.613155e+00,1.145663e-01,5.263535e-01,6.873800e-02,4.952072e-01,8.744637e-01,-4.359294e-01,-6.683562e-01
3.210209e+00,-4.464705e+00,-3.086882e+00,-1.461619e+00,5.147318e-02,6.266018e-01,7.089489e-02,4.787318e-01,9.864087e-01,-4.590573e-01,-6.138532e-01
3.324576e+00,-4.584970e+00,-3.162585e+00,-1.291867e+00,-1.741111e-01,8.099678e-01,-7.656396e-02,4.837131e-01,1.129066e+00,-6.083396e-01,-4.468055e-01
2.949532e+00,-4.762218e+00,-3.310589e+00,-1.588299e+00,-1.263604e-01,4.876777e-01,-1.041682e-01,4.373804e-01,9.742302e-01,-5.452839e-01,-5.854540e-01
2.945426e+00,-4.699055e+00,-3.235325e+00,-1.625920e+00,4.865093e-02,4.598385e-01,-8.535903e-03,5.771193e-01,9.480295e-01,-4.280423e-01,-5.641051e-01
3.107055e+00,-4.491808e+00,-3.059254e+00,-1.508942e+00,1.138274e-01,5.820563e-01,2.584869e-02,6.701488e-01,8.614756e-01,-3.337324e-01,-6.461420e-01
3.174048e+00,-4.472399e+00,-3.016266e+00,-1.567135e+00,1.296928e-01,4.930649e-01,1.069408e-01,5.228716e-01,9.050448e-01,-4.471143e-01,-6.703342e-01
3.371419e+00,-4.428608e+00,-2.971910e+00,-1.491839e+00,8.556923e-02,6.028707e-01,5.149207e-02,5.636799e-01,9.044657e-01,-4.534517e-01,-6.629311e-01
3.553915e+00,-4.381045e+00,-2.996603e+00,-1.349674e+00,-2.080257e-03,7.266697e-01,1.417448e-02,5.480526e-01,9.680754e-01,-5.731262e-01,-5.887850e-01
3.518158e+00,-4.526902e+00,-3.233330e+00,-1.317420e+00,-2.161372e-01,7.645898e-01,-7.655693e-02,4.521229e-01,1.072505e+00,-7.799181e-01,-4.464530e-01
3.521471e+00,-4.385173e+00,-3.066045e+00,-1.415207e+00,9.081848e-02,6.871894e-01,-4.408498e-02,6.457801e-01,8.726840e-01,-5.552758e-01,-5.431669e-01
3.181550e+00,-4.414658e+00,-3.138250e+00,-1.574795e+00,1.776789e-01,4.868910e-01,1.053594e-01,4.948151e-01,9.087548e-01,-4.725683e-01,-6.615935e-01
3.087472e+00,-4.478352e+00,-3.100144e+00,-1.630032e+00,1.651471e-01,5.083543e-01,5.136944e-02,5.292912e-01,8.753567e-01,-3.762972e-01,-6.872512e-01
3.088218e+00,-4.447981e+00,-3.041622e+00,-1.547300e+00,1.907891e-01,5.525915e-01,9.235164e-02,5.330165e-01,9.646699e-01,-3.173630e-01,-6.780653e-01
2.915263e+00,-4.608460e+00,-3.188903e+00,-1.605359e+00,4.851201e-02,5.068881e-01,-1.063343e-02,4.826547e-01,9.850588e-01,-3.761752e-01,-6.771834e-01
3.144513e+00,-4.776680e+00,-3.241062e+00,-1.481755e+00,-1.564433e-01,6.532599e-01,-1.205162e-01,4.822522e-01,1.085746e+00,-5.662850e-01,-5.048356e-01
3.244894e+00,-4.595788e+00,-3.214897e+00,-1.391243e+00,-3.087953e-02,6.800495e-01,-3.102443e-03,5.504756e-01,1.147434e+00,-5.812091e-01,-4.546902e-01
3.180061e+00,-4.437867e+00,-3.136806e+00,-1.513672e+00,1.419073e-01,5.069321e-01,8.298815e-02,5.402494e-01,1.001944e+00,-4.998524e-01,-6.116105e-01
3.139901e+00,-4.382591e+00,-3.098523e+00,-1.583348e+00,1.455605e-01,4.429160e-01,8.217096e-02,4.901699e-01,8.909864e-01,-4.599439e-01,-7.530445e-01
3.343008e+00,-4.248078e+00,-2.962015e+00,-1.463421e+00,1.741384e-01,5.845219e-01,8.501266e-02,5.834516e-01,8.889181e-01,-3.828577e-01,-7.350492e-01
3.297700e+00,-4.467007e+00,-3.036760e+00,-1.619944e+00,1.084503e-01,4.917136e-01,3.708087e-02,4.936720e-01,8.704264e-01,-4.893101e-01,-7.081565e-01
3.457824e+00,-4.331511e+00,-3.024599e+00,-1.434009e+00,1.038961e-01,6.044946e-01,8.052187e-02,4.623099e-01,9.912699e-01,-5.686918e-01,-6.282248e-01
3.501853e+00,-4.526654e+00,-3.199684e+00,-1.343720e+00,-1.137431e-01,7.052352e-01,8.658081e-03,4.066328e-01,1.125709e+00,-7.533477e-01,-4.467341e-01
3.272617e+00,-4.516025e+00,-3.170864e+00,-1.514949e+00,8.801602e-02,5.499919e-01,5.943220e-02,4.697822e-01,1.034480e+00,-6.052378e-01,-4.872127e-01
3.214025e+00,-4.486117e+00,-3.027117e+00,-1.574917e+00,2.361027e-01,4.904696e-01,1.414593e-01,4.470779e-01,1.033900e+00,-4.446431e-01,-5.866041e-01
2.930674e+00,-4.575820e+00,-3.135183e+00,-1.646934e+00,1.376287e-01,4.778817e-01,9.055730e-03,5.106793e-01,9.317883e-01,-3.224513e-01,-6.821258e-01
2.925247e+00,-4.617876e+00,-3.117489e+00,-1.615325e+00,9.566389e-02,5.403381e-01,-4.647421e-02,5.956414e-01,9.143413e-01,-2.666488e-01,-6.522272e-01
3.126085e+00,-4.622588e+00,-3.079412e+00,-1.532116e+00,6.321302e-02,6.097157e-01,-5.462820e-02,6.029177e-01,9.100014e-01,-3.648481e-01,-6.342000e-01
3.184462e+00,-4.561508e+00,-3.202463e+00,-1.454307e+00,-2.228893e-02,6.207234e-01,-4.245178e-02,5.381707e-01,9.659516e-01,-5.067179e-01,-6.201417e-01
3.386222e+00,-4.517960e+00,-3.228302e+00,-1.382168e+00,-4.568061e-02,6.437561e-01,-8.135474e-03,4.831049e-01,1.125014e+00,-7.356800e-01,-4.576748e-01
3.458803e+00,-4.318873e+00,-3.008275e+00,-1.407029e+00,1.440414e-01,6.236027e-01,4.315705e-02,5.981073e-01,9.554982e-01,-5.288006e-01,-6.107797e-01
3.263944e+00,-4.417266e+00,-3.058028e+00,-1.588400e+00,1.370092e-01,4.937164e-01,5.754863e-02,5.245340e-01,8.815745e-01,-4.655573e-01,-7.336195e-01
3.330020e+00,-4.260262e+00,-2.983593e+00,-1.485354e+00,1.997697e-01,5.576855e-01,1.121355e-01,5.359073e-01,9.368360e-01,-4.478780e-01,-7.085799e-01
3.281858e+00,-4.348778e+00,-3.056270e+00,-1.488625e+00,1.215267e-01,6.230806e-01,6.494213e-03,6.072087e-01,8.577560e-01,-4.037561e-01,-7.433086e-01
3.210638e+00,-4.531597e+00,-3.168809e+00,-1.534469e+00,5.351247e-02,5.832715e-01,2.180817e-02,5.393423e-01,9.538060e-01,-4.597898e-01,-6.277713e-01
3.355739e+00,-4.513718e+00,-3.159511e+00,-1.382937e+00,4.416498e-02,6.510536e-01,8.056233e-02,4.492965e-01,1.144370e+00,-6.350203e-01,-4.716210e-01
3.222938e+00,-4.672418e+00,-3.241567e+00,-1.440493e+00,-7.763058e-02,6.725042e-01,-9.470894e-02,5.162067e-01,1.058053e+00,-5.724583e-01,-4.809258e-01
3.005791e+00,-4.702554e+00,-3.213552e+00,-1.559961e+00,-2.399042e-02,5.595908e-01,-8.421589e-02,5.156946e-01,9.686850e-01,-3.989495e-01,-6.093319e-01
3.015062e+00,-4.577602e+00,-3.091404e+00,-1.532701e+00,1.104699e-01,5.650882e-01,2.638488e-02,5.600742e-01,9.394922e-01,-2.955429e-01,-6.877488e-01
2.993346e+00,-4.562697e+00,-3.123396e+00,-1.593050e+00,1.250429e-01,5.134322e-01,5.314967e-02,5.347949e-01,9.071845e-01,-3.390927e-01,-7.025627e-01
3.049176e+00,-4.540982e+00,-3.168693e+00,-1.599485e+00,9.368954e-02,4.972195e-01,4.791965e-02,5.151006e-01,8.926803e-01,-4.152454e-01,-7.160214e-01
3.390181e+00,-4.353155e+00,-3.052417e+00,-1.416908e+00,1.381505e-01,6.130934e-01,7.674842e-02,5.567268e-01,9.828377e-01,-5.334486e-01,-5.978608e-01
3.622391e+00,-4.470206e+00,-3.140320e+00,-1.306782e+00,-9.626204e-02,7.248410e-01,-4.362804e-02,5.231290e-01,1.083840e+00,-7.582821e-01,-4.330490e-01
3.546999e+00,-4.397253e+00,-3.029556e+00,-1.381630e+00,2.553895e-02,6.611626e-01,3.227240e-02,5.355481e-01,1.002984e+00,-5.978110e-01,-5.786822e-01
3.376711e+00,-4.261489e+00,-3.009705e+00,-1.398026e+00,1.071897e-01,6.396558e-01,6.509208e-02,5.714992e-01,9.260757e-01,-4.535461e-01,-6.889342e-01
3.156808e+00,-4.490993e+00,-3.103647e+00,-1.601815e+00,5.634131e-02,5.529829e-01,-2.573249e-02,5.799337e-01,8.062447e-01,-3.722035e-01,-7.345930e-01
3.188685e+00,-4.430638e+00,-3.016996e+00,-1.585959e+00,2.178375e-01,5.055411e-01,1.131102e-01,5.062811e-01,9.443954e-01,-4.167606e-01,-6.564339e-01
2.993254e+00,-4.529343e+00,-3.221372e+00,-1.564839e+00,5.800020e-02,5.729112e-01,-4.886243e-02,5.914091e-01,9.029183e-01,-3.668929e-01,-6.649271e-01
3.035474e+00,-4.686600e+00,-3.313983e+00,-1.563299e+00,-5.786125e-02,5.388471e-01,-1.197812e-01,4.842717e-01,1.015150e+00,-5.561582e-01,-5.246984e-01
3.271656e+00,-4.571613e+00,-3.214673e+00,-1.327672e+00,-1.245385e-01,7.560178e-01,-1.187651e-01,4.975416e-01,1.146259e+00,-6.185934e-01,-4.203205e-01
3.185309e+00,-4.560368e+00,-3.106924e+00,-1.492369e+00,6.328073e-02,6.083513e-01,1.700140e-02,5.159403e-01,1.015358e+00,-4.569475e-01,-5.694629e-01
3.026826e+00,-4.597805e+00,-3.159247e+00,-1.665647e+00,8.426200e-02,4.660187e-01,3.425962e-02,4.711309e-01,8.804863e-01,-4.288186e-01,-7.104156e-01
3.265998e+00,-4.428302e+00,-3.017936e+00,-1.532294e+00,1.638343e-01,6.046035e-01,6.733568e-02,6.153253e-01,8.700221e-01,-3.664358e-01,-6.725250e-01
3.234508e+00,-4.307950e+00,-3.045490e+00,-1.568401e+00,2.320377e-01,4.836933e-01,1.511213e-01,5.267095e-01,9.279363e-01,-4.366551e-01,-6.831812e-01
3.424348e+00,-4.383109e+00,-3.064734e+00,-1.513436e+00,1.037834e-01,5.647722e-01,4.851598e-03,5.891918e-01,8.857566e-01,-5.350004e-01,-6.069318e-01
3.615178e+00,-4.304562e+00,-3.021120e+00,-1.303245e+00,1.047679e-02,7.077886e-01,1.669164e-02,5.690451e-01,9.850001e-01,-6.290465e-01,-5.326771e-01
3.392486e+00,-4.507030e+00,-3.168903e+00,-1.376355e+00,-1.660547e-01,7.042632e-01,-4.691658e-02,5.012972e-01,9.754647e-01,-6.185505e-01,-5.776551e-01
3.297144e+00,-4.416713e+00,-3.014763e+00,-1.447352e+00,6.529494e-02,6.471464e-01,7.383212e-02,5.450710e-01,9.514913e-01,-4.425761e-01,-6.355464e-01
2.952908e+00,-4.563475e+00,-3.141586e+00,-1.651898e+00,8.046735e-02,4.816744e-01,5.260595e-02,4.847896e-01,8.851706e-01,-3.823313e-01,-7.328254e-01
2.853217e+00,-4.639276e+00,-3.171834e+00,-1.694660e+00,1.118733e-01,4.537080e-01,6.576425e-02,5.194338e-01,9.493842e-01,-3.142765e-01,-6.379343e-01
3.021121e+00,-4.569327e+00,-3.107570e+00,-1.591314e+00,1.215736e-01,5.203836e-01,-8.393259e-03,5.982022e-01,9.156646e-01,-3.280708e-01,-5.984642e-01
3.091883e+00,-4.450642e+00,-3.180148e+00,-1.478027e+00,1.309369e-01,4.957696e-01,8.885041e-02,4.812115e-01,1.034161e+00,-4.926144e-01,-5.589142e-01
3.249694e+00,-4.595406e+00,-3.322368e+00,-1.310379e+00,-2.392144e-01,7.615259e-01,-8.300781e-02,4.673191e-01,1.072290e+00,-6.691753e-01,-4.856644e-01
3.338160e+00,-4.491304e+00,-3.111611e+00,-1.404883e+00,-1.995190e-02,6.943684e-01,2.952312e-02,5.043428e-01,9.840726e-01,-5.500974e-01,-5.677076e-01
3.220185e+00,-4.388202e+00,-3.079950e+00,-1.555827e+00,1.357835e-01,5.165935e-01,1.121146e-01,4.500037e-01,9.029771e-01,-5.083734e-01,-7.145368e-01
3.181653e+00,-4.362377e+00,-3.096758e+00,-1.590607e+00,1.288595e-01,5.127493e-01,5.866641e-02,5.440478e-01,8.273728e-01,-4.342953e-01,-7.380188e-01
3.367742e+00,-4.194839e+00,-2.977730e+00,-1.465054e+00,2.038800e-01,5.871931e-01,6.597445e-02,6.384778e-01,8.197196e-01,-4.159080e-01,-7.181300e-01
3.280941e+00,-4.357786e+00,-3.109883e+00,-1.543138e+00,1.153045e-01,4.607220e-01,6.640110e-02,5.384878e-01,8.674246e-01,-5.434696e-01,-6.436756e-01
3.404215e+00,-4.352894e+00,-3.066632e+00,-1.353380e+00,2.814215e-02,6.356263e-01,1.009863e-01,5.100428e-01,1.017471e+00,-5.904061e-01,-5.461439e-01
3.323823e+00,-4.598966e+00,-3.192434e+00,-1.316133e+00,-2.198887e-01,7.656866e-01,9.070781e-03,4.453271e-01,1.127665e+00,-6.609765e-01,-4.696357e-01
2.914767e+00,-4.646997e+00,-3.226455e+00,-1.585186e+00,-3.292774e-02,5.041299e-01,7.908913e-02,3.919728e-01,1.019593e+00,-4.685778e-01,-6.544314e-01
2.923156e+00,-4.625716e+00,-3.106099e+00,-1.619160e+00,7.416507e-02,4.757125e-01,7.306045e-02,4.560321e-01,9.592549e-01,-3.573661e-01,-6.744452e-01
3.027929e+00,-4.505233e+00,-3.047320e+00,-1.532455e+00,1.252788e-01,5.533387e-01,4.597890e-02,5.904373e-01,8.964384e-01,-3.044782e-01,-6.338158e-01
2.998054e+00,-4.544640e+00,-3.179874e+00,-1.607270e+00,8.936353e-02,4.554539e-01,2.171159e-02,5.459506e-01,8.267121e-01,-4.202307e-01,-6.307059e-01
3.265922e+00,-4.461978e+00,-3.117885e+00,-1.472635e+00,9.388216e-02,6.182712e-01,3.387773e-02,6.129417e-01,8.880113e-01,-4.678552e-01,-5.585740e-01
3.491905e+00,-4.515903e+00,-3.080025e+00,-1.387328e+00,-1.687102e-02,7.156165e-01,7.675620e-02,4.779885e-01,1.058111e+00,-6.465972e-01,-4.673975e-01
3.353726e+00,-4.501952e+00,-3.163410e+00,-1.440778e+00,-8.592211e-02,6.796006e-01,3.525824e-02,4.470945e-01,1.012687e+00,-6.426727e-01,-5.380167e-01
3.410386e+00,-4.309318e+00,-2.989742e+00,-1.438929e+00,1.111581e-01,6.434021e-01,1.166582e-01,5.381838e-01,9.327881e-01,-4.845004e-01,-6.230284e-01
3.248985e+00,-4.317657e+00,-3.014070e+00,-1.585623e+00,1.652484e-01,5.000746e-01,9.625330e-02,5.448029e-01,8.320768e-01,-4.465516e-01,-6.957352e-01
3.325388e+00,-4.310193e+00,-2.982369e+00,-1.552276e+00,2.149987e-01,5.103686e-01,8.877419e-02,6.002074e-01,8.581804e-01,-4.523995e-01,-6.456694e-01
3.241424e+00,-4.342771e+00,-3.051622e+00,-1.529004e+00,1.928143e-01,5.315926e-01,5.641402e-02,6.395081e-01,8.812042e-01,-4.493900e-01,-6.103291e-01
3.029418e+00,-4.610636e+00,-3.233141e+00,-1.550688e+00,-4.640653e-02,5.772934e-01,-2.959791e-02,5.521054e-01,9.486787e-01,-4.799051e-01,-6.161748e-01
3.113890e+00,-4.708677e+00,-3.267396e+00,-1.395704e+00,-2.290770e-01,7.209432e-01,-1.850408e-02,4.307750e-01,1.205838e+00,-5.863989e-01,-4.480278e-01
3.103545e+00,-4.595925e+00,-3.113878e+00,-1.450228e+00,-5.086368e-02,6.356537e-01,1.806949e-02,4.833789e-01,1.062345e+00,-4.464060e-01,-5.647605e-01
2.935072e+00,-4.560086e+00,-3.156454e+00,-1.628350e+00,5.554203e-02,4.410395e-01,5.219360e-02,4.499629e-01,9.171278e-01,-4.038566e-01,-6.760346e-01
3.158505e+00,-4.410811e+00,-3.041142e+00,-1.568824e+00,1.823981e-01,4.963931e-01,1.016282e-01,5.285547e-01,8.762894e-01,-4.054807e-01,-6.535061e-01
3.200996e+00,-4.337381e+00,-3.080661e+00,-1.571721e+00,2.404464e-01,4.795755e-01,1.089572e-01,5.706637e-01,8.504027e-01,-4.425659e-01,-6.344231e-01
3.226285e+00,-4.466261e+00,-3.171057e+00,-1.598716e+00,8.024734e-02,5.136002e-01,3.162762e-02,5.172615e-01,8.624489e-01,-5.228510e-01,-6.048553e-01
3.444224e+00,-4.358310e+00,-3.064119e+00,-1.397779e+00,3.271879e-02,6.647638e-01,8.764216e-02,4.724006e-01,9.791412e-01,-5.881738e-01,-5.696689e-01
3.518533e+00,-4.440579e+00,-3.099322e+00,-1.323452e+00,-1.536823e-01,7.597129e-01,1.085868e-02,4.233169e-01,1.046333e+00,-6.795080e-01,-5.240852e-01
3.362318e+00,-4.382048e+00,-3.043131e+00,-1.424086e+00,-9.825436e-03,6.631373e-01,3.080101e-02,5.253342e-01,9.014966e-01,-4.892781e-01,-6.574133e-01
3.302922e+00,-4.368862e+00,-2.964481e+00,-1.521420e+00,1.708673e-01,5.392427e-01,1.090498e-01,5.393366e-01,9.072332e-01,-4.351545e-01,-6.574634e-01
2.937524e+00,-4.441772e+00,-3.205662e+00,-1.626798e+00,1.220996e-01,4.517684e-01,3.090434e-02,5.815720e-01,8.854016e-01,-3.645877e-01,-6.837166e-01
2.960195e+00,-4.499973e+00,-3.178279e+00,-1.586617e+00,1.352984e-01,5.346606e-01,-2.154984e-02,6.755697e-01,9.190737e-01,-3.330723e-01,-6.231813e-01
2.971841e+00,-4.589518e+00,-3.176458e+00,-1.519265e+00,2.538666e-02,5.828140e-01,-2.145472e-02,5.932929e-01,1.018383e+00,-3.888058e-01,-5.901312e-01
3.034087e+00,-4.582650e+00,-3.248841e+00,-1.385085e+00,-1.329428e-01,6.819648e-01,-9.742340e-03,4.763601e-01,1.136053e+00,-5.482052e-01,-5.390020e-01
3.214735e+00,-4.481169e+00,-3.197283e+00,-1.326120e+00,-1.243822e-01,7.266622e-01,-1.160606e-02,4.731503e-01,1.082469e+00,-5.671000e-01,-5.800861e-01
3.234750e+00,-4.344254e+00,-3.061234e+00,-1.449627e+00,1.418876e-01,5.865163e-01,1.086097e-01,5.188537e-01,9.521297e-01,-4.440232e-01,-6.652488e-01
3.157379e+00,-4.451789e+00,-3.152987e+00,-1.636176e+00,1.634657e-01,4.428481e-01,6.113385e-02,5.059712e-01,8.359923e-01,-4.784631e-01,-6.982521e-01
3.368410e+00,-4.357212e+00,-3.043472e+00,-1.586843e+00,2.875558e-01,4.994923e-01,8.935877e-02,5.922593e-01,8.636714e-01,-4.908699e-01,-6.155230e-01
3.377074e+00,-4.390393e+00,-3.048532e+00,-1.506506e+00,1.416720e-01,6.058183e-01,2.579968e-02,6.315391e-01,8.021959e-01,-4.102137e-01,-6.639903e-01
3.361743e+00,-4.486626e+00,-3.076519e+00,-1.482303e+00,1.663399e-02,6.051510e-01,5.304208e-02,4.835071e-01,9.215056e-01,-5.314619e-01,-6.093542e-01
3.613305e+00,-4.450722e+00,-3.045726e+00,-1.178384e+00,-1.914663e-01,9.160826e-01,-5.169538e-02,5.284051e-01,1.074453e+00,-6.444367e-01,-4.693103e-01
3.294818e+00,-4.646767e+00,-3.127207e+00,-1.477033e+00,-1.167424e-01,6.656918e-01,-7.513262e-02,4.993140e-01,9.634604e-01,-5.511527e-01,-5.915957e-01
2.980201e+00,-4.518760e+00,-3.145776e+00,-1.562093e+00,1.032296e-01,4.967961e-01,6.444873e-02,5.189896e-01,9.846988e-01,-3.978549e-01,-6.457355e-01
2.897831e+00,-4.593443e+00,-3.185629e+00,-1.618644e+00,1.311794e-01,4.251316e-01,1.345510e-02,5.663619e-01,9.444110e-01,-3.946396e-01,-6.347219e-01
2.808923e+00,-4.519210e+00,-3.239776e+00,-1.585812e+00,1.192101e-01,4.115764e-01,3.432279e-02,5.452845e-01,9.390178e-01,-3.401961e-01,-6.963223e-01
3.072016e+00,-4.590882e+00,-3.127803e+00,-1.569658e+00,5.089826e-02,5.212375e-01,-3.341935e-02,5.430829e-01,9.050882e-01,-4.398959e-01,-6.848284e-01
3.334544e+00,-4.398599e+00,-3.057595e+00,-1.351619e+00,3.603320e-02,6.737794e-01,6.975298e-02,4.888783e-01,1.052264e+00,-5.172253e-01,-6.244241e-01
3.369809e+00,-4.509988e+00,-3.184966e+00,-1.363466e+00,-1.444577e-01,7.336618e-01,-4.681185e-02,4.373859e-01,1.068903e+00,-6.875284e-01,-5.316939e-01
3.383166e+00,-4.375597e+00,-3.086167e+00,-1.429088e+00,6.926840e-02,6.356399e-01,4.165951e-02,5.239260e-01,9.353003e-01,-5.087222e-01,-6.308522e-01
3.290805e+00,-4.273980e+00,-3.065885e+00,-1.555788e+00,2.701155e-01,4.976384e-01,1.077283e-01,5.347430e-01,8.950777e-01,-4.964728e-01,-6.659005e-01
3.236986e+00,-4.395789e+00,-3.144917e+00,-1.622085e+00,1.985194e-01,4.704384e-01,2.233361e-02,5.706384e-01,8.256648e-01,-4.775130e-01,-6.611114e-01
3.374262e+00,-4.330237e+00,-2.988243e+00,-1.468519e+00,1.833940e-01,6.522013e-01,2.665935e-02,6.619609e-01,8.497201e-01,-3.591544e-01,-6.438466e-01
3.262885e+00,-4.523119e+00,-3.053965e+00,-1.554615e+00,8.827199e-02,5.781260e-01,5.148697e-02,4.900564e-01,9.889490e-01,-4.564867e-01,-6.115931e-01
3.303679e+00,-4.605842e+00,-3.122695e+00,-1.400558e+00,-1.073548e-01,7.175436e-01,-4.666898e-02,4.577284e-01,1.094901e+00,-5.812115e-01,-5.473942e-01
3.111612e+00,-4.577708e+00,-3.165394e+00,-1.427772e+00,-2.704851e-02,6.146760e-01,5.213565e-02,4.078821e-01,1.194712e+00,-5.359825e-01,-5.660866e-01
2.827066e+00,-4.658208e+00,-3.247228e+00,-1.618119e+00,3.758948e-02,4.526543e-01,-6.115527e-03,5.331327e-01,9.992342e-01,-3.861691e-01,-6.324312e-01
2.890855e+00,-4.563226e+00,-3.244140e+00,-1.640354e+00,1.116407e-01,4.271622e-01,-3.215691e-02,6.046173e-01,8.944883e-01,-3.765217e-01,-6.730848e-01
3.131948e+00,-4.352960e+00,-3.034213e+00,-1.550465e+00,2.556119e-01,4.626496e-01,1.074630e-01,5.681326e-01,9.285041e-01,-3.871852e-01,-6.810765e-01
3.180370e+00,-4.434119e+00,-3.087486e+00,-1.571962e+00,1.384660e-01,5.059103e-01,6.753519e-02,5.168486e-01,9.290115e-01,-4.313651e-01,-6.987335e-01
3.375692e+00,-4.371318e+00,-3.059607e+00,-1.435542e+00,5.192753e-02,6.419559e-01,3.613334e-02,4.971013e-01,9.549528e-01,-5.139289e-01,-6.727268e-01
3.582316e+00,-4.412482e+00,-3.093357e+00,-1.269114e+00,-1.088187e-01,8.087353e-01,6.518922e-03,4.407270e-01,1.120746e+00,-7.041930e-01,-4.840284e-01
3.363454e+00,-4.470610e+00,-3.175160e+00,-1.451016e+00,-3.347381e-02,6.679552e-01,-3.075260e-02,5.248914e-01,9.419151e-01,-5.626100e-01,-5.701231e-01
3.284822e+00,-4.250128e+00,-3.116249e+00,-1.458356e+00,2.099562e-01,5.563870e-01,7.685767e-02,5.710595e-01,8.920054e-01,-4.632240e-01,-6.446812e-01
3.181081e+00,-4.412584e+00,-3.117817e+00,-1.624302e+00,2.111180e-01,4.640674e-01,1.668505e-02,5.413111e-01,8.521748e-01,-4.500200e-01,-6.790702e-01
3.123479e+00,-4.493422e+00,-3.081369e+00,-1.608145e+00,1.907426e-01,4.956043e-01,6.620769e-02,5.313783e-01,9.565509e-01,-3.781182e-01,-6.388656e-01
3.030091e+00,-4.445803e+00,-3.069146e+00,-1.526422e+00,1.648319e-01,5.492719e-01,5.176347e-02,5.306306e-01,9.953517e-01,-3.602094e-01,-6.723162e-01
2.947118e+00,-4.670236e+00,-3.275812e+00,-1.487166e+00,-1.143037e-01,6.100890e-01,-6.854850e-02,4.802537e-01,1.080068e+00,-4.337737e-01,-6.197895e-01
3.005300e+00,-4.711222e+00,-3.361197e+00,-1.424089e+00,-2.333902e-01,6.426297e-01,-9.357921e-02,4.152824e-01,1.153893e+00,-6.404332e-01,-5.442420e-01
3.123440e+00,-4.438926e+00,-3.166726e+00,-1.458078e+00,9.702227e-02,5.478178e-01,4.575318e-02,5.454009e-01,1.014733e+00,-4.933686e-01,-6.255640e-01
3.166190e+00,-4.356471e+00,-3.155833e+00,-1.481621e+00,1.182741e-01,5.642040e-01,-5.001513e-02,6.853817e-01,8.257187e-01,-4.191856e-01,-6.727610e-01
3.181229e+00,-4.318013e+00,-3.081891e+00,-1.551964e+00,1.812198e-01,4.787291e-01,5.459770e-02,5.542669e-01,8.362304e-01,-4.369974e-01,-7.476331e-01
3.377819e+00,-4.297094e+00,-2.962915e+00,-1.485999e+00,1.968864e-01,5.709782e-01,9.372662e-02,5.479897e-01,8.890700e-01,-4.503096e-01,-6.890860e-01
3.236436e+00,-4.473688e+00,-3.111101e+00,-1.600475e+00,9.312167e-02,4.635363e-01,1.003146e-01,3.830320e-01,9.192010e-01,-5.494280e-01,-7.268478e-01
3.525890e+00,-4.439233e+00,-3.083834e+00,-1.285719e+00,-6.897367e-02,8.187453e-01,7.980512e-03,5.320693e-01,1.030948e+00,-5.960407e-01,-5.182310e-01
3.391636e+00,-4.510747e+00,-3.150037e+00,-1.393976e+00,-1.791877e-02,6.745556e-01,5.626966e-02,4.499587e-01,1.062640e+00,-6.326608e-01,-4.951489e-01
3.171579e+00,-4.543376e+00,-3.192991e+00,-1.582423e+00,1.264317e-01,4.811614e-01,3.455768e-02,5.143500e-01,9.308858e-01,-4.997415e-01,-5.924100e-01
3.150214e+00,-4.486081e+00,-3.015057e+00,-1.558891e+00,2.409352e-01,5.381436e-01,8.523589e-02,6.180799e-01,9.509524e-01,-3.134205e-01,-5.931497e-01
2.924663e+00,-4.550425e+00,-3.089118e+00,-1.601011e+00,1.707923e-01,4.814417e-01,8.920251e-02,5.354685e-01,9.709025e-01,-2.826983e-01,-6.954259e-01
2.876990e+00,-4.701788e+00,-3.136553e+00,-1.677546e+00,8.603539e-02,4.459950e-01,4.679977e-02,4.694372e-01,1.001755e+00,-3.883343e-01,-6.423322e-01
3.073541e+00,-4.561368e+00,-3.155303e+00,-1.440541e+00,-3.616791e-02,6.915941e-01,-3.584271e-02,6.114911e-01,9.727848e-01,-4.007499e-01,-6.289592e-01
3.357898e+00,-4.534548e+00,-3.170298e+00,-1.302577e+00,-1.165612e-01,7.294958e-01,5.618705e-02,4.506075e-01,1.187376e+00,-6.806736e-01,-4.521401e-01
3.313754e+00,-4.471988e+00,-3.158972e+00,-1.458548e+00,-6.082936e-04,5.785199e-01,4.573473e-03,5.474713e-01,9.573072e-01,-5.854101e-01,-5.738716e-01
3.343077e+00,-4.174424e+00,-3.028302e+00,-1.435662e+00,1.957146e-01,5.520331e-01,6.780613e-02,5.919967e-01,8.731956e-01,-5.101761e-01,-6.638667e-01
3.292354e+00,-4.417587e+00,-3.045211e+00,-1.642370e+00,1.537529e-01,4.683386e-01,2.253635e-02,5.395520e-01,8.145210e-01,-4.808159e-01,-7.121412e-01
3.356155e+00,-4.354667e+00,-2.963597e+00,-1.547745e+00,1.800217e-01,5.680062e-01,7.102803e-02,5.745632e-01,8.245116e-01,-4.007879e-01,-7.061369e-01
3.201182e+00,-4.396781e+00,-3.098867e+00,-1.538803e+00,1.007653e-01,5.672764e-01,7.186438e-02,4.958790e-01,8.792109e-01,-4.404604e-01,-7.285316e-01
3.181466e+00,-4.578048e+00,-3.202899e+00,-1.550778e+00,-1.599830e-02,5.650246e-01,3.794571e-02,4.077582e-01,1.007879e+00,-5.815009e-01,-5.790172e-01
3.381436e+00,-4.523363e+00,-3.182849e+00,-1.311309e+00,-9.742312e-02,7.440478e-01,-8.571022e-03,4.379293e-01,1.160795e+00,-6.948238e-01,-3.983731e-01
2.976883e+00,-4.462384e+00,-3.206500e+00,-1.560673e+00,1.258092e-01,4.272952e-01,5.593576e-02,4.441030e-01,9.818186e-01,-4.759606e-01,-5.968976e-01
2.835519e+00,-4.597518e+00,-3.198645e+00,-1.658226e+00,8.653019e-02,4.093480e-01,3.663930e-02,4.703469e-01,9.296228e-01,-3.562331e-01,-6.663066e-01
2.950050e+00,-4.566581e+00,-3.082983e+00,-1.653598e+00,1.575775e-01,4.471054e-01,1.025020e-01,4.961515e-01,9.350811e-01,-3.391760e-01,-6.849082e-01
3.037904e+00,-4.506119e+00,-3.071310e+00,-1.625911e+00,1.348818e-01,4.708111e-01,1.172099e-01,4.831451e-01,9.263441e-01,-4.126931e-01,-6.800662e-01
3.144088e+00,-4.494788e+00,-3.105763e+00,-1.569862e+00,2.647950e-02,5.245665e-01,5.106868e-02,5.095930e-01,8.939403e-01,-4.677582e-01,-6.722650e-01
3.574017e+00,-4.342134e+00,-3.024513e+00,-1.279564e+00,-5.457438e-02,7.253104e-01,5.092575e-02,5.055595e-01,1.044520e+00,-6.687322e-01,-4.937458e-01
3.445226e+00,-4.356907e+00,-3.184684e+00,-1.340578e+00,-1.019994e-01,6.837038e-01,-3.994580e-02,5.758414e-01,9.424145e-01,-6.390482e-01,-5.222921e-01
3.393201e+00,-4.270422e+00,-3.010631e+00,-1.487485e+00,1.699851e-01,5.497694e-01,1.103941e-01,5.498039e-01,9.133902e-01,-5.268369e-01,-6.102302e-01
3.278710e+00,-4.326457e+00,-3.012130e+00,-1.538484e+00,1.839712e-01,5.721589e-01,9.429152e-02,5.814361e-01,8.547343e-01,-4.196249e-01,-6.826198e-01
3.086181e+00,-4.542885e+00,-3.114709e+00,-1.682028e+00,1.018898e-01,5.021348e-01,4.279556e-02,5.238273e-01,8.347735e-01,-3.941866e-01,-6.965345e-01
3.130986e+00,-4.466908e+00,-3.060026e+00,-1.546219e+00,1.571530e-01,5.888187e-01,9.908339e-02,5.518219e-01,9.530075e-01,-3.849808e-01,-6.269955e-01
3.042418e+00,-4.489860e+00,-3.189800e+00,-1.478703e+00,4.759823e-02,5.968127e-01,5.562699e-02,4.940581e-01,1.032326e+00,-4.405338e-01,-5.842600e-01
3.117245e+00,-4.608911e+00,-3.287048e+00,-1.413130e+00,-1.020317e-01,6.062797e-01,2.247903e-03,3.760381e-01,1.203106e+00,-6.859546e-01,-4.044540e-01
3.067868e+00,-4.526573e+00,-3.193348e+00,-1.466980e+00,7.400839e-02,5.617350e-01,9.147024e-02,5.153858e-01,1.089096e+00,-4.965092e-01,-4.801324e-01
3.008277e+00,-4.513523e+00,-3.152062e+00,-1.549797e+00,8.423855e-02,5.517340e-01,7.148699e-02,5.837441e-01,9.020497e-01,-3.667039e-01,-6.640437e-01
2.992957e+00,-4.502103e+00,-3.137734e+00,-1.629623e+00,9.518424e-02,4.649860e-01,1.060573e-01,4.993593e-01,8.610935e-01,-4.228308e-01,-7.155217e-01
3.278577e+00,-4.292106e+00,-2.964890e+00,-1.459801e+00,1.535375e-01,5.872534e-01,1.496025e-01,5.729604e-01,8.823258e-01,-3.951042e-01,-6.986767e-01
3.287866e+00,-4.297403e+00,-3.027484e+00,-1.456753e+00,7.125463e-02,5.786797e-01,8.325319e-02,5.704941e-01,8.443467e-01,-4.396195e-01,-6.927753e-01
3.472511e+00,-4.332510e+00,-3.059891e+00,-1.364359e+00,-6.986234e-03,6.325471e-01,7.205467e-02,5.172202e-01,9.438307e-01,-5.974779e-01,-5.880691e-01
3.499041e+00,-4.275321e+00,-3.135155e+00,-1.236841e+00,-6.736665e-02,7.629912e-01,1.890765e-02,5.672925e-01,1.005181e+00,-6.567002e-01,-5.063321e-01
3.171709e+00,-4.494675e+00,-3.164484e+00,-1.575191e+00,6.341784e-02,4.847176e-01,1.234110e-01,4.272513e-01,9.623407e-01,-5.589133e-01,-6.183503e-01
3.072414e+00,-4.411829e+00,-3.093623e+00,-1.529130e+00,1.186500e-01,5.909774e-01,9.208213e-02,5.623516e-01,8.950179e-01,-3.669930e-01,-6.662190e-01
2.902188e+00,-4.383943e+00,-3.149150e+00,-1.517819e+00,1.256646e-01,5.614334e-01,1.028805e-01,5.424165e-01,9.043352e-01,-2.880317e-01,-7.257008e-01
2.891005e+00,-4.604543e+00,-3.143618e+00,-1.651912e+00,8.743193e-02,4.880230e-01,1.376937e-02,5.276011e-01,8.896140e-01,-2.939540e-01,-6.732621e-01
3.050123e+00,-4.531554e+00,-3.111913e+00,-1.503346e+00,8.756138e-02,5.794717e-01,1.293825e-02,5.610767e-01,9.841215e-01,-4.052700e-01,-5.445374e-01
3.215873e+00,-4.528913e+00,-3.249323e+00,-1.374342e+00,-4.650510e-02,6.828845e-01,-2.665234e-02,5.324486e-01,1.067408e+00,-6.125067e-01,-4.657803e-01
3.123492e+00,-4.544201e+00,-3.311218e+00,-1.446248e+00,-8.989082e-02,6.392187e-01,-2.277920e-02,5.208474e-01,9.996388e-01,-5.823351e-01,-5.488208e-01
3.232018e+00,-4.403840e+00,-3.073648e+00,-1.532591e+00,1.357752e-01,5.225768e-01,1.401840e-01,4.793294e-01,9.682533e-01,-5.159829e-01,-6.231751e-01
3.283774e+00,-4.281798e+00,-2.996564e+00,-1.502145e+00,1.550814e-01,5.678178e-01,1.075921e-01,5.636672e-01,8.542936e-01,-3.967016e-01,-7.409354e-01
3.164193e+00,-4.307165e+00,-3.092273e+00,-1.544718e+00,5.591045e-02,5.125650e-01,5.050744e-02,5.399126e-01,8.083762e-01,-4.122666e-01,-7.506976e-01
3.363101e+00,-4.214113e+00,-2.967298e+00,-1.433003e+00,1.303238e-01,6.017530e-01,6.673499e-02,6.045936e-01,8.274304e-01,-4.346833e-01,-7.039454e-01
3.240331e+00,-4.427923e+00,-3.200908e+00,-1.470367e+00,-4.241608e-02,6.074716e-01,-4.450694e-02,6.034206e-01,8.357800e-01,-5.019628e-01,-6.299278e-01
3.440057e+00,-4.477086e+00,-3.178335e+00,-1.306596e+00,-8.499740e-02,7.365273e-01,6.199167e-02,4.624218e-01,1.164135e+00,-6.928461e-01,-4.140034e-01
3.040476e+00,-4.455532e+00,-3.192839e+00,-1.478725e+00,5.511288e-02,5.643457e-01,1.416611e-01,4.248511e-01,1.075987e+00,-4.757033e-01,-6.109049e-01
2.870673e+00,-4.620839e+00,-3.194740e+00,-1.643428e+00,3.063968e-02,4.792534e-01,2.374205e-02,4.513210e-01,9.420395e-01,-3.604208e-01,-6.737132e-01
2.818339e+00,-4.484886e+00,-3.160748e+00,-1.586789e+00,9.214005e-02,4.611146e-01,2.174327e-02,4.771120e-01,8.797343e-01,-2.924459e-01,-7.572811e-01
2.977741e+00,-4.489758e+00,-3.080549e+00,-1.606522e+00,1.621031e-01,4.726274e-01,3.677942e-02,5.178250e-01,8.536953e-01,-3.341574e-01,-7.207257e-01
3.010844e+00,-4.582005e+00,-3.232168e+00,-1.622263e+00,6.323338e-02,4.732710e-01,2.172726e-02,5.032646e-01,9.043609e-01,-4.545942e-01,-6.254868e-01
3.321302e+00,-4.422108e+00,-3.213569e+00,-1.366535e+00,-2.360155e-02,6.764591e-01,-1.178587e-02,5.683184e-01,9.678847e-01,-5.834734e-01,-5.073615e-01
3.484253e+00,-4.343178e+00,-3.164757e+00,-1.253688e+00,-1.004753e-01,7.653712e-01,6.625671e-03,4.907628e-01,1.062010e+00,-6.708238e-01,-5.302921e-01
3.231670e+00,-4.365845e+00,-3.160423e+00,-1.517489e+00,1.515738e-02,5.410320e-01,1.548195e-02,4.744485e-01,9.140683e-01,-5.458378e-01,-6.993372e-01
3.320845e+00,-4.193554e+00,-2.950080e+00,-1.496956e+00,2.300319e-01,4.963388e-01,1.681024e-01,4.938577e-01,9.115659e-01,-4.347797e-01,-7.581834e-01
3.149719e+00,-4.402128e+00,-3.053881e+00,-1.649613e+00,1.483474e-01,4.326727e-01,6.415618e-02,4.804448e-01,8.576283e-01,-4.959068e-01,-7.196169e-01
3.128720e+00,-4.300520e+00,-3.090405e+00,-1.540563e+00,1.738064e-01,5.287805e-01,4.041859e-02,6.002036e-01,8.597259e-01,-3.804151e-01,-7.087216e-01
3.161246e+00,-4.442726e+00,-3.166435e+00,-1.472966e+00,1.049151e-01,5.973346e-01,-3.517596e-03,6.253708e-01,9.107197e-01,-4.601340e-01,-6.172668e-01
3.003414e+00,-4.658468e+00,-3.329665e+00,-1.493554e+00,-8.116973e-02,5.483931e-01,3.657718e-02,3.908829e-01,1.172388e+00,-5.965449e-01,-4.674896e-01
3.021417e+00,-4.611526e+00,-3.241805e+00,-1.401575e+00,-8.253211e-02,6.289081e-01,1.850830e-02,4.353168e-01,1.146470e+00,-4.952224e-01,-5.483868e-01
2.931850e+00,-4.494052e+00,-3.171523e+00,-1.485481e+00,4.793757e-02,5.616085e-01,2.466628e-02,5.090382e-01,9.706287e-01,-3.263181e-01,-6.760663e-01
2.968089e+00,-4.581782e+00,-3.193610e+00,-1.583918e+00,4.105538e-02,5.284750e-01,-2.592346e-02,5.407566e-01,8.303042e-01,-3.444224e-01,-7.587937e-01
3.060467e+00,-4.427140e+00,-3.143946e+00,-1.547928e+00,1.815141e-01,5.270346e-01,1.074684e-01,5.703902e-01,8.977212e-01,-3.459711e-01,-6.891626e-01
3.244284e+00,-4.309219e+00,-3.070436e+00,-1.504124e+00,2.551955e-01,5.153890e-01,1.380887e-01,5.814111e-01,8.922868e-01,-4.091063e-01,-6.749880e-01
3.247572e+00,-4.413610e+00,-3.228222e+00,-1.484092e+00,6.438754e-03,5.785736e-01,-5.381581e-02,5.651455e-01,8.369696e-01,-5.432991e-01,-6.771092e-01
3.661827e+00,-4.357903e+00,-3.064715e+00,-1.212342e+00,-8.335281e-02,8.063192e-01,2.843768e-02,4.682992e-01,1.146248e+00,-7.401599e-01,-4.631350e-01
3.343445e+00,-4.370390e+00,-3.080967e+00,-1.459284e+00,7.189936e-02,5.695159e-01,1.001826e-01,4.342977e-01,1.035012e+00,-5.788761e-01,-6.444379e-01
3.165145e+00,-4.332140e+00,-3.069582e+00,-1.511452e+00,1.353963e-01,5.406497e-01,7.548654e-02,5.348463e-01,9.065130e-01,-4.078695e-01,-7.754300e-01
3.152345e+00,-4.376843e+00,-3.064237e+00,-1.493233e+00,1.489976e-01,5.935027e-01,3.162914e-02,6.212939e-01,8.994618e-01,-3.655370e-01,-7.161703e-01
2.965057e+00,-4.572909e+00,-3.136201e+00,-1.676270e+00,2.135143e-01,4.592757e-01,3.584181e-02,6.229704e-01,9.152418e-01,-3.329272e-01,-6.719939e-01
2.868722e+00,-4.445815e+00,-3.258630e+00,-1.535760e+00,1.598262e-01,4.808985e-01,3.583764e-02,5.676370e-01,1.019232e+00,-3.797949e-01,-6.269425e-01
2.941946e+00,-4.450302e+00,-3.201111e+00,-1.468668e+00,1.040447e-01,5.286107e-01,4.846517e-02,4.779334e-01,1.095185e+00,-4.592268e-01,-5.930085e-01
3.187427e+00,-4.594861e+00,-3.226307e+00,-1.358548e+00,-1.339466e-01,7.167716e-01,-4.508220e-02,4.230835e-01,1.170829e+00,-6.428700e-01,-4.790540e-01
3.106232e+00,-4.481164e+00,-3.196939e+00,-1.468962e+00,6.007808e-03,6.310040e-01,-1.335357e-02,5.236128e-01,9.542772e-01,-4.148743e-01,-6.620327e-01
3.245631e+00,-4.335545e+00,-3.047493e+00,-1.502780e+00,1.788581e-01,5.770484e-01,5.201219e-02,5.358752e-01,8.636100e-01,-4.103756e-01,-7.423888e-01
3.100460e+00,-4.391565e+00,-3.161326e+00,-1.637070e+00,1.600921e-01,4.583893e-01,2.207000e-02,5.285883e-01,8.048938e-01,-4.300805e-01,-7.421206e-01
3.318298e+00,-4.286341e+00,-3.065337e+00,-1.543187e+00,2.446179e-01,4.904486e-01,7.272928e-02,5.906983e-01,8.469533e-01,-4.585436e-01,-6.279219e-01
3.390166e+00,-4.297278e+00,-3.041512e+00,-1.445189e+00,1.364760e-01,5.967164e-01,3.550647e-02,5.873712e-01,8.929470e-01,-5.011825e-01,-6.224325e-01
3.376653e+00,-4.451310e+00,-3.164155e+00,-1.402095e+00,-7.512958e-02,6.380566e-01,1.396425e-02,4.163870e-01,1.073463e+00,-6.606972e-01,-5.897650e-01
3.295069e+00,-4.333232e+00,-3.093553e+00,-1.343613e+00,-2.617257e-03,6.823872e-01,4.407232e-02,4.857826e-01,1.057555e+00,-5.262532e-01,-6.437387e-01
2.849414e+00,-4.503644e+00,-3.217398e+00,-1.612684e+00,4.808767e-02,5.033415e-01,1.808102e-02,5.358986e-01,9.481226e-01,-3.423194e-01,-7.264383e-01
2.917238e+00,-4.590007e+00,-3.115942e+00,-1.647350e+00,1.605248e-01,4.704809e-01,6.217819e-02,5.613813e-01,9.703103e-01,-3.328574e-01,-6.617249e-01
2.933754e+00,-4.579688e+00,-3.157597e+00,-1.605081e+00,1.268380e-01,4.873439e-01,-5.195703e-02,6.453440e-01,8.685652e-01,-2.850305e-01,-6.903116e-01
2.975942e+00,-4.481307e+00,-3.153864e+00,-1.577858e+00,2.025968e-01,4.555133e-01,6.790948e-02,5.676272e-01,9.780736e-01,-3.721085e-01,-6.236435e-01
3.070222e+00,-4.518793e+00,-3.196807e+00,-1.535598e+00,5.900832e-02,5.064538e-01,7.573909e-02,4.303111e-01,1.035955e+00,-5.129008e-01,-5.987190e-01
3.446238e+00,-4.405619e+00,-3.127907e+00,-1.259273e+00,-7.255573e-02,7.568286e-01,6.701095e-02,3.954748e-01,1.164121e+00,-6.707715e-01,-5.110876e-01
3.187019e+00,-4.428623e+00,-3.195643e+00,-1.500511e+00,1.402901e-02,5.648588e-01,6.046157e-02,4.027214e-01,9.854006e-01,-5.716340e-01,-6.513159e-01
3.283940e+00,-4.319033e+00,-3.023785e+00,-1.575269e+00,2.814273e-01,4.863955e-01,1.960744e-01,4.695527e-01,9.893577e-01,-4.757487e-01,-6.427273e-01
3.266612e+00,-4.235470e+00,-3.049469e+00,-1.541732e+00,2.729506e-01,4.974770e-01,1.324862e-01,5.594818e-01,8.816567e-01,-4.095144e-01,-7.009791e-01
3.074034e+00,-4.263357e+00,-3.213706e+00,-1.595107e+00,2.062065e-01,3.903664e-01,7.464830e-02,5.162579e-01,8.358646e-01,-4.776208e-01,-7.317493e-01
3.302637e+00,-4.273434e+00,-3.059296e+00,-1.433422e+00,1.624565e-01,5.677694e-01,6.958629e-02,5.570748e-01,9.261244e-01,-4.438951e-01,-6.966635e-01
3.170511e+00,-4.524176e+00,-3.194263e+00,-1.420587e+00,-1.063967e-01,6.824681e-01,-8.307441e-02,5.367375e-01,9.663804e-01,-5.306384e-01,-6.274137e-01
3.089075e+00,-4.546739e+00,-3.279958e+00,-1.301349e+00,-2.331799e-01,7.352188e-01,-5.592731e-02,4.315476e-01,1.122565e+00,-5.811456e-01,-5.938318e-01
2.842304e+00,-4.585053e+00,-3.203440e+00,-1.529201e+00,8.021386e-03,5.469416e-01,2.865188e-02,5.204127e-01,1.036115e+00,-3.537850e-01,-6.564458e-01
2.831181e+00,-4.465898e+00,-3.187765e+00,-1.541984e+00,1.354859e-01,4.809799e-01,9.674056e-02,5.510507e-01,9.973233e-01,-3.004397e-01,-6.802011e-01
2.888378e+00,-4.384184e+00,-3.214058e+00,-1.563845e+00,1.795008e-01,4.460307e-01,7.665745e-02,5.946122e-01,8.914335e-01,-3.295109e-01,-6.896450e-01
3.222538e+00,-4.300409e+00,-3.060783e+00,-1.421575e+00,1.577012e-01,6.044051e-01,3.130170e-02,6.763041e-01,8.019885e-01,-3.369273e-01,-6.652726e-01
3.112799e+00,-4.355107e+00,-3.148456e+00,-1.514834e+00,1.214578e-01,4.883956e-01,1.477366e-01,4.426106e-01,9.282192e-01,-4.762464e-01,-6.867768e-01
3.437165e+00,-4.459380e+00,-3.180572e+00,-1.309422e+00,-1.714494e-01,7.800958e-01,-4.732273e-02,4.631364e-01,9.787670e-01,-6.434411e-01,-5.819156e-01
3.427180e+00,-4.354619e+00,-3.080935e+00,-1.384689e+00,2.928810e-02,6.581588e-01,1.052657e-01,3.910663e-01,1.051789e+00,-6.574992e-01,-5.734508e-01
3.152589e+00,-4.356584e+00,-3.127692e+00,-1.569382e+00,1.516851e-01,5.039279e-01,1.194807e-01,4.663580e-01,9.314526e-01,-4.995899e-01,-6.778307e-01
3.237900e+00,-4.245504e+00,-3.032663e+00,-1.506067e+00,2.479203e-01,5.512148e-01,6.489185e-02,6.505988e-01,8.177770e-01,-3.959585e-01,-6.609120e-01
3.036570e+00,-4.289824e+00,-3.193306e+00,-1.495431e+00,1.308426e-01,5.473661e-01,-3.008324e-02,6.669123e-01,8.013022e-01,-3.953129e-01,-6.891875e-01
2.923352e+00,-4.383497e+00,-3.192984e+00,-1.522575e+00,1.139372e-01,4.895595e-01,7.483399e-02,5.203761e-01,9.313898e-01,-3.977491e-01,-7.325404e-01
2.876541e+00,-4.485969e+00,-3.172646e+00,-1.517375e+00,6.660208e-02,5.212095e-01,9.806379e-02,4.660921e-01,1.072274e+00,-4.200291e-01,-6.414932e-01
3.009113e+00,-4.706845e+00,-3.285674e+00,-1.430636e+00,-1.688005e-01,6.391269e-01,5.198085e-02,3.852563e-01,1.297451e+00,-5.913215e-01,-4.439481e-01
2.965440e+00,-4.599004e+00,-3.265824e+00,-1.488362e+00,-1.391137e-01,6.127543e-01,-5.236366e-02,5.174633e-01,9.786902e-01,-4.580416e-01,-6.351017e-01
3.101278e+00,-4.274952e+00,-3.073335e+00,-1.496130e+00,2.058736e-01,4.914461e-01,1.363926e-01,5.371685e-01,9.328986e-01,-4.047007e-01,-6.899186e-01
3.088931e+00,-4.224505e+00,-3.113085e+00,-1.562605e+00,2.624516e-01,4.224613e-01,1.225378e-01,5.832533e-01,8.210498e-01,-4.096699e-01,-6.917712e-01
3.085161e+00,-4.262827e+00,-3.116864e+00,-1.598679e+00,2.340661e-01,4.067629e-01,1.816813e-01,4.781770e-01,8.608331e-01,-4.310946e-01,-7.188327e-01
3.284014e+00,-4.274316e+00,-2.980416e+00,-1.543541e+00,2.406555e-01,5.271716e-01,1.844382e-01,4.953371e-01,9.070516e-01,-4.650854e-01,-6.581522e-01
3.222733e+00,-4.432064e+00,-3.193632e+00,-1.510606e+00,-1.889733e-02,5.595406e-01,9.907486e-02,3.741884e-01,9.726297e-01,-5.707488e-01,-6.592813e-01
3.384840e+00,-4.337928e+00,-3.148126e+00,-1.291951e+00,-9.327594e-02,7.472326e-01,7.216519e-02,4.198160e-01,1.079208e+00,-6.453170e-01,-5.265073e-01
3.234412e+00,-4.364220e+00,-3.057031e+00,-1.499158e+00,1.216958e-01,5.295479e-01,1.328994e-01,4.637502e-01,9.507167e-01,-4.955996e-01,-6.109977e-01
3.023274e+00,-4.397780e+00,-3.148163e+00,-1.570043e+00,1.563965e-01,4.697835e-01,7.138529e-02,5.914964e-01,8.471989e-01,-3.588312e-01,-6.596530e-01
2.924639e+00,-4.334511e+00,-3.138767e+00,-1.507491e+00,1.703215e-01,5.014058e-01,9.175102e-02,5.952780e-01,9.237012e-01,-3.201954e-01,-6.461664e-01
2.681399e+00,-4.573364e+00,-3.197908e+00,-1.726810e+00,1.436243e-01,3.531182e-01,9.507024e-02,4.895502e-01,9.605569e-01,-3.036289e-01,-6.918754e-01
2.902678e+00,-4.661920e+00,-3.181545e+00,-1.613367e+00,-4.981476e-02,5.507726e-01,-4.558317e-02,5.627254e-01,9.173507e-01,-3.678445e-01,-6.472353e-01
3.258835e+00,-4.462120e+00,-3.135303e+00,-1.330389e+00,-9.632638e-02,7.261047e-01,4.547558e-02,4.998742e-01,1.105656e+00,-5.454900e-01,-5.466495e-01
3.292327e+00,-4.319997e+00,-3.108726e+00,-1.353101e+00,-6.797209e-03,6.728437e-01,6.166273e-02,5.311170e-01,1.006711e+00,-5.238967e-01,-5.909456e-01
3.215386e+00,-4.347241e+00,-3.156564e+00,-1.541737e+00,9.866045e-02,5.082818e-01,4.521186e-02,5.224107e-01,8.863768e-01,-5.381349e-01,-6.552871e-01
3.263706e+00,-4.140093e+00,-3.093830e+00,-1.465427e+00,2.190259e-01,5.393770e-01,9.254589e-02,6.042802e-01,8.142301e-01,-4.606207e-01,-6.692895e-01
3.095019e+00,-4.358042e+00,-3.155490e+00,-1.661098e+00,1.761363e-01,4.107257e-01,1.230580e-01,4.745534e-01,8.048201e-01,-4.399181e-01,-7.507511e-01
3.168882e+00,-4.300555e+00,-3.066655e+00,-1.528409e+00,1.857251e-01,5.448476e-01,1.764633e-01,5.168172e-01,9.077532e-01,-4.209896e-01,-6.575245e-01
3.289692e+00,-4.362372e+00,-3.048632e+00,-1.424988e+00,9.806253e-02,6.260980e-01,1.847402e-01,4.649803e-01,1.011015e+00,-4.585076e-01,-6.142035e-01
3.282198e+00,-4.548403e+00,-3.241362e+00,-1.287725e+00,-2.492499e-01,7.864046e-01,-3.571861e-03,4.244511e-01,1.120792e+00,-6.367798e-01,-4.450967e-01
3.077497e+00,-4.337801e+00,-3.166608e+00,-1.343948e+00,1.988897e-02,6.203065e-01,9.702755e-02,4.746147e-01,1.010391e+00,-4.462195e-01,-6.587957e-01
2.688966e+00,-4.561550e+00,-3.338890e+00,-1.623137e+00,3.629525e-02,4.045823e-01,2.058455e-03,5.567423e-01,8.842868e-01,-3.283230e-01,-6.817751e-01
2.534097e+00,-4.569662e+00,-3.330565e+00,-1.745634e+00,8.188797e-02,2.932854e-01,5.425481e-02,4.624872e-01,8.729682e-01,-3.636155e-01,-7.568945e-01
2.816680e+00,-4.450201e+00,-3.139973e+00,-1.621508e+00,1.538831e-01,4.057530e-01,1.606294e-01,4.941167e-01,9.283743e-01,-3.485478e-01,-7.176808e-01
3.276611e+00,-4.454503e+00,-2.919368e+00,-1.540641e+00,1.832678e-01,4.943300e-01,1.923691e-01,4.831859e-01,9.617548e-01,-4.452298e-01,-6.489319e-01
3.197275e+00,-4.365413e+00,-3.199685e+00,-1.371797e+00,-1.321733e-01,6.458140e-01,3.091322e-03,4.738953e-01,9.336791e-01,-5.782247e-01,-6.635146e-01
3.447055e+00,-4.206596e+00,-3.107641e+00,-1.249282e+00,-7.620251e-03,7.021219e-01,1.242822e-01,4.231713e-01,1.122385e+00,-6.885049e-01,-5.414986e-01
3.313245e+00,-4.373231e+00,-3.102645e+00,-1.558732e+00,1.556315e-01,5.214641e-01,5.325887e-02,5.634479e-01,8.769784e-01,-5.423369e-01,-6.062131e-01
3.182823e+00,-4.343815e+00,-3.160765e+00,-1.596814e+00,1.961099e-01,4.285491e-01,1.010059e-01,4.888267e-01,8.354534e-01,-5.147229e-01,-6.948430e-01
3.158445e+00,-4.295871e+00,-3.040375e+00,-1.585203e+00,2.413103e-01,5.102601e-01,8.622724e-02,5.571587e-01,8.136252e-01,-4.168989e-01,-6.950664e-01
2.992731e+00,-4.438668e+00,-3.184143e+00,-1.579659e+00,8.678706e-02,5.218303e-01,4.807145e-02,5.263755e-01,8.365544e-01,-3.715056e-01,-7.344187e-01
3.154276e+00,-4.423695e+00,-3.089571e+00,-1.436132e+00,5.246637e-02,6.524487e-01,1.913351e-02,5.381198e-01,9.519633e-01,-4.127356e-01,-6.451331e-01
3.001655e+00,-4.451869e+00,-3.286941e+00,-1.334729e+00,-1.269208e-01,6.683589e-01,9.445830e-03,4.004603e-01,1.134504e+00,-5.403575e-01,-5.593614e-01
2.870364e+00,-4.623274e+00,-3.316801e+00,-1.507329e+00,-6.963338e-02,5.339096e-01,2.961343e-03,4.607878e-01,1.088663e+00,-4.944494e-01,-5.441290e-01
2.901738e+00,-4.562843e+00,-3.276037e+00,-1.593026e+00,2.776731e-02,4.781904e-01,-5.262900e-02,5.711610e-01,8.679862e-01,-4.450299e-01,-6.742767e-01
2.980615e+00,-4.366885e+00,-3.044755e+00,-1.614839e+00,2.903148e-01,3.935883e-01,2.210102e-01,5.314493e-01,9.410142e-01,-3.616951e-01,-6.894478e-01
3.085735e+00,-4.421627e+00,-3.083611e+00,-1.571592e+00,7.712347e-02,4.909567e-01,7.654353e-02,5.440151e-01,8.480108e-01,-3.711569e-01,-7.332304e-01
3.270953e+00,-4.211820e+00,-2.993098e+00,-1.450907e+00,1.607691e-01,5.748374e-01,1.114214e-01,5.535294e-01,8.935688e-01,-4.048080e-01,-7.426095e-01
3.235566e+00,-4.262046e+00,-3.113643e+00,-1.452622e+00,7.409741e-02,5.649411e-01,1.019472e-01,4.767386e-01,9.717429e-01,-5.141505e-01,-6.630876e-01
3.414950e+00,-4.343849e+00,-3.216100e+00,-1.313897e+00,-7.789714e-02,6.895324e-01,5.718716e-02,3.878738e-01,1.129947e+00,-7.430782e-01,-5.286306e-01
3.353301e+00,-4.339689e+00,-3.142517e+00,-1.418230e+00,7.834372e-02,6.476064e-01,7.774360e-03,5.933644e-01,9.161301e-01,-5.265635e-01,-5.700506e-01
3.031920e+00,-4.413135e+00,-3.191370e+00,-1.594291e+00,1.624752e-01,4.424732e-01,1.259391e-01,4.744994e-01,9.004224e-01,-4.325656e-01,-6.891778e-01
2.935785e+00,-4.325751e+00,-3.087315e+00,-1.599791e+00,2.900926e-01,4.525840e-01,1.869450e-01,5.091842e-01,9.661311e-01,-3.240002e-01,-6.850098e-01
2.901559e+00,-4.350675e+00,-3.094737e+00,-1.556648e+00,2.387026e-01,4.939304e-01,1.450410e-01,5.130748e-01,9.970874e-01,-2.728735e-01,-6.983190e-01
2.797969e+00,-4.630282e+00,-3.234459e+00,-1.660358e+00,6.658667e-02,4.294728e-01,4.213496e-02,4.222404e-01,1.043869e+00,-3.742182e-01,-6.528779e-01
2.953639e+00,-4.586186e+00,-3.265457e+00,-1.504046e+00,-3.800540e-02,5.394394e-01,2.296381e-03,4.140532e-01,1.067495e+00,-5.491511e-01,-5.990333e-01
3.219553e+00,-4.441148e+00,-3.229666e+00,-1.350727e+00,-9.170236e-03,6.629547e-01,2.200057e-03,5.167550e-01,1.108923e+00,-6.108772e-01,-5.087309e-01
3.129685e+00,-4.430303e+00,-3.178005e+00,-1.564887e+00,1.323319e-01,4.634673e-01,6.124558e-02,5.227984e-01,9.620013e-01,-4.973693e-01,-6.306821e-01
3.221177e+00,-4.207290e+00,-3.012257e+00,-1.487362e+00,2.114371e-01,5.562659e-01,6.298013e-02,6.232028e-01,8.520173e-01,-3.769362e-01,-7.518802e-01
3.314218e+00,-4.340012e+00,-2.951549e+00,-1.584236e+00,2.123147e-01,4.673142e-01,1.191364e-01,5.085666e-01,8.805615e-01,-4.283730e-01,-7.350611e-01
3.180157e+00,-4.299531e+00,-3.053742e+00,-1.572399e+00,1.918007e-01,4.489839e-01,1.423986e-01,4.798422e-01,9.139442e-01,-4.310700e-01,-7.296382e-01
3.321219e+00,-4.295762e+00,-3.055152e+00,-1.436591e+00,1.262164e-01,6.248695e-01,5.144369e-02,5.502937e-01,9.187255e-01,-4.803233e-01,-6.837743e-01
3.319525e+00,-4.529952e+00,-3.276556e+00,-1.346898e+00,-1.711573e-01,7.532164e-01,-1.097129e-01,5.394554e-01,9.785800e-01,-6.265455e-01,-5.274334e-01
3.220303e+00,-4.481393e+00,-3.248319e+00,-1.381466e+00,-1.458452e-02,6.689310e-01,-1.612342e-02,5.399563e-01,1.011042e+00,-5.660174e-01,-5.039903e-01
3.007910e+00,-4.410631e+00,-3.180962e+00,-1.470054e+00,1.095740e-01,5.579816e-01,4.078255e-02,5.147197e-01,9.557395e-01,-3.731091e-01,-6.679358e-01
2.706854e+00,-4.482466e+00,-3.182967e+00,-1.667642e+00,1.923720e-01,4.098118e-01,4.230419e-02,5.014847e-01,9.131231e-01,-2.889165e-01,-7.366694e-01
2.792259e+00,-4.511467e+00,-3.194954e+00,-1.564742e+00,6.393856e-02,5.595117e-01,-7.396047e-02,5.979314e-01,8.628789e-01,-2.817311e-01,-7.312188e-01
2.933491e+00,-4.458696e+00,-3.123347e+00,-1.560199e+00,1.997062e-01,4.638323e-01,1.575858e-01,4.826967e-01,9.719562e-01,-3.355954e-01,-7.294177e-01
2.994258e+00,-4.415076e+00,-3.273496e+00,-1.463173e+00,5.179920e-02,5.425477e-01,9.538823e-02,4.888066e-01,1.024348e+00,-4.516445e-01,-6.564033e-01
3.367493e+00,-4.361329e+00,-3.267227e+00,-1.272441e+00,-6.799208e-02,6.700627e-01,4.116937e-02,4.405496e-01,1.159138e+00,-7.502223e-01,-4.831816e-01
3.326495e+00,-4.252545e+00,-3.059925e+00,-1.429774e+00,1.624859e-01,5.609873e-01,9.786421e-02,5.268869e-01,9.981996e-01,-5.919106e-01,-6.015897e-01
3.172389e+00,-4.364836e+00,-3.118090e+00,-1.589665e+00,8.784823e-02,4.729392e-01,4.602400e-05,5.161740e-01,8.175779e-01,-4.621659e-01,-8.120085e-01
3.212591e+00,-4.190749e+00,-2.968728e+00,-1.521130e+00,2.837514e-01,4.599256e-01,1.888422e-01,5.020990e-01,8.806866e-01,-3.885402e-01,-8.068499e-01
3.069965e+00,-4.364354e+00,-3.169042e+00,-1.547884e+00,8.941360e-02,5.350160e-01,3.642044e-03,5.706987e-01,8.145170e-01,-3.634614e-01,-7.969630e-01
3.108261e+00,-4.449215e+00,-3.105256e+00,-1.561833e+00,1.963078e-01,5.370250e-01,1.011121e-01,5.703157e-01,9.652195e-01,-4.111325e-01,-6.148338e-01
3.023105e+00,-4.395340e+00,-3.287740e+00,-1.418860e+00,9.829448e-02,5.239056e-01,1.513242e-01,4.152412e-01,1.141337e+00,-5.349980e-01,-5.588632e-01
3.066305e+00,-4.608867e+00,-3.322972e+00,-1.426172e+00,-8.416657e-02,5.797540e-01,-4.126867e-02,4.097529e-01,1.095175e+00,-6.362205e-01,-5.290460e-01
2.891188e+00,-4.500487e+00,-3.174784e+00,-1.560446e+00,1.377514e-01,4.886860e-01,6.215552e-02,4.873634e-01,1.054561e+00,-3.565689e-01,-6.047695e-01
2.894156e+00,-4.341698e+00,-3.132429e+00,-1.502662e+00,1.638977e-01,5.538088e-01,5.684840e-02,5.492825e-01,9.107722e-01,-2.608334e-01,-7.583220e-01
2.873248e+00,-4.451829e+00,-3.132525e+00,-1.665927e+00,2.216078e-01,3.978731e-01,1.578875e-01,4.576826e-01,9.106073e-01,-3.171577e-01,-7.793776e-01
2.943002e+00,-4.313921e+00,-3.176560e+00,-1.548799e+00,1.490504e-01,5.212271e-01,9.601249e-02,5.468261e-01,9.072019e-01,-3.531846e-01,-7.157344e-01
3.274384e+00,-4.204297e+00,-3.097590e+00,-1.398260e+00,1.417062e-01,6.189802e-01,4.632038e-02,6.140331e-01,9.078938e-01,-4.462022e-01,-6.564841e-01
3.361447e+00,-4.307903e+00,-3.242615e+00,-1.348650e+00,-5.705106e-02,6.217375e-01,-6.537902e-03,4.766802e-01,1.025509e+00,-6.957544e-01,-5.669790e-01
3.418741e+00,-4.207165e+00,-3.081981e+00,-1.331425e+00,4.815580e-02,6.278976e-01,8.686515e-02,4.641484e-01,1.043637e+00,-6.025579e-01,-6.250554e-01
3.209062e+00,-4.357726e+00,-3.077544e+00,-1.537707e+00,6.306051e-02,5.558042e-01,-3.498133e-02,5.512833e-01,8.173259e-01,-4.815548e-01,-7.488485e-01
3.070214e+00,-4.354048e+00,-3.111564e+00,-1.545022e+00,1.246871e-01,5.290113e-01,6.528803e-02,5.401290e-01,9.019755e-01,-3.738897e-01,-7.213295e-01
2.966745e+00,-4.343111e+00,-3.104596e+00,-1.583600e+00,2.702220e-01,4.265916e-01,2.117782e-01,4.574482e-01,9.756905e-01,-3.491169e-01,-7.540622e-01
2.848512e+00,-4.530111e+00,-3.242982e+00,-1.606857e+00,1.049192e-01,4.883971e-01,2.844980e-02,5.520806e-01,9.396625e-01,-3.164901e-01,-6.786583e-01
2.769353e+00,-4.418489e+00,-3.313470e+00,-1.561800e+00,1.457110e-01,4.695110e-01,2.998723e-02,5.538393e-01,1.038517e+00,-3.657076e-01,-5.951009e-01
3.077904e+00,-4.402701e+00,-3.249749e+00,-1.327815e+00,-1.407913e-02,6.596084e-01,6.719877e-02,4.075911e-01,1.226746e+00,-6.228580e-01,-4.884428e-01
2.964667e+00,-4.458867e+00,-3.210403e+00,-1.550237e+00,1.144848e-01,4.630868e-01,1.689019e-01,3.535640e-01,1.090264e+00,-5.104519e-01,-6.299876e-01
3.072875e+00,-4.485703e+00,-3.074673e+00,-1.653108e+00,2.059524e-01,4.548914e-01,1.643025e-01,4.685059e-01,9.748018e-01,-4.103573e-01,-6.184625e-01
3.034286e+00,-4.162963e+00,-3.087133e+00,-1.510686e+00,2.445870e-01,5.621456e-01,1.183287e-01,6.103548e-01,8.429361e-01,-3.192851e-01,-7.731837e-01
3.052469e+00,-4.214100e+00,-3.211706e+00,-1.470828e+00,8.838389e-02,5.691673e-01,3.145617e-02,6.230990e-01,8.020535e-01,-3.526227e-01,-7.825510e-01
3.239724e+00,-4.121751e+00,-3.100211e+00,-1.435487e+00,2.184910e-01,4.847526e-01,1.638619e-01,5.339956e-01,9.160689e-01,-4.715673e-01,-7.165122e-01
3.343215e+00,-4.222352e+00,-3.151852e+00,-1.291062e+00,-6.388282e-03,7.072071e-01,7.985010e-03,6.413282e-01,9.421628e-01,-5.234295e-01,-5.803120e-01
3.312001e+00,-4.424523e+00,-3.151574e+00,-1.335902e+00,-1.268865e-01,6.890770e-01,1.065096e-02,4.731677e-01,1.000396e+00,-6.573735e-01,-5.923574e-01
3.020207e+00,-4.402159e+00,-3.117649e+00,-1.534697e+00,1.010061e-01,4.843962e-01,1.373905e-01,4.220451e-01,9.683723e-01,-4.958901e-01,-6.909166e-01
2.880235e+00,-4.547693e+00,-3.175626e+00,-1.570169e+00,5.701289e-02,5.456609e-01,5.096031e-02,5.614535e-01,8.839259e-01,-3.108441e-01,-7.386890e-01
2.653288e+00,-4.597962e+00,-3.257902e+00,-1.717532e+00,7.627789e-02,3.698942e-01,9.136008e-03,4.551183e-01,8.783051e-01,-3.630489e-01,-7.102030e-01
2.820232e+00,-4.399365e+00,-3.185557e+00,-1.570214e+00,1.288389e-01,4.444926e-01,-1.233767e-02,5.247785e-01,8.298789e-01,-3.690015e-01,-7.232221e-01
2.949047e+00,-4.469689e+00,-3.262024e+00,-1.565437e+00,2.698166e-02,4.989322e-01,-1.155572e-01,5.375910e-01,7.914094e-01,-5.158554e-01,-6.875205e-01
3.186855e+00,-4.471163e+00,-3.286379e+00,-1.361335e+00,-1.364352e-01,7.026954e-01,-5.065455e-02,4.963589e-01,9.923928e-01,-5.711880e-01,-5.524768e-01
3.248991e+00,-4.361751e+00,-3.141930e+00,-1.397660e+00,1.987556e-02,6.598141e-01,7.407564e-02,4.873281e-01,9.646746e-01,-5.289422e-01,-6.343706e-01
3.078295e+00,-4.261375e+00,-3.139779e+00,-1.495433e+00,1.087936e-01,5.968602e-01,8.046089e-02,5.618350e-01,8.656246e-01,-4.188309e-01,-7.155086e-01
3.150417e+00,-4.235407e+00,-3.065133e+00,-1.521772e+00,1.688095e-01,5.614457e-01,7.789746e-02,6.375950e-01,7.930241e-01,-3.409611e-01,-7.242518e-01
3.218471e+00,-4.117526e+00,-3.043627e+00,-1.470583e+00,2.292068e-01,5.247375e-01,1.233120e-01,5.864444e-01,8.508802e-01,-4.270602e-01,-7.400421e-01
3.128994e+00,-4.373545e+00,-3.150894e+00,-1.625900e+00,1.322115e-01,3.699436e-01,7.887359e-02,4.767124e-01,8.593916e-01,-5.824995e-01,-6.601995e-01
3.150881e+00,-4.250574e+00,-3.122481e+00,-1.396750e+00,7.390546e-02,5.924044e-01,6.092317e-02,5.783748e-01,9.035416e-01,-5.033610e-01,-6.228438e-01
3.041213e+00,-4.488633e+00,-3.372305e+00,-1.273365e+00,-2.486693e-01,7.109946e-01,6.380734e-02,4.128908e-01,1.177427e+00,-5.856166e-01,-5.156800e-01
2.806735e+00,-4.585817e+00,-3.293806e+00,-1.472274e+00,-8.758762e-02,6.174768e-01,6.798530e-02,5.057790e-01,1.049917e+00,-3.710682e-01,-6.566187e-01
2.809631e+00,-4.488579e+00,-3.139014e+00,-1.606077e+00,1.227999e-01,4.409211e-01,1.196407e-01,4.336514e-01,9.732981e-01,-3.483306e-01,-7.377713e-01
2.893153e+00,-4.387226e+00,-3.084564e+00,-1.584162e+00,1.925552e-01,4.625207e-01,1.231139e-01,5.349336e-01,9.050603e-01,-2.809546e-01,-6.712581e-01
2.986384e+00,-4.469624e+00,-3.161724e+00,-1.622468e+00,1.227859e-01,4.850757e-01,1.957295e-02,5.808400e-01,8.102176e-01,-4.140784e-01,-6.514208e-01
3.173240e+00,-4.265152e+00,-3.112173e+00,-1.475661e+00,1.822551e-01,5.654428e-01,1.021643e-01,6.082104e-01,8.555892e-01,-3.980958e-01,-6.415163e-01
3.149285e+00,-4.374838e+00,-3.169390e+00,-1.547088e+00,1.099336e-01,5.000939e-01,1.807246e-01,4.049895e-01,1.053430e+00,-5.790139e-01,-5.316960e-01
3.427862e+00,-4.458267e+00,-3.105332e+00,-1.411455e+00,-8.016114e-02,7.006060e-01,4.198456e-02,4.303217e-01,1.020314e+00,-6.788385e-01,-5.349159e-01
3.350837e+00,-4.284838e+00,-3.002614e+00,-1.472791e+00,1.105195e-01,5.857667e-01,1.158172e-01,4.806700e-01,9.176228e-01,-5.113989e-01,-6.595826e-01
3.036324e+00,-4.316188e+00,-3.146206e+00,-1.594278e+00,5.720070e-02,4.705775e-01,2.586577e-02,5.242994e-01,7.649539e-01,-4.187676e-01,-7.821453e-01
3.125239e+00,-4.136228e+00,-3.035611e+00,-1.519086e+00,2.931763e-01,4.410836e-01,1.863795e-01,5.499002e-01,8.784317e-01,-3.824832e-01,-7.774462e-01
3.022606e+00,-4.389213e+00,-3.184392e+00,-1.585884e+00,1.419646e-01,4.388805e-01,4.707204e-02,5.848333e-01,8.608744e-01,-4.196526e-01,-6.593037e-01
2.649750e+00,-4.522196e+00,-3.338436e+00,-1.721815e+00,6.068929e-02,2.991401e-01,9.465287e-02,3.751525e-01,9.933905e-01,-4.413450e-01,-6.818685e-01
2.915982e+00,-4.574919e+00,-3.268159e+00,-1.459382e+00,-1.198987e-01,5.940961e-01,1.966019e-02,4.026310e-01,1.129465e+00,-5.110918e-01,-5.807141e-01
2.954240e+00,-4.382067e+00,-3.199008e+00,-1.360611e+00,-4.246751e-02,6.345632e-01,7.413115e-02,4.463430e-01,1.077314e+00,-4.398212e-01,-6.476767e-01
2.859494e+00,-4.400361e+00,-3.264362e+00,-1.501432e+00,1.150636e-03,5.598177e-01,2.309233e-02,5.596786e-01,9.031659e-01,-2.997554e-01,-6.724675e-01
3.135082e+00,-4.245422e+00,-3.063638e+00,-1.483910e+00,2.121347e-01,5.294040e-01,1.197433e-01,5.599146e-01,8.462046e-01,-3.911836e-01,-6.988142e-01
3.044103e+00,-4.261999e+00,-3.229555e+00,-1.518998e+00,1.315695e-01,5.094521e-01,3.890219e-02,5.918161e-01,7.651577e-01,-4.149047e-01,-7.328862e-01
3.050691e+00,-4.252574e+00,-3.213947e+00,-1.536300e+00,1.712785e-01,4.608429e-01,1.378718e-01,5.285534e-01,8.323525e-01,-4.243914e-01,-7.097617e-01
3.297083e+00,-4.217320e+00,-3.076168e+00,-1.378242e+00,1.220749e-01,6.501708e-01,1.530556e-01,5.181892e-01,9.679220e-01,-5.085486e-01,-6.085691e-01
3.388157e+00,-4.438049e+00,-3.193087e+00,-1.292058e+00,-1.783383e-01,7.174121e-01,9.260770e-02,3.546101e-01,1.109475e+00,-6.824711e-01,-5.750346e-01
3.178878e+00,-4.176603e+00,-3.110233e+00,-1.312897e+00,3.435277e-02,6.361214e-01,1.306277e-01,4.985018e-01,9.413765e-01,-4.508443e-01,-6.892668e-01
3.061462e+00,-4.394350e+00,-3.069821e+00,-1.603474e+00,2.086329e-01,4.008867e-01,1.933119e-01,4.430901e-01,9.516221e-01,-4.328865e-01,-7.273453e-01
2.794289e+00,-4.438074e+00,-3.254213e+00,-1.652860e+00,1.809320e-01,3.676849e-01,1.172614e-01,5.371938e-01,9.163571e-01,-3.152345e-01,-7.653749e-01
2.641171e+00,-4.441519e+00,-3.280355e+00,-1.684355e+00,1.913538e-01,3.482431e-01,2.777620e-02,5.644457e-01,8.824245e-01,-3.598882e-01,-7.619574e-01
2.961362e+00,-4.525008e+00,-3.133242e+00,-1.535615e+00,1.300501e-01,4.859585e-01,1.155662e-01,4.943593e-01,1.069542e+00,-4.040115e-01,-6.191952e-01
2.841090e+00,-4.522400e+00,-3.354260e+00,-1.494469e+00,-9.213015e-02,5.110871e-01,2.438096e-02,3.793829e-01,1.063321e+00,-5.493369e-01,-6.747545e-01
3.186483e+00,-4.366151e+00,-3.170216e+00,-1.325202e+00,-7.511050e-02,7.168323e-01,-8.057944e-04,4.890324e-01,1.040981e+00,-5.297192e-01,-6.145834e-01
3.155439e+00,-4.287335e+00,-3.149911e+00,-1.453175e+00,1.123151e-01,5.395097e-01,1.166959e-01,4.442923e-01,9.371766e-01,-4.735152e-01,-7.497390e-01
2.954764e+00,-4.344955e+00,-3.263232e+00,-1.639895e+00,1.241817e-01,4.282902e-01,3.362790e-02,5.134982e-01,8.269155e-01,-4.470577e-01,-6.804978e-01
3.163722e+00,-4.107521e+00,-3.162194e+00,-1.475862e+00,2.656812e-01,4.861784e-01,9.905095e-02,5.916955e-01,7.885126e-01,-4.111400e-01,-7.655066e-01
3.052250e+00,-4.244698e+00,-3.199666e+00,-1.520179e+00,1.512102e-01,5.076573e-01,6.907502e-02,5.809816e-01,7.824075e-01,-3.908553e-01,-7.419172e-01
3.008372e+00,-4.188263e+00,-3.150644e+00,-1.466408e+00,1.276945e-01,5.204593e-01,1.166541e-01,4.918368e-01,8.544804e-01,-4.141994e-01,-7.767168e-01
3.233658e+00,-4.298574e+00,-3.121870e+00,-1.308731e+00,3.965680e-03,6.307417e-01,1.504030e-01,3.619191e-01,1.091087e+00,-5.992588e-01,-6.309782e-01
3.093744e+00,-4.532299e+00,-3.209183e+00,-1.426242e+00,-1.508395e-01,6.773226e-01,-8.863618e-02,4.915974e-01,9.627172e-01,-5.240571e-01,-6.443779e-01
2.866192e+00,-4.485052e+00,-3.155800e+00,-1.627782e+00,1.655763e-01,4.188541e-01,9.097554e-02,4.938802e-01,1.006706e+00,-3.565354e-01,-6.503637e-01
2.631537e+00,-4.385192e+00,-3.278601e+00,-1.631313e+00,2.068833e-01,3.081639e-01,8.140396e-02,5.163375e-01,8.963182e-01,-3.374791e-01,-7.908793e-01
2.705321e+00,-4.395449e+00,-3.288301e+00,-1.608127e+00,1.350480e-01,3.835722e-01,5.348091e-02,5.475560e-01,9.185101e-01,-2.914355e-01,-7.162420e-01
2.912599e+00,-4.274398e+00,-3.188583e+00,-1.519094e+00,1.770004e-01,4.283536e-01,1.331515e-01,4.537369e-01,9.692200e-01,-4.109894e-01,-7.704889e-01
3.185208e+00,-4.334546e+00,-3.050369e+00,-1.497158e+00,1.310969e-01,5.842900e-01,3.947733e-02,5.523066e-01,9.181988e-01,-4.296760e-01,-6.746715e-01
3.250324e+00,-4.454933e+00,-3.289601e+00,-1.369331e+00,-1.717558e-01,6.531837e-01,4.764586e-02,2.837597e-01,1.183761e+00,-7.626441e-01,-5.418296e-01
3.175007e+00,-4.115612e+00,-3.125810e+00,-1.385398e+00,1.724580e-01,5.600386e-01,1.893812e-01,4.507462e-01,9.778669e-01,-4.788458e-01,-7.200332e-01
3.087341e+00,-4.203679e+00,-3.201215e+00,-1.524724e+00,2.170001e-01,4.265463e-01,1.747592e-01,4.480042e-01,9.168068e-01,-4.839290e-01,-6.933654e-01
3.208327e+00,-4.329034e+00,-3.095142e+00,-1.592464e+00,2.416455e-01,4.913828e-01,4.371312e-02,6.041604e-01,8.139717e-01,-4.279004e-01,-6.691285e-01
3.048757e+00,-4.212003e+00,-3.133700e+00,-1.508389e+00,2.317112e-01,4.712098e-01,1.458411e-01,5.112791e-01,8.901682e-01,-3.555246e-01,-7.709721e-01
2.954879e+00,-4.432272e+00,-3.219126e+00,-1.540705e+00,4.941019e-02,5.133144e-01,2.398137e-02,4.921726e-01,9.031480e-01,-3.964251e-01,-7.545699e-01
3.054665e+00,-4.429558e+00,-3.137740e+00,-1.412413e+00,2.560967e-02,6.311948e-01,4.689656e-02,4.628114e-01,1.105187e+00,-4.773717e-01,-6.201359e-01
2.773800e+00,-4.503701e+00,-3.357465e+00,-1.443505e+00,-9.639129e-02,5.547378e-01,5.564827e-03,4.056422e-01,1.142106e+00,-5.015760e-01,-6.598421e-01
2.659968e+00,-4.585640e+00,-3.313378e+00,-1.704845e+00,6.640643e-02,3.221275e-01,2.533082e-02,4.289078e-01,9.830511e-01,-4.490994e-01,-7.030928e-01
2.827327e+00,-4.353941e+00,-3.277463e+00,-1.561205e+00,1.229820e-01,4.560023e-01,-2.368612e-02,6.251709e-01,8.522852e-01,-3.414964e-01,-7.212334e-01
2.985299e+00,-4.167887e+00,-3.113222e+00,-1.489288e+00,2.559099e-01,4.943304e-01,8.036474e-02,6.540426e-01,8.109357e-01,-2.896175e-01,-8.122401e-01
2.914841e+00,-4.268089e+00,-3.242167e+00,-1.532800e+00,1.009085e-01,4.286215e-01,9.239532e-02,4.493550e-01,8.448777e-01,-4.029331e-01,-8.619881e-01
3.210833e+00,-4.202693e+00,-3.115235e+00,-1.408028e+00,1.062386e-01,5.266549e-01,1.402500e-01,3.885846e-01,9.243128e-01,-4.908838e-01,-8.078056e-01
3.175052e+00,-4.289612e+00,-3.268652e+00,-1.347483e+00,-9.313325e-02,6.682486e-01,-3.962589e-03,4.241994e-01,9.669646e-01,-6.285820e-01,-6.718031e-01
3.110505e+00,-4.314672e+00,-3.330783e+00,-1.374555e+00,-5.885122e-02,5.890131e-01,5.542201e-02,4.292255e-01,9.539778e-01,-5.355808e-01,-6.970387e-01
3.196023e+00,-4.221574e+00,-3.144154e+00,-1.438726e+00,2.085714e-01,5.483893e-01,6.184386e-02,5.879844e-01,8.648189e-01,-4.506374e-01,-6.739130e-01
2.872619e+00,-4.285623e+00,-3.249738e+00,-1.558661e+00,1.945469e-01,4.624269e-01,5.328995e-02,5.645082e-01,8.643244e-01,-3.733564e-01,-7.314660e-01
2.742120e+00,-4.192779e+00,-3.199956e+00,-1.517436e+00,2.346866e-01,4.773531e-01,8.891479e-02,5.700185e-01,8.845021e-01,-2.564699e-01,-8.022758e-01
2.755604e+00,-4.351651e+00,-3.163943e+00,-1.519605e+00,1.754127e-01,4.861963e-01,8.773724e-02,5.313707e-01,9.630981e-01,-2.652412e-01,-7.391035e-01
2.707888e+00,-4.546303e+00,-3.311357e+00,-1.554596e+00,-1.043741e-03,4.658928e-01,3.721977e-02,4.433865e-01,1.053529e+00,-3.552339e-01,-6.860391e-01
2.898688e+00,-4.588339e+00,-3.402095e+00,-1.392981e+00,-2.067991e-01,6.095316e-01,1.013817e-02,3.620506e-01,1.220581e+00,-6.489829e-01,-4.728511e-01
3.159405e+00,-4.386287e+00,-3.154725e+00,-1.460267e+00,7.938234e-02,5.629483e-01,-2.597188e-03,5.281834e-01,9.797004e-01,-5.624206e-01,-6.242019e-01
3.011242e+00,-4.421678e+00,-3.182423e+00,-1.688188e+00,2.157251e-01,3.503088e-01,7.126571e-02,5.493067e-01,8.740651e-01,-4.422143e-01,-6.700502e-01
3.048407e+00,-4.098324e+00,-3.124313e+00,-1.480489e+00,2.449715e-01,4.304345e-01,1.792697e-01,4.873734e-01,8.811994e-01,-4.039003e-01,-8.260537e-01
3.066048e+00,-4.133997e+00,-3.131657e+00,-1.446330e+00,1.640767e-01,5.401249e-01,1.342635e-01,5.501380e-01,8.633627e-01,-3.388498e-01,-7.782933e-01
3.031760e+00,-4.311323e+00,-3.153869e+00,-1.546111e+00,1.217901e-01,5.140250e-01,1.048323e-01,5.152646e-01,8.715824e-01,-4.045205e-01,-7.260137e-01
3.189122e+00,-4.238792e+00,-3.178766e+00,-1.326556e+00,1.705881e-02,6.653498e-01,9.465123e-02,4.786942e-01,9.653611e-01,-5.006903e-01,-6.575013e-01
3.208417e+00,-4.465631e+00,-3.233298e+00,-1.416927e+00,-3.784160e-02,6.597235e-01,3.962501e-02,4.574699e-01,1.078384e+00,-5.802356e-01,-4.980915e-01
2.938046e+00,-4.309882e+00,-3.206260e+00,-1.546172e+00,2.216843e-01,4.407164e-01,1.126584e-01,4.790249e-01,9.656921e-01,-4.707677e-01,-6.786185e-01
2.837057e+00,-4.356135e+00,-3.148099e+00,-1.609312e+00,2.680575e-01,3.904632e-01,1.310272e-01,4.990389e-01,9.857901e-01,-3.291944e-01,-6.359692e-01
2.725931e+00,-4.495505e+00,-3.127418e+00,-1.706916e+00,2.714150e-01,3.051460e-01,1.948887e-01,4.262572e-01,1.009227e+00,-2.985394e-01,-7.036250e-01
2.662355e+00,-4.446923e+00,-3.233222e+00,-1.621638e+00,1.193158e-01,4.650955e-01,8.276367e-02,5.311627e-01,9.758434e-01,-2.464813e-01,-7.089039e-01
2.898427e+00,-4.333866e+00,-3.088921e+00,-1.558006e+00,2.173864e-01,4.728216e-01,1.928139e-01,4.755363e-01,1.017464e+00,-3.967344e-01,-6.998264e-01
3.060714e+00,-4.317502e+00,-3.249890e+00,-1.398616e+00,-4.071114e-02,5.811021e-01,8.880922e-02,4.238279e-01,1.076269e+00,-5.785334e-01,-6.106164e-01
3.173296e+00,-4.198914e+00,-3.182376e+00,-1.394630e+00,8.787363e-02,5.171693e-01,1.460941e-01,4.507630e-01,1.032463e+00,-6.107037e-01,-6.194126e-01
3.183344e+00,-4.042769e+00,-3.125870e+00,-1.423840e+00,2.282351e-01,4.864450e-01,1.444470e-01,5.299939e-01,9.158950e-01,-5.095704e-01,-7.124665e-01
3.045806e+00,-4.237020e+00,-3.125922e+00,-1.637956e+00,2.481785e-01,3.669520e-01,1.558765e-01,4.716566e-01,8.394329e-01,-4.279751e-01,-8.202893e-01
3.171301e+00,-4.150970e+00,-3.069937e+00,-1.431229e+00,1.762349e-01,5.959700e-01,1.180955e-01,5.908064e-01,8.356711e-01,-3.178123e-01,-7.521948e-01
2.916332e+00,-4.343002e+00,-3.142121e+00,-1.679744e+00,2.802111e-01,2.985858e-01,3.155247e-01,3.078506e-01,9.928738e-01,-4.389493e-01,-7.614696e-01
3.021438e+00,-4.331844e+00,-3.199472e+00,-1.424409e+00,3.776826e-02,7.004345e-01,-7.967847e-03,6.293511e-01,9.234152e-01,-3.829263e-01,-6.050187e-01
3.091152e+00,-4.397200e+00,-3.334850e+00,-1.226578e+00,-1.268034e-01,7.463753e-01,5.693402e-02,4.381645e-01,1.225157e+00,-6.197531e-01,-4.663644e-01
2.700874e+00,-4.394654e+00,-3.359526e+00,-1.540665e+00,4.296710e-02,4.774429e-01,-2.000487e-02,5.452870e-01,9.546801e-01,-3.697185e-01,-5.884763e-01
2.753832e+00,-4.431919e+00,-3.236665e+00,-1.551560e+00,7.985563e-02,5.277312e-01,-5.571810e-03,6.175179e-01,8.692421e-01,-2.820366e-01,-6.612809e-01
2.731761e+00,-4.289429e+00,-3.186690e+00,-1.539037e+00,2.003908e-01,5.255161e-01,1.751420e-01,5.951009e-01,9.574756e-01,-2.207730e-01,-7.095229e-01
2.805357e+00,-4.285451e+00,-3.158828e+00,-1.560611e+00,1.550727e-01,4.694292e-01,1.594680e-01,5.351044e-01,8.603969e-01,-3.057584e-01,-8.043068e-01
2.923511e+00,-4.254034e+00,-3.168916e+00,-1.513906e+00,6.784311e-02,5.132408e-01,1.006324e-01,5.450919e-01,8.522538e-01,-3.654003e-01,-7.471204e-01
3.290640e+00,-4.104013e+00,-3.107466e+00,-1.245933e+00,-7.632600e-03,7.115218e-01,5.124380e-02,5.918823e-01,9.241501e-01,-5.269346e-01,-6.179528e-01
3.221006e+00,-4.250462e+00,-3.252329e+00,-1.375595e+00,-9.648447e-03,5.483807e-01,8.843444e-02,4.620827e-01,9.902231e-01,-6.927182e-01,-5.461310e-01
3.264429e+00,-4.133232e+00,-3.045300e+00,-1.434515e+00,2.461042e-01,5.534638e-01,1.825902e-01,5.682287e-01,9.572615e-01,-4.655755e-01,-6.435875e-01
3.031122e+00,-4.351869e+00,-3.149989e+00,-1.567498e+00,1.235729e-01,5.143889e-01,9.868295e-02,5.471218e-01,8.385812e-01,-3.794370e-01,-7.469660e-01
2.924154e+00,-4.320807e+00,-3.143263e+00,-1.532142e+00,1.644881e-01,5.445655e-01,1.454648e-01,5.557435e-01,8.922372e-01,-3.504292e-01,-6.795908e-01
2.717082e+00,-4.262022e+00,-3.280082e+00,-1.516548e+00,6.299681e-02,5.041720e-01,1.909232e-02,5.021066e-01,7.903938e-01,-3.224166e-01,-8.593061e-01
2.868159e+00,-4.429882e+00,-3.209706e+00,-1.538460e+00,7.405404e-02,5.193951e-01,1.771562e-03,4.912022e-01,9.461812e-01,-4.444929e-01,-6.404994e-01
2.817114e+00,-4.427786e+00,-3.351918e+00,-1.439769e+00,-4.798901e-02,5.959522e-01,-4.441920e-02,5.303372e-01,1.045973e+00,-4.860999e-01,-5.193780e-01
2.865604e+00,-4.308897e+00,-3.347510e+00,-1.413807e+00,7.986715e-02,4.652295e-01,1.615951e-01,3.766093e-01,1.087482e+00,-5.614001e-01,-6.287231e-01
2.705517e+00,-4.506243e+00,-3.388261e+00,-1.671705e+00,-9.958839e-02,3.620632e-01,-9.176488e-02,3.452174e-01,6.989369e-01,-5.763693e-01,-8.955097e-01
2.802969e+00,-4.372310e+00,-3.267547e+00,-1.638644e+00,7.290138e-02,3.871851e-01,1.143116e-01,4.232093e-01,8.216992e-01,-4.446128e-01,-8.233435e-01
2.981708e+00,-4.022151e+00,-3.057584e+00,-1.458505e+00,2.386521e-01,4.664286e-01,2.489591e-01,5.083197e-01,8.759473e-01,-3.458631e-01,-8.118121e-01
3.123483e+00,-4.233929e+00,-3.090795e+00,-1.508776e+00,1.020992e-01,4.763316e-01,1.263645e-01,5.545901e-01,7.925203e-01,-3.615210e-01,-7.911436e-01
3.147027e+00,-4.010195e+00,-3.161081e+00,-1.309983e+00,1.131020e-01,5.676106e-01,1.757325e-01,5.216349e-01,9.220019e-01,-5.061538e-01,-7.213815e-01
3.299599e+00,-4.219650e+00,-3.305103e+00,-1.209812e+00,-1.308814e-01,7.081081e-01,6.152724e-02,4.781341e-01,1.062670e+00,-6.733857e-01,-5.213127e-01
3.037706e+00,-4.345621e+00,-3.206596e+00,-1.493955e+00,7.560902e-02,5.597980e-01,1.047545e-01,5.391186e-01,9.281514e-01,-4.460989e-01,-6.561261e-01
2.906944e+00,-4.349382e+00,-3.114925e+00,-1.564895e+00,1.769260e-01,5.128950e-01,1.786299e-01,5.221379e-01,9.413644e-01,-2.917155e-01,-6.905712e-01
2.687764e+00,-4.336996e+00,-3.156804e+00,-1.591234e+00,1.721877e-01,4.893799e-01,1.159978e-01,5.564533e-01,8.864092e-01,-2.248221e-01,-6.939599e-01
2.665751e+00,-4.406647e+00,-3.165039e+00,-1.661746e+00,2.089477e-01,3.944934e-01,1.484790e-01,4.856717e-01,9.555985e-01,-2.042556e-01,-7.185035e-01
2.857973e+00,-4.297687e+00,-3.183099e+00,-1.475894e+00,1.743502e-01,5.012402e-01,1.404280e-01,5.225129e-01,9.620805e-01,-3.184996e-01,-6.748434e-01
3.010142e+00,-4.338907e+00,-3.275898e+00,-1.403932e+00,5.457363e-02,6.348935e-01,5.021290e-02,5.755507e-01,1.017103e+00,-5.022762e-01,-5.200467e-01
3.045901e+00,-4.442522e+00,-3.333394e+00,-1.467436e+00,-6.322575e-02,5.586899e-01,6.440027e-02,4.094973e-01,1.058292e+00,-6.291162e-01,-5.401050e-01
3.138557e+00,-4.187946e+00,-3.037944e+00,-1.468972e+00,2.080828e-01,5.788117e-01,1.564743e-01,6.083320e-01,9.033792e-01,-4.095099e-01,-6.361775e-01
2.984528e+00,-4.135226e+00,-3.141727e+00,-1.516127e+00,1.256071e-01,4.920447e-01,1.033574e-01,5.278436e-01,8.162899e-01,-4.114152e-01,-8.192707e-01
3.114059e+00,-4.153495e+00,-3.035620e+00,-1.537489e+00,1.806067e-01,4.986250e-01,9.697085e-02,5.939721e-01,8.047211e-01,-3.505827e-01,-7.430351e-01
3.007105e+00,-4.075743e+00,-3.087673e+00,-1.511239e+00,2.433942e-01,3.958163e-01,2.289773e-01,4.788840e-01,8.523716e-01,-3.711626e-01,-8.191209e-01
2.938539e+00,-4.233731e+00,-3.261040e+00,-1.498254e+00,1.132512e-01,4.334837e-01,1.546944e-01,4.344685e-01,9.608320e-01,-5.471741e-01,-6.468958e-01
3.022646e+00,-4.307962e+00,-3.318405e+00,-1.367451e+00,-1.697839e-02,5.295210e-01,1.369696e-01,3.443408e-01,1.079395e+00,-6.454927e-01,-6.048802e-01
2.674753e+00,-4.415036e+00,-3.421912e+00,-1.508431e+00,-1.075855e-01,4.908401e-01,-1.301610e-02,3.800354e-01,9.319874e-01,-4.834842e-01,-7.468085e-01
2.584043e+00,-4.559770e+00,-3.408243e+00,-1.659438e+00,-1.213975e-01,3.752310e-01,-1.070090e-01,3.260758e-01,8.108350e-01,-4.250272e-01,-8.821163e-01
2.759353e+00,-4.292640e+00,-3.121943e+00,-1.564489e+00,2.266569e-01,4.137082e-01,1.686566e-01,4.253875e-01,9.505424e-01,-2.810259e-01,-7.497368e-01
2.721102e+00,-4.361919e+00,-3.190743e+00,-1.613353e+00,1.750692e-01,4.444400e-01,6.829509e-02,5.083771e-01,8.381181e-01,-3.376134e-01,-7.749024e-01
2.736759e+00,-4.277801e+00,-3.331595e+00,-1.554394e+00,1.372011e-01,4.189368e-01,1.187013e-01,4.928203e-01,8.650122e-01,-3.661739e-01,-7.478340e-01
3.001255e+00,-4.143562e+00,-3.290675e+00,-1.372700e+00,9.389193e-02,5.635515e-01,6.468358e-02,5.462471e-01,8.936225e-01,-5.224799e-01,-6.705211e-01
3.158359e+00,-4.188911e+00,-3.298283e+00,-1.312001e+00,-3.086353e-02,5.344187e-01,1.644499e-01,2.591404e-01,1.122699e+00,-7.852089e-01,-6.216953e-01
3.228676e+00,-4.218853e+00,-3.118331e+00,-1.405132e+00,7.127607e-02,5.988498e-01,9.976155e-02,4.972418e-01,9.918048e-01,-5.376988e-01,-6.484573e-01
3.137774e+00,-4.115369e+00,-3.047745e+00,-1.482678e+00,2.199319e-01,4.806983e-01,1.502430e-01,5.035811e-01,8.920372e-01,-4.140361e-01,-8.290771e-01
2.809911e+00,-4.275409e+00,-3.248820e+00,-1.637974e+00,1.245999e-01,3.498573e-01,8.471601e-02,4.184357e-01,8.154428e-01,-4.649673e-01,-9.114023e-01
2.931533e+00,-4.210099e+00,-3.116878e+00,-1.517517e+00,2.480989e-01,4.924775e-01,1.486468e-01,5.756390e-01,9.015251e-01,-3.690634e-01,-7.595060e-01
2.741790e+00,-4.368498e+00,-3.353129e+00,-1.560393e+00,1.379269e-01,4.186919e-01,9.591632e-02,5.347496e-01,9.586625e-01,-3.949625e-01,-6.736794e-01
2.674061e+00,-4.553200e+00,-3.428771e+00,-1.596295e+00,-4.926863e-02,4.620970e-01,-9.990678e-02,4.865755e-01,9.249201e-01,-4.734091e-01,-7.496491e-01
2.904839e+00,-4.434222e+00,-3.249836e+00,-1.353920e+00,-2.945662e-02,6.036430e-01,1.091872e-01,4.046112e-01,1.164133e+00,-4.352671e-01,-5.943144e-01
2.783173e+00,-4.383791e+00,-3.199072e+00,-1.551233e+00,1.483901e-01,4.838393e-01,1.042004e-01,4.674125e-01,1.003123e+00,-3.351254e-01,-7.011577e-01
2.742320e+00,-4.357906e+00,-3.225228e+00,-1.627957e+00,1.900355e-01,4.114249e-01,1.179546e-01,4.784386e-01,8.614742e-01,-3.109384e-01,-8.223363e-01
2.783630e+00,-4.147199e+00,-3.211352e+00,-1.519891e+00,2.649636e-01,4.442443e-01,2.428075e-01,4.904068e-01,9.291433e-01,-2.958289e-01,-7.766331e-01
2.949447e+00,-4.114350e+00,-3.129023e+00,-1.556333e+00,3.580202e-01,4.112234e-01,2.041981e-01,5.631272e-01,8.689850e-01,-3.920928e-01,-6.948623e-01
2.983752e+00,-4.106818e+00,-3.251826e+00,-1.454273e+00,2.003856e-01,4.867251e-01,1.543381e-01,5.382353e-01,9.470113e-01,-4.928156e-01,-6.380173e-01
3.380454e+00,-4.136426e+00,-3.078552e+00,-1.271574e+00,6.994949e-02,6.931052e-01,1.214809e-01,4.824481e-01,1.090810e+00,-6.061068e-01,-5.737633e-01
3.118659e+00,-4.282070e+00,-3.210626e+00,-1.448459e+00,1.658423e-02,5.332201e-01,8.043749e-02,4.553704e-01,9.979354e-01,-4.817001e-01,-6.957598e-01
2.947005e+00,-4.121291e+00,-3.046279e+00,-1.558689e+00,3.464033e-01,4.152135e-01,2.390500e-01,4.867868e-01,9.927537e-01,-4.029831e-01,-7.358783e-01
2.759344e+00,-4.272942e+00,-3.167427e+00,-1.586470e+00,1.903582e-01,4.689662e-01,8.925075e-02,5.575291e-01,8.865650e-01,-2.944389e-01,-7.846721e-01
2.459005e+00,-4.361573e+00,-3.419939e+00,-1.628997e+00,7.348701e-02,4.128511e-01,-3.948691e-02,5.974077e-01,8.253395e-01,-2.097751e-01,-8.188150e-01
2.743626e+00,-4.357499e+00,-3.247575e+00,-1.609202e+00,2.425426e-01,3.659176e-01,3.195191e-02,5.247581e-01,9.396032e-01,-3.911870e-01,-7.331812e-01
2.865574e+00,-4.320079e+00,-3.204481e+00,-1.437052e+00,1.039214e-01,5.940162e-01,1.804850e-04,5.889889e-01,9.910365e-01,-3.319705e-01,-6.713656e-01
3.068730e+00,-4.302101e+00,-3.283166e+00,-1.218066e+00,-1.192220e-01,7.898109e-01,-7.237474e-03,4.643237e-01,1.137425e+00,-6.056333e-01,-5.473207e-01
2.967618e+00,-4.176788e+00,-3.184405e+00,-1.450933e+00,1.708928e-01,5.305639e-01,1.666584e-01,4.331550e-01,1.035182e+00,-3.982531e-01,-6.953038e-01
2.918033e+00,-4.192086e+00,-3.182630e+00,-1.595091e+00,2.183857e-01,4.174686e-01,9.738120e-02,4.261351e-01,8.538747e-01,-4.639743e-01,-8.274672e-01
2.981110e+00,-4.286163e+00,-3.122526e+00,-1.627256e+00,2.403875e-01,4.217539e-01,1.394667e-01,5.395862e-01,8.143274e-01,-3.656043e-01,-7.292308e-01
3.274876e+00,-4.179513e+00,-3.053172e+00,-1.467495e+00,2.699847e-01,5.196399e-01,1.130753e-01,6.334341e-01,8.183960e-01,-4.130976e-01,-6.741050e-01
2.923094e+00,-4.176839e+00,-3.294593e+00,-1.557311e+00,9.479039e-02,4.126221e-01,-8.253259e-03,4.852305e-01,7.913286e-01,-5.060545e-01,-7.892050e-01
3.134041e+00,-4.222380e+00,-3.146861e+00,-1.427682e+00,1.078783e-01,5.517775e-01,1.073122e-01,4.528857e-01,1.034397e+00,-5.281989e-01,-6.733582e-01
3.067178e+00,-4.258307e+00,-3.189080e+00,-1.313555e+00,-5.695752e-02,7.093038e-01,-1.104149e-02,4.976299e-01,1.057296e+00,-5.622912e-01,-6.255848e-01
2.672567e+00,-4.472437e+00,-3.300526e+00,-1.602068e+00,4.682181e-02,4.218258e-01,7.947727e-02,4.738117e-01,9.702424e-01,-2.994385e-01,-7.582680e-01
2.562526e+00,-4.441928e+00,-3.296291e+00,-1.597310e+00,1.162593e-01,4.343824e-01,9.159516e-02,5.673369e-01,9.673747e-01,-1.751435e-01,-7.396940e-01
2.619058e+00,-4.302694e+00,-3.244289e+00,-1.566165e+00,1.732379e-01,4.627096e-01,-3.872446e-02,6.657034e-01,8.140818e-01,-2.306779e-01,-7.441793e-01
2.710647e+00,-4.336964e+00,-3.286261e+00,-1.581068e+00,2.135515e-01,3.623002e-01,1.236182e-01,5.311363e-01,8.893006e-01,-3.209706e-01,-7.740537e-01
2.926016e+00,-4.200401e+00,-3.289565e+00,-1.350261e+00,1.262899e-02,6.443310e-01,-1.442358e-02,6.010454e-01,8.372979e-01,-3.258974e-01,-7.829427e-01
3.200155e+00,-4.287721e+00,-3.263386e+00,-1.248596e+00,-1.240579e-01,7.010108e-01,6.346789e-02,3.446923e-01,1.084090e+00,-6.537078e-01,-6.506123e-01
2.931000e+00,-4.277963e+00,-3.314063e+00,-1.486597e+00,-1.764084e-04,5.513526e-01,2.370346e-02,4.461874e-01,9.229392e-01,-5.492900e-01,-6.849277e-01
3.144924e+00,-4.215334e+00,-3.091627e+00,-1.540161e+00,2.419721e-01,4.583642e-01,1.318344e-01,4.725600e-01,8.188469e-01,-4.502574e-01,-8.241950e-01
2.956143e+00,-4.157628e+00,-3.145228e+00,-1.625433e+00,2.985861e-01,4.166825e-01,7.785935e-02,6.051653e-01,7.506832e-01,-3.343388e-01,-7.927995e-01
2.910834e+00,-4.108115e+00,-3.194765e+00,-1.578480e+00,3.085934e-01,3.658141e-01,1.236688e-01,5.450260e-01,8.080145e-01,-4.101759e-01,-8.408360e-01
2.979850e+00,-4.159421e+00,-3.192140e+00,-1.465265e+00,1.891084e-01,4.881854e-01,9.122454e-02,5.419651e-01,9.400472e-01,-4.389342e-01,-6.942141e-01
2.690909e+00,-4.571653e+00,-3.378280e+00,-1.670679e+00,-1.173116e-01,3.444578e-01,-9.431992e-02,3.383955e-01,8.391284e-01,-6.152472e-01,-7.992299e-01
2.782736e+00,-4.333112e+00,-3.344754e+00,-1.266071e+00,-1.007970e-01,6.696229e-01,1.184144e-01,4.018272e-01,1.248586e+00,-5.301519e-01,-6.028524e-01
2.764319e+00,-4.411118e+00,-3.107446e+00,-1.569857e+00,2.189682e-01,4.581889e-01,1.641439e-01,4.881680e-01,1.107776e+00,-3.728163e-01,-6.223823e-01
2.682049e+00,-4.290451e+00,-3.240043e+00,-1.514369e+00,2.081492e-01,4.269952e-01,2.012941e-01,5.131806e-01,9.752803e-01,-2.793245e-01,-8.041676e-01
2.779350e+00,-4.188502e+00,-3.191853e+00,-1.577774e+00,2.863870e-01,3.777962e-01,1.509947e-01,5.633017e-01,8.604370e-01,-3.201562e-01,-7.309291e-01
3.007401e+00,-4.185750e+00,-3.123757e+00,-1.518248e+00,2.280229e-01,4.493397e-01,9.431557e-02,5.811881e-01,7.812135e-01,-3.399744e-01,-7.365726e-01
2.999884e+00,-4.413723e+00,-3.178220e+00,-1.644435e+00,7.754062e-02,4.457352e-01,9.374659e-03,4.558142e-01,7.859146e-01,-5.374765e-01,-7.133413e-01
3.135777e+00,-4.178783e+00,-3.220599e+00,-1.328092e+00,2.514002e-02,6.340383e-01,1.847151e-01,3.983775e-01,1.079145e+00,-5.479906e-01,-5.944779e-01
3.187064e+00,-4.300463e+00,-3.163153e+00,-1.364309e+00,-4.948445e-02,6.773678e-01,1.012872e-01,4.277404e-01,1.024292e+00,-6.106691e-01,-5.136597e-01
2.922202e+00,-4.238417e+00,-3.253114e+00,-1.533622e+00,5.198968e-02,4.778907e-01,6.914582e-02,4.060899e-01,8.754172e-01,-5.362352e-01,-7.681439e-01
2.977808e+00,-4.058630e+00,-3.052844e+00,-1.528189e+00,3.701719e-01,4.785299e-01,1.575132e-01,6.784254e-01,8.162433e-01,-2.936829e-01,-7.091802e-01
2.783889e+00,-4.236997e+00,-3.221123e+00,-1.575624e+00,2.021453e-01,4.239573e-01,8.721192e-02,6.088908e-01,8.233307e-01,-3.267772e-01,-7.409947e-01
2.746306e+00,-4.209714e+00,-3.143663e+00,-1.531191e+00,2.566599e-01,4.163954e-01,1.940684e-01,5.196552e-01,9.630393e-01,-2.939458e-01,-7.547057e-01
2.914393e+00,-4.456418e+00,-3.135991e+00,-1.470808e+00,9.924462e-02,5.860038e-01,1.240578e-01,5.482420e-01,1.112599e+00,-3.384842e-01,-6.188394e-01
2.643544e+00,-4.436261e+00,-3.325713e+00,-1.512888e+00,-7.673474e-02,5.546976e-01,-5.206501e-03,4.470571e-01,1.061023e+00,-4.773131e-01,-6.162123e-01
2.752760e+00,-4.239535e+00,-3.378001e+00,-1.368594e+00,-8.199140e-02,6.123818e-01,1.172759e-02,5.331796e-01,9.712368e-01,-3.703081e-01,-7.226342e-01
2.861935e+00,-3.999281e+00,-3.135583e+00,-1.468947e+00,2.817951e-01,4.574821e-01,2.048981e-01,5.410655e-01,9.304384e-01,-3.735788e-01,-7.168756e-01
2.821511e+00,-4.129064e+00,-3.259951e+00,-1.588917e+00,2.176918e-01,4.034495e-01,9.137337e-02,5.843679e-01,7.696605e-01,-4.020102e-01,-7.658321e-01
3.040047e+00,-4.054661e+00,-3.050745e+00,-1.560181e+00,3.501444e-01,4.210733e-01,2.114090e-01,5.773463e-01,7.958978e-01,-3.417401e-01,-7.135972e-01
2.920176e+00,-4.020582e+00,-3.181054e+00,-1.495916e+00,2.628937e-01,4.403006e-01,2.759224e-01,4.393965e-01,9.262889e-01,-4.139784e-01,-7.470854e-01
2.850433e+00,-4.144485e+00,-3.301181e+00,-1.494936e+00,1.115927e-01,4.271671e-01,2.506736e-01,3.422647e-01,9.685289e-01,-4.491399e-01,-7.563915e-01
3.243749e+00,-4.280652e+00,-3.174551e+00,-1.312204e+00,-4.744552e-02,6.583238e-01,1.568764e-01,3.134311e-01,1.137796e+00,-6.848110e-01,-5.513289e-01
2.879017e+00,-4.275318e+00,-3.182949e+00,-1.545106e+00,1.163108e-01,4.616465e-01,1.182142e-01,4.563509e-01,9.298669e-01,-4.719955e-01,-6.390463e-01
2.823843e+00,-4.310123e+00,-3.156444e+00,-1.601861e+00,2.260278e-01,3.920432e-01,1.207482e-01,5.204320e-01,8.982261e-01,-4.445045e-01,-6.591942e-01
2.697349e+00,-4.287063e+00,-3.208383e+00,-1.545189e+00,2.203590e-01,3.570645e-01,1.842696e-01,5.212792e-01,9.174068e-01,-2.707017e-01,-7.383611e-01
2.449411e+00,-4.490619e+00,-3.382441e+00,-1.661957e+00,6.685249e-03,4.106879e-01,-3.175830e-02,5.359687e-01,8.421679e-01,-3.475427e-01,-7.894861e-01
2.571934e+00,-4.366993e+00,-3.287245e+00,-1.600982e+00,5.991911e-02,4.253946e-01,1.140347e-01,4.607396e-01,9.266367e-01,-3.531487e-01,-7.795839e-01
2.977431e+00,-4.239033e+00,-3.128797e+00,-1.423300e+00,4.186374e-02,6.073946e-01,4.054414e-02,5.464896e-01,9.203777e-01,-5.054707e-01,-6.593085e-01
2.984063e+00,-4.246313e+00,-3.297133e+00,-1.393517e+00,-7.300936e-02,5.919007e-01,4.587400e-02,4.457433e-01,9.878249e-01,-6.077331e-01,-6.547803e-01
3.066771e+00,-4.012733e+00,-3.130285e+00,-1.387571e+00,1.712741e-01,5.601090e-01,1.386884e-01,5.622270e-01,8.820566e-01,-4.871331e-01,-6.196710e-01
2.947339e+00,-4.061156e+00,-3.225722e+00,-1.539174e+00,2.383166e-01,4.644852e-01,7.575012e-02,6.486668e-01,7.652097e-01,-3.816928e-01,-6.630691e-01
2.745425e+00,-4.171238e+00,-3.306509e+00,-1.613188e+00,1.644721e-01,3.355563e-01,1.832529e-01,4.219016e-01,7.951512e-01,-4.195758e-01,-7.953281e-01
2.946299e+00,-4.213947e+00,-3.178606e+00,-1.528796e+00,1.028123e-01,5.882940e-01,-2.236648e-02,6.389563e-01,7.178271e-01,-3.602407e-01,-7.184470e-01
2.809682e+00,-4.159801e+00,-3.218717e+00,-1.451478e+00,8.871810e-02,5.692605e-01,8.818825e-02,5.248734e-01,8.461842e-01,-4.284329e-01,-7.319657e-01
2.832628e+00,-4.337339e+00,-3.345736e+00,-1.373281e+00,-1.321926e-01,6.347747e-01,2.007987e-02,4.792343e-01,1.009180e+00,-4.474018e-01,-5.618307e-01
2.678872e+00,-4.176491e+00,-3.376420e+00,-1.338604e+00,-2.816600e-03,5.483205e-01,9.735660e-02,4.493512e-01,1.025355e+00,-4.215172e-01,-6.634896e-01
2.502826e+00,-4.262890e+00,-3.349712e+00,-1.547779e+00,1.571858e-01,3.891967e-01,1.292569e-01,5.297332e-01,9.443109e-01,-3.116825e-01,-7.000629e-01
2.483725e+00,-4.549870e+00,-3.406400e+00,-1.707821e+00,2.229545e-03,3.825802e-01,-1.359686e-02,5.885162e-01,8.458664e-01,-2.867307e-01,-6.365870e-01
2.755170e+00,-4.274677e+00,-3.267351e+00,-1.485300e+00,1.481448e-02,4.979576e-01,4.182392e-02,4.952919e-01,8.131833e-01,-4.151363e-01,-8.576511e-01
2.911765e+00,-4.180881e+00,-3.058623e+00,-1.484743e+00,1.449686e-01,5.646320e-01,9.214963e-02,6.190808e-01,8.144719e-01,-3.198536e-01,-7.602087e-01
3.054827e+00,-4.047771e+00,-3.170548e+00,-1.334266e+00,6.704972e-02,5.372834e-01,1.784177e-01,4.161021e-01,9.137615e-01,-4.576440e-01,-8.243327e-01
3.206859e+00,-4.112506e+00,-3.257516e+00,-1.232889e+00,-8.316493e-02,6.485632e-01,1.291579e-01,4.035576e-01,1.053882e+00,-6.100286e-01,-5.940434e-01
2.906606e+00,-4.306866e+00,-3.402381e+00,-1.647420e+00,1.858534e-02,2.735230e-01,1.277965e-02,2.829328e-01,7.507629e-01,-7.205641e-01,-8.638525e-01
2.877226e+00,-4.007281e+00,-3.231990e+00,-1.484256e+00,2.253150e-01,5.445226e-01,7.474278e-02,6.568069e-01,8.414715e-01,-3.616235e-01,-6.663818e-01
2.794077e+00,-4.069571e+00,-3.203205e+00,-1.491150e+00,2.467015e-01,5.023953e-01,2.128541e-01,5.566284e-01,8.984929e-01,-2.743769e-01,-7.341747e-01
2.777892e+00,-4.242341e+00,-3.185058e+00,-1.579028e+00,2.199069e-01,4.462095e-01,1.703292e-01,5.135969e-01,9.311494e-01,-3.131077e-01,-6.688029e-01
2.699350e+00,-4.099975e+00,-3.161642e+00,-1.431365e+00,2.394765e-01,5.333743e-01,2.196068e-01,5.248448e-01,1.010416e+00,-2.730228e-01,-7.250883e-01
2.610694e+00,-4.320678e+00,-3.386529e+00,-1.439999e+00,-7.123693e-02,6.002509e-01,-5.011407e-02,5.213338e-01,9.933556e-01,-3.651619e-01,-6.910933e-01
2.963089e+00,-4.372482e+00,-3.188462e+00,-1.386365e+00,6.649396e-02,6.386340e-01,6.622937e-02,5.376000e-01,1.137185e+00,-5.060198e-01,-4.672172e-01
2.657155e+00,-4.148558e+00,-3.299231e+00,-1.476553e+00,2.416990e-01,4.027681e-01,2.372990e-01,5.317654e-01,9.840309e-01,-3.390351e-01,-7.084940e-01
2.928867e+00,-4.185927e+00,-3.031244e+00,-1.542415e+00,2.864086e-01,4.876030e-01,1.663672e-01,6.200411e-01,8.746572e-01,-3.018968e-01,-7.117297e-01
2.739661e+00,-4.150823e+00,-3.230362e+00,-1.603762e+00,1.237773e-01,3.757947e-01,7.228291e-02,4.795867e-01,7.791425e-01,-3.832657e-01,-8.685840e-01
3.025459e+00,-4.016947e+00,-3.053217e+00,-1.476120e+00,2.293706e-01,4.699916e-01,1.521060e-01,5.187335e-01,8.217774e-01,-3.681818e-01,-8.330097e-01
2.947633e+00,-4.154772e+00,-3.271489e+00,-1.434421e+00,1.855214e-02,5.349396e-01,6.858503e-02,4.800312e-01,8.451076e-01,-4.503492e-01,-8.768656e-01
3.242637e+00,-4.106926e+00,-3.283210e+00,-1.161308e+00,-6.946111e-02,7.618391e-01,9.534240e-02,5.113386e-01,1.052215e+00,-5.170669e-01,-6.307183e-01
2.749405e+00,-4.369193e+00,-3.467709e+00,-1.685706e+00,-3.256999e-02,2.787209e-01,-1.095041e-01,3.115554e-01,6.883571e-01,-7.391569e-01,-8.621467e-01
2.869492e+00,-4.268592e+00,-3.205864e+00,-1.558504e+00,2.385457e-01,4.683952e-01,1.352674e-01,5.575670e-01,9.091375e-01,-3.838587e-01,-6.647222e-01
2.685371e+00,-4.142555e+00,-3.228391e+00,-1.477886e+00,2.276790e-01,4.525074e-01,1.556527e-01,5.173442e-01,8.856132e-01,-2.289348e-01,-8.055050e-01
2.491679e+00,-4.408438e+00,-3.299058e+00,-1.698038e+00,1.559735e-01,2.299373e-01,1.203320e-01,3.329282e-01,8.984628e-01,-2.910960e-01,-8.359536e-01
2.506074e+00,-4.314760e+00,-3.226991e+00,-1.635571e+00,2.087940e-01,3.515880e-01,1.084437e-01,4.078218e-01,9.152361e-01,-3.280914e-01,-8.362187e-01
2.784070e+00,-4.291762e+00,-3.256019e+00,-1.418041e+00,1.380497e-01,5.598806e-01,1.416910e-01,5.310892e-01,1.055676e+00,-4.055442e-01,-6.359830e-01
3.056227e+00,-4.283467e+00,-3.399285e+00,-1.272884e+00,-5.891591e-02,5.762739e-01,1.438160e-01,3.263105e-01,1.228916e+00,-6.702588e-01,-5.705817e-01
2.681920e+00,-4.311068e+00,-3.450828e+00,-1.643307e+00,1.167202e-02,2.927480e-01,-4.007987e-02,3.953105e-01,7.718983e-01,-5.880989e-01,-8.728842e-01
2.957304e+00,-4.033499e+00,-3.091035e+00,-1.505598e+00,2.912999e-01,3.966086e-01,2.085130e-01,5.082986e-01,8.764648e-01,-3.913268e-01,-7.804150e-01
2.959550e+00,-4.285814e+00,-3.121810e+00,-1.648951e+00,1.650133e-01,3.731863e-01,6.588985e-02,4.840271e-01,7.477920e-01,-4.309920e-01,-8.978779e-01
2.968079e+00,-4.085804e+00,-3.132830e+00,-1.444493e+00,1.549327e-01,5.089934e-01,1.241086e-01,5.489634e-01,7.725820e-01,-2.964867e-01,-8.959784e-01
2.891688e+00,-4.110858e+00,-3.260971e+00,-1.420199e+00,1.209911e-01,5.203384e-01,1.105890e-01,5.137495e-01,8.558383e-01,-3.844430e-01,-8.229898e-01
2.884187e+00,-4.268079e+00,-3.339704e+00,-1.436992e+00,6.527150e-02,5.062728e-01,1.096913e-01,4.521180e-01,9.732326e-01,-4.845559e-01,-7.266374e-01
3.032894e+00,-4.324466e+00,-3.307322e+00,-1.292772e+00,-2.584349e-02,7.500483e-01,-4.785260e-02,6.553286e-01,9.903654e-01,-4.538340e-01,-5.212530e-01
2.601860e+00,-4.258746e+00,-3.311288e+00,-1.504766e+00,1.334514e-01,5.024812e-01,6.255590e-03,5.837287e-01,8.851696e-01,-3.013688e-01,-7.302596e-01
2.479649e+00,-4.327210e+00,-3.275447e+00,-1.608984e+00,1.847560e-01,3.742776e-01,1.142234e-01,4.328962e-01,9.479298e-01,-2.808283e-01,-8.193583e-01
2.521873e+00,-4.418156e+00,-3.155528e+00,-1.794561e+00,3.446038e-01,2.485623e-01,2.011507e-01,4.424291e-01,9.117143e-01,-2.350761e-01,-8.115587e-01
2.594713e+00,-4.133684e+00,-3.272334e+00,-1.504264e+00,2.214859e-01,4.586604e-01,1.631966e-01,5.357542e-01,9.160920e-01,-2.387285e-01,-7.939066e-01
2.724782e+00,-4.213278e+00,-3.426030e+00,-1.492148e+00,-6.614734e-03,4.519640e-01,-2.873662e-02,4.319289e-01,8.349555e-01,-5.316415e-01,-8.219500e-01
3.205247e+00,-4.152641e+00,-3.234541e+00,-1.311135e+00,5.432146e-02,5.948901e-01,8.898787e-02,4.705124e-01,1.065226e+00,-6.502541e-01,-5.776055e-01
3.163127e+00,-4.112667e+00,-3.173799e+00,-1.354551e+00,9.226132e-02,5.434727e-01,1.260912e-01,4.775550e-01,9.821098e-01,-5.393344e-01,-6.907706e-01
2.884652e+00,-4.006025e+00,-3.158881e+00,-1.497409e+00,2.329133e-01,4.000818e-01,1.756782e-01,4.931706e-01,8.133704e-01,-3.600553e-01,-9.172411e-01
2.889198e+00,-4.019421e+00,-3.146687e+00,-1.486432e+00,2.265992e-01,4.739243e-01,1.449819e-01,5.510324e-01,8.496050e-01,-2.999317e-01,-8.272140e-01
2.688494e+00,-4.165041e+00,-3.233632e+00,-1.616084e+00,2.254811e-01,4.303307e-01,1.302352e-01,5.107124e-01,9.169543e-01,-3.669250e-01,-7.495613e-01
2.816120e+00,-4.171058e+00,-3.226421e+00,-1.418461e+00,1.378616e-01,5.784367e-01,4.503900e-02,6.424040e-01,8.052211e-01,-2.558643e-01,-8.134106e-01
2.776015e+00,-4.241495e+00,-3.354003e+00,-1.366984e+00,8.871092e-03,6.118367e-01,-3.977575e-02,5.831877e-01,9.325378e-01,-3.920750e-01,-6.302535e-01
2.651411e+00,-4.314205e+00,-3.430697e+00,-1.431436e+00,-1.895448e-02,4.959553e-01,-2.481795e-02,4.355580e-01,1.010487e+00,-4.931717e-01,-6.420384e-01
2.855171e+00,-1.992173e+00,-2.077797e+00,-7.967281e-01,3.884573e-01,1.714045e-01,4.158645e-02,3.550335e-01,4.612946e-01,-1.273121e-01,-3.806029e-01
