-3.269808e-01,-2.613407e-01,-1.384904e-01,-1.190033e+00,1.563315e+00,8.565762e-02,-8.705354e-01,6.216427e-01,4.457607e-02,-4.125219e-01,1.877659e-01
9.382840e-01,-1.730486e+00,-6.751451e-01,-8.355642e-01,1.931289e+00,1.121605e+00,-5.393601e-01,-4.951445e-01,-4.704474e-01,-1.195168e-01,5.717129e-01
7.862902e-01,-1.804598e+00,-7.042656e-01,-1.359692e+00,1.835016e+00,8.846978e-01,-6.823654e-01,-3.871170e-01,-2.372999e-01,2.484694e-01,8.118475e-01
1.696764e+00,-1.437736e+00,-5.237380e-01,-1.379366e+00,1.928280e+00,6.930423e-01,-2.673339e-01,-4.558714e-01,-3.647138e-01,-8.134538e-02,6.917278e-01
1.490835e+00,-1.112613e+00,-4.773208e-01,-1.202010e+00,2.430756e+00,8.203911e-01,-1.603003e-01,-6.874452e-01,-6.001258e-01,5.134315e-01,1.395536e+00
1.238334e+00,-1.595193e+00,-3.928286e-01,-1.455633e+00,2.617508e+00,1.189321e+00,7.902653e-02,-4.571619e-01,-4.275426e-01,5.178773e-01,1.452959e+00
1.457988e+00,-1.200602e+00,-5.172634e-01,-1.358097e+00,2.632512e+00,1.243097e+00,-3.423828e-02,-1.079231e+00,-3.657279e-01,4.055084e-01,1.154691e+00
9.417038e-01,-1.762983e+00,-7.859981e-01,-1.488673e+00,2.555354e+00,8.232935e-01,2.223015e-01,-1.430076e+00,-1.845347e-01,4.133672e-01,1.514240e+00
1.344082e+00,-1.288318e+00,-1.028612e+00,-1.624418e+00,2.104843e+00,7.529542e-01,9.516575e-02,-1.639835e+00,-2.608772e-01,4.017619e-01,1.196369e+00
1.740263e+00,-9.738947e-01,-6.238940e-01,-8.683674e-01,2.373900e+00,8.947059e-01,1.674037e-01,-1.919099e+00,-2.653641e-01,5.630911e-01,9.759911e-01
1.519898e+00,-1.135842e+00,-7.852469e-01,-8.260507e-01,2.294820e+00,1.007608e+00,1.590258e-01,-2.263118e+00,-6.335347e-01,5.033692e-01,7.280306e-01
1.047868e+00,-1.426086e+00,-9.087496e-01,-6.383588e-01,2.576625e+00,1.305614e+00,2.372292e-01,-1.627538e+00,-5.384663e-01,4.162762e-01,8.688369e-01
1.052163e+00,-1.174268e+00,-8.191077e-01,-9.606882e-01,2.428120e+00,1.211655e+00,4.822914e-02,-1.406922e+00,-6.636741e-01,6.082121e-01,9.886483e-01
1.164595e+00,-1.154657e+00,-7.144631e-01,-1.090193e+00,2.334446e+00,1.143486e+00,-5.755876e-02,-1.416184e+00,-4.184066e-01,4.925432e-01,1.106315e+00
8.232004e-01,-1.399575e+00,-9.003047e-01,-1.393373e+00,2.233781e+00,1.152558e+00,-1.989634e-01,-1.662823e+00,-5.513321e-01,3.661380e-01,1.114322e+00
7.063106e-01,-1.470621e+00,-6.368324e-01,-1.192045e+00,2.571765e+00,1.058971e+00,-3.236783e-01,-1.928609e+00,-5.180913e-01,4.842542e-01,1.422458e+00
2.552075e-01,-1.814393e+00,-6.824121e-01,-1.118153e+00,2.860011e+00,1.701485e+00,3.735729e-01,-1.525427e+00,-3.343716e-01,4.643871e-01,1.124182e+00
1.002646e+00,-1.559527e+00,-3.566522e-01,-1.287198e+00,2.790540e+00,1.237593e+00,2.041581e-01,-1.211565e+00,-1.931086e-01,6.004353e-01,1.217734e+00
1.221547e+00,-1.619719e+00,-3.699038e-02,-1.212234e+00,2.812278e+00,8.934621e-01,-2.115879e-01,-1.714473e+00,-5.560968e-01,2.804004e-01,1.135121e+00
-1.261413e-02,-2.551859e+00,-4.755807e-01,-1.441393e+00,2.635925e+00,9.469461e-01,-2.571919e-01,-1.737062e+00,-6.856700e-01,5.911941e-01,1.501779e+00
6.244117e-01,-2.149954e+00,-2.791757e-01,-1.383454e+00,2.781042e+00,1.410117e+00,1.922125e-01,-1.369156e+00,-4.903649e-01,6.061540e-01,1.419179e+00
9.664401e-01,-2.007358e+00,-1.165643e-01,-1.284960e+00,2.853752e+00,1.390585e+00,2.684773e-01,-1.301774e+00,-5.035621e-01,6.202772e-01,1.286007e+00
3.303940e-01,-2.543940e+00,-2.875379e-01,-1.338146e+00,2.841754e+00,1.321654e+00,3.207013e-01,-1.079429e+00,-4.795510e-01,7.018775e-01,1.442595e+00
9.141363e-01,-2.034093e+00,-2.292511e-02,-1.159608e+00,2.846187e+00,1.194560e+00,-1.016956e-01,-1.564578e+00,-8.411584e-01,6.068638e-01,1.430774e+00
6.827023e-01,-2.560522e+00,-4.656682e-01,-1.489697e+00,2.400047e+00,9.401451e-01,2.040995e-02,-1.397124e+00,-7.093922e-01,5.881238e-01,1.318437e+00
1.061218e+00,-2.062808e+00,1.898978e-01,-9.811743e-01,2.967358e+00,1.194751e+00,-6.528126e-02,-1.636832e+00,-7.122803e-01,7.027855e-01,1.475837e+00
1.064034e+00,-2.226255e+00,-1.455550e-01,-1.333463e+00,2.512890e+00,1.033985e+00,2.042033e-02,-1.524979e+00,-9.604478e-01,4.308122e-01,1.147681e+00
6.229589e-01,-2.496449e+00,-1.262287e-01,-1.038283e+00,3.013272e+00,1.246773e+00,-5.521355e-03,-1.642424e+00,-9.273505e-01,4.107768e-01,1.150980e+00
1.027314e+00,-2.326550e+00,2.872146e-02,-9.044457e-01,3.026135e+00,1.318642e+00,1.939455e-01,-1.550628e+00,-7.667947e-01,5.833633e-01,1.292748e+00
7.831227e-01,-2.478096e+00,-2.400966e-01,-9.975839e-01,2.767271e+00,1.089272e+00,1.613734e-01,-1.600573e+00,-8.548609e-01,8.704714e-01,1.593200e+00
8.400340e-01,-2.461829e+00,-3.360027e-01,-8.439962e-01,3.043247e+00,1.330981e+00,3.366840e-01,-1.441034e+00,-7.960207e-01,7.329977e-01,1.065337e+00
1.332277e+00,-2.078677e+00,-2.199539e-01,-7.786515e-01,2.769550e+00,1.218235e+00,2.995332e-01,-1.425004e+00,-7.503969e-01,8.463909e-01,1.079984e+00
5.822551e-01,-2.954157e+00,-5.813538e-01,-1.009437e+00,2.827525e+00,1.252203e+00,3.524230e-01,-1.624889e+00,-7.291687e-01,5.707232e-01,9.877198e-01
1.375428e+00,-2.155925e+00,-1.227346e-01,-7.527576e-01,2.918314e+00,1.506934e+00,4.178418e-01,-1.735367e+00,-7.265760e-01,9.006124e-01,1.067241e+00
1.016778e+00,-2.459004e+00,-4.995400e-01,-9.642450e-01,2.849175e+00,1.360084e+00,1.952724e-01,-1.910612e+00,-7.405463e-01,1.002206e+00,1.035832e+00
6.329196e-01,-2.917254e+00,-6.639467e-01,-1.012478e+00,2.858198e+00,1.393275e+00,3.831925e-01,-1.658194e+00,-6.592916e-01,8.862473e-01,1.018638e+00
8.612549e-01,-2.739318e+00,-5.494305e-01,-9.005616e-01,2.962830e+00,1.493428e+00,3.765827e-01,-1.701133e+00,-7.990527e-01,6.916556e-01,8.222750e-01
6.619445e-01,-3.021313e+00,-4.294632e-01,-8.598579e-01,3.261352e+00,1.691511e+00,4.653635e-01,-1.757789e+00,-6.263561e-01,8.491506e-01,1.121546e+00
6.257388e-01,-2.893146e+00,-6.600711e-01,-7.924104e-01,3.244854e+00,1.621447e+00,3.469831e-01,-1.649613e+00,-8.330867e-01,1.110979e+00,1.273113e+00
8.170325e-01,-2.908893e+00,-7.020708e-01,-7.434844e-01,3.214089e+00,1.547151e+00,6.078015e-01,-1.435780e+00,-7.484342e-01,1.159164e+00,1.252518e+00
4.534087e-01,-3.235073e+00,-9.676421e-01,-9.221742e-01,3.101971e+00,1.545406e+00,6.027020e-01,-1.392759e+00,-7.573683e-01,1.068969e+00,1.108991e+00
4.068332e-01,-3.411019e+00,-1.036667e+00,-1.126768e+00,3.160380e+00,1.523836e+00,6.582475e-01,-1.457045e+00,-6.490443e-01,1.042841e+00,1.102921e+00
2.718322e-02,-3.567346e+00,-1.222695e+00,-1.052874e+00,3.199062e+00,1.706990e+00,6.073490e-01,-1.420365e+00,-7.832098e-01,1.129459e+00,1.126481e+00
-6.038336e-01,-4.007675e+00,-1.485776e+00,-1.009841e+00,3.361715e+00,1.828008e+00,6.872311e-01,-1.506255e+00,-9.747093e-01,9.891324e-01,9.862893e-01
-1.265985e-01,-4.121656e+00,-1.508598e+00,-1.533925e+00,2.774112e+00,1.162307e+00,3.650447e-01,-1.599240e+00,-8.955112e-01,8.367520e-01,1.127951e+00
-3.494832e-01,-4.208443e+00,-1.824715e+00,-1.800919e+00,2.750014e+00,1.249025e+00,3.311539e-01,-1.493516e+00,-7.150975e-01,7.696775e-01,8.416064e-01
-5.544166e-01,-4.316639e+00,-1.951338e+00,-1.837311e+00,2.727559e+00,1.267448e+00,1.873672e-01,-1.642647e+00,-8.070263e-01,8.872843e-01,9.170687e-01
-1.010783e+00,-4.371795e+00,-1.852062e+00,-1.498260e+00,3.163778e+00,1.732611e+00,3.285731e-01,-1.660968e+00,-8.946986e-01,8.892501e-01,8.635555e-01
-8.400326e-01,-4.426917e+00,-1.961177e+00,-1.739082e+00,2.987167e+00,1.504396e+00,3.210408e-01,-1.602517e+00,-7.718456e-01,9.917199e-01,9.765987e-01
-3.101123e-01,-4.110430e+00,-1.931104e+00,-1.736511e+00,2.763590e+00,1.187660e+00,2.863127e-01,-1.541762e+00,-8.313055e-01,9.763342e-01,9.221247e-01
-4.298538e-01,-4.143245e+00,-1.971738e+00,-1.821241e+00,2.616462e+00,1.213594e+00,1.446085e-01,-1.540077e+00,-8.076961e-01,9.138618e-01,8.847019e-01
-9.027418e-01,-4.491956e+00,-2.092667e+00,-1.896858e+00,2.772482e+00,1.370665e+00,1.794299e-01,-1.647288e+00,-7.524207e-01,9.736946e-01,9.962296e-01
-1.442315e+00,-4.768501e+00,-1.940997e+00,-1.498705e+00,3.378139e+00,1.964486e+00,6.295944e-01,-1.455818e+00,-7.046688e-01,9.691177e-01,9.166589e-01
-7.944193e-01,-4.623346e+00,-2.049159e+00,-2.049362e+00,2.755169e+00,1.158813e+00,2.084715e-01,-1.756298e+00,-7.653612e-01,8.477409e-01,1.034553e+00
-5.592198e-01,-4.351173e+00,-2.186017e+00,-1.969302e+00,2.571918e+00,1.020838e+00,1.880345e-01,-1.623025e+00,-8.869728e-01,9.385655e-01,8.517837e-01
-6.969676e-01,-4.366048e+00,-2.166685e+00,-1.889116e+00,2.595451e+00,1.157334e+00,1.129526e-01,-1.618374e+00,-9.433502e-01,8.865440e-01,8.281097e-01
-1.271502e+00,-4.675662e+00,-2.155423e+00,-1.774984e+00,2.923476e+00,1.560679e+00,2.844777e-01,-1.600687e+00,-8.202271e-01,9.723364e-01,9.617193e-01
-1.167785e+00,-4.633574e+00,-2.055282e+00,-1.761188e+00,3.037018e+00,1.583622e+00,3.501467e-01,-1.678686e+00,-7.693756e-01,9.181008e-01,9.498438e-01
-6.013794e-01,-4.357532e+00,-2.069842e+00,-1.952496e+00,2.614756e+00,1.149469e+00,1.418936e-01,-1.659411e+00,-7.893191e-01,9.527138e-01,9.969227e-01
-3.994908e-01,-4.206153e+00,-1.936674e+00,-1.890047e+00,2.617995e+00,1.118926e+00,1.653438e-01,-1.591246e+00,-7.846916e-01,8.679937e-01,9.375972e-01
-6.060876e-01,-4.274056e+00,-2.008787e+00,-1.794287e+00,2.828642e+00,1.303875e+00,2.597868e-01,-1.618458e+00,-7.986167e-01,9.969858e-01,1.003315e+00
-1.332752e+00,-4.645901e+00,-2.053590e+00,-1.622184e+00,3.142615e+00,1.686590e+00,3.450087e-01,-1.689784e+00,-9.258145e-01,8.949791e-01,9.130046e-01
-8.085149e-01,-4.443593e+00,-2.040625e+00,-1.835932e+00,2.794815e+00,1.340533e+00,2.134353e-01,-1.632759e+00,-8.165870e-01,9.551077e-01,9.571358e-01
-3.563381e-01,-4.232936e+00,-1.858405e+00,-1.893354e+00,2.720555e+00,1.193696e+00,2.397317e-01,-1.605740e+00,-7.075191e-01,8.717794e-01,9.052409e-01
-6.206968e-01,-4.498021e+00,-2.071729e+00,-2.091054e+00,2.605888e+00,1.059732e+00,1.376493e-01,-1.697119e+00,-7.786844e-01,8.430015e-01,9.031502e-01
-1.088901e+00,-4.661691e+00,-2.161621e+00,-1.956875e+00,2.766305e+00,1.279392e+00,1.404328e-01,-1.787559e+00,-8.956518e-01,8.379585e-01,9.504479e-01
-1.162504e+00,-4.580634e+00,-2.079026e+00,-1.688518e+00,3.012224e+00,1.445171e+00,2.232068e-01,-1.824288e+00,-1.062832e+00,7.859840e-01,8.107174e-01
-7.485310e-01,-4.431886e+00,-2.111745e+00,-1.941040e+00,2.688600e+00,1.252863e+00,1.870850e-01,-1.607316e+00,-7.741094e-01,9.844004e-01,9.695696e-01
-5.466250e-01,-4.219417e+00,-2.035016e+00,-1.867475e+00,2.514377e+00,1.172067e+00,9.261133e-02,-1.561630e+00,-8.256965e-01,8.391408e-01,8.322582e-01
-6.274527e-01,-4.385684e+00,-1.994633e+00,-1.931505e+00,2.719877e+00,1.229187e+00,1.670858e-01,-1.693597e+00,-7.786580e-01,8.623104e-01,9.248091e-01
-1.241549e+00,-4.660320e+00,-1.978535e+00,-1.674535e+00,3.168368e+00,1.663531e+00,3.569295e-01,-1.699667e+00,-8.807411e-01,8.913789e-01,8.972189e-01
-9.575276e-01,-4.435934e+00,-2.109940e+00,-1.740081e+00,2.849079e+00,1.411009e+00,2.136984e-01,-1.652700e+00,-9.172864e-01,9.703319e-01,9.576094e-01
-3.422818e-01,-4.071191e+00,-1.882209e+00,-1.721993e+00,2.747604e+00,1.278048e+00,2.562333e-01,-1.498909e+00,-7.687212e-01,9.779000e-01,9.481756e-01
-3.922210e-01,-4.177615e+00,-1.867850e+00,-1.879675e+00,2.711530e+00,1.246358e+00,2.007267e-01,-1.556089e+00,-6.638701e-01,9.102798e-01,9.575473e-01
-8.432772e-01,-4.569890e+00,-2.007009e+00,-1.931627e+00,2.818142e+00,1.301036e+00,2.134098e-01,-1.767026e+00,-8.305148e-01,7.932623e-01,9.105309e-01
-1.651985e+00,-4.947552e+00,-2.390252e+00,-1.935022e+00,2.762635e+00,1.439089e+00,4.402675e-02,-1.906211e+00,-1.164153e+00,6.996800e-01,7.282635e-01
-9.379908e-01,-4.592531e+00,-2.249446e+00,-2.052258e+00,2.609241e+00,1.217984e+00,1.639662e-01,-1.645552e+00,-8.110328e-01,9.962520e-01,1.022482e+00
-5.171800e-01,-4.350772e+00,-2.062521e+00,-1.972428e+00,2.604949e+00,1.084484e+00,2.312106e-01,-1.558499e+00,-8.091578e-01,9.058404e-01,9.124876e-01
-6.586588e-01,-4.340894e+00,-2.063427e+00,-1.901959e+00,2.617272e+00,1.244821e+00,1.600728e-01,-1.580347e+00,-8.319893e-01,8.857290e-01,9.344487e-01
-1.219441e+00,-4.682193e+00,-2.187660e+00,-1.940629e+00,2.800856e+00,1.437362e+00,1.329699e-01,-1.815612e+00,-9.350014e-01,8.319403e-01,8.811030e-01
-1.098431e+00,-4.633634e+00,-2.060964e+00,-1.814578e+00,2.966852e+00,1.538368e+00,3.306568e-01,-1.697809e+00,-8.354050e-01,8.496544e-01,8.817393e-01
-5.125434e-01,-4.294613e+00,-1.981752e+00,-1.905603e+00,2.626446e+00,1.211155e+00,1.608558e-01,-1.618766e+00,-8.167975e-01,8.567922e-01,9.065443e-01
-4.071078e-01,-4.197862e+00,-1.963430e+00,-1.931389e+00,2.618145e+00,1.175440e+00,1.889848e-01,-1.556595e+00,-7.533363e-01,8.975141e-01,9.028953e-01
-5.557468e-01,-4.177364e+00,-1.981422e+00,-1.722753e+00,2.795882e+00,1.378127e+00,2.749635e-01,-1.552327e+00,-8.107300e-01,1.056240e+00,1.038261e+00
-1.318521e+00,-4.678533e+00,-1.986642e+00,-1.567665e+00,3.250403e+00,1.824197e+00,5.271879e-01,-1.531326e+00,-8.400872e-01,8.259746e-01,7.801274e-01
-7.234435e-01,-4.538086e+00,-1.951576e+00,-1.992658e+00,2.836978e+00,1.283584e+00,2.668726e-01,-1.760545e+00,-7.284032e-01,8.964936e-01,1.045040e+00
-3.611212e-01,-4.191520e+00,-1.876869e+00,-1.899094e+00,2.661794e+00,1.253753e+00,1.986386e-01,-1.568343e+00,-7.063657e-01,8.885484e-01,9.032755e-01
-5.311344e-01,-4.357339e+00,-2.001833e+00,-1.959339e+00,2.621043e+00,1.157473e+00,1.924909e-01,-1.593871e+00,-7.746114e-01,8.857585e-01,9.700973e-01
-1.187022e+00,-4.715762e+00,-2.280910e+00,-1.951979e+00,2.784123e+00,1.348362e+00,2.725101e-01,-1.667457e+00,-8.608331e-01,9.676519e-01,9.990063e-01
-1.529397e+00,-4.854670e+00,-2.322578e+00,-1.867287e+00,2.962600e+00,1.611527e+00,3.836096e-01,-1.566505e+00,-7.791011e-01,1.077538e+00,1.056226e+00
-8.018501e-01,-4.407079e+00,-2.139447e+00,-1.917089e+00,2.573946e+00,1.301391e+00,1.124149e-01,-1.584717e+00,-8.388427e-01,9.255965e-01,9.126221e-01
-5.587011e-01,-4.281021e+00,-2.021907e+00,-1.906809e+00,2.538309e+00,1.211685e+00,1.537786e-01,-1.491901e+00,-7.160708e-01,9.395870e-01,9.254350e-01
-6.865139e-01,-4.383290e+00,-2.053301e+00,-1.947805e+00,2.691701e+00,1.234031e+00,1.506017e-01,-1.702736e+00,-7.712544e-01,8.813836e-01,9.351972e-01
-1.230714e+00,-4.677922e+00,-2.080779e+00,-1.686687e+00,3.053103e+00,1.529995e+00,3.153961e-01,-1.687700e+00,-9.120820e-01,9.637303e-01,1.009461e+00
-8.832978e-01,-4.489129e+00,-2.039764e+00,-1.808761e+00,2.885289e+00,1.362261e+00,2.518032e-01,-1.686189e+00,-8.638119e-01,9.345599e-01,9.930895e-01
-4.021880e-01,-4.177733e+00,-1.905459e+00,-1.872186e+00,2.700863e+00,1.226610e+00,1.573181e-01,-1.603879e+00,-7.913565e-01,8.778517e-01,8.728081e-01
-4.762683e-01,-4.135627e+00,-1.988631e+00,-1.800432e+00,2.579539e+00,1.239244e+00,1.168798e-01,-1.537134e+00,-8.079064e-01,9.154578e-01,8.682738e-01
-9.645882e-01,-4.522311e+00,-2.149340e+00,-1.872288e+00,2.719490e+00,1.340538e+00,1.353288e-01,-1.704735e+00,-8.794667e-01,8.960133e-01,9.199924e-01
-1.962340e+00,-5.248906e+00,-2.572349e+00,-2.109585e+00,2.717326e+00,1.358896e+00,4.662291e-02,-1.887859e+00,-1.028429e+00,8.155470e-01,9.118113e-01
-8.477386e-01,-4.355428e+00,-2.157851e+00,-1.816811e+00,2.708039e+00,1.366946e+00,1.749917e-01,-1.548867e+00,-8.383440e-01,1.046772e+00,9.449640e-01
-6.345260e-01,-4.297641e+00,-2.144890e+00,-1.863736e+00,2.555769e+00,1.152311e+00,1.760705e-01,-1.497009e+00,-8.484718e-01,9.244759e-01,8.555445e-01
-8.432964e-01,-4.427198e+00,-2.213388e+00,-1.992769e+00,2.539377e+00,1.216202e+00,5.683517e-02,-1.616773e+00,-8.235956e-01,9.539166e-01,9.142579e-01
-1.121602e+00,-4.494110e+00,-2.040856e+00,-1.652409e+00,2.997591e+00,1.601046e+00,2.463966e-01,-1.708301e+00,-9.491994e-01,8.424180e-01,7.890336e-01
-1.449364e+00,-4.847276e+00,-2.278728e+00,-1.869708e+00,2.859923e+00,1.480268e+00,2.472254e-01,-1.710682e+00,-9.092618e-01,8.482277e-01,8.668944e-01
-4.583101e-01,-4.111433e+00,-1.932173e+00,-1.762369e+00,2.701762e+00,1.290029e+00,1.312950e-01,-1.586872e+00,-8.500906e-01,9.112052e-01,8.844532e-01
-3.539820e-01,-4.114005e+00,-1.918211e+00,-1.817950e+00,2.696794e+00,1.212534e+00,2.388679e-01,-1.486788e+00,-7.099058e-01,1.003666e+00,9.738520e-01
-6.946944e-01,-4.280572e+00,-2.032881e+00,-1.764132e+00,2.751734e+00,1.304366e+00,1.568007e-01,-1.644786e+00,-9.322465e-01,8.921213e-01,8.540633e-01
-1.084257e+00,-4.443819e+00,-1.848327e+00,-1.513396e+00,3.206450e+00,1.743502e+00,3.380263e-01,-1.694338e+00,-9.251352e-01,8.754800e-01,8.935839e-01
-7.475890e-01,-4.303939e+00,-1.989847e+00,-1.809138e+00,2.817355e+00,1.478473e+00,2.314138e-01,-1.626280e+00,-7.467979e-01,9.851223e-01,9.588661e-01
-4.738201e-01,-4.216086e+00,-1.971672e+00,-1.877229e+00,2.572918e+00,1.200822e+00,1.592518e-01,-1.536602e+00,-7.562578e-01,8.965617e-01,9.352428e-01
-5.771827e-01,-4.344459e+00,-2.078254e+00,-1.962957e+00,2.608317e+00,1.140195e+00,1.643993e-01,-1.635180e+00,-8.740540e-01,8.321545e-01,8.191229e-01
-1.544787e+00,-4.935827e+00,-2.536877e+00,-2.134438e+00,2.571496e+00,1.321294e+00,8.440764e-02,-1.699270e+00,-9.533047e-01,8.820043e-01,8.142256e-01
-1.543336e+00,-5.037866e+00,-2.264177e+00,-1.981554e+00,2.959924e+00,1.519723e+00,3.568112e-01,-1.686776e+00,-8.401748e-01,8.732557e-01,9.530969e-01
-8.075784e-01,-4.567630e+00,-2.137931e+00,-2.042197e+00,2.632287e+00,1.208783e+00,1.996462e-01,-1.628233e+00,-7.414972e-01,9.295292e-01,1.015677e+00
-5.849052e-01,-4.281204e+00,-2.085363e+00,-1.983558e+00,2.478483e+00,1.154766e+00,8.220193e-02,-1.601985e+00,-8.011524e-01,8.599370e-01,8.469864e-01
-5.193578e-01,-4.180611e+00,-1.957079e+00,-1.744012e+00,2.781598e+00,1.367649e+00,2.698345e-01,-1.529416e+00,-8.030573e-01,1.001462e+00,9.610005e-01
-1.342393e+00,-4.667460e+00,-2.088527e+00,-1.659348e+00,3.100322e+00,1.740645e+00,4.527167e-01,-1.520192e+00,-7.829318e-01,9.624578e-01,9.980993e-01
-1.018330e+00,-4.540320e+00,-2.121500e+00,-1.889173e+00,2.825193e+00,1.428585e+00,2.087004e-01,-1.674014e+00,-8.727189e-01,8.780814e-01,8.873929e-01
-3.051445e-01,-4.187292e+00,-1.824105e+00,-1.884596e+00,2.718113e+00,1.221559e+00,2.404242e-01,-1.606761e+00,-7.311892e-01,8.818773e-01,9.534882e-01
-3.512867e-01,-4.001124e+00,-1.909951e+00,-1.697738e+00,2.612988e+00,1.322222e+00,1.586654e-01,-1.477518e+00,-8.260820e-01,9.142607e-01,8.324228e-01
-8.674831e-01,-4.496867e+00,-2.086741e+00,-1.901123e+00,2.815682e+00,1.442041e+00,3.447072e-01,-1.537692e+00,-6.208533e-01,1.132316e+00,1.143031e+00
-1.252201e+00,-4.469892e+00,-2.033829e+00,-1.527660e+00,3.148933e+00,1.802155e+00,3.731670e-01,-1.609169e+00,-9.471084e-01,8.929433e-01,7.969886e-01
-7.720700e-01,-4.333940e+00,-2.157732e+00,-1.772040e+00,2.727233e+00,1.381750e+00,2.868434e-01,-1.457002e+00,-8.238925e-01,1.127028e+00,1.020718e+00
-6.690107e-01,-4.471468e+00,-2.203893e+00,-2.149493e+00,2.369937e+00,9.205687e-01,-5.843239e-02,-1.801603e+00,-1.049554e+00,6.232124e-01,6.344997e-01
-8.395986e-01,-4.391804e+00,-2.254323e+00,-1.959732e+00,2.478579e+00,1.216273e+00,2.320459e-02,-1.611598e+00,-8.610077e-01,9.598110e-01,9.159824e-01
-1.232416e+00,-4.605368e+00,-2.110755e+00,-1.697855e+00,2.931419e+00,1.583047e+00,2.478096e-01,-1.677932e+00,-9.235431e-01,8.383851e-01,8.124706e-01
-1.299931e+00,-4.685426e+00,-2.236824e+00,-1.844659e+00,2.798915e+00,1.458325e+00,1.431135e-01,-1.694666e+00,-9.111780e-01,9.778998e-01,9.412384e-01
-5.909588e-01,-4.232284e+00,-2.064269e+00,-1.881115e+00,2.624718e+00,1.214681e+00,9.593792e-02,-1.634848e+00,-8.448851e-01,9.138560e-01,8.756739e-01
-3.989035e-01,-4.026663e+00,-1.996231e+00,-1.710847e+00,2.607594e+00,1.206693e+00,1.598493e-01,-1.506571e+00,-8.748801e-01,9.208400e-01,8.441480e-01
-7.077220e-01,-4.246246e+00,-2.056980e+00,-1.755350e+00,2.741044e+00,1.398452e+00,2.172573e-01,-1.515668e+00,-7.357994e-01,1.070781e+00,1.044595e+00
-1.114758e+00,-4.388976e+00,-1.845018e+00,-1.432969e+00,3.309155e+00,1.931745e+00,4.868809e-01,-1.545511e+00,-7.489255e-01,9.172880e-01,8.252802e-01
-8.902905e-01,-4.335480e+00,-2.118201e+00,-1.733499e+00,2.686438e+00,1.390269e+00,1.051816e-01,-1.652829e+00,-9.245348e-01,9.236419e-01,8.899889e-01
-4.219933e-01,-4.181323e+00,-1.958616e+00,-1.819999e+00,2.644381e+00,1.189383e+00,1.873186e-01,-1.536990e+00,-8.106552e-01,9.227446e-01,8.886257e-01
-5.199438e-01,-4.218290e+00,-2.055519e+00,-1.841873e+00,2.720613e+00,1.202988e+00,2.784883e-01,-1.546707e+00,-7.328712e-01,1.022504e+00,9.998638e-01
-7.793087e-01,-4.250256e+00,-1.929515e+00,-1.563014e+00,2.987714e+00,1.522698e+00,2.832796e-01,-1.583822e+00,-8.697940e-01,1.026011e+00,9.604446e-01
-1.386631e+00,-4.791534e+00,-2.110662e+00,-1.729175e+00,3.068020e+00,1.600060e+00,3.440017e-01,-1.704751e+00,-8.953798e-01,8.417979e-01,9.171204e-01
-8.308334e-01,-4.549874e+00,-2.184599e+00,-2.046883e+00,2.596032e+00,1.161279e+00,1.146514e-01,-1.717443e+00,-7.998860e-01,8.887579e-01,9.281353e-01
-3.793078e-01,-4.216364e+00,-1.893310e+00,-1.842878e+00,2.707749e+00,1.210171e+00,2.842108e-01,-1.492171e+00,-6.865152e-01,9.352884e-01,9.337065e-01
-6.777616e-01,-4.203509e+00,-2.078095e+00,-1.709447e+00,2.726419e+00,1.360644e+00,2.290284e-01,-1.516558e+00,-8.192147e-01,1.047136e+00,9.744730e-01
-1.201903e+00,-4.630611e+00,-2.037725e+00,-1.660024e+00,3.177819e+00,1.577887e+00,3.937373e-01,-1.749147e+00,-9.403160e-01,7.988182e-01,8.403594e-01
-9.532037e-01,-4.439637e+00,-2.064297e+00,-1.770881e+00,2.919101e+00,1.504476e+00,3.106972e-01,-1.620088e+00,-8.224906e-01,9.104065e-01,8.929043e-01
-4.213421e-01,-4.114876e+00,-1.957980e+00,-1.763187e+00,2.635673e+00,1.266686e+00,2.042584e-01,-1.492748e+00,-7.597780e-01,9.569668e-01,9.825944e-01
-4.552986e-01,-4.115857e+00,-1.998508e+00,-1.846416e+00,2.538600e+00,1.246031e+00,9.182248e-02,-1.560268e+00,-8.297639e-01,9.209545e-01,8.351680e-01
-8.938923e-01,-4.468171e+00,-2.116603e+00,-1.931265e+00,2.714858e+00,1.351244e+00,1.994371e-01,-1.643238e+00,-7.490856e-01,1.015017e+00,1.091403e+00
-1.272910e+00,-4.691126e+00,-2.139601e+00,-1.794651e+00,2.967326e+00,1.517314e+00,3.187767e-01,-1.655852e+00,-8.203785e-01,9.932135e-01,1.096051e+00
-1.428434e+00,-4.909816e+00,-2.748735e+00,-2.263594e+00,2.277748e+00,9.992231e-01,-4.109854e-03,-1.699613e+00,-9.566364e-01,1.089059e+00,1.048820e+00
-6.487472e-01,-4.327823e+00,-2.141248e+00,-2.037747e+00,2.451969e+00,1.103671e+00,1.713620e-02,-1.662292e+00,-8.962942e-01,7.741071e-01,7.481991e-01
-8.606735e-01,-4.520548e+00,-2.244342e+00,-2.072587e+00,2.441545e+00,1.127884e+00,3.838108e-02,-1.691946e+00,-8.606425e-01,8.310942e-01,8.794263e-01
-1.483994e+00,-4.811324e+00,-2.276921e+00,-1.812638e+00,2.945094e+00,1.748185e+00,4.996358e-01,-1.337123e+00,-5.692075e-01,1.167066e+00,1.084095e+00
-1.452825e+00,-4.828168e+00,-2.339141e+00,-1.948701e+00,2.841926e+00,1.517497e+00,2.992479e-01,-1.620395e+00,-7.763377e-01,9.988393e-01,9.859949e-01
-5.057693e-01,-4.188194e+00,-2.020566e+00,-1.796382e+00,2.682761e+00,1.260064e+00,2.174957e-01,-1.522289e+00,-8.516626e-01,9.629695e-01,9.066813e-01
-3.048596e-01,-4.007334e+00,-1.876850e+00,-1.757800e+00,2.637290e+00,1.247046e+00,1.820870e-01,-1.488891e+00,-8.233933e-01,9.461077e-01,8.832686e-01
-7.264116e-01,-4.269771e+00,-2.024263e+00,-1.845765e+00,2.728951e+00,1.430810e+00,1.629769e-01,-1.559215e+00,-7.208758e-01,1.042694e+00,1.003332e+00
-1.164694e+00,-4.361202e+00,-1.898797e+00,-1.389673e+00,3.209700e+00,1.909554e+00,4.063526e-01,-1.589020e+00,-9.385617e-01,8.775268e-01,7.938254e-01
-6.520418e-01,-4.307462e+00,-1.968825e+00,-1.785226e+00,2.774965e+00,1.311401e+00,1.552518e-01,-1.728313e+00,-9.635222e-01,8.355133e-01,8.270217e-01
-3.726217e-01,-4.187315e+00,-1.975860e+00,-1.927122e+00,2.640379e+00,1.139181e+00,1.960221e-01,-1.608534e+00,-7.860572e-01,9.161764e-01,9.161025e-01
-3.598012e-01,-4.189416e+00,-1.907563e+00,-1.832914e+00,2.762840e+00,1.227863e+00,3.109055e-01,-1.529122e+00,-7.581888e-01,9.553590e-01,9.349911e-01
-9.748732e-01,-4.565318e+00,-2.010535e+00,-1.775497e+00,2.989996e+00,1.522846e+00,4.215959e-01,-1.514896e+00,-6.860867e-01,1.041897e+00,1.072103e+00
-1.132204e+00,-4.583598e+00,-1.985297e+00,-1.686041e+00,3.116755e+00,1.669082e+00,4.322638e-01,-1.558871e+00,-6.514967e-01,1.130462e+00,1.177153e+00
-7.367435e-01,-4.401056e+00,-2.091777e+00,-1.905558e+00,2.711575e+00,1.314348e+00,2.207922e-01,-1.574662e+00,-7.026819e-01,9.876897e-01,9.781779e-01
-5.309274e-01,-4.155342e+00,-2.009538e+00,-1.770467e+00,2.605568e+00,1.279740e+00,1.933650e-01,-1.435444e+00,-7.684668e-01,9.454401e-01,8.625877e-01
-6.648106e-01,-4.228593e+00,-2.048774e+00,-1.822703e+00,2.654952e+00,1.295762e+00,7.562141e-02,-1.636022e+00,-8.736593e-01,9.202188e-01,9.176120e-01
-1.088630e+00,-4.426363e+00,-1.952387e+00,-1.553755e+00,3.116692e+00,1.654019e+00,2.953994e-01,-1.700917e+00,-9.668277e-01,8.793579e-01,8.650395e-01
-1.078248e+00,-4.467368e+00,-2.126433e+00,-1.741873e+00,2.834323e+00,1.496375e+00,2.148937e-01,-1.622005e+00,-8.547114e-01,9.299935e-01,9.367050e-01
-3.995492e-01,-4.118087e+00,-1.876606e+00,-1.783062e+00,2.693325e+00,1.300670e+00,1.974649e-01,-1.551242e+00,-7.236279e-01,9.056614e-01,9.171364e-01
-3.297262e-01,-3.957471e+00,-1.878713e+00,-1.688812e+00,2.700696e+00,1.342560e+00,2.021430e-01,-1.494035e+00,-7.365297e-01,9.767962e-01,8.928202e-01
-7.950385e-01,-4.305739e+00,-2.017470e+00,-1.688089e+00,2.844267e+00,1.455743e+00,2.041472e-01,-1.587492e+00,-8.920604e-01,9.586432e-01,8.926183e-01
-1.257283e+00,-4.513968e+00,-2.142064e+00,-1.535172e+00,3.029029e+00,1.503499e+00,1.983076e-01,-1.809042e+00,-1.173392e+00,9.004608e-01,8.739924e-01
-7.208567e-01,-4.347928e+00,-1.999490e+00,-1.855125e+00,2.797870e+00,1.387431e+00,1.835458e-01,-1.612273e+00,-7.955232e-01,9.161477e-01,8.772714e-01
-6.033339e-01,-4.243387e+00,-2.007687e+00,-1.832252e+00,2.619654e+00,1.297501e+00,2.310805e-01,-1.427096e+00,-6.599063e-01,9.740226e-01,9.718049e-01
-7.442061e-01,-4.370310e+00,-2.115568e+00,-1.858502e+00,2.605502e+00,1.289900e+00,1.399513e-01,-1.540221e+00,-7.769278e-01,9.683534e-01,9.018370e-01
-1.426717e+00,-4.650704e+00,-2.280259e+00,-1.715565e+00,2.876522e+00,1.645659e+00,2.249156e-01,-1.596453e+00,-9.050726e-01,9.982685e-01,8.576644e-01
-1.283371e+00,-4.514971e+00,-2.233009e+00,-1.636919e+00,2.893134e+00,1.601274e+00,2.403997e-01,-1.568639e+00,-9.385790e-01,9.848047e-01,8.844473e-01
-6.185927e-01,-4.273596e+00,-2.067333e+00,-1.832965e+00,2.650851e+00,1.250295e+00,1.762668e-01,-1.550484e+00,-8.045242e-01,9.250338e-01,9.547294e-01
-4.665048e-01,-4.100920e+00,-2.025286e+00,-1.850988e+00,2.555039e+00,1.237502e+00,9.263016e-02,-1.523908e+00,-8.053150e-01,9.508518e-01,8.963082e-01
-7.640135e-01,-4.191281e+00,-2.108985e+00,-1.762523e+00,2.609240e+00,1.419510e+00,7.134600e-02,-1.601248e+00,-8.827816e-01,9.687257e-01,8.840434e-01
-1.346512e+00,-4.706558e+00,-1.876800e+00,-1.439979e+00,3.466607e+00,2.025576e+00,7.387277e-01,-1.467472e+00,-7.667945e-01,8.649240e-01,8.603524e-01
-8.266794e-01,-4.367860e+00,-2.117382e+00,-1.859750e+00,2.704127e+00,1.355897e+00,1.507492e-01,-1.657070e+00,-8.546217e-01,9.786847e-01,9.692128e-01
-4.292004e-01,-4.056524e+00,-2.035370e+00,-1.787598e+00,2.565204e+00,1.233079e+00,1.338168e-01,-1.513664e+00,-8.741218e-01,9.650753e-01,8.451494e-01
-6.271652e-01,-4.280780e+00,-2.091549e+00,-1.881560e+00,2.545901e+00,1.251862e+00,1.305870e-01,-1.495209e+00,-8.107032e-01,9.212575e-01,9.126274e-01
-1.080747e+00,-4.554301e+00,-2.209917e+00,-1.961202e+00,2.663332e+00,1.325326e+00,3.954551e-02,-1.802214e+00,-9.789273e-01,8.607447e-01,8.597717e-01
-1.488281e+00,-5.090105e+00,-2.239326e+00,-2.068572e+00,2.956460e+00,1.426528e+00,3.348273e-01,-1.796258e+00,-7.865823e-01,9.443999e-01,1.096770e+00
-9.116888e-01,-4.425544e+00,-2.265651e+00,-1.924552e+00,2.494487e+00,1.255039e+00,5.514310e-02,-1.635752e+00,-9.296140e-01,8.683696e-01,8.279536e-01
-5.640541e-01,-4.242497e+00,-2.031508e+00,-1.874428e+00,2.580142e+00,1.216635e+00,2.126008e-01,-1.482113e+00,-7.610870e-01,8.723040e-01,8.978182e-01
-7.085634e-01,-4.407518e+00,-2.091174e+00,-1.902121e+00,2.774976e+00,1.325490e+00,3.279766e-01,-1.539285e+00,-7.484264e-01,9.686372e-01,9.157604e-01
-1.083179e+00,-4.460271e+00,-2.026207e+00,-1.655659e+00,2.970123e+00,1.548630e+00,2.138730e-01,-1.726809e+00,-1.009759e+00,8.893790e-01,8.961144e-01
-7.451307e-01,-4.225155e+00,-1.871230e+00,-1.654317e+00,2.913448e+00,1.583923e+00,2.332342e-01,-1.609631e+00,-8.124179e-01,9.431957e-01,9.416462e-01
-3.308950e-01,-4.109663e+00,-1.860631e+00,-1.819072e+00,2.710829e+00,1.297798e+00,2.233484e-01,-1.559841e+00,-7.337651e-01,9.332360e-01,8.861609e-01
-3.649545e-01,-4.263852e+00,-1.887664e+00,-1.964350e+00,2.643811e+00,1.128100e+00,2.003196e-01,-1.618890e+00,-7.110915e-01,8.696262e-01,1.001582e+00
-7.420241e-01,-4.332350e+00,-2.046849e+00,-1.773706e+00,2.817917e+00,1.351299e+00,2.962701e-01,-1.607645e+00,-8.081581e-01,1.030597e+00,1.077377e+00
-1.231600e+00,-4.457813e+00,-2.224380e+00,-1.674038e+00,2.849652e+00,1.500505e+00,8.236076e-02,-1.768470e+00,-1.127797e+00,9.114796e-01,7.882236e-01
-6.609177e-01,-4.051732e+00,-2.030176e+00,-1.642593e+00,2.681094e+00,1.424425e+00,4.375246e-02,-1.626148e+00,-9.657844e-01,9.031331e-01,7.954977e-01
-3.826612e-01,-4.113170e+00,-1.908281e+00,-1.804289e+00,2.589007e+00,1.194501e+00,9.882542e-02,-1.602272e+00,-8.566568e-01,8.195703e-01,7.946699e-01
-6.460604e-01,-4.138101e+00,-2.062298e+00,-1.704879e+00,2.690945e+00,1.432910e+00,1.931153e-01,-1.475988e+00,-7.879625e-01,1.008931e+00,8.268043e-01
-1.363048e+00,-4.776286e+00,-2.421412e+00,-2.003947e+00,2.672486e+00,1.278277e+00,1.380002e-01,-1.702313e+00,-8.374312e-01,1.134487e+00,1.131305e+00
-1.239404e+00,-4.655355e+00,-2.297098e+00,-1.781108e+00,2.873243e+00,1.411024e+00,3.189216e-01,-1.580381e+00,-8.439899e-01,1.115160e+00,1.041080e+00
-5.936775e-01,-4.213567e+00,-2.065231e+00,-1.763420e+00,2.706949e+00,1.307020e+00,2.389761e-01,-1.495128e+00,-8.187386e-01,1.013431e+00,8.880727e-01
-4.902601e-01,-4.106261e+00,-1.979313e+00,-1.783263e+00,2.591726e+00,1.265863e+00,1.531541e-01,-1.490875e+00,-7.589968e-01,9.321149e-01,8.881931e-01
-7.691252e-01,-4.306920e+00,-2.067843e+00,-1.762854e+00,2.711871e+00,1.382429e+00,1.734060e-01,-1.599846e+00,-8.637507e-01,9.056888e-01,8.360542e-01
-1.855767e+00,-4.915332e+00,-2.238933e+00,-1.545538e+00,3.294276e+00,2.108600e+00,7.248955e-01,-1.195912e+00,-4.862644e-01,1.258017e+00,1.090975e+00
-7.268617e-01,-4.226187e+00,-2.005613e+00,-1.741881e+00,2.767557e+00,1.375167e+00,8.599299e-02,-1.707917e+00,-9.776414e-01,8.937909e-01,8.184231e-01
-4.449334e-01,-4.214604e+00,-2.037296e+00,-1.876385e+00,2.614869e+00,1.070578e+00,1.809437e-01,-1.623981e+00,-8.644504e-01,8.651047e-01,9.058869e-01
-5.707164e-01,-4.164530e+00,-2.092552e+00,-1.775491e+00,2.601472e+00,1.261335e+00,1.676191e-01,-1.469413e+00,-7.967932e-01,1.077319e+00,9.913183e-01
-1.032003e+00,-4.467265e+00,-2.091123e+00,-1.773823e+00,2.859988e+00,1.475317e+00,1.537814e-01,-1.711959e+00,-9.280863e-01,8.766284e-01,8.157421e-01
-1.045665e+00,-4.426243e+00,-1.915211e+00,-1.555131e+00,3.077974e+00,1.579167e+00,2.421255e-01,-1.819933e+00,-9.999603e-01,7.742740e-01,8.361710e-01
-7.735858e-01,-4.388726e+00,-2.209826e+00,-1.947178e+00,2.531082e+00,1.151529e+00,3.529734e-02,-1.674923e+00,-8.853363e-01,9.271187e-01,9.313759e-01
-6.345879e-01,-4.110519e+00,-2.200413e+00,-1.821331e+00,2.436619e+00,1.198829e+00,1.434596e-02,-1.514351e+00,-9.264306e-01,9.984264e-01,7.724756e-01
-6.768791e-01,-4.254664e+00,-2.066781e+00,-1.746904e+00,2.719090e+00,1.359532e+00,2.538177e-01,-1.460758e+00,-7.879740e-01,1.085006e+00,1.050473e+00
-1.618879e+00,-4.791458e+00,-2.361772e+00,-1.789773e+00,2.840891e+00,1.652774e+00,2.205689e-01,-1.609171e+00,-9.700503e-01,9.114377e-01,8.240523e-01
-9.232356e-01,-4.339999e+00,-2.026502e+00,-1.692183e+00,2.902505e+00,1.657986e+00,3.241093e-01,-1.460649e+00,-6.731862e-01,1.133262e+00,1.033329e+00
-4.653534e-01,-4.114630e+00,-2.020218e+00,-1.796746e+00,2.547013e+00,1.233214e+00,8.882734e-02,-1.604377e+00,-9.440755e-01,8.411681e-01,7.284180e-01
-3.597827e-01,-4.041620e+00,-1.952669e+00,-1.754494e+00,2.616063e+00,1.244904e+00,1.865950e-01,-1.485623e+00,-8.110338e-01,9.863798e-01,9.316157e-01
-7.531867e-01,-4.126358e+00,-2.009975e+00,-1.676770e+00,2.812697e+00,1.579914e+00,1.907232e-01,-1.484706e+00,-7.841885e-01,1.117497e+00,1.021083e+00
-1.417824e+00,-4.721565e+00,-2.166848e+00,-1.750767e+00,3.009020e+00,1.592778e+00,2.734838e-01,-1.785889e+00,-1.000347e+00,7.506970e-01,8.249886e-01
-7.913856e-01,-4.215233e+00,-2.129923e+00,-1.728151e+00,2.606843e+00,1.420086e+00,8.427501e-02,-1.539749e+00,-9.003843e-01,9.944968e-01,9.236140e-01
-7.079204e-01,-4.291391e+00,-2.244220e+00,-1.957382e+00,2.346629e+00,1.105554e+00,1.682494e-02,-1.603736e+00,-8.901635e-01,8.698144e-01,8.234184e-01
-4.647314e-01,-4.202143e+00,-1.912430e+00,-1.783309e+00,2.766056e+00,1.370302e+00,2.906670e-01,-1.498428e+00,-7.365170e-01,9.819651e-01,8.994958e-01
-9.391171e-01,-4.450803e+00,-2.014980e+00,-1.749180e+00,2.858252e+00,1.402972e+00,1.068395e-01,-1.821660e+00,-1.093183e+00,7.669168e-01,8.121510e-01
-1.171884e+00,-4.482881e+00,-2.204287e+00,-1.680669e+00,2.903739e+00,1.560916e+00,2.789062e-01,-1.594573e+00,-9.358681e-01,1.008889e+00,9.362045e-01
-5.559296e-01,-4.238771e+00,-2.084441e+00,-1.882553e+00,2.655957e+00,1.258348e+00,2.010835e-01,-1.586261e+00,-7.953411e-01,9.635250e-01,9.269564e-01
-3.533218e-01,-4.064590e+00,-1.916197e+00,-1.745219e+00,2.613278e+00,1.276741e+00,2.020880e-01,-1.445202e+00,-7.945306e-01,9.285012e-01,8.367620e-01
-6.284485e-01,-4.000187e+00,-2.016086e+00,-1.621332e+00,2.671723e+00,1.539453e+00,1.178022e-01,-1.476600e+00,-8.243382e-01,1.114230e+00,9.453287e-01
-1.298338e+00,-4.750986e+00,-2.106981e+00,-1.837754e+00,2.989238e+00,1.534910e+00,2.922998e-01,-1.753419e+00,-8.442785e-01,9.135731e-01,1.055559e+00
-4.756834e-01,-4.025353e+00,-1.898029e+00,-1.591527e+00,2.861247e+00,1.400166e+00,2.151420e-01,-1.647580e+00,-9.667148e-01,9.351244e-01,8.735366e-01
-4.147746e-01,-4.084113e+00,-1.946815e+00,-1.788814e+00,2.593021e+00,1.202356e+00,7.240931e-02,-1.597802e+00,-9.138641e-01,8.290324e-01,7.934626e-01
-3.384973e-01,-4.007633e+00,-1.881862e+00,-1.769970e+00,2.681461e+00,1.293678e+00,1.332570e-01,-1.548931e+00,-7.621877e-01,9.726467e-01,9.295702e-01
-1.154215e+00,-4.525792e+00,-2.141166e+00,-1.696446e+00,2.895891e+00,1.589866e+00,3.101920e-01,-1.556897e+00,-8.086396e-01,9.731422e-01,8.843191e-01
-1.254844e+00,-4.405114e+00,-2.146555e+00,-1.530304e+00,2.915740e+00,1.630786e+00,1.596144e-01,-1.673890e+00,-1.015430e+00,9.244010e-01,8.702494e-01
-8.356340e-01,-4.438425e+00,-2.248350e+00,-1.979528e+00,2.548124e+00,1.116177e+00,1.410201e-02,-1.776632e+00,-1.029953e+00,7.668616e-01,7.180530e-01
-6.576123e-01,-4.112910e+00,-2.117037e+00,-1.762288e+00,2.530608e+00,1.303386e+00,1.246079e-01,-1.398866e+00,-7.987181e-01,9.917365e-01,8.783602e-01
-3.751379e-01,-4.040282e+00,-1.686181e+00,-1.625330e+00,2.923306e+00,1.488645e+00,2.602598e-01,-1.548536e+00,-7.373741e-01,8.336657e-01,9.251644e-01
-1.542311e+00,-4.784979e+00,-2.208990e+00,-1.689037e+00,3.093995e+00,1.760381e+00,4.866557e-01,-1.445874e+00,-5.956294e-01,1.200870e+00,1.160299e+00
-1.010049e+00,-4.448743e+00,-2.076833e+00,-1.719062e+00,2.895474e+00,1.497170e+00,2.494808e-01,-1.658829e+00,-8.445710e-01,9.462796e-01,9.458849e-01
-5.541887e-01,-4.130385e+00,-2.088709e+00,-1.773224e+00,2.547465e+00,1.194913e+00,8.373565e-02,-1.590441e+00,-9.076497e-01,8.727472e-01,8.277615e-01
-5.399352e-01,-3.979987e+00,-2.055065e+00,-1.713983e+00,2.573029e+00,1.380133e+00,1.152464e-01,-1.381862e+00,-7.438682e-01,1.135931e+00,9.754939e-01
-7.008445e-01,-4.328267e+00,-2.044181e+00,-1.791177e+00,2.770839e+00,1.278805e+00,1.167850e-01,-1.714560e+00,-9.713960e-01,9.457496e-01,9.020597e-01
-1.197067e+00,-4.581619e+00,-2.053341e+00,-1.684520e+00,2.980206e+00,1.491745e+00,1.916223e-01,-1.795061e+00,-1.015971e+00,8.129497e-01,8.945948e-01
-7.298287e-01,-4.127771e+00,-2.026257e+00,-1.663505e+00,2.715334e+00,1.497465e+00,1.598208e-01,-1.515220e+00,-7.791431e-01,1.053338e+00,9.653943e-01
-6.152269e-01,-4.104471e+00,-2.068079e+00,-1.768600e+00,2.528194e+00,1.323759e+00,1.055716e-01,-1.461196e+00,-7.660782e-01,9.648319e-01,8.439810e-01
-5.023098e-01,-4.194687e+00,-1.958691e+00,-1.763364e+00,2.734442e+00,1.281742e+00,2.185817e-01,-1.559350e+00,-8.106920e-01,9.507402e-01,9.364792e-01
-9.301223e-01,-4.272264e+00,-1.878612e+00,-1.512956e+00,3.097605e+00,1.749692e+00,3.421244e-01,-1.555572e+00,-8.870047e-01,9.034216e-01,8.494698e-01
-9.812300e-01,-4.339346e+00,-2.050442e+00,-1.681906e+00,2.942542e+00,1.603035e+00,2.669720e-01,-1.626325e+00,-8.742365e-01,9.786761e-01,8.880615e-01
-5.954797e-01,-4.189687e+00,-2.041132e+00,-1.777823e+00,2.629528e+00,1.335794e+00,1.942546e-01,-1.476866e+00,-7.754527e-01,1.014775e+00,9.594818e-01
-4.376756e-01,-4.178568e+00,-1.961604e+00,-1.857570e+00,2.580006e+00,1.208302e+00,1.624373e-01,-1.559919e+00,-8.094279e-01,8.276968e-01,8.129921e-01
-7.173083e-01,-4.239038e+00,-2.054714e+00,-1.794505e+00,2.701006e+00,1.389250e+00,1.452439e-01,-1.637315e+00,-8.505108e-01,1.000625e+00,9.593536e-01
-1.116482e+00,-4.341247e+00,-1.910799e+00,-1.371643e+00,3.221503e+00,1.884597e+00,4.366575e-01,-1.494203e+00,-9.229035e-01,9.450651e-01,8.607471e-01
-7.204947e-01,-4.134922e+00,-2.127205e+00,-1.598437e+00,2.775647e+00,1.411574e+00,2.419124e-01,-1.551072e+00,-9.996923e-01,1.082289e+00,9.013959e-01
-5.598383e-01,-4.078637e+00,-2.087888e+00,-1.821579e+00,2.496403e+00,1.298736e+00,3.429023e-02,-1.489356e+00,-8.663131e-01,9.449115e-01,8.168050e-01
-4.519186e-01,-4.012663e+00,-1.993409e+00,-1.714710e+00,2.547691e+00,1.308570e+00,1.020280e-01,-1.510827e+00,-8.749380e-01,9.653884e-01,8.645814e-01
-1.121018e+00,-4.519878e+00,-2.161788e+00,-1.763820e+00,2.797738e+00,1.555806e+00,2.811659e-01,-1.509879e+00,-7.477075e-01,1.076892e+00,9.818654e-01
-9.515352e-01,-4.271087e+00,-1.896894e+00,-1.532813e+00,3.072260e+00,1.751025e+00,2.718702e-01,-1.656229e+00,-9.460888e-01,9.002679e-01,8.078988e-01
-6.977705e-01,-4.215638e+00,-2.128067e+00,-1.828031e+00,2.590750e+00,1.274606e+00,6.350724e-02,-1.664370e+00,-9.809644e-01,8.507738e-01,7.842254e-01
-5.806993e-01,-4.090322e+00,-2.120519e+00,-1.756018e+00,2.502834e+00,1.248046e+00,1.154734e-01,-1.443494e+00,-9.077738e-01,9.295237e-01,7.727867e-01
-6.687914e-01,-4.234234e+00,-2.058760e+00,-1.815493e+00,2.668664e+00,1.354055e+00,1.833922e-01,-1.549029e+00,-7.934671e-01,9.848815e-01,9.790839e-01
-1.149101e+00,-4.462558e+00,-2.078303e+00,-1.642677e+00,2.973467e+00,1.622406e+00,2.496859e-01,-1.711934e+00,-9.715849e-01,9.162456e-01,8.686482e-01
-7.333879e-01,-4.172670e+00,-1.952272e+00,-1.572817e+00,2.864439e+00,1.542106e+00,2.392660e-01,-1.601342e+00,-9.205700e-01,9.583163e-01,8.650364e-01
-4.862737e-01,-4.147096e+00,-1.943664e+00,-1.787712e+00,2.677758e+00,1.358048e+00,2.639719e-01,-1.386842e+00,-6.008758e-01,1.103755e+00,1.135012e+00
-4.592654e-01,-4.027539e+00,-1.956853e+00,-1.753428e+00,2.599380e+00,1.293786e+00,6.573405e-02,-1.559981e+00,-8.810456e-01,8.400579e-01,7.869088e-01
-8.586758e-01,-4.450288e+00,-2.028730e+00,-1.824691e+00,2.804105e+00,1.362712e+00,1.536533e-01,-1.697819e+00,-8.870727e-01,8.088711e-01,9.095760e-01
-1.217143e+00,-4.483122e+00,-1.932080e+00,-1.502802e+00,3.133997e+00,1.704184e+00,2.556836e-01,-1.749451e+00,-9.830182e-01,8.436439e-01,9.287366e-01
-7.421466e-01,-4.086915e+00,-2.035499e+00,-1.585009e+00,2.767408e+00,1.600164e+00,1.859377e-01,-1.469593e+00,-8.294936e-01,1.022713e+00,8.058732e-01
-4.274222e-01,-4.178012e+00,-1.945283e+00,-1.798604e+00,2.674134e+00,1.230002e+00,2.773554e-01,-1.477053e+00,-6.814860e-01,9.789662e-01,9.876645e-01
-5.315731e-01,-4.049159e+00,-1.930152e+00,-1.637410e+00,2.773928e+00,1.462090e+00,2.184131e-01,-1.442314e+00,-7.791907e-01,1.008370e+00,9.253068e-01
-1.079995e+00,-4.510240e+00,-2.215738e+00,-1.757461e+00,2.839390e+00,1.385763e+00,1.430007e-01,-1.724395e+00,-1.046880e+00,9.637080e-01,8.346452e-01
-1.172801e+00,-4.390716e+00,-2.082465e+00,-1.537974e+00,2.978473e+00,1.695302e+00,2.498652e-01,-1.562085e+00,-9.633330e-01,9.338527e-01,8.136870e-01
-7.335148e-01,-4.217401e+00,-2.096427e+00,-1.759408e+00,2.570072e+00,1.351483e+00,9.136302e-02,-1.514335e+00,-8.453044e-01,9.360893e-01,8.910197e-01
-5.579270e-01,-4.001955e+00,-2.092539e+00,-1.709957e+00,2.431147e+00,1.289254e+00,1.124067e-02,-1.475084e+00,-8.637324e-01,9.747314e-01,8.149118e-01
-8.288958e-01,-4.316626e+00,-2.194905e+00,-1.906799e+00,2.496041e+00,1.223003e+00,-6.361199e-02,-1.708545e+00,-9.062916e-01,9.606250e-01,1.007108e+00
-1.611597e+00,-4.774573e+00,-2.317736e+00,-1.639514e+00,2.993173e+00,1.571447e+00,2.612526e-01,-1.712273e+00,-1.062516e+00,8.918001e-01,8.589281e-01
-4.601835e-01,-3.954024e+00,-1.781698e+00,-1.510613e+00,2.940579e+00,1.505632e+00,1.928879e-01,-1.611697e+00,-9.403877e-01,9.248926e-01,8.669000e-01
-4.040999e-01,-4.087661e+00,-1.946471e+00,-1.780340e+00,2.629959e+00,1.228213e+00,1.398345e-01,-1.563423e+00,-8.169538e-01,9.357256e-01,9.182253e-01
-4.840555e-01,-4.056863e+00,-1.943784e+00,-1.672190e+00,2.682721e+00,1.382101e+00,1.948661e-01,-1.470746e+00,-7.672580e-01,9.620185e-01,9.061264e-01
-1.069906e+00,-4.327787e+00,-2.127167e+00,-1.660677e+00,2.820101e+00,1.535301e+00,1.541392e-01,-1.676740e+00,-9.005016e-01,9.509380e-01,9.205936e-01
-1.201182e+00,-4.346095e+00,-2.074290e+00,-1.548013e+00,2.948583e+00,1.732224e+00,1.858831e-01,-1.600171e+00,-9.697303e-01,9.386771e-01,8.000527e-01
-9.358088e-01,-4.331796e+00,-2.378522e+00,-1.818264e+00,2.452395e+00,1.268878e+00,4.720055e-02,-1.503765e+00,-9.978889e-01,1.029242e+00,8.432127e-01
-1.028523e+00,-4.495671e+00,-2.505002e+00,-2.134101e+00,2.127791e+00,1.033769e+00,-1.453834e-01,-1.538903e+00,-9.179671e-01,1.026010e+00,9.539068e-01
-7.325515e-01,-4.291995e+00,-2.124036e+00,-1.820124e+00,2.694165e+00,1.371158e+00,2.078660e-01,-1.565953e+00,-8.617275e-01,9.497246e-01,8.259138e-01
-1.580734e+00,-4.701047e+00,-2.379247e+00,-1.704703e+00,2.799776e+00,1.668476e+00,2.577036e-01,-1.512839e+00,-8.576443e-01,1.084613e+00,9.796716e-01
-8.992816e-01,-4.200791e+00,-2.088432e+00,-1.629082e+00,2.758777e+00,1.518638e+00,1.695301e-01,-1.579553e+00,-8.764606e-01,1.025613e+00,1.037773e+00
-7.227951e-01,-4.296079e+00,-2.253428e+00,-1.968470e+00,2.427672e+00,1.130038e+00,1.188533e-02,-1.606802e+00,-9.667085e-01,9.434824e-01,8.188067e-01
-4.826827e-01,-4.227738e+00,-2.011277e+00,-1.907809e+00,2.574681e+00,1.131191e+00,1.343535e-01,-1.600885e+00,-8.630151e-01,7.971768e-01,8.697237e-01
-7.921209e-01,-4.169662e+00,-2.101492e+00,-1.716435e+00,2.633226e+00,1.413947e+00,1.293649e-02,-1.658279e+00,-1.044480e+00,9.224911e-01,8.061001e-01
-1.111281e+00,-4.474815e+00,-1.977614e+00,-1.667662e+00,3.017924e+00,1.621582e+00,2.114357e-01,-1.770328e+00,-9.630537e-01,8.546728e-01,8.473568e-01
-3.059784e-01,-3.958762e+00,-1.760806e+00,-1.640454e+00,2.809907e+00,1.379971e+00,1.523513e-01,-1.696844e+00,-9.138665e-01,8.761594e-01,8.552290e-01
-4.602266e-01,-4.053686e+00,-1.969099e+00,-1.755831e+00,2.565837e+00,1.297692e+00,1.609712e-01,-1.424058e+00,-7.847541e-01,9.767699e-01,9.046998e-01
-7.217376e-01,-4.180051e+00,-2.116741e+00,-1.802684e+00,2.621777e+00,1.425946e+00,1.786071e-01,-1.427675e+00,-7.155599e-01,1.099940e+00,1.028277e+00
-1.000065e+00,-4.123059e+00,-1.942457e+00,-1.410601e+00,2.992769e+00,1.825185e+00,2.016143e-01,-1.574945e+00,-1.051138e+00,8.267526e-01,6.752642e-01
-8.678593e-01,-4.281805e+00,-1.968286e+00,-1.660305e+00,2.846317e+00,1.474118e+00,9.421891e-02,-1.779996e+00,-1.051158e+00,8.117848e-01,8.906732e-01
-7.546293e-01,-4.288776e+00,-2.213569e+00,-1.863108e+00,2.571989e+00,1.317931e+00,1.881903e-01,-1.495837e+00,-7.761391e-01,1.071061e+00,9.166233e-01
-4.976604e-01,-3.999981e+00,-2.003737e+00,-1.703154e+00,2.561309e+00,1.374889e+00,1.437186e-01,-1.391403e+00,-7.705211e-01,1.019458e+00,8.864742e-01
-7.878831e-01,-4.326815e+00,-2.162860e+00,-1.808383e+00,2.659032e+00,1.260446e+00,1.108735e-01,-1.680750e+00,-9.988072e-01,8.200766e-01,7.187539e-01
-1.080055e+00,-4.129660e+00,-1.891330e+00,-1.217180e+00,3.237257e+00,1.894703e+00,3.198900e-01,-1.612137e+00,-1.077267e+00,9.030275e-01,7.574622e-01
-8.827320e-01,-4.212290e+00,-2.121468e+00,-1.704904e+00,2.693873e+00,1.469191e+00,5.905363e-02,-1.595315e+00,-9.252304e-01,9.837370e-01,8.445293e-01
-5.338684e-01,-4.200706e+00,-2.007144e+00,-1.858186e+00,2.554232e+00,1.200920e+00,1.060264e-01,-1.551720e+00,-7.705250e-01,9.111401e-01,9.449157e-01
-7.457980e-01,-4.387144e+00,-2.231896e+00,-2.029946e+00,2.438900e+00,1.069220e+00,4.038593e-02,-1.688483e+00,-7.978303e-01,9.160472e-01,9.620192e-01
-1.058965e+00,-4.501086e+00,-2.171171e+00,-1.845233e+00,2.733558e+00,1.360394e+00,6.324785e-02,-1.763265e+00,-9.642250e-01,8.420285e-01,8.356341e-01
-1.081614e+00,-4.372598e+00,-1.960088e+00,-1.450178e+00,3.139438e+00,1.652310e+00,3.474394e-01,-1.646224e+00,-9.758796e-01,8.878371e-01,8.845482e-01
-9.486707e-01,-4.398847e+00,-2.269746e+00,-1.934369e+00,2.481272e+00,1.245366e+00,-1.160074e-02,-1.620491e+00,-9.079276e-01,9.406267e-01,9.218770e-01
-7.905104e-01,-4.297310e+00,-2.249316e+00,-1.937313e+00,2.382328e+00,1.172448e+00,-9.954545e-03,-1.535160e+00,-8.733387e-01,9.529948e-01,8.488366e-01
-7.177290e-01,-4.288149e+00,-2.063337e+00,-1.834807e+00,2.649564e+00,1.274755e+00,1.215166e-01,-1.613637e+00,-7.847014e-01,9.443599e-01,9.742792e-01
-1.363596e+00,-4.541992e+00,-2.147197e+00,-1.590951e+00,2.935673e+00,1.622481e+00,1.195742e-01,-1.777904e+00,-1.143827e+00,7.330082e-01,6.528788e-01
-8.995854e-01,-4.319119e+00,-1.981905e+00,-1.671723e+00,2.931363e+00,1.601941e+00,2.423397e-01,-1.593208e+00,-7.906814e-01,1.005360e+00,9.689357e-01
-5.055367e-01,-4.128262e+00,-1.991745e+00,-1.752847e+00,2.654212e+00,1.334305e+00,2.119970e-01,-1.416811e+00,-6.901723e-01,1.081070e+00,1.072723e+00
-4.186086e-01,-3.989661e+00,-1.985144e+00,-1.689752e+00,2.613587e+00,1.272070e+00,1.263288e-01,-1.500957e+00,-8.715573e-01,9.494587e-01,8.413340e-01
-7.424695e-01,-4.052952e+00,-1.993706e+00,-1.603194e+00,2.757847e+00,1.533398e+00,2.879494e-02,-1.645824e+00,-9.409301e-01,9.208386e-01,8.396878e-01
-1.333677e+00,-4.535053e+00,-2.030342e+00,-1.563963e+00,3.023368e+00,1.701786e+00,1.207106e-01,-1.861656e+00,-1.167092e+00,6.270531e-01,6.131793e-01
-7.110647e-01,-4.109034e+00,-2.040026e+00,-1.610842e+00,2.723877e+00,1.509035e+00,2.136992e-01,-1.444388e+00,-7.849295e-01,1.072988e+00,9.793526e-01
-4.244453e-01,-3.938895e+00,-1.972930e+00,-1.700699e+00,2.619869e+00,1.346557e+00,1.784666e-01,-1.446214e+00,-7.977352e-01,9.913600e-01,8.615035e-01
-5.276092e-01,-4.052830e+00,-2.017417e+00,-1.669678e+00,2.688180e+00,1.408115e+00,2.337844e-01,-1.415764e+00,-7.616443e-01,1.112529e+00,1.042615e+00
-9.741316e-01,-4.239924e+00,-2.063755e+00,-1.572012e+00,2.819372e+00,1.599036e+00,1.446386e-01,-1.582003e+00,-9.662416e-01,1.002756e+00,9.446206e-01
-1.145319e+00,-4.430002e+00,-2.057624e+00,-1.636835e+00,2.978306e+00,1.720116e+00,3.567685e-01,-1.540114e+00,-7.806043e-01,9.952508e-01,9.310620e-01
-7.703390e-01,-4.067997e+00,-2.250157e+00,-1.773853e+00,2.413697e+00,1.316482e+00,-4.064303e-02,-1.578087e+00,-9.449943e-01,9.363989e-01,7.716843e-01
-4.873883e-01,-3.945301e+00,-2.021959e+00,-1.623544e+00,2.570139e+00,1.381227e+00,1.961019e-01,-1.364844e+00,-7.788975e-01,9.980668e-01,8.943549e-01
-7.239455e-01,-4.159317e+00,-2.010922e+00,-1.533555e+00,2.921767e+00,1.650073e+00,4.824876e-01,-1.262212e+00,-6.527562e-01,1.204433e+00,1.047011e+00
-1.997441e+00,-5.185765e+00,-2.796199e+00,-2.198207e+00,2.397746e+00,1.164711e+00,-1.811854e-01,-1.987679e+00,-1.266855e+00,8.574728e-01,9.240203e-01
-6.470756e-01,-4.150905e+00,-1.988977e+00,-1.698612e+00,2.701654e+00,1.330132e+00,7.656334e-02,-1.728937e+00,-1.035355e+00,8.565208e-01,8.503872e-01
-2.822894e-01,-3.927281e+00,-1.864924e+00,-1.683117e+00,2.641667e+00,1.337950e+00,1.999692e-01,-1.452522e+00,-7.542215e-01,1.004693e+00,9.265241e-01
-4.680172e-01,-3.932194e+00,-1.971898e+00,-1.649339e+00,2.569579e+00,1.399134e+00,1.112521e-01,-1.463096e+00,-8.220916e-01,9.975151e-01,8.947080e-01
-7.815655e-01,-4.196331e+00,-1.983245e+00,-1.593288e+00,2.875071e+00,1.569396e+00,2.604207e-01,-1.526785e+00,-8.728738e-01,1.047659e+00,9.746308e-01
-7.695391e-01,-4.001150e+00,-1.705649e+00,-1.238103e+00,3.272626e+00,1.868907e+00,4.108856e-01,-1.584324e+00,-9.711433e-01,8.559812e-01,8.406293e-01
-7.703307e-01,-4.295513e+00,-2.214793e+00,-1.922808e+00,2.596613e+00,1.213312e+00,8.921811e-02,-1.702117e+00,-9.415010e-01,8.438809e-01,7.830305e-01
-2.855691e-01,-4.025580e+00,-1.806931e+00,-1.737540e+00,2.683989e+00,1.300881e+00,2.422904e-01,-1.474643e+00,-7.284574e-01,8.812926e-01,8.938420e-01
-5.812937e-01,-4.130761e+00,-1.939820e+00,-1.691967e+00,2.721655e+00,1.452939e+00,1.953772e-01,-1.498784e+00,-7.715768e-01,1.022253e+00,9.644937e-01
-1.141831e+00,-4.134577e+00,-1.905777e+00,-1.248468e+00,3.201740e+00,2.092778e+00,4.307410e-01,-1.335956e+00,-7.433069e-01,1.187744e+00,9.692713e-01
-1.122708e+00,-4.362743e+00,-2.164868e+00,-1.590634e+00,2.814598e+00,1.618724e+00,1.946339e-01,-1.465436e+00,-9.309309e-01,1.008057e+00,8.544390e-01
-7.415215e-01,-4.215607e+00,-2.209900e+00,-1.854699e+00,2.397266e+00,1.227339e+00,-4.880197e-02,-1.499766e+00,-9.106466e-01,1.039485e+00,9.354633e-01
-5.669034e-01,-3.994054e+00,-2.127367e+00,-1.730240e+00,2.506156e+00,1.254383e+00,4.593236e-02,-1.515195e+00,-8.950510e-01,9.443998e-01,8.143180e-01
-1.086234e+00,-4.418988e+00,-2.260531e+00,-1.751543e+00,2.668910e+00,1.430415e+00,1.422075e-01,-1.601722e+00,-9.236201e-01,9.435705e-01,8.222869e-01
-1.220431e+00,-4.158082e+00,-1.866005e+00,-1.056438e+00,3.301640e+00,2.093800e+00,3.745935e-01,-1.529253e+00,-1.132721e+00,7.979155e-01,5.726916e-01
-5.720576e-01,-3.968432e+00,-1.978592e+00,-1.532145e+00,2.807489e+00,1.539399e+00,2.011936e-01,-1.473792e+00,-8.748032e-01,1.095387e+00,8.579670e-01
-4.222008e-01,-3.956873e+00,-2.065993e+00,-1.669416e+00,2.590451e+00,1.248951e+00,1.628765e-01,-1.426568e+00,-8.495059e-01,1.075585e+00,8.718317e-01
-6.355144e-01,-4.139505e+00,-2.117273e+00,-1.724651e+00,2.583189e+00,1.261673e+00,7.579001e-02,-1.564224e+00,-9.705320e-01,9.089806e-01,8.028577e-01
-1.037035e+00,-4.223128e+00,-1.957313e+00,-1.421654e+00,3.054822e+00,1.791677e+00,2.750653e-01,-1.530281e+00,-9.109083e-01,9.970891e-01,8.585772e-01
-8.637728e-01,-4.143654e+00,-1.903847e+00,-1.475317e+00,3.028509e+00,1.675174e+00,2.754748e-01,-1.608791e+00,-8.465044e-01,1.003356e+00,9.646874e-01
-8.043189e-01,-4.357485e+00,-2.202488e+00,-1.889309e+00,2.521590e+00,1.193139e+00,7.670786e-02,-1.654164e+00,-9.197264e-01,7.950510e-01,7.660618e-01
-5.682259e-01,-3.953006e+00,-2.069876e+00,-1.640837e+00,2.519133e+00,1.367674e+00,7.601903e-02,-1.388958e+00,-8.122806e-01,1.028536e+00,8.972751e-01
-7.951188e-01,-4.170023e+00,-2.065460e+00,-1.678779e+00,2.770238e+00,1.507458e+00,2.204643e-01,-1.453840e+00,-7.393830e-01,1.127789e+00,1.027389e+00
-1.521722e+00,-4.657266e+00,-2.204195e+00,-1.610074e+00,2.944179e+00,1.731613e+00,2.909952e-01,-1.449588e+00,-7.311490e-01,1.188744e+00,1.230571e+00
-4.633087e-01,-3.884818e+00,-1.797930e+00,-1.392182e+00,2.948643e+00,1.618445e+00,2.710131e-01,-1.502996e+00,-8.566599e-01,9.976421e-01,8.746279e-01
-3.923987e-01,-4.026505e+00,-2.002218e+00,-1.822287e+00,2.493824e+00,1.157725e+00,-3.845107e-02,-1.690180e+00,-9.617594e-01,8.038067e-01,7.403993e-01
-6.037697e-01,-3.995566e+00,-2.104227e+00,-1.668948e+00,2.487752e+00,1.395198e+00,7.345207e-02,-1.430160e+00,-8.638042e-01,1.005223e+00,8.625604e-01
-1.104737e+00,-4.337099e+00,-2.133318e+00,-1.627098e+00,2.837390e+00,1.682129e+00,2.606874e-01,-1.452174e+00,-8.335383e-01,1.030821e+00,9.183830e-01
-9.919828e-01,-4.287625e+00,-1.858496e+00,-1.459971e+00,3.267393e+00,1.779965e+00,3.817431e-01,-1.689988e+00,-1.019169e+00,7.732516e-01,7.084278e-01
-7.840049e-01,-4.072137e+00,-2.207452e+00,-1.630813e+00,2.564139e+00,1.461773e+00,1.157035e-01,-1.450502e+00,-9.167184e-01,1.032406e+00,8.553127e-01
-5.034252e-01,-4.003839e+00,-1.954496e+00,-1.644734e+00,2.612286e+00,1.464111e+00,2.443244e-01,-1.258688e+00,-6.829152e-01,1.079646e+00,9.384854e-01
-6.530448e-01,-4.094962e+00,-1.934298e+00,-1.666414e+00,2.767914e+00,1.582545e+00,2.621454e-01,-1.465641e+00,-6.886498e-01,9.800019e-01,9.196421e-01
-9.212923e-01,-4.212219e+00,-1.913397e+00,-1.554976e+00,2.968823e+00,1.688392e+00,1.885211e-01,-1.670036e+00,-9.425628e-01,8.797547e-01,8.808137e-01
-1.122893e+00,-4.360676e+00,-2.164886e+00,-1.638879e+00,2.754865e+00,1.607579e+00,1.773310e-01,-1.503823e+00,-9.280023e-01,9.533601e-01,8.653634e-01
-6.932596e-01,-4.107572e+00,-2.135414e+00,-1.813642e+00,2.477368e+00,1.344873e+00,3.395381e-02,-1.489124e+00,-8.492624e-01,9.603546e-01,8.775053e-01
-3.338575e-01,-3.929892e+00,-1.862406e+00,-1.676913e+00,2.676535e+00,1.406961e+00,2.086771e-01,-1.417174e+00,-6.923696e-01,9.682084e-01,9.562514e-01
-8.452816e-01,-4.136622e+00,-2.139164e+00,-1.624703e+00,2.674064e+00,1.450222e+00,1.342711e-01,-1.647396e+00,-9.567758e-01,9.065115e-01,8.405199e-01
-1.400879e+00,-4.494960e+00,-2.307996e+00,-1.771994e+00,2.628996e+00,1.435722e+00,-2.024885e-01,-1.962169e+00,-1.286128e+00,7.131821e-01,7.137795e-01
-7.587759e-01,-4.144611e+00,-2.049206e+00,-1.708232e+00,2.715845e+00,1.557560e+00,1.769163e-01,-1.469047e+00,-7.890093e-01,1.028626e+00,8.973167e-01
-4.861384e-01,-3.955712e+00,-2.014078e+00,-1.722771e+00,2.480397e+00,1.268152e+00,5.008183e-02,-1.472409e+00,-8.551915e-01,9.142336e-01,8.790212e-01
-5.229635e-01,-4.045770e+00,-1.986675e+00,-1.709875e+00,2.652739e+00,1.361522e+00,1.468112e-01,-1.530128e+00,-8.438153e-01,9.793234e-01,9.600611e-01
-1.040918e+00,-4.321920e+00,-1.978854e+00,-1.550395e+00,3.019274e+00,1.728587e+00,2.719687e-01,-1.638001e+00,-9.634826e-01,7.919017e-01,7.096496e-01
-8.269552e-01,-4.076887e+00,-1.870336e+00,-1.351338e+00,3.037316e+00,1.836719e+00,3.981866e-01,-1.387199e+00,-7.115074e-01,1.127591e+00,9.901436e-01
-9.549857e-01,-4.362483e+00,-2.237349e+00,-1.809683e+00,2.557186e+00,1.442068e+00,2.029827e-01,-1.295771e+00,-6.170087e-01,1.201328e+00,1.106008e+00
-4.399672e-01,-3.913268e+00,-1.961255e+00,-1.675676e+00,2.582507e+00,1.312556e+00,1.006194e-01,-1.500202e+00,-8.194666e-01,8.892969e-01,8.115949e-01
-8.962113e-01,-4.230285e+00,-2.146711e+00,-1.693030e+00,2.683283e+00,1.473374e+00,9.542257e-02,-1.533673e+00,-9.811444e-01,9.302866e-01,7.314646e-01
-1.297171e+00,-4.170897e+00,-2.093549e+00,-1.299644e+00,2.963491e+00,1.804777e+00,1.339960e-01,-1.569921e+00,-1.027893e+00,1.056302e+00,9.335088e-01
-7.569684e-01,-3.883955e+00,-2.040449e+00,-1.412662e+00,2.694705e+00,1.594099e+00,1.111260e-02,-1.581670e+00,-1.042528e+00,9.922135e-01,8.116743e-01
-3.625684e-01,-3.800201e+00,-1.958740e+00,-1.508375e+00,2.595341e+00,1.389382e+00,1.593949e-01,-1.411808e+00,-8.637002e-01,1.004660e+00,8.206328e-01
-3.356155e-01,-3.886685e+00,-1.801891e+00,-1.609982e+00,2.686565e+00,1.420144e+00,1.691368e-01,-1.439382e+00,-7.221489e-01,1.006165e+00,9.732653e-01
-9.855227e-01,-4.165047e+00,-2.161604e+00,-1.631693e+00,2.681045e+00,1.459226e+00,-4.542671e-02,-1.722353e+00,-1.114912e+00,8.827468e-01,7.471833e-01
-1.400097e+00,-4.329276e+00,-1.990878e+00,-1.319073e+00,3.166876e+00,2.140720e+00,4.147838e-01,-1.287268e+00,-7.469023e-01,1.069277e+00,8.963656e-01
-7.383074e-01,-4.135347e+00,-2.013955e+00,-1.591782e+00,2.806462e+00,1.626517e+00,3.544600e-01,-1.290316e+00,-6.647323e-01,1.059349e+00,9.265027e-01
-4.951374e-01,-3.974285e+00,-2.081035e+00,-1.742456e+00,2.415120e+00,1.191890e+00,-3.325067e-02,-1.608383e+00,-9.438687e-01,8.592422e-01,7.632007e-01
-7.718959e-01,-4.205921e+00,-2.109624e+00,-1.818817e+00,2.594198e+00,1.297026e+00,1.226885e-02,-1.687485e+00,-8.810431e-01,8.444530e-01,8.484273e-01
-8.977966e-01,-4.090566e+00,-1.996070e+00,-1.560988e+00,2.696702e+00,1.494014e+00,-1.594733e-01,-1.766232e+00,-1.132785e+00,9.309535e-01,8.779864e-01
-1.583756e+00,-4.784664e+00,-2.658924e+00,-2.069376e+00,2.324682e+00,1.170891e+00,-2.536031e-01,-1.837519e+00,-1.233319e+00,8.126187e-01,7.154923e-01
-5.159410e-01,-4.010816e+00,-1.984674e+00,-1.734079e+00,2.654647e+00,1.363056e+00,1.311076e-01,-1.460340e+00,-7.357997e-01,1.052768e+00,9.819324e-01
-5.163476e-01,-3.887435e+00,-2.065417e+00,-1.575240e+00,2.514078e+00,1.401194e+00,7.202579e-02,-1.423715e+00,-9.025762e-01,1.008104e+00,8.297996e-01
-6.363254e-01,-3.957070e+00,-1.912190e+00,-1.523894e+00,2.792131e+00,1.648367e+00,1.588692e-01,-1.518013e+00,-8.531245e-01,1.010532e+00,8.607134e-01
-1.204268e+00,-4.414068e+00,-2.174780e+00,-1.718139e+00,2.737850e+00,1.513838e+00,-4.176226e-02,-1.805632e+00,-1.137017e+00,8.556325e-01,8.262217e-01
-5.554367e-01,-3.944200e+00,-1.943431e+00,-1.608157e+00,2.670261e+00,1.429346e+00,4.138990e-02,-1.609653e+00,-1.001265e+00,8.438491e-01,7.966811e-01
-3.919684e-01,-3.943179e+00,-2.024913e+00,-1.633227e+00,2.646676e+00,1.311563e+00,3.107208e-01,-1.315135e+00,-7.303262e-01,1.171648e+00,1.020236e+00
-5.333475e-01,-4.016972e+00,-1.996535e+00,-1.751185e+00,2.616623e+00,1.406524e+00,5.051854e-02,-1.568724e+00,-8.837817e-01,9.259327e-01,7.688962e-01
-8.227486e-01,-3.926258e+00,-1.839617e+00,-1.225668e+00,2.913667e+00,1.832323e+00,1.728247e-01,-1.442094e+00,-9.738787e-01,1.038607e+00,8.980518e-01
-1.436608e+00,-4.616059e+00,-2.354056e+00,-1.772398e+00,2.716366e+00,1.663178e+00,2.861552e-01,-1.375090e+00,-6.654432e-01,1.257459e+00,1.144879e+00
-6.706580e-01,-4.008010e+00,-2.067019e+00,-1.659718e+00,2.542190e+00,1.478972e+00,8.396020e-02,-1.422190e+00,-8.046940e-01,1.003700e+00,9.575243e-01
-5.314701e-01,-3.955937e+00,-2.019624e+00,-1.675257e+00,2.560086e+00,1.390810e+00,1.531025e-01,-1.360444e+00,-7.423336e-01,1.049480e+00,9.921143e-01
-6.850423e-01,-4.002433e+00,-1.953863e+00,-1.553227e+00,2.757182e+00,1.626042e+00,1.764348e-01,-1.400211e+00,-8.029489e-01,1.043063e+00,9.727550e-01
-7.638004e-01,-3.942279e+00,-1.759189e+00,-1.319808e+00,3.065599e+00,1.791024e+00,1.305559e-01,-1.750315e+00,-1.085524e+00,8.080275e-01,7.853274e-01
-1.196046e+00,-4.360800e+00,-2.436597e+00,-1.747562e+00,2.637045e+00,1.607961e+00,3.329920e-01,-1.270785e+00,-5.968344e-01,1.429277e+00,1.202403e+00
-4.676381e-01,-3.945002e+00,-1.955433e+00,-1.653239e+00,2.557901e+00,1.409773e+00,1.046992e-01,-1.394650e+00,-8.223364e-01,9.452627e-01,8.465428e-01
-6.984602e-01,-3.999816e+00,-2.163328e+00,-1.669504e+00,2.496779e+00,1.458018e+00,6.413261e-02,-1.424236e+00,-9.222780e-01,9.817328e-01,7.252053e-01
-9.961066e-01,-4.183774e+00,-1.991484e+00,-1.530807e+00,2.918054e+00,1.815094e+00,3.110892e-01,-1.364106e+00,-7.081893e-01,1.039592e+00,1.019457e+00
-9.393446e-01,-4.111998e+00,-1.840946e+00,-1.317739e+00,3.112308e+00,1.914421e+00,3.767476e-01,-1.437754e+00,-8.598002e-01,9.832071e-01,9.117807e-01
-9.259161e-01,-4.263289e+00,-2.221240e+00,-1.817728e+00,2.525112e+00,1.420875e+00,7.267027e-02,-1.526518e+00,-7.943920e-01,9.612091e-01,9.025196e-01
-4.996713e-01,-3.982071e+00,-1.993213e+00,-1.688031e+00,2.522520e+00,1.293163e+00,6.287094e-02,-1.514424e+00,-8.486676e-01,9.267795e-01,8.351103e-01
-7.889402e-01,-4.052670e+00,-2.017273e+00,-1.438572e+00,2.821401e+00,1.639157e+00,2.372225e-01,-1.474554e+00,-1.015798e+00,7.373792e-01,5.430513e-01
-1.172548e+00,-4.116962e+00,-2.062180e+00,-1.368255e+00,2.917283e+00,1.662327e+00,2.357313e-02,-1.762836e+00,-1.177053e+00,8.498828e-01,8.020001e-01
-7.141881e-01,-3.919921e+00,-1.949527e+00,-1.357447e+00,2.949113e+00,1.666823e+00,2.500069e-01,-1.498146e+00,-9.269623e-01,1.094873e+00,8.804874e-01
-9.429168e-01,-4.318076e+00,-2.422983e+00,-2.046100e+00,2.203979e+00,9.856005e-01,-2.105075e-01,-1.774887e+00,-1.008431e+00,8.452956e-01,8.514668e-01
-6.535046e-01,-4.007243e+00,-2.099557e+00,-1.604900e+00,2.561403e+00,1.373574e+00,1.163632e-01,-1.501895e+00,-9.398683e-01,8.523133e-01,6.837489e-01
-7.648255e-01,-3.967088e+00,-1.956202e+00,-1.498155e+00,2.776161e+00,1.583419e+00,1.723478e-02,-1.688691e+00,-1.060819e+00,8.134469e-01,6.136765e-01
-5.890827e-01,-3.807427e+00,-1.660828e+00,-1.099447e+00,3.200912e+00,1.677456e+00,1.205473e-01,-1.833079e+00,-1.345324e+00,7.669863e-01,6.371616e-01
-6.738728e-01,-4.177303e+00,-1.866249e+00,-1.710780e+00,2.751312e+00,1.501452e+00,1.393745e-01,-1.541793e+00,-7.453948e-01,8.993453e-01,9.961306e-01
-3.020307e-01,-3.684583e+00,-1.878359e+00,-1.519351e+00,2.574468e+00,1.422238e+00,8.210458e-03,-1.476286e+00,-9.364570e-01,9.034127e-01,7.039470e-01
-6.915256e-01,-4.173861e+00,-2.082229e+00,-1.805136e+00,2.502850e+00,1.300780e+00,-4.625833e-02,-1.643702e+00,-9.614092e-01,8.323947e-01,7.788771e-01
-1.036124e+00,-4.246228e+00,-1.982059e+00,-1.471048e+00,2.875492e+00,1.621694e+00,1.050845e-01,-1.682860e+00,-1.007973e+00,9.065090e-01,9.206816e-01
-8.396374e-01,-3.928789e+00,-1.866999e+00,-1.264149e+00,3.039831e+00,1.891929e+00,2.974354e-01,-1.360365e+00,-7.916733e-01,1.186060e+00,1.018168e+00
-2.788355e-01,-3.781373e+00,-1.763189e+00,-1.540471e+00,2.750437e+00,1.440143e+00,9.673668e-02,-1.576659e+00,-9.278595e-01,7.663919e-01,6.918234e-01
-8.503924e-01,-4.261466e+00,-2.248461e+00,-1.853800e+00,2.396440e+00,1.210351e+00,4.143515e-02,-1.447855e+00,-8.290810e-01,9.912669e-01,9.953122e-01
-8.018480e-01,-4.074706e+00,-2.097661e+00,-1.673350e+00,2.608514e+00,1.502743e+00,-3.280977e-03,-1.529850e+00,-8.887698e-01,1.040703e+00,9.180991e-01
-8.437864e-01,-3.938397e+00,-1.962924e+00,-1.428238e+00,2.807345e+00,1.584797e+00,-1.092982e-01,-1.931339e+00,-1.284728e+00,7.161625e-01,6.407458e-01
-1.195429e+00,-4.468382e+00,-2.549549e+00,-2.042393e+00,2.145992e+00,1.040945e+00,-3.693542e-01,-1.931958e+00,-1.245982e+00,8.097132e-01,8.067050e-01
-3.856274e-01,-3.897201e+00,-1.859480e+00,-1.666781e+00,2.607895e+00,1.425706e+00,1.163948e-01,-1.423934e+00,-7.435215e-01,9.449764e-01,9.437259e-01
-3.295384e-01,-3.704357e+00,-1.834619e+00,-1.506968e+00,2.669354e+00,1.522952e+00,1.070004e-01,-1.428022e+00,-8.638600e-01,9.642559e-01,8.462650e-01
-7.252306e-01,-4.027672e+00,-1.885581e+00,-1.403371e+00,2.997048e+00,1.668022e+00,3.372006e-01,-1.454382e+00,-8.386629e-01,1.077848e+00,1.061164e+00
-1.013609e+00,-4.171460e+00,-1.938054e+00,-1.417239e+00,3.047222e+00,1.902291e+00,4.009249e-01,-1.367860e+00,-7.130836e-01,1.183825e+00,1.042083e+00
-3.693712e-01,-3.750531e+00,-1.844735e+00,-1.472575e+00,2.785120e+00,1.558054e+00,2.076835e-01,-1.499169e+00,-8.124767e-01,9.611158e-01,8.873118e-01
-6.570763e-01,-3.970832e+00,-2.112263e+00,-1.570366e+00,2.535602e+00,1.474947e+00,2.562776e-01,-1.177428e+00,-6.600442e-01,1.210952e+00,1.074484e+00
-7.714855e-01,-3.978115e+00,-2.053004e+00,-1.474514e+00,2.739493e+00,1.629372e+00,2.613358e-01,-1.334314e+00,-8.113102e-01,1.026178e+00,8.946809e-01
-6.177274e-01,-4.004022e+00,-1.642805e+00,-1.395163e+00,3.223310e+00,1.785924e+00,3.512546e-01,-1.591369e+00,-8.098141e-01,9.751193e-01,9.648276e-01
-8.216679e-01,-3.903347e+00,-2.008101e+00,-1.396918e+00,2.749855e+00,1.763518e+00,1.140418e-01,-1.409034e+00,-9.225885e-01,1.108051e+00,8.862240e-01
-7.955864e-01,-4.184216e+00,-2.337535e+00,-1.920218e+00,2.251561e+00,1.133975e+00,-9.739965e-02,-1.604372e+00,-9.063191e-01,9.783702e-01,9.716253e-01
-7.588130e-01,-3.939552e+00,-2.279223e+00,-1.724354e+00,2.271977e+00,1.308624e+00,-1.252812e-01,-1.531312e+00,-9.522222e-01,9.610090e-01,8.295904e-01
-8.684136e-01,-4.107758e+00,-2.054927e+00,-1.572376e+00,2.745980e+00,1.588249e+00,1.235876e-01,-1.540674e+00,-9.221390e-01,1.008871e+00,9.083094e-01
-7.214118e-01,-3.891147e+00,-1.818365e+00,-1.374842e+00,2.869291e+00,1.623648e+00,-1.061179e-02,-1.767368e+00,-1.140515e+00,8.489751e-01,8.703976e-01
-5.118940e-01,-3.741800e+00,-1.919999e+00,-1.460827e+00,2.721518e+00,1.645303e+00,9.876049e-02,-1.407031e+00,-8.726360e-01,1.121806e+00,9.071006e-01
-4.432135e-01,-3.729326e+00,-1.933682e+00,-1.506505e+00,2.569226e+00,1.520723e+00,1.208580e-01,-1.340035e+00,-7.902803e-01,9.823816e-01,8.015748e-01
-4.716133e-01,-3.739935e+00,-1.943694e+00,-1.498792e+00,2.486356e+00,1.451406e+00,-1.079727e-01,-1.528456e+00,-9.673972e-01,9.295616e-01,8.194286e-01
-1.352876e+00,-4.340815e+00,-2.287511e+00,-1.559311e+00,2.722028e+00,1.681392e+00,8.170717e-02,-1.518342e+00,-9.037709e-01,1.113420e+00,1.008388e+00
-9.511622e-01,-3.972848e+00,-2.096419e+00,-1.481853e+00,2.662812e+00,1.501630e+00,-1.055258e-01,-1.772170e+00,-1.156387e+00,9.414607e-01,8.835461e-01
-8.101379e-01,-4.213849e+00,-2.061737e+00,-1.687664e+00,2.737942e+00,1.549950e+00,3.441128e-01,-1.251880e+00,-5.529470e-01,1.159804e+00,1.142459e+00
-5.186192e-01,-3.750397e+00,-1.975283e+00,-1.465935e+00,2.563721e+00,1.485533e+00,4.454484e-02,-1.395625e+00,-9.369128e-01,8.714352e-01,7.344021e-01
-9.413530e-01,-4.058649e+00,-2.193262e+00,-1.554987e+00,2.590320e+00,1.592583e+00,1.568430e-02,-1.460021e+00,-9.609120e-01,1.048381e+00,8.047004e-01
-7.500653e-01,-3.957481e+00,-1.709700e+00,-1.286794e+00,2.993610e+00,1.670490e+00,2.494833e-02,-1.817409e+00,-1.137552e+00,8.095207e-01,8.304748e-01
-1.036404e+00,-4.305401e+00,-2.325183e+00,-1.770975e+00,2.509287e+00,1.267895e+00,-4.654892e-02,-1.756529e+00,-1.082673e+00,8.603156e-01,8.086432e-01
-7.339425e-01,-4.204212e+00,-2.115917e+00,-1.881084e+00,2.444132e+00,1.293935e+00,8.989591e-04,-1.536067e+00,-8.110922e-01,8.372849e-01,8.673737e-01
-4.896960e-01,-3.737001e+00,-2.009171e+00,-1.521314e+00,2.549468e+00,1.426388e+00,2.000180e-02,-1.432503e+00,-8.869406e-01,1.005373e+00,9.037623e-01
-6.759379e-01,-3.975578e+00,-1.930547e+00,-1.501013e+00,2.821210e+00,1.468063e+00,2.458312e-02,-1.717030e+00,-1.085535e+00,9.181257e-01,8.376628e-01
-6.322555e-01,-3.772680e+00,-1.665045e+00,-1.144019e+00,3.040355e+00,1.771874e+00,4.412704e-02,-1.787002e+00,-1.260076e+00,6.715871e-01,6.079301e-01
-6.988759e-01,-3.914438e+00,-2.065750e+00,-1.523764e+00,2.592922e+00,1.545975e+00,4.294479e-02,-1.464762e+00,-8.681811e-01,9.930231e-01,8.729353e-01
-6.238660e-01,-4.006095e+00,-2.080302e+00,-1.672796e+00,2.460359e+00,1.359052e+00,4.724577e-02,-1.361393e+00,-8.107374e-01,1.031663e+00,9.050193e-01
-4.657908e-01,-3.713047e+00,-1.833352e+00,-1.338091e+00,2.892168e+00,1.743081e+00,2.961558e-01,-1.301168e+00,-7.188011e-01,1.157875e+00,9.719130e-01
-8.744230e-01,-3.662658e+00,-1.714417e+00,-9.643551e-01,3.120474e+00,2.097775e+00,1.227674e-01,-1.474877e+00,-1.096367e+00,9.115739e-01,7.394479e-01
-1.000469e+00,-4.171905e+00,-2.126997e+00,-1.567975e+00,2.786854e+00,1.628590e+00,2.192632e-01,-1.478694e+00,-8.241766e-01,1.054038e+00,9.997190e-01
-5.088064e-01,-3.809928e+00,-2.007579e+00,-1.523940e+00,2.617082e+00,1.611324e+00,2.103572e-01,-1.253403e+00,-6.773906e-01,1.183346e+00,9.334555e-01
-6.193709e-01,-3.841713e+00,-2.141423e+00,-1.596741e+00,2.428341e+00,1.461696e+00,5.256304e-02,-1.323566e+00,-7.629055e-01,1.129102e+00,1.009746e+00
-8.221399e-01,-4.103062e+00,-2.023288e+00,-1.520199e+00,2.746598e+00,1.583101e+00,1.485773e-01,-1.528341e+00,-9.547468e-01,9.403603e-01,8.659886e-01
-1.141299e+00,-4.037237e+00,-2.078397e+00,-1.345420e+00,2.893323e+00,1.788803e+00,8.280911e-02,-1.615703e+00,-1.122111e+00,9.889799e-01,8.024291e-01
-1.046238e+00,-4.269409e+00,-2.269817e+00,-1.726068e+00,2.626398e+00,1.620497e+00,1.973457e-01,-1.305213e+00,-7.421062e-01,1.123149e+00,8.885369e-01
-6.447804e-01,-3.954366e+00,-2.131829e+00,-1.747049e+00,2.374681e+00,1.308949e+00,-2.146243e-02,-1.495232e+00,-9.092485e-01,8.314466e-01,7.124099e-01
-3.731268e-01,-3.644475e+00,-1.883009e+00,-1.337226e+00,2.707899e+00,1.657398e+00,1.426448e-01,-1.341163e+00,-9.120795e-01,1.027560e+00,7.553488e-01
-1.277970e+00,-4.237478e+00,-2.208481e+00,-1.438661e+00,2.882204e+00,1.883275e+00,3.712848e-01,-1.261868e+00,-7.011358e-01,1.304546e+00,1.141419e+00
-9.790799e-01,-4.133331e+00,-2.060209e+00,-1.444384e+00,2.868654e+00,1.588719e+00,1.280493e-01,-1.658163e+00,-1.128866e+00,9.676440e-01,8.611647e-01
-3.720301e-01,-3.679524e+00,-1.901762e+00,-1.514973e+00,2.530392e+00,1.461577e+00,-6.272463e-02,-1.502370e+00,-9.501562e-01,9.525017e-01,8.887270e-01
-5.185745e-01,-3.895522e+00,-2.047734e+00,-1.769499e+00,2.393890e+00,1.299545e+00,-8.916368e-02,-1.527090e+00,-8.898891e-01,9.566050e-01,8.394150e-01
-7.797801e-01,-4.038450e+00,-2.086067e+00,-1.544170e+00,2.658673e+00,1.598074e+00,1.274654e-01,-1.434799e+00,-9.078565e-01,9.989314e-01,8.321758e-01
-8.262712e-01,-3.867442e+00,-1.783959e+00,-1.081344e+00,3.188647e+00,1.964845e+00,4.121152e-01,-1.501140e+00,-9.725910e-01,9.840506e-01,8.489540e-01
-4.865577e-01,-3.668622e+00,-1.845444e+00,-1.362483e+00,2.720201e+00,1.600676e+00,2.958176e-03,-1.580474e+00,-1.027982e+00,9.285592e-01,8.124765e-01
-2.177532e-01,-3.602712e+00,-1.786894e+00,-1.516272e+00,2.565478e+00,1.421995e+00,4.875565e-02,-1.387935e+00,-8.516993e-01,1.011776e+00,9.103326e-01
-4.956889e-01,-3.828905e+00,-2.047599e+00,-1.614327e+00,2.509200e+00,1.327536e+00,-7.508026e-03,-1.500368e+00,-9.339423e-01,9.908128e-01,8.798811e-01
-1.050174e+00,-4.202474e+00,-2.334652e+00,-1.747421e+00,2.470784e+00,1.338914e+00,-1.215618e-01,-1.671990e+00,-9.705432e-01,1.216930e+00,1.099272e+00
-8.674094e-01,-3.916254e+00,-1.924804e+00,-1.369506e+00,2.774223e+00,1.649760e+00,-4.412330e-02,-1.694906e+00,-1.017386e+00,8.911466e-01,8.734042e-01
-4.910914e-01,-4.028040e+00,-1.886096e+00,-1.659169e+00,2.713546e+00,1.330045e+00,1.284253e-01,-1.632249e+00,-8.577576e-01,8.723168e-01,9.198213e-01
-3.975756e-01,-3.695856e+00,-1.989952e+00,-1.526473e+00,2.527068e+00,1.394350e+00,5.951035e-02,-1.394247e+00,-8.784672e-01,1.005663e+00,7.808293e-01
-6.509097e-01,-3.907292e+00,-2.177914e+00,-1.590794e+00,2.545324e+00,1.317142e+00,-1.795855e-02,-1.581437e+00,-1.066033e+00,9.850869e-01,7.676218e-01
-1.244865e+00,-4.138620e+00,-2.088159e+00,-1.375114e+00,2.825961e+00,1.822003e+00,3.998998e-02,-1.501698e+00,-9.644249e-01,1.058634e+00,9.734445e-01
-7.824950e-01,-3.864223e+00,-1.827994e+00,-1.296493e+00,2.834628e+00,1.732467e+00,-1.182802e-02,-1.660057e+00,-1.119541e+00,7.703933e-01,6.872505e-01
-7.956064e-01,-4.176924e+00,-2.155478e+00,-1.777921e+00,2.452089e+00,1.389404e+00,3.674827e-02,-1.422111e+00,-6.853376e-01,1.073304e+00,1.101866e+00
-3.958870e-01,-3.819612e+00,-1.958488e+00,-1.598494e+00,2.423196e+00,1.250295e+00,-1.290756e-01,-1.564699e+00,-1.078743e+00,8.438120e-01,6.955270e-01
-6.072610e-01,-3.762572e+00,-1.724769e+00,-1.101052e+00,3.148420e+00,1.987704e+00,4.358103e-01,-1.231301e+00,-8.105418e-01,1.014270e+00,8.086049e-01
-9.679301e-01,-4.065348e+00,-1.890510e+00,-1.449140e+00,2.910588e+00,1.634306e+00,-1.140555e-02,-1.786591e+00,-1.051747e+00,9.487831e-01,9.838880e-01
-5.910571e-01,-3.918946e+00,-2.016951e+00,-1.604973e+00,2.478042e+00,1.411004e+00,-1.543699e-01,-1.557875e+00,-1.035619e+00,1.001813e+00,8.632523e-01
-3.747217e-01,-3.809261e+00,-1.927625e+00,-1.568679e+00,2.575507e+00,1.312385e+00,1.332596e-01,-1.472502e+00,-7.996115e-01,9.203546e-01,8.960190e-01
-5.772020e-01,-3.800794e+00,-2.004644e+00,-1.502258e+00,2.626233e+00,1.619050e+00,1.293035e-01,-1.326786e+00,-7.230487e-01,1.172158e+00,9.144644e-01
-1.111135e+00,-4.072248e+00,-2.056698e+00,-1.394519e+00,2.808798e+00,1.790339e+00,9.608961e-02,-1.499561e+00,-9.462684e-01,9.602927e-01,8.451792e-01
-4.271423e-01,-3.658205e+00,-1.675297e+00,-1.320824e+00,2.901067e+00,1.666110e+00,2.582922e-02,-1.648965e+00,-9.959594e-01,9.086301e-01,8.685478e-01
-5.020643e-01,-3.891961e+00,-1.975081e+00,-1.732807e+00,2.505726e+00,1.323464e+00,-1.648334e-01,-1.686584e+00,-1.006882e+00,8.074039e-01,8.185551e-01
-7.176719e-01,-3.895290e+00,-2.151566e+00,-1.717595e+00,2.305994e+00,1.397108e+00,-7.794683e-02,-1.407371e+00,-7.915737e-01,9.324366e-01,8.941047e-01
-9.859137e-01,-4.160837e+00,-2.187670e+00,-1.628744e+00,2.569123e+00,1.616700e+00,9.953248e-02,-1.400175e+00,-8.526217e-01,1.049814e+00,8.980948e-01
-9.555897e-01,-3.885053e+00,-2.022923e+00,-1.415423e+00,2.759206e+00,1.657754e+00,-1.341645e-01,-1.817450e+00,-1.194749e+00,9.245226e-01,7.667281e-01
-7.122321e-01,-4.143540e+00,-1.991199e+00,-1.761575e+00,2.691606e+00,1.447097e+00,1.691582e-01,-1.535365e+00,-7.346195e-01,1.050284e+00,1.057685e+00
-3.869150e-01,-3.851178e+00,-1.916252e+00,-1.600502e+00,2.593771e+00,1.360385e+00,1.195690e-01,-1.421418e+00,-8.682541e-01,9.055093e-01,8.607667e-01
-4.061774e-01,-3.685645e+00,-1.894226e+00,-1.460920e+00,2.650700e+00,1.550695e+00,8.239494e-02,-1.383899e+00,-8.771901e-01,9.517328e-01,7.983090e-01
-7.857217e-01,-3.920335e+00,-2.006075e+00,-1.433641e+00,2.680014e+00,1.705695e+00,9.498886e-02,-1.393415e+00,-8.914494e-01,1.118287e+00,9.336370e-01
-6.947358e-01,-3.810547e+00,-1.820436e+00,-1.267999e+00,2.911319e+00,1.658911e+00,1.107620e-01,-1.754666e+00,-1.117099e+00,7.741850e-01,7.579948e-01
-5.636692e-01,-3.811889e+00,-1.867130e+00,-1.509840e+00,2.677674e+00,1.657839e+00,9.593466e-02,-1.433774e+00,-8.040899e-01,9.090480e-01,8.788265e-01
-5.094042e-01,-3.810552e+00,-2.032408e+00,-1.658302e+00,2.330315e+00,1.278999e+00,-1.878935e-01,-1.582551e+00,-1.095577e+00,7.074137e-01,5.800826e-01
-8.138282e-01,-3.961963e+00,-2.225057e+00,-1.663106e+00,2.389597e+00,1.425026e+00,-5.777624e-02,-1.434054e+00,-8.411985e-01,1.131651e+00,1.091100e+00
-1.200408e+00,-4.142829e+00,-2.011660e+00,-1.310220e+00,2.926091e+00,1.876816e+00,1.377512e-01,-1.564544e+00,-1.122551e+00,7.922157e-01,7.011829e-01
-1.040373e+00,-4.007923e+00,-2.172771e+00,-1.442401e+00,2.653750e+00,1.754299e+00,2.040301e-02,-1.528230e+00,-1.048103e+00,9.538865e-01,7.105815e-01
-1.001763e+00,-4.088914e+00,-2.275067e+00,-1.599752e+00,2.481829e+00,1.597527e+00,1.328656e-01,-1.259490e+00,-7.556795e-01,1.079836e+00,9.277464e-01
-7.010771e-01,-3.902130e+00,-2.312224e+00,-1.718285e+00,2.150794e+00,1.187515e+00,-3.575709e-01,-1.654907e+00,-1.247328e+00,7.776885e-01,6.033781e-01
-1.057652e+00,-4.138624e+00,-2.067761e+00,-1.529203e+00,2.824168e+00,1.766888e+00,1.815183e-01,-1.544384e+00,-9.561261e-01,7.310425e-01,6.129351e-01
-1.384645e+00,-4.382506e+00,-2.245640e+00,-1.648677e+00,2.776171e+00,1.658605e+00,5.142138e-02,-1.584523e+00,-8.899202e-01,1.056285e+00,9.861072e-01
-8.014507e-01,-4.055210e+00,-2.175708e+00,-1.717991e+00,2.485793e+00,1.380644e+00,-8.106139e-02,-1.598323e+00,-9.189778e-01,1.003576e+00,9.116005e-01
-5.229355e-01,-3.754691e+00,-2.086605e+00,-1.574459e+00,2.447602e+00,1.397638e+00,-1.570168e-02,-1.438131e+00,-8.846953e-01,1.034952e+00,7.868305e-01
-3.522018e-01,-3.802754e+00,-1.807137e+00,-1.494835e+00,2.719684e+00,1.468413e+00,1.379527e-01,-1.522324e+00,-8.680497e-01,8.625526e-01,8.038434e-01
-1.114689e+00,-4.078685e+00,-2.091676e+00,-1.525449e+00,2.652459e+00,1.692541e+00,-1.436626e-01,-1.617487e+00,-1.039221e+00,9.717901e-01,7.899215e-01
-7.420478e-01,-3.744572e+00,-1.918473e+00,-1.400845e+00,2.775587e+00,1.696992e+00,-4.072479e-02,-1.569658e+00,-8.799187e-01,1.110333e+00,1.045866e+00
-8.679572e-01,-4.088984e+00,-2.164533e+00,-1.650997e+00,2.605908e+00,1.586993e+00,2.053041e-01,-1.257236e+00,-6.384942e-01,1.184321e+00,1.040106e+00
-5.918760e-01,-3.782827e+00,-1.927367e+00,-1.424144e+00,2.568697e+00,1.624491e+00,8.393876e-02,-1.293958e+00,-8.307660e-01,9.393263e-01,7.555049e-01
-7.509750e-01,-3.923860e+00,-2.077114e+00,-1.489806e+00,2.578913e+00,1.544782e+00,1.577422e-02,-1.465754e+00,-8.843116e-01,1.093605e+00,9.321150e-01
-1.087685e+00,-4.113267e+00,-2.058297e+00,-1.463653e+00,2.730047e+00,1.568675e+00,-1.176333e-02,-1.657022e+00,-1.061873e+00,9.720412e-01,9.006572e-01
-6.564258e-01,-3.897417e+00,-1.977212e+00,-1.544308e+00,2.651094e+00,1.542641e+00,1.964119e-02,-1.470250e+00,-8.818457e-01,1.073646e+00,9.387409e-01
-7.794651e-01,-4.005929e+00,-2.160128e+00,-1.737292e+00,2.369077e+00,1.408218e+00,-1.181529e-01,-1.397161e+00,-8.537459e-01,1.033692e+00,9.216939e-01
-3.688009e-01,-3.719589e+00,-1.893197e+00,-1.478939e+00,2.628697e+00,1.471175e+00,3.716233e-02,-1.447444e+00,-9.292568e-01,9.738608e-01,8.032584e-01
-8.979237e-01,-3.864894e+00,-2.047809e+00,-1.402754e+00,2.590832e+00,1.575387e+00,-2.219946e-01,-1.745459e+00,-1.238131e+00,8.464078e-01,7.012309e-01
-5.083193e-01,-3.583636e+00,-1.819144e+00,-1.258144e+00,2.771627e+00,1.676233e+00,8.130368e-03,-1.531449e+00,-9.258977e-01,1.140217e+00,9.930462e-01
-8.827084e-01,-4.061104e+00,-2.187434e+00,-1.645659e+00,2.447882e+00,1.394650e+00,-1.242341e-01,-1.611836e+00,-1.083387e+00,8.958861e-01,8.298923e-01
-5.524095e-01,-3.739751e+00,-1.929530e+00,-1.508733e+00,2.506318e+00,1.560555e+00,3.650158e-02,-1.288642e+00,-8.074822e-01,9.813303e-01,8.783880e-01
-3.988242e-01,-3.615938e+00,-1.842420e+00,-1.387171e+00,2.667428e+00,1.576641e+00,3.611838e-02,-1.532283e+00,-1.006136e+00,9.226403e-01,7.777568e-01
-1.273478e+00,-4.229146e+00,-2.145990e+00,-1.528984e+00,2.775807e+00,1.731957e+00,7.038522e-04,-1.673928e+00,-1.041055e+00,9.263397e-01,8.825817e-01
-1.123358e+00,-4.208933e+00,-2.359644e+00,-1.621342e+00,2.484205e+00,1.486111e+00,-6.086135e-02,-1.589407e+00,-1.094362e+00,1.108045e+00,8.597262e-01
-5.019717e-01,-3.763546e+00,-2.044903e+00,-1.562542e+00,2.443490e+00,1.329412e+00,-9.952036e-02,-1.597419e+00,-1.075095e+00,7.797334e-01,6.582537e-01
-6.662207e-01,-3.855129e+00,-2.145452e+00,-1.544794e+00,2.567650e+00,1.527117e+00,2.088142e-01,-1.242011e+00,-7.330072e-01,1.141103e+00,9.502649e-01
-3.904818e-01,-3.752598e+00,-1.697460e+00,-1.469317e+00,2.824690e+00,1.612878e+00,1.105953e-01,-1.523060e+00,-8.043106e-01,9.353745e-01,1.037036e+00
-4.616852e-01,-3.426114e+00,-1.765310e+00,-1.228550e+00,2.765696e+00,1.762894e+00,-1.887192e-02,-1.519229e+00,-9.562592e-01,1.113108e+00,9.411648e-01
-5.943721e-01,-3.698099e+00,-1.942525e+00,-1.345145e+00,2.735393e+00,1.711758e+00,7.012355e-02,-1.533808e+00,-1.004836e+00,8.775709e-01,6.866313e-01
-5.810242e-01,-3.811351e+00,-2.054283e+00,-1.614352e+00,2.353219e+00,1.411512e+00,-4.212973e-02,-1.400259e+00,-8.546704e-01,9.071764e-01,8.230338e-01
-1.266782e-01,-3.506303e+00,-1.712215e+00,-1.408334e+00,2.649995e+00,1.436433e+00,1.539399e-02,-1.570802e+00,-9.637901e-01,8.898330e-01,8.397195e-01
-5.041712e-01,-3.881751e+00,-1.686214e+00,-1.424868e+00,2.864737e+00,1.542930e+00,1.060312e-01,-1.654397e+00,-9.164541e-01,9.547964e-01,1.095568e+00
-6.327445e-01,-3.736191e+00,-1.935766e+00,-1.422156e+00,2.708458e+00,1.553714e+00,5.255292e-03,-1.630600e+00,-1.001000e+00,1.030822e+00,9.594680e-01
-5.031986e-01,-3.781619e+00,-1.963742e+00,-1.533523e+00,2.522730e+00,1.459176e+00,1.848298e-03,-1.465797e+00,-8.903043e-01,9.728171e-01,9.035858e-01
-5.651063e-01,-3.723081e+00,-2.092943e+00,-1.515155e+00,2.437771e+00,1.441886e+00,-2.173651e-03,-1.489205e+00,-9.408088e-01,8.972643e-01,7.413921e-01
-1.052897e+00,-4.182312e+00,-2.208430e+00,-1.705267e+00,2.569195e+00,1.616960e+00,3.160530e-02,-1.486019e+00,-8.395792e-01,9.726964e-01,8.565510e-01
-5.101773e-01,-3.787545e+00,-1.690228e+00,-1.308204e+00,2.908692e+00,1.577687e+00,6.698995e-02,-1.698971e+00,-1.034331e+00,8.985453e-01,9.774141e-01
-7.739949e-01,-3.770685e+00,-1.970875e+00,-1.391571e+00,2.672778e+00,1.711137e+00,-3.152654e-02,-1.519920e+00,-9.837812e-01,8.742705e-01,7.473758e-01
-4.090181e-01,-3.651793e+00,-2.002710e+00,-1.387104e+00,2.589783e+00,1.518702e+00,1.865636e-01,-1.221109e+00,-7.750121e-01,1.252639e+00,9.838653e-01
-5.149556e-01,-3.809768e+00,-1.978941e+00,-1.456802e+00,2.548491e+00,1.491842e+00,1.158733e-01,-1.341633e+00,-8.321790e-01,9.823552e-01,8.864529e-01
-8.341529e-01,-3.796829e+00,-1.925007e+00,-1.278598e+00,2.659915e+00,1.631593e+00,-1.737424e-01,-1.702978e+00,-1.187403e+00,7.854421e-01,7.547221e-01
-4.927589e-01,-3.469038e+00,-1.724705e+00,-1.172038e+00,2.724115e+00,1.703460e+00,-2.282671e-01,-1.646635e+00,-1.165070e+00,9.733509e-01,8.262216e-01
-6.762905e-01,-3.882434e+00,-2.066067e+00,-1.565106e+00,2.529047e+00,1.457876e+00,-5.748829e-02,-1.510996e+00,-9.539339e-01,9.716544e-01,9.225784e-01
-7.435571e-01,-3.897234e+00,-2.173879e+00,-1.698188e+00,2.307544e+00,1.336549e+00,-2.219752e-01,-1.586687e+00,-1.098119e+00,6.703198e-01,5.033472e-01
-8.756125e-01,-3.949778e+00,-2.273849e+00,-1.595212e+00,2.417475e+00,1.470896e+00,-1.107462e-01,-1.436106e+00,-9.348149e-01,1.087279e+00,8.966655e-01
-7.199019e-01,-3.775336e+00,-1.883123e+00,-1.247758e+00,2.873994e+00,1.599501e+00,-3.021322e-02,-1.834566e+00,-1.193559e+00,9.149831e-01,8.619756e-01
-6.908975e-01,-3.923392e+00,-1.961648e+00,-1.462101e+00,2.631033e+00,1.509268e+00,-4.986944e-02,-1.646334e+00,-1.077479e+00,8.364144e-01,8.014862e-01
-5.879383e-01,-3.753935e+00,-2.032243e+00,-1.512086e+00,2.513587e+00,1.560617e+00,-2.599388e-02,-1.380468e+00,-8.610189e-01,1.029669e+00,8.657132e-01
-6.209183e-01,-3.851790e+00,-2.128319e+00,-1.497992e+00,2.531924e+00,1.390471e+00,7.895117e-02,-1.397577e+00,-9.935294e-01,9.830949e-01,7.427318e-01
-7.925063e-01,-3.791409e+00,-2.018671e+00,-1.409069e+00,2.619299e+00,1.601129e+00,-1.264264e-01,-1.600562e+00,-1.087827e+00,9.422328e-01,8.312766e-01
-6.993177e-01,-3.737844e+00,-1.871775e+00,-1.393171e+00,2.692269e+00,1.575743e+00,-1.678655e-01,-1.742688e+00,-1.066934e+00,1.031860e+00,9.531325e-01
-6.563099e-01,-3.733447e+00,-2.037700e+00,-1.422349e+00,2.535485e+00,1.421757e+00,-1.352460e-01,-1.687529e+00,-1.117945e+00,8.476736e-01,8.177217e-01
-4.709162e-01,-3.744383e+00,-1.803233e+00,-1.439940e+00,2.666548e+00,1.603998e+00,2.101917e-01,-1.289477e+00,-6.890786e-01,9.402216e-01,8.855695e-01
-3.943585e-01,-3.890566e+00,-1.894746e+00,-1.662691e+00,2.673447e+00,1.384315e+00,1.147144e-02,-1.650881e+00,-9.281131e-01,8.192706e-01,7.932614e-01
-8.419837e-01,-3.782066e+00,-1.904460e+00,-1.296178e+00,2.808769e+00,1.716372e+00,4.817555e-02,-1.587380e+00,-1.000306e+00,9.338232e-01,9.256798e-01
-9.431870e-01,-3.956320e+00,-1.985797e+00,-1.428047e+00,2.691869e+00,1.714358e+00,-6.008339e-02,-1.563761e+00,-1.025204e+00,9.487732e-01,8.484678e-01
-5.697352e-01,-4.015311e+00,-1.806683e+00,-1.583382e+00,2.733990e+00,1.630328e+00,2.736952e-01,-1.366032e+00,-6.614352e-01,8.814313e-01,9.023979e-01
-3.834475e-01,-3.705633e+00,-1.871791e+00,-1.450906e+00,2.585150e+00,1.552903e+00,1.664003e-01,-1.328970e+00,-7.530002e-01,1.004000e+00,9.075737e-01
-3.248676e-01,-3.552571e+00,-1.648092e+00,-1.320464e+00,2.837200e+00,1.685399e+00,1.803896e-01,-1.441253e+00,-7.252665e-01,1.069447e+00,1.081964e+00
-7.007563e-01,-3.825626e+00,-2.040302e+00,-1.619203e+00,2.465003e+00,1.360607e+00,-2.712818e-01,-1.784589e+00,-1.070120e+00,1.052100e+00,1.072923e+00
-5.389097e-01,-3.720059e+00,-1.811587e+00,-1.282781e+00,2.891424e+00,1.675169e+00,1.785281e-01,-1.488033e+00,-1.007395e+00,9.064290e-01,8.125442e-01
-1.802583e-01,-3.590642e+00,-1.822999e+00,-1.446072e+00,2.601258e+00,1.412633e+00,9.767779e-02,-1.370191e+00,-8.205898e-01,9.756152e-01,9.359017e-01
-2.761409e-01,-3.627660e+00,-1.772257e+00,-1.387112e+00,2.710386e+00,1.585380e+00,1.522315e-01,-1.399261e+00,-8.827270e-01,9.148352e-01,7.193295e-01
-5.005445e-01,-3.604247e+00,-1.838531e+00,-1.304905e+00,2.729969e+00,1.580671e+00,-6.355418e-02,-1.730692e+00,-1.178561e+00,8.301334e-01,7.163579e-01
-8.818482e-01,-3.948250e+00,-1.991650e+00,-1.406234e+00,2.783248e+00,1.617270e+00,-2.096096e-02,-1.750091e+00,-1.191815e+00,8.339936e-01,7.906267e-01
-6.447917e-01,-3.810689e+00,-1.920134e+00,-1.583983e+00,2.597046e+00,1.628688e+00,-3.939015e-02,-1.447421e+00,-8.672311e-01,9.080797e-01,8.139584e-01
-2.477252e-01,-3.517980e+00,-1.756002e+00,-1.428343e+00,2.692193e+00,1.586694e+00,1.868674e-01,-1.330638e+00,-7.117544e-01,1.018781e+00,8.760627e-01
-4.335786e-01,-3.617276e+00,-1.871980e+00,-1.325880e+00,2.738971e+00,1.636784e+00,1.183835e-01,-1.437927e+00,-9.404324e-01,9.475169e-01,7.823940e-01
-3.903812e-01,-3.516679e+00,-1.691706e+00,-1.192843e+00,2.762120e+00,1.634108e+00,2.730629e-03,-1.663992e+00,-1.008651e+00,9.624465e-01,1.056665e+00
-3.086486e-01,-3.399546e+00,-1.624500e+00,-1.207179e+00,2.768529e+00,1.803697e+00,-7.593589e-02,-1.563096e+00,-1.005144e+00,9.628115e-01,8.402291e-01
-6.956280e-01,-3.957016e+00,-2.224307e+00,-1.686619e+00,2.437804e+00,1.327868e+00,6.757613e-02,-1.363986e+00,-7.843351e-01,1.212554e+00,1.053168e+00
-4.997917e-01,-3.790501e+00,-2.022471e+00,-1.485557e+00,2.572261e+00,1.436868e+00,6.953369e-02,-1.401368e+00,-9.482242e-01,1.014026e+00,8.183577e-01
-6.334589e-01,-3.656715e+00,-1.834954e+00,-1.212995e+00,2.823581e+00,1.780107e+00,-1.052562e-02,-1.563556e+00,-1.133202e+00,7.649119e-01,5.885812e-01
-9.167087e-01,-3.798403e+00,-1.917793e+00,-1.302647e+00,2.750886e+00,1.623053e+00,-2.306989e-01,-1.873976e+00,-1.261933e+00,8.056850e-01,7.473042e-01
-5.140623e-01,-3.806931e+00,-1.878243e+00,-1.584726e+00,2.580553e+00,1.437218e+00,-1.208203e-01,-1.695664e+00,-9.313436e-01,8.840846e-01,9.003343e-01
-5.700072e-01,-3.707609e+00,-2.097846e+00,-1.548467e+00,2.392613e+00,1.349594e+00,-1.563476e-01,-1.485098e+00,-1.008311e+00,8.427505e-01,6.936163e-01
-5.705675e-01,-3.815126e+00,-1.951174e+00,-1.573384e+00,2.553917e+00,1.449361e+00,-8.610080e-02,-1.572378e+00,-9.900727e-01,7.871640e-01,7.201862e-01
-1.037910e+00,-4.127473e+00,-2.076895e+00,-1.525471e+00,2.702730e+00,1.529554e+00,-6.332315e-02,-1.709495e+00,-1.064155e+00,8.868438e-01,9.252522e-01
-7.515978e-01,-3.706288e+00,-2.074423e+00,-1.356091e+00,2.614382e+00,1.485875e+00,-1.241385e-01,-1.659361e+00,-1.076622e+00,1.060225e+00,9.460544e-01
-3.499833e-01,-3.532267e+00,-1.741744e+00,-1.340638e+00,2.705575e+00,1.759001e+00,5.867629e-02,-1.328433e+00,-7.637704e-01,1.074100e+00,7.988360e-01
-7.556437e-01,-3.936049e+00,-2.163110e+00,-1.772808e+00,2.288155e+00,1.201948e+00,-1.755349e-01,-1.629738e+00,-9.336075e-01,7.778473e-01,7.990379e-01
-6.476953e-01,-3.619333e+00,-1.995097e+00,-1.333426e+00,2.500327e+00,1.587006e+00,-1.804431e-01,-1.567258e+00,-1.121879e+00,7.862766e-01,6.507381e-01
-5.272475e-01,-3.330828e+00,-1.630496e+00,-9.573832e-01,2.986918e+00,1.878301e+00,-1.496328e-01,-1.764932e+00,-1.341654e+00,8.497626e-01,7.013224e-01
-8.046450e-01,-3.931580e+00,-1.918539e+00,-1.407941e+00,2.881234e+00,1.714646e+00,2.100992e-01,-1.483711e+00,-8.870313e-01,8.491421e-01,7.932079e-01
-1.579017e-01,-3.481676e+00,-1.783245e+00,-1.331470e+00,2.571584e+00,1.509108e+00,9.273391e-02,-1.264924e+00,-7.329826e-01,1.086363e+00,9.886333e-01
-6.972753e-01,-3.727385e+00,-2.230127e+00,-1.433804e+00,2.319416e+00,1.452450e+00,-1.957535e-01,-1.438625e+00,-1.090735e+00,1.026623e+00,7.820607e-01
-6.078267e-01,-3.565288e+00,-1.854858e+00,-1.214702e+00,2.697313e+00,1.732022e+00,1.134922e-02,-1.468413e+00,-9.914102e-01,9.245564e-01,7.904724e-01
-6.972364e-01,-3.681447e+00,-1.776064e+00,-1.104004e+00,2.925034e+00,1.846161e+00,1.220246e-01,-1.548396e+00,-1.131270e+00,8.876122e-01,7.287764e-01
-6.338224e-01,-3.666849e+00,-1.945302e+00,-1.366661e+00,2.591093e+00,1.747463e+00,4.095844e-02,-1.267432e+00,-7.908040e-01,1.092117e+00,9.886381e-01
-2.177685e-01,-3.485330e+00,-1.881398e+00,-1.430975e+00,2.463856e+00,1.374402e+00,-9.029316e-03,-1.489470e+00,-9.761725e-01,8.801631e-01,7.574685e-01
-5.624986e-01,-3.824042e+00,-1.831841e+00,-1.418452e+00,2.792755e+00,1.694459e+00,1.348101e-01,-1.502955e+00,-9.599370e-01,7.820794e-01,6.452933e-01
-6.116907e-01,-3.623646e+00,-1.786325e+00,-1.179610e+00,2.778695e+00,1.623903e+00,-1.982252e-01,-1.866646e+00,-1.365947e+00,6.779518e-01,6.531787e-01
-8.315519e-01,-3.738807e+00,-2.014985e+00,-1.377156e+00,2.620571e+00,1.707250e+00,-7.475634e-02,-1.607956e+00,-1.051631e+00,9.005649e-01,7.670626e-01
-2.911526e-01,-3.597078e+00,-1.832278e+00,-1.443160e+00,2.645829e+00,1.461518e+00,3.493798e-02,-1.414886e+00,-9.071922e-01,9.018485e-01,8.645262e-01
-6.260995e-01,-4.035184e+00,-2.029040e+00,-1.737225e+00,2.458089e+00,1.355908e+00,3.893141e-02,-1.447558e+00,-8.007444e-01,9.291977e-01,8.953040e-01
-1.185821e-01,-3.348441e+00,-1.524089e+00,-1.186829e+00,2.888087e+00,1.632766e+00,-3.105961e-02,-1.706739e+00,-1.082638e+00,8.332431e-01,8.758978e-01
-1.074940e+00,-3.961459e+00,-1.971689e+00,-1.227549e+00,2.925702e+00,1.937151e+00,1.805894e-01,-1.494755e+00,-9.923846e-01,9.682195e-01,8.182744e-01
-5.733729e-01,-3.567827e+00,-1.825697e+00,-1.268734e+00,2.708486e+00,1.871155e+00,1.224677e-01,-1.270670e+00,-7.113949e-01,1.029660e+00,9.619122e-01
-4.235689e-01,-3.772637e+00,-2.010764e+00,-1.577497e+00,2.522489e+00,1.397628e+00,1.447540e-01,-1.301385e+00,-8.212743e-01,1.061005e+00,8.494846e-01
-4.421326e-01,-3.638197e+00,-1.935565e+00,-1.363964e+00,2.646231e+00,1.530104e+00,1.671474e-01,-1.335272e+00,-8.942219e-01,1.043581e+00,9.203178e-01
-4.703425e-01,-3.557569e+00,-1.649630e+00,-1.218500e+00,2.907321e+00,1.692978e+00,-6.958317e-02,-1.766407e+00,-1.262895e+00,6.750214e-01,6.267993e-01
-6.467073e-01,-3.633156e+00,-1.857831e+00,-1.406540e+00,2.507239e+00,1.530804e+00,-3.487076e-01,-1.867858e+00,-1.223818e+00,7.474742e-01,7.552034e-01
-2.648569e-01,-3.680146e+00,-1.734849e+00,-1.566864e+00,2.598196e+00,1.444437e+00,-5.598040e-02,-1.632776e+00,-9.111544e-01,7.689524e-01,7.836826e-01
-4.677448e-01,-3.783215e+00,-1.871245e+00,-1.461219e+00,2.548851e+00,1.507644e+00,5.225103e-02,-1.309536e+00,-8.313553e-01,9.012032e-01,8.253932e-01
-1.025794e+00,-4.148387e+00,-2.163564e+00,-1.695965e+00,2.539980e+00,1.700362e+00,-4.154266e-02,-1.336809e+00,-7.773154e-01,1.174069e+00,9.410071e-01
-6.939820e-01,-3.748079e+00,-1.813884e+00,-1.430940e+00,2.796000e+00,1.692974e+00,-7.963551e-02,-1.651608e+00,-9.557840e-01,9.660736e-01,8.826942e-01
-2.538414e-01,-3.491777e+00,-1.782106e+00,-1.466777e+00,2.528649e+00,1.388094e+00,-1.707374e-01,-1.662984e+00,-9.663983e-01,9.598253e-01,9.636925e-01
-5.649627e-01,-3.683447e+00,-2.038351e+00,-1.429464e+00,2.436620e+00,1.455374e+00,-1.026999e-01,-1.452667e+00,-1.066813e+00,8.732280e-01,6.849796e-01
-6.307859e-01,-3.745385e+00,-2.069845e+00,-1.460762e+00,2.460294e+00,1.530799e+00,-1.109514e-01,-1.440453e+00,-1.004896e+00,8.685477e-01,6.904846e-01
-4.149063e-01,-3.370724e+00,-1.625838e+00,-1.098092e+00,2.838502e+00,1.718071e+00,-3.441342e-02,-1.619495e+00,-1.087594e+00,8.687457e-01,8.248603e-01
-5.306528e-01,-3.546120e+00,-1.698724e+00,-1.173536e+00,2.834990e+00,1.795108e+00,-4.123412e-02,-1.489930e+00,-1.103738e+00,9.101138e-01,6.872617e-01
-6.956078e-01,-3.745395e+00,-2.087643e+00,-1.487946e+00,2.456419e+00,1.470034e+00,-1.095481e-01,-1.495049e+00,-9.233901e-01,9.877767e-01,9.475520e-01
-5.469802e-01,-3.523937e+00,-2.105699e+00,-1.372403e+00,2.236844e+00,1.451876e+00,-2.944515e-01,-1.411004e+00,-1.108386e+00,9.142309e-01,7.152070e-01
-5.599312e-01,-3.597993e+00,-2.033521e+00,-1.441094e+00,2.498268e+00,1.508260e+00,-1.256734e-01,-1.614767e+00,-9.679644e-01,9.086436e-01,7.480629e-01
-5.372264e-01,-3.550607e+00,-1.637860e+00,-1.049527e+00,2.862255e+00,1.690307e+00,-1.048314e-01,-1.724818e+00,-1.209208e+00,7.916643e-01,7.869291e-01
-5.648720e-01,-3.655020e+00,-1.961344e+00,-1.275134e+00,2.553811e+00,1.435305e+00,-1.982966e-01,-1.685074e+00,-1.279780e+00,8.200634e-01,7.625161e-01
-6.461620e-01,-3.523882e+00,-2.147326e+00,-1.404821e+00,2.296108e+00,1.543079e+00,-2.812291e-01,-1.442065e+00,-1.090168e+00,9.654896e-01,7.112846e-01
-2.536412e-01,-3.468792e+00,-1.801697e+00,-1.398728e+00,2.510541e+00,1.513400e+00,-4.518628e-02,-1.396316e+00,-8.967238e-01,9.570471e-01,8.103975e-01
-7.809663e-01,-3.873796e+00,-1.989652e+00,-1.428652e+00,2.517568e+00,1.563006e+00,-2.606071e-01,-1.653104e+00,-1.185808e+00,8.032958e-01,5.983170e-01
-7.243974e-01,-3.467147e+00,-1.852193e+00,-1.018589e+00,2.760938e+00,1.823344e+00,-1.181996e-01,-1.631246e+00,-1.239423e+00,8.886840e-01,6.964879e-01
-4.861798e-01,-3.443349e+00,-1.905546e+00,-1.287039e+00,2.575976e+00,1.697303e+00,-1.673292e-01,-1.546668e+00,-1.145500e+00,8.888044e-01,6.249671e-01
-3.342848e-01,-3.411474e+00,-1.836645e+00,-1.281279e+00,2.516690e+00,1.641456e+00,-3.007741e-02,-1.266798e+00,-9.157072e-01,9.272738e-01,7.330730e-01
-6.747122e-01,-3.763028e+00,-2.003902e+00,-1.602791e+00,2.419905e+00,1.563729e+00,-1.018247e-01,-1.490896e+00,-8.420441e-01,9.663229e-01,9.167998e-01
-7.199971e-01,-3.691272e+00,-1.912596e+00,-1.355272e+00,2.602740e+00,1.635734e+00,-1.443314e-01,-1.618993e+00,-1.009931e+00,1.032919e+00,9.629437e-01
-4.215849e-01,-3.524378e+00,-1.657719e+00,-1.259282e+00,2.698005e+00,1.695910e+00,-1.770683e-01,-1.742886e+00,-1.152172e+00,7.503671e-01,6.868423e-01
-5.244325e-01,-3.598138e+00,-1.915762e+00,-1.332920e+00,2.589349e+00,1.687619e+00,1.967310e-02,-1.448399e+00,-1.014166e+00,8.079702e-01,6.161693e-01
-6.584580e-01,-3.827533e+00,-2.135803e+00,-1.663885e+00,2.346545e+00,1.355228e+00,-1.333915e-01,-1.415543e+00,-9.787084e-01,9.527584e-01,7.742911e-01
-4.381875e-01,-3.703995e+00,-1.823081e+00,-1.419461e+00,2.750539e+00,1.626670e+00,8.450215e-02,-1.451830e+00,-8.839315e-01,1.095516e+00,9.803751e-01
-4.592939e-01,-3.467064e+00,-1.729460e+00,-1.087980e+00,2.915893e+00,1.679422e+00,-2.237724e-02,-1.792970e+00,-1.295659e+00,8.259106e-01,7.222209e-01
-2.917386e-01,-3.430476e+00,-1.785863e+00,-1.295669e+00,2.649191e+00,1.557312e+00,-2.672300e-02,-1.591303e+00,-1.034507e+00,1.025445e+00,8.738753e-01
-4.534712e-01,-3.635176e+00,-1.930914e+00,-1.470074e+00,2.404799e+00,1.454418e+00,-1.488178e-01,-1.487413e+00,-9.421425e-01,8.191795e-01,7.916718e-01
-4.181497e-01,-3.738250e+00,-1.880930e+00,-1.435770e+00,2.691646e+00,1.608713e+00,2.788007e-01,-1.235844e+00,-6.428800e-01,1.127870e+00,9.993596e-01
-9.553856e-01,-3.846333e+00,-2.013173e+00,-1.325629e+00,2.700066e+00,1.809527e+00,-4.815608e-02,-1.462350e+00,-1.038843e+00,9.000374e-01,8.186492e-01
-7.690596e-01,-3.636149e+00,-1.719045e+00,-1.026646e+00,3.033195e+00,1.973351e+00,1.452786e-01,-1.586169e+00,-1.198975e+00,7.350526e-01,5.238021e-01
-7.349927e-01,-3.991656e+00,-2.083103e+00,-1.635063e+00,2.494418e+00,1.382129e+00,-6.722934e-03,-1.572486e+00,-8.764029e-01,8.964896e-01,1.026677e+00
-4.948337e-01,-3.559285e+00,-1.915288e+00,-1.335311e+00,2.449852e+00,1.675654e+00,-1.525872e-02,-1.183174e+00,-8.204419e-01,9.428615e-01,7.408402e-01
-1.408494e-01,-3.289884e+00,-1.626757e+00,-1.165431e+00,2.794492e+00,1.688555e+00,1.648213e-01,-1.327029e+00,-7.293120e-01,1.187416e+00,1.064582e+00
-6.992847e-01,-3.546195e+00,-1.480150e+00,-7.717764e-01,3.278776e+00,2.145719e+00,2.044713e-01,-1.477559e+00,-1.158045e+00,7.934956e-01,6.744782e-01
-6.344776e-01,-3.625325e+00,-1.739263e+00,-1.242460e+00,2.850745e+00,1.746736e+00,-5.669759e-03,-1.580973e+00,-1.002990e+00,7.759953e-01,8.038559e-01
-5.589436e-01,-3.572428e+00,-1.878503e+00,-1.337872e+00,2.681396e+00,1.798205e+00,7.967745e-02,-1.227765e+00,-8.133357e-01,1.020505e+00,6.908240e-01
-7.744501e-01,-3.886847e+00,-2.194512e+00,-1.500890e+00,2.446238e+00,1.391801e+00,-6.485852e-02,-1.512579e+00,-1.067378e+00,6.948065e-01,5.683215e-01
-6.977559e-01,-3.583056e+00,-1.935262e+00,-1.134862e+00,2.737568e+00,1.820558e+00,8.315952e-02,-1.370009e+00,-9.004130e-01,1.119775e+00,9.159947e-01
-1.048976e+00,-3.695480e+00,-1.891994e+00,-1.123921e+00,2.808301e+00,1.978978e+00,-4.375826e-02,-1.497664e+00,-1.001529e+00,9.497603e-01,8.284014e-01
-7.304652e-01,-3.587525e+00,-1.953758e+00,-1.170734e+00,2.729396e+00,1.883062e+00,6.849226e-02,-1.327853e+00,-9.557256e-01,9.453509e-01,7.019407e-01
-6.627425e-01,-3.511250e+00,-1.948651e+00,-1.334250e+00,2.429748e+00,1.868446e+00,-4.835885e-02,-1.045652e+00,-7.005580e-01,1.148641e+00,8.465084e-01
-3.386480e-01,-3.493967e+00,-1.890915e+00,-1.284260e+00,2.619235e+00,1.612451e+00,1.399773e-01,-1.235639e+00,-7.673325e-01,1.191636e+00,1.006642e+00
-4.079483e-01,-3.531926e+00,-1.753938e+00,-1.310909e+00,2.651009e+00,1.549024e+00,-1.419937e-01,-1.656556e+00,-9.811455e-01,1.116444e+00,1.095463e+00
-2.971909e-01,-3.382220e+00,-1.612007e+00,-1.029182e+00,2.727350e+00,1.540587e+00,-1.973903e-01,-1.750615e+00,-1.314450e+00,7.556646e-01,7.814070e-01
-7.454482e-01,-3.785434e+00,-2.181141e+00,-1.622346e+00,2.233365e+00,1.365833e+00,-3.758137e-01,-1.618086e+00,-1.113684e+00,7.436939e-01,7.076469e-01
-6.440659e-01,-3.739515e+00,-2.059106e+00,-1.499259e+00,2.527141e+00,1.611436e+00,4.771648e-02,-1.203686e+00,-7.786091e-01,1.073589e+00,8.322691e-01
-3.280305e-01,-3.400621e+00,-1.528482e+00,-1.195449e+00,2.885647e+00,1.917309e+00,5.471310e-02,-1.406768e+00,-8.478736e-01,7.922403e-01,7.329996e-01
-6.624167e-01,-3.534710e+00,-1.719865e+00,-1.052354e+00,2.851359e+00,1.922770e+00,4.482100e-02,-1.443151e+00,-1.012578e+00,9.989487e-01,8.574587e-01
-5.603847e-01,-3.494331e+00,-1.975197e+00,-1.355346e+00,2.500960e+00,1.492312e+00,-2.412173e-01,-1.697848e+00,-1.172179e+00,8.412585e-01,7.211254e-01
-5.492926e-01,-3.567773e+00,-2.072895e+00,-1.438294e+00,2.334187e+00,1.495838e+00,-5.752594e-02,-1.346443e+00,-9.086211e-01,1.021413e+00,7.899685e-01
-2.813722e-01,-3.328324e+00,-1.939643e+00,-1.324068e+00,2.365819e+00,1.581563e+00,-1.488130e-01,-1.409552e+00,-1.028024e+00,1.013556e+00,7.290603e-01
-8.211905e-01,-3.760935e+00,-2.046036e+00,-1.489184e+00,2.467691e+00,1.528947e+00,-2.402392e-01,-1.672608e+00,-1.043095e+00,9.538504e-01,9.717615e-01
-8.950865e-01,-3.648664e+00,-1.957100e+00,-1.150718e+00,2.863952e+00,2.079115e+00,3.291458e-01,-1.164625e+00,-7.845709e-01,1.121141e+00,7.890738e-01
-8.387345e-02,-3.160521e+00,-1.688954e+00,-1.080929e+00,2.629423e+00,1.776337e+00,-1.331871e-02,-1.312870e+00,-9.835627e-01,1.052391e+00,7.367345e-01
-4.076739e-01,-3.609963e+00,-2.051562e+00,-1.629016e+00,2.303400e+00,1.403587e+00,-8.029129e-02,-1.357268e+00,-7.120494e-01,1.135989e+00,9.721217e-01
-9.170068e-01,-4.059218e+00,-2.203785e+00,-1.556518e+00,2.401475e+00,1.542352e+00,9.973098e-04,-1.385203e+00,-9.055822e-01,9.090197e-01,8.240968e-01
-6.978892e-01,-3.630398e+00,-1.905257e+00,-1.176930e+00,2.735588e+00,1.700970e+00,-1.689622e-02,-1.458879e+00,-1.033421e+00,1.093726e+00,1.005901e+00
1.380754e+00,-2.122518e+00,-1.373222e+00,-6.437202e-01,1.397363e+00,7.101758e-01,-4.820799e-01,-3.148964e-01,-4.143859e-01,2.094986e-01,5.601411e-01
