1.588208e-01,-2.937288e+00,-3.031085e-01,-2.890979e-01,5.015040e-01,-5.776117e-01,-6.840002e-02,6.897108e-01,-2.393471e-01,-1.669243e-01,1.290284e-01
9.626522e-01,-3.137997e+00,-8.012599e-01,1.403813e-01,9.979889e-01,1.365903e-02,-1.048681e-01,3.663883e-02,-5.331964e-02,-1.434933e-01,2.186072e-01
1.482882e+00,-2.907899e+00,-6.244208e-01,2.207094e-02,1.219424e+00,-1.454310e-01,-3.611719e-01,4.927030e-01,-7.986206e-02,-4.132268e-01,2.117258e-01
2.683053e+00,-2.614658e+00,-7.147645e-01,2.363607e-01,1.405767e+00,-1.923835e-01,-2.420937e-01,5.705783e-01,-4.207865e-02,-6.301931e-01,1.274169e-01
2.087739e+00,-2.853069e+00,-4.074603e-01,3.070715e-01,2.156091e+00,-8.354868e-02,-4.098005e-01,5.713008e-01,-2.541981e-01,-6.604056e-01,5.070604e-01
2.258810e+00,-3.102211e+00,-1.759296e-01,-1.993003e-01,2.224429e+00,-4.688246e-01,-7.983126e-01,7.228759e-01,9.433774e-02,-5.923898e-01,7.628308e-01
1.309910e+00,-3.418570e+00,1.196327e-01,6.863756e-01,2.721806e+00,3.692361e-01,-7.316668e-01,7.403131e-01,-2.089373e-02,-6.179019e-01,5.941449e-01
1.431880e+00,-3.578560e+00,-8.097097e-01,-7.417801e-02,1.618773e+00,-2.241044e-01,-7.415346e-01,5.900038e-01,2.105538e-01,-3.310233e-01,8.949081e-01
1.751878e+00,-3.464004e+00,-9.158115e-01,2.210178e-01,1.753444e+00,-2.714195e-01,-7.695701e-01,3.329753e-01,-1.134316e-01,-7.566400e-01,5.804168e-01
1.936183e+00,-3.133235e+00,-7.149672e-01,4.973251e-01,1.894099e+00,-5.876322e-01,-8.544792e-01,-6.332147e-02,-4.312819e-01,-7.366959e-01,5.285980e-01
2.169950e+00,-3.179681e+00,-7.921289e-01,9.073662e-01,2.320257e+00,-2.612730e-01,-3.138056e-01,-5.036547e-02,-5.908508e-01,-1.120092e+00,1.167829e-01
1.621614e+00,-3.967613e+00,-1.130615e+00,5.143996e-01,1.942141e+00,-2.820027e-01,-3.954588e-01,2.508878e-01,-1.512636e-01,-3.704820e-01,7.982714e-01
2.416636e+00,-2.659593e+00,-5.206453e-01,1.231048e+00,2.457639e+00,-2.853564e-01,-6.314185e-01,6.602038e-02,-7.639581e-01,-8.257853e-01,5.915055e-01
1.640538e+00,-3.415722e+00,-1.333614e+00,5.299864e-01,2.144884e+00,-5.824323e-01,-5.066119e-01,1.395840e-01,-6.149217e-01,-5.159211e-01,8.576718e-01
2.121531e+00,-3.379884e+00,-1.047227e+00,5.144620e-01,1.975172e+00,-4.070534e-01,-4.784334e-01,8.580329e-02,-2.528459e-01,-5.722707e-01,9.135561e-01
1.561632e+00,-3.713296e+00,-9.386574e-01,-5.863943e-04,1.943972e+00,-6.099685e-01,-9.450269e-01,-3.730784e-01,-5.743573e-01,-5.486953e-01,8.276966e-01
1.516421e+00,-3.279688e+00,-5.942383e-01,3.298800e-01,2.630938e+00,3.787065e-01,-3.060930e-01,1.469089e-01,-3.668395e-01,-3.686122e-01,7.976462e-01
1.521546e+00,-3.079922e+00,-6.419139e-01,6.470392e-02,2.671304e+00,3.630251e-01,-1.682840e-01,1.783604e-01,-3.552269e-01,-4.032725e-02,5.345604e-01
2.075021e+00,-2.862631e+00,-5.693911e-01,1.319719e-01,2.487658e+00,7.169331e-02,-2.987442e-01,-8.256026e-02,-5.754951e-01,-1.890165e-01,5.334347e-01
1.023483e+00,-3.607745e+00,-4.433326e-01,-2.542087e-02,2.619902e+00,2.817924e-01,-3.722827e-01,-1.216539e-01,-8.778489e-01,-4.123251e-01,3.817201e-01
1.537909e+00,-3.106052e+00,-4.411130e-02,-1.480487e-01,2.482425e+00,3.383525e-01,-4.147793e-01,6.231385e-02,-7.168905e-01,-3.803300e-01,8.411220e-01
1.244640e+00,-3.348288e+00,-2.956229e-01,-3.531370e-01,2.169964e+00,2.809449e-01,-1.675480e-01,3.034448e-01,-6.984412e-01,-4.309332e-01,1.028258e+00
1.109189e+00,-3.517157e+00,-2.137024e-01,-3.619785e-02,2.135264e+00,3.588952e-01,-7.969056e-02,2.452771e-01,-9.027071e-01,-6.349113e-01,1.146382e+00
1.349347e+00,-3.425491e+00,-1.977920e-02,3.930241e-01,2.180943e+00,4.720528e-01,1.366329e-01,1.445170e-01,-5.976234e-01,-6.677361e-01,1.416311e+00
9.841884e-01,-3.879661e+00,-3.195564e-01,-2.624429e-02,1.893988e+00,3.687128e-01,6.507904e-03,5.666416e-01,-5.136733e-01,-3.548186e-01,1.130107e+00
1.030615e+00,-3.680727e+00,1.837279e-01,4.465468e-01,2.374305e+00,5.259719e-01,-1.348843e-01,3.502025e-01,-7.324488e-01,-7.122845e-01,1.113958e+00
1.418202e+00,-3.892668e+00,-2.267433e-02,3.280600e-02,1.938736e+00,7.529067e-02,-5.688071e-01,9.794978e-02,-9.117795e-01,-9.753319e-01,7.493719e-01
1.210236e+00,-4.144304e+00,-4.290374e-02,4.499378e-01,2.193480e+00,1.936387e-01,-6.095618e-01,1.230264e-01,-7.921106e-01,-7.632756e-01,1.043271e+00
1.743634e+00,-4.166934e+00,-1.640917e-01,6.970526e-01,2.260878e+00,1.610779e-01,-3.638600e-01,2.503601e-01,-6.980776e-01,-7.665582e-01,8.750912e-01
1.236447e+00,-4.505067e+00,-2.908784e-01,8.490546e-01,2.592866e+00,3.712726e-01,-8.580523e-02,5.635948e-01,-4.722021e-01,-2.903493e-01,1.101996e+00
1.615045e+00,-4.395235e+00,-2.162780e-01,6.631148e-01,2.354866e+00,4.513581e-02,-4.750787e-01,3.474624e-01,-5.144457e-01,-6.607776e-01,8.932204e-01
1.823412e+00,-4.189455e+00,-1.048597e-01,5.733476e-01,2.281555e+00,-5.255747e-04,-4.115273e-01,3.439548e-01,-3.444252e-01,-6.426575e-01,8.826432e-01
1.330401e+00,-4.556766e+00,-1.492129e-01,8.655763e-01,2.682620e+00,2.867878e-01,-2.646517e-01,2.320534e-01,-5.335551e-01,-9.987526e-01,6.571785e-01
1.856651e+00,-4.368870e+00,-1.292853e-01,1.001681e+00,2.306937e+00,3.660839e-01,-3.746328e-01,4.840062e-01,-3.074251e-01,-7.926582e-01,8.366631e-01
1.573967e+00,-4.457450e+00,7.332674e-03,1.268510e+00,2.805784e+00,2.196446e-01,-4.552408e-01,1.403425e-01,-7.455130e-01,-1.061701e+00,8.970871e-01
1.433296e+00,-4.758759e+00,-4.461559e-01,1.016317e+00,2.781731e+00,2.439139e-01,-3.500692e-01,6.327109e-01,-8.144760e-01,-1.017618e+00,6.643676e-01
1.388971e+00,-4.736012e+00,-4.843114e-01,1.096299e+00,2.705560e+00,3.898191e-02,-4.372569e-01,4.844131e-01,-7.544834e-01,-7.604314e-01,1.045081e+00
1.370334e+00,-4.920531e+00,-5.720119e-01,1.260768e+00,2.790959e+00,2.310528e-01,-2.670301e-01,3.978947e-01,-7.356578e-01,-1.054396e+00,8.471710e-01
1.447400e+00,-5.078427e+00,-6.059291e-01,1.336441e+00,2.591357e+00,3.638214e-01,-2.195384e-01,5.644007e-01,-5.193887e-01,-7.335909e-01,9.403741e-01
1.511804e+00,-5.002196e+00,-5.610172e-01,1.446471e+00,2.758482e+00,4.020228e-01,-1.752685e-01,5.757402e-01,-5.448867e-01,-8.912510e-01,8.803962e-01
1.009555e+00,-5.393848e+00,-7.799890e-01,1.454320e+00,2.820784e+00,6.144819e-01,5.792449e-02,6.973794e-01,-4.071071e-01,-9.152798e-01,8.249850e-01
8.266512e-01,-5.700852e+00,-1.005957e+00,1.241880e+00,2.842086e+00,3.730431e-01,7.476416e-02,6.481730e-01,-5.000277e-01,-7.617551e-01,9.663191e-01
7.340666e-01,-5.932780e+00,-1.168590e+00,1.251880e+00,2.793416e+00,5.056166e-01,1.462612e-01,7.805969e-01,-3.201783e-01,-7.249332e-01,9.658404e-01
4.124857e-01,-6.303121e+00,-1.459573e+00,1.093274e+00,2.681317e+00,5.422129e-01,-7.024943e-03,8.639570e-01,-4.166427e-01,-7.610332e-01,9.086834e-01
8.265666e-01,-6.063227e+00,-1.222773e+00,1.009190e+00,2.426174e+00,2.654232e-01,-3.883550e-01,4.250098e-01,-6.110216e-01,-9.671797e-01,8.734412e-01
4.060412e-01,-6.378814e+00,-1.611360e+00,8.049454e-01,2.564320e+00,3.952021e-01,-2.532229e-01,7.555077e-01,-3.825181e-01,-9.682117e-01,8.452137e-01
5.276497e-01,-6.166746e+00,-1.777796e+00,8.669119e-01,2.590620e+00,2.029269e-01,-3.101701e-01,8.392970e-01,-4.528185e-01,-8.677392e-01,9.457057e-01
-1.372088e-01,-6.978941e+00,-2.205912e+00,4.015308e-01,2.434843e+00,-1.527886e-01,-2.865216e-01,5.861374e-01,-4.610169e-01,-9.044546e-01,1.036406e+00
-3.171959e-01,-7.174333e+00,-2.533367e+00,3.042542e-01,2.240501e+00,-3.238748e-01,-4.663524e-01,5.760260e-01,-7.146948e-01,-9.186801e-01,9.761707e-01
-6.196774e-01,-7.339245e+00,-2.439635e+00,6.461997e-01,2.596126e+00,1.816585e-01,-7.671798e-02,8.556998e-01,-5.325250e-01,-7.991072e-01,1.096075e+00
-2.275784e-01,-7.104338e+00,-2.388036e+00,3.649422e-01,2.174101e+00,-3.310625e-01,-5.203542e-01,3.309061e-01,-8.675782e-01,-1.100445e+00,7.796613e-01
1.200105e-01,-6.622785e+00,-2.324705e+00,5.373789e-01,2.298183e+00,-3.395039e-01,-4.679269e-01,5.624529e-01,-7.972197e-01,-9.498648e-01,9.235902e-01
-3.129283e-03,-6.874725e+00,-2.373842e+00,4.158022e-01,2.324623e+00,-3.216280e-01,-4.161165e-01,6.011251e-01,-6.902200e-01,-9.574911e-01,9.978941e-01
2.827152e-01,-6.698789e+00,-2.201010e+00,4.448322e-01,2.249089e+00,-2.978628e-01,-5.302158e-01,5.077884e-01,-7.698392e-01,-1.003898e+00,8.438626e-01
2.265808e-01,-6.732954e+00,-2.167788e+00,6.465841e-01,2.453255e+00,-1.082482e-01,-4.747710e-01,6.862378e-01,-8.639258e-01,-9.087989e-01,9.488187e-01
-1.960222e-01,-6.916622e+00,-2.234612e+00,7.035757e-01,2.528517e+00,3.040822e-02,-2.761759e-01,6.799458e-01,-6.903270e-01,-8.518551e-01,9.725489e-01
-3.990589e-01,-7.134351e+00,-2.543364e+00,3.722376e-01,2.204719e+00,-3.395590e-01,-5.455172e-01,4.301919e-01,-9.080555e-01,-1.059540e+00,7.671673e-01
-3.340248e-02,-6.790949e+00,-2.272648e+00,6.238025e-01,2.438942e+00,-1.567574e-01,-4.004924e-01,6.776436e-01,-8.394776e-01,-8.473324e-01,9.112406e-01
3.150424e-01,-6.475602e+00,-2.150984e+00,5.817283e-01,2.163683e+00,-2.797156e-01,-5.047590e-01,4.285354e-01,-7.954519e-01,-1.035159e+00,7.874083e-01
3.653535e-01,-6.529249e+00,-2.159893e+00,6.777443e-01,2.296559e+00,-8.097614e-02,-4.861565e-01,7.555347e-01,-7.311677e-01,-8.389678e-01,9.696802e-01
-8.108985e-02,-6.799888e+00,-2.416060e+00,5.240192e-01,2.410773e+00,-2.131936e-01,-4.452481e-01,6.727044e-01,-6.997532e-01,-9.802991e-01,9.966824e-01
1.782844e-02,-6.840732e+00,-2.214484e+00,5.834838e-01,2.426802e+00,-1.011244e-01,-4.168371e-01,6.317508e-01,-7.810928e-01,-8.488586e-01,8.089546e-01
-4.144711e-01,-7.091519e+00,-2.303417e+00,6.374611e-01,2.609938e+00,-4.216928e-02,-2.340876e-01,5.154214e-01,-8.076954e-01,-1.092624e+00,8.055233e-01
3.182245e-01,-6.728175e+00,-2.052251e+00,6.017687e-01,2.364037e+00,-1.736062e-01,-4.497473e-01,5.535899e-01,-8.176784e-01,-8.988043e-01,8.797220e-01
2.645052e-01,-6.704618e+00,-2.129158e+00,6.536820e-01,2.316339e+00,-5.780309e-02,-4.045701e-01,7.391892e-01,-7.016306e-01,-7.731745e-01,9.744930e-01
1.759705e-01,-6.599437e+00,-2.283028e+00,6.191987e-01,2.326018e+00,-2.218214e-01,-4.309025e-01,6.479987e-01,-7.217227e-01,-9.838190e-01,9.983917e-01
4.551803e-01,-6.470599e+00,-2.042770e+00,5.695843e-01,2.389801e+00,-3.088038e-01,-3.867194e-01,4.959894e-01,-6.863366e-01,-9.407041e-01,9.042706e-01
-3.888246e-01,-7.044851e+00,-2.481946e+00,4.042203e-01,2.334441e+00,-2.559565e-01,-4.308330e-01,4.865224e-01,-7.139910e-01,-9.476656e-01,9.379504e-01
-3.646457e-01,-7.225410e+00,-2.522074e+00,4.102080e-01,2.456742e+00,-2.202472e-01,-4.322245e-01,6.830650e-01,-8.563343e-01,-9.675348e-01,8.858007e-01
-3.351740e-01,-7.204449e+00,-2.432889e+00,5.301790e-01,2.393841e+00,2.039980e-02,-3.128376e-01,8.165351e-01,-6.431094e-01,-8.012487e-01,9.891099e-01
-7.421381e-04,-6.807992e+00,-2.272818e+00,5.151660e-01,2.270464e+00,-2.835998e-01,-4.718944e-01,4.613723e-01,-8.105511e-01,-9.766128e-01,9.000371e-01
2.781717e-01,-6.588477e+00,-2.203535e+00,5.402570e-01,2.222666e+00,-2.633191e-01,-4.673288e-01,5.982170e-01,-8.306392e-01,-8.844904e-01,8.035654e-01
-3.477105e-02,-6.811854e+00,-2.288134e+00,4.746733e-01,2.355570e+00,-2.380447e-01,-2.680630e-01,5.946890e-01,-5.698130e-01,-8.550687e-01,9.767042e-01
-3.034927e-01,-6.992831e+00,-2.571243e+00,3.998871e-01,2.286721e+00,-3.076558e-01,-4.522650e-01,6.015587e-01,-6.713834e-01,-9.849720e-01,1.024549e+00
-4.231159e-01,-7.262016e+00,-2.670784e+00,2.559738e-01,2.181388e+00,-3.364459e-01,-6.262369e-01,5.548687e-01,-8.536437e-01,-1.016934e+00,9.170316e-01
-7.248137e-01,-7.369989e+00,-2.498785e+00,5.943393e-01,2.587318e+00,2.638190e-01,-4.329551e-02,9.615839e-01,-4.862474e-01,-6.624808e-01,9.818655e-01
4.060302e-02,-6.783014e+00,-2.284650e+00,4.692982e-01,2.348428e+00,-2.625893e-01,-3.394255e-01,6.085399e-01,-6.793587e-01,-8.595830e-01,9.516545e-01
-7.947110e-02,-6.875304e+00,-2.408336e+00,4.363423e-01,2.216228e+00,-2.559950e-01,-4.275920e-01,6.490304e-01,-7.429734e-01,-8.434176e-01,8.886540e-01
1.526595e-01,-6.944830e+00,-2.247272e+00,4.142571e-01,2.204923e+00,-2.010214e-01,-4.496161e-01,6.849259e-01,-7.576417e-01,-8.119261e-01,8.515563e-01
3.406530e-01,-6.711259e+00,-2.147322e+00,6.016430e-01,2.401875e+00,-4.728172e-02,-3.041596e-01,8.632074e-01,-6.198551e-01,-7.403977e-01,1.062015e+00
-4.080908e-01,-7.087665e+00,-2.369771e+00,5.838933e-01,2.611603e+00,7.600899e-02,-1.000758e-01,7.986270e-01,-5.415104e-01,-8.075112e-01,9.624089e-01
-6.496664e-01,-7.330122e+00,-2.802396e+00,9.698272e-02,2.087638e+00,-5.517185e-01,-7.017925e-01,2.838773e-01,-1.002040e+00,-1.206311e+00,6.392371e-01
-3.240219e-01,-7.066000e+00,-2.583585e+00,3.594448e-01,2.329155e+00,-3.418852e-01,-4.904429e-01,5.537039e-01,-8.662820e-01,-1.082589e+00,7.857240e-01
-2.158592e-01,-7.012042e+00,-2.527230e+00,3.733762e-01,2.027651e+00,-2.955206e-01,-6.660080e-01,4.845201e-01,-9.763723e-01,-1.005505e+00,6.894339e-01
4.788006e-01,-6.629058e+00,-2.041953e+00,5.233474e-01,2.208218e+00,-2.019512e-01,-4.504767e-01,5.969599e-01,-7.246619e-01,-8.594804e-01,9.295343e-01
7.055045e-02,-6.594901e+00,-2.287415e+00,6.726998e-01,2.384720e+00,-1.316221e-01,-3.028542e-01,7.020688e-01,-7.004811e-01,-8.827959e-01,9.100338e-01
-3.127049e-02,-6.771486e+00,-2.279964e+00,5.467124e-01,2.402704e+00,-1.825174e-01,-3.736301e-01,6.284253e-01,-7.709139e-01,-8.861435e-01,7.807817e-01
-1.075303e-01,-6.809340e+00,-2.308286e+00,6.099505e-01,2.465731e+00,-1.080769e-01,-3.189483e-01,6.347696e-01,-6.634432e-01,-8.946017e-01,9.587207e-01
-7.340491e-01,-7.467430e+00,-2.776714e+00,2.091803e-01,2.211750e+00,-3.132419e-01,-5.420203e-01,4.742437e-01,-8.460653e-01,-1.081762e+00,8.861628e-01
2.947757e-01,-6.583191e+00,-2.114784e+00,6.515277e-01,2.329030e+00,-4.212654e-02,-3.907998e-01,7.124642e-01,-6.495902e-01,-7.908272e-01,9.449412e-01
1.739437e-01,-6.651304e+00,-2.224722e+00,5.954981e-01,2.454376e+00,-1.493578e-01,-2.236105e-01,7.942533e-01,-5.306231e-01,-7.760747e-01,1.124443e+00
8.920895e-02,-6.691725e+00,-2.256676e+00,4.719981e-01,2.363942e+00,-3.641898e-01,-3.035619e-01,5.187387e-01,-6.377804e-01,-9.553549e-01,1.000307e+00
2.398828e-01,-6.813966e+00,-2.095980e+00,4.367893e-01,2.308164e+00,-3.188920e-01,-3.941472e-01,4.352776e-01,-7.483751e-01,-9.106037e-01,8.626293e-01
-4.162799e-01,-7.045137e+00,-2.461745e+00,5.788313e-01,2.484072e+00,-1.035387e-01,-2.590342e-01,6.577295e-01,-5.982325e-01,-9.206840e-01,1.183045e+00
-2.415211e-01,-7.020568e+00,-2.518250e+00,3.962850e-01,2.187452e+00,-3.449421e-01,-7.137740e-01,3.765339e-01,-1.003027e+00,-1.247300e+00,6.768731e-01
-4.110161e-01,-6.951102e+00,-2.493000e+00,5.278671e-01,2.440182e+00,-1.441428e-01,-3.291557e-01,6.074562e-01,-6.576012e-01,-1.005412e+00,8.854802e-01
1.603978e-01,-6.607030e+00,-2.216229e+00,4.970952e-01,2.467310e+00,-3.935884e-01,-3.371342e-01,4.412678e-01,-7.100741e-01,-1.135775e+00,9.109767e-01
4.499816e-01,-6.388540e+00,-2.014174e+00,7.138749e-01,2.288386e+00,-8.677329e-02,-3.666623e-01,6.399570e-01,-6.809407e-01,-8.165232e-01,8.859653e-01
-3.991068e-02,-6.714575e+00,-2.308251e+00,6.746741e-01,2.303765e+00,-3.088290e-02,-3.777577e-01,7.722478e-01,-7.026392e-01,-7.930356e-01,9.496845e-01
-7.273149e-02,-6.883070e+00,-2.387015e+00,6.007428e-01,2.331765e+00,-1.140407e-01,-5.023221e-01,7.584690e-01,-8.739119e-01,-8.787965e-01,8.942857e-01
-4.268368e-01,-7.123053e+00,-2.412251e+00,5.245150e-01,2.384053e+00,-1.006143e-01,-3.647228e-01,5.664342e-01,-7.507171e-01,-9.214504e-01,8.688490e-01
-1.454624e-01,-6.835190e+00,-2.310777e+00,6.091311e-01,2.442227e+00,-7.542280e-02,-3.809044e-01,6.771615e-01,-7.318619e-01,-8.199743e-01,8.696872e-01
2.349714e-01,-6.562159e+00,-2.188959e+00,5.819539e-01,2.440865e+00,-2.282648e-01,-3.277605e-01,5.881435e-01,-5.967805e-01,-9.641577e-01,9.946512e-01
6.552336e-02,-6.760670e+00,-2.288402e+00,5.586554e-01,2.357180e+00,-1.560090e-01,-3.732909e-01,6.896642e-01,-6.670811e-01,-9.521938e-01,9.206238e-01
3.472338e-01,-6.546001e+00,-2.157375e+00,6.369552e-01,2.327258e+00,-1.753219e-01,-3.996470e-01,6.905956e-01,-6.818654e-01,-8.786412e-01,1.006185e+00
8.256927e-02,-6.610953e+00,-2.177105e+00,6.589172e-01,2.392088e+00,-1.363210e-01,-2.673112e-01,5.828406e-01,-6.320347e-01,-8.577803e-01,9.566631e-01
-5.365681e-01,-7.176797e+00,-2.419104e+00,5.876232e-01,2.430014e+00,-7.980440e-03,-3.134581e-01,6.280162e-01,-7.899641e-01,-8.416119e-01,7.998970e-01
-2.575357e-01,-6.800479e+00,-2.474784e+00,5.506575e-01,2.342785e+00,-2.650964e-01,-4.605775e-01,5.392260e-01,-8.028921e-01,-9.541998e-01,9.113327e-01
-1.325879e-01,-6.988246e+00,-2.371766e+00,4.914631e-01,2.443430e+00,-1.488283e-01,-3.445390e-01,6.671170e-01,-6.560564e-01,-9.529918e-01,9.890044e-01
4.182972e-01,-6.553688e+00,-2.134101e+00,5.931418e-01,2.279153e+00,-1.372048e-01,-5.015188e-01,6.650379e-01,-7.190318e-01,-8.997786e-01,8.960963e-01
4.324074e-01,-6.513991e+00,-2.094275e+00,5.542718e-01,2.378414e+00,-2.286179e-01,-3.674507e-01,6.840771e-01,-7.101260e-01,-8.438225e-01,9.283145e-01
-2.210199e-01,-6.858960e+00,-2.426328e+00,5.129281e-01,2.286902e+00,-1.991315e-01,-3.304105e-01,5.944283e-01,-6.646713e-01,-8.818828e-01,9.164008e-01
1.325033e-02,-6.788555e+00,-2.241365e+00,5.664677e-01,2.427038e+00,-1.896985e-01,-2.665845e-01,5.747209e-01,-6.000538e-01,-9.055535e-01,1.025183e+00
-2.205310e-01,-7.003209e+00,-2.283499e+00,6.857338e-01,2.557093e+00,8.223767e-02,-2.278507e-01,7.996537e-01,-6.991987e-01,-8.323354e-01,9.497015e-01
-1.038433e-01,-6.897621e+00,-2.272974e+00,6.217640e-01,2.372881e+00,2.545048e-02,-3.399732e-01,7.189575e-01,-7.072559e-01,-8.266342e-01,8.618367e-01
1.505370e-01,-6.518729e+00,-2.290055e+00,5.635161e-01,2.339121e+00,-2.383398e-01,-4.330944e-01,6.017199e-01,-7.502904e-01,-9.745386e-01,8.341403e-01
-6.968725e-02,-6.745876e+00,-2.500591e+00,3.875058e-01,2.273117e+00,-3.752522e-01,-4.797939e-01,6.208532e-01,-7.328405e-01,-9.481884e-01,9.052979e-01
2.519643e-01,-6.494758e+00,-2.156295e+00,6.428982e-01,2.363209e+00,-1.293409e-01,-3.081251e-01,6.424236e-01,-5.961214e-01,-9.183139e-01,9.238174e-01
-8.613433e-02,-6.760036e+00,-2.356083e+00,6.291563e-01,2.308154e+00,-5.200053e-02,-3.439772e-01,7.433832e-01,-6.776988e-01,-7.970001e-01,9.837498e-01
-4.394142e-01,-7.151742e+00,-2.284978e+00,7.643389e-01,2.666491e+00,2.825062e-01,-4.968582e-02,8.757720e-01,-6.360935e-01,-8.477122e-01,8.679409e-01
-1.348619e-01,-6.874507e+00,-2.315036e+00,5.381920e-01,2.361702e+00,-1.488810e-01,-3.714412e-01,6.340221e-01,-7.340695e-01,-8.167735e-01,8.885569e-01
-3.117675e-01,-6.772151e+00,-2.510600e+00,5.932428e-01,2.418392e+00,-1.781177e-01,-3.452646e-01,6.732859e-01,-7.835795e-01,-9.648715e-01,8.085586e-01
-6.913977e-02,-6.808388e+00,-2.475651e+00,3.326166e-01,2.120970e+00,-3.776772e-01,-5.542595e-01,4.553377e-01,-8.312294e-01,-1.088370e+00,7.231465e-01
3.955857e-01,-6.680788e+00,-2.126840e+00,5.114463e-01,2.285699e+00,-1.203167e-01,-4.629475e-01,7.474055e-01,-7.182110e-01,-7.953578e-01,8.798853e-01
-3.619688e-01,-7.089389e+00,-2.603990e+00,3.953751e-01,2.235671e+00,-2.330279e-01,-4.466460e-01,6.937192e-01,-6.913471e-01,-8.521288e-01,1.083568e+00
-4.260611e-02,-6.815668e+00,-2.241938e+00,5.940929e-01,2.436838e+00,-2.082619e-01,-3.407135e-01,4.787321e-01,-7.312388e-01,-1.038722e+00,8.904578e-01
-8.230673e-02,-6.675435e+00,-2.039980e+00,9.064259e-01,2.729240e+00,6.905214e-02,-1.715304e-01,5.610982e-01,-7.685225e-01,-1.021004e+00,7.952669e-01
1.100546e-01,-6.767100e+00,-2.146138e+00,6.473069e-01,2.461200e+00,-1.094334e-01,-3.499072e-01,6.244094e-01,-7.952249e-01,-9.279184e-01,8.278023e-01
2.605909e-01,-6.568275e+00,-2.182682e+00,6.436455e-01,2.286696e+00,-1.252350e-01,-4.501832e-01,6.656095e-01,-7.210061e-01,-8.708975e-01,9.213371e-01
7.739206e-02,-6.579580e+00,-2.352122e+00,6.365001e-01,2.350901e+00,-1.433477e-01,-5.006274e-01,7.580400e-01,-7.783184e-01,-9.324309e-01,9.074049e-01
2.206146e-01,-6.614428e+00,-2.264811e+00,5.179432e-01,2.354541e+00,-3.015647e-01,-4.395997e-01,5.916851e-01,-7.425876e-01,-9.494734e-01,9.102674e-01
-1.566681e-01,-6.838458e+00,-2.302069e+00,5.587862e-01,2.310115e+00,-1.618129e-01,-4.262322e-01,5.241267e-01,-7.777407e-01,-8.635470e-01,8.467040e-01
-2.397700e-01,-6.816213e+00,-2.286154e+00,7.313261e-01,2.533488e+00,-3.471225e-02,-2.947152e-01,6.700669e-01,-7.395045e-01,-8.469113e-01,9.505774e-01
-4.382457e-02,-6.821102e+00,-2.262511e+00,6.849334e-01,2.419483e+00,-1.708839e-02,-3.362291e-01,7.372142e-01,-6.686337e-01,-8.461914e-01,1.011387e+00
-3.818530e-01,-7.065592e+00,-2.483834e+00,5.226529e-01,2.283868e+00,-6.151463e-02,-3.379246e-01,6.966941e-01,-6.523454e-01,-9.172791e-01,9.022105e-01
3.143752e-01,-6.401842e+00,-2.198743e+00,6.546961e-01,2.322552e+00,-1.946784e-01,-4.088770e-01,7.052888e-01,-7.219890e-01,-8.209768e-01,9.448723e-01
2.343754e-01,-6.511901e+00,-2.192853e+00,5.650041e-01,2.310980e+00,-2.486473e-01,-4.629222e-01,5.131588e-01,-7.471248e-01,-1.027863e+00,7.713301e-01
-1.286671e-01,-6.765147e+00,-2.344884e+00,5.844726e-01,2.468499e+00,-1.614375e-01,-3.562145e-01,6.404183e-01,-6.783419e-01,-9.321505e-01,9.424421e-01
-2.153542e-01,-6.804067e+00,-2.424028e+00,6.782239e-01,2.435908e+00,-8.274561e-02,-3.532137e-01,6.922587e-01,-6.742219e-01,-9.778808e-01,1.061523e+00
-3.487215e-01,-7.011862e+00,-2.400080e+00,6.019585e-01,2.222637e+00,-1.430133e-01,-6.445345e-01,4.390900e-01,-1.062593e+00,-9.804763e-01,7.321740e-01
4.325215e-02,-6.698398e+00,-2.242054e+00,5.704575e-01,2.315278e+00,-2.220326e-01,-3.713459e-01,4.999730e-01,-7.754946e-01,-9.486250e-01,8.165599e-01
2.563510e-01,-6.486828e+00,-2.176593e+00,7.026998e-01,2.385317e+00,-8.266746e-02,-2.987370e-01,7.751566e-01,-6.662423e-01,-7.984091e-01,9.047764e-01
1.614604e-01,-6.723985e+00,-2.236573e+00,4.978531e-01,2.350334e+00,-2.312849e-01,-4.142788e-01,6.423893e-01,-7.412434e-01,-9.235085e-01,8.572426e-01
4.730669e-01,-6.484676e+00,-2.114907e+00,6.359164e-01,2.380833e+00,-1.098453e-01,-4.357897e-01,7.704265e-01,-6.585260e-01,-8.400075e-01,1.024024e+00
4.765633e-03,-6.679446e+00,-2.231859e+00,7.010433e-01,2.517838e+00,-6.082929e-02,-3.179505e-01,5.829146e-01,-6.694741e-01,-1.053296e+00,9.488220e-01
-3.351694e-01,-6.900086e+00,-2.339958e+00,6.299329e-01,2.454882e+00,-5.156946e-02,-2.950250e-01,5.981734e-01,-7.381967e-01,-8.967164e-01,8.182314e-01
-1.066921e-01,-6.742571e+00,-2.363213e+00,6.609486e-01,2.471751e+00,-7.865951e-02,-2.619978e-01,7.962503e-01,-6.582049e-01,-8.039969e-01,9.740891e-01
-7.594278e-02,-6.960279e+00,-2.432121e+00,3.357284e-01,2.122757e+00,-4.432577e-01,-6.119394e-01,3.684975e-01,-9.736506e-01,-1.120397e+00,7.006853e-01
5.853732e-01,-6.497369e+00,-1.995222e+00,5.666881e-01,2.213504e+00,-2.377253e-01,-4.669457e-01,4.856723e-01,-7.703145e-01,-1.019849e+00,8.190869e-01
1.279210e-01,-6.689211e+00,-2.288629e+00,5.741888e-01,2.385576e+00,-1.086208e-01,-3.368096e-01,8.063195e-01,-6.910148e-01,-8.251202e-01,8.766469e-01
-3.927902e-01,-7.219284e+00,-2.671170e+00,1.504166e-01,2.121473e+00,-5.018105e-01,-6.589836e-01,4.088648e-01,-8.656324e-01,-1.022515e+00,8.787482e-01
-1.851682e-01,-6.818705e+00,-2.422907e+00,5.169398e-01,2.347532e+00,-2.415017e-01,-4.608776e-01,4.970815e-01,-8.102155e-01,-1.085512e+00,7.253052e-01
-1.867994e-01,-6.825055e+00,-2.295932e+00,7.340472e-01,2.542852e+00,2.280029e-03,-3.261515e-01,6.908943e-01,-8.067683e-01,-9.507312e-01,8.509788e-01
2.094191e-01,-6.681731e+00,-2.141583e+00,6.497564e-01,2.264711e+00,-2.672124e-02,-4.424764e-01,6.904978e-01,-8.212440e-01,-8.082871e-01,7.654871e-01
2.114845e-03,-6.599507e+00,-2.402333e+00,5.669191e-01,2.169489e+00,-2.696094e-01,-4.393265e-01,5.574565e-01,-7.075481e-01,-9.374863e-01,9.707599e-01
2.929063e-01,-6.563972e+00,-2.117088e+00,5.987757e-01,2.527556e+00,-2.320527e-01,-2.321454e-01,6.655920e-01,-6.376627e-01,-9.176795e-01,9.723528e-01
2.038959e-01,-6.564171e+00,-2.164353e+00,5.681778e-01,2.373905e+00,-1.837094e-01,-3.013706e-01,6.338493e-01,-5.788761e-01,-7.882946e-01,9.864497e-01
-1.999183e-01,-6.866967e+00,-2.340114e+00,6.211263e-01,2.483995e+00,-5.115981e-02,-3.957276e-01,6.785720e-01,-7.951843e-01,-8.906859e-01,8.457300e-01
-5.096797e-01,-7.232887e+00,-2.544102e+00,4.799250e-01,2.379647e+00,-4.831089e-02,-3.998345e-01,6.931898e-01,-7.605418e-01,-9.547048e-01,9.024348e-01
-1.579642e-01,-6.815513e+00,-2.416985e+00,5.475747e-01,2.243123e+00,-2.442257e-01,-5.255158e-01,5.084660e-01,-8.296822e-01,-9.715808e-01,8.827820e-01
-1.446847e-01,-6.870545e+00,-2.414589e+00,4.534786e-01,2.300200e+00,-3.416475e-01,-3.946852e-01,4.725999e-01,-7.607389e-01,-1.098577e+00,8.609179e-01
1.411085e-01,-6.710997e+00,-2.257706e+00,4.341014e-01,2.176181e+00,-3.434565e-01,-4.163768e-01,4.906787e-01,-7.333696e-01,-9.080920e-01,8.765683e-01
-1.148496e-01,-6.802856e+00,-2.368028e+00,5.039138e-01,2.242301e+00,-2.556743e-01,-4.102150e-01,5.201329e-01,-7.170049e-01,-9.317321e-01,8.996238e-01
-2.281470e-01,-6.832588e+00,-2.492839e+00,6.636165e-01,2.392684e+00,-3.656372e-02,-4.368169e-01,8.353460e-01,-7.764373e-01,-8.697651e-01,9.524642e-01
-6.647739e-01,-7.014725e+00,-2.668506e+00,5.669731e-01,2.333338e+00,-5.865503e-02,-3.484790e-01,6.542584e-01,-6.079768e-01,-9.438387e-01,9.830476e-01
-2.632661e-01,-6.660309e+00,-2.225561e+00,7.976415e-01,2.648626e+00,1.246835e-02,-1.788797e-01,5.852946e-01,-6.452903e-01,-9.892245e-01,8.888342e-01
4.712265e-02,-6.639872e+00,-2.360577e+00,5.962063e-01,2.230756e+00,-2.011959e-01,-4.736110e-01,6.319588e-01,-8.227607e-01,-8.800002e-01,8.228122e-01
2.915151e-01,-6.612066e+00,-2.102352e+00,6.194839e-01,2.318251e+00,-1.580935e-01,-4.403748e-01,6.422033e-01,-7.950790e-01,-8.478104e-01,8.262038e-01
1.722491e-02,-6.688758e+00,-2.321264e+00,6.310531e-01,2.257905e+00,-1.085714e-01,-4.223975e-01,7.036921e-01,-7.087575e-01,-8.878005e-01,9.420899e-01
1.936022e-01,-6.591234e+00,-2.149143e+00,6.939180e-01,2.483538e+00,-7.272794e-02,-2.543329e-01,7.815156e-01,-5.917532e-01,-7.376293e-01,1.074588e+00
-8.684644e-01,-7.206374e+00,-2.623981e+00,6.006597e-01,2.451926e+00,1.337407e-01,-1.343313e-01,8.592153e-01,-4.450997e-01,-6.270572e-01,1.073321e+00
-1.932310e-01,-6.738052e+00,-2.421774e+00,5.841660e-01,2.439574e+00,-2.068380e-01,-3.944817e-01,6.251009e-01,-6.838182e-01,-8.866496e-01,9.929690e-01
-1.350918e-01,-6.665478e+00,-2.467713e+00,6.463855e-01,2.311277e+00,-1.722307e-01,-5.491740e-01,6.494707e-01,-8.726085e-01,-1.012180e+00,8.367229e-01
1.663099e-01,-6.636766e+00,-2.182002e+00,6.706410e-01,2.296330e+00,-3.462704e-02,-3.784774e-01,7.263967e-01,-6.427144e-01,-7.655803e-01,9.939244e-01
4.985303e-01,-6.287038e+00,-2.031919e+00,7.204456e-01,2.359435e+00,-1.800983e-01,-2.990959e-01,5.976003e-01,-6.528563e-01,-9.378087e-01,9.510944e-01
-1.008738e-01,-6.650601e+00,-2.340065e+00,6.496565e-01,2.290815e+00,-1.252398e-01,-3.618728e-01,6.122428e-01,-7.334007e-01,-8.548361e-01,8.817527e-01
-1.321133e-01,-6.865968e+00,-2.311856e+00,5.094952e-01,2.399854e+00,-2.930561e-01,-4.063280e-01,3.553503e-01,-8.438029e-01,-1.177534e+00,7.752181e-01
-3.470337e-01,-6.867334e+00,-2.488997e+00,6.196224e-01,2.476245e+00,-1.234901e-01,-3.667768e-01,6.167021e-01,-7.477997e-01,-1.033848e+00,1.003791e+00
-1.989752e-01,-6.956694e+00,-2.393805e+00,5.150492e-01,2.347086e+00,-1.015850e-01,-4.215209e-01,5.919318e-01,-6.706013e-01,-9.814735e-01,9.868004e-01
3.793317e-01,-6.444457e+00,-2.115312e+00,6.452475e-01,2.338812e+00,-1.399853e-01,-3.902344e-01,6.537116e-01,-6.684194e-01,-8.887007e-01,9.138140e-01
1.344812e-01,-6.613211e+00,-2.272175e+00,5.658473e-01,2.373876e+00,-2.210265e-01,-3.028257e-01,7.046346e-01,-6.445598e-01,-8.580853e-01,9.526395e-01
-3.915976e-02,-6.666866e+00,-2.342168e+00,5.192634e-01,2.224581e+00,-2.383733e-01,-3.862064e-01,5.892382e-01,-7.090149e-01,-8.582915e-01,8.599628e-01
1.413697e-01,-6.629378e+00,-2.194249e+00,5.666740e-01,2.304475e+00,-2.568207e-01,-3.660554e-01,4.580771e-01,-6.749946e-01,-9.647902e-01,1.003423e+00
-3.757757e-01,-7.051807e+00,-2.408073e+00,6.171135e-01,2.418660e+00,-9.330028e-02,-4.163445e-01,4.548389e-01,-9.082839e-01,-1.149957e+00,8.402097e-01
1.123961e-01,-6.699739e+00,-2.132062e+00,6.419932e-01,2.519392e+00,-8.338481e-02,-3.097947e-01,6.056646e-01,-6.524101e-01,-9.152857e-01,9.356297e-01
-1.887160e-01,-6.853813e+00,-2.472017e+00,4.233112e-01,2.437710e+00,-3.198306e-01,-3.601876e-01,5.609783e-01,-6.944691e-01,-1.080992e+00,8.869139e-01
2.356141e-01,-6.485629e+00,-2.243624e+00,5.975002e-01,2.300354e+00,-2.303696e-01,-4.317987e-01,5.908580e-01,-7.013166e-01,-9.499894e-01,9.194209e-01
2.454181e-01,-6.503974e+00,-2.198584e+00,5.372090e-01,2.138706e+00,-2.397426e-01,-5.051820e-01,5.497171e-01,-7.812840e-01,-8.357027e-01,8.371243e-01
-4.089682e-01,-7.364948e+00,-2.670652e+00,1.172515e-01,2.015379e+00,-4.984388e-01,-6.313226e-01,4.261146e-01,-8.935751e-01,-1.007713e+00,8.974322e-01
-7.781833e-02,-6.797780e+00,-2.353540e+00,4.423835e-01,2.244958e+00,-4.539845e-01,-5.747968e-01,2.128842e-01,-9.632557e-01,-1.318990e+00,6.708740e-01
-3.939047e-01,-6.981803e+00,-2.400206e+00,5.536478e-01,2.431844e+00,-1.114475e-01,-3.034272e-01,6.209312e-01,-7.125841e-01,-8.223868e-01,8.667437e-01
-1.665504e-01,-6.538348e+00,-2.327492e+00,8.685880e-01,2.588042e+00,8.604825e-02,-1.711469e-01,8.269520e-01,-5.689472e-01,-8.237664e-01,1.106952e+00
1.078769e-01,-6.635472e+00,-2.317896e+00,4.762007e-01,2.225926e+00,-3.099962e-01,-5.309647e-01,4.764860e-01,-7.977562e-01,-1.046470e+00,7.712523e-01
1.529859e-01,-6.591661e+00,-2.228299e+00,6.586055e-01,2.408729e+00,-1.206655e-01,-3.618794e-01,7.104015e-01,-6.602777e-01,-9.525259e-01,9.883677e-01
1.749932e-01,-6.556050e+00,-2.223013e+00,6.284204e-01,2.440443e+00,-2.138895e-01,-3.084237e-01,6.654286e-01,-6.482129e-01,-9.145300e-01,1.027584e+00
-7.950091e-02,-6.570156e+00,-2.237293e+00,7.505681e-01,2.341254e+00,-6.444997e-02,-3.167734e-01,5.827866e-01,-6.488999e-01,-7.935175e-01,9.697831e-01
-3.761719e-01,-6.727541e+00,-2.240455e+00,9.168222e-01,2.654802e+00,1.429560e-01,-1.445759e-01,6.541827e-01,-6.834079e-01,-9.164842e-01,8.957225e-01
-4.027572e-01,-7.114180e+00,-2.607569e+00,2.938347e-01,2.208849e+00,-4.585829e-01,-5.526917e-01,3.848399e-01,-8.859690e-01,-1.119026e+00,8.491565e-01
-3.034958e-01,-6.902382e+00,-2.539221e+00,4.899292e-01,2.261421e+00,-1.917504e-01,-4.843193e-01,6.162147e-01,-7.165657e-01,-1.024510e+00,9.230853e-01
2.250987e-01,-6.477226e+00,-2.205470e+00,6.417955e-01,2.378592e+00,-1.609443e-01,-3.951356e-01,6.533127e-01,-6.786573e-01,-9.297319e-01,9.145013e-01
1.828139e-01,-6.588257e+00,-2.172797e+00,4.725816e-01,2.394984e+00,-3.552795e-01,-2.907426e-01,4.982880e-01,-6.442978e-01,-9.085134e-01,9.515611e-01
-2.791086e-01,-6.906469e+00,-2.329793e+00,6.193243e-01,2.440585e+00,-7.382949e-02,-2.838276e-01,5.929753e-01,-7.074285e-01,-9.666667e-01,8.904520e-01
-9.016828e-02,-6.662583e+00,-2.252049e+00,9.235435e-01,2.631278e+00,2.189012e-01,-1.023128e-01,1.003125e+00,-5.263335e-01,-6.927062e-01,1.106687e+00
-4.565640e-01,-7.118350e+00,-2.321920e+00,6.963279e-01,2.597126e+00,1.462147e-01,-1.452631e-01,7.891308e-01,-6.173452e-01,-8.298556e-01,9.966779e-01
-2.917122e-01,-7.016738e+00,-2.454690e+00,4.300934e-01,2.152979e+00,-2.162178e-01,-5.437734e-01,5.171386e-01,-8.787722e-01,-8.992177e-01,7.475518e-01
9.242232e-02,-6.514513e+00,-2.370374e+00,5.537672e-01,2.217541e+00,-2.567119e-01,-5.403716e-01,6.179311e-01,-7.730245e-01,-9.308127e-01,8.497396e-01
3.297183e-02,-6.549862e+00,-2.291546e+00,6.564178e-01,2.434338e+00,-1.106002e-01,-3.752696e-01,7.194558e-01,-6.798599e-01,-9.297443e-01,8.722367e-01
1.979213e-01,-6.576804e+00,-2.216732e+00,6.189597e-01,2.342980e+00,-1.587317e-01,-4.074192e-01,6.533383e-01,-7.276729e-01,-9.205798e-01,8.455628e-01
-1.343548e-01,-6.846483e+00,-2.345411e+00,6.427243e-01,2.382894e+00,9.593549e-03,-2.960941e-01,8.269404e-01,-6.288130e-01,-7.052102e-01,1.051157e+00
-4.462060e-01,-6.857686e+00,-2.269131e+00,9.017554e-01,2.613010e+00,2.850148e-01,-1.244381e-01,7.452898e-01,-7.412307e-01,-9.099999e-01,7.044258e-01
4.688818e-02,-6.632506e+00,-2.264797e+00,5.993787e-01,2.427540e+00,-2.267068e-01,-2.847242e-01,6.161980e-01,-6.489443e-01,-8.468834e-01,9.617130e-01
-1.983231e-01,-6.799237e+00,-2.516004e+00,4.446086e-01,2.282796e+00,-3.477382e-01,-4.550190e-01,5.749377e-01,-7.615158e-01,-9.657493e-01,9.637631e-01
2.880662e-01,-6.544399e+00,-2.190111e+00,5.557171e-01,2.232135e+00,-1.942583e-01,-4.883386e-01,5.756624e-01,-7.565034e-01,-9.588651e-01,8.030025e-01
1.862915e-01,-6.489765e+00,-2.386106e+00,5.333075e-01,2.143064e+00,-3.236352e-01,-6.162805e-01,5.202841e-01,-7.932009e-01,-1.031848e+00,9.633546e-01
-5.582559e-01,-7.149216e+00,-2.675635e+00,3.192833e-01,2.190455e+00,-3.395001e-01,-4.849136e-01,4.587773e-01,-7.835754e-01,-1.043016e+00,9.007071e-01
-2.739745e-01,-6.830321e+00,-2.425597e+00,5.281345e-01,2.309452e+00,-2.332657e-01,-4.187078e-01,5.001683e-01,-8.003319e-01,-9.693054e-01,7.749425e-01
-5.645272e-01,-7.070629e+00,-2.530037e+00,5.223183e-01,2.424729e+00,-1.553874e-01,-3.041871e-01,5.564998e-01,-8.292112e-01,-1.031880e+00,7.037915e-01
1.229914e-01,-6.638613e+00,-2.228333e+00,6.091244e-01,2.193441e+00,-1.338163e-01,-4.833109e-01,5.908493e-01,-7.809142e-01,-8.257645e-01,8.722712e-01
3.847562e-01,-6.212564e+00,-2.145781e+00,7.901611e-01,2.210398e+00,-1.120865e-01,-5.327044e-01,6.024581e-01,-8.463704e-01,-9.568828e-01,7.687174e-01
1.977424e-01,-6.361749e+00,-2.328847e+00,7.092449e-01,2.441204e+00,-1.981320e-01,-4.478416e-01,7.290998e-01,-7.853627e-01,-1.014288e+00,9.371096e-01
2.678808e-01,-6.452337e+00,-2.156859e+00,5.816204e-01,2.452862e+00,-2.804199e-01,-3.190214e-01,4.863143e-01,-6.079189e-01,-1.048891e+00,9.267688e-01
-1.647419e-01,-6.645854e+00,-2.293114e+00,6.674845e-01,2.404655e+00,-8.637981e-02,-3.425942e-01,6.234451e-01,-7.098499e-01,-7.784867e-01,9.167145e-01
-8.498136e-02,-6.724465e+00,-2.173205e+00,8.440534e-01,2.613929e+00,1.047393e-01,-2.621604e-01,7.105161e-01,-8.151725e-01,-9.703738e-01,8.285576e-01
9.473353e-02,-6.548819e+00,-2.219644e+00,7.238535e-01,2.272369e+00,-1.146387e-01,-4.637091e-01,5.532281e-01,-7.954326e-01,-9.576601e-01,8.921644e-01
-7.921514e-02,-6.772316e+00,-2.343851e+00,5.438116e-01,2.290694e+00,-2.318875e-01,-4.107024e-01,5.818193e-01,-7.166330e-01,-9.150293e-01,9.431106e-01
3.124101e-01,-6.278153e+00,-2.122327e+00,6.535987e-01,2.355450e+00,-2.882165e-01,-3.330546e-01,4.795894e-01,-6.286603e-01,-1.029125e+00,9.582696e-01
-2.861158e-02,-6.549760e+00,-2.353361e+00,5.809376e-01,2.213682e+00,-2.233057e-01,-4.373924e-01,4.895910e-01,-6.956867e-01,-9.615539e-01,8.775228e-01
-4.287433e-01,-7.002250e+00,-2.618603e+00,4.916686e-01,2.241711e+00,-1.794796e-01,-5.682211e-01,6.171374e-01,-8.076922e-01,-9.782442e-01,9.414257e-01
-1.330745e-01,-6.769277e+00,-2.320425e+00,7.096516e-01,2.466341e+00,-1.469864e-02,-4.037715e-01,7.046010e-01,-7.998237e-01,-9.921375e-01,8.432971e-01
-4.625048e-01,-6.812103e+00,-2.435683e+00,7.471021e-01,2.314902e+00,-3.715645e-02,-4.306285e-01,4.896808e-01,-8.253766e-01,-9.940231e-01,8.423795e-01
2.420674e-01,-6.424577e+00,-2.170743e+00,6.986149e-01,2.287600e+00,-2.000049e-01,-4.444435e-01,5.535135e-01,-7.583932e-01,-8.646399e-01,9.450337e-01
1.473133e-01,-6.489010e+00,-2.234921e+00,5.957047e-01,2.244407e+00,-3.136171e-01,-4.112048e-01,4.352473e-01,-7.009321e-01,-1.017864e+00,8.863612e-01
-1.668928e-01,-6.744679e+00,-2.401727e+00,5.251856e-01,2.308302e+00,-2.350376e-01,-4.089455e-01,5.564479e-01,-7.443331e-01,-1.064669e+00,8.256551e-01
2.650928e-01,-6.488940e+00,-2.270702e+00,6.844565e-01,2.348767e+00,-1.653393e-01,-5.251424e-01,6.852007e-01,-8.209221e-01,-9.399593e-01,9.021009e-01
-4.334321e-01,-6.867382e+00,-2.474918e+00,5.822715e-01,2.308847e+00,-1.814622e-01,-5.112730e-01,4.361193e-01,-8.720504e-01,-9.882694e-01,7.889797e-01
-2.805135e-01,-6.818684e+00,-2.261421e+00,6.512271e-01,2.613146e+00,-1.439797e-01,-1.829174e-01,4.815907e-01,-6.971304e-01,-1.045977e+00,8.547727e-01
-2.074587e-02,-6.630027e+00,-2.273354e+00,7.345848e-01,2.460831e+00,-2.190900e-02,-2.249739e-01,8.161832e-01,-5.529143e-01,-7.242757e-01,1.060135e+00
5.568031e-02,-6.716764e+00,-2.250744e+00,6.180101e-01,2.267086e+00,-1.417529e-01,-4.422829e-01,5.813822e-01,-7.512571e-01,-9.824812e-01,8.607000e-01
2.842950e-01,-6.547890e+00,-2.183981e+00,5.421296e-01,2.161247e+00,-3.105365e-01,-5.243438e-01,4.651250e-01,-8.249851e-01,-9.987920e-01,8.244131e-01
-2.765223e-01,-6.741531e+00,-2.472862e+00,4.936424e-01,2.208532e+00,-3.133588e-01,-5.235021e-01,4.382931e-01,-8.792052e-01,-1.010054e+00,7.776997e-01
-3.765656e-01,-6.801105e+00,-2.489929e+00,6.009641e-01,2.382530e+00,-1.322600e-01,-4.279042e-01,5.833607e-01,-7.807475e-01,-9.803340e-01,7.854007e-01
-1.796428e-01,-6.502818e+00,-2.372091e+00,8.333869e-01,2.585779e+00,3.921009e-02,-2.645678e-01,7.492643e-01,-6.655953e-01,-1.029003e+00,8.649041e-01
-3.898610e-01,-6.879471e+00,-2.281276e+00,8.983666e-01,2.723938e+00,3.780846e-01,-1.186200e-02,9.750224e-01,-5.963658e-01,-8.581601e-01,8.086364e-01
-2.821561e-01,-6.962877e+00,-2.588760e+00,3.041129e-01,1.858772e+00,-3.680358e-01,-6.903872e-01,3.588251e-01,-9.156155e-01,-1.043570e+00,7.102204e-01
1.922949e-01,-6.488086e+00,-2.219184e+00,6.585380e-01,2.344805e+00,-1.439297e-01,-3.345823e-01,7.479668e-01,-7.210869e-01,-7.802997e-01,8.973974e-01
-2.728252e-01,-6.797023e+00,-2.618339e+00,3.784002e-01,2.000451e+00,-4.316816e-01,-6.653005e-01,4.227406e-01,-9.531404e-01,-1.035009e+00,7.265174e-01
-9.464072e-02,-6.697427e+00,-2.346661e+00,5.691925e-01,2.313481e+00,-1.073833e-01,-3.061380e-01,7.398754e-01,-5.490973e-01,-6.519114e-01,1.073664e+00
-3.849871e-01,-6.811893e+00,-2.412918e+00,7.931289e-01,2.622202e+00,1.707072e-01,-1.828058e-01,9.009107e-01,-5.774579e-01,-7.861671e-01,1.072837e+00
-2.393663e-01,-6.708731e+00,-2.412187e+00,6.453712e-01,2.377332e+00,-9.211886e-02,-3.322137e-01,6.089164e-01,-6.142479e-01,-9.411331e-01,9.882474e-01
1.457641e-02,-6.655915e+00,-2.283787e+00,6.946490e-01,2.418114e+00,-1.360336e-02,-2.901475e-01,8.065233e-01,-6.179858e-01,-7.915497e-01,9.457900e-01
-3.026271e-02,-6.639408e+00,-2.322411e+00,6.243325e-01,2.405833e+00,-1.534012e-01,-2.283985e-01,6.816655e-01,-6.248587e-01,-9.231996e-01,8.899654e-01
2.803170e-01,-6.443454e+00,-2.105219e+00,6.440919e-01,2.279364e+00,-1.297478e-01,-3.000953e-01,6.232460e-01,-6.443273e-01,-8.204535e-01,8.353825e-01
-1.368771e-01,-6.742157e+00,-2.436454e+00,5.664680e-01,2.191432e+00,-1.846568e-01,-4.668689e-01,5.609345e-01,-7.718433e-01,-9.950870e-01,8.601921e-01
8.778408e-02,-6.643426e+00,-2.244180e+00,7.010192e-01,2.469601e+00,-6.833886e-02,-4.129391e-01,7.580897e-01,-7.384958e-01,-8.486697e-01,1.002577e+00
-1.088941e-01,-6.594527e+00,-2.208088e+00,8.304116e-01,2.686820e+00,8.603705e-02,-1.333929e-01,6.903399e-01,-5.741727e-01,-1.001543e+00,8.402697e-01
8.532930e-02,-6.392456e+00,-2.173435e+00,8.068284e-01,2.580792e+00,-1.219524e-01,-3.255854e-01,5.546686e-01,-7.534929e-01,-1.008213e+00,8.446083e-01
8.455885e-02,-6.584966e+00,-2.335117e+00,4.139045e-01,2.139864e+00,-4.912668e-01,-5.482003e-01,2.735760e-01,-8.490292e-01,-1.162493e+00,8.011157e-01
1.369343e-01,-6.557005e+00,-2.209669e+00,6.468789e-01,2.323868e+00,-1.834653e-01,-3.081840e-01,5.931426e-01,-5.776974e-01,-8.910930e-01,1.107423e+00
-1.231890e-02,-6.489117e+00,-2.337436e+00,7.565944e-01,2.318130e+00,-1.091855e-01,-4.000833e-01,6.594686e-01,-6.951387e-01,-9.602067e-01,9.933346e-01
8.017258e-02,-6.548380e+00,-2.177302e+00,6.956263e-01,2.398738e+00,-1.633072e-01,-3.526693e-01,5.448967e-01,-7.534711e-01,-9.042607e-01,8.623196e-01
-3.264723e-01,-6.703501e+00,-2.172492e+00,9.261137e-01,2.697035e+00,1.785024e-01,-1.324199e-01,6.538449e-01,-5.946391e-01,-8.524038e-01,1.042013e+00
1.727920e-02,-6.437272e+00,-2.277193e+00,8.239915e-01,2.486957e+00,-1.520716e-02,-4.015774e-01,7.202434e-01,-7.195098e-01,-8.974073e-01,9.393533e-01
1.955584e-01,-6.546885e+00,-2.142706e+00,7.147101e-01,2.477289e+00,-7.887557e-02,-3.915096e-01,6.368652e-01,-7.556640e-01,-1.031580e+00,8.311470e-01
3.193821e-01,-6.441038e+00,-2.127897e+00,7.142215e-01,2.325926e+00,-9.751579e-02,-4.088488e-01,6.982740e-01,-6.820649e-01,-8.569010e-01,9.630537e-01
1.615782e-01,-6.436847e+00,-2.283367e+00,5.738496e-01,2.158285e+00,-3.200568e-01,-4.576360e-01,4.973507e-01,-7.382827e-01,-9.050275e-01,9.472943e-01
-2.082177e-01,-6.819008e+00,-2.309704e+00,5.235169e-01,2.336415e+00,-2.664207e-01,-3.333962e-01,4.071497e-01,-6.731661e-01,-9.875324e-01,9.484921e-01
-1.662351e-01,-6.767604e+00,-2.362054e+00,6.837372e-01,2.397223e+00,-7.793495e-02,-3.894267e-01,7.312334e-01,-7.091075e-01,-7.374774e-01,1.043098e+00
-3.592439e-01,-6.899830e+00,-2.508579e+00,6.067377e-01,2.318473e+00,-1.334142e-01,-4.960972e-01,6.158196e-01,-7.878918e-01,-9.544846e-01,9.776551e-01
-7.318540e-02,-6.474681e+00,-2.221950e+00,8.749062e-01,2.514874e+00,1.309217e-01,-2.892512e-01,7.729537e-01,-6.717196e-01,-8.394685e-01,8.293862e-01
2.461070e-01,-6.321809e+00,-2.227961e+00,7.037954e-01,2.370365e+00,-1.782099e-01,-3.756814e-01,6.870701e-01,-7.118057e-01,-8.465529e-01,8.930703e-01
-1.247905e-01,-6.528565e+00,-2.354387e+00,6.860620e-01,2.425173e+00,-1.143806e-01,-1.964816e-01,7.316698e-01,-5.699277e-01,-8.560908e-01,9.572529e-01
1.460414e-01,-6.510510e+00,-2.199113e+00,6.773215e-01,2.325817e+00,-2.058469e-01,-3.932226e-01,5.191330e-01,-7.235078e-01,-9.654079e-01,9.043326e-01
2.742636e-02,-6.548591e+00,-2.272003e+00,7.766805e-01,2.366215e+00,-1.177374e-01,-4.337793e-01,5.628383e-01,-8.055848e-01,-1.019529e+00,9.777963e-01
-3.318529e-01,-6.796042e+00,-2.394856e+00,6.928337e-01,2.260832e+00,-1.314225e-01,-5.650089e-01,4.231310e-01,-9.326435e-01,-9.745380e-01,8.490647e-01
-4.839985e-03,-6.599905e+00,-2.327063e+00,6.011376e-01,2.359550e+00,-2.088091e-01,-3.810596e-01,6.088246e-01,-6.800648e-01,-8.436207e-01,9.070473e-01
9.530037e-02,-6.319595e+00,-2.279531e+00,7.959017e-01,2.584653e+00,-7.008320e-02,-3.293566e-01,8.189831e-01,-7.419392e-01,-9.118538e-01,8.501105e-01
2.822281e-01,-6.312728e+00,-2.184334e+00,7.079147e-01,2.292540e+00,-1.595097e-01,-4.745652e-01,6.117930e-01,-7.738015e-01,-9.189875e-01,8.155054e-01
1.948077e-01,-6.502952e+00,-2.304414e+00,5.501584e-01,2.090725e+00,-2.823798e-01,-5.560664e-01,5.076431e-01,-8.144472e-01,-9.123104e-01,8.773651e-01
-5.576989e-01,-7.063550e+00,-2.586686e+00,5.168550e-01,2.365679e+00,-1.030749e-01,-1.600985e-01,6.881115e-01,-4.688604e-01,-8.776037e-01,1.142127e+00
-6.566848e-02,-6.629530e+00,-2.199004e+00,7.658930e-01,2.505349e+00,-5.097920e-02,-2.531639e-01,5.608737e-01,-7.337095e-01,-9.863752e-01,7.983888e-01
-4.206581e-01,-6.707239e+00,-2.327106e+00,8.839647e-01,2.750538e+00,2.607759e-01,1.564479e-01,9.968793e-01,-3.139327e-01,-6.427470e-01,1.108622e+00
-2.470114e-01,-6.531217e+00,-2.384737e+00,8.590355e-01,2.531957e+00,1.637637e-01,-1.051397e-01,8.750734e-01,-4.715702e-01,-8.224168e-01,9.949357e-01
3.471172e-01,-6.439436e+00,-2.147703e+00,6.536103e-01,2.299778e+00,-7.845359e-02,-3.952523e-01,6.835899e-01,-6.084336e-01,-9.078899e-01,9.462065e-01
3.284330e-04,-6.554227e+00,-2.357019e+00,5.113188e-01,2.342870e+00,-3.778182e-01,-4.271390e-01,4.575150e-01,-7.586158e-01,-1.115818e+00,8.873718e-01
-1.840113e-02,-6.433531e+00,-2.274710e+00,7.338088e-01,2.401160e+00,-9.189254e-02,-3.142316e-01,6.586893e-01,-6.720286e-01,-8.954623e-01,8.792029e-01
-3.081041e-01,-6.834783e+00,-2.298617e+00,7.501542e-01,2.535000e+00,2.008929e-01,-1.495942e-02,9.285991e-01,-4.612693e-01,-5.950269e-01,9.311674e-01
-9.366895e-01,-7.370139e+00,-2.782323e+00,4.209016e-01,2.312332e+00,-8.139642e-02,-2.727004e-01,6.918306e-01,-7.031177e-01,-8.749957e-01,9.395266e-01
1.793456e-01,-6.537234e+00,-2.204143e+00,7.056733e-01,2.289196e+00,-1.212754e-01,-4.829126e-01,5.450527e-01,-8.795765e-01,-1.020786e+00,7.249315e-01
2.084803e-01,-6.354336e+00,-2.168592e+00,8.189393e-01,2.488063e+00,2.790505e-02,-3.096736e-01,8.362447e-01,-6.271452e-01,-7.799565e-01,9.498192e-01
1.578845e-01,-6.299258e+00,-2.299387e+00,6.254783e-01,2.389813e+00,-3.146021e-01,-3.903597e-01,5.377516e-01,-6.902503e-01,-1.057130e+00,9.055205e-01
3.459012e-02,-6.420735e+00,-2.307873e+00,6.306443e-01,2.244764e+00,-2.312716e-01,-4.280526e-01,4.938125e-01,-7.054489e-01,-9.318855e-01,8.660226e-01
-1.787019e-01,-6.499090e+00,-2.229605e+00,9.529611e-01,2.524536e+00,1.274970e-01,-2.819547e-01,6.995429e-01,-7.591616e-01,-9.199549e-01,8.295948e-01
2.784029e-01,-6.464919e+00,-2.063933e+00,8.845585e-01,2.530521e+00,-3.776179e-02,-3.970183e-01,6.784707e-01,-7.994876e-01,-9.327118e-01,9.788069e-01
-2.023743e-01,-6.580866e+00,-2.325232e+00,7.344259e-01,2.242348e+00,-2.054648e-01,-6.020523e-01,3.677439e-01,-9.696354e-01,-9.981940e-01,8.222416e-01
-4.699145e-02,-6.604564e+00,-2.257186e+00,6.982681e-01,2.411957e+00,-1.986404e-02,-2.599617e-01,7.498297e-01,-6.725124e-01,-7.931438e-01,7.697977e-01
1.555422e-01,-6.358778e+00,-2.306516e+00,6.258231e-01,2.208133e+00,-2.524731e-01,-4.689895e-01,5.920188e-01,-7.106145e-01,-8.642014e-01,9.183239e-01
1.530792e-01,-6.465057e+00,-2.271556e+00,6.795495e-01,2.303415e+00,-1.273759e-01,-5.189162e-01,7.057592e-01,-7.367928e-01,-8.570325e-01,9.289235e-01
1.057857e-01,-6.510897e+00,-2.295600e+00,7.073753e-01,2.445923e+00,-1.109395e-01,-3.455101e-01,7.604954e-01,-6.114075e-01,-9.006997e-01,1.075262e+00
-1.905641e-01,-6.575603e+00,-2.242454e+00,8.883116e-01,2.526830e+00,6.365004e-02,-2.313850e-01,6.156413e-01,-6.822784e-01,-9.767927e-01,8.883523e-01
-2.977051e-01,-6.615043e+00,-2.233474e+00,8.499621e-01,2.517348e+00,6.834712e-02,-1.681441e-01,6.309212e-01,-5.954606e-01,-8.149018e-01,8.999626e-01
-9.114733e-02,-6.571598e+00,-2.411509e+00,6.348911e-01,2.233248e+00,-2.436126e-01,-5.045914e-01,5.347484e-01,-8.714600e-01,-1.005673e+00,7.419293e-01
3.189147e-01,-6.384667e+00,-2.119366e+00,7.323924e-01,2.392495e+00,-1.983458e-01,-4.650461e-01,6.046325e-01,-7.834002e-01,-9.181213e-01,9.342746e-01
5.629695e-01,-6.390832e+00,-1.956267e+00,6.776308e-01,2.428377e+00,-1.244751e-01,-3.417508e-01,6.951013e-01,-6.342056e-01,-8.303959e-01,9.393151e-01
1.845985e-01,-6.283776e+00,-2.206056e+00,7.411701e-01,2.420146e+00,-1.829720e-01,-3.616501e-01,5.649521e-01,-6.607647e-01,-9.734242e-01,9.727659e-01
-3.149877e-01,-6.591775e+00,-2.284500e+00,8.957155e-01,2.613958e+00,1.443004e-01,-1.393636e-01,7.742742e-01,-5.463303e-01,-7.845644e-01,9.867906e-01
8.978047e-03,-6.623121e+00,-2.108566e+00,8.409022e-01,2.716862e+00,4.292014e-02,-1.383597e-01,7.425678e-01,-6.547928e-01,-8.534677e-01,9.588238e-01
-1.880477e-01,-6.665394e+00,-2.287579e+00,8.413845e-01,2.536723e+00,1.476807e-02,-3.332780e-01,6.318941e-01,-8.599781e-01,-1.058947e+00,8.597201e-01
2.131847e-01,-6.530621e+00,-2.201773e+00,5.447272e-01,2.135350e+00,-2.873799e-01,-5.321390e-01,4.321578e-01,-8.126065e-01,-9.429613e-01,8.797058e-01
1.686102e-01,-6.440712e+00,-2.304923e+00,6.308330e-01,2.203117e+00,-2.158754e-01,-4.511764e-01,5.763320e-01,-7.447371e-01,-1.014791e+00,8.675215e-01
-1.603770e-01,-6.521501e+00,-2.422241e+00,6.226998e-01,2.375114e+00,-1.659094e-01,-3.383978e-01,6.347088e-01,-5.881850e-01,-9.880678e-01,9.316238e-01
1.461895e-02,-6.384132e+00,-2.342914e+00,7.345828e-01,2.322216e+00,-9.588908e-02,-4.310902e-01,6.377893e-01,-7.114383e-01,-9.176059e-01,8.281439e-01
1.875977e-03,-6.267557e+00,-2.195681e+00,9.909228e-01,2.493636e+00,5.337283e-02,-4.659596e-01,6.193510e-01,-9.391450e-01,-9.690411e-01,7.689495e-01
8.142344e-02,-6.534092e+00,-2.134424e+00,8.232871e-01,2.376003e+00,-5.047296e-02,-5.227376e-01,4.042582e-01,-1.029969e+00,-1.224082e+00,5.866500e-01
-1.918516e-01,-6.958042e+00,-2.455563e+00,3.425419e-01,2.180570e+00,-3.355727e-01,-4.382817e-01,5.575577e-01,-7.502326e-01,-8.446628e-01,8.628586e-01
1.159922e-02,-6.411250e+00,-2.297824e+00,7.168965e-01,2.386277e+00,-1.884436e-01,-3.464354e-01,5.917434e-01,-7.835757e-01,-1.019469e+00,7.657502e-01
-2.665342e-04,-6.382179e+00,-2.388286e+00,6.194360e-01,2.161070e+00,-2.052615e-01,-3.571672e-01,6.417465e-01,-5.443349e-01,-7.584092e-01,1.086571e+00
2.389190e-02,-6.572607e+00,-2.279832e+00,5.915529e-01,2.358066e+00,-1.909393e-01,-3.462336e-01,5.147839e-01,-6.734015e-01,-1.056344e+00,8.373363e-01
-2.669607e-01,-6.719357e+00,-2.454402e+00,7.031212e-01,2.425265e+00,2.813692e-02,-3.760533e-01,8.887480e-01,-6.141275e-01,-6.495881e-01,1.121865e+00
2.539296e-01,-6.101467e+00,-1.974603e+00,1.124937e+00,2.679896e+00,1.494167e-01,-2.474530e-01,6.432210e-01,-7.667145e-01,-1.043113e+00,7.639805e-01
-1.535070e-01,-6.481384e+00,-2.255588e+00,8.130840e-01,2.452113e+00,-1.390471e-01,-3.776804e-01,3.855303e-01,-8.452813e-01,-1.104501e+00,8.198423e-01
9.727833e-02,-6.295482e+00,-2.268148e+00,7.100404e-01,2.261036e+00,-2.380160e-01,-3.945897e-01,5.261058e-01,-7.942491e-01,-9.094628e-01,8.522628e-01
3.218842e-01,-6.346004e+00,-2.074758e+00,7.428782e-01,2.319772e+00,-1.320949e-01,-3.503854e-01,5.439024e-01,-7.382624e-01,-9.812143e-01,8.110509e-01
9.580971e-02,-6.474105e+00,-2.293498e+00,7.249011e-01,2.341940e+00,-8.521475e-02,-4.268670e-01,7.492712e-01,-7.107407e-01,-8.626462e-01,1.002308e+00
-2.393951e-01,-6.578028e+00,-2.475396e+00,6.799281e-01,2.392656e+00,-1.368877e-01,-3.392579e-01,6.270589e-01,-6.702447e-01,-1.009672e+00,9.505307e-01
-9.183991e-02,-6.665858e+00,-2.325778e+00,4.855919e-01,2.273648e+00,-4.587745e-01,-6.172441e-01,1.687834e-01,-9.709520e-01,-1.201087e+00,6.529610e-01
-3.318047e-01,-6.886741e+00,-2.499171e+00,5.139146e-01,2.282702e+00,-1.866183e-01,-4.773763e-01,7.082974e-01,-7.676662e-01,-6.815602e-01,1.018883e+00
-1.820148e-01,-6.497336e+00,-2.386459e+00,7.387399e-01,2.331235e+00,-1.098198e-01,-3.349040e-01,6.105154e-01,-7.154258e-01,-9.832896e-01,8.554220e-01
1.922808e-01,-6.549555e+00,-2.154739e+00,7.110003e-01,2.320050e+00,-8.473892e-02,-4.129578e-01,7.002104e-01,-7.304589e-01,-8.469804e-01,9.588561e-01
7.891534e-02,-6.320261e+00,-2.339534e+00,7.160504e-01,2.151930e+00,-2.039097e-01,-4.902537e-01,5.422595e-01,-8.112866e-01,-9.975434e-01,7.954223e-01
-8.806706e-02,-6.592735e+00,-2.275124e+00,6.728073e-01,2.352494e+00,-1.640737e-01,-3.965068e-01,4.787572e-01,-7.803400e-01,-1.009640e+00,7.698880e-01
-2.988611e-01,-6.562653e+00,-2.470903e+00,6.984679e-01,2.310195e+00,-1.933765e-01,-5.526143e-01,4.863910e-01,-8.439888e-01,-1.010756e+00,8.562153e-01
1.899866e-03,-6.315826e+00,-2.246525e+00,9.916496e-01,2.645916e+00,5.712275e-02,-3.226960e-01,7.469802e-01,-7.109504e-01,-1.006052e+00,1.015518e+00
1.152516e-01,-6.547812e+00,-2.186232e+00,6.975099e-01,2.236660e+00,-2.278343e-01,-7.238912e-01,3.314851e-01,-1.083573e+00,-1.162712e+00,6.633699e-01
-2.853462e-02,-6.592716e+00,-2.411497e+00,4.818529e-01,2.045847e+00,-3.387251e-01,-5.391171e-01,4.886685e-01,-7.471843e-01,-8.505619e-01,1.002129e+00
1.331378e-01,-6.375056e+00,-2.246571e+00,6.729235e-01,2.326429e+00,-2.582212e-01,-3.347438e-01,5.510316e-01,-6.499523e-01,-9.498422e-01,9.886102e-01
-1.500877e-01,-6.446484e+00,-2.348533e+00,7.562759e-01,2.313282e+00,-1.342964e-01,-4.144041e-01,6.084751e-01,-7.465349e-01,-8.839322e-01,8.489742e-01
-9.463383e-02,-6.724626e+00,-2.327192e+00,5.944857e-01,2.330584e+00,-1.926613e-01,-4.319658e-01,5.433948e-01,-7.645371e-01,-9.554349e-01,8.848776e-01
-4.037848e-01,-6.645086e+00,-2.399138e+00,7.890288e-01,2.425008e+00,-7.717694e-02,-5.207894e-01,4.404016e-01,-9.291249e-01,-1.104020e+00,8.307978e-01
-1.840743e-02,-6.524055e+00,-2.289988e+00,7.601235e-01,2.329568e+00,-8.303077e-02,-4.481294e-01,5.046907e-01,-7.879855e-01,-1.021314e+00,7.956120e-01
1.240876e-01,-6.172190e+00,-2.248714e+00,8.398216e-01,2.520948e+00,-1.369749e-01,-2.718343e-01,7.338007e-01,-6.264060e-01,-8.663839e-01,1.019943e+00
-1.050879e-01,-6.437713e+00,-2.413739e+00,6.580949e-01,2.200439e+00,-1.951872e-01,-4.161586e-01,6.353099e-01,-7.396216e-01,-8.329110e-01,8.555328e-01
9.756502e-02,-6.255720e+00,-2.263799e+00,7.276697e-01,2.182998e+00,-1.874307e-01,-3.672692e-01,4.836374e-01,-6.924654e-01,-9.484797e-01,8.809947e-01
1.536116e-01,-6.273048e+00,-2.134645e+00,9.386274e-01,2.486864e+00,2.495485e-02,-2.795941e-01,6.679679e-01,-6.973293e-01,-9.024658e-01,9.701627e-01
-4.711562e-01,-6.683677e+00,-2.519079e+00,7.509300e-01,2.316608e+00,1.708891e-02,-4.129344e-01,6.752623e-01,-7.784595e-01,-8.687246e-01,8.063051e-01
-2.547344e-01,-6.737841e+00,-2.349366e+00,7.161243e-01,2.587581e+00,5.920457e-02,-1.714362e-01,8.168857e-01,-5.464478e-01,-7.958142e-01,9.505973e-01
-5.371347e-02,-6.385583e+00,-2.342782e+00,7.372600e-01,2.505610e+00,-1.739102e-01,-3.080360e-01,5.730041e-01,-6.743702e-01,-1.066010e+00,8.954187e-01
3.511247e-01,-6.181295e+00,-2.089975e+00,8.422302e-01,2.310677e+00,2.443676e-03,-2.933308e-01,6.955469e-01,-5.536093e-01,-8.007041e-01,9.921649e-01
-5.294899e-02,-6.602049e+00,-2.410463e+00,6.189099e-01,2.168523e+00,-1.327624e-01,-4.629277e-01,6.760065e-01,-7.715899e-01,-9.151218e-01,8.327966e-01
3.977397e-01,-6.172666e+00,-1.923031e+00,9.330804e-01,2.645775e+00,-4.527496e-02,-1.898282e-01,5.964305e-01,-6.920368e-01,-1.022237e+00,8.469094e-01
-8.204971e-02,-6.514295e+00,-2.365263e+00,6.707562e-01,2.177498e+00,-1.583895e-01,-4.401367e-01,5.501955e-01,-7.002113e-01,-8.130863e-01,9.035627e-01
-4.681476e-01,-6.671746e+00,-2.328075e+00,8.242963e-01,2.645282e+00,5.924695e-02,-1.852435e-01,6.381845e-01,-7.708092e-01,-9.576404e-01,7.237872e-01
9.603502e-03,-6.351399e+00,-2.301813e+00,8.320152e-01,2.450299e+00,3.421721e-02,-2.843883e-01,7.608588e-01,-5.547219e-01,-8.744386e-01,1.023650e+00
1.782765e-01,-6.332533e+00,-2.192537e+00,7.441221e-01,2.445789e+00,-1.617231e-01,-3.771222e-01,5.487147e-01,-6.992901e-01,-1.080368e+00,8.999195e-01
6.092118e-02,-6.282056e+00,-2.329081e+00,6.915748e-01,2.386467e+00,-2.353711e-01,-3.443742e-01,6.851692e-01,-6.838593e-01,-8.883666e-01,9.309150e-01
9.504850e-02,-6.234821e+00,-2.270830e+00,7.366533e-01,2.263725e+00,-2.216727e-01,-2.944987e-01,5.065454e-01,-6.280055e-01,-8.826642e-01,9.307593e-01
-2.784010e-01,-6.638083e+00,-2.402983e+00,6.986318e-01,2.241640e+00,-9.885763e-02,-4.036327e-01,5.311413e-01,-7.758007e-01,-9.126596e-01,8.243821e-01
-1.041845e-01,-6.597258e+00,-2.392732e+00,7.392386e-01,2.351324e+00,-1.456666e-01,-4.926321e-01,5.826077e-01,-8.580995e-01,-1.080526e+00,8.888299e-01
-1.900585e-01,-6.613470e+00,-2.305833e+00,8.417059e-01,2.462645e+00,4.040434e-02,-4.273467e-01,6.753495e-01,-9.103095e-01,-9.471775e-01,6.849922e-01
2.298754e-01,-6.412981e+00,-2.124692e+00,7.189768e-01,2.418605e+00,-1.975359e-01,-5.137961e-01,4.912584e-01,-8.704224e-01,-9.860273e-01,7.626246e-01
5.018656e-02,-6.363175e+00,-2.324122e+00,6.694062e-01,2.324439e+00,-1.687336e-01,-3.360540e-01,6.822144e-01,-6.448956e-01,-8.240244e-01,9.053537e-01
-9.953325e-03,-6.537069e+00,-2.137991e+00,7.957035e-01,2.651937e+00,5.977243e-02,2.384656e-02,8.262812e-01,-4.169311e-01,-7.836985e-01,9.707981e-01
1.673889e-01,-6.377085e+00,-2.119802e+00,8.747733e-01,2.521888e+00,-2.486028e-03,-3.255003e-01,7.282943e-01,-7.640417e-01,-8.992570e-01,8.844330e-01
-1.487517e-01,-6.453593e+00,-2.340861e+00,9.039672e-01,2.355435e+00,-5.122822e-03,-3.966660e-01,6.305360e-01,-7.654024e-01,-9.181609e-01,9.875807e-01
-8.060521e-01,-6.961724e+00,-2.646075e+00,6.845734e-01,2.335612e+00,1.479890e-01,-7.689475e-02,9.656209e-01,-2.525613e-01,-3.837769e-01,1.352032e+00
-6.582290e-02,-6.457688e+00,-2.318206e+00,6.570563e-01,2.413180e+00,-2.451964e-01,-3.042471e-01,5.471222e-01,-6.464308e-01,-8.822316e-01,9.528081e-01
1.102163e-01,-6.163433e+00,-2.340113e+00,7.951929e-01,2.329017e+00,-2.318540e-01,-5.298231e-01,5.533317e-01,-7.879238e-01,-1.024441e+00,9.065836e-01
2.562948e-01,-6.259901e+00,-2.165742e+00,8.100136e-01,2.353276e+00,-2.158541e-02,-3.891007e-01,7.339503e-01,-6.322581e-01,-8.663852e-01,9.658887e-01
9.327112e-02,-6.346011e+00,-2.267318e+00,7.482196e-01,2.279107e+00,-1.232696e-01,-4.172333e-01,6.340752e-01,-7.858111e-01,-8.799621e-01,8.382054e-01
-1.368518e-01,-6.294586e+00,-2.109931e+00,1.128734e+00,2.557001e+00,1.421489e-01,-3.256192e-01,4.641917e-01,-8.660684e-01,-1.111104e+00,7.706262e-01
-4.756904e-01,-6.591595e+00,-2.401741e+00,8.359191e-01,2.510439e+00,3.332885e-02,-1.673492e-01,6.800689e-01,-6.325732e-01,-8.436636e-01,8.662668e-01
-2.449075e-01,-6.660011e+00,-2.441982e+00,6.543469e-01,2.351210e+00,-2.453893e-01,-5.190290e-01,5.257445e-01,-9.355363e-01,-1.038735e+00,8.202004e-01
3.913049e-01,-6.159359e+00,-1.933847e+00,1.017436e+00,2.492410e+00,1.462054e-01,-2.898875e-01,7.408275e-01,-6.376561e-01,-7.860002e-01,9.487852e-01
3.040676e-01,-6.012827e+00,-2.148454e+00,9.046495e-01,2.344739e+00,7.855688e-04,-3.342979e-01,7.037372e-01,-5.626610e-01,-8.391571e-01,9.567730e-01
2.375304e-01,-6.179608e+00,-2.210891e+00,8.309573e-01,2.392493e+00,-1.280815e-01,-4.825967e-01,5.971825e-01,-8.387713e-01,-1.094439e+00,7.491476e-01
1.219974e-01,-6.287427e+00,-2.176752e+00,7.578849e-01,2.380758e+00,-2.534597e-01,-4.044009e-01,3.647141e-01,-7.848707e-01,-1.060107e+00,7.748544e-01
-1.604542e-01,-6.488829e+00,-2.259569e+00,7.264566e-01,2.408344e+00,-1.680327e-01,-3.111688e-01,4.705310e-01,-6.551282e-01,-9.257608e-01,1.002172e+00
1.377794e-02,-6.359177e+00,-2.140384e+00,9.712766e-01,2.351979e+00,3.338916e-02,-5.611930e-01,4.653290e-01,-1.055639e+00,-1.046222e+00,7.000242e-01
7.369509e-02,-6.409460e+00,-2.235179e+00,7.019788e-01,2.282488e+00,-1.636950e-01,-3.806897e-01,4.908735e-01,-6.920565e-01,-9.832127e-01,8.829593e-01
-1.778440e-01,-6.523541e+00,-2.466383e+00,5.511415e-01,2.263105e+00,-3.346239e-01,-4.436087e-01,4.722279e-01,-7.498808e-01,-1.065957e+00,8.339645e-01
1.309665e-01,-6.224121e+00,-2.324279e+00,7.254804e-01,2.287079e+00,-1.580097e-01,-4.031718e-01,6.673316e-01,-6.311055e-01,-8.779664e-01,9.633838e-01
7.796984e-02,-6.430212e+00,-2.337388e+00,5.928307e-01,2.189919e+00,-2.675050e-01,-4.869834e-01,4.743400e-01,-7.303688e-01,-9.440202e-01,8.740873e-01
2.044147e-01,-6.196256e+00,-2.114673e+00,9.015212e-01,2.473008e+00,-2.002848e-01,-4.752384e-01,3.886065e-01,-8.714225e-01,-1.132963e+00,9.432105e-01
1.681105e-01,-6.376940e+00,-2.053826e+00,9.631356e-01,2.548223e+00,1.187253e-01,-2.377826e-01,7.260897e-01,-6.676778e-01,-8.609420e-01,8.774045e-01
-1.807952e-01,-6.417193e+00,-2.221987e+00,9.462787e-01,2.548669e+00,1.340102e-01,-1.582653e-01,7.147912e-01,-6.767497e-01,-9.068930e-01,7.152570e-01
4.617685e-02,-6.317853e+00,-2.291570e+00,6.748516e-01,2.345830e+00,-2.344391e-01,-2.974506e-01,5.850910e-01,-6.562871e-01,-8.589539e-01,9.651846e-01
5.038973e-01,-6.089237e+00,-1.974088e+00,8.025573e-01,2.454378e+00,-1.244481e-01,-2.739122e-01,5.806903e-01,-6.656314e-01,-9.771856e-01,7.972330e-01
1.333200e-01,-6.542684e+00,-2.317704e+00,6.209776e-01,2.335493e+00,-1.661089e-01,-4.770203e-01,6.605312e-01,-7.145345e-01,-9.759959e-01,9.533131e-01
1.524137e-01,-6.215600e+00,-2.297141e+00,7.647648e-01,2.379143e+00,-2.313310e-01,-5.213963e-01,5.862629e-01,-7.845825e-01,-9.647146e-01,9.920444e-01
-2.698526e-01,-6.767490e+00,-2.305641e+00,7.025713e-01,2.446800e+00,5.480708e-02,-1.981266e-01,7.363159e-01,-5.792260e-01,-6.781088e-01,9.124343e-01
-9.705947e-02,-6.437006e+00,-2.139800e+00,8.282523e-01,2.496125e+00,-3.991557e-02,-2.541804e-01,5.632634e-01,-7.180262e-01,-8.501234e-01,8.348376e-01
-1.969989e-01,-6.682615e+00,-2.500675e+00,5.160657e-01,2.074906e+00,-2.485196e-01,-5.181868e-01,6.176291e-01,-6.708607e-01,-7.224738e-01,1.067723e+00
1.456185e-01,-6.291683e+00,-2.090951e+00,9.173779e-01,2.549039e+00,3.387831e-02,-1.936417e-01,6.394054e-01,-6.652682e-01,-1.099094e+00,7.905917e-01
3.198837e-01,-6.238788e+00,-2.185153e+00,6.937117e-01,2.314746e+00,-2.467701e-01,-4.767382e-01,5.753081e-01,-7.701240e-01,-9.861205e-01,8.729058e-01
1.603407e-01,-6.084911e+00,-2.167900e+00,9.218532e-01,2.433886e+00,-4.835123e-02,-4.209944e-01,6.111527e-01,-8.310897e-01,-9.062534e-01,7.258727e-01
-1.263125e-01,-6.290653e+00,-2.118941e+00,1.093602e+00,2.697876e+00,2.114207e-01,-1.779705e-01,7.260830e-01,-6.706409e-01,-8.448050e-01,8.524310e-01
-1.363357e-01,-6.468707e+00,-2.285787e+00,8.790054e-01,2.525537e+00,-2.545139e-02,-3.894661e-01,6.845981e-01,-8.899715e-01,-8.937238e-01,7.936579e-01
2.139315e-01,-6.236463e+00,-2.078348e+00,8.923555e-01,2.405044e+00,-1.713031e-01,-5.203178e-01,4.032412e-01,-8.594093e-01,-1.086383e+00,9.334118e-01
1.944240e-01,-6.406421e+00,-2.202929e+00,6.590411e-01,2.226138e+00,-2.166102e-01,-3.469869e-01,5.156542e-01,-5.834004e-01,-9.245755e-01,1.024465e+00
-6.205812e-02,-6.477848e+00,-2.449698e+00,4.901500e-01,2.139915e+00,-4.523085e-01,-6.063419e-01,4.633477e-01,-9.910478e-01,-9.686963e-01,6.883480e-01
3.570999e-01,-6.082206e+00,-2.008825e+00,8.958178e-01,2.533384e+00,-1.603140e-01,-3.870247e-01,4.988648e-01,-8.077208e-01,-1.047106e+00,7.398242e-01
-1.577067e-01,-6.468437e+00,-2.484896e+00,5.749090e-01,2.247834e+00,-4.061763e-01,-5.622597e-01,2.941712e-01,-8.028778e-01,-1.268724e+00,7.970805e-01
-2.201527e-01,-6.465404e+00,-2.271215e+00,9.944952e-01,2.637941e+00,1.772403e-01,-2.450910e-01,8.218519e-01,-6.579095e-01,-8.743376e-01,1.046972e+00
4.316673e-02,-6.134525e+00,-1.970336e+00,1.224035e+00,2.698575e+00,3.634330e-01,-7.536037e-02,7.659008e-01,-6.532684e-01,-8.928048e-01,7.451956e-01
3.848841e-01,-6.031547e+00,-2.032396e+00,9.805464e-01,2.495949e+00,-4.272263e-02,-2.911835e-01,6.818468e-01,-7.136798e-01,-9.013465e-01,8.950197e-01
4.177064e-01,-6.014839e+00,-2.077026e+00,8.963400e-01,2.399251e+00,-2.513777e-01,-4.589137e-01,4.958047e-01,-8.413593e-01,-1.047295e+00,8.862077e-01
3.432178e-01,-6.359821e+00,-2.088263e+00,7.278631e-01,2.279175e+00,-7.442036e-02,-4.160329e-01,7.041677e-01,-7.292672e-01,-7.450756e-01,8.224913e-01
1.054761e-02,-6.494871e+00,-2.320843e+00,7.283076e-01,2.348680e+00,-9.312957e-02,-4.347725e-01,6.103986e-01,-6.862576e-01,-9.658943e-01,1.047143e+00
-4.863647e-01,-6.626962e+00,-2.516944e+00,8.100091e-01,2.402845e+00,2.215897e-02,-4.698984e-01,6.099751e-01,-8.542223e-01,-1.005826e+00,7.931182e-01
-8.229891e-02,-6.427992e+00,-2.269706e+00,7.430720e-01,2.484756e+00,-1.528178e-01,-2.983651e-01,5.595465e-01,-6.327758e-01,-8.784961e-01,1.012248e+00
1.421141e-01,-6.222447e+00,-2.217304e+00,8.097103e-01,2.439946e+00,-2.074412e-01,-3.633465e-01,5.878471e-01,-7.584402e-01,-8.727581e-01,9.504209e-01
2.497546e-01,-6.249912e+00,-2.160399e+00,7.215489e-01,2.216601e+00,-2.431229e-01,-3.309647e-01,3.943682e-01,-6.361910e-01,-1.037552e+00,9.477821e-01
3.570984e-01,-6.152216e+00,-2.104133e+00,8.676632e-01,2.209933e+00,-2.125637e-02,-4.035649e-01,6.481981e-01,-6.355332e-01,-8.547641e-01,9.891352e-01
1.824986e-02,-6.294224e+00,-2.174403e+00,1.027775e+00,2.575181e+00,1.914773e-01,-1.984995e-01,8.494733e-01,-6.512618e-01,-7.979153e-01,8.971153e-01
-5.243058e-02,-6.451500e+00,-2.350817e+00,6.609185e-01,2.271917e+00,-2.516265e-01,-6.130124e-01,4.245125e-01,-9.980775e-01,-1.075655e+00,5.743873e-01
-4.063331e-01,-6.556383e+00,-2.423079e+00,7.822622e-01,2.453877e+00,-9.565807e-02,-4.285102e-01,4.009739e-01,-8.110481e-01,-1.161701e+00,7.751325e-01
-3.079436e-01,-6.653205e+00,-2.504858e+00,6.224739e-01,2.275490e+00,-1.521659e-01,-4.111395e-01,5.938333e-01,-6.912369e-01,-8.757535e-01,1.051436e+00
1.116818e-01,-6.462428e+00,-2.284505e+00,6.526055e-01,2.195751e+00,-2.100973e-01,-5.485931e-01,5.069988e-01,-9.171268e-01,-1.053726e+00,7.177775e-01
3.313557e-01,-6.249507e+00,-2.098281e+00,8.608605e-01,2.366337e+00,-1.121145e-01,-4.541791e-01,5.378430e-01,-9.041366e-01,-1.083839e+00,7.083249e-01
-2.028702e-01,-6.392076e+00,-2.512611e+00,5.495249e-01,2.093382e+00,-4.231777e-01,-4.652435e-01,3.380458e-01,-7.611487e-01,-1.056000e+00,9.172161e-01
-2.333958e-02,-6.153810e+00,-2.192370e+00,8.873677e-01,2.388448e+00,-1.208557e-01,-3.852266e-01,4.004852e-01,-8.318192e-01,-1.066837e+00,7.026768e-01
2.337189e-01,-6.175640e+00,-2.030826e+00,9.951303e-01,2.606607e+00,2.966125e-02,-3.117237e-01,6.333724e-01,-6.889839e-01,-9.428170e-01,9.022764e-01
-4.143010e-01,-6.812223e+00,-2.624741e+00,4.415621e-01,2.241832e+00,-2.819775e-01,-4.973525e-01,6.125405e-01,-6.748837e-01,-8.657170e-01,1.025978e+00
-8.570598e-02,-6.264454e+00,-2.325789e+00,8.613825e-01,2.331139e+00,-6.761066e-02,-4.073776e-01,6.048355e-01,-7.119878e-01,-8.611613e-01,9.091586e-01
1.177248e-01,-6.134138e+00,-2.321588e+00,8.136218e-01,2.222398e+00,-1.352874e-01,-4.142331e-01,6.982273e-01,-6.892683e-01,-7.744268e-01,9.973700e-01
-7.327262e-02,-6.263203e+00,-2.311246e+00,8.114599e-01,2.266901e+00,-1.487521e-01,-3.475713e-01,4.977788e-01,-7.035941e-01,-9.823612e-01,8.286308e-01
5.020256e-01,-5.977568e+00,-1.822143e+00,1.037831e+00,2.571827e+00,-6.434090e-02,-3.913151e-01,4.667064e-01,-8.537098e-01,-1.054584e+00,7.737610e-01
8.609683e-02,-6.253224e+00,-2.149882e+00,9.374034e-01,2.437470e+00,-1.925729e-02,-4.339167e-01,5.726239e-01,-8.429328e-01,-9.427994e-01,7.960271e-01
-1.007841e-01,-6.363613e+00,-2.157825e+00,9.479912e-01,2.541892e+00,4.203111e-02,-3.781856e-01,5.670491e-01,-8.166416e-01,-8.915247e-01,8.476709e-01
-1.443611e-01,-6.213811e+00,-2.321523e+00,8.847519e-01,2.480147e+00,6.077914e-03,-2.350438e-01,6.428447e-01,-6.474652e-01,-9.982524e-01,7.519604e-01
-1.177349e-01,-6.354185e+00,-2.480913e+00,7.274594e-01,2.294877e+00,-1.640103e-01,-3.543024e-01,7.503906e-01,-5.936386e-01,-7.606419e-01,1.084963e+00
-7.206846e-02,-6.354959e+00,-2.340364e+00,7.114194e-01,2.282868e+00,-2.378083e-01,-4.461529e-01,4.895648e-01,-8.523327e-01,-1.097443e+00,7.228811e-01
2.350332e-01,-6.052157e+00,-2.180537e+00,9.574163e-01,2.261851e+00,8.100183e-03,-3.947869e-01,7.340436e-01,-6.693300e-01,-7.414182e-01,1.012526e+00
-9.651208e-02,-6.251877e+00,-2.266469e+00,8.621819e-01,2.251768e+00,-1.910293e-01,-5.448586e-01,3.568646e-01,-8.896674e-01,-9.894526e-01,8.623510e-01
-1.014008e-01,-6.264654e+00,-2.087732e+00,1.042361e+00,2.707586e+00,7.287680e-02,-1.662900e-01,5.520316e-01,-6.609773e-01,-1.008277e+00,8.798493e-01
-4.281441e-01,-6.448869e+00,-2.618845e+00,7.275767e-01,2.351201e+00,-2.103404e-01,-3.950024e-01,5.901680e-01,-6.536060e-01,-9.768486e-01,1.047069e+00
1.045492e-02,-6.247589e+00,-2.204250e+00,9.540436e-01,2.507650e+00,1.018098e-01,-3.532689e-01,7.134245e-01,-7.924125e-01,-1.028431e+00,6.921063e-01
2.695368e-01,-6.301057e+00,-2.201523e+00,7.386725e-01,2.049195e+00,-8.395644e-02,-5.714205e-01,6.777609e-01,-7.623185e-01,-6.386615e-01,9.404313e-01
-3.164842e-01,-6.406431e+00,-2.484843e+00,7.214034e-01,2.250563e+00,-1.602877e-01,-3.714250e-01,6.229333e-01,-7.019987e-01,-8.915029e-01,8.973806e-01
1.481830e-01,-5.982104e+00,-2.046744e+00,1.069304e+00,2.460867e+00,-8.183063e-03,-3.243442e-01,4.943250e-01,-7.496455e-01,-9.823684e-01,7.582677e-01
-1.194776e-01,-6.368610e+00,-2.188272e+00,8.702004e-01,2.486880e+00,7.883382e-03,-1.860711e-01,6.292517e-01,-5.950759e-01,-8.119731e-01,9.046746e-01
-1.203504e-01,-6.405461e+00,-2.141977e+00,9.964307e-01,2.675183e+00,7.333191e-03,-2.652135e-01,4.016269e-01,-8.547066e-01,-1.265846e+00,8.852748e-01
1.695104e-01,-6.171275e+00,-2.183333e+00,8.245606e-01,2.399820e+00,-8.070906e-02,-3.974985e-01,5.873902e-01,-7.279749e-01,-9.711467e-01,8.415394e-01
-7.172121e-02,-6.378285e+00,-2.421291e+00,7.741627e-01,2.362647e+00,-6.620417e-02,-3.047464e-01,7.264969e-01,-5.797989e-01,-9.721312e-01,1.011849e+00
-1.621798e-01,-6.329033e+00,-2.463604e+00,7.650903e-01,2.269567e+00,-6.884233e-02,-4.131097e-01,7.338500e-01,-6.923064e-01,-8.801551e-01,8.934167e-01
-4.259113e-02,-6.233619e+00,-2.321880e+00,7.818112e-01,2.196981e+00,-1.608843e-01,-4.352995e-01,4.657690e-01,-7.714116e-01,-9.553158e-01,8.167394e-01
-1.739233e-02,-6.345228e+00,-2.066140e+00,1.076502e+00,2.651751e+00,1.856196e-01,-1.764965e-01,5.920605e-01,-7.139322e-01,-1.065435e+00,8.617355e-01
-1.093692e-01,-6.467781e+00,-2.262157e+00,8.458847e-01,2.482677e+00,3.186991e-02,-2.305826e-01,7.422458e-01,-6.032082e-01,-7.399548e-01,1.116870e+00
1.928901e-01,-6.086298e+00,-2.223301e+00,8.085237e-01,2.291081e+00,-2.252965e-01,-4.710046e-01,5.240331e-01,-6.499315e-01,-8.544322e-01,1.065280e+00
2.468033e-01,-6.056411e+00,-2.233167e+00,7.203960e-01,2.289680e+00,-4.243976e-01,-6.165235e-01,2.721322e-01,-9.926497e-01,-1.221616e+00,6.463416e-01
2.563249e-01,-6.238945e+00,-2.214600e+00,6.231315e-01,2.325844e+00,-2.748601e-01,-3.750730e-01,5.385580e-01,-6.263515e-01,-9.441134e-01,9.051276e-01
-2.301053e-02,-6.186918e+00,-2.281421e+00,8.934513e-01,2.363637e+00,-3.000066e-02,-3.239363e-01,6.415989e-01,-6.887785e-01,-9.184694e-01,8.574379e-01
-1.077793e-01,-6.392161e+00,-2.497563e+00,7.379015e-01,2.225290e+00,-2.249356e-01,-5.174909e-01,6.004174e-01,-8.152174e-01,-9.593183e-01,1.002372e+00
-6.770739e-01,-6.993219e+00,-2.677429e+00,5.031798e-01,2.169943e+00,-1.902378e-01,-4.383742e-01,5.282249e-01,-8.036756e-01,-8.569063e-01,8.833177e-01
-4.379516e-01,-6.407117e+00,-2.272068e+00,1.083808e+00,2.682119e+00,3.148226e-01,3.716903e-02,7.874534e-01,-5.935053e-01,-8.611456e-01,7.489383e-01
3.719801e-01,-5.840931e+00,-2.135188e+00,9.519340e-01,2.398294e+00,-1.912220e-01,-3.977936e-01,5.206514e-01,-7.444686e-01,-9.989520e-01,9.129535e-01
4.294591e-01,-5.913874e+00,-2.115811e+00,9.164606e-01,2.350557e+00,-1.540295e-01,-5.181070e-01,5.763709e-01,-7.947243e-01,-9.984824e-01,8.126237e-01
1.584624e-01,-6.223626e+00,-2.254258e+00,8.956665e-01,2.328391e+00,3.397769e-02,-4.485345e-01,7.758850e-01,-6.783299e-01,-8.510762e-01,9.583784e-01
2.207846e-01,-6.040463e+00,-2.066619e+00,1.055681e+00,2.493481e+00,1.456001e-01,-2.414574e-01,8.014924e-01,-6.139903e-01,-7.480930e-01,8.817249e-01
1.040158e-01,-6.068625e+00,-1.929707e+00,1.147809e+00,2.714605e+00,7.820087e-02,-1.190209e-01,4.626822e-01,-6.470926e-01,-1.050735e+00,8.549455e-01
-5.215475e-02,-6.265163e+00,-2.209641e+00,9.421880e-01,2.553381e+00,-2.371918e-02,-3.006646e-01,6.552895e-01,-7.942588e-01,-9.488552e-01,8.116725e-01
1.154342e-02,-6.210151e+00,-2.161015e+00,1.035523e+00,2.598086e+00,1.609652e-02,-2.737010e-01,5.673196e-01,-8.065878e-01,-1.153698e+00,8.117796e-01
2.572990e-01,-6.121217e+00,-2.100323e+00,8.326029e-01,2.244002e+00,-1.461401e-01,-5.163590e-01,4.929381e-01,-7.846899e-01,-8.963456e-01,8.670052e-01
-2.809683e-02,-6.215396e+00,-2.392820e+00,6.378934e-01,2.170319e+00,-2.735135e-01,-4.188027e-01,5.305280e-01,-6.452793e-01,-8.452032e-01,9.134463e-01
-3.733567e-01,-6.288586e+00,-2.597062e+00,7.218341e-01,2.116626e+00,-2.807461e-01,-5.356939e-01,3.864457e-01,-7.544213e-01,-1.044683e+00,8.714408e-01
-1.494634e-01,-6.418302e+00,-2.367560e+00,7.394898e-01,2.333320e+00,-1.811357e-01,-4.597483e-01,5.687435e-01,-7.335389e-01,-8.670337e-01,9.192072e-01
1.760176e-02,-6.149832e+00,-2.097232e+00,1.156433e+00,2.579157e+00,1.752469e-01,-3.005178e-01,6.356041e-01,-8.397377e-01,-1.046848e+00,6.916509e-01
-1.829447e-03,-6.242187e+00,-2.166285e+00,9.766095e-01,2.413005e+00,1.893788e-02,-2.848390e-01,5.628143e-01,-6.410147e-01,-8.797931e-01,1.027678e+00
2.675946e-01,-6.070592e+00,-2.057697e+00,9.449118e-01,2.466158e+00,-2.208212e-02,-2.618858e-01,6.721102e-01,-6.442659e-01,-8.073468e-01,9.502833e-01
-1.387041e-01,-6.323856e+00,-2.407330e+00,7.463460e-01,2.372411e+00,-1.866816e-01,-3.945246e-01,6.427280e-01,-8.061748e-01,-9.428432e-01,7.818666e-01
9.412419e-02,-6.071372e+00,-2.293273e+00,8.339947e-01,2.264809e+00,-2.046745e-01,-5.173523e-01,4.165441e-01,-8.362473e-01,-1.177871e+00,6.631867e-01
2.093247e-01,-6.260167e+00,-2.172068e+00,8.802345e-01,2.355256e+00,2.838259e-02,-4.911057e-01,7.072835e-01,-8.372011e-01,-8.604989e-01,7.796691e-01
4.422519e-02,-6.126362e+00,-2.122999e+00,1.073055e+00,2.569913e+00,2.409790e-02,-2.910460e-01,5.787573e-01,-7.270201e-01,-9.516583e-01,9.627820e-01
2.130941e-02,-6.149463e+00,-2.121698e+00,1.007321e+00,2.580456e+00,2.256981e-02,-1.380818e-01,5.712423e-01,-5.887405e-01,-1.001370e+00,8.590574e-01
4.093800e-01,-5.869369e+00,-1.971938e+00,1.016983e+00,2.466417e+00,-1.890894e-01,-4.579870e-01,3.631582e-01,-8.937442e-01,-1.122258e+00,7.753007e-01
1.946294e-01,-5.940236e+00,-2.273467e+00,8.447642e-01,2.138103e+00,-2.694700e-01,-5.158626e-01,4.285661e-01,-8.758070e-01,-1.007119e+00,7.277140e-01
1.331893e-01,-6.125145e+00,-2.385296e+00,7.181731e-01,1.976078e+00,-2.414631e-01,-6.127747e-01,5.190928e-01,-7.256953e-01,-7.986195e-01,1.037940e+00
1.509545e-01,-6.139037e+00,-2.130529e+00,1.109815e+00,2.600998e+00,2.427973e-01,-2.654670e-01,8.262557e-01,-6.735669e-01,-9.357235e-01,8.801505e-01
6.389892e-02,-6.040462e+00,-2.220991e+00,9.799768e-01,2.487418e+00,-3.020117e-02,-3.025462e-01,5.582788e-01,-5.872464e-01,-1.027995e+00,9.520503e-01
-2.021110e-02,-6.113882e+00,-1.998711e+00,1.177826e+00,2.775267e+00,2.331552e-01,-5.141539e-02,6.421756e-01,-6.213704e-01,-9.905229e-01,8.112558e-01
-5.535835e-02,-6.267410e+00,-2.226603e+00,9.045444e-01,2.506053e+00,-4.500194e-02,-2.217104e-01,6.039743e-01,-6.770760e-01,-8.977095e-01,9.965623e-01
6.805017e-02,-6.269424e+00,-2.319115e+00,7.423128e-01,2.158402e+00,-1.488547e-01,-3.940085e-01,6.070069e-01,-5.941232e-01,-8.178352e-01,1.070627e+00
2.432087e-01,-5.974387e+00,-2.153475e+00,9.615800e-01,2.378837e+00,-5.302144e-02,-3.171601e-01,6.344748e-01,-5.988223e-01,-9.651549e-01,9.921263e-01
1.766260e-01,-6.166230e+00,-2.339905e+00,7.600752e-01,2.248572e+00,-2.036129e-01,-5.038859e-01,6.316776e-01,-8.309050e-01,-9.939774e-01,7.641733e-01
-1.314072e-01,-6.130343e+00,-2.284421e+00,9.133390e-01,2.451460e+00,-4.237437e-02,-3.190798e-01,5.081365e-01,-7.032632e-01,-1.008196e+00,8.144340e-01
1.267361e-01,-6.082546e+00,-2.075095e+00,9.646382e-01,2.558797e+00,-1.689756e-01,-4.799279e-01,3.171348e-01,-8.889205e-01,-1.166689e+00,9.054400e-01
6.342196e-02,-6.071245e+00,-2.276999e+00,9.897148e-01,2.366717e+00,8.072955e-05,-3.764633e-01,6.947836e-01,-6.861617e-01,-8.463916e-01,9.985171e-01
3.273162e-01,-5.948252e+00,-2.008360e+00,1.064220e+00,2.411386e+00,-3.506917e-02,-5.091620e-01,4.753047e-01,-9.073298e-01,-1.055364e+00,8.251639e-01
-6.500522e-02,-6.121570e+00,-2.317726e+00,8.384467e-01,2.264489e+00,-1.153184e-01,-3.101656e-01,5.644711e-01,-6.708019e-01,-9.028355e-01,9.266584e-01
5.654473e-01,-5.701454e+00,-2.036082e+00,9.667240e-01,2.292188e+00,-2.524261e-01,-4.556673e-01,4.294260e-01,-7.877275e-01,-1.023137e+00,8.990668e-01
-4.123053e-01,-6.291020e+00,-2.345990e+00,9.512156e-01,2.586724e+00,1.197337e-01,-6.507086e-02,7.881255e-01,-4.102467e-01,-7.226447e-01,1.102384e+00
1.193912e-01,-6.201856e+00,-2.054014e+00,1.067585e+00,2.659876e+00,8.270139e-02,-3.522158e-01,4.655044e-01,-8.642561e-01,-1.322589e+00,6.677354e-01
-9.557492e-02,-6.333892e+00,-2.315283e+00,9.518393e-01,2.265199e+00,-3.685598e-02,-6.000615e-01,4.909271e-01,-8.452363e-01,-9.096803e-01,1.020738e+00
3.179797e-01,-5.910362e+00,-1.912759e+00,1.115255e+00,2.579572e+00,5.395279e-02,-2.310122e-01,5.515635e-01,-6.909697e-01,-9.514412e-01,8.172168e-01
5.566330e-02,-6.114334e+00,-2.233015e+00,9.274454e-01,2.502714e+00,-6.083093e-02,-1.184740e-01,7.133104e-01,-5.678222e-01,-8.772785e-01,9.403975e-01
1.516378e-01,-5.994209e+00,-2.072662e+00,1.016595e+00,2.438843e+00,-7.985232e-02,-3.225309e-01,4.764095e-01,-7.507786e-01,-1.027718e+00,8.048758e-01
-5.477148e-02,-6.281261e+00,-2.262068e+00,8.326545e-01,2.369551e+00,-2.866650e-03,-2.098530e-01,7.242463e-01,-5.255359e-01,-8.079437e-01,9.952040e-01
-1.967007e-02,-6.077362e+00,-2.316165e+00,9.205366e-01,2.366854e+00,-9.286780e-02,-3.832674e-01,6.555622e-01,-6.932631e-01,-7.978165e-01,1.025960e+00
9.809027e-02,-5.866651e+00,-2.017737e+00,1.180959e+00,2.629447e+00,2.456331e-02,-3.576688e-01,4.008854e-01,-8.008851e-01,-1.109418e+00,8.188545e-01
-2.450155e-01,-6.310690e+00,-2.481858e+00,6.934948e-01,2.229442e+00,-4.144810e-01,-5.953023e-01,2.259795e-01,-8.554619e-01,-1.163619e+00,9.143713e-01
-1.194499e-01,-5.937061e+00,-2.310866e+00,1.117449e+00,2.480901e+00,6.789469e-02,-2.774531e-01,7.177642e-01,-7.299196e-01,-9.747483e-01,7.871987e-01
4.942697e-02,-6.171131e+00,-2.234255e+00,8.676077e-01,2.171289e+00,4.355919e-02,-3.040063e-01,7.853947e-01,-4.793157e-01,-5.507543e-01,1.142171e+00
-1.127833e-01,-6.140577e+00,-2.405371e+00,9.406454e-01,2.254195e+00,-4.202336e-02,-3.716119e-01,6.385814e-01,-7.529605e-01,-9.290314e-01,8.507459e-01
-3.549426e-01,-6.480109e+00,-2.639908e+00,5.999131e-01,1.893883e+00,-3.354280e-01,-7.908299e-01,3.695375e-01,-9.524418e-01,-9.599885e-01,8.191126e-01
-6.517998e-02,-6.238211e+00,-2.220049e+00,9.123654e-01,2.366986e+00,-1.581783e-02,-3.351353e-01,5.700204e-01,-6.259508e-01,-7.487038e-01,9.136984e-01
-1.694237e-02,-6.269000e+00,-2.124541e+00,9.552325e-01,2.681462e+00,1.056921e-03,-2.957459e-01,5.694153e-01,-7.540969e-01,-1.095050e+00,8.143193e-01
3.407674e-01,-5.944007e+00,-2.070823e+00,1.070065e+00,2.370552e+00,1.293029e-01,-3.958674e-01,7.367195e-01,-6.781559e-01,-8.302713e-01,9.175111e-01
1.114329e-01,-6.093160e+00,-2.269476e+00,8.647719e-01,2.285083e+00,-6.155926e-02,-3.447292e-01,7.341543e-01,-6.793162e-01,-7.518658e-01,9.327852e-01
8.618657e-03,-5.980207e+00,-2.252235e+00,9.685361e-01,2.456808e+00,-6.155705e-02,-1.548889e-01,6.719054e-01,-5.657097e-01,-8.776357e-01,9.740034e-01
1.118477e-01,-6.043755e+00,-2.124966e+00,9.431936e-01,2.373401e+00,-2.208693e-02,-3.247653e-01,5.336660e-01,-8.406961e-01,-9.876444e-01,5.694831e-01
1.765715e-01,-5.954396e+00,-2.024335e+00,1.137842e+00,2.513696e+00,1.213893e-01,-1.702649e-01,5.516807e-01,-5.254362e-01,-9.566904e-01,9.757139e-01
6.027698e-02,-6.175679e+00,-2.225343e+00,9.805060e-01,2.391104e+00,5.242164e-02,-4.495834e-01,7.373802e-01,-7.773584e-01,-7.109067e-01,9.089069e-01
-3.853703e-01,-6.437856e+00,-2.583122e+00,5.838686e-01,2.275154e+00,-3.053133e-01,-4.858346e-01,4.798954e-01,-7.545004e-01,-1.005500e+00,8.331308e-01
6.109237e-03,-6.088506e+00,-2.166753e+00,8.939370e-01,2.511182e+00,-4.946594e-02,-2.213744e-01,5.833020e-01,-6.051145e-01,-9.362406e-01,8.323463e-01
3.925996e-01,-6.010497e+00,-2.158975e+00,6.538698e-01,2.306371e+00,-4.070617e-01,-3.725145e-01,5.036555e-01,-7.114059e-01,-8.536720e-01,9.681716e-01
3.116840e-01,-5.826072e+00,-1.983203e+00,1.165223e+00,2.439297e+00,1.612695e-01,-2.421119e-01,6.647877e-01,-7.100279e-01,-8.916604e-01,7.331864e-01
2.810926e-01,-5.871343e+00,-2.153252e+00,1.076529e+00,2.327119e+00,-7.033305e-02,-5.127283e-01,5.526814e-01,-8.536850e-01,-9.402853e-01,9.044943e-01
1.188602e-01,-6.069137e+00,-2.011145e+00,1.147777e+00,2.662468e+00,1.840739e-01,-1.729810e-01,6.459292e-01,-6.970375e-01,-9.722113e-01,7.535560e-01
2.944091e-01,-5.765298e+00,-1.921068e+00,1.207614e+00,2.619763e+00,3.688818e-02,-3.276287e-01,4.419286e-01,-7.765194e-01,-1.066197e+00,7.911382e-01
-5.917207e-02,-6.057077e+00,-2.427565e+00,7.307208e-01,2.256654e+00,-2.402740e-01,-3.940049e-01,5.680145e-01,-5.489779e-01,-8.601671e-01,1.024986e+00
-9.448987e-02,-6.255357e+00,-2.450557e+00,7.000576e-01,2.143540e+00,-2.326685e-01,-5.161201e-01,5.132661e-01,-7.925064e-01,-1.009653e+00,7.910839e-01
3.153047e-01,-5.890325e+00,-2.075662e+00,1.040426e+00,2.291656e+00,-4.123827e-02,-4.349633e-01,4.881414e-01,-7.293095e-01,-1.014482e+00,9.168925e-01
-2.985447e-02,-6.039908e+00,-2.254897e+00,9.609808e-01,2.292241e+00,-6.951421e-02,-4.639719e-01,4.609553e-01,-9.372865e-01,-1.095167e+00,6.480540e-01
-6.474188e-02,-5.899044e+00,-2.005641e+00,1.294186e+00,2.633543e+00,2.006624e-01,-1.735568e-01,5.264138e-01,-7.202288e-01,-9.176138e-01,7.836359e-01
-3.859839e-01,-6.395919e+00,-2.370586e+00,9.766501e-01,2.436605e+00,1.311114e-01,-2.904548e-01,6.679592e-01,-7.349918e-01,-8.982120e-01,7.264586e-01
-1.274606e-01,-6.075740e+00,-2.550486e+00,8.884899e-01,2.347629e+00,-1.654468e-01,-4.289547e-01,7.124882e-01,-6.106965e-01,-9.793618e-01,1.178349e+00
4.861154e-01,-5.998806e+00,-1.964226e+00,9.738540e-01,2.388092e+00,-7.698523e-02,-4.752995e-01,4.492872e-01,-7.497088e-01,-1.060391e+00,8.604755e-01
1.046303e-01,-6.130531e+00,-2.342537e+00,6.295924e-01,2.069649e+00,-4.160733e-01,-6.167645e-01,2.882246e-01,-8.900102e-01,-1.146995e+00,7.170529e-01
-3.240310e-01,-6.494408e+00,-2.481996e+00,6.215432e-01,2.191270e+00,-2.524420e-01,-3.928259e-01,4.723970e-01,-7.095237e-01,-9.216044e-01,8.120157e-01
3.704203e-01,-5.926858e+00,-2.031359e+00,9.616524e-01,2.342322e+00,-2.884903e-01,-5.873753e-01,3.261327e-01,-9.946392e-01,-9.861449e-01,7.398037e-01
-1.052917e-02,-6.083646e+00,-2.234050e+00,9.556783e-01,2.339063e+00,-2.011718e-01,-4.388188e-01,3.564670e-01,-7.643141e-01,-1.042219e+00,9.477526e-01
-6.118454e-02,-6.079854e+00,-2.171484e+00,1.150456e+00,2.489556e+00,1.653395e-01,-4.300440e-01,6.677670e-01,-9.362084e-01,-9.344039e-01,7.152237e-01
3.156075e-01,-5.811369e+00,-2.145405e+00,9.846894e-01,2.155065e+00,-1.257823e-01,-6.695082e-01,3.712041e-01,-9.488253e-01,-1.080520e+00,6.873387e-01
4.307253e-01,-5.607330e+00,-2.060341e+00,1.104251e+00,2.449237e+00,-1.079591e-01,-4.605814e-01,5.399037e-01,-7.956882e-01,-1.059671e+00,8.469775e-01
-1.542610e-01,-6.014036e+00,-2.392295e+00,7.929314e-01,2.240830e+00,-2.454523e-01,-4.333718e-01,5.372619e-01,-6.931534e-01,-8.262568e-01,8.648900e-01
3.015965e-02,-5.789390e+00,-2.119644e+00,1.165394e+00,2.452221e+00,1.106619e-01,-2.895306e-01,6.087666e-01,-8.140640e-01,-9.396077e-01,5.965320e-01
5.696142e-02,-6.288405e+00,-2.156179e+00,9.931291e-01,2.477070e+00,-1.833539e-02,-3.339499e-01,5.526802e-01,-7.106202e-01,-9.559344e-01,1.079682e+00
-2.710363e-02,-5.842395e+00,-2.098184e+00,1.254671e+00,2.593652e+00,1.782727e-01,-1.635554e-01,6.408416e-01,-6.840221e-01,-9.257438e-01,7.919692e-01
1.006195e-01,-5.954778e+00,-2.073867e+00,1.150871e+00,2.631804e+00,7.588335e-02,-2.801898e-01,5.717022e-01,-7.737963e-01,-1.100989e+00,7.252946e-01
4.228812e-01,-5.571897e+00,-2.062383e+00,1.158916e+00,2.420596e+00,-4.335717e-02,-4.212497e-01,5.793365e-01,-7.744820e-01,-9.704059e-01,8.046148e-01
5.259736e-01,-5.714696e+00,-1.927812e+00,1.097117e+00,2.494923e+00,8.129197e-02,-1.880928e-01,6.946759e-01,-5.883541e-01,-8.247268e-01,7.798951e-01
8.558980e-02,-6.157811e+00,-2.269581e+00,9.019691e-01,2.254791e+00,-2.756756e-02,-6.217063e-01,6.444986e-01,-9.932877e-01,-9.570925e-01,7.224368e-01
3.795466e-01,-5.821686e+00,-1.961838e+00,1.174704e+00,2.572353e+00,9.617037e-03,-3.485339e-01,5.212611e-01,-7.985513e-01,-1.039739e+00,8.613957e-01
-2.650347e-01,-6.195075e+00,-2.272788e+00,8.882933e-01,2.366839e+00,-1.864173e-01,-3.392778e-01,2.136549e-01,-7.188384e-01,-1.166664e+00,8.094045e-01
1.334483e-01,-5.929370e+00,-1.968190e+00,1.181102e+00,2.583695e+00,1.755978e-01,-1.740770e-01,6.135017e-01,-6.571737e-01,-8.940578e-01,7.664747e-01
2.796933e-01,-5.956602e+00,-2.152254e+00,9.234420e-01,2.328534e+00,-5.606789e-02,-3.206954e-01,6.605829e-01,-6.342582e-01,-8.110017e-01,9.353858e-01
6.322399e-02,-5.956481e+00,-2.361910e+00,9.083679e-01,2.291293e+00,-9.382211e-02,-4.349251e-01,7.255679e-01,-6.895312e-01,-8.852207e-01,1.010040e+00
-8.671883e-02,-5.996241e+00,-2.425153e+00,9.084912e-01,2.267570e+00,-4.618642e-02,-3.913603e-01,7.149821e-01,-6.525422e-01,-8.313526e-01,8.737497e-01
-3.944975e-01,-6.174062e+00,-2.550617e+00,7.764230e-01,2.198159e+00,-2.107622e-01,-3.937320e-01,4.627956e-01,-7.424528e-01,-9.589946e-01,7.618192e-01
-2.458559e-01,-6.151930e+00,-2.413988e+00,7.341902e-01,2.159293e+00,-3.433027e-01,-5.035759e-01,3.782561e-01,-7.200383e-01,-7.431565e-01,1.046829e+00
3.702934e-01,-5.895896e+00,-2.185700e+00,9.586998e-01,2.194046e+00,-1.550814e-01,-5.661884e-01,5.381943e-01,-8.146766e-01,-9.415172e-01,9.064615e-01
1.898801e-01,-6.014574e+00,-2.046043e+00,1.076347e+00,2.426734e+00,1.100795e-01,-2.975312e-01,6.481866e-01,-6.306054e-01,-8.230998e-01,9.699519e-01
1.775730e-01,-6.004958e+00,-2.171136e+00,8.607156e-01,2.214367e+00,-1.559589e-01,-4.776677e-01,4.514435e-01,-7.911931e-01,-9.735298e-01,7.676964e-01
2.382602e-01,-5.915760e+00,-2.231522e+00,8.825113e-01,2.343866e+00,-8.112992e-02,-2.831255e-01,7.123192e-01,-5.718478e-01,-8.084040e-01,8.991494e-01
2.895791e-01,-5.649858e+00,-2.147993e+00,9.785855e-01,2.372741e+00,-1.258412e-01,-4.402041e-01,6.200041e-01,-6.478576e-01,-7.369678e-01,9.319406e-01
-1.105726e-02,-6.205724e+00,-2.470580e+00,7.017333e-01,2.051789e+00,-4.071454e-01,-7.986302e-01,3.089769e-01,-9.977768e-01,-1.122405e+00,8.626630e-01
-2.693801e-02,-5.940333e+00,-2.086993e+00,1.267046e+00,2.675510e+00,1.855592e-01,-2.578402e-01,6.835468e-01,-7.986188e-01,-9.429706e-01,8.794333e-01
-1.151635e-01,-6.078632e+00,-2.160578e+00,1.032264e+00,2.472139e+00,6.401624e-02,-1.497634e-01,5.649601e-01,-5.155120e-01,-8.733734e-01,1.053003e+00
9.042181e-02,-6.014521e+00,-2.243558e+00,8.725764e-01,2.337000e+00,-8.064229e-02,-2.297400e-01,7.561040e-01,-5.083411e-01,-6.547662e-01,1.097952e+00
3.907470e-01,-5.697899e+00,-2.055952e+00,1.063221e+00,2.312904e+00,-1.517759e-01,-5.131686e-01,4.343841e-01,-7.494047e-01,-9.946683e-01,9.595019e-01
3.854863e-02,-5.957010e+00,-2.334570e+00,8.765870e-01,2.200484e+00,-1.249177e-01,-5.579419e-01,5.974923e-01,-7.750936e-01,-9.245639e-01,8.159942e-01
-1.622941e-01,-6.149612e+00,-2.329678e+00,9.482855e-01,2.318453e+00,5.702337e-02,-4.072265e-01,6.803165e-01,-6.591036e-01,-7.732757e-01,9.328012e-01
-1.628386e-01,-6.069763e+00,-2.111787e+00,1.060541e+00,2.464146e+00,-1.200054e-01,-4.472304e-01,1.205767e-01,-9.119477e-01,-1.275188e+00,7.041861e-01
-4.259045e-01,-6.287929e+00,-2.470167e+00,7.574296e-01,2.356134e+00,-2.655220e-01,-3.166009e-01,4.658555e-01,-7.144129e-01,-8.897678e-01,9.219770e-01
-8.564151e-02,-6.098915e+00,-2.235684e+00,9.993155e-01,2.388050e+00,-6.240782e-02,-4.042364e-01,4.313211e-01,-8.416679e-01,-1.127860e+00,7.512485e-01
8.268808e-02,-5.968160e+00,-2.294340e+00,1.018542e+00,2.091304e+00,1.611396e-02,-5.332021e-01,5.587547e-01,-7.863410e-01,-9.819598e-01,8.134800e-01
-2.267823e-01,-6.134429e+00,-2.473035e+00,8.944692e-01,2.186698e+00,8.105685e-03,-3.518497e-01,7.288398e-01,-5.653855e-01,-7.801340e-01,1.039256e+00
1.486497e-01,-5.874689e+00,-2.046549e+00,1.100894e+00,2.810684e+00,4.702975e-02,-1.458397e-01,7.323023e-01,-6.675997e-01,-9.279948e-01,8.167458e-01
1.436381e-01,-5.853128e+00,-2.116973e+00,9.981253e-01,2.554127e+00,-2.056094e-01,-3.685426e-01,3.704917e-01,-7.714751e-01,-1.101188e+00,8.359318e-01
5.480587e-02,-5.965650e+00,-2.074621e+00,1.091165e+00,2.490037e+00,-5.378628e-02,-4.604602e-01,3.692114e-01,-8.970998e-01,-1.069980e+00,7.435891e-01
1.035190e-01,-6.208853e+00,-2.043217e+00,1.057854e+00,2.615663e+00,1.787783e-01,-1.150404e-01,7.521387e-01,-6.671281e-01,-8.735216e-01,7.691055e-01
3.793016e-01,-5.781305e+00,-2.034755e+00,9.968367e-01,2.218433e+00,-1.221312e-01,-5.025429e-01,4.871814e-01,-8.769497e-01,-8.821629e-01,7.294390e-01
-1.373576e-01,-5.979465e+00,-2.306336e+00,1.087020e+00,2.450337e+00,8.684420e-02,-1.887288e-01,7.236616e-01,-6.269414e-01,-9.426369e-01,8.459791e-01
3.913225e-01,-5.673972e+00,-1.986370e+00,1.175709e+00,2.492181e+00,5.797405e-02,-2.143091e-01,6.359733e-01,-5.401288e-01,-8.247790e-01,9.650707e-01
-8.365971e-03,-6.004823e+00,-2.187174e+00,9.585339e-01,2.398232e+00,-1.285132e-01,-4.902327e-01,3.596234e-01,-8.921153e-01,-1.073211e+00,7.335854e-01
-2.382827e-01,-6.251367e+00,-2.490945e+00,7.934104e-01,2.243708e+00,-1.680671e-01,-5.754848e-01,5.251678e-01,-9.022409e-01,-9.857611e-01,7.480310e-01
1.342532e-01,-5.890909e+00,-2.242966e+00,1.101952e+00,2.261962e+00,4.152222e-02,-5.141038e-01,5.584537e-01,-8.394897e-01,-1.013207e+00,7.914555e-01
-4.983470e-01,-6.536309e+00,-2.772276e+00,4.918731e-01,1.901183e+00,-4.621479e-01,-6.919479e-01,3.567029e-01,-9.504815e-01,-9.790638e-01,7.587795e-01
1.455814e-01,-5.939228e+00,-2.158252e+00,9.048433e-01,2.312019e+00,-9.959247e-02,-2.424206e-01,5.891668e-01,-5.730542e-01,-7.805696e-01,9.629312e-01
4.295517e-02,-6.128047e+00,-2.066711e+00,9.332611e-01,2.559046e+00,1.053640e-01,1.218508e-02,7.345149e-01,-5.513032e-01,-8.061072e-01,6.235247e-01
1.011572e-01,-6.080200e+00,-2.079329e+00,1.024467e+00,2.672365e+00,1.575240e-01,-1.725344e-01,9.296490e-01,-5.561137e-01,-6.935696e-01,9.640037e-01
5.148831e-02,-6.159308e+00,-2.227218e+00,9.134797e-01,2.589760e+00,-7.664189e-02,-3.331506e-01,5.766051e-01,-6.834217e-01,-1.144905e+00,9.475126e-01
-1.106066e-01,-6.230694e+00,-2.255794e+00,9.609240e-01,2.518652e+00,7.865831e-03,-3.186007e-01,5.242277e-01,-6.928362e-01,-1.066115e+00,8.503600e-01
5.490628e-01,-5.571926e+00,-1.955636e+00,1.036532e+00,2.375395e+00,-1.744685e-01,-3.532644e-01,3.863980e-01,-6.824568e-01,-1.038686e+00,8.728157e-01
3.048517e-01,-5.810978e+00,-2.090383e+00,9.729982e-01,2.302194e+00,-1.046707e-01,-3.042074e-01,5.182191e-01,-6.225310e-01,-9.282876e-01,8.879636e-01
2.121351e-01,-5.896853e+00,-2.051996e+00,1.092157e+00,2.470169e+00,5.843500e-02,-1.848954e-01,6.513487e-01,-5.480364e-01,-9.145800e-01,9.868599e-01
3.517826e-01,-5.701955e+00,-2.020813e+00,1.142172e+00,2.392576e+00,8.254233e-02,-4.232360e-01,7.880568e-01,-7.893515e-01,-6.534150e-01,8.285510e-01
-3.129344e-01,-6.188198e+00,-2.395987e+00,8.475226e-01,2.251756e+00,-1.551812e-01,-5.359133e-01,3.758882e-01,-8.499055e-01,-1.001881e+00,7.423180e-01
1.082990e-01,-5.872490e+00,-1.994693e+00,1.214152e+00,2.668035e+00,1.448887e-01,-2.624466e-01,5.295362e-01,-7.611127e-01,-9.847066e-01,7.140211e-01
3.470417e-01,-5.735393e+00,-2.016133e+00,1.139079e+00,2.578968e+00,1.217562e-02,-4.346248e-01,6.649871e-01,-9.230387e-01,-9.418506e-01,7.190641e-01
7.294530e-02,-6.059985e+00,-2.220263e+00,8.990318e-01,2.264194e+00,-1.782045e-01,-5.310917e-01,3.967556e-01,-8.625211e-01,-1.122004e+00,7.572025e-01
3.853600e-01,-5.584723e+00,-2.000636e+00,1.153449e+00,2.249330e+00,9.155517e-03,-3.720188e-01,5.352640e-01,-6.571156e-01,-8.374558e-01,9.299055e-01
-1.257059e-02,-5.910735e+00,-2.177745e+00,9.558444e-01,2.240270e+00,-7.471625e-02,-3.140253e-01,4.203742e-01,-6.260764e-01,-9.497022e-01,8.088359e-01
-4.084919e-01,-6.164474e+00,-2.405886e+00,9.428975e-01,2.368481e+00,-1.184416e-01,-3.713571e-01,4.050126e-01,-7.085728e-01,-9.804840e-01,9.503178e-01
1.068244e-01,-5.729888e+00,-1.933567e+00,1.367158e+00,2.747756e+00,2.353063e-01,-1.699108e-01,5.296892e-01,-7.908368e-01,-1.109534e+00,5.635773e-01
2.593808e-01,-5.693823e+00,-1.973396e+00,1.331972e+00,2.601570e+00,2.687356e-01,-3.362611e-01,7.119091e-01,-7.753274e-01,-9.699023e-01,7.012459e-01
8.257961e-02,-5.780857e+00,-2.252650e+00,1.025215e+00,2.219832e+00,-7.420816e-02,-4.242379e-01,5.004201e-01,-6.533472e-01,-8.855055e-01,9.537744e-01
1.900390e-01,-5.921883e+00,-2.150578e+00,9.701378e-01,2.330578e+00,-1.008244e-01,-3.109291e-01,4.874489e-01,-6.688496e-01,-9.996954e-01,8.511526e-01
3.265285e-01,-5.638825e+00,-1.831428e+00,1.262582e+00,2.557087e+00,1.560967e-01,-3.228508e-01,6.059470e-01,-8.500238e-01,-8.334651e-01,6.284137e-01
9.687902e-02,-5.706286e+00,-2.094647e+00,1.131600e+00,2.408756e+00,-4.063452e-02,-3.042042e-01,4.740765e-01,-7.799760e-01,-9.388571e-01,7.006272e-01
1.411654e-01,-5.800801e+00,-2.037125e+00,1.130034e+00,2.335578e+00,-1.241001e-02,-5.105787e-01,5.570597e-01,-8.100200e-01,-5.830257e-01,1.025907e+00
3.011809e-01,-5.897278e+00,-2.126355e+00,1.040838e+00,2.281543e+00,-6.244523e-02,-5.741208e-01,5.668515e-01,-8.116014e-01,-7.748765e-01,9.655070e-01
-3.603932e-02,-5.843598e+00,-2.171010e+00,1.160193e+00,2.637041e+00,2.270691e-01,-2.338386e-01,8.381068e-01,-6.554935e-01,-8.726136e-01,6.686850e-01
7.019124e-02,-5.819173e+00,-2.066558e+00,1.106334e+00,2.700429e+00,3.514579e-02,-5.284952e-02,6.861566e-01,-5.868111e-01,-8.999615e-01,8.199536e-01
3.200845e-01,-5.790185e+00,-2.198186e+00,8.420176e-01,2.091847e+00,-3.523647e-01,-5.963509e-01,3.928450e-01,-7.533324e-01,-8.096774e-01,1.001872e+00
-2.467154e-01,-6.277192e+00,-2.340314e+00,8.012709e-01,2.210370e+00,-1.040479e-01,-3.339158e-01,5.266681e-01,-6.515335e-01,-7.711808e-01,9.229252e-01
-6.957057e-01,-6.421315e+00,-2.599039e+00,9.034599e-01,2.384490e+00,9.722114e-02,-2.418491e-01,7.821369e-01,-5.736500e-01,-8.065293e-01,1.056599e+00
-6.040424e-02,-5.919299e+00,-2.097497e+00,1.103196e+00,2.627025e+00,4.338817e-02,-1.746331e-02,5.444546e-01,-4.941775e-01,-9.156923e-01,9.477620e-01
-4.166596e-01,-6.089453e+00,-2.480019e+00,9.242064e-01,2.375199e+00,-7.281746e-02,-2.391637e-01,5.636386e-01,-5.628562e-01,-8.640080e-01,1.031446e+00
-1.834235e-02,-5.739461e+00,-2.313731e+00,9.547399e-01,2.384022e+00,-1.701998e-01,-4.340692e-01,4.507045e-01,-9.222300e-01,-1.157205e+00,5.573097e-01
7.066951e-01,-5.511745e+00,-1.911505e+00,1.157376e+00,2.311376e+00,-6.538270e-02,-5.529580e-01,4.769474e-01,-8.661715e-01,-1.045612e+00,7.316250e-01
3.186480e-01,-5.772496e+00,-2.133044e+00,9.646890e-01,2.387136e+00,-2.062445e-01,-4.574948e-01,5.430577e-01,-8.176398e-01,-9.710298e-01,8.951115e-01
-2.075706e-01,-6.040129e+00,-2.406543e+00,8.564574e-01,2.306903e+00,-1.827754e-01,-2.760744e-01,5.491287e-01,-6.664026e-01,-8.376683e-01,8.616002e-01
-4.369722e-01,-6.148406e+00,-2.288801e+00,1.077626e+00,2.549551e+00,1.138189e-01,-1.154637e-01,5.346783e-01,-6.537553e-01,-9.452314e-01,7.406613e-01
3.158628e-02,-5.681725e+00,-2.186555e+00,1.178396e+00,2.411074e+00,1.663466e-02,-4.574632e-01,5.506739e-01,-9.045168e-01,-9.591845e-01,6.854176e-01
7.068109e-03,-6.007002e+00,-2.375415e+00,8.945932e-01,2.304965e+00,-8.118193e-02,-3.674988e-01,7.516545e-01,-6.140264e-01,-7.473773e-01,9.813361e-01
2.525085e-01,-5.691071e+00,-2.166024e+00,9.044104e-01,2.359406e+00,-2.243086e-01,-4.158214e-01,5.458739e-01,-6.523750e-01,-8.702547e-01,9.586470e-01
1.003173e-01,-5.780943e+00,-2.152855e+00,9.240302e-01,2.453337e+00,-1.124960e-01,-1.592397e-01,5.201364e-01,-5.514841e-01,-1.006674e+00,7.886262e-01
1.227140e-01,-5.728089e+00,-2.014480e+00,1.226191e+00,2.580988e+00,2.131862e-01,-1.165159e-01,7.637609e-01,-5.071747e-01,-6.701093e-01,1.054831e+00
1.351165e-04,-5.820639e+00,-2.119842e+00,1.186265e+00,2.399996e+00,1.641284e-02,-4.349483e-01,3.633496e-01,-9.241254e-01,-1.082668e+00,6.668603e-01
1.744296e-01,-5.766976e+00,-2.024109e+00,1.231651e+00,2.473674e+00,8.309304e-02,-3.618809e-01,5.232170e-01,-8.158283e-01,-9.488293e-01,7.957995e-01
3.861962e-01,-5.683861e+00,-1.902748e+00,1.154344e+00,2.446469e+00,4.392441e-02,-3.511078e-01,5.269069e-01,-7.841875e-01,-9.255358e-01,7.157633e-01
7.498261e-01,-5.447231e+00,-1.827158e+00,1.024376e+00,2.351969e+00,-2.160799e-01,-5.760405e-01,4.002032e-01,-8.666262e-01,-9.648724e-01,7.870090e-01
3.006974e-02,-5.723861e+00,-2.282726e+00,1.128058e+00,2.478525e+00,-1.794820e-02,-3.337515e-01,6.725047e-01,-7.890290e-01,-1.018011e+00,7.552662e-01
7.469219e-01,-5.489667e+00,-1.739665e+00,1.076028e+00,2.556361e+00,-1.904201e-01,-3.432575e-01,4.445835e-01,-7.031139e-01,-9.216365e-01,8.106120e-01
-3.007063e-01,-6.361018e+00,-2.324729e+00,8.421300e-01,2.295517e+00,-4.390635e-02,-3.651876e-01,4.710443e-01,-7.823656e-01,-9.592623e-01,7.281512e-01
2.173825e-01,-5.676989e+00,-2.005294e+00,1.178890e+00,2.402659e+00,-8.323493e-02,-4.150489e-01,3.492285e-01,-7.841388e-01,-9.209724e-01,9.550628e-01
1.929729e-01,-5.592281e+00,-1.929007e+00,1.193208e+00,2.514290e+00,-7.709248e-02,-3.404186e-01,3.245000e-01,-8.422517e-01,-9.951112e-01,7.029310e-01
4.276393e-01,-5.402620e+00,-1.988444e+00,1.256509e+00,2.359412e+00,-5.670174e-02,-3.883268e-01,4.820734e-01,-6.734014e-01,-8.353574e-01,9.087865e-01
3.952647e-04,-5.752804e+00,-2.370423e+00,1.038868e+00,2.233715e+00,-2.999945e-02,-3.397421e-01,7.423390e-01,-4.461739e-01,-7.104071e-01,1.193769e+00
1.307417e-01,-5.910303e+00,-2.287039e+00,7.498625e-01,2.026660e+00,-3.950404e-01,-7.246579e-01,1.766399e-01,-9.134602e-01,-1.145455e+00,7.825759e-01
2.249452e-01,-5.781881e+00,-2.170627e+00,1.089074e+00,2.418311e+00,-6.247559e-02,-3.443480e-01,5.991118e-01,-6.130505e-01,-8.882597e-01,1.082877e+00
3.068546e-01,-5.687268e+00,-1.939345e+00,1.231494e+00,2.446528e+00,-6.628683e-02,-5.634769e-01,2.706186e-01,-1.014848e+00,-1.169756e+00,6.590150e-01
-1.459329e-02,-5.898727e+00,-2.253354e+00,9.791063e-01,2.261624e+00,-1.898087e-01,-5.323375e-01,4.140242e-01,-8.375469e-01,-9.371333e-01,8.192730e-01
1.996733e-01,-5.790629e+00,-1.802582e+00,1.203104e+00,2.575857e+00,1.403353e-01,-1.931488e-01,4.556189e-01,-7.091277e-01,-9.307641e-01,7.338563e-01
2.589678e-01,-5.648238e+00,-2.130704e+00,1.163883e+00,2.253199e+00,6.701027e-02,-3.315509e-01,5.790134e-01,-6.531580e-01,-9.618157e-01,8.518940e-01
4.278462e-01,-5.400262e+00,-2.006473e+00,1.327874e+00,2.484001e+00,-2.738297e-02,-5.129284e-01,4.055000e-01,-9.442200e-01,-1.267532e+00,7.508965e-01
1.400412e-01,-5.529226e+00,-2.127971e+00,1.207412e+00,2.399671e+00,1.429340e-02,-3.923615e-01,5.917789e-01,-7.694628e-01,-7.890182e-01,7.661804e-01
2.868798e-01,-5.477509e+00,-1.940481e+00,1.442350e+00,2.602251e+00,2.461551e-01,-2.511514e-01,6.271985e-01,-7.327065e-01,-9.931147e-01,7.020657e-01
-2.271414e-01,-5.915924e+00,-2.094255e+00,1.275898e+00,2.662741e+00,3.212352e-01,-1.591576e-01,7.181795e-01,-7.105774e-01,-8.701961e-01,7.309076e-01
2.101692e-01,-5.733526e+00,-2.072604e+00,1.106558e+00,2.373106e+00,3.131479e-02,-3.356170e-01,6.493155e-01,-6.665018e-01,-7.747811e-01,9.599842e-01
-3.333268e-02,-5.745557e+00,-2.299583e+00,1.091831e+00,2.166262e+00,-6.344620e-02,-4.716996e-01,4.057421e-01,-7.948848e-01,-1.062760e+00,7.097460e-01
4.529647e-01,-5.578113e+00,-1.856503e+00,1.117851e+00,2.565599e+00,-1.176840e-01,-2.825097e-01,3.321689e-01,-8.292373e-01,-1.267572e+00,6.170069e-01
-2.136801e-01,-6.024599e+00,-2.499195e+00,6.242972e-01,2.135834e+00,-5.091600e-01,-5.251062e-01,1.675067e-01,-8.482451e-01,-1.250302e+00,7.278805e-01
3.536656e-01,-5.556826e+00,-1.917780e+00,1.179144e+00,2.611786e+00,-1.944077e-02,-2.300205e-01,4.997905e-01,-5.988314e-01,-9.296621e-01,9.144800e-01
2.516208e-01,-5.882335e+00,-2.113633e+00,1.061398e+00,2.370849e+00,2.027270e-02,-4.818200e-01,6.449847e-01,-7.575501e-01,-8.300421e-01,8.901795e-01
3.497853e-01,-5.538967e+00,-1.934833e+00,1.135438e+00,2.457804e+00,-1.591839e-01,-4.060452e-01,3.137870e-01,-7.931406e-01,-1.036142e+00,8.308875e-01
1.877018e+00,-3.046834e+00,-8.341870e-01,9.442383e-01,9.496995e-01,-2.215456e-01,-1.683823e-01,-2.120912e-02,-1.966076e-01,-1.863493e-01,3.003486e-01
