-1.055628e+00,-7.039366e-01,1.140787e+00,-2.090723e+00,-1.591804e-01,1.092694e+00,2.976622e-01,1.253360e-01,-1.479246e-01,-3.013115e-01,3.248864e-01
4.464494e-01,-1.659187e+00,2.559720e-01,-1.652749e+00,7.196052e-01,1.470337e+00,-3.811790e-02,-4.941232e-01,-4.434497e-01,-6.848681e-01,2.396657e-01
4.743198e-01,-2.009504e+00,5.237181e-01,-1.713440e+00,3.727291e-01,1.213487e+00,-1.914295e-01,-1.732365e-01,-3.711325e-01,-4.955524e-01,4.953896e-01
1.151056e+00,-1.975214e+00,3.303776e-01,-1.999841e+00,3.293171e-01,1.709476e+00,1.636788e-01,-8.083253e-03,-1.630041e-01,-5.222329e-01,5.333415e-01
1.027108e+00,-1.547550e+00,8.728899e-01,-1.872765e+00,8.636516e-01,1.885053e+00,2.730866e-01,-1.695816e-01,-6.824253e-01,-9.361072e-01,4.137968e-01
1.698200e+00,-1.144324e+00,1.111834e+00,-2.363611e+00,5.881694e-01,2.055084e+00,1.365677e-01,-3.345361e-01,-7.869522e-01,-6.223423e-01,5.673443e-01
1.473892e+00,-1.582024e+00,1.088189e+00,-2.229511e+00,5.891858e-01,2.085160e+00,2.997950e-01,-2.704833e-01,-5.949908e-01,-6.973692e-01,5.800960e-01
1.244708e+00,-1.758491e+00,8.486096e-01,-2.459520e+00,7.239481e-01,2.209893e+00,2.063970e-01,-2.900892e-01,-9.250277e-01,-4.160226e-01,2.734049e-01
1.450758e+00,-1.161095e+00,9.157521e-01,-2.669669e+00,3.590281e-01,2.170173e+00,8.158160e-01,-3.076963e-01,-1.237726e+00,-2.479112e-01,3.440624e-01
1.495749e+00,-1.403941e+00,4.561902e-01,-2.122728e+00,6.517093e-01,1.991447e+00,6.429538e-01,-6.274010e-01,-9.676847e-01,-1.470094e-01,2.737916e-01
1.402898e+00,-1.059524e+00,5.277736e-01,-2.138235e+00,5.762089e-01,1.982795e+00,9.843962e-01,-6.539467e-01,-1.259273e+00,-4.713639e-01,3.101444e-01
1.685244e+00,-1.038923e+00,3.481787e-01,-1.953606e+00,7.492144e-01,1.854578e+00,9.647726e-01,-3.404007e-01,-1.221749e+00,-5.980292e-01,7.353104e-01
1.405790e+00,-9.960381e-01,2.532040e-01,-2.158817e+00,1.110182e+00,1.665240e+00,4.067896e-01,-2.098454e-01,-1.599290e+00,-8.875025e-01,6.184175e-01
1.318892e+00,-9.876710e-01,5.755867e-01,-1.756462e+00,9.172693e-01,2.071856e+00,7.889063e-01,-1.003766e-01,-1.605141e+00,-6.743126e-01,8.920531e-01
1.287132e+00,-1.158962e+00,5.233173e-01,-1.982670e+00,1.118611e+00,2.199824e+00,8.421290e-01,-1.170389e-01,-1.075493e+00,-6.422036e-01,6.713860e-01
1.421415e+00,-1.075304e+00,7.454544e-01,-2.206239e+00,7.072598e-01,2.188158e+00,5.199409e-01,-2.323834e-01,-1.279044e+00,-6.711295e-01,8.021505e-01
3.796408e-01,-1.918350e+00,3.867190e-01,-2.531647e+00,6.004041e-01,2.015497e+00,3.269883e-01,-4.879888e-01,-1.537852e+00,-6.596608e-01,7.129286e-01
3.502038e-01,-1.996059e+00,5.565470e-01,-2.384849e+00,7.820393e-01,2.462351e+00,8.410179e-01,-1.485087e-01,-1.151227e+00,-3.789856e-01,9.422126e-01
1.024152e+00,-1.537462e+00,9.438207e-01,-2.442792e+00,7.879521e-01,2.380634e+00,6.404605e-01,-1.191557e-01,-1.435232e+00,-4.494853e-01,8.224871e-01
1.192536e+00,-1.805288e+00,1.180264e+00,-2.544655e+00,8.355190e-01,2.169882e+00,3.585010e-01,-5.125188e-01,-1.672649e+00,-4.797170e-01,6.631181e-01
8.981690e-01,-1.962541e+00,1.355177e+00,-2.425093e+00,1.075599e+00,2.411756e+00,8.057585e-01,-4.383785e-01,-1.626238e+00,-5.700920e-01,7.164209e-01
4.784217e-01,-2.095148e+00,1.181178e+00,-2.468382e+00,9.020997e-01,2.477736e+00,9.554343e-01,-2.098613e-01,-1.298371e+00,-6.434348e-01,9.409937e-01
8.000173e-01,-2.439540e+00,1.121132e+00,-2.372185e+00,1.099361e+00,2.483463e+00,6.465705e-01,-2.123118e-01,-1.143059e+00,-4.077610e-01,8.130856e-01
7.703985e-01,-2.159180e+00,1.347915e+00,-2.430880e+00,1.144155e+00,2.570222e+00,8.364757e-01,-4.347591e-01,-1.430329e+00,-6.706867e-01,7.083400e-01
5.924380e-01,-2.378705e+00,1.167203e+00,-2.592150e+00,7.715293e-01,2.494430e+00,8.765258e-01,-1.758063e-01,-1.156478e+00,-5.250513e-01,9.124491e-01
1.158032e+00,-2.226220e+00,1.524610e+00,-2.490769e+00,8.048203e-01,2.362153e+00,6.723953e-01,-3.090541e-01,-1.194373e+00,-3.682552e-01,8.340456e-01
9.649925e-01,-2.828241e+00,1.394142e+00,-2.702304e+00,7.494023e-01,2.105812e+00,5.401687e-01,-4.962880e-01,-1.478688e+00,-5.316345e-01,7.014493e-01
7.911281e-01,-2.609352e+00,1.261346e+00,-2.495224e+00,7.193972e-01,2.481144e+00,7.323397e-01,-1.489223e-01,-1.162026e+00,-5.632250e-01,7.093441e-01
7.936436e-01,-2.855565e+00,1.259017e+00,-2.326873e+00,9.777862e-01,2.565529e+00,8.994330e-01,-1.711313e-01,-9.422559e-01,-4.740012e-01,9.253002e-01
1.236353e+00,-2.435764e+00,1.265904e+00,-2.298609e+00,7.601986e-01,2.388546e+00,4.736009e-01,-6.708164e-01,-1.304242e+00,-8.052252e-01,7.237185e-01
9.659954e-01,-2.878450e+00,1.059840e+00,-2.382990e+00,5.820501e-01,2.156884e+00,6.494038e-01,-4.053410e-01,-1.112962e+00,-6.965329e-01,7.845971e-01
1.221792e+00,-2.996396e+00,1.279364e+00,-2.166782e+00,9.882662e-01,2.553133e+00,7.756538e-01,-3.534940e-01,-1.204079e+00,-6.555866e-01,5.603849e-01
1.132556e+00,-2.551087e+00,1.298860e+00,-2.208981e+00,8.566325e-01,2.685277e+00,1.051935e+00,-5.333501e-01,-1.338134e+00,-9.043110e-01,7.184948e-01
1.888730e+00,-2.463307e+00,1.469375e+00,-1.999602e+00,8.545497e-01,2.446818e+00,6.816056e-01,-3.718771e-01,-1.232032e+00,-6.206142e-01,3.247991e-01
1.192993e+00,-2.918832e+00,1.020647e+00,-2.102562e+00,9.214861e-01,2.706469e+00,1.017584e+00,-3.333167e-01,-1.083129e+00,-7.670392e-01,6.353339e-01
1.406162e+00,-2.378327e+00,1.214394e+00,-1.799745e+00,9.763796e-01,2.758030e+00,9.487349e-01,-4.731126e-01,-1.321198e+00,-9.178958e-01,7.202492e-01
1.169679e+00,-2.745948e+00,8.337616e-01,-2.165299e+00,7.810863e-01,2.574204e+00,6.718007e-01,-5.706109e-01,-1.265013e+00,-6.616361e-01,7.533056e-01
1.323468e+00,-2.888548e+00,8.813260e-01,-2.157783e+00,1.021692e+00,2.756753e+00,8.407372e-01,-2.369944e-01,-1.310038e+00,-8.186059e-01,5.372316e-01
1.337859e+00,-2.535228e+00,8.688145e-01,-2.180429e+00,8.785505e-01,2.661287e+00,7.277686e-01,-2.937629e-01,-1.462985e+00,-8.106881e-01,5.868380e-01
9.864985e-01,-2.701833e+00,6.699003e-01,-2.075407e+00,1.088927e+00,2.943261e+00,1.219108e+00,-1.272014e-01,-1.138406e+00,-7.684531e-01,1.036374e+00
1.278092e+00,-2.824993e+00,7.221731e-01,-2.228689e+00,1.127119e+00,2.727499e+00,1.117277e+00,-9.150540e-02,-1.218909e+00,-5.129287e-01,1.194059e+00
1.302577e+00,-2.837887e+00,8.259174e-01,-2.371366e+00,1.160094e+00,2.721552e+00,1.304406e+00,-7.987429e-02,-1.362752e+00,-5.545411e-01,1.227374e+00
1.056477e+00,-2.818779e+00,7.537966e-01,-2.138075e+00,1.257968e+00,2.846333e+00,1.299202e+00,-3.081907e-02,-1.620876e+00,-8.840940e-01,9.980948e-01
8.502294e-01,-2.877563e+00,4.400342e-01,-2.703127e+00,8.643915e-01,2.787196e+00,1.202042e+00,-3.431847e-01,-1.712934e+00,-7.244490e-01,1.105306e+00
7.444220e-01,-3.150986e+00,4.828355e-01,-2.764939e+00,9.177273e-01,3.016734e+00,1.423096e+00,-2.549174e-02,-1.568846e+00,-5.551751e-01,1.316202e+00
5.507161e-01,-3.559694e+00,2.811955e-01,-2.839831e+00,1.041819e+00,2.822344e+00,1.392416e+00,-9.474741e-02,-1.505917e+00,-7.284738e-01,1.052744e+00
6.670838e-02,-4.089458e+00,-2.538481e-01,-3.169557e+00,6.911399e-01,2.817017e+00,1.214861e+00,1.355144e-01,-1.346687e+00,-2.941485e-01,1.368590e+00
4.583046e-01,-3.958942e+00,-1.484333e-01,-3.034978e+00,7.151496e-01,2.108360e+00,9.093935e-01,-3.105254e-01,-1.367889e+00,-8.806107e-01,9.261238e-01
2.888107e-02,-3.721022e+00,-4.065929e-01,-3.379583e+00,5.868553e-01,2.680702e+00,9.747312e-01,-3.874515e-01,-1.509319e+00,-7.698840e-01,9.866545e-01
-7.732093e-02,-3.759210e+00,-4.480455e-01,-3.545813e+00,5.560301e-01,2.723116e+00,9.802462e-01,-4.182262e-01,-1.516634e+00,-6.403375e-01,1.094254e+00
-5.704974e-02,-3.747207e+00,-4.644652e-01,-3.562520e+00,5.008895e-01,2.752925e+00,9.417232e-01,-4.512867e-01,-1.531338e+00,-6.419683e-01,1.143190e+00
1.442517e-02,-3.924187e+00,-4.004953e-01,-3.512633e+00,6.242534e-01,2.607270e+00,9.493919e-01,-3.470160e-01,-1.488370e+00,-6.870447e-01,1.096322e+00
-1.204695e-01,-3.923470e+00,-5.388943e-01,-3.444428e+00,5.341608e-01,2.587332e+00,8.629484e-01,-3.318971e-01,-1.518354e+00,-7.449906e-01,1.010068e+00
-1.878988e-01,-4.023501e+00,-5.876685e-01,-3.497306e+00,5.125154e-01,2.626722e+00,8.677243e-01,-2.709109e-01,-1.487125e+00,-7.328701e-01,1.062944e+00
-6.003073e-02,-3.956159e+00,-5.126529e-01,-3.550946e+00,4.970190e-01,2.599951e+00,7.987577e-01,-3.716375e-01,-1.588222e+00,-7.384684e-01,1.102427e+00
4.714866e-02,-3.970513e+00,-4.450014e-01,-3.664942e+00,4.903231e-01,2.703291e+00,8.557857e-01,-4.370710e-01,-1.641036e+00,-7.353670e-01,1.007323e+00
-4.469119e-03,-3.722225e+00,-4.443363e-01,-3.586607e+00,5.207897e-01,2.698227e+00,8.554234e-01,-4.690580e-01,-1.665730e+00,-7.523946e-01,1.006843e+00
-1.423201e-01,-3.865291e+00,-5.735689e-01,-3.524638e+00,5.110444e-01,2.565211e+00,8.850122e-01,-4.296830e-01,-1.501842e+00,-7.862272e-01,1.068896e+00
-1.672784e-01,-4.005534e+00,-6.344498e-01,-3.539209e+00,4.413231e-01,2.518862e+00,7.281327e-01,-3.650063e-01,-1.632816e+00,-8.155260e-01,9.438351e-01
-1.437768e-01,-4.075062e+00,-5.904483e-01,-3.560667e+00,4.510286e-01,2.527112e+00,7.523292e-01,-3.507178e-01,-1.647059e+00,-7.810292e-01,9.152296e-01
-1.147466e-01,-4.037069e+00,-5.584351e-01,-3.533810e+00,4.857294e-01,2.696868e+00,8.001682e-01,-2.322826e-01,-1.617201e+00,-6.521500e-01,9.117221e-01
-1.409989e-01,-3.835309e+00,-5.045094e-01,-3.657850e+00,5.001398e-01,2.565815e+00,8.838067e-01,-5.777727e-01,-1.672988e+00,-8.067509e-01,1.017128e+00
1.096463e-01,-3.901797e+00,-3.824825e-01,-3.637771e+00,5.279757e-01,2.620355e+00,9.173529e-01,-4.992333e-01,-1.559638e+00,-7.122876e-01,1.108073e+00
-1.027033e-01,-3.873011e+00,-5.273335e-01,-3.554290e+00,4.757073e-01,2.568617e+00,8.031316e-01,-4.749329e-01,-1.645709e+00,-8.602960e-01,9.269994e-01
6.556235e-02,-3.803779e+00,-3.670531e-01,-3.387420e+00,6.662056e-01,2.644356e+00,9.903646e-01,-3.258362e-01,-1.412177e+00,-7.424242e-01,1.073616e+00
2.809703e-02,-4.028183e+00,-4.318201e-01,-3.469739e+00,5.457040e-01,2.651966e+00,8.265262e-01,-2.259703e-01,-1.581593e+00,-6.525287e-01,1.002756e+00
-1.092057e-01,-4.097288e+00,-5.356914e-01,-3.594008e+00,4.637026e-01,2.587315e+00,8.402384e-01,-3.694879e-01,-1.573141e+00,-7.491810e-01,1.005714e+00
-9.948038e-02,-3.860720e+00,-4.413258e-01,-3.543869e+00,5.761954e-01,2.719039e+00,1.024805e+00,-3.923036e-01,-1.485799e+00,-6.357915e-01,1.093827e+00
-2.048834e-01,-3.859502e+00,-5.717078e-01,-3.622312e+00,4.370228e-01,2.667880e+00,8.971988e-01,-4.677114e-01,-1.588843e+00,-6.287327e-01,1.039582e+00
2.018829e-01,-3.846419e+00,-2.680809e-01,-3.489613e+00,6.430211e-01,2.617192e+00,1.025802e+00,-4.622504e-01,-1.445495e+00,-7.411504e-01,1.134374e+00
1.141558e-01,-4.052209e+00,-3.408777e-01,-3.568297e+00,5.576439e-01,2.559499e+00,8.499798e-01,-3.953459e-01,-1.609628e+00,-7.851988e-01,1.008586e+00
-9.366055e-02,-3.985245e+00,-4.997180e-01,-3.517973e+00,5.185470e-01,2.546448e+00,9.504500e-01,-4.559023e-01,-1.457938e+00,-8.152865e-01,1.094657e+00
-2.610113e-01,-4.151878e+00,-6.266802e-01,-3.730542e+00,4.052643e-01,2.422427e+00,8.204711e-01,-5.343836e-01,-1.610588e+00,-7.903962e-01,9.782323e-01
-1.341959e-01,-3.836522e+00,-5.030434e-01,-3.519153e+00,4.826799e-01,2.744136e+00,9.679677e-01,-3.568607e-01,-1.479226e+00,-5.851614e-01,1.126766e+00
-3.525104e-01,-3.947216e+00,-6.575560e-01,-3.649392e+00,3.474909e-01,2.612858e+00,8.444767e-01,-5.248686e-01,-1.664956e+00,-7.205787e-01,9.764782e-01
-7.585079e-02,-3.890309e+00,-4.309200e-01,-3.497229e+00,5.019786e-01,2.654971e+00,8.788388e-01,-3.511360e-01,-1.645119e+00,-6.716511e-01,9.916022e-01
-8.145263e-02,-3.853979e+00,-4.399779e-01,-3.446979e+00,5.386598e-01,2.594749e+00,9.413810e-01,-4.027257e-01,-1.562408e+00,-7.736608e-01,9.947870e-01
-6.452528e-02,-3.852176e+00,-4.271390e-01,-3.441735e+00,5.231037e-01,2.654316e+00,8.782653e-01,-3.334464e-01,-1.619420e+00,-7.443719e-01,9.529541e-01
-6.066710e-02,-3.900478e+00,-4.837072e-01,-3.516815e+00,4.092324e-01,2.705228e+00,8.351988e-01,-4.023537e-01,-1.635836e+00,-7.304287e-01,1.037862e+00
-3.284068e-01,-3.822451e+00,-5.782373e-01,-3.655531e+00,4.373329e-01,2.665547e+00,9.420811e-01,-4.898850e-01,-1.617739e+00,-5.621590e-01,1.119632e+00
-1.825334e-01,-4.033804e+00,-4.924195e-01,-3.756692e+00,5.174379e-01,2.531397e+00,1.020801e+00,-5.736827e-01,-1.467442e+00,-7.100490e-01,1.187127e+00
-1.909661e-01,-3.923421e+00,-5.454454e-01,-3.462853e+00,4.476338e-01,2.738198e+00,8.474550e-01,-2.498746e-01,-1.611803e+00,-6.168883e-01,1.011680e+00
-1.331588e-01,-4.100306e+00,-5.328523e-01,-3.634224e+00,4.588864e-01,2.450341e+00,7.919864e-01,-4.527873e-01,-1.655129e+00,-8.574891e-01,9.560342e-01
-1.086886e-04,-3.856134e+00,-4.158573e-01,-3.422651e+00,5.910680e-01,2.631274e+00,9.456619e-01,-3.388711e-01,-1.508464e+00,-7.808976e-01,1.006603e+00
-6.006626e-02,-3.862840e+00,-4.488160e-01,-3.548881e+00,5.475856e-01,2.570296e+00,8.891280e-01,-3.729217e-01,-1.592836e+00,-7.595131e-01,9.874746e-01
-1.304139e-01,-3.786841e+00,-5.270843e-01,-3.579926e+00,4.240616e-01,2.749833e+00,8.621314e-01,-4.001624e-01,-1.625566e+00,-6.158145e-01,1.093266e+00
-1.270362e-01,-3.779139e+00,-4.447858e-01,-3.609486e+00,6.039203e-01,2.682832e+00,1.036556e+00,-4.572492e-01,-1.510646e+00,-7.082085e-01,1.158015e+00
-2.544201e-01,-4.111779e+00,-5.841873e-01,-3.674858e+00,5.227896e-01,2.503972e+00,9.317361e-01,-4.010449e-01,-1.470641e+00,-7.302574e-01,1.119587e+00
-3.597142e-01,-4.158497e+00,-7.220941e-01,-3.616417e+00,4.055020e-01,2.557280e+00,7.773485e-01,-2.541466e-01,-1.545950e+00,-6.925329e-01,1.081102e+00
-3.536458e-02,-3.903503e+00,-4.529243e-01,-3.463242e+00,5.990588e-01,2.606258e+00,8.586799e-01,-2.587699e-01,-1.557756e+00,-7.390434e-01,1.033816e+00
-8.737901e-02,-3.835143e+00,-4.707771e-01,-3.532201e+00,5.846198e-01,2.554326e+00,9.177925e-01,-4.116181e-01,-1.536110e+00,-7.969908e-01,1.060221e+00
6.495620e-02,-3.837069e+00,-3.654048e-01,-3.600047e+00,6.037230e-01,2.728028e+00,9.376499e-01,-3.493807e-01,-1.590225e+00,-6.716077e-01,1.022544e+00
-1.018682e-01,-3.772532e+00,-4.803999e-01,-3.659594e+00,5.700900e-01,2.668573e+00,1.016951e+00,-5.506156e-01,-1.477251e+00,-7.000812e-01,1.183841e+00
-5.072028e-02,-3.916192e+00,-4.779049e-01,-3.536282e+00,5.683934e-01,2.630143e+00,8.866543e-01,-3.075036e-01,-1.558267e+00,-6.696016e-01,1.044335e+00
-1.471405e-01,-3.958178e+00,-5.560675e-01,-3.490561e+00,5.505666e-01,2.559359e+00,8.962928e-01,-3.531955e-01,-1.495146e+00,-7.971177e-01,1.003060e+00
-7.384694e-02,-3.946302e+00,-5.116479e-01,-3.487674e+00,5.176313e-01,2.534647e+00,8.344627e-01,-4.125554e-01,-1.569966e+00,-8.327194e-01,9.723226e-01
1.447112e-01,-3.930257e+00,-3.311872e-01,-3.486239e+00,6.294531e-01,2.615403e+00,9.235333e-01,-3.226013e-01,-1.560784e+00,-7.207441e-01,9.831714e-01
1.797433e-02,-3.770636e+00,-3.975729e-01,-3.512251e+00,5.883417e-01,2.637488e+00,9.972204e-01,-5.302592e-01,-1.473238e+00,-7.836664e-01,1.151384e+00
-5.256435e-03,-3.775912e+00,-3.744064e-01,-3.614014e+00,6.235205e-01,2.567103e+00,1.048854e+00,-5.412524e-01,-1.436119e+00,-7.032957e-01,1.200502e+00
1.638692e-03,-3.820726e+00,-4.069075e-01,-3.422994e+00,5.857083e-01,2.818567e+00,9.897881e-01,-2.754673e-01,-1.506484e+00,-6.189377e-01,1.039581e+00
-5.212864e-02,-3.944620e+00,-4.651670e-01,-3.416156e+00,5.559325e-01,2.676712e+00,9.045171e-01,-2.329356e-01,-1.505888e+00,-6.182428e-01,1.059727e+00
-1.953233e-01,-3.918032e+00,-5.821318e-01,-3.401086e+00,4.870474e-01,2.657988e+00,9.022668e-01,-2.990424e-01,-1.477230e+00,-7.156577e-01,9.972569e-01
3.856150e-02,-3.897212e+00,-4.361620e-01,-3.460182e+00,4.219497e-01,2.754648e+00,7.500178e-01,-2.879531e-01,-1.703660e+00,-6.292692e-01,9.701364e-01
1.375858e-01,-3.723748e+00,-2.778820e-01,-3.507876e+00,6.458953e-01,2.680276e+00,1.003411e+00,-4.988713e-01,-1.544828e+00,-6.804787e-01,1.013264e+00
-1.007348e-01,-3.723406e+00,-5.089516e-01,-3.426291e+00,4.081984e-01,2.778375e+00,8.237369e-01,-3.799618e-01,-1.677875e+00,-6.182956e-01,9.603041e-01
-1.517324e-01,-3.829452e+00,-5.031504e-01,-3.430606e+00,4.979279e-01,2.736092e+00,9.165238e-01,-3.254492e-01,-1.560296e+00,-6.443654e-01,1.026782e+00
-1.534520e-01,-3.987633e+00,-5.596920e-01,-3.472165e+00,4.647767e-01,2.637248e+00,8.933821e-01,-3.444999e-01,-1.509970e+00,-7.159926e-01,1.023257e+00
-1.961225e-01,-3.905585e+00,-5.624665e-01,-3.457366e+00,4.384064e-01,2.614045e+00,8.395396e-01,-3.501376e-01,-1.602380e+00,-7.001614e-01,1.019142e+00
4.607468e-02,-3.934521e+00,-3.286937e-01,-3.473955e+00,6.076352e-01,2.728664e+00,1.009668e+00,-2.931966e-01,-1.477808e+00,-6.383360e-01,1.135392e+00
-1.653266e-01,-3.990604e+00,-5.203694e-01,-3.699534e+00,3.947636e-01,2.657257e+00,8.423371e-01,-4.357049e-01,-1.685714e+00,-5.965268e-01,1.031814e+00
-1.346272e-01,-3.843105e+00,-4.905359e-01,-3.535020e+00,4.409842e-01,2.807898e+00,9.284628e-01,-2.641381e-01,-1.580567e+00,-4.324857e-01,1.144473e+00
-2.242238e-02,-3.680615e+00,-3.794392e-01,-3.328716e+00,5.922739e-01,2.767823e+00,9.875810e-01,-3.157717e-01,-1.524893e+00,-6.685007e-01,1.037394e+00
-9.836869e-02,-3.970689e+00,-4.403344e-01,-3.517579e+00,5.695617e-01,2.589528e+00,9.386043e-01,-3.084985e-01,-1.516545e+00,-6.447956e-01,1.084288e+00
-1.032611e-01,-3.851140e+00,-4.445384e-01,-3.413875e+00,6.121291e-01,2.659633e+00,1.060755e+00,-2.961430e-01,-1.366720e+00,-6.567463e-01,1.210011e+00
-2.120560e-01,-3.865227e+00,-5.185818e-01,-3.531813e+00,5.135447e-01,2.655300e+00,9.191303e-01,-3.568346e-01,-1.581620e+00,-6.563170e-01,1.058836e+00
-5.342011e-02,-3.829934e+00,-3.835393e-01,-3.524942e+00,5.953151e-01,2.673043e+00,1.043405e+00,-4.274360e-01,-1.474139e+00,-7.424982e-01,1.186837e+00
-2.195770e-01,-3.763690e+00,-5.295590e-01,-3.490967e+00,4.920615e-01,2.652432e+00,9.384967e-01,-3.796812e-01,-1.576266e+00,-6.911966e-01,1.082523e+00
-1.689814e-01,-3.782984e+00,-5.361219e-01,-3.425335e+00,4.707755e-01,2.665325e+00,8.279075e-01,-3.379787e-01,-1.667855e+00,-7.483073e-01,9.221840e-01
-2.321734e-01,-4.123927e+00,-6.343266e-01,-3.626386e+00,3.866549e-01,2.465372e+00,7.138156e-01,-4.505259e-01,-1.699736e+00,-9.510275e-01,9.128017e-01
-9.671623e-02,-3.940072e+00,-4.488170e-01,-3.470149e+00,6.157709e-01,2.654202e+00,9.172403e-01,-2.316751e-01,-1.563895e+00,-7.216515e-01,9.955479e-01
-4.095033e-01,-4.023352e+00,-7.700555e-01,-3.637522e+00,3.347779e-01,2.523180e+00,7.716358e-01,-4.147446e-01,-1.598161e+00,-7.291351e-01,1.078385e+00
-2.001731e-01,-3.863719e+00,-5.416170e-01,-3.613571e+00,4.951837e-01,2.743099e+00,8.907624e-01,-3.228920e-01,-1.636493e+00,-5.819841e-01,1.024158e+00
1.182319e-01,-3.697705e+00,-2.887346e-01,-3.502698e+00,6.768467e-01,2.784548e+00,1.030984e+00,-4.046308e-01,-1.507669e+00,-6.906479e-01,1.148026e+00
-2.325456e-01,-3.863738e+00,-5.558391e-01,-3.530239e+00,5.576636e-01,2.610861e+00,9.094065e-01,-3.364635e-01,-1.608340e+00,-7.493536e-01,9.346797e-01
-1.330615e-01,-3.987681e+00,-5.976577e-01,-3.567024e+00,4.255645e-01,2.469614e+00,6.746330e-01,-4.353528e-01,-1.724866e+00,-8.384468e-01,8.742184e-01
1.805843e-01,-3.764134e+00,-3.413511e-01,-3.326796e+00,6.365066e-01,2.703077e+00,8.499204e-01,-2.325224e-01,-1.522572e+00,-7.168099e-01,1.033820e+00
-9.100884e-02,-3.785119e+00,-5.068523e-01,-3.418532e+00,5.482110e-01,2.678090e+00,8.854421e-01,-2.706904e-01,-1.506736e+00,-6.050236e-01,1.095577e+00
-3.087717e-01,-3.888995e+00,-6.739661e-01,-3.577027e+00,4.557574e-01,2.628092e+00,8.922291e-01,-3.997631e-01,-1.545591e+00,-7.108788e-01,9.796003e-01
-2.279802e-01,-3.937749e+00,-6.170727e-01,-3.639680e+00,4.053918e-01,2.676168e+00,7.968336e-01,-3.616472e-01,-1.635833e+00,-5.965003e-01,1.039617e+00
-1.128648e-01,-3.931992e+00,-5.288596e-01,-3.516252e+00,5.078303e-01,2.699022e+00,8.934620e-01,-3.046314e-01,-1.518053e+00,-6.574576e-01,1.027114e+00
-3.454526e-01,-3.880117e+00,-6.950564e-01,-3.455503e+00,4.232294e-01,2.606901e+00,8.375438e-01,-3.253208e-01,-1.545872e+00,-6.893896e-01,1.017664e+00
-8.644103e-02,-3.962769e+00,-5.340033e-01,-3.432088e+00,4.560489e-01,2.675058e+00,7.803787e-01,-2.168799e-01,-1.612725e+00,-5.898463e-01,1.001010e+00
-1.194199e-01,-3.882884e+00,-5.079721e-01,-3.470689e+00,5.221189e-01,2.663849e+00,9.005199e-01,-3.330965e-01,-1.507651e+00,-6.725133e-01,1.093468e+00
-5.047811e-02,-3.850031e+00,-4.471015e-01,-3.528637e+00,5.137451e-01,2.689712e+00,8.951467e-01,-3.967236e-01,-1.598635e+00,-6.635507e-01,1.009356e+00
-9.574424e-02,-3.905600e+00,-5.107170e-01,-3.601096e+00,4.383341e-01,2.706895e+00,8.885487e-01,-4.668891e-01,-1.636620e+00,-6.839330e-01,9.511616e-01
-2.300345e-01,-3.788034e+00,-5.140144e-01,-3.453636e+00,6.078489e-01,2.671194e+00,1.063202e+00,-3.997244e-01,-1.431942e+00,-7.082279e-01,1.050366e+00
-6.698034e-02,-3.817743e+00,-4.585301e-01,-3.398146e+00,5.701953e-01,2.609959e+00,9.644199e-01,-4.032318e-01,-1.485384e+00,-7.492951e-01,9.859508e-01
-1.116226e-01,-3.828225e+00,-5.175087e-01,-3.415635e+00,4.890561e-01,2.616924e+00,8.852455e-01,-3.690729e-01,-1.574500e+00,-7.393752e-01,9.611005e-01
8.936130e-02,-3.833186e+00,-3.869211e-01,-3.465174e+00,4.816576e-01,2.695047e+00,8.688803e-01,-3.406524e-01,-1.579131e+00,-6.185132e-01,1.056963e+00
-9.840565e-02,-3.647548e+00,-4.839402e-01,-3.450930e+00,4.142366e-01,2.893486e+00,8.796240e-01,-3.520859e-01,-1.616790e+00,-4.638527e-01,1.109197e+00
-1.047595e-01,-3.924889e+00,-4.819106e-01,-3.624774e+00,4.305618e-01,2.740583e+00,8.537017e-01,-4.431022e-01,-1.654048e+00,-5.806446e-01,1.063178e+00
-2.838254e-01,-4.079775e+00,-6.109893e-01,-3.670182e+00,4.043860e-01,2.529758e+00,8.686754e-01,-5.073948e-01,-1.604937e+00,-7.674529e-01,1.015284e+00
-5.594613e-02,-4.065762e+00,-3.924608e-01,-3.553576e+00,5.902533e-01,2.618021e+00,9.547726e-01,-2.892429e-01,-1.531924e+00,-6.681470e-01,1.068904e+00
-2.131525e-01,-3.818182e+00,-5.708530e-01,-3.390193e+00,4.415370e-01,2.683664e+00,8.765173e-01,-3.574662e-01,-1.577791e+00,-7.416896e-01,9.688892e-01
-8.619159e-02,-3.783023e+00,-4.178529e-01,-3.542232e+00,5.499196e-01,2.594581e+00,9.717210e-01,-4.881397e-01,-1.617117e+00,-7.812979e-01,9.924972e-01
-2.540744e-02,-3.752326e+00,-4.056598e-01,-3.572236e+00,5.064645e-01,2.636142e+00,9.312092e-01,-5.557843e-01,-1.631204e+00,-7.802151e-01,1.016710e+00
-1.804929e-01,-3.624476e+00,-4.989141e-01,-3.427824e+00,4.777738e-01,2.810679e+00,9.336320e-01,-3.546726e-01,-1.590152e+00,-5.758450e-01,1.098860e+00
-1.546415e-01,-3.926834e+00,-5.157074e-01,-3.499349e+00,5.024844e-01,2.675151e+00,9.079179e-01,-3.012879e-01,-1.519507e+00,-6.282131e-01,1.095564e+00
-2.312403e-02,-3.886976e+00,-3.889505e-01,-3.393763e+00,6.600823e-01,2.646556e+00,9.783052e-01,-3.148075e-01,-1.491683e+00,-7.828062e-01,1.018325e+00
-1.717423e-01,-3.793760e+00,-4.877994e-01,-3.443591e+00,5.997273e-01,2.551703e+00,9.571917e-01,-4.243215e-01,-1.543633e+00,-8.570171e-01,9.651677e-01
-1.260105e-01,-3.805815e+00,-4.891450e-01,-3.474733e+00,5.530720e-01,2.666227e+00,9.855663e-01,-3.697284e-01,-1.466954e+00,-7.243521e-01,1.126039e+00
-1.254645e-01,-3.712640e+00,-5.050683e-01,-3.566461e+00,4.552068e-01,2.776938e+00,8.508149e-01,-3.245490e-01,-1.663411e+00,-5.288273e-01,1.112970e+00
-7.754011e-02,-3.639206e+00,-4.556718e-01,-3.459656e+00,5.623217e-01,2.857962e+00,1.009802e+00,-2.515263e-01,-1.479159e+00,-5.243097e-01,1.105390e+00
-1.981516e-01,-3.885926e+00,-5.632887e-01,-3.559683e+00,5.012832e-01,2.593463e+00,8.672975e-01,-3.854800e-01,-1.557502e+00,-7.448495e-01,1.053787e+00
-2.428739e-01,-3.772683e+00,-6.256941e-01,-3.363607e+00,4.767631e-01,2.584632e+00,7.685164e-01,-3.383112e-01,-1.627260e+00,-8.560998e-01,9.106348e-01
6.182361e-02,-3.871650e+00,-3.580409e-01,-3.434022e+00,6.751688e-01,2.545483e+00,9.134636e-01,-3.976966e-01,-1.550908e+00,-9.017434e-01,9.618126e-01
-2.462470e-01,-3.975171e+00,-6.004275e-01,-3.611747e+00,4.660366e-01,2.573918e+00,7.897754e-01,-3.581920e-01,-1.668983e+00,-7.429362e-01,9.325378e-01
-1.066168e-01,-3.800647e+00,-4.961479e-01,-3.573193e+00,5.377219e-01,2.640663e+00,9.508974e-01,-4.844154e-01,-1.520719e+00,-7.658241e-01,1.106680e+00
1.139140e-01,-3.452696e+00,-3.255992e-01,-3.287794e+00,6.367195e-01,2.846794e+00,9.571898e-01,-3.449632e-01,-1.587760e+00,-6.263668e-01,1.053829e+00
-2.647083e-01,-3.683479e+00,-6.461436e-01,-3.430729e+00,4.501573e-01,2.630036e+00,8.671177e-01,-4.336851e-01,-1.567087e+00,-7.427939e-01,9.834184e-01
-2.851118e-02,-3.769366e+00,-4.741257e-01,-3.297115e+00,5.661380e-01,2.763781e+00,8.641070e-01,-1.931065e-01,-1.564178e+00,-7.034468e-01,9.572631e-01
-1.057677e-01,-3.844101e+00,-5.321006e-01,-3.337836e+00,5.524023e-01,2.714797e+00,8.714459e-01,-2.321905e-01,-1.534024e+00,-6.902372e-01,9.612838e-01
-1.254964e-01,-3.858586e+00,-5.466551e-01,-3.421692e+00,5.022910e-01,2.686052e+00,8.936269e-01,-3.370580e-01,-1.500982e+00,-7.142848e-01,1.049909e+00
-1.683329e-01,-3.758494e+00,-5.339288e-01,-3.548443e+00,4.831248e-01,2.709599e+00,9.221674e-01,-4.069941e-01,-1.518890e+00,-5.530289e-01,1.154442e+00
5.602487e-02,-3.766086e+00,-3.774132e-01,-3.447520e+00,5.616980e-01,2.819276e+00,9.324206e-01,-3.066028e-01,-1.541011e+00,-5.527757e-01,1.102563e+00
-1.254007e-01,-3.721605e+00,-5.089631e-01,-3.462410e+00,5.059186e-01,2.680611e+00,9.149023e-01,-3.980171e-01,-1.547345e+00,-6.409054e-01,1.079210e+00
-3.132495e-02,-3.601375e+00,-4.365486e-01,-3.195786e+00,5.963061e-01,2.773821e+00,9.962408e-01,-2.369378e-01,-1.384484e+00,-6.257183e-01,1.127085e+00
-2.120610e-01,-3.876411e+00,-5.373053e-01,-3.438183e+00,5.622809e-01,2.583207e+00,9.802434e-01,-3.858291e-01,-1.446182e+00,-7.453278e-01,1.056374e+00
-3.400719e-01,-4.031496e+00,-6.450853e-01,-3.557671e+00,4.601902e-01,2.619378e+00,9.441148e-01,-3.204870e-01,-1.461854e+00,-6.011433e-01,1.111935e+00
-1.825468e-01,-3.672808e+00,-5.412710e-01,-3.351616e+00,5.005332e-01,2.734112e+00,9.236901e-01,-3.819192e-01,-1.514185e+00,-6.504894e-01,1.046645e+00
-1.840272e-01,-3.863327e+00,-5.230741e-01,-3.497462e+00,5.147354e-01,2.624967e+00,9.688137e-01,-3.975716e-01,-1.476579e+00,-6.945898e-01,1.045183e+00
-2.222370e-01,-3.740612e+00,-5.898565e-01,-3.394147e+00,4.408408e-01,2.648938e+00,8.842297e-01,-4.088398e-01,-1.544754e+00,-7.003737e-01,1.042744e+00
-1.064152e-01,-3.821800e+00,-5.131458e-01,-3.454847e+00,4.849278e-01,2.521338e+00,8.472667e-01,-4.602418e-01,-1.601594e+00,-7.830700e-01,9.606592e-01
-1.726873e-01,-3.740183e+00,-5.673289e-01,-3.320119e+00,4.176276e-01,2.675386e+00,8.257748e-01,-3.626339e-01,-1.597736e+00,-7.124748e-01,1.007012e+00
-3.177052e-01,-3.787589e+00,-5.947024e-01,-3.466199e+00,4.705716e-01,2.673216e+00,9.186762e-01,-4.063145e-01,-1.610438e+00,-7.399379e-01,9.167453e-01
-3.018156e-01,-3.786290e+00,-5.844740e-01,-3.573463e+00,4.015123e-01,2.766718e+00,9.027773e-01,-4.487420e-01,-1.708545e+00,-6.490238e-01,9.232704e-01
-4.417326e-01,-3.878909e+00,-7.352963e-01,-3.531186e+00,3.096433e-01,2.667399e+00,8.117539e-01,-4.212846e-01,-1.598484e+00,-6.698580e-01,1.141759e+00
-6.409690e-01,-4.288548e+00,-9.051050e-01,-3.839821e+00,1.696132e-01,2.410918e+00,6.928726e-01,-4.802853e-01,-1.703419e+00,-6.898181e-01,1.041626e+00
-1.233947e-01,-3.800609e+00,-4.832873e-01,-3.346182e+00,5.543288e-01,2.669423e+00,9.693022e-01,-3.027052e-01,-1.442181e+00,-7.317990e-01,1.091352e+00
-2.710181e-02,-3.779501e+00,-3.879544e-01,-3.422128e+00,5.888182e-01,2.622055e+00,9.357483e-01,-3.143628e-01,-1.573422e+00,-6.998967e-01,1.025973e+00
-5.693431e-02,-3.694162e+00,-4.575850e-01,-3.351610e+00,4.749719e-01,2.717005e+00,7.651732e-01,-3.049447e-01,-1.763814e+00,-7.216773e-01,8.321110e-01
-1.791758e-01,-3.759432e+00,-5.001473e-01,-3.594640e+00,4.886329e-01,2.805969e+00,9.587740e-01,-3.636914e-01,-1.571758e+00,-5.416933e-01,1.144777e+00
-1.163382e-01,-3.688197e+00,-4.437207e-01,-3.507308e+00,5.565903e-01,2.807489e+00,9.658157e-01,-3.574099e-01,-1.617502e+00,-5.666102e-01,1.052029e+00
-3.483104e-01,-3.781388e+00,-6.201211e-01,-3.437109e+00,4.907526e-01,2.691491e+00,9.248155e-01,-2.984351e-01,-1.539661e+00,-6.195340e-01,1.097999e+00
-3.523189e-01,-3.818051e+00,-6.380981e-01,-3.454494e+00,5.285500e-01,2.512664e+00,9.296449e-01,-4.078922e-01,-1.498195e+00,-7.917736e-01,1.003640e+00
-9.672483e-02,-3.838438e+00,-5.005823e-01,-3.422718e+00,5.859116e-01,2.578738e+00,9.415411e-01,-3.674154e-01,-1.463241e+00,-8.516810e-01,1.040784e+00
-1.441433e-01,-3.731914e+00,-5.430346e-01,-3.463363e+00,4.707067e-01,2.632831e+00,7.916246e-01,-3.908441e-01,-1.682989e+00,-7.794801e-01,9.633356e-01
-2.381454e-01,-3.702422e+00,-6.221141e-01,-3.534375e+00,3.711086e-01,2.742059e+00,7.940606e-01,-3.730512e-01,-1.714892e+00,-6.294172e-01,9.931396e-01
-1.816601e-01,-3.849535e+00,-5.548949e-01,-3.629224e+00,4.712579e-01,2.671282e+00,8.453548e-01,-3.418059e-01,-1.661854e+00,-6.558763e-01,1.009536e+00
-1.977639e-01,-3.785098e+00,-5.683252e-01,-3.490003e+00,5.217503e-01,2.579730e+00,8.947953e-01,-4.091250e-01,-1.573888e+00,-8.198203e-01,9.693883e-01
-2.285751e-01,-3.840927e+00,-6.181411e-01,-3.380311e+00,4.834173e-01,2.630374e+00,8.269646e-01,-2.606593e-01,-1.517789e+00,-7.136596e-01,1.050917e+00
-2.015730e-01,-3.699850e+00,-5.792925e-01,-3.250708e+00,5.725533e-01,2.735948e+00,9.048014e-01,-2.089135e-01,-1.458702e+00,-6.973595e-01,1.022025e+00
-1.508356e-01,-3.803650e+00,-5.833679e-01,-3.422733e+00,4.417947e-01,2.646398e+00,8.139849e-01,-3.933566e-01,-1.570285e+00,-7.543224e-01,1.059577e+00
5.129079e-02,-3.788648e+00,-3.760919e-01,-3.542781e+00,5.994579e-01,2.604868e+00,9.160086e-01,-4.194027e-01,-1.579449e+00,-6.924023e-01,1.015968e+00
-3.062805e-02,-3.565651e+00,-4.472708e-01,-3.496034e+00,4.691555e-01,2.861379e+00,8.592068e-01,-4.465416e-01,-1.706446e+00,-5.785163e-01,9.827720e-01
-3.162906e-01,-3.822849e+00,-6.965482e-01,-3.539638e+00,3.750803e-01,2.629248e+00,8.032522e-01,-4.032960e-01,-1.595795e+00,-7.180327e-01,9.871352e-01
8.896988e-02,-3.660627e+00,-3.803974e-01,-3.222805e+00,5.585787e-01,2.805151e+00,8.344483e-01,-1.717902e-01,-1.644363e+00,-5.977333e-01,9.541831e-01
-9.576515e-02,-3.798000e+00,-5.074219e-01,-3.319200e+00,5.041380e-01,2.741294e+00,8.273444e-01,-2.039141e-01,-1.622743e+00,-6.039947e-01,8.917890e-01
-8.887422e-02,-3.584970e+00,-4.708667e-01,-3.231192e+00,5.624970e-01,2.821434e+00,9.247197e-01,-2.213220e-01,-1.515735e+00,-5.948449e-01,9.952000e-01
-1.404768e-01,-3.593896e+00,-5.599094e-01,-3.408992e+00,3.870116e-01,2.768092e+00,8.367156e-01,-3.796299e-01,-1.618861e+00,-5.465257e-01,1.056975e+00
-5.120677e-02,-3.690017e+00,-4.474289e-01,-3.475094e+00,4.835888e-01,2.788850e+00,9.092043e-01,-3.797705e-01,-1.604824e+00,-5.289803e-01,1.094538e+00
-5.560442e-03,-3.864814e+00,-4.183186e-01,-3.495688e+00,5.176146e-01,2.638714e+00,9.040496e-01,-4.825635e-01,-1.579740e+00,-7.421962e-01,1.025864e+00
-8.793039e-02,-3.782343e+00,-4.521155e-01,-3.250436e+00,5.875209e-01,2.838620e+00,9.648572e-01,-1.436750e-01,-1.478296e+00,-5.950810e-01,1.033552e+00
-9.445632e-02,-3.973816e+00,-5.231439e-01,-3.457103e+00,4.321241e-01,2.666993e+00,7.543822e-01,-2.877200e-01,-1.689550e+00,-6.894312e-01,9.142656e-01
-1.561692e-01,-3.856482e+00,-5.505371e-01,-3.461854e+00,4.310741e-01,2.687978e+00,8.924620e-01,-3.490056e-01,-1.495307e+00,-6.310506e-01,1.138075e+00
-6.951321e-02,-3.510358e+00,-4.117351e-01,-3.298241e+00,5.510144e-01,2.757143e+00,9.247789e-01,-4.331280e-01,-1.656450e+00,-7.357557e-01,8.991617e-01
-2.162627e-01,-3.732290e+00,-5.951224e-01,-3.587369e+00,3.599861e-01,2.624158e+00,8.584946e-01,-5.979314e-01,-1.654510e+00,-6.854880e-01,9.696590e-01
-1.636189e-01,-3.763276e+00,-4.670448e-01,-3.475248e+00,5.518470e-01,2.615467e+00,9.644886e-01,-4.610702e-01,-1.569930e+00,-7.661535e-01,9.829060e-01
-2.194962e-01,-3.763218e+00,-5.641408e-01,-3.336313e+00,4.491467e-01,2.688641e+00,8.711677e-01,-3.206630e-01,-1.575137e+00,-7.003211e-01,1.005376e+00
-2.036245e-01,-3.826695e+00,-5.438045e-01,-3.382866e+00,4.653688e-01,2.705806e+00,8.111124e-01,-2.383775e-01,-1.663067e+00,-6.382193e-01,9.233024e-01
-1.282527e-01,-3.640039e+00,-3.719969e-01,-3.301318e+00,7.327769e-01,2.725199e+00,1.181650e+00,-2.935704e-01,-1.390818e+00,-6.900918e-01,1.091107e+00
-7.823471e-02,-3.662559e+00,-4.057355e-01,-3.374515e+00,5.554096e-01,2.711251e+00,9.660201e-01,-3.423060e-01,-1.618933e+00,-6.972712e-01,9.882398e-01
-1.214794e-01,-3.781913e+00,-4.779370e-01,-3.436905e+00,5.021613e-01,2.685918e+00,8.817098e-01,-3.562375e-01,-1.646419e+00,-6.933854e-01,9.392365e-01
-2.419755e-01,-3.736097e+00,-6.079315e-01,-3.409065e+00,4.137294e-01,2.710383e+00,8.405713e-01,-3.137065e-01,-1.622391e+00,-6.586040e-01,9.275322e-01
-3.751196e-01,-3.906925e+00,-7.021360e-01,-3.485853e+00,4.079762e-01,2.553003e+00,8.061572e-01,-3.614552e-01,-1.584856e+00,-7.781535e-01,1.020436e+00
-2.955035e-01,-3.843258e+00,-6.362166e-01,-3.379344e+00,4.862313e-01,2.624728e+00,9.053525e-01,-3.293333e-01,-1.464362e+00,-7.908854e-01,1.049943e+00
-3.845615e-01,-3.787941e+00,-7.035225e-01,-3.510725e+00,4.030759e-01,2.546487e+00,7.812606e-01,-4.400083e-01,-1.688647e+00,-7.795252e-01,8.721190e-01
-1.086127e-01,-3.553662e+00,-4.389075e-01,-3.376155e+00,6.387373e-01,2.697843e+00,1.029807e+00,-4.447766e-01,-1.479503e+00,-8.115575e-01,1.064500e+00
-3.102028e-01,-3.686535e+00,-6.019320e-01,-3.519282e+00,5.060779e-01,2.703751e+00,9.757322e-01,-3.889292e-01,-1.503597e+00,-6.601496e-01,1.129689e+00
-1.955475e-01,-3.571299e+00,-5.153734e-01,-3.341958e+00,6.009700e-01,2.700940e+00,9.811265e-01,-3.551745e-01,-1.452777e+00,-6.965007e-01,1.158276e+00
4.598210e-03,-3.497536e+00,-4.065654e-01,-3.174451e+00,6.524231e-01,2.708109e+00,9.603353e-01,-2.661310e-01,-1.501491e+00,-7.712508e-01,9.990156e-01
-2.123502e-01,-3.813070e+00,-5.921744e-01,-3.389879e+00,4.790131e-01,2.637014e+00,8.046594e-01,-2.437160e-01,-1.577595e+00,-7.063963e-01,1.022527e+00
-3.274144e-01,-3.840101e+00,-6.917484e-01,-3.476996e+00,3.988782e-01,2.599704e+00,7.780600e-01,-3.435949e-01,-1.615998e+00,-7.180980e-01,1.022945e+00
-3.482731e-01,-3.817912e+00,-6.686615e-01,-3.419131e+00,5.058471e-01,2.761602e+00,9.198175e-01,-1.930388e-01,-1.514934e+00,-6.417151e-01,9.801625e-01
1.646761e-02,-3.374917e+00,-3.861980e-01,-3.251305e+00,6.125857e-01,2.942326e+00,9.938796e-01,-2.902545e-01,-1.574957e+00,-5.790848e-01,1.004215e+00
8.948718e-02,-3.521533e+00,-3.534268e-01,-3.242698e+00,6.449180e-01,2.839460e+00,9.338480e-01,-2.750543e-01,-1.523277e+00,-6.949720e-01,1.040294e+00
-2.556458e-01,-3.866822e+00,-6.395287e-01,-3.371972e+00,4.931983e-01,2.640756e+00,8.064018e-01,-3.125129e-01,-1.600116e+00,-7.622683e-01,8.398197e-01
-1.971962e-01,-3.870376e+00,-6.569162e-01,-3.415489e+00,3.878114e-01,2.529081e+00,6.932781e-01,-4.037110e-01,-1.659852e+00,-7.952391e-01,8.805659e-01
-1.630502e-01,-3.778203e+00,-5.395041e-01,-3.431575e+00,4.873080e-01,2.617038e+00,8.396499e-01,-3.902079e-01,-1.628220e+00,-7.805367e-01,8.989540e-01
-3.035076e-01,-3.623212e+00,-6.139858e-01,-3.463974e+00,4.955234e-01,2.669433e+00,9.943439e-01,-4.788358e-01,-1.424324e+00,-6.399530e-01,1.192659e+00
-1.718537e-01,-3.893023e+00,-4.914453e-01,-3.591370e+00,5.960340e-01,2.617043e+00,1.043006e+00,-3.667431e-01,-1.427310e+00,-5.885199e-01,1.135662e+00
6.482893e-02,-3.503479e+00,-3.173897e-01,-3.243028e+00,7.026520e-01,2.766038e+00,1.110430e+00,-3.549898e-01,-1.405154e+00,-7.281786e-01,1.055491e+00
-1.422205e-01,-3.612187e+00,-4.790703e-01,-3.293083e+00,5.865151e-01,2.706382e+00,9.481628e-01,-3.401229e-01,-1.533262e+00,-6.979092e-01,9.649733e-01
-6.127872e-02,-3.774372e+00,-4.664366e-01,-3.392349e+00,5.545239e-01,2.588472e+00,9.215126e-01,-4.419244e-01,-1.479750e+00,-7.634146e-01,1.069222e+00
-7.251631e-02,-3.766715e+00,-4.603310e-01,-3.373125e+00,5.395937e-01,2.736413e+00,9.647984e-01,-2.635368e-01,-1.472761e+00,-5.023327e-01,1.098091e+00
-1.581485e-01,-3.839876e+00,-5.155750e-01,-3.558957e+00,4.821161e-01,2.605947e+00,9.151319e-01,-4.516042e-01,-1.533328e+00,-6.163235e-01,1.082741e+00
-1.254667e-01,-3.547773e+00,-4.855315e-01,-3.390935e+00,4.701951e-01,2.933858e+00,9.874632e-01,-3.641531e-01,-1.538222e+00,-4.838810e-01,1.082221e+00
-1.249240e-01,-3.882629e+00,-5.254936e-01,-3.465750e+00,4.523320e-01,2.666634e+00,7.954867e-01,-3.464861e-01,-1.658650e+00,-6.075352e-01,9.773059e-01
-4.251189e-01,-3.949698e+00,-7.516097e-01,-3.545477e+00,3.760828e-01,2.465523e+00,8.925049e-01,-4.409546e-01,-1.465806e+00,-7.072412e-01,1.056515e+00
-2.984729e-03,-3.522453e+00,-3.551361e-01,-3.192836e+00,6.836837e-01,2.743759e+00,1.062389e+00,-3.616186e-01,-1.456299e+00,-7.619411e-01,1.002781e+00
4.416829e-02,-3.617225e+00,-3.266530e-01,-3.279154e+00,6.144533e-01,2.830867e+00,9.890723e-01,-3.135328e-01,-1.598311e+00,-7.182723e-01,9.341600e-01
-2.319419e-01,-3.615666e+00,-4.969611e-01,-3.424869e+00,5.439742e-01,2.745614e+00,1.019227e+00,-4.708750e-01,-1.583733e+00,-7.390042e-01,9.703052e-01
-1.843751e-01,-3.612598e+00,-5.000316e-01,-3.386524e+00,4.753877e-01,2.769829e+00,9.303151e-01,-3.126046e-01,-1.565062e+00,-5.566455e-01,1.128046e+00
-8.330282e-02,-3.648566e+00,-4.065648e-01,-3.308804e+00,5.949116e-01,2.793296e+00,1.005467e+00,-2.684696e-01,-1.500880e+00,-6.072260e-01,1.063832e+00
-3.902452e-02,-3.575615e+00,-4.087215e-01,-3.181374e+00,5.582458e-01,2.749004e+00,8.214243e-01,-2.909145e-01,-1.699113e+00,-7.492389e-01,9.071603e-01
-3.702786e-01,-3.962080e+00,-6.189846e-01,-3.361506e+00,5.523806e-01,2.855278e+00,1.033557e+00,-6.860389e-02,-1.455982e+00,-5.896986e-01,9.626790e-01
-1.638849e-01,-3.589671e+00,-5.043287e-01,-3.300359e+00,4.932866e-01,2.773558e+00,8.763093e-01,-2.473784e-01,-1.640820e+00,-6.384705e-01,9.900215e-01
-4.833626e-02,-3.484020e+00,-3.862734e-01,-3.287107e+00,6.210266e-01,2.829090e+00,1.033715e+00,-2.650320e-01,-1.521490e+00,-6.260562e-01,1.061741e+00
-1.931937e-01,-3.513452e+00,-5.186831e-01,-3.350077e+00,5.552915e-01,2.785171e+00,9.816474e-01,-3.402840e-01,-1.527313e+00,-6.262024e-01,1.091179e+00
-4.360788e-01,-3.858097e+00,-7.176729e-01,-3.464374e+00,4.239545e-01,2.759971e+00,8.704226e-01,-2.090784e-01,-1.586952e+00,-6.375238e-01,9.146521e-01
-1.168226e-01,-4.008085e+00,-5.380650e-01,-3.494085e+00,4.879398e-01,2.622302e+00,7.936198e-01,-2.725200e-01,-1.639382e+00,-7.150252e-01,9.425708e-01
-3.013037e-01,-3.856162e+00,-6.679700e-01,-3.424727e+00,4.561543e-01,2.596196e+00,7.629096e-01,-2.683536e-01,-1.650043e+00,-6.992545e-01,8.878307e-01
-2.364116e-01,-3.875969e+00,-5.737238e-01,-3.489532e+00,5.533661e-01,2.568648e+00,9.119359e-01,-3.084312e-01,-1.473339e+00,-6.784491e-01,1.100293e+00
-2.201169e-01,-3.543781e+00,-5.361171e-01,-3.474452e+00,4.951070e-01,2.585960e+00,9.150144e-01,-5.624372e-01,-1.622155e+00,-8.286361e-01,1.056381e+00
-2.527587e-01,-3.747151e+00,-5.735385e-01,-3.515452e+00,5.079317e-01,2.774605e+00,9.498537e-01,-2.863209e-01,-1.554198e+00,-5.478132e-01,1.042435e+00
-8.380080e-02,-3.612314e+00,-4.521766e-01,-3.401521e+00,6.031097e-01,2.741963e+00,9.895760e-01,-2.834836e-01,-1.475020e+00,-6.209259e-01,1.118194e+00
-2.883589e-01,-3.957685e+00,-6.775759e-01,-3.477066e+00,3.975834e-01,2.595918e+00,7.777747e-01,-2.601615e-01,-1.569835e+00,-6.843895e-01,1.016918e+00
2.418314e-02,-3.707292e+00,-4.433365e-01,-3.276366e+00,5.909157e-01,2.720241e+00,8.747283e-01,-2.310076e-01,-1.506922e+00,-6.722049e-01,1.018321e+00
1.364663e-03,-3.823022e+00,-3.735658e-01,-3.382543e+00,7.217534e-01,2.769942e+00,1.024990e+00,-1.907446e-01,-1.460256e+00,-6.015494e-01,1.044285e+00
-1.245284e-01,-3.921673e+00,-5.948397e-01,-3.551983e+00,3.743180e-01,2.591643e+00,6.811889e-01,-5.021922e-01,-1.770419e+00,-8.629507e-01,7.582311e-01
-2.459601e-01,-3.642081e+00,-6.114173e-01,-3.655311e+00,3.527597e-01,2.740499e+00,7.738512e-01,-5.644333e-01,-1.783643e+00,-6.141228e-01,9.506767e-01
-9.147694e-02,-3.777472e+00,-5.341016e-01,-3.492331e+00,4.590912e-01,2.558810e+00,8.131212e-01,-5.225753e-01,-1.672145e+00,-8.438414e-01,8.490898e-01
-4.121199e-01,-4.034658e+00,-7.853087e-01,-3.497685e+00,3.050146e-01,2.560693e+00,7.112128e-01,-2.990977e-01,-1.643361e+00,-6.579681e-01,9.794304e-01
-2.130006e-01,-3.837003e+00,-6.196856e-01,-3.410825e+00,4.300108e-01,2.571919e+00,7.754201e-01,-3.948766e-01,-1.611385e+00,-7.741952e-01,9.192691e-01
-9.490556e-03,-3.630424e+00,-4.939813e-01,-3.286467e+00,4.059388e-01,2.711893e+00,7.359591e-01,-3.956332e-01,-1.717847e+00,-7.977095e-01,8.793020e-01
-3.295748e-01,-3.481359e+00,-6.039228e-01,-3.290424e+00,4.900523e-01,2.863987e+00,9.719037e-01,-3.097999e-01,-1.550654e+00,-5.245997e-01,1.037693e+00
-1.228293e-01,-3.613876e+00,-4.979528e-01,-3.406942e+00,4.960451e-01,2.770916e+00,9.454251e-01,-4.558722e-01,-1.532618e+00,-6.544557e-01,1.037987e+00
-3.373550e-01,-3.603351e+00,-6.337294e-01,-3.357935e+00,4.303378e-01,2.635235e+00,8.714056e-01,-4.520317e-01,-1.598866e+00,-7.357260e-01,9.768359e-01
-1.408252e-01,-3.661050e+00,-4.703024e-01,-3.203512e+00,6.065923e-01,2.924773e+00,1.084703e+00,-8.684176e-02,-1.399419e+00,-4.889658e-01,1.082152e+00
-3.158540e-01,-3.628406e+00,-6.320087e-01,-3.264591e+00,4.895974e-01,2.675832e+00,9.442158e-01,-3.264780e-01,-1.460175e+00,-6.505561e-01,1.063589e+00
-3.616625e-01,-3.913191e+00,-6.931779e-01,-3.507526e+00,3.720135e-01,2.651761e+00,8.726777e-01,-3.195827e-01,-1.498665e+00,-5.605869e-01,1.137627e+00
-1.210047e-01,-3.622479e+00,-4.736295e-01,-3.453719e+00,5.042164e-01,2.721562e+00,9.685882e-01,-5.046560e-01,-1.542965e+00,-6.738051e-01,1.082641e+00
-4.068389e-01,-3.645843e+00,-7.092364e-01,-3.440211e+00,3.508742e-01,2.718858e+00,7.987421e-01,-4.262039e-01,-1.672187e+00,-5.784958e-01,9.656289e-01
-4.605887e-01,-3.556481e+00,-7.321856e-01,-3.397650e+00,3.650718e-01,2.578679e+00,8.111633e-01,-5.601733e-01,-1.694755e+00,-8.244539e-01,8.212219e-01
-4.235369e-01,-3.753764e+00,-6.963183e-01,-3.436297e+00,4.074559e-01,2.576635e+00,8.847219e-01,-3.533841e-01,-1.569952e+00,-6.824437e-01,9.287785e-01
-2.413906e-01,-3.669032e+00,-5.694765e-01,-3.303685e+00,5.184672e-01,2.611660e+00,9.307809e-01,-3.242550e-01,-1.503917e+00,-7.270040e-01,1.012828e+00
-3.589584e-01,-3.695123e+00,-6.803940e-01,-3.370884e+00,3.484828e-01,2.724385e+00,7.652163e-01,-3.041294e-01,-1.722139e+00,-6.120520e-01,9.379613e-01
-5.311983e-01,-3.770049e+00,-7.174218e-01,-3.484404e+00,4.694405e-01,2.656030e+00,1.029123e+00,-3.704953e-01,-1.472173e+00,-6.480593e-01,1.066385e+00
-2.858398e-01,-3.786181e+00,-5.751395e-01,-3.589467e+00,4.508796e-01,2.665804e+00,8.978493e-01,-4.201798e-01,-1.629192e+00,-6.112008e-01,1.058556e+00
-7.053478e-02,-3.468341e+00,-3.988610e-01,-3.228784e+00,6.104631e-01,2.694379e+00,9.018346e-01,-3.878734e-01,-1.698039e+00,-8.011497e-01,8.081795e-01
-4.078170e-01,-3.583296e+00,-6.684729e-01,-3.283532e+00,5.020567e-01,2.663375e+00,9.616543e-01,-3.492028e-01,-1.437591e+00,-7.002811e-01,1.140974e+00
-3.569450e-01,-3.636885e+00,-6.858046e-01,-3.394579e+00,4.497451e-01,2.503390e+00,8.495314e-01,-4.344765e-01,-1.520011e+00,-8.036580e-01,1.036912e+00
-3.064676e-01,-3.728786e+00,-6.796626e-01,-3.421144e+00,4.075556e-01,2.633989e+00,8.187310e-01,-2.968462e-01,-1.596656e+00,-7.105276e-01,9.751497e-01
-1.222929e-01,-3.433693e+00,-5.102702e-01,-3.206011e+00,5.293426e-01,2.774710e+00,8.056321e-01,-2.671121e-01,-1.648168e+00,-6.727942e-01,9.032835e-01
-3.063270e-01,-3.601501e+00,-5.938962e-01,-3.504157e+00,4.978212e-01,2.625809e+00,9.089557e-01,-5.163309e-01,-1.613058e+00,-7.504113e-01,1.010019e+00
-3.249420e-01,-3.766744e+00,-6.508268e-01,-3.419920e+00,4.775065e-01,2.693991e+00,8.786991e-01,-2.858251e-01,-1.584323e+00,-8.121425e-01,9.661226e-01
3.638296e-02,-3.395872e+00,-3.834409e-01,-3.146047e+00,6.262861e-01,2.735831e+00,8.504994e-01,-2.811899e-01,-1.650017e+00,-7.789491e-01,8.663241e-01
-2.321377e-01,-3.891939e+00,-5.661976e-01,-3.372997e+00,6.009535e-01,2.666218e+00,9.596945e-01,-1.761056e-01,-1.390869e+00,-5.968427e-01,1.149987e+00
2.789446e-02,-3.436337e+00,-3.302004e-01,-3.181760e+00,7.745453e-01,2.776830e+00,1.094914e+00,-2.221391e-01,-1.371596e+00,-6.641524e-01,1.100463e+00
-2.765085e-01,-3.509382e+00,-5.935147e-01,-3.430663e+00,5.017201e-01,2.702816e+00,9.680861e-01,-4.802235e-01,-1.548218e+00,-7.016739e-01,1.019338e+00
-2.420181e-01,-3.575759e+00,-5.812310e-01,-3.496185e+00,4.795205e-01,2.751698e+00,9.407727e-01,-4.950350e-01,-1.606596e+00,-6.877406e-01,1.013100e+00
-4.339645e-01,-3.623118e+00,-7.433517e-01,-3.378402e+00,4.176213e-01,2.708327e+00,8.561182e-01,-3.801652e-01,-1.597519e+00,-7.080893e-01,9.281665e-01
6.540035e-02,-3.506756e+00,-3.643438e-01,-3.101990e+00,6.898201e-01,2.876643e+00,9.552475e-01,-1.480218e-01,-1.562927e+00,-6.831878e-01,8.344362e-01
-6.979500e-02,-3.625108e+00,-5.052840e-01,-3.267141e+00,5.177020e-01,2.627531e+00,8.082834e-01,-3.804347e-01,-1.612049e+00,-8.037901e-01,8.828525e-01
2.478915e-01,-3.349702e+00,-2.417172e-01,-3.112842e+00,6.815920e-01,2.818930e+00,9.813960e-01,-3.227259e-01,-1.471063e+00,-6.832871e-01,1.017793e+00
-5.168929e-02,-3.547898e+00,-4.053355e-01,-3.301422e+00,6.421469e-01,2.674313e+00,1.000436e+00,-4.018040e-01,-1.481752e+00,-7.117964e-01,1.026855e+00
-1.144285e-01,-3.284226e+00,-4.420407e-01,-3.160455e+00,6.011112e-01,2.863858e+00,1.045199e+00,-3.611603e-01,-1.503794e+00,-6.412450e-01,1.039724e+00
-2.587282e-01,-3.728042e+00,-5.726061e-01,-3.368067e+00,5.342830e-01,2.824282e+00,1.021072e+00,-2.514505e-01,-1.402250e+00,-5.489791e-01,1.126008e+00
-4.384394e-01,-3.903652e+00,-7.397242e-01,-3.493405e+00,3.810887e-01,2.573817e+00,8.711528e-01,-4.018739e-01,-1.555929e+00,-7.273459e-01,1.005798e+00
-3.521466e-01,-3.653007e+00,-6.343973e-01,-3.133775e+00,5.459410e-01,2.804746e+00,9.865387e-01,-2.297889e-01,-1.506461e+00,-7.554540e-01,8.599106e-01
-2.844075e-01,-3.689400e+00,-6.140366e-01,-3.390159e+00,4.362606e-01,2.681233e+00,8.573451e-01,-3.434386e-01,-1.593076e+00,-6.082514e-01,1.003034e+00
-1.241292e-01,-3.445329e+00,-5.168518e-01,-3.255815e+00,4.267356e-01,2.804993e+00,8.348198e-01,-3.914663e-01,-1.670482e+00,-6.195586e-01,9.131761e-01
-3.501550e-01,-3.697066e+00,-6.324752e-01,-3.451731e+00,4.929615e-01,2.654820e+00,1.006091e+00,-4.233173e-01,-1.488922e+00,-6.353558e-01,9.482281e-01
-1.392589e-01,-3.429437e+00,-5.269375e-01,-3.255099e+00,4.481316e-01,2.723383e+00,9.007615e-01,-4.519150e-01,-1.564245e+00,-6.795378e-01,1.054648e+00
1.331241e-03,-3.429017e+00,-4.038991e-01,-3.134249e+00,5.838972e-01,2.771618e+00,8.914279e-01,-3.336610e-01,-1.576505e+00,-6.908529e-01,9.320243e-01
-2.275474e-01,-3.621358e+00,-6.045389e-01,-3.241576e+00,3.952086e-01,2.663819e+00,7.784113e-01,-4.149089e-01,-1.652643e+00,-7.446249e-01,9.574508e-01
-2.441241e-01,-3.686428e+00,-5.027866e-01,-3.477596e+00,5.746721e-01,2.622114e+00,1.076845e+00,-4.311142e-01,-1.425880e+00,-6.485693e-01,1.171462e+00
-2.336875e-01,-3.835370e+00,-5.068543e-01,-3.593968e+00,5.039298e-01,2.682123e+00,9.857196e-01,-4.172077e-01,-1.548893e+00,-6.332793e-01,1.143104e+00
-1.839764e-01,-3.688123e+00,-5.006658e-01,-3.510396e+00,4.650157e-01,2.650797e+00,8.666318e-01,-4.845881e-01,-1.658231e+00,-6.764241e-01,9.950020e-01
-2.440475e-01,-3.577930e+00,-5.651859e-01,-3.438863e+00,4.673963e-01,2.561186e+00,8.433586e-01,-5.095782e-01,-1.646610e+00,-7.186208e-01,9.753530e-01
-2.345769e-01,-3.534239e+00,-5.030888e-01,-3.248570e+00,5.784900e-01,2.755437e+00,9.716543e-01,-2.615640e-01,-1.563298e+00,-6.271833e-01,1.012141e+00
-2.277007e-01,-3.511355e+00,-5.870189e-01,-3.183336e+00,4.457667e-01,2.677715e+00,8.036247e-01,-2.844402e-01,-1.636601e+00,-7.515229e-01,8.809357e-01
-1.198092e-01,-3.653232e+00,-4.203663e-01,-3.226536e+00,6.845536e-01,2.735285e+00,9.932774e-01,-2.850488e-01,-1.561303e+00,-7.879109e-01,8.622793e-01
-2.189422e-01,-3.570076e+00,-5.399983e-01,-3.268411e+00,5.818794e-01,2.847613e+00,9.945678e-01,-2.424937e-01,-1.455636e+00,-6.703351e-01,1.020991e+00
-3.322851e-01,-3.752971e+00,-6.617932e-01,-3.548404e+00,3.553812e-01,2.659868e+00,7.744824e-01,-4.552725e-01,-1.757041e+00,-7.407143e-01,9.318947e-01
-2.272036e-01,-3.494968e+00,-5.596174e-01,-3.297497e+00,5.322574e-01,2.635753e+00,9.014756e-01,-3.559580e-01,-1.543709e+00,-7.092756e-01,1.069891e+00
-4.142482e-01,-3.696062e+00,-6.798156e-01,-3.283901e+00,5.726183e-01,2.741887e+00,1.013676e+00,-1.268344e-01,-1.407162e+00,-5.950587e-01,9.881397e-01
-2.207502e-01,-3.648837e+00,-6.029089e-01,-3.291750e+00,4.705810e-01,2.626445e+00,8.158280e-01,-3.262265e-01,-1.647527e+00,-7.789917e-01,8.911779e-01
-5.655875e-01,-3.725218e+00,-8.162525e-01,-3.376186e+00,4.545746e-01,2.711350e+00,9.279127e-01,-2.059109e-01,-1.440756e+00,-6.386722e-01,1.061182e+00
-8.201082e-02,-3.355463e+00,-3.695343e-01,-3.298074e+00,7.509939e-01,2.766060e+00,1.173988e+00,-4.330443e-01,-1.373853e+00,-7.407206e-01,1.153255e+00
-2.196106e-01,-3.709701e+00,-5.153660e-01,-3.325034e+00,7.379016e-01,2.612223e+00,1.097525e+00,-3.665229e-01,-1.303992e+00,-8.551474e-01,1.045667e+00
-1.591118e-01,-3.535668e+00,-5.396486e-01,-3.299643e+00,5.092782e-01,2.823457e+00,8.554298e-01,-2.653056e-01,-1.554920e+00,-6.955349e-01,1.097232e+00
-8.731929e-02,-3.630965e+00,-4.441815e-01,-3.215344e+00,6.598266e-01,2.779140e+00,9.791390e-01,-1.803728e-01,-1.478312e+00,-7.319566e-01,9.430347e-01
-5.577897e-01,-3.857495e+00,-8.296628e-01,-3.491230e+00,4.057537e-01,2.429877e+00,8.028658e-01,-4.642243e-01,-1.620438e+00,-8.579306e-01,8.897182e-01
-5.575453e-02,-3.597522e+00,-4.877577e-01,-3.170588e+00,5.334074e-01,2.799244e+00,8.731753e-01,-2.354807e-01,-1.513067e+00,-6.515054e-01,9.887010e-01
-3.395505e-01,-3.635261e+00,-6.520334e-01,-3.419394e+00,4.833413e-01,2.613383e+00,8.782855e-01,-4.594010e-01,-1.559650e+00,-7.214029e-01,1.013280e+00
-1.216940e-01,-3.265942e+00,-5.451444e-01,-3.220151e+00,4.096283e-01,2.793074e+00,7.848789e-01,-4.424578e-01,-1.725662e+00,-7.029691e-01,9.173807e-01
-1.138515e-01,-3.400714e+00,-4.885520e-01,-3.182751e+00,5.824564e-01,2.730981e+00,9.593712e-01,-3.982061e-01,-1.518109e+00,-7.432992e-01,9.781884e-01
2.604407e-02,-3.678132e+00,-3.737528e-01,-3.292952e+00,6.556460e-01,2.673011e+00,9.978466e-01,-3.006219e-01,-1.421778e+00,-7.043924e-01,1.107089e+00
-5.209044e-03,-3.603922e+00,-4.531145e-01,-3.221870e+00,5.373969e-01,2.694654e+00,8.483981e-01,-3.824668e-01,-1.587394e+00,-7.607472e-01,8.978505e-01
-4.954555e-02,-3.479898e+00,-3.910749e-01,-3.295172e+00,6.753837e-01,2.571547e+00,1.092365e+00,-5.520178e-01,-1.406216e+00,-8.352900e-01,1.065504e+00
-9.684995e-02,-3.524962e+00,-4.940448e-01,-3.233177e+00,4.676435e-01,2.902001e+00,8.760887e-01,-2.999848e-01,-1.578670e+00,-5.729062e-01,1.019802e+00
-5.460546e-02,-3.611550e+00,-4.465475e-01,-3.272325e+00,5.399719e-01,2.740620e+00,8.505613e-01,-3.103605e-01,-1.575586e+00,-6.029884e-01,9.759061e-01
-3.206471e-01,-3.860246e+00,-6.718996e-01,-3.484375e+00,3.924582e-01,2.652903e+00,8.980382e-01,-2.883377e-01,-1.483588e+00,-5.125518e-01,1.072929e+00
-1.998037e-01,-3.457351e+00,-5.108426e-01,-3.157521e+00,5.759808e-01,2.758524e+00,9.703607e-01,-3.170706e-01,-1.535644e+00,-7.099390e-01,9.355401e-01
-3.341512e-03,-3.490235e+00,-3.660397e-01,-3.139366e+00,6.295392e-01,2.840359e+00,9.569468e-01,-1.858935e-01,-1.553600e+00,-6.046334e-01,9.112145e-01
-2.414045e-01,-3.801275e+00,-5.484801e-01,-3.428348e+00,5.288597e-01,2.614203e+00,9.946708e-01,-4.509652e-01,-1.520677e+00,-7.984891e-01,9.122841e-01
-1.300845e-01,-3.600678e+00,-3.888832e-01,-3.395989e+00,7.221470e-01,2.691371e+00,1.238397e+00,-4.074243e-01,-1.268939e+00,-5.896536e-01,1.285691e+00
-3.543270e-01,-3.563770e+00,-6.907519e-01,-3.328159e+00,3.832131e-01,2.667874e+00,8.880802e-01,-4.757513e-01,-1.450374e+00,-6.762178e-01,1.176777e+00
-3.118141e-01,-3.565697e+00,-6.025410e-01,-3.322137e+00,4.747545e-01,2.649223e+00,8.846455e-01,-3.893004e-01,-1.591296e+00,-6.331372e-01,9.624850e-01
-7.362395e-01,-3.922527e+00,-9.288211e-01,-3.407477e+00,3.502785e-01,2.677869e+00,9.525685e-01,-2.014985e-01,-1.386979e+00,-5.762591e-01,1.122538e+00
-3.785411e-01,-3.602256e+00,-6.851003e-01,-3.287635e+00,3.742173e-01,2.595503e+00,7.439525e-01,-4.390321e-01,-1.761021e+00,-8.665340e-01,8.050770e-01
-1.436382e-01,-3.327724e+00,-4.506995e-01,-3.111514e+00,5.906631e-01,2.830461e+00,9.515567e-01,-2.739568e-01,-1.566432e+00,-6.664299e-01,9.364295e-01
-2.979088e-01,-3.421741e+00,-5.704873e-01,-3.381915e+00,4.736794e-01,2.787552e+00,9.957215e-01,-4.413774e-01,-1.565325e+00,-6.237211e-01,1.056236e+00
-4.156297e-01,-3.574200e+00,-6.944208e-01,-3.466675e+00,3.774158e-01,2.690089e+00,8.599915e-01,-4.724563e-01,-1.686366e+00,-7.097994e-01,9.216452e-01
-4.712424e-01,-3.659296e+00,-7.551200e-01,-3.499013e+00,3.172516e-01,2.416873e+00,7.042300e-01,-6.024977e-01,-1.806120e+00,-9.610830e-01,7.300467e-01
4.430994e-02,-3.392131e+00,-2.200263e-01,-3.095523e+00,8.999669e-01,2.831492e+00,1.177856e+00,-2.527394e-01,-1.438823e+00,-8.056566e-01,9.048081e-01
-1.014853e-01,-3.458159e+00,-4.208741e-01,-3.128991e+00,6.934203e-01,2.688642e+00,9.961056e-01,-2.630750e-01,-1.499666e+00,-7.556604e-01,9.258255e-01
-4.580763e-01,-3.908067e+00,-8.035859e-01,-3.594326e+00,2.629710e-01,2.495082e+00,6.206740e-01,-4.589892e-01,-1.774941e+00,-7.734824e-01,9.902205e-01
-3.793586e-01,-3.456471e+00,-6.617914e-01,-3.389001e+00,4.648143e-01,2.731805e+00,9.394373e-01,-3.862181e-01,-1.531896e+00,-5.876484e-01,1.115820e+00
-2.406202e-01,-3.459259e+00,-5.732365e-01,-3.443475e+00,5.066430e-01,2.815324e+00,9.606934e-01,-3.793453e-01,-1.566116e+00,-5.869840e-01,1.063056e+00
-2.384278e-01,-3.501107e+00,-5.574241e-01,-3.189651e+00,5.987452e-01,2.778545e+00,9.380533e-01,-1.767076e-01,-1.534640e+00,-6.222217e-01,9.636429e-01
-3.413586e-01,-3.465192e+00,-6.366171e-01,-3.192760e+00,5.499835e-01,2.688507e+00,9.663804e-01,-3.252829e-01,-1.453889e+00,-7.844197e-01,1.038949e+00
-3.844581e-01,-3.499340e+00,-6.809550e-01,-3.171909e+00,4.980776e-01,2.696726e+00,8.729782e-01,-2.578465e-01,-1.562653e+00,-7.685254e-01,8.853567e-01
-4.689338e-01,-3.700406e+00,-6.824280e-01,-3.258223e+00,6.429769e-01,2.835264e+00,1.149757e+00,-8.213991e-02,-1.267781e+00,-5.800332e-01,1.177047e+00
-4.051369e-01,-4.084577e+00,-7.339708e-01,-3.685319e+00,3.760223e-01,2.398276e+00,7.821290e-01,-4.267868e-01,-1.593258e+00,-6.844936e-01,1.052587e+00
-1.868307e-01,-3.573690e+00,-5.527228e-01,-3.402686e+00,4.539210e-01,2.617410e+00,8.454898e-01,-4.511281e-01,-1.628095e+00,-7.106882e-01,1.022196e+00
-1.009015e-01,-3.658413e+00,-5.067449e-01,-3.237868e+00,5.976687e-01,2.640991e+00,9.201983e-01,-2.741577e-01,-1.497147e+00,-7.648029e-01,9.249066e-01
-9.831128e-02,-3.537083e+00,-5.299949e-01,-3.178120e+00,4.603941e-01,2.710901e+00,7.487211e-01,-3.003378e-01,-1.752078e+00,-7.629348e-01,7.666481e-01
-1.387891e-01,-3.645725e+00,-5.928300e-01,-3.233285e+00,4.205773e-01,2.714115e+00,7.882510e-01,-2.820387e-01,-1.549319e+00,-6.846398e-01,1.004668e+00
-4.519432e-01,-3.572006e+00,-8.050558e-01,-3.412125e+00,2.747342e-01,2.375474e+00,6.175728e-01,-6.518456e-01,-1.823790e+00,-1.013565e+00,6.565013e-01
-1.483054e-01,-3.508107e+00,-5.280276e-01,-3.327371e+00,5.063736e-01,2.642002e+00,8.894566e-01,-4.399677e-01,-1.603659e+00,-7.421487e-01,9.501610e-01
-3.003794e-01,-3.684298e+00,-6.462248e-01,-3.500491e+00,3.883356e-01,2.572442e+00,8.252718e-01,-5.794311e-01,-1.637687e+00,-7.930977e-01,9.333893e-01
1.181811e-01,-3.349377e+00,-2.782618e-01,-3.155729e+00,7.117684e-01,2.801575e+00,1.045729e+00,-3.130554e-01,-1.457307e+00,-6.551858e-01,9.960908e-01
-3.108380e-01,-3.679580e+00,-6.188946e-01,-3.370931e+00,4.748397e-01,2.550441e+00,8.914344e-01,-4.133753e-01,-1.573111e+00,-7.210037e-01,1.000665e+00
-5.299888e-01,-3.925881e+00,-8.707857e-01,-3.527743e+00,2.308302e-01,2.464087e+00,7.318882e-01,-4.510832e-01,-1.602363e+00,-7.150106e-01,1.025930e+00
-3.202072e-01,-3.668316e+00,-6.547245e-01,-3.196001e+00,4.528347e-01,2.757465e+00,8.376598e-01,-2.349117e-01,-1.543038e+00,-5.914373e-01,1.006419e+00
-9.133302e-01,-4.084765e+00,-1.164035e+00,-3.744839e+00,1.792515e-02,2.406146e+00,5.334889e-01,-6.308253e-01,-1.848065e+00,-7.887246e-01,7.254718e-01
-1.852401e-01,-3.476306e+00,-6.062800e-01,-3.276807e+00,3.242683e-01,2.626677e+00,6.695124e-01,-4.886856e-01,-1.779627e+00,-7.354700e-01,8.290412e-01
9.863814e-03,-3.485793e+00,-3.670165e-01,-3.287959e+00,5.820983e-01,2.754841e+00,9.162032e-01,-3.953430e-01,-1.604198e+00,-6.100725e-01,1.011015e+00
-1.553201e-01,-3.421277e+00,-5.244350e-01,-3.110608e+00,5.484500e-01,2.706863e+00,9.691530e-01,-3.384273e-01,-1.408230e+00,-7.243701e-01,1.077573e+00
-2.141540e-01,-3.703944e+00,-6.057305e-01,-3.317646e+00,4.129726e-01,2.616453e+00,8.034918e-01,-3.698393e-01,-1.627016e+00,-7.230851e-01,9.445932e-01
-2.283703e-01,-3.561558e+00,-5.387242e-01,-3.250886e+00,5.233294e-01,2.669302e+00,9.648189e-01,-3.931122e-01,-1.542880e+00,-7.841219e-01,9.650504e-01
-4.468728e-01,-3.707594e+00,-6.986813e-01,-3.451497e+00,3.967449e-01,2.737370e+00,9.322762e-01,-4.301008e-01,-1.551533e+00,-6.915127e-01,1.022188e+00
-1.876321e-01,-3.309047e+00,-4.290656e-01,-3.317442e+00,6.106659e-01,2.838270e+00,1.088016e+00,-4.881256e-01,-1.541836e+00,-6.680374e-01,1.017836e+00
-2.993541e-01,-3.584120e+00,-5.732124e-01,-3.276250e+00,5.522416e-01,2.657562e+00,9.790849e-01,-4.106992e-01,-1.542903e+00,-7.968055e-01,9.230979e-01
-2.095114e-01,-3.512570e+00,-4.843014e-01,-3.206141e+00,5.843708e-01,2.718104e+00,9.511235e-01,-2.499854e-01,-1.584390e+00,-6.361206e-01,9.241025e-01
-5.372664e-01,-3.648099e+00,-8.181348e-01,-3.294256e+00,3.400822e-01,2.637625e+00,8.155030e-01,-3.419118e-01,-1.572959e+00,-7.845451e-01,9.896983e-01
-2.506857e-01,-3.461847e+00,-6.254677e-01,-3.287550e+00,4.346289e-01,2.563422e+00,8.656974e-01,-3.928785e-01,-1.533284e+00,-7.324436e-01,1.048389e+00
-2.552996e-01,-3.743395e+00,-5.951086e-01,-3.275129e+00,5.046256e-01,2.779214e+00,8.878479e-01,-5.660942e-02,-1.512685e+00,-5.684312e-01,1.065601e+00
-5.114798e-01,-3.846911e+00,-7.812487e-01,-3.486305e+00,4.016321e-01,2.573715e+00,8.171846e-01,-3.194715e-01,-1.594487e+00,-6.491687e-01,9.945903e-01
-2.189338e-01,-3.566147e+00,-5.142699e-01,-3.264778e+00,6.073733e-01,2.861494e+00,1.035786e+00,-1.194041e-01,-1.429928e+00,-4.694587e-01,1.133286e+00
-3.435204e-01,-3.303404e+00,-6.444143e-01,-3.026330e+00,5.476221e-01,2.779839e+00,9.351231e-01,-2.407575e-01,-1.491100e+00,-7.304661e-01,9.580697e-01
-4.081234e-01,-3.600027e+00,-7.405516e-01,-3.246435e+00,4.343000e-01,2.726787e+00,7.330041e-01,-2.074214e-01,-1.687803e+00,-7.371641e-01,8.048144e-01
-3.451854e-01,-3.861594e+00,-6.963482e-01,-3.518547e+00,3.359882e-01,2.522852e+00,6.763637e-01,-3.820897e-01,-1.728456e+00,-7.071883e-01,9.967984e-01
-3.046910e-01,-3.630626e+00,-6.392600e-01,-3.352108e+00,4.680097e-01,2.687208e+00,8.506460e-01,-3.112726e-01,-1.599494e+00,-6.839362e-01,9.574702e-01
-2.367195e-01,-3.612882e+00,-5.722967e-01,-3.496323e+00,4.716650e-01,2.724631e+00,8.529102e-01,-4.039859e-01,-1.660793e+00,-6.317327e-01,9.497513e-01
-1.164646e-01,-3.485412e+00,-4.108566e-01,-3.178588e+00,6.823617e-01,2.930151e+00,9.725535e-01,-1.352499e-01,-1.582075e+00,-5.758189e-01,8.987156e-01
-3.999241e-01,-3.652922e+00,-6.357926e-01,-3.371066e+00,5.454599e-01,2.605235e+00,8.696492e-01,-4.317260e-01,-1.746494e+00,-9.552777e-01,6.855083e-01
-1.878534e-01,-3.711744e+00,-6.032463e-01,-3.251377e+00,4.647910e-01,2.730568e+00,7.544904e-01,-2.092981e-01,-1.697784e+00,-7.045339e-01,7.948383e-01
-1.429242e-01,-3.545579e+00,-5.388773e-01,-3.225786e+00,4.854384e-01,2.777006e+00,7.734238e-01,-2.397005e-01,-1.689086e+00,-5.725133e-01,9.005218e-01
-2.749979e-02,-3.251938e+00,-4.295392e-01,-3.124003e+00,5.783315e-01,2.832151e+00,9.329652e-01,-3.832180e-01,-1.551933e+00,-6.863464e-01,1.023067e+00
-1.049215e-01,-3.444933e+00,-4.157036e-01,-3.162526e+00,7.140205e-01,2.580488e+00,1.072028e+00,-4.162958e-01,-1.398118e+00,-8.424224e-01,1.029417e+00
-5.358416e-01,-3.586116e+00,-8.427723e-01,-3.394805e+00,3.024613e-01,2.657599e+00,7.595872e-01,-4.612044e-01,-1.674715e+00,-6.748633e-01,8.785353e-01
-2.031075e-01,-3.740184e+00,-5.597192e-01,-3.325586e+00,5.345577e-01,2.715270e+00,9.226402e-01,-2.630651e-01,-1.500540e+00,-5.847698e-01,1.002800e+00
-3.310110e-01,-3.769573e+00,-6.658977e-01,-3.427556e+00,4.404753e-01,2.457831e+00,8.359095e-01,-5.058955e-01,-1.580799e+00,-8.362976e-01,9.315657e-01
-3.826792e-01,-3.649708e+00,-6.897709e-01,-3.256141e+00,4.725038e-01,2.586817e+00,9.509152e-01,-3.592572e-01,-1.464089e+00,-7.772286e-01,9.478238e-01
-3.620115e-01,-3.485213e+00,-6.416379e-01,-3.243239e+00,4.822018e-01,2.786576e+00,9.670376e-01,-3.235010e-01,-1.451156e+00,-6.004710e-01,1.067585e+00
7.171353e-02,-3.427043e+00,-3.521319e-01,-3.141748e+00,6.593303e-01,2.633620e+00,9.373899e-01,-4.740179e-01,-1.521153e+00,-8.437293e-01,8.595315e-01
-4.332184e-01,-3.553506e+00,-7.723691e-01,-3.357171e+00,3.266041e-01,2.503919e+00,8.064201e-01,-6.043056e-01,-1.540580e+00,-8.401563e-01,1.011285e+00
-1.820047e-01,-3.697308e+00,-5.686072e-01,-3.320879e+00,4.086357e-01,2.701568e+00,7.967243e-01,-2.981607e-01,-1.653619e+00,-6.063672e-01,9.213344e-01
-3.174484e-01,-3.835591e+00,-6.889348e-01,-3.425185e+00,3.880321e-01,2.505843e+00,8.385611e-01,-4.268883e-01,-1.484320e+00,-7.501428e-01,1.047066e+00
-1.929103e-01,-3.394395e+00,-4.802252e-01,-3.198946e+00,5.675414e-01,2.757355e+00,9.896084e-01,-3.890234e-01,-1.553722e+00,-6.825337e-01,1.011000e+00
-3.678088e-01,-3.545536e+00,-7.295506e-01,-3.317851e+00,3.499405e-01,2.678419e+00,8.368400e-01,-4.220729e-01,-1.514344e+00,-5.875724e-01,1.047295e+00
-1.399732e-01,-3.339095e+00,-4.989976e-01,-3.257610e+00,4.907730e-01,2.805335e+00,8.748882e-01,-4.745772e-01,-1.672693e+00,-6.580807e-01,8.334770e-01
1.497297e-01,-3.288889e+00,-2.687383e-01,-3.075059e+00,6.651893e-01,2.950269e+00,1.032611e+00,-2.428706e-01,-1.517392e+00,-5.268966e-01,1.010028e+00
-2.214430e-01,-3.678865e+00,-6.271559e-01,-3.376718e+00,3.950651e-01,2.527600e+00,7.489063e-01,-4.219435e-01,-1.615938e+00,-7.329828e-01,1.013354e+00
-2.120782e-01,-3.504813e+00,-4.624531e-01,-3.212149e+00,6.578113e-01,2.780149e+00,1.021791e+00,-2.237727e-01,-1.504947e+00,-6.566229e-01,9.871946e-01
-2.619560e-01,-3.733995e+00,-5.833595e-01,-3.370744e+00,4.052984e-01,2.772018e+00,8.548006e-01,-2.525316e-01,-1.606102e+00,-5.576819e-01,1.069711e+00
-4.833090e-01,-3.545527e+00,-6.861168e-01,-3.430618e+00,4.610454e-01,2.674677e+00,1.029728e+00,-4.420434e-01,-1.453591e+00,-5.935848e-01,1.202311e+00
-2.816587e-01,-3.237337e+00,-4.943459e-01,-3.220320e+00,6.272478e-01,2.908934e+00,1.095300e+00,-4.172812e-01,-1.556598e+00,-6.207466e-01,9.819822e-01
-3.879091e-01,-3.616762e+00,-6.221925e-01,-3.470397e+00,5.173479e-01,2.543327e+00,9.761597e-01,-5.127639e-01,-1.517414e+00,-7.822827e-01,1.062256e+00
-3.085195e-01,-3.342570e+00,-5.993962e-01,-3.070759e+00,5.575015e-01,2.791171e+00,9.538174e-01,-2.263364e-01,-1.511547e+00,-7.174568e-01,9.925114e-01
-2.604666e-01,-3.515181e+00,-6.028505e-01,-3.234508e+00,5.407674e-01,2.606012e+00,9.215794e-01,-3.165851e-01,-1.443231e+00,-7.512104e-01,1.086689e+00
-3.882118e-01,-3.633573e+00,-6.896290e-01,-3.289557e+00,4.916466e-01,2.625042e+00,8.329382e-01,-3.064678e-01,-1.636543e+00,-8.368245e-01,7.579969e-01
-2.510092e-01,-3.454355e+00,-4.975319e-01,-3.301885e+00,6.554979e-01,2.771368e+00,1.098970e+00,-3.609081e-01,-1.485396e+00,-7.409208e-01,1.027679e+00
-1.248871e-01,-3.231075e+00,-4.527018e-01,-3.241764e+00,6.450133e-01,2.871378e+00,1.044965e+00,-3.608349e-01,-1.525278e+00,-6.223490e-01,1.058201e+00
-3.536680e-01,-3.544428e+00,-7.149638e-01,-3.289064e+00,3.547542e-01,2.599376e+00,7.610802e-01,-3.874906e-01,-1.696317e+00,-8.540739e-01,9.046137e-01
-3.481203e-01,-3.469133e+00,-6.806530e-01,-3.127572e+00,4.745281e-01,2.662666e+00,8.020707e-01,-2.344445e-01,-1.542995e+00,-7.402039e-01,9.817377e-01
-2.325451e-01,-3.494769e+00,-6.091017e-01,-3.164341e+00,5.091010e-01,2.773287e+00,8.727252e-01,-2.064897e-01,-1.503250e+00,-5.542997e-01,1.052631e+00
-4.193583e-01,-3.443303e+00,-6.715332e-01,-3.214343e+00,5.966335e-01,2.670038e+00,1.033454e+00,-3.063540e-01,-1.361409e+00,-6.711772e-01,1.084384e+00
-2.161560e-01,-3.436665e+00,-5.072795e-01,-3.117388e+00,6.446851e-01,2.813613e+00,1.046634e+00,-1.806142e-01,-1.392713e+00,-6.996820e-01,1.064648e+00
-4.413384e-01,-3.577663e+00,-6.892528e-01,-3.356394e+00,5.112352e-01,2.562271e+00,9.858018e-01,-4.812093e-01,-1.515521e+00,-8.465729e-01,9.419821e-01
-6.592391e-02,-3.591465e+00,-4.797970e-01,-3.385121e+00,5.957240e-01,2.519184e+00,1.016836e+00,-4.620522e-01,-1.315074e+00,-6.977791e-01,1.239988e+00
-3.608284e-01,-3.594077e+00,-7.064727e-01,-3.247571e+00,4.799162e-01,2.654230e+00,9.255009e-01,-2.771959e-01,-1.378995e+00,-6.863037e-01,1.125031e+00
-2.928095e-01,-3.593448e+00,-5.985978e-01,-3.261935e+00,5.967329e-01,2.570433e+00,9.074961e-01,-2.995778e-01,-1.466774e+00,-6.918245e-01,9.726937e-01
-1.345740e-01,-3.448160e+00,-5.252492e-01,-3.223378e+00,5.270891e-01,2.653676e+00,8.435385e-01,-4.252326e-01,-1.590238e+00,-7.579905e-01,9.077749e-01
-5.510427e-01,-3.721696e+00,-8.172103e-01,-3.348885e+00,3.352462e-01,2.585878e+00,8.363502e-01,-3.349004e-01,-1.508546e+00,-5.835462e-01,1.145712e+00
-2.934429e-01,-3.496135e+00,-5.185535e-01,-3.413384e+00,6.206065e-01,2.756452e+00,1.160225e+00,-5.060298e-01,-1.393736e+00,-6.135597e-01,1.138797e+00
1.323802e-01,-3.246957e+00,-2.586323e-01,-2.932690e+00,7.119311e-01,3.028697e+00,9.872112e-01,-1.713642e-01,-1.589669e+00,-6.804613e-01,8.583011e-01
-2.082471e-02,-3.526963e+00,-3.861536e-01,-3.191152e+00,6.250748e-01,2.748211e+00,9.852778e-01,-2.929683e-01,-1.501320e+00,-6.541119e-01,1.047227e+00
1.046980e-01,-3.252747e+00,-3.727295e-01,-2.918550e+00,5.276622e-01,2.966954e+00,7.900260e-01,-1.289526e-01,-1.690416e+00,-5.855710e-01,7.959934e-01
-7.566179e-02,-3.161374e+00,-3.791658e-01,-3.025600e+00,7.001802e-01,2.843860e+00,1.131139e+00,-3.247806e-01,-1.422985e+00,-6.704724e-01,1.001296e+00
-1.436994e-01,-3.526259e+00,-5.019064e-01,-3.430023e+00,4.922096e-01,2.507523e+00,8.314378e-01,-6.110866e-01,-1.675310e+00,-7.451684e-01,9.079442e-01
-1.160087e-01,-3.228458e+00,-4.597417e-01,-3.147667e+00,5.724823e-01,2.736144e+00,9.725934e-01,-5.107455e-01,-1.525692e+00,-7.413168e-01,9.983239e-01
-5.321703e-01,-3.579197e+00,-7.974400e-01,-3.429339e+00,3.295475e-01,2.470453e+00,7.601368e-01,-6.796928e-01,-1.725690e+00,-9.194961e-01,7.653170e-01
-9.970262e-02,-3.468257e+00,-4.682087e-01,-3.204416e+00,5.858523e-01,2.603410e+00,9.910620e-01,-4.050950e-01,-1.437242e+00,-7.114698e-01,1.064948e+00
-3.115302e-02,-3.418553e+00,-3.866817e-01,-2.989294e+00,6.523634e-01,2.976747e+00,1.008350e+00,-9.055437e-03,-1.469244e+00,-4.077710e-01,1.057807e+00
-2.769014e-01,-3.421526e+00,-5.958995e-01,-2.977325e+00,5.906436e-01,2.840163e+00,9.352226e-01,-2.150452e-01,-1.440618e+00,-7.304525e-01,8.923482e-01
-3.115933e-01,-3.446220e+00,-5.434613e-01,-3.449037e+00,5.134857e-01,2.685125e+00,1.009025e+00,-5.451543e-01,-1.588170e+00,-7.074923e-01,9.776729e-01
-4.703093e-01,-3.453209e+00,-6.889798e-01,-3.279835e+00,4.948598e-01,2.538324e+00,9.309252e-01,-4.918694e-01,-1.605142e+00,-8.978509e-01,8.422929e-01
-2.903490e-02,-3.320629e+00,-3.226693e-01,-3.010044e+00,7.489677e-01,2.643579e+00,1.063122e+00,-2.218521e-01,-1.449859e+00,-7.177254e-01,9.667705e-01
1.402014e-01,-3.191333e+00,-3.433618e-01,-3.078294e+00,5.313823e-01,2.674528e+00,7.703904e-01,-3.849398e-01,-1.687674e+00,-7.706938e-01,8.479066e-01
-3.897116e-01,-3.605921e+00,-7.458696e-01,-3.240488e+00,4.205303e-01,2.490291e+00,7.351656e-01,-5.038372e-01,-1.656349e+00,-1.055967e+00,7.139158e-01
8.798670e-02,-3.263344e+00,-3.325890e-01,-3.094624e+00,6.365598e-01,2.751908e+00,8.813106e-01,-2.870194e-01,-1.634654e+00,-6.634492e-01,9.049315e-01
-4.124384e-01,-3.521154e+00,-6.739627e-01,-3.438211e+00,4.555395e-01,2.540043e+00,8.132426e-01,-5.761847e-01,-1.693499e+00,-8.433442e-01,9.127226e-01
-3.889716e-02,-3.032262e+00,-2.893955e-01,-3.107612e+00,7.979309e-01,2.918342e+00,1.249174e+00,-3.575998e-01,-1.367476e+00,-6.077890e-01,1.223043e+00
-4.534884e-01,-3.483628e+00,-7.702475e-01,-3.331712e+00,4.038595e-01,2.547810e+00,8.717139e-01,-5.847621e-01,-1.528531e+00,-9.374686e-01,1.021682e+00
-2.960295e-01,-3.465238e+00,-5.741789e-01,-3.273161e+00,6.186165e-01,2.572874e+00,9.516338e-01,-4.451638e-01,-1.546012e+00,-9.308029e-01,9.107075e-01
-5.215832e-01,-3.778823e+00,-8.413579e-01,-3.372289e+00,2.966153e-01,2.537729e+00,6.540435e-01,-4.168208e-01,-1.753863e+00,-8.917028e-01,7.038983e-01
-2.116397e-01,-3.641475e+00,-6.196160e-01,-3.253529e+00,4.435139e-01,2.585012e+00,7.015383e-01,-3.257416e-01,-1.697742e+00,-9.323158e-01,8.090533e-01
-3.200461e-01,-3.534217e+00,-6.536346e-01,-3.439138e+00,4.498695e-01,2.460445e+00,8.176146e-01,-6.216342e-01,-1.687161e+00,-9.769778e-01,8.516966e-01
-4.360247e-01,-3.399143e+00,-5.972137e-01,-3.315268e+00,5.662852e-01,2.990218e+00,1.055104e+00,-2.643988e-01,-1.628439e+00,-6.055360e-01,9.408762e-01
-1.053004e-01,-3.264643e+00,-4.878398e-01,-3.033230e+00,5.720059e-01,2.609988e+00,8.275091e-01,-3.463705e-01,-1.643881e+00,-8.733791e-01,8.200459e-01
-1.245620e-01,-3.260489e+00,-5.090111e-01,-3.067274e+00,5.487296e-01,2.641681e+00,8.583683e-01,-3.704079e-01,-1.593117e+00,-8.299532e-01,9.038580e-01
-1.501864e-01,-3.402215e+00,-4.316736e-01,-2.928550e+00,7.786274e-01,2.901920e+00,1.021543e+00,-6.530081e-02,-1.483096e+00,-7.221821e-01,8.246971e-01
-2.247917e-01,-3.291581e+00,-6.054936e-01,-3.125270e+00,4.843791e-01,2.573276e+00,8.352580e-01,-5.483104e-01,-1.624772e+00,-9.758811e-01,7.861901e-01
-5.186585e-01,-3.568330e+00,-7.719204e-01,-3.282031e+00,4.809923e-01,2.656837e+00,9.518177e-01,-3.981279e-01,-1.481893e+00,-7.808103e-01,9.350682e-01
-1.644612e-01,-3.151826e+00,-4.252661e-01,-3.078188e+00,6.846585e-01,2.959676e+00,1.091579e+00,-3.793646e-01,-1.531272e+00,-6.743694e-01,9.093597e-01
-2.343067e-01,-3.273478e+00,-5.951112e-01,-3.218891e+00,4.313990e-01,2.613274e+00,8.473937e-01,-5.160792e-01,-1.604876e+00,-7.484538e-01,9.470786e-01
-5.186813e-01,-3.513398e+00,-7.914402e-01,-3.299527e+00,3.851490e-01,2.581610e+00,8.695424e-01,-4.214547e-01,-1.500610e+00,-6.880277e-01,1.072177e+00
-1.522725e-01,-3.397701e+00,-5.566929e-01,-3.077427e+00,4.749162e-01,2.795207e+00,8.435774e-01,-2.608199e-01,-1.562563e+00,-6.396832e-01,9.718433e-01
-1.104662e-01,-3.261077e+00,-4.668422e-01,-2.982702e+00,5.980168e-01,2.721903e+00,9.220132e-01,-3.563991e-01,-1.520567e+00,-8.057024e-01,9.157350e-01
-6.168672e-01,-3.541354e+00,-8.157812e-01,-3.340337e+00,3.653594e-01,2.807758e+00,9.051158e-01,-3.489526e-01,-1.612693e+00,-5.755583e-01,8.466330e-01
-7.831901e-01,-3.850896e+00,-9.783740e-01,-3.584229e+00,2.766007e-01,2.602154e+00,7.935366e-01,-4.770980e-01,-1.620105e+00,-6.245186e-01,9.215763e-01
-5.228506e-02,-3.134153e+00,-3.827595e-01,-2.955746e+00,6.523256e-01,2.803120e+00,9.994302e-01,-2.825191e-01,-1.508889e+00,-7.148840e-01,1.004118e+00
2.452265e-02,-3.189451e+00,-3.635541e-01,-3.055900e+00,5.967611e-01,2.650857e+00,8.560175e-01,-4.726409e-01,-1.629730e+00,-8.964678e-01,8.971697e-01
-1.174839e-01,-3.175074e+00,-4.178311e-01,-2.908299e+00,6.957415e-01,2.828292e+00,1.102611e+00,-2.433491e-01,-1.373682e+00,-6.626918e-01,1.078161e+00
-4.353568e-01,-3.433294e+00,-7.198774e-01,-3.167172e+00,4.535331e-01,2.813159e+00,9.206525e-01,-2.457389e-01,-1.487385e+00,-4.725273e-01,1.047160e+00
-1.384013e-01,-3.418960e+00,-5.031747e-01,-3.042351e+00,5.426817e-01,2.808614e+00,8.810554e-01,-1.724644e-01,-1.544694e+00,-5.631879e-01,9.679454e-01
-4.176740e-01,-3.363172e+00,-6.705073e-01,-3.297433e+00,4.659301e-01,2.749842e+00,1.005060e+00,-5.282069e-01,-1.454508e+00,-5.998525e-01,1.128547e+00
-4.882206e-01,-3.592865e+00,-7.373184e-01,-3.232069e+00,4.349188e-01,2.777127e+00,9.504882e-01,-1.751910e-01,-1.531487e+00,-5.307707e-01,9.912144e-01
-2.351551e-01,-3.323092e+00,-5.417266e-01,-3.137839e+00,5.193442e-01,2.619234e+00,8.674315e-01,-4.079325e-01,-1.620779e+00,-7.567292e-01,8.711798e-01
-6.122311e-01,-3.594925e+00,-7.701652e-01,-3.251682e+00,4.947372e-01,2.691496e+00,9.589545e-01,-3.023377e-01,-1.492883e+00,-6.946790e-01,9.439472e-01
3.041968e-03,-2.966755e+00,-3.368728e-01,-2.881513e+00,6.663485e-01,2.901126e+00,9.598146e-01,-2.793218e-01,-1.606140e+00,-6.899222e-01,9.158539e-01
-3.490582e-01,-3.280982e+00,-5.313110e-01,-3.188264e+00,5.842308e-01,2.770307e+00,9.771535e-01,-2.876615e-01,-1.664301e+00,-6.562324e-01,8.355772e-01
-3.180177e-01,-3.505743e+00,-6.251059e-01,-3.343404e+00,4.737928e-01,2.519289e+00,8.472541e-01,-4.757128e-01,-1.616442e+00,-8.507046e-01,9.131409e-01
-2.311079e-02,-3.180081e+00,-3.671886e-01,-2.955000e+00,7.099787e-01,2.828567e+00,1.010166e+00,-2.719274e-01,-1.509331e+00,-8.229122e-01,8.878801e-01
-4.121729e-01,-3.610744e+00,-7.002585e-01,-3.298200e+00,5.049190e-01,2.538728e+00,8.841665e-01,-3.903560e-01,-1.529620e+00,-8.011333e-01,9.445953e-01
-2.933647e-01,-3.608343e+00,-6.204202e-01,-3.213144e+00,5.068743e-01,2.599566e+00,8.214559e-01,-2.944670e-01,-1.620786e+00,-8.212723e-01,8.885629e-01
-4.852171e-01,-3.621372e+00,-8.009831e-01,-3.235968e+00,3.995200e-01,2.473848e+00,7.822819e-01,-3.315163e-01,-1.534833e+00,-7.366281e-01,9.725903e-01
-2.833642e-01,-3.408887e+00,-6.162101e-01,-3.060654e+00,6.007463e-01,2.695729e+00,9.096176e-01,-1.363144e-01,-1.496851e+00,-7.164193e-01,8.434637e-01
-1.953911e-01,-3.157651e+00,-5.197335e-01,-3.064837e+00,6.143380e-01,2.735283e+00,9.528869e-01,-3.329983e-01,-1.629271e+00,-8.261376e-01,7.521714e-01
-2.042069e-01,-3.306383e+00,-5.450366e-01,-3.154378e+00,5.498073e-01,2.631122e+00,7.973087e-01,-3.530589e-01,-1.682279e+00,-8.229892e-01,7.787594e-01
4.782073e-02,-3.049757e+00,-3.231529e-01,-2.889209e+00,7.339196e-01,2.908287e+00,9.183592e-01,-1.397176e-01,-1.631551e+00,-6.222792e-01,8.494729e-01
-2.304691e-01,-3.577297e+00,-5.649262e-01,-3.312965e+00,5.195797e-01,2.536836e+00,8.043723e-01,-4.105482e-01,-1.703803e+00,-8.324949e-01,8.353457e-01
-3.397086e-01,-3.354928e+00,-6.056376e-01,-3.156552e+00,6.082482e-01,2.691468e+00,1.042257e+00,-3.578181e-01,-1.397037e+00,-7.815609e-01,9.916089e-01
-4.578889e-01,-3.474628e+00,-6.543154e-01,-3.270447e+00,5.583216e-01,2.814139e+00,1.019675e+00,-2.405596e-01,-1.474804e+00,-4.964135e-01,1.002905e+00
-2.214084e-01,-3.260005e+00,-4.473996e-01,-3.013394e+00,6.413433e-01,2.901873e+00,9.449285e-01,-2.216219e-01,-1.735848e+00,-7.839578e-01,8.214696e-01
-4.120600e-01,-3.652373e+00,-6.940138e-01,-3.267062e+00,4.755606e-01,2.770273e+00,9.690943e-01,-2.619471e-01,-1.499230e+00,-7.676822e-01,9.687428e-01
-3.547437e-01,-3.562744e+00,-6.559096e-01,-3.115231e+00,6.158580e-01,2.699034e+00,9.884192e-01,-1.829939e-01,-1.321569e+00,-6.215458e-01,9.869289e-01
-6.278431e-01,-3.492806e+00,-9.112460e-01,-3.084345e+00,3.766603e-01,2.744282e+00,9.047917e-01,-2.337795e-01,-1.324574e+00,-6.067189e-01,1.127031e+00
-2.901130e-01,-3.349788e+00,-4.921208e-01,-2.979296e+00,8.304921e-01,2.859200e+00,1.336751e+00,-8.642799e-02,-1.147529e+00,-5.541020e-01,1.131407e+00
-1.074862e-01,-3.235855e+00,-4.799892e-01,-3.099944e+00,5.178864e-01,2.784838e+00,8.437488e-01,-3.791289e-01,-1.672777e+00,-6.770337e-01,8.474650e-01
-2.109686e-01,-3.086074e+00,-4.820320e-01,-2.887448e+00,6.613778e-01,2.862949e+00,1.065000e+00,-3.531323e-01,-1.437662e+00,-7.383012e-01,9.199178e-01
-3.146263e-01,-3.263973e+00,-5.883851e-01,-3.011489e+00,5.863148e-01,2.751916e+00,1.048378e+00,-3.699313e-01,-1.419404e+00,-7.424094e-01,9.638161e-01
-1.723853e-01,-3.370197e+00,-4.354301e-01,-2.978046e+00,7.171731e-01,2.798753e+00,1.115573e+00,-3.694801e-01,-1.444884e+00,-9.037529e-01,9.454661e-01
-5.051109e-01,-3.566583e+00,-7.476617e-01,-3.210737e+00,4.354077e-01,2.587323e+00,8.839306e-01,-3.590411e-01,-1.527871e+00,-7.718982e-01,9.740424e-01
-1.020515e-01,-3.421636e+00,-3.847968e-01,-2.987800e+00,7.241478e-01,2.834420e+00,1.082858e+00,-1.741314e-01,-1.476409e+00,-6.941414e-01,8.501373e-01
-5.164827e-01,-3.665876e+00,-8.450220e-01,-3.480176e+00,2.456314e-01,2.463423e+00,6.813266e-01,-6.238706e-01,-1.724929e+00,-8.640779e-01,8.123697e-01
-2.424989e-01,-3.458989e+00,-5.656485e-01,-3.015294e+00,5.823045e-01,2.780589e+00,9.057745e-01,-1.623349e-01,-1.493764e+00,-7.220225e-01,8.223726e-01
-4.300202e-01,-3.333840e+00,-7.077891e-01,-3.098163e+00,4.545545e-01,2.749303e+00,9.060503e-01,-3.138564e-01,-1.518821e+00,-6.493174e-01,9.154786e-01
-1.460648e-01,-3.334813e+00,-4.540405e-01,-2.805703e+00,7.491097e-01,2.785526e+00,1.042580e+00,-1.675717e-01,-1.386266e+00,-8.196045e-01,8.147703e-01
-7.859528e-01,-4.123029e+00,-1.085625e+00,-3.609536e+00,9.270817e-02,2.338493e+00,5.002258e-01,-5.473573e-01,-1.862359e+00,-9.453200e-01,6.379559e-01
-1.555742e-01,-3.128968e+00,-4.282208e-01,-2.933951e+00,6.835273e-01,2.883144e+00,1.120208e+00,-2.497841e-01,-1.405636e+00,-7.293239e-01,1.088683e+00
-4.900218e-01,-3.129122e+00,-6.828353e-01,-3.123431e+00,4.756729e-01,2.791760e+00,1.048421e+00,-4.659222e-01,-1.506727e+00,-7.140702e-01,1.057572e+00
-4.980925e-01,-3.332176e+00,-7.173555e-01,-3.063556e+00,3.656109e-01,2.783000e+00,8.140284e-01,-2.192060e-01,-1.700620e+00,-6.218542e-01,9.089846e-01
-5.706209e-01,-3.445970e+00,-8.131468e-01,-3.381350e+00,2.993713e-01,2.569691e+00,8.079019e-01,-4.692001e-01,-1.657198e+00,-6.961191e-01,1.018334e+00
-8.665224e-02,-2.975251e+00,-3.619604e-01,-2.711515e+00,7.448966e-01,2.885906e+00,1.095497e+00,-2.079494e-01,-1.471672e+00,-8.152556e-01,9.127313e-01
-1.654365e-01,-3.170877e+00,-5.057968e-01,-2.903548e+00,6.740748e-01,2.705856e+00,9.929238e-01,-1.782346e-01,-1.386612e+00,-6.902503e-01,1.022849e+00
-4.611378e-01,-3.388537e+00,-7.193164e-01,-3.255790e+00,4.658192e-01,2.587012e+00,9.051092e-01,-3.925341e-01,-1.523695e+00,-7.234887e-01,1.042996e+00
-1.645310e-01,-3.331926e+00,-4.880536e-01,-2.959919e+00,5.640185e-01,2.988950e+00,9.663912e-01,6.227111e-03,-1.511621e+00,-5.827297e-01,1.032020e+00
-3.090228e-01,-3.284189e+00,-6.292316e-01,-3.118560e+00,4.637487e-01,2.859962e+00,8.498976e-01,-2.786201e-01,-1.596049e+00,-5.565689e-01,1.014527e+00
-4.418068e-01,-3.309330e+00,-6.484705e-01,-3.146122e+00,6.108289e-01,2.722530e+00,1.025468e+00,-1.990121e-01,-1.400536e+00,-5.760694e-01,1.167718e+00
-2.258356e-01,-3.511417e+00,-5.832953e-01,-3.131071e+00,5.559427e-01,2.688539e+00,8.395030e-01,-1.440076e-01,-1.555453e+00,-6.565000e-01,9.327327e-01
-3.354441e-01,-3.231939e+00,-6.486152e-01,-3.022806e+00,4.908508e-01,2.671309e+00,9.192387e-01,-3.635153e-01,-1.455908e+00,-8.018508e-01,1.011565e+00
-5.663113e-01,-3.381425e+00,-7.695108e-01,-3.046817e+00,5.799346e-01,3.030438e+00,1.090310e+00,1.680624e-01,-1.268718e+00,-2.117028e-01,1.237065e+00
-3.642036e-01,-3.539691e+00,-6.168989e-01,-3.155188e+00,6.900653e-01,2.667033e+00,1.043261e+00,-1.280264e-01,-1.317066e+00,-5.915397e-01,1.104052e+00
-1.478868e-01,-2.994523e+00,-4.485698e-01,-2.894244e+00,6.861635e-01,2.796621e+00,9.631707e-01,-2.155987e-01,-1.481148e+00,-7.031413e-01,9.105325e-01
-4.764793e-01,-3.446262e+00,-8.084863e-01,-3.240056e+00,3.122475e-01,2.452365e+00,7.152513e-01,-5.239687e-01,-1.653097e+00,-8.957151e-01,9.751467e-01
-1.773056e-01,-3.200537e+00,-4.770551e-01,-3.145390e+00,6.422902e-01,2.644807e+00,1.062138e+00,-4.359256e-01,-1.388979e+00,-6.947709e-01,1.073254e+00
-3.275836e-01,-3.240476e+00,-6.134509e-01,-3.115289e+00,4.932696e-01,2.590122e+00,7.989014e-01,-4.904098e-01,-1.687488e+00,-8.953572e-01,8.317522e-01
-3.182338e-01,-3.294642e+00,-6.318090e-01,-3.147524e+00,5.303543e-01,2.591758e+00,9.217570e-01,-3.586119e-01,-1.463435e+00,-7.059833e-01,1.030241e+00
1.141706e-02,-3.128817e+00,-4.010744e-01,-2.754809e+00,7.777879e-01,2.773361e+00,1.005442e+00,-2.188720e-01,-1.365668e+00,-7.383537e-01,8.364788e-01
-3.876662e-01,-3.354162e+00,-6.954036e-01,-3.150710e+00,4.140047e-01,2.640444e+00,8.124320e-01,-4.339509e-01,-1.667628e+00,-8.039891e-01,8.409767e-01
-2.386822e-01,-3.090662e+00,-4.431511e-01,-3.126609e+00,7.364734e-01,2.598379e+00,1.117721e+00,-3.898690e-01,-1.439147e+00,-6.683513e-01,1.072922e+00
-2.045942e-01,-3.394717e+00,-5.912152e-01,-2.991396e+00,5.153888e-01,2.550505e+00,7.336459e-01,-2.929916e-01,-1.680828e+00,-8.690164e-01,6.675950e-01
-2.435455e-01,-3.426080e+00,-5.901127e-01,-3.027380e+00,6.254873e-01,2.594014e+00,9.605932e-01,-2.683821e-01,-1.316389e+00,-6.609903e-01,1.016389e+00
-8.090373e-01,-3.677905e+00,-9.870077e-01,-3.339827e+00,2.795843e-01,2.399516e+00,7.738474e-01,-4.078039e-01,-1.563561e+00,-7.213358e-01,9.486076e-01
-1.590871e-01,-3.079573e+00,-3.875050e-01,-2.711770e+00,8.185087e-01,2.863704e+00,1.159555e+00,-4.910757e-02,-1.348305e+00,-6.486782e-01,8.712284e-01
-1.617620e-01,-3.164852e+00,-5.601975e-01,-2.874438e+00,4.701847e-01,2.698241e+00,8.089208e-01,-3.345421e-01,-1.556770e+00,-7.609930e-01,8.266801e-01
-7.902994e-01,-3.632182e+00,-9.966788e-01,-3.280774e+00,2.717743e-01,2.491392e+00,7.687118e-01,-4.615507e-01,-1.577623e+00,-7.764266e-01,8.995398e-01
-3.141130e-01,-3.293434e+00,-5.716058e-01,-2.898188e+00,5.923950e-01,2.871668e+00,9.624935e-01,-1.526403e-01,-1.523789e+00,-6.748922e-01,8.603247e-01
-5.035302e-01,-3.657793e+00,-6.578074e-01,-3.187473e+00,7.034209e-01,2.699743e+00,1.286057e+00,-6.954514e-02,-1.071217e+00,-4.629718e-01,1.266744e+00
-3.876229e-01,-3.284720e+00,-6.553725e-01,-2.994923e+00,5.310068e-01,2.563538e+00,9.382251e-01,-3.773148e-01,-1.458692e+00,-7.770929e-01,1.044978e+00
-2.233361e-01,-3.143159e+00,-5.532687e-01,-2.835650e+00,6.208834e-01,2.698785e+00,9.365377e-01,-2.042609e-01,-1.454067e+00,-6.812174e-01,8.682508e-01
1.160564e-02,-3.203066e+00,-3.567632e-01,-2.939502e+00,6.737386e-01,2.832435e+00,1.047365e+00,-2.677665e-01,-1.480017e+00,-6.835349e-01,9.030196e-01
-3.435899e-01,-3.212521e+00,-6.970623e-01,-3.091403e+00,4.457691e-01,2.625930e+00,9.333601e-01,-3.756355e-01,-1.422669e+00,-6.996804e-01,9.985297e-01
9.595396e-03,-3.067160e+00,-3.110152e-01,-2.808114e+00,8.131899e-01,2.790879e+00,1.069346e+00,-2.317199e-01,-1.366158e+00,-7.324748e-01,9.666333e-01
-1.997226e-01,-3.106648e+00,-4.522475e-01,-2.839620e+00,6.742087e-01,2.873116e+00,9.743258e-01,-1.963874e-01,-1.580458e+00,-7.993874e-01,8.183185e-01
-3.055093e-01,-3.174959e+00,-5.476737e-01,-2.869920e+00,6.087651e-01,2.842041e+00,8.587503e-01,-2.020323e-01,-1.716367e+00,-7.188630e-01,7.368285e-01
-1.791096e-01,-2.978246e+00,-5.335878e-01,-2.995445e+00,4.659335e-01,2.810596e+00,8.697568e-01,-2.797081e-01,-1.593560e+00,-6.033299e-01,1.030424e+00
-5.087558e-01,-3.211003e+00,-7.187341e-01,-3.016145e+00,5.212223e-01,2.890418e+00,9.980207e-01,-1.426421e-01,-1.417226e+00,-6.043364e-01,1.033613e+00
-3.036794e-02,-2.936223e+00,-4.059649e-01,-2.849152e+00,6.104260e-01,2.731804e+00,8.212565e-01,-2.656745e-01,-1.726361e+00,-8.356954e-01,7.624573e-01
-3.317344e-01,-3.079354e+00,-5.823652e-01,-2.882167e+00,6.992286e-01,2.862874e+00,1.142678e+00,-6.839849e-02,-1.231643e+00,-4.808864e-01,1.188935e+00
-2.306306e-01,-3.028865e+00,-5.804453e-01,-2.851784e+00,4.651548e-01,2.860785e+00,7.174698e-01,-2.249563e-01,-1.778165e+00,-7.629954e-01,7.428998e-01
-2.246534e-01,-3.130412e+00,-5.288602e-01,-2.990986e+00,5.859189e-01,2.754289e+00,9.697380e-01,-2.618705e-01,-1.470491e+00,-6.486646e-01,1.097711e+00
-6.764076e-01,-3.203369e+00,-7.862107e-01,-3.060246e+00,5.783351e-01,2.785691e+00,1.082904e+00,-1.928003e-01,-1.407644e+00,-5.650441e-01,1.028373e+00
-5.188138e-01,-3.520792e+00,-8.605714e-01,-3.321103e+00,3.720493e-01,2.431897e+00,6.621984e-01,-4.110728e-01,-1.572345e+00,-7.003111e-01,9.303508e-01
-1.275008e-01,-3.300884e+00,-4.341420e-01,-2.867652e+00,7.149224e-01,2.781343e+00,9.715231e-01,-2.960469e-02,-1.460169e+00,-6.209904e-01,9.605954e-01
-1.207439e-01,-2.996314e+00,-3.656848e-01,-2.897608e+00,7.300005e-01,2.750416e+00,1.172459e+00,-2.752063e-01,-1.426252e+00,-7.290837e-01,1.013615e+00
-6.425355e-02,-3.294813e+00,-4.265740e-01,-2.930013e+00,7.102282e-01,2.602855e+00,9.720858e-01,-2.745794e-01,-1.406329e+00,-8.769884e-01,9.989555e-01
-4.355573e-01,-3.422700e+00,-7.512379e-01,-3.047816e+00,5.122152e-01,2.588430e+00,8.505168e-01,-2.257109e-01,-1.420501e+00,-7.922783e-01,8.991490e-01
-2.670392e-01,-3.082413e+00,-6.123246e-01,-2.956858e+00,4.763768e-01,2.494492e+00,7.957708e-01,-4.416119e-01,-1.661167e+00,-9.516519e-01,7.846671e-01
-7.171521e-01,-3.839978e+00,-9.752261e-01,-3.437267e+00,2.929282e-01,2.084453e+00,5.940219e-01,-5.729820e-01,-1.643614e+00,-1.003574e+00,8.884047e-01
-5.160642e-01,-3.451967e+00,-8.550824e-01,-3.243183e+00,3.768568e-01,2.608086e+00,7.526263e-01,-3.172525e-01,-1.500573e+00,-5.441986e-01,9.706428e-01
-4.640724e-01,-3.416832e+00,-6.145352e-01,-3.053428e+00,6.884354e-01,2.678676e+00,1.113661e+00,-2.116088e-01,-1.373886e+00,-7.050563e-01,9.686301e-01
-5.305116e-01,-3.564262e+00,-8.934653e-01,-3.073052e+00,3.076276e-01,2.492697e+00,6.577274e-01,-2.863689e-01,-1.519449e+00,-7.588944e-01,9.288377e-01
-4.365447e-01,-3.675154e+00,-7.456489e-01,-3.208413e+00,4.552091e-01,2.704893e+00,7.989654e-01,-1.204921e-01,-1.557132e+00,-4.189405e-01,9.450472e-01
-4.738065e-01,-3.440420e+00,-6.994967e-01,-3.242471e+00,5.181164e-01,2.581016e+00,9.489798e-01,-3.884986e-01,-1.457550e+00,-5.941369e-01,9.939515e-01
-3.047678e-01,-3.048387e+00,-5.551041e-01,-2.888389e+00,5.902744e-01,2.847492e+00,9.749361e-01,-3.152848e-01,-1.597582e+00,-7.119550e-01,7.977507e-01
-4.593366e-01,-3.380655e+00,-8.433581e-01,-3.158865e+00,2.751671e-01,2.429495e+00,6.401988e-01,-5.060713e-01,-1.621406e+00,-8.688083e-01,8.752933e-01
2.308860e-01,-2.725512e+00,-1.328117e-01,-2.861914e+00,7.556253e-01,2.637255e+00,9.088524e-01,-5.706168e-01,-1.716822e+00,-8.787395e-01,7.867564e-01
-2.702224e-01,-3.177810e+00,-5.603121e-01,-2.976091e+00,5.716593e-01,2.698813e+00,9.587763e-01,-4.200496e-01,-1.502030e+00,-7.713272e-01,9.109139e-01
1.039151e-01,-2.821698e+00,-3.705996e-01,-2.684668e+00,5.377485e-01,2.721822e+00,8.343241e-01,-3.379611e-01,-1.651241e+00,-7.683438e-01,8.306073e-01
-2.116971e-01,-3.051289e+00,-5.748701e-01,-2.915747e+00,4.684031e-01,2.904282e+00,8.381636e-01,-2.244962e-01,-1.597218e+00,-5.155946e-01,9.171151e-01
1.108124e-01,-2.975115e+00,-2.620696e-01,-2.858302e+00,6.850871e-01,2.896238e+00,9.640529e-01,-2.976031e-01,-1.580845e+00,-5.936685e-01,8.333353e-01
-3.854782e-01,-3.346724e+00,-7.042230e-01,-3.057504e+00,4.629137e-01,2.474575e+00,7.388532e-01,-5.638734e-01,-1.591115e+00,-9.604207e-01,7.422539e-01
-3.130394e-01,-3.040764e+00,-6.252563e-01,-2.794118e+00,5.445474e-01,2.720374e+00,8.622600e-01,-3.451065e-01,-1.631833e+00,-9.579279e-01,7.223888e-01
-2.555839e-01,-3.082520e+00,-5.033322e-01,-2.711414e+00,7.271857e-01,3.031553e+00,1.069924e+00,-3.930633e-02,-1.441043e+00,-6.922312e-01,7.938726e-01
-4.158099e-01,-3.173889e+00,-6.941560e-01,-3.106707e+00,4.675391e-01,2.466065e+00,9.320747e-01,-5.793638e-01,-1.449461e+00,-8.481585e-01,1.015752e+00
-2.995228e-02,-2.986550e+00,-4.516221e-01,-3.009903e+00,5.000163e-01,2.663182e+00,7.980287e-01,-3.976141e-01,-1.697830e+00,-6.950112e-01,9.944814e-01
-2.652830e-01,-2.887865e+00,-4.536969e-01,-2.875555e+00,7.404794e-01,2.860159e+00,1.097819e+00,-2.533727e-01,-1.476624e+00,-6.020516e-01,9.303841e-01
-1.880301e-01,-2.858496e+00,-4.464493e-01,-2.888263e+00,6.406875e-01,2.789624e+00,1.127864e+00,-4.169622e-01,-1.346903e+00,-7.093286e-01,1.161932e+00
-5.324133e-02,-2.815700e+00,-2.440600e-01,-2.726335e+00,8.618195e-01,2.867488e+00,1.126757e+00,-3.794767e-01,-1.547718e+00,-8.801026e-01,8.757899e-01
-1.968766e-02,-2.829298e+00,-4.216514e-01,-2.670279e+00,6.928728e-01,2.794609e+00,9.532981e-01,-2.011705e-01,-1.482192e+00,-8.521967e-01,8.481978e-01
1.729336e-01,-2.747809e+00,-3.287605e-01,-2.766831e+00,6.198473e-01,2.738339e+00,7.455003e-01,-1.867307e-01,-1.681804e+00,-6.794842e-01,7.873404e-01
-2.646977e-01,-3.119333e+00,-4.879574e-01,-2.784578e+00,8.476119e-01,2.801155e+00,1.064799e+00,-1.919425e-01,-1.388033e+00,-8.643290e-01,7.510940e-01
-4.043393e-01,-3.134498e+00,-7.161496e-01,-2.927599e+00,4.711274e-01,2.528960e+00,6.751436e-01,-3.390127e-01,-1.667146e+00,-9.274383e-01,7.229000e-01
-5.296824e-02,-2.928589e+00,-4.269549e-01,-2.983494e+00,5.749508e-01,2.605353e+00,8.175398e-01,-3.688359e-01,-1.687867e+00,-8.539178e-01,8.415428e-01
-1.104790e-01,-2.928673e+00,-4.449130e-01,-2.830622e+00,8.026257e-01,2.660350e+00,9.898655e-01,-2.453188e-01,-1.316134e+00,-7.292925e-01,1.000059e+00
-1.178127e-02,-2.783709e+00,-4.053446e-01,-2.575099e+00,7.597956e-01,2.925659e+00,8.943331e-01,-3.347274e-02,-1.541366e+00,-6.720610e-01,7.175159e-01
-4.581364e-01,-3.142579e+00,-6.252864e-01,-2.823188e+00,6.361573e-01,2.802701e+00,1.046358e+00,-1.301056e-01,-1.429755e+00,-6.695147e-01,9.933660e-01
-3.992907e-01,-3.046584e+00,-6.604671e-01,-2.909953e+00,5.995670e-01,2.665671e+00,8.990502e-01,-2.486042e-01,-1.470983e+00,-7.296561e-01,9.332931e-01
-4.061305e-03,-2.772175e+00,-3.415723e-01,-2.675503e+00,7.733286e-01,2.532770e+00,7.662429e-01,-4.749238e-01,-1.777461e+00,-1.229334e+00,5.049126e-01
-7.316771e-02,-2.839144e+00,-3.709945e-01,-2.763805e+00,8.093660e-01,2.893907e+00,1.116066e+00,-2.277578e-01,-1.377241e+00,-6.919346e-01,9.538513e-01
-1.891554e-01,-3.108477e+00,-4.871326e-01,-2.756866e+00,6.770026e-01,2.837400e+00,8.922478e-01,-4.255379e-02,-1.582990e+00,-7.141112e-01,7.814521e-01
-3.957095e-01,-3.251421e+00,-6.863927e-01,-2.836198e+00,5.426875e-01,2.814486e+00,7.667892e-01,-1.694871e-01,-1.646318e+00,-7.749158e-01,7.735682e-01
-6.925388e-01,-3.270640e+00,-8.824603e-01,-2.954599e+00,4.885819e-01,2.774010e+00,1.023643e+00,-1.475354e-01,-1.281318e+00,-5.040927e-01,1.029011e+00
-7.524679e-01,-3.408179e+00,-9.832235e-01,-3.125490e+00,2.762430e-01,2.713008e+00,8.314782e-01,-2.003653e-01,-1.396557e+00,-4.351344e-01,1.222655e+00
-4.257437e-01,-3.134558e+00,-6.734158e-01,-3.082331e+00,4.612411e-01,2.780055e+00,9.083036e-01,-3.802617e-01,-1.630192e+00,-6.057079e-01,8.031681e-01
-3.615746e-01,-3.125816e+00,-7.131762e-01,-2.835798e+00,5.154515e-01,2.692134e+00,8.301830e-01,-4.094174e-01,-1.554006e+00,-9.296977e-01,7.149747e-01
-3.010241e-01,-3.331939e+00,-6.351493e-01,-3.257963e+00,4.078436e-01,2.655119e+00,7.779823e-01,-4.049915e-01,-1.675485e+00,-5.261677e-01,9.604881e-01
4.007468e-02,-3.025380e+00,-4.103749e-01,-2.755559e+00,4.617190e-01,2.648571e+00,7.971854e-01,-3.495982e-01,-1.679222e+00,-8.478721e-01,8.061149e-01
1.719615e-01,-2.904147e+00,-3.222849e-01,-2.767294e+00,5.807557e-01,2.701621e+00,7.299313e-01,-2.122371e-01,-1.678419e+00,-6.413042e-01,7.506400e-01
-5.905131e-01,-3.195233e+00,-7.538884e-01,-3.018626e+00,5.505403e-01,2.731748e+00,1.100468e+00,-2.487318e-01,-1.321682e+00,-5.260326e-01,1.078847e+00
-3.928163e-01,-2.950175e+00,-5.465607e-01,-2.779518e+00,6.773756e-01,2.736545e+00,1.118627e+00,-2.520090e-01,-1.427780e+00,-7.850029e-01,9.243026e-01
-1.629414e-01,-3.002546e+00,-4.399849e-01,-2.607996e+00,8.049121e-01,2.870811e+00,9.547015e-01,-2.840126e-01,-1.476515e+00,-9.286021e-01,7.075365e-01
-4.929123e-02,-2.774969e+00,-4.773459e-01,-2.743723e+00,5.008794e-01,2.647439e+00,7.807120e-01,-4.627318e-01,-1.687464e+00,-8.511353e-01,7.927376e-01
-2.875081e-01,-3.262207e+00,-7.154029e-01,-2.913313e+00,4.510157e-01,2.697661e+00,6.629793e-01,-1.967417e-01,-1.606124e+00,-6.311329e-01,6.996620e-01
-4.730514e-01,-3.010519e+00,-7.328582e-01,-3.017677e+00,4.793990e-01,2.755608e+00,9.710708e-01,-2.452261e-01,-1.408852e+00,-4.895432e-01,1.039876e+00
-3.872847e-01,-3.366836e+00,-6.736539e-01,-2.865441e+00,6.464907e-01,2.616449e+00,9.006446e-01,-2.180665e-01,-1.356601e+00,-7.488438e-01,7.657782e-01
-5.409721e-01,-3.462202e+00,-7.122564e-01,-3.318721e+00,5.849083e-01,2.481186e+00,1.031079e+00,-5.745125e-01,-1.409063e+00,-7.499229e-01,9.572180e-01
-5.432194e-01,-3.255327e+00,-9.430459e-01,-3.144094e+00,2.101190e-01,2.410414e+00,5.021457e-01,-6.546913e-01,-1.696295e+00,-9.889459e-01,8.268554e-01
2.438940e-02,-2.784826e+00,-3.976795e-01,-2.737642e+00,5.463450e-01,2.763178e+00,7.659481e-01,-3.075840e-01,-1.734392e+00,-7.940135e-01,6.731731e-01
-7.336727e-02,-2.828639e+00,-4.004367e-01,-2.726428e+00,6.557208e-01,2.785334e+00,7.975358e-01,-3.566140e-01,-1.748881e+00,-8.342518e-01,7.755047e-01
-4.069078e-02,-2.831753e+00,-3.112287e-01,-2.712279e+00,8.624673e-01,2.711308e+00,9.958352e-01,-3.946152e-01,-1.574473e+00,-9.615816e-01,7.373497e-01
-3.998986e-02,-2.844822e+00,-4.703387e-01,-2.672327e+00,5.444165e-01,2.698387e+00,9.186288e-01,-3.071026e-01,-1.373377e+00,-7.845664e-01,9.608525e-01
-3.386633e-01,-3.160118e+00,-6.544025e-01,-2.969581e+00,5.247056e-01,2.656292e+00,7.994246e-01,-3.239707e-01,-1.657370e+00,-8.871995e-01,7.039315e-01
-5.445115e-01,-3.360321e+00,-8.042359e-01,-2.958306e+00,3.698134e-01,2.496509e+00,7.915304e-01,-3.639786e-01,-1.552254e+00,-8.685393e-01,9.054960e-01
-2.900397e-01,-2.646559e+00,-5.740366e-01,-2.733755e+00,5.854514e-01,2.859564e+00,9.157513e-01,-1.991219e-01,-1.506375e+00,-6.358077e-01,9.930682e-01
-6.359412e-01,-3.263933e+00,-7.846936e-01,-2.701446e+00,7.383169e-01,2.938859e+00,1.096544e+00,1.613631e-01,-1.160196e+00,-5.086712e-01,1.102741e+00
-2.652222e-01,-3.342884e+00,-6.926135e-01,-2.711462e+00,5.672162e-01,2.584723e+00,7.631226e-01,-3.524413e-02,-1.369898e+00,-7.369374e-01,9.658112e-01
-1.206661e-01,-2.937133e+00,-5.458219e-01,-2.913426e+00,4.659519e-01,2.666173e+00,6.223568e-01,-3.657854e-01,-1.829106e+00,-8.080913e-01,7.117548e-01
1.643102e-03,-2.833844e+00,-4.091957e-01,-2.840177e+00,5.885853e-01,2.652300e+00,9.721768e-01,-3.016858e-01,-1.471538e+00,-7.333090e-01,9.726986e-01
-2.404415e-01,-2.922327e+00,-5.654167e-01,-2.778753e+00,6.558035e-01,2.850898e+00,9.698830e-01,-1.453612e-01,-1.426309e+00,-6.485075e-01,9.360866e-01
-8.293345e-02,-2.786363e+00,-4.609635e-01,-2.901016e+00,4.641328e-01,2.769165e+00,7.636960e-01,-3.439222e-01,-1.756968e+00,-6.443894e-01,8.148144e-01
-1.479906e-01,-2.901967e+00,-5.115764e-01,-2.980063e+00,6.208519e-01,2.578337e+00,9.039050e-01,-3.939051e-01,-1.516902e+00,-7.591339e-01,9.913043e-01
-4.472712e-01,-2.919463e+00,-5.294287e-01,-2.745614e+00,7.451610e-01,2.805857e+00,1.229098e+00,-1.966466e-01,-1.387667e+00,-7.374607e-01,8.921842e-01
-3.325559e-01,-3.003243e+00,-6.475634e-01,-2.950811e+00,4.512256e-01,2.629168e+00,8.798358e-01,-3.819552e-01,-1.461101e+00,-7.138251e-01,1.052674e+00
-3.413686e-01,-3.147548e+00,-5.729444e-01,-2.859223e+00,6.093516e-01,2.656009e+00,8.625835e-01,-4.377789e-01,-1.547918e+00,-8.435286e-01,8.223896e-01
-8.406527e-02,-2.906961e+00,-4.249399e-01,-2.990118e+00,5.557647e-01,2.659340e+00,8.527966e-01,-5.342212e-01,-1.667628e+00,-8.058923e-01,9.668862e-01
-1.729015e-01,-2.906077e+00,-5.332652e-01,-2.695270e+00,6.257475e-01,2.862848e+00,9.040178e-01,-1.734153e-01,-1.521219e+00,-7.603551e-01,6.901323e-01
-4.471870e-01,-3.334467e+00,-6.580246e-01,-3.066435e+00,6.575285e-01,2.823506e+00,1.194252e+00,8.358534e-02,-1.201883e+00,-2.469256e-01,1.195656e+00
-5.576105e-02,-2.831361e+00,-4.550234e-01,-2.736505e+00,5.801899e-01,2.766218e+00,8.556122e-01,-2.671420e-01,-1.559817e+00,-6.528432e-01,8.407450e-01
-2.764217e-01,-2.970164e+00,-3.865935e-01,-2.548811e+00,9.133961e-01,2.836382e+00,1.064519e+00,-2.069279e-01,-1.616813e+00,-9.238492e-01,6.279910e-01
-7.977768e-02,-2.775213e+00,-5.209212e-01,-2.913531e+00,4.216523e-01,2.631615e+00,7.718163e-01,-6.382413e-01,-1.666610e+00,-8.568862e-01,8.557002e-01
-2.972994e-01,-3.064287e+00,-6.704453e-01,-2.930870e+00,5.309401e-01,2.622305e+00,8.084960e-01,-4.605794e-01,-1.395113e+00,-7.791466e-01,8.904579e-01
-3.978138e-01,-2.976289e+00,-6.344149e-01,-2.790956e+00,5.956577e-01,2.790380e+00,9.025299e-01,-2.154349e-01,-1.532001e+00,-6.698716e-01,8.221587e-01
-5.167091e-03,-2.810676e+00,-4.336006e-01,-2.704432e+00,5.784559e-01,2.739589e+00,7.532810e-01,-3.337253e-01,-1.618895e+00,-7.873969e-01,8.197055e-01
-1.396793e-01,-3.251065e+00,-6.052359e-01,-2.881495e+00,4.675077e-01,2.503423e+00,7.047201e-01,-3.168722e-01,-1.577717e+00,-7.859097e-01,7.873990e-01
-9.285753e-02,-2.953322e+00,-4.193546e-01,-2.699580e+00,7.198783e-01,2.771846e+00,9.557865e-01,-2.261743e-01,-1.444611e+00,-7.976828e-01,7.838068e-01
-1.943242e-03,-2.533055e+00,-3.381032e-01,-2.667060e+00,6.301589e-01,2.755027e+00,1.007699e+00,-3.897009e-01,-1.477560e+00,-7.478781e-01,1.078287e+00
-1.612093e-01,-2.752848e+00,-5.469942e-01,-2.748727e+00,4.891276e-01,2.613762e+00,8.337539e-01,-4.384326e-01,-1.630878e+00,-8.372942e-01,7.862819e-01
7.526323e-02,-2.676260e+00,-2.939693e-01,-2.500433e+00,7.978233e-01,3.009564e+00,1.009940e+00,-8.422984e-02,-1.484631e+00,-6.252569e-01,7.175236e-01
-3.155703e-01,-2.843872e+00,-5.583633e-01,-2.469256e+00,8.125931e-01,2.701971e+00,1.123631e+00,-9.545104e-02,-1.239017e+00,-8.391944e-01,8.993920e-01
-2.733897e-01,-2.985322e+00,-5.479232e-01,-2.634631e+00,7.460492e-01,2.636139e+00,9.979125e-01,-3.277896e-01,-1.397356e+00,-9.070344e-01,7.955091e-01
-2.146558e-01,-2.953353e+00,-5.537696e-01,-2.753358e+00,6.087056e-01,2.654226e+00,8.743481e-01,-2.419158e-01,-1.465572e+00,-7.534765e-01,9.361149e-01
3.475398e-02,-2.705559e+00,-2.626477e-01,-2.612543e+00,8.224337e-01,2.757651e+00,1.107071e+00,-2.990011e-01,-1.375525e+00,-7.438989e-01,9.439856e-01
-8.521200e-02,-2.683979e+00,-4.619188e-01,-2.677422e+00,4.940621e-01,2.849702e+00,7.765755e-01,-2.580466e-01,-1.781218e+00,-7.576479e-01,7.666206e-01
1.415699e-02,-2.556844e+00,-3.844646e-01,-2.675620e+00,5.552837e-01,2.770588e+00,7.407474e-01,-2.479003e-01,-1.727214e+00,-7.385655e-01,8.069938e-01
-1.074901e-01,-2.621987e+00,-4.475602e-01,-2.499497e+00,7.642185e-01,2.584381e+00,7.999977e-01,-3.299605e-01,-1.520457e+00,-9.722524e-01,6.530701e-01
2.704750e-01,-2.612399e+00,-4.647855e-02,-2.515503e+00,9.982274e-01,2.742059e+00,1.130004e+00,-3.101916e-01,-1.450578e+00,-9.729317e-01,7.924272e-01
-2.025976e-01,-2.949059e+00,-4.914677e-01,-2.765430e+00,6.863063e-01,2.798205e+00,1.083497e+00,-1.105903e-01,-1.378586e+00,-5.793492e-01,1.011740e+00
-9.002803e-02,-2.836986e+00,-4.462433e-01,-2.759672e+00,7.863303e-01,2.535145e+00,9.068683e-01,-4.640033e-01,-1.478381e+00,-1.114636e+00,6.773999e-01
-1.126637e-01,-2.624339e+00,-4.150339e-01,-2.586394e+00,6.679696e-01,2.633113e+00,8.224201e-01,-4.212172e-01,-1.694614e+00,-1.016599e+00,6.744504e-01
2.349237e+00,-2.096673e+00,-8.034912e-02,-1.636249e+00,6.341561e-01,1.299487e+00,-4.418187e-02,-1.824691e-04,-6.949060e-01,-2.853551e-01,2.651167e-01
