2.224738e+00,6.444434e-02,1.034446e+00,-3.371413e-02,3.270354e-01,3.190268e-02,-3.343782e-01,1.751333e-01,3.372687e-01,3.499500e-01,-3.849054e-02
2.575550e+00,-3.135962e-01,5.891049e-01,-9.310204e-02,1.410469e-01,1.503512e-01,2.048490e-01,3.743683e-01,2.369337e-01,1.123785e-01,2.018642e-01
3.115016e+00,7.580735e-02,1.198559e+00,3.366921e-01,5.209371e-01,-1.092808e-01,-1.351623e-01,-2.606634e-01,-3.659772e-01,-6.512773e-02,-1.503778e-01
2.745562e+00,-9.573824e-01,5.444150e-01,4.539807e-01,-3.701134e-02,-6.028982e-01,-4.978268e-01,2.243121e-01,5.000848e-02,-1.200340e-02,3.176524e-01
3.184230e+00,-7.717082e-01,1.639774e-01,-1.406830e-01,6.791056e-01,-1.481892e-02,9.530659e-02,4.933411e-01,1.240433e-01,-1.298563e-01,1.624118e-01
3.290794e+00,-2.816925e-01,1.279355e+00,3.119240e-01,3.814260e-01,-5.785559e-01,-4.334167e-01,-1.751837e-01,-2.704317e-01,6.464104e-02,-1.880674e-01
3.442288e+00,-7.563758e-01,8.739643e-01,3.102427e-01,5.956468e-01,-4.224562e-01,-1.673402e-01,-1.064402e-01,3.102360e-01,4.294956e-01,5.222304e-02
3.147227e+00,-8.525212e-01,1.542543e-01,1.413981e-01,7.868634e-01,-1.994154e-01,-1.086433e-01,3.736948e-02,-2.262671e-01,3.710199e-02,-2.068807e-02
3.678933e+00,-4.908623e-01,8.586479e-01,8.740337e-02,6.595960e-01,-4.105522e-01,-1.577144e-01,-8.239371e-02,-2.219198e-02,-3.051653e-01,-1.168658e-01
3.835409e+00,-3.432764e-01,6.635964e-01,1.018420e-01,3.635477e-01,-1.769646e-01,-1.291536e-01,-6.709117e-02,-2.544129e-02,3.731982e-02,8.205271e-02
4.143186e+00,-6.174304e-01,1.082374e+00,5.743865e-01,6.391773e-01,-4.985818e-02,-7.052274e-02,-4.176023e-03,1.049187e-01,-2.331138e-02,2.146148e-03
3.384177e+00,-6.260783e-01,7.849000e-01,8.015481e-02,1.787093e-01,-4.266078e-01,-3.601522e-01,-1.515810e-01,2.122931e-01,1.312079e-01,-1.099195e-01
3.384493e+00,-7.589459e-01,1.174447e+00,1.945158e-01,3.027150e-01,-6.828453e-01,-1.600967e-01,-2.393661e-01,3.048552e-01,2.172141e-01,1.023808e-02
4.492002e+00,-2.130597e-01,8.178608e-01,1.597838e-01,5.683832e-01,-8.006054e-02,2.298854e-01,-1.337723e-01,-1.489462e-01,-2.148705e-01,-3.912054e-01
3.742057e+00,-6.179680e-01,1.139706e+00,-7.652318e-02,4.763024e-01,-6.438458e-01,-9.978401e-02,4.224883e-01,4.402179e-01,1.044989e-01,-2.041197e-02
4.351800e+00,-1.249046e-01,1.196824e+00,-1.202511e-01,3.260556e-01,-3.270435e-01,2.098255e-01,8.118940e-02,1.165059e-01,2.668365e-01,2.785129e-01
4.376669e+00,-4.473605e-01,9.730541e-01,6.332354e-01,7.301492e-01,-4.244651e-01,-5.603756e-03,-5.092581e-02,1.348246e-02,1.183980e-01,-3.974865e-02
3.881966e+00,-8.761652e-01,6.010566e-01,-1.607747e-01,1.215794e-01,-5.930484e-01,-6.561329e-02,-1.334611e-01,1.498579e-01,-8.348640e-02,-2.034615e-01
4.549545e+00,-7.589584e-01,1.089524e+00,-3.911262e-02,3.934938e-01,-2.391243e-01,3.536345e-02,3.043033e-02,2.448835e-01,-8.203050e-02,-1.946989e-01
4.542504e+00,-6.048339e-01,1.075865e+00,2.108482e-01,1.836799e-01,-3.822965e-01,-2.310814e-01,1.098892e-01,1.608512e-01,1.388477e-01,1.709410e-01
4.348798e+00,-5.333883e-01,5.185814e-01,4.239287e-01,6.554901e-01,-5.726330e-01,-1.979670e-01,2.520331e-01,9.569656e-02,2.887886e-01,4.539104e-01
4.757652e+00,-4.574061e-01,6.979241e-01,2.860717e-01,3.450597e-01,-4.393606e-01,-1.383176e-01,7.208664e-02,-4.418079e-02,2.259643e-01,2.029720e-01
4.710056e+00,-6.843838e-01,9.498160e-01,3.713253e-01,3.299954e-01,-5.225575e-02,1.731060e-01,2.776664e-01,3.570156e-01,-9.668199e-02,-1.230806e-01
4.348678e+00,-1.045280e+00,1.099555e+00,-9.005497e-02,-1.040090e-01,-2.622101e-01,-1.308258e-01,1.782152e-01,6.797522e-03,-6.246967e-03,-1.307828e-01
4.268129e+00,-8.552226e-01,8.288665e-01,1.997623e-01,8.825827e-02,-6.838620e-01,-3.971554e-01,-2.858069e-01,1.780582e-02,1.653430e-01,1.151608e-01
4.720963e+00,-2.205265e-01,1.224069e+00,4.203098e-01,1.115983e-01,-5.844010e-01,-1.547687e-01,2.601102e-01,1.867608e-03,4.754795e-01,1.072234e-01
4.489647e+00,-3.677599e-01,5.420442e-01,2.771751e-01,4.083728e-01,-9.143513e-02,1.796219e-01,8.657808e-01,2.014123e-01,6.376351e-02,-1.435528e-01
4.626075e+00,-4.255269e-01,1.232184e+00,1.545590e-01,1.155654e-01,-3.045344e-01,-2.133580e-01,1.598608e-01,-1.321487e-02,-4.036278e-01,7.416731e-03
4.119577e+00,-8.029934e-01,7.814344e-01,-2.870522e-01,-1.603976e-01,-8.477493e-02,-1.251130e-01,-1.279168e-01,-2.994059e-01,1.012511e-01,-7.873404e-02
4.531041e+00,-4.217692e-01,8.849346e-01,1.960322e-01,3.754730e-01,-1.680543e-01,1.284741e-01,4.136056e-01,6.234346e-01,7.997014e-02,7.075038e-02
4.280549e+00,-3.835750e-01,8.154400e-01,8.741543e-02,3.574977e-01,-1.668203e-01,5.381794e-02,7.184918e-02,8.288161e-02,-2.079855e-01,-4.415628e-01
4.695497e+00,7.465078e-02,1.046833e+00,1.612002e-02,3.286917e-01,-5.081031e-02,-1.070856e-01,2.593268e-03,8.105495e-02,-1.310208e-01,1.493448e-01
4.263781e+00,-4.339721e-01,6.696874e-01,2.317756e-01,4.235993e-01,1.735573e-02,2.482845e-01,1.685062e-01,-4.687059e-02,-8.042951e-02,-1.859535e-01
4.545350e+00,-1.514151e-01,1.046562e+00,1.063820e-01,2.253080e-01,-4.900945e-01,-3.455457e-01,-3.794416e-02,3.703502e-01,6.486793e-02,-3.151592e-01
4.719704e+00,-2.948242e-01,9.628807e-01,7.802361e-02,6.373036e-01,-1.024076e-02,-4.108933e-01,-9.599734e-02,3.008359e-01,3.908501e-02,1.119012e-01
4.730439e+00,-2.406805e-02,1.233932e+00,3.046791e-01,3.548004e-01,-2.817686e-01,2.191842e-01,2.044624e-01,-7.287221e-02,2.955254e-02,-1.872281e-01
3.896178e+00,-5.796502e-01,1.127762e+00,3.820072e-01,7.548265e-01,-5.214209e-02,1.365883e-01,-6.831486e-02,1.470573e-01,-2.016226e-01,-3.719209e-01
4.520568e+00,-4.931811e-01,5.884438e-01,-1.168103e-01,6.482242e-01,-1.615983e-01,2.411781e-01,4.123137e-02,2.012570e-02,1.432217e-01,1.777352e-01
4.816389e+00,1.898318e-01,1.403639e+00,3.547499e-01,5.593034e-01,-5.507673e-01,-7.232925e-02,-5.217415e-02,5.393679e-01,-2.723827e-01,-6.557681e-02
4.105226e+00,-4.698799e-01,1.146565e+00,-1.469780e-01,7.643342e-02,-5.353469e-01,-1.008721e-01,-2.091205e-01,8.985197e-02,1.492217e-02,1.136386e-01
4.447713e+00,-5.922298e-01,9.671725e-01,1.332564e-01,6.916584e-01,-7.290635e-02,3.153449e-01,3.358234e-01,1.723303e-01,-1.006317e-01,1.101541e-01
4.544670e+00,7.570151e-02,1.542353e+00,-2.113436e-02,4.977308e-01,-9.527549e-02,5.509806e-01,4.655899e-02,1.390854e-01,-3.661167e-01,-2.204503e-01
4.043483e+00,-4.201974e-01,1.184405e+00,6.089996e-04,1.252462e-01,-4.344242e-01,5.031087e-01,5.300300e-02,-2.310253e-01,-4.747303e-01,-3.348563e-02
4.684759e+00,-2.930874e-02,1.495083e+00,9.210240e-02,5.684665e-01,-3.160774e-01,-1.666230e-01,-1.522099e-01,-1.831062e-01,-7.488991e-02,2.524422e-01
4.651601e+00,-3.483977e-01,1.359987e+00,-4.846149e-02,4.212302e-02,-5.113438e-01,-3.408687e-02,3.423571e-01,6.152409e-01,-2.935238e-02,-1.581023e-01
4.574621e+00,-2.382142e-01,1.152321e+00,-2.023337e-01,4.153317e-01,-2.284997e-01,1.526633e-01,6.997902e-02,3.141166e-01,1.248022e-01,8.997857e-02
4.887231e+00,-3.713860e-01,1.265623e+00,-1.444935e-01,5.274498e-01,4.689011e-03,2.475993e-01,-2.233736e-01,2.619641e-02,-2.419508e-01,-5.040327e-02
4.471239e+00,-3.342205e-01,1.389063e+00,6.993484e-02,7.402008e-01,-2.136579e-01,3.240678e-02,9.625020e-02,6.626936e-01,6.845094e-02,7.324665e-02
4.431384e+00,-5.360347e-01,6.908216e-01,-2.197588e-01,3.258414e-01,-6.848280e-01,-2.224390e-01,-8.645529e-02,1.168406e-01,1.041833e-01,-2.991243e-02
4.592846e+00,-8.331471e-01,1.072268e+00,-6.715222e-01,2.476242e-01,-3.750992e-01,-3.383026e-01,-3.407742e-01,5.053479e-02,-4.645605e-02,1.114365e-01
4.903449e+00,-2.806789e-01,1.148848e+00,2.174800e-02,4.152968e-01,-1.751211e-01,7.924018e-04,-1.038454e-02,3.880643e-01,1.734238e-01,1.834681e-01
4.557354e+00,-6.034198e-01,1.058041e+00,-5.942689e-02,8.065270e-01,1.914034e-01,2.819792e-01,1.229329e-01,3.324148e-01,-1.978027e-01,-7.164625e-03
4.644209e+00,-5.603319e-01,1.139557e+00,4.123522e-02,2.023238e-01,-2.404856e-01,-1.021899e-01,-2.450946e-01,3.083961e-01,1.514553e-01,1.121192e-01
4.629252e+00,-5.575469e-01,1.179384e+00,-1.991477e-01,3.752464e-01,-5.332206e-01,-3.186244e-01,-9.779882e-02,4.683519e-01,1.146315e-01,7.488297e-02
4.775217e+00,-4.263343e-01,1.140528e+00,-9.085342e-02,4.607388e-01,1.641521e-01,8.042978e-02,3.717692e-01,4.085070e-01,1.105275e-01,3.463569e-01
4.595186e+00,-7.464020e-01,9.874510e-01,-1.335339e-01,1.956819e-01,-1.342293e-01,1.436445e-01,-6.275610e-02,2.772763e-01,-1.760317e-01,-1.893558e-01
4.823151e+00,-6.375136e-02,1.493137e+00,-3.557557e-02,2.940849e-01,-5.718581e-02,-1.634009e-01,-1.838420e-01,2.841334e-01,-1.763968e-02,1.532208e-01
4.514685e+00,-6.133005e-01,1.061492e+00,7.030154e-02,4.514707e-01,-4.282535e-02,4.669261e-01,1.204076e-01,5.754275e-01,7.518058e-02,-2.881424e-01
4.692115e+00,-3.770672e-01,1.287124e+00,-2.699756e-01,9.764975e-02,-2.350540e-01,-1.517998e-01,-1.420284e-01,1.675541e-01,3.089868e-02,-1.426173e-01
4.870990e+00,-4.402516e-01,1.561429e+00,8.277342e-02,4.385763e-01,-3.626836e-03,2.486527e-01,1.927810e-01,4.150921e-01,1.028600e-01,-2.529292e-01
5.013766e+00,-2.106318e-01,1.319639e+00,-2.723606e-01,4.674349e-01,-2.794701e-02,1.094400e-01,1.021372e-01,2.592109e-01,-2.778780e-01,-1.064290e-01
4.553378e+00,-4.330039e-01,1.244859e+00,-9.153920e-02,3.593766e-01,-1.316817e-01,-1.196146e-01,-1.881798e-01,5.888916e-01,-5.753262e-02,-2.333828e-01
4.454974e+00,-3.338619e-01,1.880489e+00,1.413891e-01,6.471616e-02,-1.789413e-01,8.604922e-02,-1.402216e-01,4.461437e-01,7.156000e-01,4.918732e-01
5.225014e+00,-2.787005e-01,1.359848e+00,7.680225e-02,4.371436e-01,2.379245e-03,2.242145e-01,-2.925749e-02,4.137033e-01,-4.645775e-02,-2.018514e-01
4.656055e+00,-6.068104e-01,8.621785e-01,-6.882447e-01,3.161431e-02,-2.774606e-01,-2.824713e-01,-2.576478e-01,1.485213e-01,-2.479613e-01,-2.454308e-02
4.320063e+00,-6.310559e-01,1.477111e+00,5.671814e-02,6.954774e-01,2.108681e-01,-7.397021e-02,4.354019e-01,5.027213e-01,-1.874111e-01,-2.233745e-01
5.131765e+00,-1.703530e-01,1.645173e+00,1.014935e-01,3.693266e-01,-2.768384e-02,1.640079e-01,-1.576154e-02,1.828165e-01,1.274390e-01,6.685216e-02
4.562627e+00,-4.385857e-01,1.065217e+00,-2.531819e-01,2.617139e-01,-1.599556e-01,-1.215692e-02,-3.635938e-01,2.407733e-01,-8.844827e-02,-9.574755e-03
5.139047e+00,-2.996422e-01,1.466452e+00,5.513476e-02,1.311382e-01,-2.352507e-01,-7.414283e-02,6.347742e-02,2.843530e-01,-1.432410e-01,8.105187e-02
4.529041e+00,-4.500310e-01,1.288991e+00,1.802044e-01,2.446146e-01,5.760543e-02,1.820740e-01,7.897902e-02,4.108842e-01,-2.846466e-01,1.296960e-01
4.425816e+00,-5.593000e-01,1.674202e+00,7.692560e-02,4.604566e-01,1.473074e-01,2.176718e-01,-1.659434e-01,1.611340e-01,-1.718660e-01,2.149287e-01
4.712432e+00,-1.341404e-01,1.627535e+00,4.859575e-01,5.405304e-01,-7.487786e-02,-1.617435e-01,2.121731e-01,2.987521e-01,-2.417599e-01,-4.847134e-02
4.954173e+00,-2.865917e-01,1.338217e+00,3.049162e-02,1.878121e-01,-1.628613e-01,1.717828e-01,1.468971e-01,4.044383e-01,-2.086827e-01,2.021181e-01
4.205298e+00,-8.793951e-01,1.198431e+00,-3.245306e-01,-2.907007e-01,-3.447011e-01,-2.336283e-02,-1.241512e-01,1.216599e-02,-1.404520e-01,1.820584e-01
4.496086e+00,-4.175418e-01,1.145774e+00,-1.558004e-01,2.355249e-01,-6.279147e-01,-1.792002e-01,-3.322735e-02,-1.523882e-01,-3.850371e-01,4.864931e-02
4.922366e+00,-1.512969e-02,1.390244e+00,2.146205e-01,5.377190e-01,-9.337382e-02,1.587414e-01,3.024236e-01,2.512784e-01,-4.033535e-01,2.536022e-01
4.623454e+00,-5.113839e-01,1.687933e+00,1.732007e-01,2.874612e-01,1.343018e-01,2.483939e-01,5.200883e-02,1.972157e-01,-1.368960e-01,-1.309405e-01
4.430689e+00,-6.850459e-01,1.216047e+00,-2.843432e-01,-2.176493e-02,-1.717886e-01,2.780163e-01,2.021297e-01,2.256549e-01,-9.997402e-02,1.357711e-01
4.930290e+00,1.403530e-01,1.114667e+00,1.174843e-01,5.459698e-02,-4.837842e-01,1.727050e-01,1.487969e-01,7.265946e-02,-2.486058e-01,1.799009e-01
5.005175e+00,8.755133e-02,1.540600e+00,-7.273958e-03,1.958329e-01,-1.246447e-01,2.391601e-01,3.905065e-01,5.696583e-01,-2.687214e-01,7.080063e-02
4.317655e+00,-6.020189e-01,1.405226e+00,1.750120e-01,-2.913701e-02,-2.085143e-01,-7.863042e-02,-1.156795e-01,3.409045e-01,-2.623120e-01,-1.438476e-01
5.240096e+00,4.099747e-02,1.426874e+00,4.906809e-04,2.004738e-01,-4.917898e-02,1.736825e-01,2.498667e-02,1.905933e-02,-2.389371e-01,8.295281e-02
4.811998e+00,2.211277e-02,1.545092e+00,-1.264266e-01,7.997045e-02,-1.888180e-01,1.647931e-01,3.644435e-01,7.259768e-01,-1.417083e-02,-1.791762e-01
4.717394e+00,-3.522908e-01,1.213635e+00,-2.931974e-01,-1.584917e-01,-2.330831e-01,-6.122234e-02,2.274362e-01,2.518817e-01,-2.913913e-01,-1.839823e-01
4.753616e+00,-2.186353e-01,1.799316e+00,3.827312e-01,2.290284e-01,-1.150466e-02,2.776371e-01,1.387562e-01,3.389682e-01,3.167484e-01,6.715320e-02
4.824680e+00,1.240731e-02,1.703836e+00,3.807607e-02,3.296489e-01,-1.965172e-01,-1.276741e-01,6.419324e-02,3.408353e-01,-4.883139e-02,6.464355e-02
4.937718e+00,-4.469095e-01,1.351397e+00,-2.877278e-01,1.082062e-01,-3.387784e-01,9.555810e-02,3.942379e-02,3.664729e-01,-2.633705e-01,-5.325601e-02
4.843506e+00,-3.260100e-01,1.602185e+00,-2.983714e-02,1.028132e-01,1.367428e-01,1.319317e-01,1.649297e-01,5.317837e-01,4.904268e-01,2.557594e-01
4.987929e+00,-3.994725e-01,1.412998e+00,2.285887e-01,4.896317e-01,1.748427e-01,4.015521e-01,4.369604e-01,3.640042e-01,-1.163008e-01,-1.544571e-01
4.551933e+00,-5.164841e-01,1.174148e+00,-1.165163e-01,-1.437352e-01,-7.643175e-01,-3.252310e-01,-1.577237e-01,1.045931e-01,-3.199977e-01,-8.742379e-02
4.532809e+00,-5.971429e-01,1.424196e+00,-5.597580e-02,1.095540e-01,-3.332750e-01,1.139773e-01,5.588058e-02,6.380464e-01,1.502325e-01,1.390455e-01
5.168691e+00,-2.726162e-01,1.642721e+00,2.305647e-01,8.772620e-02,3.146814e-02,1.099156e-01,-6.328503e-02,4.931411e-01,1.366465e-01,6.232426e-02
4.934109e+00,-5.389779e-01,1.229532e+00,-6.308074e-02,-4.658877e-02,-2.489157e-01,-1.868605e-01,2.718643e-01,3.558012e-01,-3.345293e-01,-1.630630e-01
5.169929e+00,-1.397964e-02,1.335270e+00,-3.839817e-02,8.408198e-02,-2.717234e-01,1.838702e-01,7.553503e-02,6.865024e-02,3.741400e-04,1.604857e-01
4.454641e+00,-5.286420e-01,1.516051e+00,2.326105e-01,3.937450e-01,-1.335413e-01,4.878111e-01,2.897955e-01,2.398331e-01,-2.331475e-01,-3.423119e-01
4.792358e+00,-3.668080e-01,1.445499e+00,3.470979e-01,-4.406733e-02,-4.107652e-01,3.442652e-01,1.170919e-01,3.438135e-01,2.531324e-01,-2.537572e-02
4.708766e+00,-1.079911e-01,1.532090e+00,7.756300e-02,2.624211e-01,-4.976767e-02,1.960403e-01,3.315036e-01,3.514625e-01,-3.411258e-01,-9.256020e-02
5.075944e+00,-8.951754e-03,1.715447e+00,-2.724313e-01,-3.726241e-01,-1.488972e-01,4.903791e-01,1.142039e-01,7.510663e-02,-2.632973e-01,1.019102e-01
4.212761e+00,-7.428126e-01,1.351541e+00,3.240424e-02,-1.487953e-01,-3.248007e-01,2.231959e-01,3.375209e-01,4.216036e-01,5.683996e-02,-2.080313e-02
4.532467e+00,-2.720023e-01,1.371872e+00,5.951899e-02,3.553465e-01,-2.465010e-01,-1.086080e-02,-8.372910e-02,-2.667434e-02,-4.569097e-01,-5.798162e-02
4.807340e+00,3.869319e-02,1.541818e+00,1.570239e-01,3.665620e-01,5.799710e-02,2.146028e-01,2.679238e-01,3.228397e-01,-3.119719e-01,-5.042098e-02
4.855539e+00,-1.808767e-01,1.734027e+00,-2.477641e-01,-1.665731e-01,-8.077289e-02,4.515207e-01,-4.973636e-02,4.069366e-01,-2.191811e-01,1.291083e-01
3.859452e+00,-1.165455e+00,7.537970e-01,-2.398608e-01,-4.873598e-03,-1.885343e-01,2.561050e-01,1.796056e-01,3.480375e-01,2.038498e-02,8.886174e-02
4.850561e+00,-1.490633e-01,1.620520e+00,1.698619e-01,3.920289e-01,-9.830765e-02,-1.741446e-01,-6.507631e-02,9.557002e-02,-1.602541e-01,3.505197e-01
4.823893e+00,-5.755210e-02,1.663213e+00,3.476616e-01,2.552755e-01,1.828124e-01,2.851350e-02,7.269642e-02,2.975131e-01,-9.363144e-03,4.122544e-02
4.331606e+00,-7.094546e-01,1.169703e+00,-3.199272e-01,-1.059585e-01,-2.306810e-01,1.508216e-01,-6.308713e-02,4.589224e-02,-1.599965e-01,4.897436e-02
4.781047e+00,-1.826424e-01,1.318652e+00,2.588413e-01,4.761264e-01,-7.898687e-02,1.517522e-01,5.834414e-02,1.412994e-01,-1.037985e-01,-5.263218e-02
4.848191e+00,6.762989e-02,1.447515e+00,-4.482841e-03,5.929785e-01,-5.258499e-03,-1.983976e-01,2.616732e-01,4.269220e-01,-2.638030e-01,1.134877e-01
4.679478e+00,-6.273549e-01,1.372211e+00,-2.323414e-02,7.104944e-02,-2.938698e-01,-2.765794e-02,2.054580e-02,1.002675e-01,-1.066952e-01,-2.111188e-01
4.555529e+00,1.093739e-01,1.737632e+00,5.206875e-01,4.463359e-01,1.505549e-01,1.696293e-01,-3.369024e-01,-4.894577e-02,2.363752e-01,3.828882e-01
4.731637e+00,-4.014234e-01,1.277966e+00,-4.627892e-02,2.863441e-01,-1.323749e-01,2.348318e-01,9.858618e-02,5.578730e-01,2.168890e-02,6.182901e-02
4.806766e+00,-2.554976e-01,1.283256e+00,-4.956459e-02,1.278538e-01,-3.285411e-01,-1.706796e-01,8.867344e-02,1.675125e-01,-3.314825e-01,-9.315358e-02
4.943392e+00,-2.551281e-01,1.698680e+00,1.268302e-01,1.826854e-01,3.594327e-02,5.794123e-01,1.100151e-01,3.223712e-01,3.410366e-02,2.341396e-01
4.548922e+00,-3.756826e-03,1.829947e+00,1.070748e-01,2.317312e-01,1.168316e-01,2.141150e-01,3.021429e-01,4.685547e-01,-2.469873e-01,1.571728e-02
4.609945e+00,-6.908850e-01,1.039086e+00,-1.122070e-01,5.025339e-02,-5.810090e-01,-4.434882e-01,-2.201027e-01,-1.061839e-02,-5.727328e-01,-3.162783e-01
4.675950e+00,-2.962085e-01,1.118046e+00,-2.932437e-01,-2.262722e-02,-1.427319e-01,1.690874e-01,1.520692e-01,2.642629e-01,3.196900e-01,3.749485e-01
5.071306e+00,-1.148945e-01,1.792946e+00,1.019121e-01,1.057265e-02,-2.775660e-01,2.661845e-01,3.751721e-01,4.612906e-01,-8.156022e-03,-7.136266e-02
4.638735e+00,-2.397945e-01,1.320092e+00,-1.504382e-01,4.581179e-01,-3.296203e-01,2.843997e-02,1.991144e-01,1.279056e-01,-4.454154e-01,6.687163e-02
4.609432e+00,-2.446367e-01,1.417784e+00,1.995900e-01,3.302081e-01,-6.554837e-02,-2.452515e-01,1.347848e-01,4.057095e-01,-1.682188e-02,1.850041e-01
4.977915e+00,-2.128163e-01,1.536436e+00,3.088542e-02,-1.590733e-01,-2.584327e-01,2.777140e-01,5.139899e-03,1.823072e-01,1.307120e-01,-2.787808e-01
4.928757e+00,-4.771468e-01,1.446054e+00,1.267732e-01,-4.834862e-02,-1.218282e-01,2.069493e-01,6.375216e-02,3.425354e-01,1.170937e-01,2.101750e-01
4.857589e+00,-1.638894e-01,1.303675e+00,-2.632417e-02,3.565936e-01,-5.278402e-02,3.426733e-01,2.289778e-01,3.651658e-01,-1.926288e-02,1.730430e-01
5.050544e+00,-1.186276e-01,1.550334e+00,2.670808e-01,-2.852159e-03,-4.695100e-01,-1.475459e-01,1.099613e-01,5.114984e-01,-1.620959e-01,-1.686312e-01
4.063562e+00,-8.245908e-01,1.031760e+00,9.709558e-02,3.153970e-01,6.196546e-02,1.036101e+00,3.693097e-01,3.656934e-01,1.873760e-01,-3.908630e-02
4.642874e+00,-2.575231e-01,1.534794e+00,-2.164674e-01,6.845233e-03,2.887458e-02,4.863380e-03,-6.381949e-02,4.262077e-01,-1.458222e-01,1.351420e-01
4.956861e+00,-5.076631e-02,1.706547e+00,2.143909e-01,1.763358e-01,-5.154456e-02,1.286676e-01,2.738326e-01,5.301099e-01,-2.130337e-01,-1.893151e-01
5.083068e+00,-3.688750e-01,1.328242e+00,-1.898402e-01,-7.956970e-02,-1.704423e-01,2.976135e-01,2.110756e-01,9.089331e-02,-8.644122e-03,2.411879e-02
4.132297e+00,-4.439946e-01,1.376020e+00,-1.490024e-01,-6.575135e-02,-3.452424e-01,2.463996e-01,1.748939e-01,3.980669e-02,-1.447733e-01,-4.001527e-02
4.577534e+00,1.053812e-01,2.019166e+00,2.245757e-01,6.709204e-02,-4.162787e-01,-3.680314e-02,3.112671e-01,5.239818e-01,-2.011761e-02,2.934785e-01
4.818513e+00,-1.898126e-01,1.721268e+00,3.793585e-02,1.776698e-01,-2.960874e-02,4.797772e-01,2.977770e-01,1.423418e-01,-2.768906e-01,-6.042529e-02
4.687572e+00,-6.294178e-01,1.255722e+00,-3.056914e-01,-2.583143e-01,-3.835199e-01,-6.353252e-02,-9.444352e-02,7.578161e-02,-1.669230e-01,-2.524751e-01
4.375918e+00,-4.041720e-01,1.616130e+00,2.474659e-01,2.468469e-01,1.558827e-01,3.552032e-01,6.564597e-01,4.480063e-01,-2.473641e-01,-1.301500e-01
5.158623e+00,-8.859525e-02,1.446375e+00,1.955019e-01,5.080812e-01,-7.432454e-02,2.249022e-01,2.424556e-01,1.267106e-01,-4.266405e-01,2.658709e-01
4.424046e+00,-4.241109e-01,1.373836e+00,2.129380e-01,-1.076346e-03,-3.030495e-01,-3.124278e-03,-3.081504e-01,1.370407e-01,-1.559475e-01,1.737674e-01
4.868225e+00,-3.907796e-01,1.808409e+00,3.486719e-01,1.676750e-01,-1.923065e-01,4.403175e-02,1.439923e-01,4.632467e-01,2.686246e-02,-4.382272e-02
4.575225e+00,-4.446911e-01,1.271345e+00,-1.639086e-01,2.521587e-01,3.638267e-01,2.719987e-01,3.785214e-01,1.633602e-01,-8.145585e-02,1.735064e-01
4.553182e+00,-2.619675e-01,1.336535e+00,4.036565e-01,4.228159e-01,-4.490101e-01,-2.373890e-01,-3.224946e-01,-2.399723e-02,-2.111468e-01,4.088014e-02
4.688490e+00,-2.447118e-01,1.635121e+00,5.504961e-01,5.109070e-01,2.571458e-01,3.726845e-01,1.587870e-01,1.756926e-01,-4.686646e-02,-3.238340e-02
4.661457e+00,-5.143020e-01,1.303701e+00,1.758706e-01,5.628193e-01,-4.648441e-02,-1.825443e-02,9.171518e-02,3.609585e-01,1.693285e-02,3.314215e-01
4.302811e+00,-3.838142e-01,1.214344e+00,-4.526698e-01,1.310618e-02,-4.840936e-01,-2.830109e-01,-5.181597e-01,-1.600526e-01,-4.394809e-01,-9.198534e-02
4.654199e+00,-2.929925e-01,1.309166e+00,4.281174e-02,2.600212e-01,-1.567652e-01,5.219924e-02,7.628049e-02,3.266573e-02,-1.503422e-02,-1.054215e-01
4.940804e+00,-7.655664e-02,1.601148e+00,4.683875e-02,5.054629e-01,1.686329e-01,2.153561e-02,9.437272e-02,4.704134e-01,-1.049608e-01,-1.468127e-01
4.350739e+00,-1.541058e-01,1.510126e+00,5.233745e-01,6.864390e-01,-2.993334e-01,-4.531349e-01,5.735316e-02,2.000108e-01,-5.112631e-01,-1.108887e-01
4.338149e+00,-4.496109e-01,1.420569e+00,-9.870863e-02,4.032944e-01,-4.790518e-02,4.380032e-01,-9.346450e-02,2.077729e-01,9.802480e-02,3.918275e-01
4.977706e+00,-1.146187e-02,1.409066e+00,2.013391e-01,-1.318521e-01,-2.982010e-01,1.576932e-01,6.548502e-02,1.601486e-01,-3.008455e-01,-9.735631e-02
4.794010e+00,-7.305738e-02,1.621434e+00,2.555065e-02,2.265128e-02,-2.078771e-01,2.352914e-01,3.088268e-01,3.329699e-01,-2.468346e-01,-1.318677e-02
4.247349e+00,-3.227570e-01,1.357867e+00,-1.338627e-02,4.948593e-01,2.243867e-01,3.389631e-01,6.391319e-01,5.089085e-01,-1.229399e-01,2.170767e-01
4.763342e+00,-3.957433e-02,1.830782e+00,5.253788e-01,2.113524e-01,-2.256058e-01,2.776743e-02,-2.226138e-01,2.034660e-02,-1.450210e-01,-1.472494e-01
4.659017e+00,-4.517841e-01,1.418368e+00,6.711999e-02,4.584932e-02,-1.687376e-01,4.136733e-01,1.731243e-01,3.273568e-01,-9.145604e-02,6.539727e-02
4.607818e+00,-2.635733e-01,1.293245e+00,-1.217267e-01,2.821611e-01,-2.595267e-02,2.686925e-02,1.417445e-01,2.510169e-01,-8.635326e-03,1.724568e-01
4.986462e+00,-1.316384e-02,1.608068e+00,1.114193e-01,3.487311e-01,-1.155105e-01,1.454487e-01,2.496655e-01,4.246793e-01,-2.428845e-01,-1.356546e-01
4.634335e+00,-4.560205e-01,1.407534e+00,7.712633e-02,1.222505e-01,-2.980885e-01,1.464643e-01,-6.749767e-03,6.859478e-02,2.169812e-01,3.065085e-01
4.333995e+00,-6.388324e-01,1.413264e+00,-1.214096e-01,2.783822e-01,-1.720177e-01,9.190861e-03,-2.516151e-01,6.238167e-02,-1.254687e-01,-2.437451e-02
5.103634e+00,-3.524049e-01,1.559496e+00,3.553737e-01,1.976898e-01,9.023135e-02,2.254096e-02,2.127154e-01,4.353559e-01,-3.651967e-02,1.177557e-01
4.975624e+00,-6.285375e-01,1.347812e+00,3.229710e-01,2.391184e-01,-1.785990e-02,6.180704e-01,7.990266e-02,2.420488e-01,6.777047e-02,-1.272003e-01
4.694491e+00,-4.690001e-01,1.470495e+00,-1.276518e-01,-2.127972e-01,-3.195423e-01,-1.298130e-01,-3.934787e-01,8.442587e-02,-3.042684e-01,2.873538e-02
4.228578e+00,-7.844613e-01,1.251939e+00,2.435903e-01,7.073129e-01,2.766853e-01,4.860184e-01,3.708041e-01,5.338371e-01,-1.145870e-01,3.130183e-02
5.082210e+00,-4.047089e-02,1.390880e+00,1.550925e-01,5.105248e-01,-1.428880e-01,-1.532425e-02,3.985656e-01,2.781356e-01,-1.044224e-01,2.192493e-01
4.580322e+00,-4.227647e-01,1.645630e+00,2.428735e-01,2.115497e-02,-2.927760e-01,-1.057467e-01,-2.274191e-01,1.114801e-01,1.126675e-01,-2.006540e-01
4.979213e+00,-4.628968e-01,1.492608e+00,-1.307850e-02,3.929927e-02,1.287892e-01,3.845660e-01,2.337267e-01,2.671781e-01,-2.834910e-01,1.834689e-01
3.987599e+00,-5.431122e-01,1.673567e+00,4.942445e-01,6.149778e-01,3.053879e-02,6.687963e-01,4.983380e-01,2.771131e-01,-4.139361e-01,-3.615411e-01
4.565482e+00,-2.009606e-01,1.668969e+00,2.982594e-02,-1.474831e-01,-3.692962e-01,-2.424581e-01,1.053983e-01,1.507851e-01,-2.580754e-01,8.445087e-03
4.671497e+00,-3.727562e-01,1.764116e+00,2.444291e-01,2.411168e-01,2.757023e-01,4.312391e-01,1.706092e-01,2.354026e-01,-7.738573e-02,-4.294234e-02
4.883984e+00,-5.373495e-02,1.496129e+00,-9.666167e-02,1.552823e-01,-4.100914e-01,3.756514e-02,3.199952e-01,3.497664e-01,-2.848435e-01,1.282009e-01
4.238774e+00,-7.474448e-01,9.107560e-01,-3.461700e-01,-1.899746e-01,-4.346044e-01,-2.085328e-01,-1.636136e-01,1.554255e-01,-4.526175e-01,-2.279124e-01
4.693819e+00,-5.077838e-01,1.411799e+00,3.863218e-01,3.112804e-01,1.116674e-01,1.378352e-01,-1.752972e-01,4.458665e-02,-3.846310e-01,1.326344e-02
4.427181e+00,-2.298824e-02,1.920912e+00,5.098321e-01,2.762972e-01,5.827208e-02,1.733431e-01,8.267492e-02,4.240601e-01,7.899530e-02,1.918780e-02
4.817536e+00,-1.315466e-01,1.285263e+00,7.869762e-02,3.990112e-01,-3.231478e-01,-2.613299e-01,-8.697104e-02,3.908999e-01,-3.581233e-01,-1.020508e-01
4.492991e+00,-6.794362e-01,1.103832e+00,-1.190085e-01,3.359681e-01,1.786515e-02,1.608873e-01,9.041080e-02,1.094225e-01,-8.532979e-02,6.605059e-02
4.908333e+00,-1.302248e-01,1.617664e+00,4.819290e-01,2.915112e-01,-2.605334e-01,-1.352023e-02,-2.114567e-01,3.597870e-02,3.715014e-02,-9.210575e-02
4.560335e+00,-1.021615e-01,1.802319e+00,3.268477e-01,3.395570e-01,-9.186752e-02,1.666953e-01,-1.058316e-01,-2.062191e-03,-2.336559e-01,4.542889e-02
3.985503e+00,-7.088166e-01,1.077485e+00,3.127247e-01,5.906043e-01,-1.583056e-02,2.911437e-01,3.170516e-01,5.551626e-01,2.235108e-01,3.870992e-01
4.616235e+00,-3.798606e-02,1.585784e+00,1.864368e-01,6.049628e-01,-2.732509e-02,3.334548e-02,-1.017532e-01,8.021371e-02,-1.959088e-01,-1.694421e-01
4.738922e+00,-1.124244e-01,1.655271e+00,2.998161e-01,1.815516e-01,-2.950224e-02,1.209021e-01,-1.866223e-01,3.877726e-02,-2.129088e-01,1.583373e-02
4.563329e+00,-3.560038e-01,1.570282e+00,7.975645e-02,4.133621e-01,-1.419870e-01,1.435581e-02,2.133585e-01,7.549749e-02,-2.807436e-01,3.989563e-01
4.850469e+00,1.446721e-01,1.575391e+00,3.766155e-01,4.105436e-01,-2.949882e-03,2.310481e-01,2.518078e-02,2.152356e-01,-1.278569e-01,-1.816735e-01
4.398857e+00,-3.998302e-01,1.859867e+00,1.101157e-01,5.238477e-03,-1.942117e-01,1.281815e-01,-1.553174e-01,2.631038e-01,-3.079185e-01,1.543034e-01
4.244983e+00,-4.705259e-01,1.364345e+00,-7.196014e-02,-2.511843e-01,-2.449914e-01,-1.220910e-01,-9.643810e-02,-2.013457e-02,-5.696050e-01,-1.498440e-01
4.983478e+00,1.095151e-01,1.611724e+00,2.711935e-01,5.334658e-01,-3.925765e-02,3.723355e-01,3.921635e-01,2.081219e-01,-4.289355e-01,8.545495e-02
4.361067e+00,-5.551428e-01,1.782031e+00,1.333427e-01,2.019168e-01,-1.439107e-01,3.499855e-01,3.734074e-01,3.023241e-01,8.845877e-02,1.216698e-01
4.807154e+00,-4.754075e-01,1.536668e+00,1.020593e-01,1.064606e-01,-3.900119e-01,-2.686694e-01,-3.263820e-01,-2.208644e-01,-2.019759e-01,-1.796001e-01
4.759218e+00,-4.361768e-01,1.451309e+00,8.895438e-02,4.538831e-01,1.229602e-01,4.002766e-02,2.338410e-01,4.303099e-01,-2.103344e-01,-6.808821e-02
4.910098e+00,-8.119072e-02,1.358326e+00,3.774930e-01,6.606653e-01,2.419573e-02,9.338414e-02,1.344151e-01,3.185382e-01,-5.134024e-02,3.906431e-01
4.561169e+00,-6.061360e-01,1.573320e+00,7.828877e-02,4.837397e-01,2.428665e-02,5.540252e-02,-1.809917e-01,1.525319e-01,-4.205615e-01,-3.214336e-01
4.780834e+00,-4.177682e-01,1.103001e+00,3.169865e-01,3.380890e-01,-1.009978e-01,2.305983e-01,2.540971e-01,4.014892e-01,1.433595e-01,3.239473e-02
4.710561e+00,-6.645749e-01,1.513591e+00,3.513559e-01,5.872502e-01,-1.293519e-01,-8.346703e-02,-1.136008e-02,6.894256e-03,-1.106335e-01,1.291654e-01
4.821084e+00,-3.549920e-01,1.287837e+00,1.277178e-01,5.074314e-02,-2.878684e-01,2.128873e-02,-3.501117e-01,4.073981e-02,3.677057e-02,1.949689e-01
4.638020e+00,-6.472514e-01,1.667760e+00,4.958509e-01,2.755104e-01,1.424675e-01,2.711550e-01,1.767156e-01,6.126169e-01,-2.078846e-01,6.951725e-02
5.119771e+00,-9.806315e-02,9.836098e-01,1.426505e-01,4.451870e-01,-1.700912e-01,-1.434317e-01,9.140956e-02,4.621508e-02,-4.071120e-01,3.054382e-01
3.650426e+00,-1.064921e+00,1.025583e+00,4.420556e-02,6.653055e-01,2.241195e-01,1.121461e-01,1.919528e-01,2.561146e-01,-5.212851e-01,-3.437844e-01
4.627920e+00,-3.691139e-01,1.884696e+00,1.567181e-01,4.512404e-02,-2.461776e-01,8.312837e-02,-1.420905e-02,3.480252e-01,5.805557e-02,-7.663125e-03
4.690629e+00,-3.398066e-01,1.604166e+00,3.877249e-01,6.354540e-01,3.932861e-02,2.148243e-01,4.748433e-02,1.041827e-01,3.575486e-03,7.543819e-02
4.673063e+00,-1.259643e-02,1.230535e+00,-1.802758e-01,1.482479e-01,-2.946577e-01,-1.045779e-01,4.894296e-02,4.859498e-02,-3.204778e-01,1.329138e-01
4.230106e+00,-5.109125e-01,1.428063e+00,2.204421e-02,-6.894729e-03,-3.102008e-01,8.269962e-02,4.708748e-01,4.330667e-01,-4.430334e-01,-1.957979e-01
4.819764e+00,-1.089335e-01,1.754730e+00,5.372659e-02,6.187375e-02,-3.472212e-02,4.302873e-01,1.366896e-01,3.095010e-02,-2.708718e-01,1.824507e-01
4.685639e+00,-9.611951e-02,1.617642e+00,4.403832e-01,1.924180e-01,-2.595289e-01,2.954658e-01,1.088962e-02,1.179702e-01,-2.406314e-01,-2.670545e-01
4.474049e+00,-2.918946e-01,1.572730e+00,2.934303e-01,7.529923e-02,-4.330195e-01,7.713993e-02,3.655983e-01,3.912015e-01,-2.343527e-01,1.094504e-01
4.740352e+00,-2.143000e-01,1.235306e+00,6.263066e-02,3.921245e-01,3.516175e-01,4.435033e-01,3.795788e-04,7.836447e-02,-1.488841e-01,-1.763107e-01
5.001062e+00,-3.064461e-02,1.544750e+00,2.201588e-01,3.114801e-01,-1.158174e-01,-4.971006e-02,-2.224690e-01,2.862290e-01,-2.310860e-01,1.965156e-01
4.653732e+00,-1.750193e-01,1.237641e+00,1.602792e-01,3.095868e-01,-3.443889e-01,5.075069e-02,2.580537e-01,7.367460e-01,-1.082754e-01,-4.915097e-02
4.859251e+00,-4.622127e-02,1.575008e+00,1.495595e-01,5.529955e-01,9.806141e-02,1.904145e-02,7.255020e-02,2.470992e-01,-1.140369e-01,2.760517e-01
4.642098e+00,-5.992058e-01,1.269189e+00,4.349349e-02,2.691625e-01,1.869775e-01,1.001069e-01,-3.052845e-01,4.856459e-02,2.099399e-01,-6.188923e-02
4.398907e+00,-8.218382e-01,1.133565e+00,-2.639844e-01,1.374296e-02,-5.302553e-01,-3.391409e-01,-1.074925e-01,2.455546e-02,-3.233225e-01,-1.352204e-01
5.146839e+00,2.325252e-01,1.162269e+00,1.222233e-01,9.572785e-01,6.161709e-02,1.702663e-02,3.103567e-01,3.993843e-01,-7.284346e-02,-3.851795e-03
4.132172e+00,-8.395980e-01,1.445500e+00,-2.550247e-02,4.109278e-01,1.876382e-01,6.019671e-03,9.785726e-02,7.117904e-01,5.014206e-01,7.565099e-01
4.663697e+00,-5.311212e-01,1.625343e+00,1.272736e-01,2.127824e-01,-5.808886e-01,-3.388585e-01,-4.815430e-01,2.684461e-01,-4.543912e-02,-9.416571e-02
4.967834e+00,-5.361745e-02,1.189163e+00,7.069502e-02,6.298254e-01,1.622815e-01,6.918940e-02,9.112303e-02,8.355535e-03,-1.981434e-01,-2.169799e-01
4.894864e+00,-5.957691e-01,1.408618e+00,3.998254e-01,7.990892e-01,2.180321e-01,4.673663e-02,2.617090e-01,4.588164e-01,-8.716229e-02,2.643793e-01
4.791824e+00,-3.318776e-01,1.666360e+00,7.505140e-03,4.643769e-03,-8.223028e-02,6.323445e-02,-1.116315e-01,-4.732343e-02,-1.238204e-01,-1.218858e-01
4.749516e+00,-1.122878e-01,1.552870e+00,3.542333e-01,3.803422e-01,-3.753055e-01,-1.813864e-01,-1.019686e-01,4.339338e-01,-1.847418e-02,1.478389e-01
4.796133e+00,-3.208510e-01,1.496634e+00,3.440219e-01,1.043122e-01,-6.114146e-02,4.098907e-02,-1.072969e-01,8.014106e-02,-2.838095e-01,1.351471e-01
4.754263e+00,-4.663004e-01,1.628302e+00,2.066177e-01,1.789692e-01,-2.182713e-01,-9.140403e-02,4.610770e-02,-2.255138e-02,-6.126514e-01,-1.406363e-02
4.472518e+00,-1.434369e-01,1.661000e+00,3.314549e-01,5.058629e-02,-7.249602e-02,9.006707e-01,4.338863e-01,7.915965e-02,1.790436e-01,-1.080870e-01
4.715814e+00,-1.596190e-01,1.471869e+00,2.966659e-01,3.976558e-01,-3.682663e-01,-5.776899e-02,1.539459e-01,-2.419702e-03,-5.205522e-01,7.996422e-02
4.239568e+00,-5.004519e-01,1.494682e+00,1.697812e-01,3.928555e-01,-1.628709e-01,-1.423419e-01,-2.646271e-01,2.898824e-02,-2.949435e-01,1.765618e-01
4.446163e+00,-2.419766e-01,1.739888e+00,3.044062e-01,2.297833e-01,-8.871246e-02,-1.113957e-02,8.088880e-03,2.334465e-01,-9.207003e-02,1.147201e-01
4.767415e+00,-1.860494e-01,1.780783e+00,3.695171e-01,4.290605e-01,1.925982e-01,4.011102e-01,-1.089346e-01,-1.114244e-01,-2.582189e-01,6.562194e-02
4.599239e+00,-5.188495e-01,1.167551e+00,-5.417940e-02,3.417124e-01,-3.362640e-01,-3.382394e-01,-8.893952e-02,8.798463e-02,-1.547189e-01,4.371407e-02
3.918633e+00,-9.335003e-01,1.421488e+00,3.198427e-01,5.534317e-01,1.970963e-01,8.798018e-02,-1.753994e-01,1.201217e-01,-3.038863e-01,4.021928e-02
4.731138e+00,-2.537300e-01,1.697112e+00,3.988243e-01,3.632910e-01,1.315482e-01,1.926217e-01,-9.140320e-02,1.096792e-01,1.415427e-01,1.297188e-02
4.508157e+00,-4.027549e-01,1.602384e+00,2.671480e-01,4.887806e-01,5.326804e-02,-5.607821e-02,-2.904801e-01,1.270424e-01,-1.678886e-01,1.534318e-02
4.729209e+00,-5.318450e-01,1.393478e+00,1.098354e-01,3.814827e-01,-2.687697e-01,1.806286e-01,-1.113208e-01,2.054893e-01,-3.501223e-01,4.648602e-03
4.478182e+00,-5.566532e-01,1.340046e+00,4.954116e-01,4.779765e-01,2.552165e-01,3.530649e-01,2.600574e-01,1.352671e-01,-1.269270e-02,3.301688e-01
4.791883e+00,-9.656642e-02,1.789849e+00,4.295184e-01,2.814499e-01,-3.075341e-01,-1.548284e-01,-1.949127e-01,2.309001e-01,2.358838e-01,8.682840e-02
4.604743e+00,-3.275321e-01,1.278896e+00,1.012578e-01,3.622405e-01,4.811637e-02,2.671689e-01,1.754042e-01,2.740486e-01,-1.335303e-01,1.656506e-01
4.737382e+00,-2.428885e-01,1.685119e+00,1.773193e-01,3.678599e-01,1.934020e-02,2.913581e-01,-1.106596e-02,3.535616e-01,-1.374465e-01,-1.941082e-01
4.263246e+00,-5.688471e-01,1.499968e+00,2.931680e-01,4.321315e-01,2.370448e-01,4.566274e-01,1.866455e-04,8.366593e-02,-3.731365e-01,-2.981768e-01
4.617299e+00,-6.464389e-01,1.128863e+00,-1.342424e-01,-2.536212e-01,-4.356680e-01,-8.955011e-02,-1.195340e-01,-1.041618e-01,-3.888056e-01,1.595554e-01
4.982156e+00,4.021775e-01,1.806375e+00,2.071166e-01,1.634968e-01,-1.767916e-01,2.925703e-01,4.703930e-01,2.903634e-01,-2.109447e-01,1.204592e-01
4.200733e+00,-5.029115e-01,2.000008e+00,2.350064e-01,-1.931570e-02,-4.128546e-01,-1.711006e-01,3.437957e-02,7.287069e-01,2.487745e-01,1.879723e-01
4.765571e+00,-6.083544e-01,1.194140e+00,-2.423987e-01,-3.485128e-02,7.936099e-02,1.964994e-01,-1.022765e-01,-1.771573e-01,-3.116578e-01,-6.936894e-02
4.949554e+00,1.576710e-01,1.726419e+00,3.158593e-02,2.330047e-01,-9.647721e-02,-1.906747e-01,2.005840e-02,4.366103e-01,-2.381766e-01,-2.182077e-01
4.441155e+00,-2.797241e-01,1.554581e+00,9.331752e-02,3.748071e-01,-1.149163e-01,3.346946e-01,4.963269e-01,7.773577e-01,2.019014e-01,1.155325e-01
4.921673e+00,-5.651916e-01,1.298044e+00,2.512145e-02,2.035399e-01,-2.266252e-01,-1.144525e-01,-2.363496e-01,1.753932e-01,-2.231678e-02,1.843276e-02
4.997470e+00,9.420781e-02,1.357438e+00,-1.117839e-01,3.369120e-01,-3.163379e-01,-1.686515e-01,3.118706e-02,1.764479e-01,2.617943e-01,3.165507e-02
4.800125e+00,-4.013053e-01,1.552693e+00,1.373706e-01,3.197271e-01,4.816833e-02,-7.589481e-02,1.684469e-01,2.991944e-01,-1.919754e-01,-2.515715e-01
4.822765e+00,-5.298460e-01,1.214070e+00,1.087175e-01,3.310163e-01,-1.784805e-01,1.908226e-01,-3.119378e-01,7.001555e-02,-1.319969e-01,-3.487994e-02
4.722920e+00,-4.060062e-01,1.321216e+00,1.729582e-01,2.796597e-01,-7.446714e-02,1.732908e-01,1.790464e-01,5.356976e-01,4.265652e-01,2.559100e-01
4.802724e+00,-1.052455e-01,1.594203e+00,2.134301e-01,3.268613e-01,-5.107258e-01,-2.116099e-01,5.731765e-02,4.721808e-01,4.623314e-02,1.708726e-01
4.939511e+00,-3.468654e-01,1.087522e+00,-5.684182e-02,2.600469e-01,4.865405e-02,-1.885577e-01,-1.504716e-01,1.057805e-01,-4.225685e-01,-2.803807e-02
4.853414e+00,-2.504451e-01,1.215447e+00,7.859528e-02,4.226849e-01,6.304487e-02,2.104502e-01,2.145101e-02,3.672338e-01,3.283054e-01,1.563926e-01
4.686376e+00,-8.769401e-02,1.799363e+00,3.416925e-01,2.489159e-01,-1.301080e-01,5.681726e-02,1.903595e-01,5.385951e-01,-6.208171e-02,-1.467524e-01
4.650620e+00,-4.208409e-01,1.197672e+00,-3.620583e-01,-8.907690e-02,-4.009685e-01,-1.541334e-01,-1.859949e-01,2.387858e-01,-2.615841e-01,2.487895e-01
4.579388e+00,-5.252900e-01,9.943610e-01,-8.705302e-02,1.521319e-01,-1.750091e-01,2.109445e-01,9.923921e-02,-4.104383e-02,4.017994e-02,2.363242e-01
4.643670e+00,-1.664150e-01,2.033008e+00,5.700600e-01,4.040467e-01,1.868606e-02,1.674719e-01,2.015835e-01,8.756689e-02,-1.271918e-01,-8.118395e-02
4.510763e+00,-4.422886e-01,1.387215e+00,1.646235e-02,2.067161e-01,-3.972612e-01,-3.040877e-02,1.708077e-01,1.917303e-01,-3.920657e-01,-1.262896e-02
4.887034e+00,-1.748634e-02,1.453210e+00,-3.872692e-01,-7.856713e-02,-3.416393e-02,2.216922e-01,9.584765e-02,-1.265995e-01,-1.815038e-01,1.698254e-01
4.469864e+00,-4.316359e-01,1.904361e+00,6.438690e-01,2.898071e-01,-3.533288e-01,2.883041e-01,1.062150e-01,4.878910e-01,2.788996e-01,1.770325e-01
4.559249e+00,-1.872613e-01,1.833083e+00,2.884465e-01,3.974909e-01,-2.219363e-01,4.831647e-02,1.269959e-02,3.218623e-01,-1.928046e-01,-2.784879e-02
4.839975e+00,-5.229549e-01,1.306379e+00,4.688088e-01,8.718351e-01,8.735513e-02,2.108254e-01,1.680013e-01,-5.519491e-02,-4.526665e-01,4.316408e-02
4.787122e+00,-2.268808e-01,1.627918e+00,3.189585e-01,1.308003e-01,-6.812310e-02,1.351181e-01,1.538163e-01,8.527912e-02,-8.389606e-02,2.045850e-01
4.661972e+00,-7.109252e-01,1.245868e+00,3.153794e-01,3.386464e-01,4.657818e-03,1.652384e-01,-5.729626e-02,2.233315e-01,-1.698423e-01,5.210978e-02
4.484957e+00,-7.637749e-01,1.268951e+00,-2.357744e-01,1.765041e-01,-4.856949e-01,-2.800917e-01,-3.926142e-01,1.230513e-01,-1.257989e-01,1.009506e-01
4.816573e+00,-2.366378e-01,1.697315e+00,6.436999e-01,6.629731e-01,4.668109e-02,-1.673539e-01,2.365247e-02,4.764459e-01,-1.133975e-01,7.668048e-02
4.435192e+00,-6.120506e-01,1.206086e+00,1.517676e-01,2.972342e-01,-3.003496e-02,2.042974e-01,-1.264031e-01,1.394132e-01,-3.084738e-02,-3.599532e-02
4.154868e+00,-9.131646e-01,8.714453e-01,-2.759256e-02,5.223656e-01,2.566570e-01,2.664343e-01,1.195005e-01,2.743471e-04,-7.563564e-02,-4.829641e-02
5.190230e+00,-2.585037e-01,1.468075e+00,2.461660e-01,4.700696e-01,-2.029182e-01,-3.616585e-01,-1.848771e-01,2.810274e-01,-1.094793e-01,1.110538e-01
4.622300e+00,-4.023163e-01,1.432620e+00,-4.142893e-02,3.677548e-01,1.649946e-01,1.817154e-01,3.220493e-01,8.215256e-01,3.453749e-01,7.954324e-02
4.732477e+00,-5.005874e-01,1.497506e+00,-4.911380e-02,-2.471956e-02,-3.026870e-01,2.757479e-02,-2.736888e-01,1.473080e-01,2.010719e-02,-4.821128e-02
4.734053e+00,-3.628284e-01,1.271332e+00,-8.699297e-02,3.764882e-01,2.189124e-01,-1.915863e-02,-1.135515e-01,1.389819e-01,-3.625860e-01,2.031267e-02
4.979444e+00,-3.326668e-01,1.241658e+00,1.657402e-01,2.527858e-01,-2.907791e-01,2.086575e-01,2.595607e-01,5.704654e-01,-2.370455e-02,-8.433801e-02
4.725030e+00,-2.769556e-01,1.617103e+00,9.690976e-03,-4.742753e-02,-3.236758e-01,2.136125e-01,1.167379e-01,1.964511e-01,-5.238605e-02,-3.517689e-01
4.790866e+00,-2.838485e-01,1.534682e+00,4.255928e-02,6.853325e-02,2.273394e-02,1.636633e-01,1.058163e-01,4.197512e-01,1.550740e-01,2.996227e-01
4.586154e+00,-1.431077e-01,1.532400e+00,-9.644559e-02,2.152589e-01,5.863566e-02,4.620751e-02,1.911268e-01,3.495160e-01,-2.629358e-01,2.155839e-01
5.048523e+00,-1.373781e-01,1.361512e+00,1.597711e-01,-1.716415e-02,-5.378020e-01,1.122648e-02,9.182657e-02,2.486097e-01,-2.050045e-01,-3.875837e-01
4.558329e+00,-4.666049e-01,1.115676e+00,-1.466842e-01,3.421314e-01,1.759265e-01,5.665022e-01,4.174961e-01,8.126602e-01,3.240410e-01,2.695753e-01
4.847998e+00,-7.185883e-02,1.580481e+00,1.179055e-01,4.416755e-01,-6.729940e-02,-5.777757e-02,1.354392e-01,2.972873e-01,2.588770e-01,1.189806e-01
4.573012e+00,-4.981871e-01,1.463743e+00,-1.371016e-01,-1.608291e-02,-5.448874e-01,-5.572338e-01,3.832744e-02,3.299315e-01,-4.722391e-02,4.138810e-02
4.802639e+00,-5.782504e-01,9.055026e-01,-1.708551e-01,1.487765e-01,-3.312212e-02,1.591519e-01,-1.984700e-01,2.774638e-01,1.763238e-01,-6.504683e-02
5.092235e+00,-3.483453e-01,1.655566e+00,2.586671e-01,5.327481e-01,5.894596e-02,1.120498e-01,3.269603e-02,4.194813e-01,1.319551e-01,1.599881e-01
4.572035e+00,-4.690665e-01,1.083963e+00,-3.587774e-01,-4.630222e-02,-3.837287e-01,-1.586446e-01,1.606580e-01,4.064564e-01,3.920742e-02,1.866384e-02
5.137937e+00,-2.700682e-01,1.207003e+00,2.344691e-01,8.734231e-02,-5.370486e-01,-6.127118e-02,-1.399069e-01,4.496729e-01,3.130113e-01,1.712540e-01
5.021420e+00,-5.383734e-01,1.377107e+00,3.742434e-01,4.275026e-01,5.958584e-02,1.976619e-02,-1.017147e-01,2.128243e-01,2.477256e-01,8.353341e-02
4.826405e+00,-5.416992e-01,1.498699e+00,6.620159e-02,5.289926e-01,-8.700796e-02,6.511013e-02,2.854809e-01,6.453686e-01,-1.183583e-01,3.050408e-02
4.877226e+00,3.765955e-02,1.479924e+00,2.466935e-02,3.861432e-01,-2.366434e-01,-2.847417e-02,1.748522e-01,4.634913e-01,-8.334353e-03,1.365390e-01
5.123270e+00,-4.576015e-01,1.295794e+00,1.564065e-01,1.668765e-01,-2.705446e-01,1.301189e-01,-1.730029e-01,2.250055e-01,1.693992e-01,1.112187e-01
4.539422e+00,-7.000330e-01,1.502948e+00,2.656395e-01,1.708634e-01,-4.478738e-01,-1.603610e-01,2.965514e-01,6.671881e-01,1.411424e-01,1.035961e-01
4.663027e+00,-1.772429e-01,1.399214e+00,2.800695e-02,1.552512e-01,-4.765774e-01,-6.522723e-02,1.270609e-01,-6.250554e-02,-1.085701e-01,-4.372808e-02
4.832816e+00,-4.312099e-01,1.688763e+00,3.809421e-01,8.549711e-01,6.028504e-02,1.990373e-01,2.338360e-01,-6.592514e-02,-3.772281e-01,1.826075e-01
4.553444e+00,-4.537623e-01,1.404929e+00,-6.351616e-02,-2.525706e-01,-2.451994e-01,2.871700e-01,1.738797e-01,4.371461e-01,-3.019745e-02,-1.112654e-01
4.252945e+00,-5.835344e-01,1.466964e+00,-5.184992e-02,1.230406e-01,-4.193679e-01,-1.811508e-01,2.299919e-01,4.452257e-01,-2.157916e-01,1.838679e-01
4.822599e+00,1.491863e-01,1.722992e+00,1.464313e-01,1.752102e-01,-1.259167e-01,4.185757e-02,-2.166564e-01,-1.411476e-02,-2.106015e-01,2.196211e-01
4.668803e+00,-3.612702e-01,1.461409e+00,4.860762e-01,4.707887e-01,-3.951457e-02,4.613789e-01,2.682062e-01,4.851774e-01,-1.726350e-01,-1.407041e-01
4.622839e+00,-5.283311e-01,1.448887e+00,-1.959750e-01,-1.575707e-01,-1.691076e-01,1.033148e-01,-2.075453e-01,-5.984491e-03,-1.194688e-01,-5.576286e-02
4.577390e+00,-7.141382e-01,1.214594e+00,2.544293e-01,6.092182e-01,1.303165e-01,8.320975e-02,9.192069e-02,1.895011e-01,-4.509576e-01,3.817717e-03
4.707328e+00,-7.534752e-03,1.574363e+00,2.869239e-01,3.036128e-01,-1.779063e-01,4.082656e-02,-4.397485e-02,2.920859e-01,2.979920e-01,4.204326e-01
4.640021e+00,-5.237889e-01,1.499822e+00,2.797216e-01,-1.380792e-02,-3.084287e-01,1.973481e-01,-5.490717e-02,1.992901e-01,-1.469299e-01,-3.656322e-01
4.752180e+00,-5.910092e-01,1.499864e+00,6.565855e-02,3.936520e-01,-2.097607e-02,2.389817e-01,-7.298512e-03,3.812568e-01,-4.353441e-02,9.689680e-02
4.583307e+00,-4.983611e-01,1.097717e+00,1.424849e-01,6.310085e-01,2.860601e-01,1.411447e-01,2.188654e-01,3.117560e-01,1.704901e-01,2.164604e-01
5.083639e+00,-1.922939e-01,1.428991e+00,-2.075645e-01,1.674150e-01,-1.960837e-01,3.602757e-02,-1.955521e-01,-1.867995e-01,-6.926371e-02,6.982838e-02
4.598525e+00,-5.058010e-01,1.501068e+00,2.676608e-01,2.345336e-01,1.531589e-01,3.788052e-01,2.170431e-01,8.136499e-01,2.455162e-01,-3.386187e-03
4.762757e+00,-1.306989e-01,1.596071e+00,1.695241e-01,5.378875e-01,-2.397462e-02,-3.044467e-01,-5.838870e-02,6.171252e-01,4.193217e-02,4.248646e-01
4.657440e+00,-4.868864e-01,8.894956e-01,-2.306329e-02,3.285278e-01,-1.407400e-01,-5.807259e-02,-6.934299e-02,-7.311778e-02,-4.463338e-01,-1.673842e-01
4.900504e+00,-4.788197e-01,1.369751e+00,-1.976065e-01,-1.086695e-01,-1.357069e-01,1.876555e-02,4.562269e-02,3.382503e-01,1.834668e-02,5.150847e-02
5.053519e+00,1.447374e-02,1.714542e+00,1.293120e-01,2.125097e-01,1.825981e-01,1.559396e-01,-5.017593e-02,5.267849e-01,3.515629e-01,-1.178408e-01
4.494809e+00,-5.149687e-01,1.063163e+00,-5.224908e-01,4.346909e-02,-3.309721e-01,-3.632745e-02,-4.220157e-02,3.806377e-01,-1.309988e-01,5.264498e-02
4.789030e+00,-3.021853e-01,1.496510e+00,-1.521696e-01,1.378540e-01,-7.004996e-02,-1.320741e-01,8.408990e-02,5.722986e-01,-4.928505e-03,2.936699e-02
5.095103e+00,1.440642e-01,1.672609e+00,-4.738417e-02,-9.953071e-03,-5.506431e-02,3.674385e-01,-7.102376e-02,3.209811e-02,-1.150501e-01,-5.596029e-02
4.781146e+00,-5.823385e-01,1.057827e+00,-2.370381e-01,3.914353e-01,-1.949351e-02,3.799850e-01,4.718767e-01,5.395658e-01,2.354417e-01,2.164761e-01
5.071245e+00,3.853689e-02,1.530998e+00,5.751959e-02,2.289195e-01,-5.125261e-01,4.576636e-02,1.731786e-01,5.362972e-01,2.602732e-01,-5.888260e-02
5.106820e+00,-3.346025e-01,1.846987e+00,2.920705e-02,-5.038478e-02,-3.788122e-01,-2.430237e-01,-8.402519e-02,4.430243e-01,2.101999e-01,1.409166e-01
4.597109e+00,-6.556495e-01,9.835043e-01,-2.196112e-01,7.210275e-02,1.686703e-01,4.418476e-01,1.591910e-01,2.597552e-01,1.516084e-01,2.826234e-01
4.915452e+00,-4.865342e-01,1.359493e+00,1.736670e-01,4.597479e-01,-3.452960e-01,5.494803e-03,9.863130e-02,4.673804e-01,-2.182230e-01,-2.459360e-02
5.025933e+00,-1.287682e-01,1.363163e+00,2.181468e-01,2.572337e-01,-3.583373e-01,1.721055e-01,2.642097e-01,3.187178e-01,4.546083e-02,2.718615e-01
4.896262e+00,-8.552205e-01,1.257031e+00,-1.976598e-01,-3.578432e-02,-1.911319e-01,5.142061e-02,-4.721576e-02,5.340093e-01,2.332347e-01,3.973057e-01
4.737877e+00,-4.148268e-01,1.278729e+00,-1.584143e-01,-2.486493e-02,-2.535931e-01,-2.228124e-01,-1.393895e-01,3.003957e-01,1.317454e-02,1.787459e-01
4.900967e+00,-1.957393e-01,1.382160e+00,2.567928e-01,5.202783e-01,-2.879367e-01,-1.233395e-01,3.229844e-01,4.311145e-01,-9.692424e-02,6.798812e-02
4.753683e+00,-3.223961e-01,1.331378e+00,9.115006e-02,5.711495e-01,1.895329e-01,1.848075e-01,2.285476e-01,2.455955e-01,-4.518234e-02,1.877208e-01
4.667734e+00,-7.123824e-01,8.660475e-01,-3.982445e-01,-2.531314e-01,-4.196295e-01,-2.506850e-02,-1.817650e-01,1.727974e-02,-1.082009e-01,1.129169e-01
4.366961e+00,-5.137486e-01,1.650130e+00,1.409126e-01,2.072920e-01,-3.154157e-01,1.431934e-01,3.406374e-01,8.643290e-01,1.417000e-01,1.678371e-01
4.991759e+00,2.571538e-02,1.416908e+00,2.932225e-01,5.570172e-01,-2.842966e-01,-9.548575e-03,1.655843e-01,2.844931e-01,2.033420e-01,3.862900e-02
4.547879e+00,-5.419079e-01,1.483616e+00,-9.945709e-02,2.845911e-01,-4.047348e-02,2.648109e-01,-1.983299e-01,-1.628087e-01,-3.580468e-01,-1.024244e-01
4.800604e+00,-1.684121e-01,1.581211e+00,3.067536e-01,-1.354268e-01,-3.536634e-01,1.594062e-01,4.553386e-01,3.496585e-01,-7.396410e-02,2.360084e-02
4.666119e+00,-3.020723e-01,1.277103e+00,7.565154e-02,2.712687e-01,1.497954e-01,7.737917e-01,5.020750e-01,5.115658e-01,-1.703389e-01,2.633132e-01
4.899527e+00,-2.177684e-01,1.295113e+00,1.697042e-01,2.025102e-01,-4.375470e-01,1.145711e-01,-2.012429e-01,-3.363937e-02,-2.874219e-01,-1.228618e-02
4.438938e+00,-1.806822e-01,2.184760e+00,5.947120e-01,2.168027e-01,-4.197905e-02,2.866871e-01,2.414674e-01,6.565569e-01,-1.086139e-01,-3.432991e-01
4.871415e+00,-1.114402e-01,1.426173e+00,2.553590e-01,3.830675e-01,2.348174e-02,-1.300889e-01,1.260087e-01,2.888665e-01,-1.637147e-01,-4.482128e-03
4.603207e+00,-6.155219e-01,1.026701e+00,-3.855693e-01,2.782838e-01,-1.766100e-02,1.223154e-03,-1.268398e-01,-8.558121e-02,-5.553178e-01,1.160638e-01
4.601804e+00,-5.045232e-01,1.749778e+00,4.317472e-01,2.095698e-01,-5.371556e-01,-2.863962e-01,-2.697258e-01,4.842864e-01,5.697460e-02,1.645545e-01
4.998495e+00,-1.001178e-01,1.746473e+00,2.888417e-01,2.573692e-01,2.053029e-01,2.383276e-01,3.450231e-02,2.342043e-01,1.054523e-01,4.646093e-02
4.682586e+00,-8.811282e-01,9.194448e-01,-1.449204e-02,4.280834e-01,-1.137382e-01,-2.314584e-01,-8.452933e-02,-3.681335e-02,-5.379017e-02,2.015718e-01
4.007198e+00,-8.685077e-01,1.277504e+00,5.816240e-02,6.535028e-01,3.013955e-01,9.873481e-02,3.975930e-01,5.570014e-01,8.419716e-02,1.678079e-01
5.291351e+00,-2.628026e-01,1.508964e+00,-7.897973e-02,3.894849e-01,-8.115604e-02,-5.790241e-02,-2.845415e-01,2.289268e-01,-3.282113e-03,-8.574918e-02
4.818303e+00,-4.384652e-01,1.065524e+00,-8.048239e-03,3.734787e-01,1.154787e-01,3.563726e-01,8.358102e-02,5.389848e-01,3.850804e-01,1.082688e-01
4.834953e+00,-3.463470e-01,1.535870e+00,1.191000e-01,4.570317e-01,-2.832540e-01,-1.779962e-01,-1.402619e-01,8.404076e-01,1.708612e-01,1.760694e-01
5.128826e+00,-4.701174e-01,1.442592e+00,1.639519e-01,8.173219e-02,8.196864e-02,-1.240675e-01,-2.263894e-01,1.165891e-01,4.670313e-02,8.590276e-02
4.953932e+00,-7.737939e-01,1.126622e+00,-5.408562e-02,3.956400e-01,-1.244739e-01,2.288806e-01,3.712550e-02,4.112235e-01,2.295324e-02,1.353885e-02
4.980522e+00,-4.071323e-01,1.250131e+00,9.635177e-02,3.239836e-01,-5.225929e-02,2.090952e-01,1.462781e-01,3.884778e-01,-2.717248e-02,-1.561966e-01
4.974571e+00,-1.159603e-01,1.593943e+00,-1.725745e-01,7.800918e-02,-1.158139e-01,5.292801e-02,1.186178e-01,4.188203e-01,2.007148e-01,1.457514e-01
4.536871e+00,-6.673453e-01,1.380825e+00,9.050959e-02,-2.191580e-01,-3.958076e-01,1.449239e-01,6.721448e-02,6.426697e-01,4.956887e-01,2.871656e-01
4.814005e+00,-3.759193e-01,1.235230e+00,-2.489245e-01,1.722735e-01,-2.476168e-01,-7.538576e-02,-1.163755e-01,2.169869e-01,-3.305252e-01,-2.540426e-01
4.888366e+00,-1.961292e-01,1.232464e+00,-1.242590e-01,3.130944e-01,1.596620e-03,4.043756e-01,5.168628e-01,5.269829e-01,1.314460e-01,3.195824e-01
4.774053e+00,-1.407983e-02,1.557126e+00,-1.899692e-01,4.770112e-02,-1.040294e-01,7.756093e-02,4.573937e-01,4.644093e-01,-2.130186e-02,-1.263662e-01
4.287160e+00,-8.802852e-01,1.132350e+00,-5.551040e-01,-4.624769e-01,-5.970917e-01,-4.347712e-01,-3.051127e-01,2.084334e-01,-1.127779e-01,2.978276e-02
4.500948e+00,-5.147525e-01,1.088992e+00,2.423867e-02,2.908370e-01,-1.453682e-01,2.123172e-01,2.716590e-01,6.010362e-01,4.123167e-01,4.146934e-01
5.096500e+00,-5.060432e-02,1.692101e+00,1.451202e-01,3.432380e-01,-9.181059e-02,1.539073e-01,2.982948e-01,5.558785e-01,-2.134383e-01,-4.139644e-02
4.675534e+00,-5.238097e-01,1.143457e+00,-6.063661e-02,4.148756e-02,-2.911402e-01,-7.197122e-03,-5.061272e-03,2.606017e-01,1.992384e-03,2.385050e-02
4.957006e+00,-3.663977e-01,1.330690e+00,-1.549168e-02,1.337481e-01,-7.396382e-02,1.334779e-01,-8.644997e-02,4.133719e-01,2.654390e-01,3.476792e-01
4.726945e+00,-3.821975e-01,1.428088e+00,3.052052e-01,4.722981e-01,-1.020277e-01,1.497049e-01,2.741166e-01,5.602630e-01,8.597470e-02,-1.296692e-01
4.728753e+00,-5.265512e-01,1.491035e+00,-2.029609e-02,1.618746e-01,-2.531727e-01,-1.088489e-01,6.924266e-03,2.056757e-01,-1.089408e-01,4.858926e-02
4.951658e+00,-3.746112e-01,1.503708e+00,6.249570e-01,6.421568e-01,-2.786630e-01,3.030562e-01,-1.218030e-01,1.963318e-01,2.047160e-01,2.649260e-01
5.090923e+00,-1.761834e-01,1.085905e+00,4.573614e-02,1.705118e-01,-1.913692e-01,4.690741e-02,6.952359e-02,2.800934e-01,3.685719e-02,1.400724e-01
4.345073e+00,-7.415724e-01,1.241325e+00,3.564872e-02,2.614004e-02,-6.122267e-01,-2.908408e-01,1.617026e-01,5.151879e-01,8.187372e-03,-7.144628e-02
4.858868e+00,-4.561447e-01,1.622337e+00,1.966962e-01,3.539006e-01,-7.494846e-02,-1.430774e-01,-2.082142e-01,4.161987e-03,1.093505e-01,2.099071e-01
4.626516e+00,-3.736084e-01,1.844284e+00,6.652008e-01,8.060557e-01,4.560681e-02,4.664890e-01,1.061930e-01,3.454115e-02,-3.673734e-01,-4.948171e-01
4.502887e+00,-5.425307e-01,1.293157e+00,3.191531e-02,4.483549e-02,-4.139762e-01,-1.473844e-01,1.249001e-01,3.241380e-01,-3.196641e-01,2.049689e-01
4.547457e+00,-8.189373e-01,1.214322e+00,-8.086951e-02,3.263199e-01,2.851404e-01,3.265175e-01,3.404515e-01,4.513676e-01,-1.733921e-01,1.111625e-01
5.039230e+00,-9.498284e-03,1.842247e+00,3.123415e-01,8.054012e-02,-2.671733e-01,-1.062310e-01,-8.166427e-02,7.171220e-02,-1.312754e-01,-9.156042e-04
4.566306e+00,-2.958347e-01,1.803701e+00,3.414659e-01,3.222135e-01,-2.372997e-01,2.254008e-01,2.128652e-01,5.016480e-01,-1.129499e-01,-2.469619e-01
4.632582e+00,-4.960536e-01,1.486709e+00,4.360172e-02,4.423363e-01,2.240727e-01,-1.501803e-02,1.569038e-01,2.177400e-01,-3.953314e-01,1.803844e-01
4.603160e+00,-2.074943e-01,1.515841e+00,4.848312e-02,4.154969e-01,1.391077e-01,4.271382e-01,4.793165e-02,-8.671223e-02,-3.671505e-01,-1.516059e-01
4.874896e+00,-2.628215e-01,1.480641e+00,1.767373e-01,3.004630e-01,-3.261604e-01,1.178495e-01,-1.388684e-01,1.896411e-01,-1.306514e-01,-4.293035e-02
4.878436e+00,-3.871815e-01,1.505057e+00,9.437343e-02,3.539198e-01,9.417121e-02,1.040461e-01,-1.690730e-01,2.445611e-01,2.729068e-02,-1.804713e-01
4.979640e+00,-3.200421e-01,1.677539e+00,3.916717e-02,2.159924e-01,-4.580016e-02,9.338672e-02,-2.161744e-01,3.456593e-01,2.069951e-01,2.033103e-01
4.659651e+00,-5.495534e-01,1.359474e+00,3.900267e-02,2.079899e-01,1.630579e-01,9.559468e-02,3.369121e-03,1.840770e-01,1.245039e-01,1.227934e-01
4.853632e+00,-4.659820e-01,1.056347e+00,-6.128658e-02,5.530133e-01,-3.098774e-01,-2.317028e-01,-2.018293e-01,-1.291762e-02,-4.322795e-01,-2.650928e-01
4.721285e+00,-7.793805e-02,1.397084e+00,1.521776e-01,7.343986e-01,2.679666e-01,2.569514e-01,8.653684e-02,5.107255e-01,2.498317e-01,2.003269e-01
4.898864e+00,-3.964120e-01,1.424737e+00,-7.616049e-02,1.538633e-01,-1.014521e-01,1.699801e-01,-9.825553e-02,5.712297e-01,5.261993e-02,1.616980e-03
4.411258e+00,-7.030832e-01,1.141097e+00,-1.692684e-01,-1.177919e-01,-3.405855e-01,-5.690903e-01,-5.325399e-01,1.475496e-01,-1.529323e-01,-1.763169e-01
4.695496e+00,-4.111697e-01,1.368451e+00,9.730276e-02,5.092824e-01,2.015072e-01,2.494450e-02,-1.135249e-01,1.777047e-01,1.347815e-01,2.761729e-02
4.974472e+00,-1.012099e-01,1.321542e+00,1.928479e-01,5.504134e-01,8.785342e-02,2.832538e-01,3.079238e-01,3.453483e-01,-5.276028e-02,1.373754e-02
4.559669e+00,-5.429012e-01,1.613977e+00,-2.054071e-01,-2.343059e-02,-4.857868e-01,9.622142e-02,5.486485e-03,3.253911e-01,1.276796e-01,7.116803e-02
4.916491e+00,-2.233578e-01,1.275924e+00,3.162561e-02,2.257617e-01,-4.773575e-02,1.953926e-01,-2.869568e-03,2.536744e-01,2.685083e-01,4.470587e-01
4.819152e+00,-1.268751e-01,1.546302e+00,1.450893e-01,3.433880e-01,-2.156951e-02,6.448752e-02,6.966313e-02,2.914099e-01,-2.560901e-01,-2.698471e-01
4.424865e+00,-7.760595e-01,1.273121e+00,-1.716468e-01,-6.701693e-02,-3.277378e-01,2.545784e-01,2.681671e-01,4.369548e-01,6.623848e-02,1.663773e-01
5.031840e+00,1.222280e-02,1.657859e+00,2.371092e-02,9.547183e-02,-2.471712e-02,4.105855e-01,3.192032e-01,8.696867e-02,-7.762957e-02,3.120989e-01
5.099781e+00,-2.754460e-01,1.550129e+00,-1.363238e-01,2.191039e-02,-4.939860e-01,1.398627e-01,2.314872e-01,3.295742e-01,-3.329339e-01,2.312197e-01
3.912796e+00,-8.868944e-01,1.202585e+00,-1.046761e-01,1.003461e-01,-4.341880e-01,2.551725e-03,2.606331e-01,5.947270e-01,-3.438120e-03,1.506716e-01
4.935783e+00,-2.146662e-01,1.538483e+00,2.603648e-01,2.258546e-01,-3.158367e-02,2.558118e-01,1.262052e-01,9.992052e-02,-2.213068e-01,3.902992e-02
5.062117e+00,-1.968172e-01,1.496623e+00,2.241910e-01,2.439593e-01,-1.075580e-01,7.348306e-02,2.139327e-01,2.901027e-01,-1.577259e-01,1.352960e-01
4.773004e+00,-6.169112e-01,1.188263e+00,-3.740307e-01,4.162365e-02,-3.236714e-01,-2.023505e-01,9.759651e-02,4.281262e-02,-1.106672e-01,4.184321e-01
4.697419e+00,-4.827354e-01,1.177429e+00,6.344726e-02,2.875234e-01,-2.678083e-01,2.839676e-01,1.613743e-01,4.617923e-01,1.475771e-01,2.267576e-02
4.965040e+00,-9.912756e-02,1.576550e+00,2.116480e-01,3.780156e-01,-2.896939e-01,-4.410479e-02,4.290405e-02,2.343344e-01,-5.664422e-04,1.828652e-01
4.644834e+00,-3.517406e-01,1.440965e+00,4.375059e-01,6.536392e-01,8.704240e-02,5.571476e-02,-4.745696e-02,1.860270e-02,-2.831726e-01,-2.213960e-01
4.645775e+00,-4.039239e-01,1.196424e+00,-5.053242e-02,3.221221e-01,-9.384982e-04,-1.149955e-01,1.578318e-01,1.858505e-01,-1.137071e-01,4.333967e-01
4.877500e+00,-7.016869e-01,1.343282e+00,2.197182e-01,2.867795e-01,-8.773571e-02,3.372704e-01,1.231779e-01,3.595711e-01,1.159086e-01,-1.729786e-01
5.001343e+00,-1.360873e-01,1.612504e+00,1.266528e-01,2.820064e-01,-8.035748e-02,-9.308162e-02,-1.243474e-01,-9.314142e-02,-1.629651e-01,3.053620e-01
4.532418e+00,-2.338798e-01,1.689430e+00,4.743773e-01,5.553011e-01,-1.659023e-01,1.244970e-01,-1.239580e-01,2.360001e-01,-2.650415e-01,-2.036324e-02
4.753114e+00,-1.250572e-01,1.577070e+00,3.260352e-01,4.828429e-01,-2.030283e-01,5.157316e-02,3.192064e-02,3.676506e-02,-8.760534e-02,2.691361e-01
4.699643e+00,-5.172773e-01,1.331255e+00,1.349963e-01,3.812567e-01,1.178346e-01,5.129486e-01,1.283728e-01,-9.771560e-03,-1.890833e-01,-1.334636e-01
4.413418e+00,-1.343424e-01,1.672221e+00,3.466693e-02,1.239510e-01,-3.878513e-01,-4.659697e-01,-1.969089e-01,2.455753e-02,-6.177205e-01,-1.227421e-02
4.622977e+00,-1.138399e-01,2.011641e+00,4.802798e-01,5.416262e-01,1.949519e-01,3.311527e-01,3.132441e-01,1.666383e-01,-3.293256e-01,-1.407845e-01
4.545609e+00,-4.032256e-01,1.500320e+00,1.681709e-01,8.471036e-02,1.125265e-01,1.905541e-01,-4.913489e-02,4.094545e-02,-1.341040e-01,2.157178e-01
4.094610e+00,-6.245160e-01,1.286456e+00,5.717795e-02,1.989677e-01,-5.867385e-01,-3.455596e-01,-2.769920e-01,-1.446817e-01,-4.941941e-01,-1.999562e-01
4.865368e+00,-1.759417e-02,1.565289e+00,7.257648e-02,4.998771e-01,-1.502441e-01,1.890758e-01,4.790899e-02,-6.887265e-02,-3.653499e-01,-6.653722e-02
4.688782e+00,-1.891526e-01,1.545013e+00,3.129015e-01,6.413698e-01,4.144363e-01,3.899564e-01,1.311429e-02,2.646557e-01,-9.102881e-02,-1.033519e-01
4.444190e+00,-3.122923e-01,1.854065e+00,2.452372e-01,-3.943302e-02,-2.918247e-01,-3.369392e-01,-3.294436e-01,5.058694e-01,3.125412e-01,-7.623414e-02
4.504653e+00,-4.884449e-01,1.590210e+00,3.222134e-01,6.034778e-01,1.016478e-01,-1.024660e-01,-1.039854e-01,3.300789e-01,-4.070214e-02,-1.485505e-02
5.336069e+00,-1.080969e-01,1.185983e+00,1.007526e-01,5.255856e-01,7.684165e-02,1.688018e-01,-3.278050e-01,-4.087040e-03,-2.221768e-01,-1.058015e-01
4.495563e+00,-4.413808e-01,1.423068e+00,1.055189e-01,2.220071e-01,-2.576682e-01,-1.603142e-01,-8.486935e-02,3.735202e-01,6.481942e-02,-1.182161e-01
4.970698e+00,-1.260247e-01,1.436790e+00,-3.553514e-02,4.998410e-01,3.944842e-02,2.461921e-01,8.926958e-03,3.455012e-01,2.548611e-01,2.554964e-02
4.809520e+00,-5.932300e-01,1.454904e+00,1.808192e-01,4.429903e-01,2.303702e-02,-5.078068e-01,-9.193427e-02,3.156475e-01,-1.034241e-01,1.169775e-01
4.402430e+00,-5.575661e-01,1.420768e+00,-3.924310e-03,2.619037e-01,-2.949333e-01,1.721507e-02,-2.560257e-01,1.207005e-01,-7.005129e-02,-6.983698e-02
5.017332e+00,-4.277052e-01,1.486630e+00,-3.426851e-02,5.206514e-01,1.134892e-01,2.693348e-01,1.549337e-02,1.334343e-01,-3.721206e-02,-8.890398e-02
4.966699e+00,-2.642559e-01,1.284546e+00,1.284075e-01,2.495169e-01,-8.987502e-02,-6.918225e-02,1.807436e-01,4.394358e-01,1.007087e-01,1.972219e-01
4.471796e+00,-6.592111e-01,1.434200e+00,-1.007896e-01,-3.279198e-02,-4.255573e-01,-4.187694e-01,-1.300381e-01,2.709751e-01,-5.172926e-02,2.689019e-01
4.590245e+00,-2.511659e-01,1.586111e+00,9.819525e-03,1.389936e-01,2.657614e-02,3.092674e-01,-1.720380e-01,-3.672955e-02,1.215447e-01,1.956668e-01
4.785031e+00,-5.625065e-01,1.598122e+00,2.230568e-01,4.395618e-01,6.278202e-02,2.296087e-01,4.146768e-01,5.131503e-01,-1.958508e-01,7.240421e-02
4.808020e+00,-1.231551e-01,1.589559e+00,1.305327e-01,-3.225236e-02,-2.172232e-01,-1.540350e-01,2.088039e-01,1.757983e-01,-5.571493e-01,-8.520963e-02
4.709651e+00,-2.081719e-01,1.071375e+00,-4.229490e-02,-1.932488e-02,-5.429260e-01,3.029077e-01,1.459239e-01,1.377675e-01,-1.053943e-01,2.112600e-01
4.345168e+00,-1.343277e-01,1.683891e+00,1.283115e-01,-1.774477e-01,-1.417311e-01,6.487205e-01,4.298117e-01,4.315350e-01,-3.195013e-02,7.852527e-02
4.928023e+00,-6.023778e-03,1.820840e+00,1.951711e-01,1.773269e-01,-1.753944e-01,1.899381e-02,8.420461e-02,3.785270e-02,-2.474470e-01,-1.532988e-02
4.718362e+00,-4.488699e-01,1.566696e+00,2.608493e-01,3.976593e-01,-2.994691e-02,1.492617e-01,2.665093e-01,-5.510147e-04,-1.343076e-01,1.481053e-01
4.966675e+00,-3.354160e-01,1.335328e+00,3.343662e-01,2.483916e-01,-1.798966e-01,2.168527e-01,1.488978e-01,1.828889e-01,-1.216244e-01,-8.709481e-03
4.450878e+00,-3.502233e-01,1.680697e+00,2.867528e-02,3.443367e-01,1.672968e-01,4.888587e-01,9.671067e-02,1.430674e-01,-4.295013e-02,4.256465e-02
4.564673e+00,-2.895267e-01,1.139388e+00,1.122556e-01,3.820262e-01,-5.755750e-01,-3.800796e-01,-3.386030e-01,-1.302708e-01,-2.067958e-01,1.420501e-01
4.968837e+00,-1.744103e-01,1.604060e+00,3.907203e-01,7.517145e-01,-1.679426e-02,2.332212e-01,1.302768e-01,2.505635e-01,-2.412554e-01,-3.864334e-02
4.487495e+00,-7.000135e-01,1.277428e+00,1.825339e-01,2.879377e-01,-7.447547e-02,1.982448e-02,-3.898054e-02,2.245649e-01,2.395781e-01,2.425420e-01
4.194695e+00,-8.213239e-01,9.955310e-01,-4.616370e-01,1.798544e-02,-1.381313e-01,-1.285044e-01,-2.190084e-01,-5.951753e-02,-4.347915e-01,1.659854e-01
4.990115e+00,-2.928866e-01,1.454803e+00,4.770237e-01,5.641585e-01,-6.048813e-02,-6.817953e-02,-1.069402e-01,7.626619e-02,-4.438988e-01,-3.467286e-02
4.521798e+00,-1.598883e-01,1.770719e+00,5.760592e-01,6.169310e-01,1.380767e-01,2.129906e-01,-9.019592e-02,3.121914e-01,4.083140e-02,-5.738070e-02
4.638750e+00,-4.549803e-01,1.431281e+00,4.214604e-01,2.577651e-01,-3.006386e-01,-1.603572e-01,-3.454785e-01,-4.019525e-02,-1.073617e-02,1.869659e-01
4.784834e+00,-1.532886e-01,1.425605e+00,-2.206371e-01,5.539180e-01,2.152572e-01,2.243142e-01,2.872793e-02,-6.408324e-02,-3.068627e-01,2.321317e-01
4.993996e+00,-9.141270e-02,1.681171e+00,2.965155e-01,4.402414e-01,-3.154616e-01,-2.354106e-01,-7.711075e-03,2.120935e-01,-1.196578e-01,-1.864818e-01
4.453215e+00,-2.979822e-01,1.500424e+00,2.201238e-01,5.044123e-01,9.394397e-02,6.462783e-02,-2.544984e-01,-8.818860e-03,-4.208718e-01,-3.409857e-01
4.695850e+00,-3.616458e-01,1.844517e+00,2.000911e-01,1.620561e-01,1.105213e-01,2.651198e-01,2.057329e-01,2.990551e-01,-2.676437e-01,-7.320209e-02
4.466795e+00,4.453034e-02,1.722586e+00,1.875816e-01,3.288632e-01,-1.392636e-01,1.294402e-01,7.092316e-02,7.187872e-02,-1.913275e-01,-1.224984e-01
4.814800e+00,-3.295489e-01,1.312925e+00,9.948020e-02,1.350605e-01,-3.353695e-01,5.992893e-02,-1.938742e-01,-1.329222e-01,-5.438330e-01,-2.725611e-01
4.680168e+00,-2.715393e-01,1.899991e+00,2.195250e-01,3.162171e-01,7.056375e-02,4.591827e-01,1.225248e-01,3.065940e-02,-2.665716e-01,-1.057107e-01
4.789739e+00,-2.453688e-01,1.876292e+00,4.321035e-02,1.709807e-01,-7.549639e-02,5.770662e-02,1.011855e-01,3.737407e-01,-2.005361e-01,1.198702e-01
4.526301e+00,-4.247988e-01,1.469751e+00,1.698489e-01,2.546407e-01,-3.417270e-01,-2.549318e-01,-2.943907e-01,-1.680164e-01,-1.610289e-01,1.904551e-01
4.689128e+00,-5.203046e-01,1.442406e+00,2.303433e-01,2.548579e-01,7.281753e-02,6.290630e-02,-1.143797e-01,7.094598e-02,-2.946389e-01,-3.986628e-02
4.617498e+00,-2.850414e-01,1.628337e+00,2.779232e-01,6.430079e-01,3.911949e-01,3.187271e-01,1.312049e-01,3.346307e-01,-1.837287e-01,-1.143324e-01
4.734121e+00,-3.160088e-01,1.696221e+00,-1.035829e-01,1.875777e-01,-2.357589e-01,-2.251646e-01,-3.016538e-01,-8.718382e-02,-2.794966e-01,1.309359e-01
4.444846e+00,-6.193882e-01,1.332414e+00,-7.306082e-02,1.560970e-01,-2.358001e-01,-1.825928e-01,-3.293809e-02,4.107043e-02,-1.726784e-02,1.472144e-01
4.640093e+00,-3.534408e-01,1.632746e+00,3.771142e-01,3.918130e-01,7.727013e-02,-5.047126e-02,5.355780e-02,3.057855e-01,1.217976e-01,8.616468e-02
4.800089e+00,-4.345305e-02,1.611510e+00,3.622377e-01,4.393018e-01,1.154554e-02,1.620224e-01,-1.337731e-01,1.119302e-02,-2.912968e-01,-3.225062e-02
4.583631e+00,-1.654305e-01,1.204840e+00,3.366032e-01,4.194757e-01,-1.074846e-01,3.170521e-01,-5.815380e-02,3.241450e-02,1.325478e-01,3.383311e-01
4.826713e+00,-3.233492e-01,1.753654e+00,9.378980e-02,2.945807e-01,-7.229820e-02,2.055004e-01,2.471991e-02,3.094393e-01,-3.133450e-01,-5.838343e-02
4.197115e+00,-3.886983e-01,1.998580e+00,6.842504e-01,3.939578e-01,-4.967426e-02,-6.094060e-02,-6.557516e-02,3.235723e-01,1.992777e-01,4.415796e-02
4.574159e+00,-4.789385e-01,1.189484e+00,-1.436986e-02,1.277029e-01,-4.673104e-01,1.896614e-02,-2.723182e-01,-6.077896e-02,-1.628328e-01,6.511187e-02
5.087139e+00,1.731006e-01,1.717981e+00,4.500846e-01,3.754929e-01,-7.610641e-02,1.259638e-01,4.396760e-01,1.112318e-01,-5.431399e-01,-3.160351e-02
4.302735e+00,-3.987851e-01,1.501145e+00,5.483603e-02,-6.793666e-02,-1.828726e-01,2.808254e-01,7.421955e-02,2.913819e-01,-8.563098e-02,3.545409e-01
3.757830e+00,-9.705631e-01,1.045107e+00,-2.545754e-01,1.086153e-01,-3.308324e-01,3.365884e-01,2.188566e-01,1.502920e-01,-5.535394e-01,-2.462212e-01
4.760692e+00,1.664465e-01,2.127978e+00,4.255232e-01,2.940820e-01,-3.395865e-01,1.698737e-03,2.237562e-01,-3.800969e-02,-4.426791e-01,-2.001120e-01
4.600417e+00,-2.150405e-01,1.752238e+00,2.582083e-01,2.883716e-01,-1.279584e-01,1.171352e-01,1.908261e-01,1.275005e-01,-8.803995e-02,3.982433e-01
4.757945e+00,-3.773712e-01,1.264181e+00,7.948362e-02,2.650693e-01,-4.252322e-01,-2.027391e-02,-9.646233e-02,-1.549581e-01,-1.984419e-01,2.896283e-01
4.655410e+00,-4.500377e-01,1.610064e+00,2.935258e-01,3.696792e-01,-2.520356e-01,2.007336e-01,2.861033e-01,3.692180e-01,-3.105701e-01,-1.527350e-01
4.765716e+00,-2.976393e-02,1.457723e+00,3.657234e-01,4.655900e-01,1.320938e-02,3.072982e-02,-2.178870e-01,-6.771303e-02,-1.306815e-01,1.957938e-01
4.688256e+00,-3.020023e-01,1.490181e+00,8.094587e-02,4.773619e-01,-1.523952e-01,-3.810641e-02,4.969980e-02,-2.856693e-02,-4.952248e-01,-1.910796e-01
4.709628e+00,-4.233455e-01,1.468135e+00,2.937411e-01,3.058946e-01,-2.474423e-01,-5.755264e-02,1.788072e-01,5.947171e-01,1.489158e-01,1.525272e-01
4.722737e+00,-5.599327e-01,1.123602e+00,1.348289e-01,5.182550e-01,9.031538e-02,3.516418e-01,2.830876e-02,1.823014e-01,-3.192212e-03,1.405022e-01
5.092998e+00,-1.633934e-01,1.354283e+00,5.123356e-02,1.115762e-01,-3.591877e-01,-5.622176e-02,-1.767887e-01,-1.230848e-01,-2.426712e-01,-2.393648e-01
4.532673e+00,-5.459335e-01,1.849111e+00,3.788572e-01,3.351876e-01,3.092154e-01,5.048011e-01,3.070814e-01,6.076852e-01,-3.592718e-02,-2.439603e-02
4.961152e+00,-2.973968e-01,1.519145e+00,1.423812e-01,3.381009e-01,1.131520e-01,-6.085057e-02,-1.407296e-01,3.033182e-01,-7.169851e-03,2.107632e-01
4.677579e+00,-3.472745e-01,1.373695e+00,2.317440e-02,4.358260e-01,-2.711701e-01,-2.266149e-01,1.574399e-01,-5.880574e-02,-3.058672e-01,1.154939e-01
4.729967e+00,-4.206469e-01,1.599449e+00,-1.278531e-01,-4.644491e-02,-2.129628e-01,1.373669e-01,1.470021e-01,1.930437e-01,-2.290056e-01,-2.054000e-01
4.779536e+00,5.185959e-03,1.672866e+00,1.047638e-01,5.729806e-01,6.380510e-01,5.261409e-01,2.675158e-01,5.451895e-02,-1.207684e-01,-1.838653e-01
4.477419e+00,-1.118356e-01,1.515700e+00,-8.128939e-02,-1.319068e-01,-5.737635e-01,-3.878107e-01,-1.046854e-02,2.147278e-01,-1.901298e-01,-6.796896e-02
4.325323e+00,-3.666313e-01,1.595428e+00,-7.319818e-02,-1.143768e-01,-5.463429e-01,-1.324781e-01,1.091131e-01,5.186773e-01,-1.137718e-01,-3.477462e-02
4.959147e+00,1.055869e-01,1.746685e+00,-2.674232e-01,1.055283e-01,1.919673e-01,2.913437e-01,1.417964e-01,1.818500e-01,-3.701874e-01,-3.530841e-02
4.682632e+00,-3.344051e-02,1.442355e+00,4.923152e-01,4.064311e-01,9.233467e-02,4.591634e-01,2.044989e-01,-5.590930e-02,-8.743088e-02,-2.862354e-01
4.671663e+00,-4.170794e-01,1.789504e+00,1.081731e-01,-5.815685e-02,-2.891839e-02,1.313363e-01,2.597332e-01,4.156442e-01,-8.318221e-02,-1.090440e-01
4.672466e+00,-3.651752e-02,1.578226e+00,9.403035e-02,2.861008e-01,-2.200105e-02,1.350815e-01,-2.824875e-01,2.815344e-01,1.075370e-01,-8.229443e-02
4.754141e+00,-2.062938e-01,1.671052e+00,2.779568e-01,2.083037e-01,-1.749503e-01,-7.461368e-02,-7.663264e-02,3.362185e-01,-2.169853e-02,3.423939e-01
4.729596e+00,-3.660989e-01,1.069474e+00,-9.646218e-03,1.569768e-01,-3.542595e-01,1.605343e-01,8.024544e-02,6.198734e-02,-2.464259e-01,-1.889733e-01
4.747717e+00,-9.907644e-02,1.826078e+00,4.201666e-01,7.631577e-01,1.797002e-01,-9.397035e-02,1.082994e-02,9.873161e-02,-4.551541e-01,-1.558584e-01
4.190016e+00,-8.525903e-01,1.415064e+00,1.926416e-01,3.275470e-01,-7.499232e-02,1.639999e-01,-5.297548e-02,1.748200e-01,1.701629e-01,6.017338e-02
4.260839e+00,-7.333778e-01,1.358452e+00,1.670515e-01,4.881623e-02,-3.086451e-01,-1.322133e-01,-1.663699e-01,2.143182e-01,-1.945023e-02,-6.578073e-03
4.988284e+00,2.565342e-02,1.724484e+00,2.034044e-01,4.859010e-01,-1.422002e-01,1.974914e-01,-2.204326e-01,-2.793648e-02,-2.921928e-01,7.373556e-02
4.510412e+00,-4.537346e-01,1.483157e+00,5.607909e-01,5.268988e-01,-1.660251e-01,-4.140760e-02,1.221336e-01,1.267320e-01,-2.208803e-01,3.731648e-01
4.622404e+00,-5.741694e-01,1.493481e+00,-4.957029e-02,1.336138e-01,-2.632012e-01,7.704335e-03,-2.278228e-01,-5.337540e-02,-3.435235e-01,-2.342971e-02
4.303019e+00,-4.153190e-01,1.802033e+00,6.102084e-01,5.530698e-01,1.503224e-01,1.834059e-01,6.705298e-02,4.810761e-02,-3.170814e-01,-2.484802e-01
4.572675e+00,-3.208826e-01,2.070757e+00,4.539096e-01,3.391255e-01,-1.400126e-01,1.311947e-01,-3.722247e-03,1.139544e-01,-2.044940e-01,2.664740e-01
4.867582e+00,-2.350114e-01,1.344098e+00,1.546228e-01,7.553798e-02,-2.448650e-01,-3.983352e-02,-1.498073e-01,-9.770859e-02,-3.896489e-01,-2.567585e-01
4.506263e+00,-2.448614e-01,1.396499e+00,-1.198518e-01,6.090723e-02,-1.755776e-01,3.372976e-01,3.104860e-01,3.802393e-01,-6.576949e-02,2.907994e-01
4.246374e+00,-4.345918e-01,1.566830e+00,6.693784e-02,3.144491e-01,1.223232e-01,6.043297e-01,5.895543e-01,4.332814e-01,-2.181360e-01,9.063262e-02
4.646255e+00,-3.997793e-02,1.987069e+00,1.127081e-01,5.955177e-02,-2.357714e-01,-1.715044e-01,-2.194374e-01,-2.345426e-01,-4.044525e-01,2.133413e-02
4.615621e+00,-3.818962e-01,1.640823e+00,2.230817e-01,3.373801e-01,-2.961771e-02,6.341562e-01,4.816420e-01,3.745558e-01,1.448012e-01,-1.714541e-01
4.788509e+00,-7.984543e-02,1.488556e+00,7.590298e-02,9.856865e-02,-7.271089e-02,3.356730e-01,7.639310e-02,1.004157e-01,5.524391e-02,5.042650e-02
4.821344e+00,-2.928073e-01,1.258748e+00,-1.140392e-01,6.112714e-01,-1.345818e-01,2.535044e-02,1.472990e-01,8.372239e-02,-3.504877e-01,-1.268703e-01
4.683655e+00,-5.070540e-01,1.606699e+00,-7.696648e-03,-8.000121e-03,-7.676582e-02,1.490161e-01,6.769648e-02,9.659713e-02,-4.024839e-01,-7.199971e-02
5.086375e+00,-5.545068e-02,1.744759e+00,3.768838e-01,4.319960e-01,7.906432e-02,1.995579e-01,2.088740e-01,3.488168e-01,-4.139973e-02,-2.045246e-02
4.477710e+00,-6.229210e-01,1.288650e+00,-1.792373e-01,-2.353587e-01,-4.387715e-01,-3.238198e-01,9.797942e-02,2.664121e-01,1.136099e-01,1.797543e-01
4.707854e+00,-9.324072e-01,1.138612e+00,-2.180019e-01,5.241260e-02,-1.344214e-02,8.902605e-02,1.717886e-01,2.810285e-01,-9.372819e-02,1.580235e-01
5.127711e+00,7.871665e-02,1.590388e+00,1.677989e-01,1.993309e-01,-8.947300e-02,3.372067e-01,-1.695935e-01,1.511833e-01,-1.081994e-01,-1.399318e-01
4.428122e+00,-3.040392e-01,1.171968e+00,3.027664e-01,6.082505e-01,1.389730e-01,4.947919e-01,5.406487e-01,3.964532e-01,1.877053e-03,-4.218488e-02
4.926942e+00,-3.313160e-01,1.509726e+00,-7.140180e-02,-4.349158e-02,-3.442386e-02,1.902291e-01,1.010175e-01,2.667990e-01,-2.893616e-02,2.823765e-01
4.815871e+00,-1.159261e-01,1.747931e+00,6.581973e-02,1.423253e-01,-4.572822e-02,-1.854172e-01,-9.932887e-03,2.441818e-01,1.702832e-01,1.332240e-01
4.961752e+00,-4.528193e-02,1.252905e+00,-3.867054e-02,1.485334e-01,-3.721037e-01,2.107693e-01,3.349069e-01,1.171722e-01,1.845082e-01,-1.897185e-01
4.626747e+00,-4.694321e-01,1.220095e+00,-2.604888e-02,4.069981e-01,1.416471e-01,2.728833e-01,4.088074e-02,3.090196e-01,-4.129342e-01,-3.630904e-01
4.926329e+00,4.730650e-01,1.936210e+00,-1.026379e-01,1.924978e-01,-1.215660e-01,5.259243e-03,2.694868e-02,3.821508e-01,7.187120e-02,2.541384e-02
4.172278e+00,-5.315759e-01,1.387778e+00,2.431958e-02,4.257654e-02,-3.728423e-01,9.942456e-02,5.248767e-01,5.972668e-01,1.300364e-01,6.783620e-03
4.930484e+00,-3.020339e-01,1.170331e+00,-2.807151e-01,-1.890362e-02,-2.487504e-01,1.221600e-02,-1.469173e-01,1.246185e-02,-2.496876e-01,7.542479e-02
5.076192e+00,2.852310e-02,1.810330e+00,9.511316e-02,2.547435e-01,-9.677528e-02,-7.207627e-02,1.367357e-01,4.525253e-01,-3.396645e-02,-1.498916e-01
4.561960e+00,-3.293444e-01,1.716969e+00,2.048861e-01,2.229673e-01,3.313447e-02,3.369417e-01,9.440520e-02,8.087861e-02,-1.612541e-01,1.052366e-02
4.455184e+00,-5.767518e-01,1.098026e+00,-9.411817e-03,-8.898088e-02,-3.502090e-01,-6.328208e-02,-2.952238e-01,1.835677e-01,-2.103366e-01,-2.692982e-01
4.489252e+00,-3.990554e-02,1.975399e+00,7.139640e-02,2.102868e-01,-1.417894e-01,-3.982323e-02,4.189805e-02,5.129548e-01,3.194777e-01,3.315812e-01
4.842365e+00,-2.574460e-01,1.459880e+00,3.336030e-01,3.311920e-01,-1.654007e-01,2.244033e-01,4.045773e-01,2.669898e-01,-9.312506e-02,6.826267e-02
4.802376e+00,-3.290010e-01,1.523409e+00,7.155984e-02,1.188828e-01,-1.147322e-01,-7.954021e-02,-2.684064e-01,-3.114449e-01,-3.871737e-01,-6.769291e-02
4.535334e+00,-4.019287e-01,1.196292e+00,-6.299329e-02,3.608058e-01,-2.038064e-01,1.522465e-01,1.711537e-01,4.171348e-01,1.375880e-01,-6.635673e-02
4.228438e+00,-2.975297e-01,1.773147e+00,3.381148e-01,2.261442e-01,-9.200042e-02,3.184267e-01,5.510307e-01,6.616986e-01,6.997644e-02,2.438283e-01
4.806770e+00,-1.367751e-01,1.857471e+00,8.982056e-02,-1.998215e-03,-2.015569e-01,-5.777714e-02,-3.166670e-01,-2.713198e-02,-2.252503e-01,-7.265156e-02
4.759236e+00,-2.101849e-01,1.638446e+00,2.659724e-01,2.381240e-01,6.260107e-02,3.479510e-01,1.973059e-01,2.434333e-02,-4.419797e-02,2.175463e-01
4.671420e+00,-2.868554e-01,1.805479e+00,3.088483e-01,2.292380e-01,-2.775488e-01,1.450072e-01,1.458242e-01,3.825701e-01,-2.983278e-01,1.687867e-02
4.602302e+00,-2.349186e-01,1.425977e+00,-5.212992e-03,8.266759e-02,1.124822e-01,1.756868e-01,2.697960e-01,-3.467006e-02,-6.569016e-01,-1.273239e-01
4.674017e+00,-2.498762e-01,1.854442e+00,1.175675e-01,9.064206e-02,-3.523256e-01,8.284771e-02,-1.552583e-01,7.226860e-02,-9.593024e-02,1.711866e-01
4.963479e+00,6.656035e-02,1.921031e+00,5.026344e-01,3.272961e-01,-1.249657e-01,6.727180e-02,4.094985e-01,1.746492e-01,-2.899089e-01,-6.040491e-03
4.034688e+00,-7.906801e-01,1.045951e+00,-4.546610e-01,-1.788346e-01,-4.816827e-01,9.380461e-03,2.146268e-01,3.346664e-01,-2.093454e-01,9.382674e-02
4.078437e+00,-8.285727e-01,1.122190e+00,-1.118679e-01,2.224375e-01,4.018853e-02,6.990176e-01,4.961399e-01,2.094700e-01,-1.272286e-01,2.272934e-01
4.971012e+00,-7.269977e-02,1.960869e+00,5.410055e-01,2.175044e-01,-1.592917e-01,-7.832013e-02,7.908464e-03,-1.178914e-01,-1.396828e-01,-7.802010e-02
4.718831e+00,-4.705353e-01,1.342194e+00,-9.391171e-02,3.643104e-01,5.940545e-02,2.458656e-01,3.942501e-01,4.320928e-01,1.534102e-01,1.879454e-01
4.793504e+00,-1.358997e-01,1.402643e+00,5.551354e-02,1.751096e-01,-3.636254e-01,3.774238e-02,2.184186e-01,4.334868e-01,3.125495e-02,4.847429e-02
5.009125e+00,-1.565453e-01,1.489378e+00,2.306767e-01,1.855194e-01,-1.030708e-01,3.458511e-01,-1.231090e-01,4.647847e-02,9.073801e-02,1.302892e-01
4.709107e+00,-2.385689e-01,1.134796e+00,-2.204138e-02,2.165674e-01,6.734201e-03,4.346467e-02,2.770715e-01,3.528665e-01,-2.092091e-01,-1.359948e-01
4.822811e+00,-2.445617e-01,1.550942e+00,2.700418e-01,3.796277e-01,-1.059008e-01,1.279827e-01,6.339288e-02,4.247938e-01,-1.955887e-01,-1.861868e-01
5.185522e+00,-1.706051e-01,1.366765e+00,-2.110617e-02,3.252505e-01,-2.028384e-01,-2.374482e-01,1.159414e-01,4.728110e-01,1.212375e-01,1.917283e-01
4.414051e+00,-5.346742e-01,9.115425e-01,-2.235089e-01,1.013541e-01,-1.087731e-01,4.204089e-01,3.435402e-01,5.255508e-01,5.359366e-01,4.270723e-01
4.901655e+00,-1.644754e-01,1.610815e+00,-3.274682e-01,-4.304831e-02,-4.960408e-01,-2.472097e-01,1.761022e-01,3.573265e-01,-4.016205e-01,-2.731348e-01
4.855114e+00,-1.254635e-01,1.317227e+00,2.476013e-02,4.849566e-01,2.632936e-01,4.308246e-01,1.474104e-01,3.563031e-01,-8.585932e-02,-3.838633e-03
4.713660e+00,-2.295139e-01,1.670968e+00,-7.478083e-02,1.005171e-01,-4.958237e-01,1.068013e-01,4.984965e-01,4.404207e-01,-4.070665e-04,-1.992390e-01
4.309183e+00,-4.512490e-01,1.628694e+00,-3.480466e-01,-4.005293e-01,-5.285697e-01,-1.791000e-01,8.546176e-02,1.710094e-01,-5.114357e-02,-1.408216e-01
4.993553e+00,-1.399222e-01,1.275063e+00,-3.605612e-01,2.592456e-01,-1.050714e-01,1.918760e-01,3.101710e-01,3.039446e-01,-6.006911e-02,2.756394e-01
4.924317e+00,-6.471791e-02,1.616716e+00,1.370816e-01,1.021864e-01,6.259849e-03,3.813266e-01,6.559506e-01,3.759705e-01,-3.383919e-01,-1.393432e-01
4.673753e+00,-1.673017e-01,1.763647e+00,-7.236344e-02,-3.629773e-01,-5.912449e-01,1.878433e-01,7.884994e-02,2.515534e-01,-3.910434e-01,-4.359492e-01
4.509990e+00,-2.675195e-01,1.463930e+00,-3.735932e-01,-5.537019e-02,-1.327740e-02,1.934003e-01,8.809798e-02,4.319721e-01,-7.005284e-02,2.565110e-01
5.029270e+00,-1.591345e-01,1.453180e+00,3.062193e-01,2.768044e-01,-2.334070e-01,2.193206e-01,2.035008e-01,3.637973e-01,1.873220e-01,1.522354e-01
4.843905e+00,-2.460237e-01,1.481882e+00,3.596963e-02,-1.244441e-01,-2.394735e-01,7.188135e-02,1.043222e-01,3.000627e-01,-1.593832e-01,-2.877466e-01
4.958113e+00,-1.249987e-01,1.393341e+00,3.030612e-01,5.169680e-01,3.703852e-02,3.223870e-01,-9.628514e-02,9.970073e-02,-1.068253e-01,2.389875e-02
4.597094e+00,-3.176113e-01,1.733614e+00,1.428859e-01,2.314314e-01,-1.052215e-01,5.185973e-02,-4.214349e-02,1.298040e-01,6.093605e-05,2.773192e-01
4.670328e+00,-3.726399e-01,1.429007e+00,2.095274e-02,6.874921e-03,-2.586699e-01,-7.009774e-02,9.940232e-02,6.087490e-01,5.560018e-02,-2.284241e-01
4.944192e+00,-3.225306e-01,1.550200e+00,-4.983154e-02,1.425556e-01,-8.310059e-02,-1.454932e-02,5.423610e-02,1.840516e-01,6.073905e-02,8.889777e-02
5.059373e+00,-2.441583e-01,1.701870e+00,4.837132e-01,6.823298e-01,4.884882e-02,-1.107384e-01,-7.158841e-02,8.767784e-02,-1.817307e-01,1.133130e-02
3.929819e+00,-7.683172e-01,1.213521e+00,-2.749480e-01,1.063188e-01,-1.375059e-02,1.458758e-01,-3.226874e-04,1.146469e-01,-1.529267e-01,1.470485e-02
4.412213e+00,-5.995248e-01,1.370065e+00,2.242693e-01,1.376225e-01,-5.482379e-02,-2.417453e-02,3.773706e-01,5.141161e-01,2.228781e-01,8.925770e-02
5.009086e+00,-2.459504e-01,2.007561e+00,4.852117e-01,3.799211e-01,-3.025568e-01,-1.620683e-01,-3.560246e-01,1.693975e-02,-8.660116e-02,3.592980e-01
4.530430e+00,-4.047759e-01,1.436601e+00,1.023818e-01,7.656445e-02,7.587277e-02,-2.180509e-02,2.140951e-01,4.171595e-01,-2.190874e-01,2.826347e-02
4.759058e+00,-2.364179e-01,1.567486e+00,3.525249e-01,1.262624e-01,-3.984424e-01,3.272654e-01,4.600729e-02,7.186166e-02,7.903859e-02,1.203455e-01
4.687444e+00,-5.873339e-01,1.525468e+00,5.570131e-01,5.510413e-01,4.205999e-01,4.978683e-01,9.250719e-02,-1.100411e-01,-4.781215e-01,-4.418578e-01
4.584518e+00,-7.322437e-02,1.794157e+00,1.241130e-01,1.097670e-01,-3.257524e-01,2.335980e-02,1.575262e-01,3.774005e-01,-3.605485e-01,-1.265156e-01
4.732912e+00,1.801909e-01,1.963146e+00,1.567189e-01,-1.145233e-01,-4.283485e-01,4.976116e-02,3.174134e-01,2.231457e-01,-3.858241e-01,-1.465820e-01
4.883903e+00,-1.174146e-01,1.285435e+00,3.610611e-02,3.978763e-02,-5.280901e-01,4.162391e-01,2.499681e-01,1.618851e-01,3.606500e-02,9.848646e-02
4.444751e+00,-5.287685e-01,1.505122e+00,-2.999482e-01,1.923118e-01,1.009645e-01,3.807946e-01,3.817937e-01,6.188207e-01,-4.233666e-02,-5.964411e-03
4.945709e+00,-1.445161e-01,1.550481e+00,1.230922e-01,2.463140e-02,-4.359125e-01,3.064981e-02,1.209024e-01,-1.931038e-01,-4.083265e-01,-4.160930e-01
4.631858e+00,-4.943370e-01,1.495110e+00,2.732354e-01,3.934278e-01,3.280684e-01,5.279008e-01,5.164292e-01,4.430434e-01,7.612810e-02,2.962433e-01
4.813273e+00,-2.149027e-01,1.403044e+00,2.125450e-02,-5.790846e-02,-3.618703e-01,8.850934e-02,1.829119e-01,3.492944e-01,1.929022e-01,1.099660e-01
4.448652e+00,-6.399820e-01,1.490868e+00,-4.013316e-01,-1.647063e-01,-4.632431e-01,-2.611436e-02,4.989025e-02,3.621717e-01,-5.004477e-01,-1.772021e-01
4.977526e+00,-3.568104e-01,1.349412e+00,-1.114350e-01,2.673963e-01,-1.113169e-01,2.745051e-02,2.654329e-01,3.529203e-01,-3.349085e-03,1.286733e-01
4.892314e+00,-1.801662e-01,1.504295e+00,1.748885e-01,5.415798e-01,3.373057e-01,4.464815e-01,2.898425e-01,4.267599e-01,-5.877002e-02,-9.446071e-02
4.767051e+00,-3.293732e-01,1.133452e+00,-2.783209e-01,-1.487659e-01,-4.796585e-01,-3.397365e-02,2.102591e-01,1.592074e-01,-1.170162e-02,-9.887167e-03
4.661187e+00,-5.418722e-01,1.418540e+00,-3.394397e-02,1.791212e-01,-1.523950e-01,-1.324389e-01,3.859435e-01,4.271551e-01,9.808817e-02,2.315996e-01
5.049646e+00,9.649842e-02,1.587114e+00,-1.796839e-02,3.407577e-01,-3.787556e-02,4.784634e-02,-5.915882e-02,2.672393e-01,3.669927e-02,2.627516e-01
4.603092e+00,-3.907531e-01,1.165453e+00,-1.966662e-01,6.641478e-02,4.900936e-02,3.642429e-01,2.450130e-01,1.411886e-01,-2.390246e-01,-3.330983e-01
4.982726e+00,1.528335e-01,1.814572e+00,1.611089e-02,1.398391e-01,-2.096633e-01,-4.221309e-02,1.255817e-01,5.286639e-01,1.233938e-01,-6.843101e-02
4.879530e+00,-1.247469e-02,1.505476e+00,2.048147e-01,6.588160e-02,-3.686253e-01,6.406183e-03,1.524702e-01,3.406767e-01,2.717935e-01,-6.357831e-02
4.682979e+00,-3.442098e-01,1.092359e+00,-2.333009e-01,-7.466549e-02,-2.399005e-01,3.131457e-01,2.641523e-02,1.746073e-01,2.283059e-03,1.219458e-01
4.889930e+00,1.442283e-01,1.673120e+00,-7.598432e-02,2.359149e-02,-1.327956e-01,3.495918e-01,3.876443e-01,4.575922e-01,-3.663203e-01,-2.552811e-01
5.009455e+00,6.445667e-02,1.813791e+00,1.416137e-01,1.848553e-01,-1.402966e-01,7.212794e-02,9.863563e-02,3.377513e-01,-3.173288e-01,-1.212490e-01
4.441184e+00,-6.895514e-01,1.031256e+00,-3.292043e-01,-3.026799e-02,-2.089379e-01,1.874220e-02,1.154880e-01,3.034748e-01,-4.529116e-02,6.378956e-03
4.652623e+00,-1.683241e-01,1.786149e+00,2.708726e-01,-6.908432e-02,-4.997139e-01,-9.939890e-02,1.392033e-01,5.778821e-01,2.811563e-01,2.537380e-01
5.075043e+00,5.711836e-02,1.925884e+00,1.317042e-01,-4.028710e-02,-3.137834e-01,4.168025e-02,1.932774e-01,3.507934e-01,-1.297597e-01,9.250153e-02
4.702183e+00,-6.414652e-01,1.305496e+00,1.386064e-01,3.753515e-01,2.916410e-02,1.642936e-02,-6.745335e-02,-5.280738e-02,-1.783452e-01,-7.818761e-02
4.320217e+00,-3.481468e-01,1.523679e+00,2.570072e-01,3.786816e-01,-2.271868e-01,-6.893666e-02,1.310191e-01,3.474060e-01,-1.936285e-01,-1.091152e-02
4.754679e+00,-2.824631e-01,1.852945e+00,3.354022e-01,8.347605e-03,-4.410895e-01,1.411614e-01,3.474225e-01,5.629555e-01,-5.645770e-02,-1.459285e-02
4.996270e+00,-1.144204e-01,1.491441e+00,-1.001894e-01,2.245633e-01,1.633105e-02,-1.223664e-01,-1.289830e-01,-2.343245e-02,3.502752e-02,3.539248e-01
4.960607e+00,-2.105371e-01,1.537578e+00,4.938295e-01,3.651578e-01,-4.579516e-01,-1.840660e-01,-4.825942e-02,1.117713e-01,9.119122e-02,-1.353531e-01
4.587731e+00,-4.108607e-01,1.584989e+00,1.978619e-01,1.847778e-01,-2.037597e-01,1.020887e-01,-6.916221e-03,3.326555e-01,-2.936861e-02,-7.385048e-03
4.415506e+00,-5.949717e-01,1.318659e+00,1.857036e-01,4.464513e-01,4.898475e-01,5.014289e-01,1.022337e-01,3.088826e-01,-1.441310e-01,-1.597429e-01
4.798245e+00,-1.550270e-01,1.641219e+00,9.950374e-02,1.022246e-01,-2.648599e-01,-6.351509e-02,-5.127420e-01,-9.666671e-02,-1.820769e-01,1.061383e-01
4.810292e+00,-1.262697e-01,1.725037e+00,6.366460e-01,4.734013e-01,-3.717415e-01,-2.035868e-02,2.171313e-01,3.911405e-01,8.137002e-02,6.229188e-02
4.849911e+00,-3.877385e-01,1.499544e+00,-2.305032e-01,1.538105e-01,-7.621863e-03,1.098378e-01,-3.159975e-02,1.762961e-01,7.820672e-02,7.003422e-02
4.383919e+00,-6.867113e-01,1.123257e+00,-2.370342e-01,-8.096848e-02,-2.097805e-01,1.187404e-01,-8.305418e-03,-3.276235e-01,-5.506804e-01,-2.539351e-01
4.655300e+00,7.587327e-02,2.172322e+00,3.240694e-01,-3.025205e-02,-4.594054e-01,1.104992e-01,2.939110e-01,2.686245e-01,-3.469538e-01,-1.659213e-01
4.723484e+00,-1.726257e-01,2.093834e+00,1.707802e-01,5.655138e-01,2.326686e-01,3.778694e-01,2.294428e-01,3.393931e-01,-3.231403e-01,-1.287407e-01
4.539638e+00,-5.090128e-01,1.111887e+00,-3.210256e-01,-6.352763e-02,-4.094563e-01,4.448713e-02,2.982955e-01,1.955283e-01,-1.687206e-01,1.767806e-01
4.304415e+00,-1.671049e-01,1.882256e+00,8.715602e-02,1.297359e-01,-4.457240e-01,3.158581e-01,4.755898e-01,3.804150e-01,-2.681218e-02,-1.086734e-01
5.197874e+00,1.674662e-01,1.630509e+00,-2.627578e-02,2.654611e-01,1.500052e-01,1.483984e-01,1.155115e-01,-1.135787e-01,-2.080357e-01,-2.088532e-01
4.333420e+00,-1.016298e+00,1.104599e+00,2.378348e-02,3.404703e-01,1.935815e-02,1.939430e-01,2.443089e-01,3.980023e-01,5.960751e-02,3.380523e-01
4.976894e+00,5.464393e-02,1.540876e+00,3.078668e-01,3.087250e-01,-4.844509e-01,-9.293394e-02,2.197608e-01,6.246890e-01,1.209754e-02,1.121896e-01
4.899601e+00,-1.278112e-01,1.619409e+00,4.364605e-02,9.891437e-02,1.596154e-01,9.048260e-02,-1.185431e-01,2.432856e-01,1.738858e-01,1.647139e-01
4.614987e+00,-7.780624e-01,7.814507e-01,-2.329627e-01,9.002277e-02,-8.075903e-02,5.488342e-02,2.697555e-02,1.684711e-01,1.016328e-01,3.076690e-01
4.808850e+00,-4.831428e-01,1.393140e+00,2.177755e-01,7.894036e-01,3.070532e-01,2.145249e-01,2.194811e-01,5.552814e-01,-1.196053e-01,-4.333010e-01
5.188749e+00,4.041297e-02,1.339704e+00,-2.092674e-01,3.384538e-01,-2.127238e-01,-5.999280e-03,-4.689277e-02,4.622723e-01,7.958905e-02,6.950258e-02
4.415950e+00,-6.685092e-01,9.924471e-01,-1.393200e-01,1.173254e-01,-4.437267e-01,-3.430503e-01,-1.656266e-02,2.320413e-01,1.157956e-01,4.137784e-01
4.899049e+00,-1.888262e-01,1.510771e+00,-1.124029e-01,2.872609e-01,-6.599575e-03,-1.975616e-01,-1.021979e-01,3.101865e-01,1.806794e-01,2.204278e-01
5.208265e+00,-2.854373e-01,1.239330e+00,1.143191e-01,4.163322e-01,-3.545846e-02,3.200045e-01,1.948451e-01,3.575667e-01,8.108595e-02,-1.728817e-01
4.817068e+00,-3.792219e-01,1.513672e+00,-1.029185e-01,1.267908e-01,-2.791559e-01,-3.359815e-02,-1.216390e-01,-1.340719e-02,-4.312828e-02,2.348023e-02
4.558205e+00,-5.538522e-01,1.120171e+00,-7.432430e-02,2.313608e-01,-2.357940e-01,-8.558949e-02,2.221543e-01,1.853594e-01,-5.872689e-02,1.249942e-01
4.866060e+00,-1.391866e-01,1.800854e+00,-6.077808e-02,-7.350708e-02,-2.163005e-01,1.198063e-01,2.342543e-01,5.811092e-01,4.584377e-02,1.832746e-01
5.158359e+00,-6.529060e-02,1.336832e+00,2.840160e-01,8.440280e-02,-4.849937e-01,3.561043e-02,2.459898e-01,4.105542e-01,-1.671169e-01,-2.739375e-01
4.806466e+00,-1.562226e-01,1.647060e+00,-1.923518e-01,2.086429e-01,1.803026e-01,2.754170e-01,-2.537351e-01,8.269860e-02,-3.927550e-01,3.682174e-02
4.678975e+00,-2.294408e-01,1.606152e+00,9.993156e-02,-1.118041e-01,-1.929122e-01,2.951865e-01,1.852503e-01,2.537824e-01,-1.251119e-01,-1.325200e-01
4.745876e+00,-1.485136e-01,1.741949e+00,3.582906e-02,-4.837383e-02,4.234651e-02,1.284987e-01,5.801899e-01,4.664400e-01,-6.660623e-03,-6.381859e-02
4.983072e+00,-2.793319e-01,1.102936e+00,7.605449e-02,1.527873e-01,-3.976059e-01,-1.856175e-01,-3.561454e-02,-3.561755e-02,-9.727744e-02,-3.191689e-02
4.912133e+00,-5.104349e-02,1.854142e+00,2.920367e-02,3.600729e-01,5.898599e-02,1.842902e-01,-4.147070e-02,1.641653e-01,-1.813580e-01,1.249052e-01
4.345632e+00,-4.852790e-01,1.590900e+00,1.193378e-01,6.039518e-02,9.159079e-03,2.304943e-01,1.312379e-01,3.141508e-01,-6.505436e-02,-1.103716e-01
4.202352e+00,-8.793980e-01,9.805926e-01,-3.206254e-01,-1.484430e-01,-3.926650e-01,-2.751390e-01,-4.070490e-01,-1.164075e-01,-2.310523e-01,-4.012126e-01
5.177721e+00,-3.544521e-01,1.596874e+00,4.423468e-01,5.117317e-01,-2.743003e-01,-1.671624e-01,-8.551715e-02,1.879001e-02,1.109020e-01,1.282045e-01
4.809834e+00,-5.988810e-02,1.850976e+00,1.925856e-01,5.151933e-01,-9.271768e-02,6.256510e-02,2.292319e-01,2.022184e-01,-1.215952e-01,-1.313602e-01
4.455935e+00,-7.791998e-01,1.424884e+00,2.457686e-01,3.143195e-01,-2.621640e-01,-1.065822e-01,-1.364476e-01,7.040745e-02,-1.144204e-01,2.817967e-01
4.684384e+00,-6.472656e-01,1.480018e+00,2.420008e-01,3.900759e-01,2.434218e-01,2.677897e-01,-1.398364e-01,1.669790e-01,-1.504796e-01,1.006476e-01
5.035472e+00,-1.865774e-01,1.899564e+00,3.016806e-01,3.129391e-01,-1.375201e-01,-1.796976e-01,-1.299843e-01,3.550438e-01,-2.291109e-01,-1.016255e-01
4.187735e+00,-4.672527e-01,1.604134e+00,4.693475e-01,7.951520e-02,-3.753662e-01,4.178847e-02,-1.997710e-01,7.854434e-02,2.306312e-01,-1.742379e-01
4.978853e+00,-4.663380e-01,1.449001e+00,2.686786e-01,5.488633e-01,-9.888983e-03,7.664685e-02,1.510625e-01,8.800135e-02,-3.075132e-02,2.573623e-01
4.555172e+00,-1.694981e-01,1.843038e+00,2.017322e-01,3.305823e-01,-1.757112e-02,3.178826e-01,1.833964e-01,2.957895e-01,-2.392506e-01,-3.009744e-01
4.291177e+00,-4.493746e-01,1.606453e+00,1.273646e-01,9.398516e-02,-4.610869e-01,-3.335844e-01,2.050973e-02,1.248492e-01,-4.253293e-01,-1.923798e-01
4.863468e+00,-4.688664e-02,1.533391e+00,2.136742e-01,4.524088e-01,1.470331e-01,5.081808e-01,-7.800372e-03,-8.188950e-02,-6.766149e-02,-5.511902e-02
4.610276e+00,7.051413e-02,1.711637e+00,-1.622307e-01,-1.977680e-01,-2.868663e-01,-5.638902e-02,3.677893e-01,6.415046e-01,2.337913e-01,-4.245054e-02
4.457686e+00,-3.003875e-01,1.474893e+00,4.308678e-02,-3.176900e-02,-6.745558e-01,3.514332e-02,2.929857e-01,2.139040e-01,-1.616600e-01,-6.555414e-02
4.782792e+00,-2.317712e-01,1.514621e+00,-8.848167e-02,4.025215e-01,1.854220e-01,5.732772e-02,1.171996e-02,1.091540e-03,-2.913138e-01,-1.006571e-01
4.365132e+00,-2.606036e-01,1.501598e+00,1.125715e-01,5.751720e-01,4.680961e-01,7.731205e-01,4.820966e-01,5.972028e-01,-1.034279e-02,-1.347710e-01
4.882700e+00,-3.533803e-01,1.430120e+00,-4.458512e-03,-1.328564e-01,-4.843235e-01,-2.526465e-01,-3.516685e-02,1.277796e-01,-1.720647e-01,-1.407671e-01
4.521740e+00,-6.564710e-01,9.416976e-01,-3.484385e-01,2.006886e-01,-1.602096e-01,-2.187294e-01,4.650104e-03,3.659717e-01,-2.380846e-01,2.438959e-01
4.904403e+00,-3.247918e-01,1.276615e+00,2.174291e-02,1.543201e-01,-2.136037e-02,2.269082e-01,-1.695739e-02,4.538377e-01,5.772061e-01,3.462471e-01
5.104525e+00,-1.165066e-01,1.205895e+00,1.541291e-01,5.801430e-01,-1.103506e-01,1.380254e-01,2.453962e-01,8.095396e-02,-3.756812e-01,-1.015487e-01
4.772378e+00,-4.012682e-01,1.364575e+00,-5.955302e-02,4.800062e-01,-1.218460e-01,-3.529381e-02,-1.095376e-01,2.449776e-01,3.038065e-02,4.003495e-02
4.613438e+00,-3.500046e-01,1.527627e+00,-1.072459e-01,3.844554e-01,8.950060e-02,-4.030280e-02,8.289410e-02,4.103638e-01,7.326118e-02,1.252209e-01
4.985478e+00,-2.302662e-01,1.368683e+00,2.842296e-01,4.296446e-01,-3.847570e-01,3.171623e-01,6.165662e-02,2.694257e-01,2.443977e-01,1.356157e-01
4.680647e+00,-3.682035e-01,1.140652e+00,-2.560689e-01,2.777526e-01,-1.012087e-01,-2.062655e-01,4.007564e-03,1.571216e-01,-2.010595e-01,-6.068836e-02
5.273398e+00,-1.802806e-01,1.584513e+00,2.881849e-01,4.624315e-01,1.348205e-01,5.088031e-02,-9.076300e-02,4.147458e-02,-6.450639e-02,-2.414657e-02
4.682933e+00,-5.241902e-01,1.257070e+00,-9.632564e-02,2.815637e-01,-4.744852e-02,2.279107e-01,2.918731e-01,2.636898e-01,4.038413e-02,1.657091e-01
4.178386e+00,-6.840346e-01,1.289985e+00,3.318136e-02,-1.139779e-01,-6.797692e-01,-1.785553e-01,-1.483018e-01,2.976827e-01,-5.364547e-02,9.333455e-02
5.017830e+00,3.946247e-02,1.735885e+00,2.266222e-01,3.046946e-01,8.318093e-02,-8.721147e-02,-2.595476e-02,1.630066e-01,-2.558477e-01,2.870353e-01
4.985077e+00,-1.951229e-01,1.419428e+00,2.159660e-01,4.851520e-01,-2.451694e-02,2.352743e-01,1.323789e-01,1.043672e-01,-5.215287e-01,-1.661964e-01
4.374075e+00,-3.194146e-01,1.663206e+00,7.783017e-02,-8.200286e-02,-2.800385e-01,-8.879848e-02,2.682882e-02,1.687665e-01,-5.575257e-02,-2.132877e-02
4.858880e+00,-4.228640e-01,1.699843e+00,1.134431e-01,1.381311e-01,-7.342030e-02,4.162060e-01,2.576557e-01,2.842016e-01,-2.355167e-01,1.063780e-01
5.019060e+00,-6.621490e-02,1.790199e+00,2.534611e-01,3.254579e-01,-1.683610e-01,-1.372186e-01,7.681482e-02,-7.143400e-02,-2.535342e-01,4.684626e-01
4.372542e+00,-3.981347e-01,1.510866e+00,3.058795e-01,2.609418e-01,-5.564956e-01,-8.976877e-02,-9.195790e-02,-1.295745e-01,-2.004798e-01,-3.035425e-01
4.521171e+00,-4.585573e-01,1.562231e+00,2.785651e-01,5.466084e-01,2.074971e-01,3.206801e-01,2.284272e-02,1.800046e-01,-1.413383e-01,-1.116209e-02
4.813606e+00,-4.100119e-01,1.520628e+00,1.987007e-01,4.337761e-01,3.935488e-02,9.654711e-02,1.081921e-01,1.566999e-01,-5.476498e-02,2.297780e-02
4.834856e+00,-4.521052e-01,1.501295e+00,1.785446e-01,9.575690e-02,-3.905663e-01,-3.702823e-01,-4.272363e-01,7.928538e-03,-2.607045e-01,-1.276741e-02
4.637475e+00,-2.159026e-01,1.716231e+00,6.050933e-01,6.122154e-01,-1.760240e-01,4.347829e-02,-2.591736e-02,3.057851e-01,7.746743e-02,-1.579901e-01
4.579711e+00,-5.817664e-01,1.330714e+00,2.463136e-01,5.516795e-01,3.074122e-02,-2.176089e-02,-2.372798e-01,2.072477e-01,-1.189265e-01,1.811243e-01
4.264440e+00,-3.521199e-01,1.419670e+00,2.960077e-01,4.500362e-01,1.399022e-01,-2.062188e-02,-2.010679e-01,-9.432381e-02,-3.245352e-01,-5.847467e-02
4.851643e+00,-3.855953e-01,1.621422e+00,3.866706e-01,4.186412e-01,-5.198617e-02,-3.254964e-02,-9.066725e-02,1.278357e-01,-1.959710e-01,-1.479536e-01
4.647755e+00,-4.637672e-01,1.808621e+00,5.564072e-01,9.281295e-01,2.084244e-01,-3.711148e-02,-1.818164e-01,1.189226e-02,3.022700e-02,1.439604e-01
4.648052e+00,-5.814120e-01,1.392354e+00,1.166429e-01,5.647626e-02,-4.272115e-01,-2.904590e-01,-3.460253e-01,-1.343925e-01,-2.348280e-01,3.971580e-02
3.972559e+00,-6.716856e-01,1.379601e+00,-1.240082e-01,2.145888e-01,-2.564213e-01,-1.063688e-01,3.892215e-02,-3.777918e-02,-1.256212e-01,1.409110e-01
4.937160e+00,-3.867674e-01,1.638611e+00,9.643116e-02,4.891011e-01,9.513980e-02,8.838020e-02,1.771249e-02,4.982918e-02,-1.264755e-01,-2.558433e-02
4.384857e+00,-4.301570e-01,1.683166e+00,5.579572e-01,1.054130e+00,3.810763e-01,4.871403e-01,4.968996e-02,-1.078259e-01,-5.112190e-01,-2.960084e-01
4.378445e+00,-1.656106e-01,1.719829e+00,2.650387e-01,1.020649e-01,-3.395414e-01,-3.169492e-01,2.313553e-01,5.816304e-01,1.462799e-01,2.626385e-01
4.885611e+00,-1.870230e-01,1.491773e+00,2.302166e-01,3.141337e-01,-2.159696e-01,3.428423e-01,5.752606e-02,1.291301e-01,-2.027720e-01,2.319248e-02
5.025398e+00,-1.926126e-01,1.457711e+00,1.284641e-01,3.721590e-01,1.955547e-02,1.381615e-01,3.306795e-02,5.720722e-02,-2.950522e-01,1.056418e-01
4.378673e+00,-6.565190e-01,1.365487e+00,9.053740e-02,3.256305e-01,-2.065353e-01,1.376242e-01,1.436313e-01,4.309495e-01,-2.538738e-01,-1.483666e-01
5.067349e+00,1.591319e-01,1.635891e+00,1.560400e-01,5.842032e-01,-1.709407e-02,1.233183e-01,-2.884698e-01,1.744501e-01,-1.682864e-01,-5.427796e-02
4.678952e+00,-4.573023e-01,1.029758e+00,2.623306e-01,5.309306e-01,9.503521e-02,1.483526e-01,2.253435e-01,1.529856e-01,1.528058e-01,2.492867e-01
3.931305e+00,-6.380365e-01,1.487937e+00,4.546450e-02,1.573212e-02,-3.714441e-01,-6.389338e-01,-1.560713e-01,5.367052e-01,3.910724e-01,2.342544e-01
5.105207e+00,-2.885881e-01,1.550350e+00,1.869076e-01,7.386641e-01,1.426535e-01,1.445448e-01,4.087770e-02,1.454304e-01,-2.808153e-01,-3.037209e-01
4.916708e+00,-2.153014e-01,1.209852e+00,7.513277e-02,7.107819e-01,-1.120287e-01,-7.055464e-02,-2.011957e-01,-3.265604e-02,1.061016e-01,3.676106e-01
4.471596e+00,-4.373975e-01,1.313748e+00,-1.022657e-01,2.664799e-01,-2.131225e-01,-4.143189e-01,-2.830855e-02,2.324436e-01,-1.401841e-02,3.759603e-02
4.788438e+00,-3.084933e-01,1.574429e+00,1.352731e-01,6.547497e-01,9.857600e-03,8.424789e-02,5.844417e-02,4.235022e-01,1.560398e-01,9.060446e-02
4.887157e+00,-4.668407e-01,1.267011e+00,3.614164e-01,6.608043e-01,6.184055e-02,3.293893e-02,4.457918e-02,1.603365e-01,-1.302118e-01,1.541056e-01
4.869563e+00,-6.326786e-01,1.437595e+00,7.162537e-02,2.552598e-01,-2.607848e-01,-1.574188e-01,-4.795746e-01,-6.437076e-02,-3.956670e-01,-2.982827e-01
4.352977e+00,-7.349502e-01,1.281223e+00,9.409121e-02,2.850183e-01,2.768409e-01,2.351650e-01,1.945559e-01,5.064735e-01,7.637964e-02,2.324412e-01
4.839750e+00,-3.373102e-01,1.196496e+00,4.493777e-01,5.251331e-01,-2.450442e-01,1.707128e-02,3.999118e-02,5.261891e-01,8.786550e-02,2.877185e-01
4.777579e+00,-1.685166e-01,1.537313e+00,3.364713e-01,1.373716e-01,-4.672230e-01,-3.355695e-01,-5.540034e-01,-7.625514e-02,1.808766e-03,8.282255e-02
3.758278e+00,5.835246e-01,9.519737e-01,5.065182e-01,3.227255e-01,8.798133e-02,2.151872e-01,5.147135e-01,2.941351e-01,-3.539818e-01,-4.597434e-01
