2.449213e+00,-4.171543e-01,-2.959730e-02,-8.415906e-01,1.519717e-01,9.785422e-02,-1.525456e-01,3.499627e-01,3.633693e-01,1.866999e-01,2.983551e-01
3.033297e+00,3.967432e-02,8.834244e-01,-6.097849e-01,4.777733e-01,9.217583e-02,-3.405258e-01,-6.043395e-02,2.825347e-01,1.416485e-01,-2.140549e-01
3.817713e+00,-2.150549e-01,6.052380e-01,-4.473641e-01,5.505740e-01,-2.468857e-01,-3.426745e-01,-1.604756e-02,2.222869e-01,3.162613e-02,-3.245942e-01
3.113001e+00,-7.783530e-01,5.862191e-01,-3.203672e-01,2.621865e-01,-1.819712e-01,-3.052984e-01,-6.803886e-02,1.451453e-01,1.583461e-01,-1.162060e-02
3.860034e+00,-1.607357e-01,1.104289e+00,-3.691949e-02,2.376192e-01,2.294840e-02,-4.010648e-01,-2.714448e-01,2.028836e-01,-6.790820e-02,-1.838825e-01
3.935046e+00,-6.342483e-01,8.128048e-01,-3.246472e-01,3.791291e-01,-1.295612e-01,-3.687585e-01,-2.493046e-01,-2.639760e-01,-5.226756e-01,-2.347730e-01
3.712944e+00,-2.360654e-01,6.708031e-01,-4.036104e-01,5.200370e-01,4.322322e-02,-1.252244e-01,-3.127643e-01,1.498905e-01,3.080030e-01,-1.276001e-01
3.832479e+00,-6.150468e-01,1.259442e+00,-2.111798e-01,2.616001e-01,-5.399031e-02,-2.720232e-02,-6.283332e-02,-4.092416e-02,-3.339200e-01,-2.694952e-01
3.908503e+00,-2.916391e-01,9.425293e-01,-5.961126e-01,1.915200e-01,-3.227150e-01,-2.628463e-01,-3.122490e-01,2.016841e-01,-5.180314e-03,1.675215e-01
4.380944e+00,-3.129675e-01,8.428426e-01,3.046757e-02,5.606211e-01,-2.307900e-01,2.294021e-01,1.244169e-01,-3.015062e-01,-9.312435e-02,-1.653189e-02
4.052311e+00,-6.902524e-01,7.698134e-01,-6.359337e-01,6.388105e-02,-3.942616e-01,-4.317344e-01,-9.975493e-02,1.717996e-01,8.669474e-03,7.162745e-02
4.493135e+00,-3.944262e-01,9.920278e-01,-4.484722e-02,4.035021e-01,-6.347286e-02,-1.544579e-01,-1.732278e-01,6.423138e-03,-4.683290e-01,-3.599436e-02
4.535254e+00,-7.060364e-01,1.034955e+00,5.791054e-03,4.566109e-01,-2.389177e-01,-3.115459e-01,-2.211101e-01,-4.399441e-01,-7.282403e-02,5.118190e-02
3.915588e+00,-8.050397e-01,9.094637e-01,7.938588e-02,7.321313e-01,-2.859490e-01,-2.449809e-01,-2.915193e-01,4.112784e-02,5.698060e-02,1.243899e-01
4.938994e+00,-3.913587e-01,1.032993e+00,-3.893158e-01,5.629694e-01,-3.569413e-01,-3.018512e-01,-1.551228e-01,3.395302e-02,-1.535260e-01,-7.706962e-03
4.183639e+00,-1.116109e+00,6.744463e-01,-1.884267e-01,7.043335e-02,-3.256227e-01,-3.916805e-01,-1.461549e-01,-9.157097e-02,4.643996e-04,1.061226e-01
4.945293e+00,-6.776773e-01,1.034122e+00,-1.082274e-01,5.387152e-01,-3.322961e-01,-1.579723e-01,-2.509774e-01,2.377113e-01,-1.485634e-01,2.113318e-01
4.499100e+00,-5.230755e-01,1.163448e+00,-3.116363e-01,7.062271e-01,-1.614941e-01,-2.324295e-01,-1.674654e-01,-3.734088e-01,-1.808219e-01,2.651851e-03
4.648699e+00,-7.035418e-01,1.201347e+00,-9.669571e-02,3.184202e-01,-5.747606e-01,-6.027864e-02,8.453629e-02,-4.520524e-02,-1.540804e-01,-2.279053e-02
4.866737e+00,-4.591367e-01,1.288654e+00,-4.726004e-01,5.210332e-01,3.032690e-01,1.191185e-01,-1.202713e-01,-1.412527e-02,-3.376365e-01,-1.666674e-01
4.341599e+00,-1.105784e+00,9.877051e-01,-8.112217e-01,-3.433962e-01,-4.538875e-01,-4.479117e-01,-1.934145e-02,-3.960750e-01,-1.358293e-01,4.451652e-01
5.069788e+00,-3.975376e-01,1.404515e+00,2.868810e-02,3.743694e-01,-2.702565e-01,9.912633e-03,9.878135e-02,-6.802895e-02,-1.968895e-01,-2.294933e-01
4.816105e+00,-6.784819e-01,8.511485e-01,-5.992566e-01,3.003994e-01,-6.520097e-02,-2.908673e-01,-2.655271e-01,1.291580e-01,1.209722e-01,1.236331e-01
5.008380e+00,-8.632734e-01,1.087404e+00,-6.283569e-02,5.382407e-01,-5.795173e-02,3.159098e-02,-3.487595e-01,-3.028957e-02,-2.208099e-01,-2.344749e-01
5.133817e+00,-5.433598e-01,1.412048e+00,-4.682745e-02,4.263872e-01,-4.163596e-01,-2.317994e-01,-1.389561e-02,-1.414997e-01,1.249531e-02,-2.975092e-01
4.454724e+00,-1.277301e+00,1.198683e+00,-1.447687e-01,6.677703e-01,-2.002806e-02,-4.834816e-01,-4.028886e-01,-1.553518e-01,3.197605e-01,9.247138e-02
5.250097e+00,-6.035166e-01,1.161586e+00,-1.049326e-01,3.669366e-01,-2.935043e-03,-1.028386e-01,-2.499556e-01,-1.887997e-01,-9.887285e-02,-2.595476e-02
4.741836e+00,-7.414701e-01,1.032794e+00,-2.804426e-01,1.760912e-01,-6.868433e-01,-2.410552e-01,-1.545593e-02,1.188617e-01,9.784925e-02,-3.832905e-02
5.157927e+00,-5.306445e-01,1.177360e+00,-1.991291e-01,1.345737e-01,-1.763730e-01,2.514808e-01,-1.969028e-01,-1.675411e-01,1.176771e-01,1.209053e-01
5.171151e+00,-7.667313e-01,1.343337e+00,-2.517390e-01,1.246321e-01,2.755194e-01,6.540608e-02,2.951309e-02,-1.953304e-01,-4.302162e-01,4.435154e-02
4.946195e+00,-5.065657e-01,1.602563e+00,8.638840e-03,-9.238759e-02,-4.198855e-01,-1.349930e-01,-2.168603e-01,-9.210940e-02,-1.894390e-01,9.334729e-02
5.439196e+00,-5.411882e-01,9.770805e-01,1.997928e-01,3.031869e-01,-1.054938e-02,2.206282e-01,-1.277258e-01,-3.356095e-02,-1.583475e-01,-1.430764e-01
4.755069e+00,-1.147865e+00,6.524121e-01,-5.263469e-01,8.262059e-02,-3.829281e-01,-2.815964e-01,-3.366955e-01,-3.586793e-02,5.135903e-02,2.406809e-01
5.243418e+00,-3.215728e-01,1.420789e+00,6.068260e-02,2.832386e-01,-4.832378e-01,4.250660e-02,-2.960726e-01,1.912896e-01,9.699115e-03,-2.751869e-01
5.233138e+00,-3.879814e-01,6.926460e-01,-1.257397e-01,6.066462e-01,-4.292691e-01,-1.156962e-01,-1.512073e-01,4.547921e-02,2.462263e-01,-7.540468e-02
5.349705e+00,-6.895829e-01,9.763736e-01,-1.710722e-01,5.460224e-01,-9.453934e-02,-1.352187e-01,-2.689526e-01,-1.092350e-01,-3.505279e-02,7.713058e-02
5.158850e+00,-2.966752e-01,1.534521e+00,-2.747710e-02,2.727758e-01,-3.344248e-01,3.062379e-02,-1.637182e-01,1.619828e-01,9.981037e-02,-3.688031e-01
4.593655e+00,-7.175759e-01,7.646393e-01,-4.648498e-01,2.526785e-01,-6.053725e-01,-3.364063e-02,-4.546386e-01,3.022562e-01,1.110315e-01,3.514316e-02
5.106812e+00,-1.532551e-01,1.182405e+00,-1.952116e-01,6.726642e-01,-1.957213e-01,3.111091e-01,-2.940118e-01,-2.744184e-01,8.427558e-02,-6.539425e-02
4.852772e+00,-3.407035e-01,1.346437e+00,-2.263890e-02,9.709736e-02,-6.408346e-01,-3.521589e-02,-1.906144e-01,4.345514e-01,1.713461e-01,-1.677867e-02
5.122794e+00,-1.963027e-01,1.223180e+00,-2.503520e-01,4.109298e-01,-4.680635e-01,-5.110213e-02,-8.301646e-02,8.279122e-02,-4.817534e-02,-1.076211e-01
5.301458e+00,-5.114366e-01,9.944149e-01,-2.641389e-01,6.039643e-01,-1.567233e-01,2.682026e-01,1.180674e-02,9.641359e-02,2.379386e-01,-7.755435e-03
4.925543e+00,-7.379540e-01,1.347682e+00,-4.337022e-02,2.969830e-01,-6.761566e-01,-3.387824e-01,-2.124781e-01,1.028535e-01,1.663538e-02,-9.414157e-02
5.381488e+00,-4.881766e-01,1.515253e+00,-1.902727e-01,6.708960e-01,-2.858792e-01,-1.647550e-01,-4.309867e-01,2.854991e-01,1.267379e-01,-1.821324e-01
4.849417e+00,-8.950724e-01,1.163291e+00,-3.387065e-01,7.409202e-01,-3.038769e-01,6.820690e-02,-1.579787e-01,2.107984e-01,2.707802e-01,-3.835377e-03
5.233266e+00,-3.899000e-01,1.306922e+00,-9.330699e-02,7.236471e-01,-8.853706e-01,-2.087803e-01,-1.855883e-01,1.735655e-01,8.304086e-02,-2.006046e-01
5.093589e+00,-4.867615e-01,1.233895e+00,-2.777061e-01,6.554947e-01,-1.738538e-01,9.183102e-02,-2.429061e-01,2.070258e-01,3.789175e-01,-1.615520e-01
4.906343e+00,-9.060381e-01,1.366344e+00,-5.747430e-02,6.874038e-01,-5.203874e-01,-5.155835e-01,-2.750293e-01,2.408228e-01,4.255929e-02,1.015333e-02
5.142563e+00,-4.036621e-01,1.454715e+00,-1.507734e-01,7.035373e-01,-2.154406e-01,3.596894e-02,-1.484761e-01,1.015657e-01,2.424254e-01,-9.812852e-02
5.232642e+00,-7.500888e-01,1.154793e+00,-2.347808e-01,3.614662e-01,-5.770096e-01,-1.392508e-01,-1.582371e-01,4.734471e-01,6.457709e-02,-1.929323e-03
4.999219e+00,-5.464821e-01,1.217452e+00,-1.657544e-01,6.632864e-01,3.056157e-02,2.002628e-01,9.954288e-03,4.009538e-01,-1.059641e-02,-1.651432e-01
5.157369e+00,-6.245907e-01,1.254546e+00,6.067115e-02,6.484199e-01,-6.630013e-01,-1.871299e-02,5.374611e-02,-9.589863e-02,3.947799e-01,3.762797e-01
4.878111e+00,-5.181667e-01,1.566833e+00,-6.380870e-02,5.790177e-01,-4.623143e-01,-3.381753e-01,-2.098085e-01,-1.603971e-01,1.440528e-01,-7.873809e-02
5.107626e+00,-6.671002e-01,1.348736e+00,-3.188305e-01,5.503159e-01,-2.925859e-01,3.161411e-01,2.603359e-01,5.122262e-01,2.036382e-01,-2.054656e-01
5.140126e+00,-6.171110e-01,1.351330e+00,-1.322533e-01,4.297188e-01,-3.371520e-01,1.242574e-01,-3.043441e-02,-1.794656e-01,5.563097e-04,1.695555e-01
5.419737e+00,-4.262975e-01,1.342629e+00,-3.525705e-02,2.554867e-01,-5.493376e-01,-5.313524e-02,-2.129437e-01,5.878263e-02,7.223691e-02,1.199051e-01
4.582161e+00,-8.194205e-01,1.493594e+00,-1.325473e-02,6.792021e-01,-1.750761e-01,7.114406e-01,4.292755e-01,2.801318e-01,7.679062e-02,2.272406e-01
5.243716e+00,-5.806465e-01,1.434967e+00,-2.852424e-01,2.310808e-01,-4.420492e-01,-1.319315e-01,-2.193405e-01,-2.951737e-01,7.659345e-02,1.708774e-01
5.000382e+00,-8.005977e-01,1.593702e+00,-1.992237e-01,4.822182e-01,-5.146806e-02,6.414480e-01,5.559134e-02,5.484669e-02,-9.710142e-02,3.546879e-02
4.782861e+00,-6.419177e-01,1.746285e+00,5.557376e-04,1.860264e-01,-4.606211e-01,3.088514e-01,1.462101e-01,1.634954e-03,9.862052e-02,1.896321e-01
5.282584e+00,-5.333586e-01,1.491783e+00,-1.876380e-01,3.142227e-01,-2.541664e-01,5.142257e-01,-1.413049e-01,-2.018661e-01,3.644847e-02,3.199750e-01
5.346551e+00,-4.394818e-01,1.594249e+00,-1.584159e-01,2.078346e-02,-5.244771e-01,3.300629e-01,2.436914e-02,1.928247e-02,-1.082652e-01,1.340912e-01
4.752994e+00,-9.780811e-01,1.559771e+00,-1.447543e-01,2.212733e-01,-1.485896e-02,6.260082e-01,2.630999e-01,2.660340e-01,-2.575620e-01,-2.031707e-01
5.334622e+00,-5.958340e-01,1.491763e+00,-5.300730e-02,2.788461e-01,-3.551493e-01,3.862206e-01,-5.789108e-02,-3.962105e-02,1.432826e-01,2.187352e-01
4.979964e+00,-6.642615e-01,1.751450e+00,2.636762e-01,4.508609e-01,-2.366233e-01,2.980827e-01,-3.787384e-01,-4.305633e-01,-2.457896e-01,-1.211596e-01
5.128059e+00,-8.274260e-01,1.488255e+00,-8.649809e-02,1.855050e-01,-1.782328e-01,2.785853e-01,1.123098e-01,4.803486e-01,2.214827e-02,1.698912e-02
5.503555e+00,-4.880647e-01,1.685223e+00,-4.653357e-02,9.671406e-02,5.051650e-02,1.650087e-01,-3.256466e-01,1.195955e-02,1.479879e-01,2.301053e-01
5.555300e+00,-9.296845e-01,1.184667e+00,-1.270532e-01,-3.996477e-02,-7.092829e-01,6.162375e-02,-2.298458e-01,7.811825e-03,-8.207983e-03,6.544590e-02
5.029251e+00,-8.135922e-01,1.588263e+00,1.256716e-01,4.724465e-01,6.928747e-02,5.599742e-01,-9.403535e-03,2.954401e-01,2.652703e-01,1.927598e-01
5.336229e+00,-8.988824e-01,1.613025e+00,5.706789e-03,4.490140e-01,-5.228580e-01,-8.793987e-02,-3.507753e-01,-6.024977e-02,2.057384e-01,1.293716e-01
5.159318e+00,-8.141296e-01,1.049866e+00,6.003933e-02,6.422085e-01,-1.198537e-01,4.462939e-01,3.812738e-02,1.619729e-03,8.736622e-02,2.464233e-01
5.649959e+00,-1.068932e+00,1.603431e+00,1.627370e-01,7.231855e-01,-4.035971e-01,1.470093e-01,-1.141466e-01,3.589558e-02,2.312017e-01,1.712400e-03
5.260209e+00,-1.196229e+00,1.183687e+00,5.712061e-03,7.568758e-02,-4.018496e-01,1.410678e-01,-2.701168e-01,-6.119168e-02,6.047791e-01,3.188546e-01
6.025778e+00,-1.067600e+00,1.579457e+00,2.629743e-01,4.632579e-01,-5.936459e-01,2.251307e-01,-4.558807e-01,3.236714e-01,2.420375e-02,8.074809e-02
5.302019e+00,-1.300385e+00,1.483306e+00,-1.304946e-01,3.914715e-01,-6.506029e-02,9.019603e-02,-2.842153e-01,2.389079e-03,1.577042e-01,1.511371e-01
5.596882e+00,-1.209290e+00,1.620533e+00,3.236875e-01,5.638344e-01,-5.940380e-01,-2.375973e-02,7.147687e-02,3.387340e-01,1.425691e-01,2.467940e-01
5.861256e+00,-8.424257e-01,1.465522e+00,3.481340e-01,6.806158e-01,-2.626403e-01,2.214147e-01,-4.534157e-01,-2.927652e-01,1.771173e-01,-1.902923e-01
5.334745e+00,-1.805814e+00,1.444731e+00,9.353432e-02,4.197930e-01,-1.673270e-01,6.864959e-02,-7.099865e-02,2.921700e-02,9.977654e-02,7.727714e-02
5.696263e+00,-8.068857e-01,2.115941e+00,2.390428e-01,2.773355e-01,-3.167557e-01,-3.345900e-03,-2.943660e-01,3.653911e-01,3.472293e-01,-6.700064e-02
5.733690e+00,-1.417655e+00,1.582169e+00,-2.769313e-01,1.680671e-01,-5.917855e-01,1.069784e-01,-2.041270e-01,-8.617365e-02,1.514709e-01,-1.440129e-01
5.692286e+00,-1.073169e+00,1.753276e+00,-5.413673e-03,2.941364e-01,-3.301076e-02,4.862553e-01,-7.323274e-02,1.546656e-02,-5.310154e-03,1.678566e-01
5.652102e+00,-8.277995e-01,2.183358e+00,1.893786e-01,1.096217e-01,-5.209732e-01,3.456596e-01,4.560543e-02,2.668945e-01,-4.334936e-02,-2.584400e-01
5.404212e+00,-8.780234e-01,1.603060e+00,-1.485838e-01,-1.836864e-02,-1.288490e-02,4.612979e-01,-6.744272e-02,-2.296229e-01,-3.624374e-01,3.008715e-01
6.024827e+00,-9.472248e-01,1.789602e+00,2.853107e-01,4.101080e-01,4.361441e-02,2.297131e-01,-3.569370e-03,-8.802078e-02,-4.480098e-01,-4.595477e-02
5.128069e+00,-1.223569e+00,1.744930e+00,-3.262413e-01,-3.200481e-01,-4.541699e-01,2.138716e-01,2.641813e-02,1.194843e-01,1.731598e-01,1.433321e-01
6.070533e+00,-8.167664e-01,1.678327e+00,-4.157391e-02,3.788569e-01,-2.043946e-01,3.940095e-01,-3.525947e-01,-4.901010e-02,-6.887244e-03,-1.753526e-01
5.792972e+00,-6.994960e-01,1.515390e+00,-6.414031e-02,4.681776e-01,-3.367456e-01,2.769311e-01,2.566128e-02,-2.761514e-01,-2.007430e-01,1.881094e-01
5.542303e+00,-1.123013e+00,1.626795e+00,1.536155e-01,5.540715e-01,-4.659664e-01,3.301172e-01,-1.022526e-01,2.596346e-01,1.472651e-01,4.447113e-02
6.138952e+00,-8.899147e-01,1.525654e+00,1.606451e-01,5.463864e-01,4.409448e-02,1.362594e-01,-3.611157e-01,-1.741265e-01,-1.146773e-01,7.604021e-02
5.122794e+00,-1.897121e+00,1.078310e+00,-2.158483e-01,3.327252e-01,-3.185720e-01,-2.824439e-02,-2.642694e-01,1.488873e-01,7.205998e-02,2.585367e-02
6.013168e+00,-1.086815e+00,1.691056e+00,3.579400e-01,4.810187e-01,-2.414533e-01,-8.620540e-03,-1.115039e-01,1.605336e-01,4.262925e-01,-3.016979e-03
5.941101e+00,-1.520468e+00,1.297418e+00,1.899341e-01,5.576665e-01,-2.091171e-01,1.904242e-02,-1.037945e-01,-8.295465e-03,6.792712e-02,1.670473e-01
6.021722e+00,-1.258485e+00,1.632646e+00,1.334123e-01,4.980878e-01,-2.777304e-01,1.739209e-02,-2.787657e-01,1.467163e-01,2.089028e-01,-1.537376e-02
5.877061e+00,-1.288538e+00,1.640019e+00,5.201132e-01,6.952966e-01,-2.160675e-01,1.280002e-01,1.162774e-02,1.811619e-01,2.368128e-02,-2.146131e-01
5.445578e+00,-1.592153e+00,1.254167e+00,-4.515204e-01,3.468594e-01,-2.996282e-01,8.361810e-02,-3.868953e-01,-3.212194e-02,1.503698e-01,1.965214e-01
5.828364e+00,-1.006732e+00,1.908488e+00,4.535561e-01,6.254366e-01,-1.671978e-01,2.623197e-01,-7.989972e-02,-8.400884e-02,-2.160338e-01,-2.956045e-01
5.503423e+00,-1.102222e+00,1.637954e+00,8.855805e-03,7.574585e-02,-4.940162e-01,5.204449e-01,-3.472185e-01,2.934928e-01,1.066490e-01,2.729446e-02
5.713544e+00,-9.619058e-01,1.858227e+00,-3.854006e-02,1.738424e-01,6.354532e-02,2.873273e-01,-1.303820e-02,-1.341049e-01,-2.989830e-01,-2.604638e-02
5.985754e+00,-8.546265e-01,1.918687e+00,1.429615e-01,2.365705e-01,-5.334255e-01,4.068482e-01,1.100566e-02,-2.346771e-02,-1.844231e-01,3.707452e-02
5.302371e+00,-1.160196e+00,1.584081e+00,-1.684738e-01,2.520023e-01,-8.251499e-02,2.464470e-01,1.374939e-01,-1.433742e-01,-4.828077e-02,3.066591e-02
6.114867e+00,-9.647183e-01,1.703777e+00,1.510782e-01,4.096917e-01,-9.336609e-02,1.386756e-01,-1.029366e-01,1.591603e-01,-2.720760e-01,-7.164321e-02
5.076967e+00,-1.182143e+00,1.497899e+00,-7.387397e-02,3.638317e-01,-8.651611e-02,4.304906e-01,-1.508924e-01,2.682226e-02,2.051442e-01,2.597113e-02
5.999713e+00,-9.069715e-01,1.575467e+00,1.938875e-01,4.175472e-01,-4.087785e-01,1.604777e-01,-2.088890e-01,1.370965e-01,1.515964e-01,-4.147358e-02
5.713061e+00,-1.306659e+00,1.575355e+00,6.404712e-02,5.895702e-01,-1.756048e-02,4.371641e-01,-8.952604e-02,2.078184e-01,8.594122e-02,-3.167460e-02
5.879190e+00,-1.193992e+00,1.407003e+00,1.067845e-01,4.391125e-01,-4.549114e-01,-1.421773e-01,-3.654491e-01,8.988902e-02,2.260535e-01,-2.375787e-01
5.897681e+00,-9.632569e-01,1.713521e+00,1.200180e-01,8.853287e-01,-1.507355e-02,-4.780548e-03,-2.295594e-01,1.457418e-01,1.830103e-02,-1.652131e-01
5.529393e+00,-1.515741e+00,1.149409e+00,-1.729988e-01,3.653706e-01,-4.477145e-01,-6.174159e-02,1.035594e-01,4.297541e-02,2.012546e-01,2.124835e-01
6.011405e+00,-8.928532e-01,1.354602e+00,5.504994e-01,8.695247e-01,-2.594569e-01,2.773403e-01,-4.146118e-01,4.329220e-02,-4.653570e-02,-4.055647e-01
5.741088e+00,-1.147238e+00,1.766506e+00,-9.770478e-02,2.802366e-01,-1.214263e-01,5.897814e-02,-1.824787e-01,2.129184e-01,1.882182e-01,5.756294e-02
5.601903e+00,-1.395720e+00,1.727374e+00,4.887870e-02,4.379508e-01,-1.628212e-01,2.708410e-01,-1.278030e-01,2.317789e-01,-2.600558e-01,-2.277119e-01
5.811321e+00,-6.274197e-01,1.670323e+00,1.542973e-01,2.675294e-01,-2.414631e-01,3.990692e-01,-2.020371e-01,-1.258111e-02,-2.401058e-02,2.427486e-02
5.328263e+00,-1.439045e+00,1.300094e+00,-1.764197e-01,4.616221e-03,-5.123295e-01,1.389708e-01,-3.187650e-02,5.515563e-02,-1.250889e-01,-1.188725e-02
5.835722e+00,-8.930653e-01,1.776392e+00,-1.357706e-01,3.728088e-01,-2.109103e-02,2.825123e-01,-1.948264e-01,1.900807e-01,6.253086e-03,1.002115e-01
5.457219e+00,-1.563285e+00,1.544351e+00,2.337755e-01,5.632052e-01,-7.147789e-02,3.142575e-01,-3.323789e-03,-1.356572e-02,2.227124e-01,-6.660308e-02
5.945885e+00,-9.893828e-01,1.629008e+00,-5.193044e-02,3.836044e-01,-4.217013e-01,-2.511749e-03,-2.840545e-01,1.163239e-01,-1.522877e-01,-4.815030e-02
5.693482e+00,-1.217539e+00,1.426608e+00,2.877030e-01,4.820615e-01,6.442158e-02,4.360512e-01,-1.204584e-01,3.038012e-01,1.947918e-01,-2.629658e-01
5.540619e+00,-1.661476e+00,1.365638e+00,-2.047053e-01,2.087241e-01,-5.315162e-01,-3.616190e-02,-3.288435e-01,-1.063213e-01,-8.199139e-02,1.324271e-01
6.056494e+00,-8.816915e-01,1.672433e+00,1.395257e-01,3.853730e-01,-1.791509e-01,-4.816163e-02,-1.277552e-01,5.581845e-02,1.128523e-01,-9.168462e-02
5.795743e+00,-1.381908e+00,1.250525e+00,3.545758e-02,4.600559e-01,-2.813123e-01,2.203402e-01,8.753321e-03,1.866942e-01,2.152512e-01,2.105924e-01
5.775671e+00,-1.045587e+00,1.415695e+00,2.104637e-01,6.566502e-01,-1.232073e-01,9.306265e-02,-4.192900e-01,5.755456e-03,-1.369330e-01,-1.678497e-01
5.789012e+00,-1.190268e+00,1.717998e+00,1.151372e-01,4.071575e-01,-3.473067e-01,1.832773e-01,1.342732e-03,2.144285e-01,7.471922e-02,-2.630229e-02
5.385416e+00,-1.228109e+00,1.159421e+00,-2.204228e-01,4.966642e-01,-2.811393e-01,1.593013e-01,-3.638532e-01,3.399022e-02,1.209350e-01,-2.247751e-02
5.929342e+00,-1.107931e+00,1.548600e+00,8.700098e-02,6.371044e-01,-2.075884e-01,2.255741e-01,-1.428520e-01,1.228453e-01,1.158247e-01,-7.216972e-02
5.798217e+00,-8.623249e-01,1.663669e+00,-2.611790e-01,2.751052e-01,-4.589480e-01,4.969156e-02,1.088091e-01,1.289027e-02,1.117200e-02,3.701621e-02
5.839398e+00,-1.016741e+00,1.417083e+00,1.269400e-02,3.464631e-01,-2.080136e-01,1.568246e-01,-3.023461e-01,1.497088e-01,-8.263906e-02,-1.016775e-02
5.712460e+00,-1.261420e+00,1.745363e+00,-1.398920e-01,3.595304e-01,3.266211e-01,4.039354e-01,-2.127667e-01,1.495976e-01,7.974217e-02,2.043716e-01
5.562828e+00,-1.122354e+00,1.343391e+00,1.907263e-01,2.281830e-01,-5.995029e-01,-3.592899e-02,-3.604478e-01,7.681182e-02,-1.835533e-01,-2.665734e-01
6.012214e+00,-1.433282e+00,1.688391e+00,2.143139e-02,4.609378e-01,-3.752675e-02,3.313211e-01,-3.588613e-01,4.718076e-02,2.837824e-01,6.025231e-02
5.635710e+00,-1.256134e+00,1.485248e+00,-1.254848e-01,5.651886e-01,-2.775070e-02,-4.930894e-02,-1.905582e-01,2.497769e-01,7.921381e-02,-2.975796e-01
6.029787e+00,-1.222374e+00,1.630114e+00,4.500835e-02,3.294104e-01,-5.945052e-01,7.295272e-03,-2.112375e-01,9.741409e-02,1.515379e-01,-1.865376e-01
5.746802e+00,-1.257422e+00,1.260716e+00,9.117130e-02,6.867148e-01,-2.078350e-01,2.215781e-01,-2.090847e-01,2.002511e-01,4.101084e-01,1.251703e-01
5.506864e+00,-1.551366e+00,1.577041e+00,-6.065081e-02,4.403729e-01,-2.650607e-01,1.450591e-02,-2.130295e-01,-8.324070e-03,-1.741794e-01,-4.906931e-02
5.688557e+00,-1.304727e+00,1.568381e+00,2.690148e-01,4.755843e-01,-1.630996e-01,2.873590e-01,-2.068426e-02,6.707770e-02,1.180503e-01,-2.910532e-02
5.976772e+00,-1.118293e+00,1.303805e+00,6.764540e-02,5.610269e-01,-3.626066e-01,-6.231714e-02,-1.439820e-01,-5.474333e-02,-5.217621e-02,2.528612e-01
5.642155e+00,-1.423532e+00,1.622709e+00,1.284566e-01,1.480410e-01,-4.879655e-04,4.663026e-01,3.188213e-02,1.614455e-01,1.888335e-02,1.275663e-01
5.951285e+00,-8.971333e-01,1.619242e+00,1.082077e-02,3.961891e-01,-4.465949e-01,3.416419e-02,-1.299026e-01,8.679791e-02,1.299610e-01,4.826407e-03
5.728836e+00,-1.256015e+00,1.409650e+00,-1.749088e-01,3.274057e-01,-5.396303e-01,2.237702e-01,-5.139333e-01,-2.354320e-01,-5.643272e-02,2.342822e-01
5.466501e+00,-1.049915e+00,1.547490e+00,6.836072e-02,5.199944e-01,-2.883448e-01,4.318803e-01,4.736472e-01,1.795469e-01,-5.907340e-03,-9.554844e-02
5.679942e+00,-7.405014e-01,1.671511e+00,-5.755792e-02,5.525880e-01,-3.549920e-01,3.938894e-01,-3.591790e-01,-4.037404e-01,-1.302710e-01,9.776304e-04
5.728513e+00,-1.358886e+00,1.674115e+00,1.594870e-01,1.804539e-01,-3.262162e-01,1.037858e-01,-2.221459e-01,7.760708e-02,-2.391519e-02,1.304532e-01
5.592744e+00,-8.556763e-01,1.769375e+00,-1.668466e-01,4.924439e-01,1.978239e-01,3.284378e-01,-3.347040e-02,5.584030e-01,-1.965436e-02,-2.232440e-01
5.958090e+00,-1.542210e+00,1.170470e+00,6.453021e-02,6.310103e-02,-6.872586e-01,-7.559486e-02,-4.473050e-01,7.047980e-02,2.758380e-01,-9.898909e-02
5.775048e+00,-1.172129e+00,1.558227e+00,-2.653129e-02,6.773635e-01,4.479062e-02,-2.117721e-02,-2.031487e-01,2.524542e-01,1.927095e-01,1.759398e-01
5.576471e+00,-1.305187e+00,1.615738e+00,1.394291e-01,5.816017e-01,-2.101145e-01,2.170111e-02,-5.430030e-02,3.095362e-01,7.793020e-02,-4.817112e-01
5.357822e+00,-1.449496e+00,1.325933e+00,-3.811529e-02,7.477635e-01,-4.841717e-02,1.878791e-01,-2.576914e-01,3.667575e-01,4.902098e-01,2.380114e-02
6.154984e+00,-1.079579e+00,1.640737e+00,9.206031e-02,6.594018e-01,-4.430893e-01,-1.059597e-01,-1.874349e-01,-3.848789e-02,1.678075e-01,9.039090e-03
5.265832e+00,-1.670440e+00,1.309504e+00,-1.700925e-01,1.511845e-01,-1.996089e-01,1.617010e-01,-3.908601e-02,3.607257e-01,1.009740e-01,-3.522072e-01
6.167982e+00,-8.904204e-01,1.644755e+00,5.237952e-02,3.087914e-01,-2.111364e-01,7.218706e-02,-3.562087e-01,2.129446e-01,1.344382e-01,1.255746e-02
5.610150e+00,-9.808710e-01,1.682548e+00,1.307125e-01,3.126208e-01,-3.144992e-01,8.065192e-03,-1.745986e-01,-2.245873e-01,-1.117262e-01,-3.139462e-02
5.375843e+00,-1.015194e+00,1.565866e+00,-8.489548e-02,3.854938e-01,-2.853531e-01,7.951643e-01,2.000850e-01,7.525392e-02,-6.460342e-02,3.698484e-01
5.781057e+00,-1.027997e+00,1.888103e+00,2.983100e-01,3.770636e-01,-2.062808e-01,2.174694e-01,-6.528960e-02,-1.588174e-01,-2.884249e-01,1.130320e-02
5.589297e+00,-8.746853e-01,1.553635e+00,-3.507628e-01,-1.848517e-01,-5.203468e-01,3.584468e-01,-3.520057e-01,-3.224478e-02,-4.895540e-02,2.478488e-01
5.793003e+00,-1.045168e+00,1.712361e+00,2.952175e-01,4.114438e-01,-2.779710e-01,6.322873e-01,4.518682e-01,-2.321655e-02,-2.507897e-01,-1.410412e-01
5.697609e+00,-9.913933e-01,1.643215e+00,-2.473891e-01,1.518009e-01,-3.752730e-01,1.880552e-01,-3.947166e-01,-1.337034e-01,2.383104e-01,4.300638e-01
5.684159e+00,-1.042855e+00,1.589107e+00,2.942158e-01,6.112971e-01,-4.425053e-01,1.663552e-01,8.654782e-02,1.681456e-01,-2.086418e-01,-5.140234e-02
5.823069e+00,-1.102137e+00,1.594877e+00,1.926640e-01,6.207319e-01,-1.192008e-01,3.067413e-01,-2.783983e-01,-5.735293e-02,2.808078e-02,-1.718882e-01
5.374949e+00,-1.821793e+00,1.283471e+00,9.877087e-02,4.873169e-01,-2.662071e-01,5.978316e-02,-1.760948e-01,3.590637e-01,2.678741e-01,2.406089e-01
6.166496e+00,-1.013621e+00,1.761670e+00,3.248275e-01,5.094929e-01,-4.722182e-01,-1.329614e-01,-3.054487e-03,-1.698802e-01,2.667139e-01,2.724142e-03
5.803552e+00,-1.629661e+00,1.194074e+00,1.051600e-01,3.589977e-01,-1.956311e-01,2.569689e-01,-5.210372e-01,2.403291e-01,2.140008e-01,-3.019484e-01
5.951449e+00,-1.295834e+00,1.718491e+00,1.616293e-01,4.270601e-01,-1.102448e-01,-2.464004e-01,-6.979057e-02,2.568512e-01,1.802514e-01,9.156736e-02
5.916565e+00,-1.159198e+00,1.962916e+00,1.274305e-01,6.229532e-01,-3.113833e-01,1.103944e-01,-1.755051e-01,-9.130750e-02,7.709923e-02,-3.722216e-01
5.406803e+00,-1.333413e+00,1.095567e+00,9.715338e-03,5.842302e-01,-1.761328e-01,3.799263e-01,-6.801527e-02,2.294750e-01,-3.144277e-02,1.973050e-01
5.833347e+00,-9.051667e-01,1.949374e+00,2.570244e-01,4.143128e-01,-1.646102e-01,2.966743e-01,-2.287018e-01,4.086855e-02,-3.930657e-02,9.549373e-02
5.317135e+00,-1.061856e+00,1.487277e+00,-2.677863e-01,-2.991847e-01,-5.355848e-01,3.467216e-01,-2.694984e-01,2.693345e-01,-1.798908e-01,-4.361148e-02
5.852121e+00,-6.444061e-01,1.724161e+00,-1.367565e-01,2.460338e-01,-7.438855e-03,6.705665e-01,-5.194400e-02,-3.456774e-01,-4.798476e-02,6.500595e-02
5.606072e+00,-9.822595e-01,1.918764e+00,-3.942861e-02,2.947499e-01,-3.209929e-01,1.963766e-01,-8.448872e-02,2.044775e-01,5.131356e-02,1.468059e-01
5.798391e+00,-7.658018e-01,1.684013e+00,-1.474534e-01,3.300254e-01,-8.103029e-02,3.348632e-01,-1.915307e-01,-1.520645e-01,-1.106988e-01,-2.756555e-01
5.989152e+00,-9.791542e-01,1.686621e+00,1.821944e-01,6.381642e-01,2.835368e-02,2.365210e-01,-1.476234e-01,-2.526293e-01,-2.548278e-01,6.053049e-02
5.189993e+00,-1.594658e+00,1.055864e+00,-2.501732e-01,1.767669e-01,-4.720453e-01,-7.102375e-02,-3.383046e-02,2.518493e-01,1.924283e-01,4.529294e-01
6.227838e+00,-9.074494e-01,1.524676e+00,1.635451e-01,7.004426e-01,-3.852932e-01,1.393577e-01,-2.233943e-01,3.167034e-02,5.592435e-02,-1.858999e-01
5.861724e+00,-1.331720e+00,1.416876e+00,8.277832e-02,4.795821e-01,-1.112917e-01,1.325609e-01,-3.510617e-01,2.077875e-03,1.445082e-01,4.692137e-03
5.739790e+00,-1.330163e+00,1.767349e+00,2.892957e-02,6.341811e-01,-3.108950e-01,-9.276060e-03,-2.176254e-01,4.145927e-01,3.318395e-01,-6.995780e-02
5.941390e+00,-1.216138e+00,1.588228e+00,3.438965e-01,6.255217e-01,-2.608954e-01,2.797326e-01,-2.572537e-01,-6.869185e-02,1.909270e-01,-2.214800e-01
5.473963e+00,-1.666776e+00,8.456181e-01,-4.691028e-02,5.200190e-01,-2.468820e-01,1.074125e-01,-3.079962e-01,1.047956e-01,-4.053346e-02,-3.705690e-02
5.859004e+00,-1.173287e+00,2.040399e+00,1.831486e-01,6.599245e-01,-2.970692e-01,-6.245779e-02,-7.852416e-02,2.427184e-01,2.360208e-01,-4.668799e-02
5.626165e+00,-1.500143e+00,1.346109e+00,1.078240e-01,1.672497e-01,-1.117413e-01,3.097340e-01,-8.484697e-03,1.291386e-01,6.529431e-02,2.753001e-01
5.979845e+00,-9.706846e-01,1.618311e+00,-8.453631e-02,4.599566e-01,-1.220898e-01,1.175335e-01,-1.998545e-01,-6.415064e-02,-1.025998e-01,3.886685e-02
5.574295e+00,-7.931316e-01,1.964499e+00,3.226598e-01,3.490308e-02,-2.702806e-01,4.923345e-01,-1.971996e-01,1.710701e-01,7.600990e-02,4.914950e-02
5.582142e+00,-1.279965e+00,1.570699e+00,-2.588571e-01,7.005945e-02,-3.654223e-01,3.442219e-01,-2.155368e-01,8.649820e-02,-3.225348e-01,-1.666712e-01
5.729080e+00,-8.409210e-01,1.827471e+00,2.109418e-01,6.616293e-01,-1.078368e-01,4.357027e-01,-1.860745e-01,-2.811896e-01,-3.182494e-01,1.959379e-02
5.515008e+00,-1.347143e+00,1.510083e+00,-1.619206e-01,3.652357e-01,-6.283890e-01,8.990149e-02,1.526246e-01,2.525073e-01,3.591694e-01,1.794759e-01
5.955600e+00,-1.077982e+00,1.689408e+00,6.232387e-02,3.972520e-01,-2.584635e-02,3.881093e-01,-1.439004e-01,-1.257034e-01,-5.135696e-03,-2.975455e-01
6.108018e+00,-1.343174e+00,1.801390e+00,1.281254e-02,4.961353e-01,-2.880930e-01,1.271810e-01,-3.802411e-02,3.209275e-03,-1.775395e-02,1.371155e-01
5.552594e+00,-1.053640e+00,1.422962e+00,5.200010e-02,4.311644e-01,-2.719722e-01,-2.108483e-03,-2.619634e-01,2.695921e-01,1.243501e-01,-1.138130e-01
6.117551e+00,-1.110381e+00,1.557687e+00,1.081070e-01,5.393002e-01,-1.020389e-01,2.517141e-01,-1.909246e-01,1.771588e-01,7.405209e-02,3.921883e-03
5.502173e+00,-1.433293e+00,1.151822e+00,-2.155452e-02,6.928656e-01,-3.230197e-01,3.482014e-02,-1.365393e-01,1.503806e-01,-1.174200e-01,-8.357085e-02
5.860720e+00,-8.722521e-01,1.625787e+00,1.869508e-01,4.850485e-01,-4.235387e-01,8.760681e-02,-3.263610e-01,1.338072e-01,2.174083e-01,-1.350679e-02
5.587901e+00,-1.356352e+00,1.338067e+00,-1.271252e-01,8.453215e-01,2.053172e-01,1.336563e-01,7.832221e-02,3.924931e-01,2.525690e-01,-1.370302e-01
5.825015e+00,-1.058024e+00,1.492766e+00,1.116828e-01,3.344575e-01,-4.646480e-01,9.898565e-02,-3.473124e-01,-1.694785e-01,1.220115e-01,-7.211326e-02
5.800473e+00,-1.080712e+00,1.898859e+00,1.554212e-01,5.516992e-01,-1.176323e-01,2.039208e-01,-2.849399e-01,1.671100e-01,1.288549e-01,-2.736751e-01
5.433107e+00,-1.329576e+00,1.374848e+00,-4.510751e-01,-2.031834e-01,-2.065879e-01,2.210589e-01,-2.289261e-01,1.712538e-01,-1.005339e-01,1.578738e-02
5.608012e+00,-9.248324e-01,1.915806e+00,2.545092e-01,5.353814e-01,-2.047206e-01,2.386894e-01,-4.322720e-02,1.183296e-03,-3.245269e-01,-1.387130e-01
5.690797e+00,-9.914629e-01,1.064739e+00,1.043296e-01,2.240089e-01,-3.427934e-01,2.525177e-01,3.804544e-02,2.908279e-01,3.289561e-01,3.317087e-01
5.421325e+00,-1.436562e+00,1.734485e+00,1.384777e-01,5.061825e-01,3.573243e-02,3.495099e-01,-7.074246e-02,1.464236e-01,-3.950315e-01,-8.530235e-02
5.809981e+00,-1.132063e+00,1.764999e+00,7.955920e-02,4.156805e-01,-2.005988e-02,-3.129648e-02,-1.885460e-01,2.503243e-01,2.995628e-01,-1.189630e-01
5.664834e+00,-1.543764e+00,1.233279e+00,9.147661e-03,2.439869e-01,-5.237829e-01,2.091906e-01,-3.739364e-01,-7.074225e-02,8.172667e-02,-1.469957e-01
5.876430e+00,-1.245208e+00,1.774450e+00,5.452250e-02,4.669894e-01,-3.529160e-01,1.801277e-01,5.612500e-02,1.576869e-01,2.609172e-01,-8.697029e-02
5.574900e+00,-1.131146e+00,1.469167e+00,1.412680e-01,5.667144e-01,-8.676895e-02,1.445512e-01,-2.294434e-01,9.332849e-02,1.013592e-01,-8.741517e-02
6.009863e+00,-1.144805e+00,1.412825e+00,1.263445e-01,4.109058e-01,-5.906616e-01,-2.292242e-02,-1.226234e-01,-9.884334e-02,-1.220426e-01,-2.532878e-02
5.415722e+00,-9.614893e-01,1.446839e+00,1.370975e-01,8.212970e-01,1.529699e-01,3.785964e-01,1.199405e-01,2.630123e-01,3.587537e-02,-9.596759e-02
5.669196e+00,-1.456268e+00,1.307634e+00,9.757831e-02,3.348035e-01,-6.005531e-01,6.320480e-02,-3.380872e-01,-1.175210e-01,-1.622894e-01,1.712742e-01
5.899444e+00,-8.926573e-01,1.696590e+00,-1.103431e-01,4.041611e-01,-1.140827e-02,9.786600e-02,-2.664470e-01,9.596978e-03,3.834818e-02,6.641644e-02
5.677377e+00,-1.187034e+00,1.651700e+00,-3.463086e-02,1.861818e-01,-3.468720e-01,1.414521e-01,-3.337309e-02,5.556888e-01,1.709095e-02,-7.782322e-02
5.780009e+00,-1.036667e+00,1.532372e+00,5.364246e-03,3.559147e-01,-1.455691e-01,3.903404e-01,-3.322877e-01,-3.008967e-01,2.682120e-01,-1.113271e-01
5.781539e+00,-9.700933e-01,1.428998e+00,-1.210232e-01,4.557788e-01,-3.258114e-01,1.479667e-01,1.645857e-01,1.748131e-01,2.219812e-02,2.309366e-01
5.225964e+00,-1.212297e+00,1.717920e+00,-1.899553e-02,3.379335e-01,-2.438003e-01,2.537823e-01,-2.116557e-01,8.617491e-02,-2.817988e-01,-3.122284e-01
5.685462e+00,-1.130440e+00,1.385809e+00,3.418868e-02,6.561665e-01,4.063022e-03,2.262998e-01,-3.104622e-01,4.031331e-01,1.505504e-01,1.880909e-03
5.974793e+00,-1.065833e+00,1.374792e+00,5.170541e-02,3.009042e-01,-3.054517e-01,1.480647e-01,-3.792273e-01,1.049208e-01,2.695934e-02,-8.217213e-02
5.712590e+00,-1.258025e+00,1.699986e+00,-2.811991e-02,3.213815e-01,-4.061159e-01,-7.735821e-02,-2.005303e-01,2.244867e-01,2.429619e-01,-5.902072e-02
6.035576e+00,-1.513517e+00,1.445546e+00,3.099301e-01,5.317720e-01,2.864033e-02,1.826749e-01,-3.791430e-01,3.222680e-01,1.192703e-01,-4.629465e-02
5.899645e+00,-1.350616e+00,1.424615e+00,-1.828877e-01,2.277541e-01,-2.595449e-01,-3.071248e-01,-3.646396e-01,-1.651368e-01,1.304198e-01,-1.361458e-01
5.677019e+00,-1.452987e+00,1.509794e+00,3.062352e-01,8.646110e-01,-4.001730e-01,2.338917e-01,9.310947e-02,2.353719e-01,4.539195e-02,2.127964e-02
5.789710e+00,-1.236434e+00,1.507196e+00,-1.477407e-01,5.936757e-01,1.245055e-01,1.906331e-01,-3.440239e-01,-1.643387e-01,2.116888e-01,-1.281965e-01
5.763707e+00,-1.137916e+00,1.530264e+00,-1.361345e-02,3.828424e-01,-6.201278e-01,7.102091e-02,-9.941167e-02,1.375071e-01,-7.125568e-02,1.131618e-02
5.818008e+00,-8.105244e-01,1.527017e+00,1.333116e-01,2.602353e-01,-2.944491e-01,4.534942e-01,-2.734899e-01,-7.006901e-02,2.712728e-01,3.325019e-01
5.621966e+00,-1.542595e+00,1.241832e+00,-1.075229e-01,3.034554e-01,-2.911206e-01,1.517534e-01,-1.356195e-01,-4.558158e-02,-1.728085e-01,1.900189e-01
5.819097e+00,-8.043966e-01,1.666188e+00,-6.388403e-02,2.512683e-01,-2.415812e-01,2.680031e-01,1.263679e-01,3.210370e-02,-1.290387e-01,3.621673e-01
5.939950e+00,-1.145847e+00,1.633533e+00,2.654155e-01,3.195348e-01,-1.861414e-01,8.957146e-02,-1.464762e-01,-2.270219e-01,-1.194073e-01,-1.142374e-01
5.427958e+00,-1.386844e+00,1.515570e+00,-6.484247e-02,4.558261e-01,-5.475072e-03,5.729241e-01,5.668235e-02,3.275476e-02,-1.127654e-01,3.035901e-01
5.850646e+00,-7.353365e-01,1.950107e+00,6.275125e-02,6.536334e-02,-5.559225e-01,2.116986e-01,8.053773e-02,1.743274e-02,-5.305324e-02,-1.888107e-01
5.558377e+00,-1.341841e+00,1.265947e+00,-2.419162e-01,2.135154e-01,-6.402090e-01,3.162210e-02,-6.006420e-01,1.145688e-01,4.772985e-02,-2.477592e-02
5.753971e+00,-1.352289e+00,1.431379e+00,1.887604e-01,4.986174e-01,-2.200594e-03,3.063019e-01,-1.004881e-01,3.303075e-01,4.257630e-02,7.354944e-02
5.907554e+00,-1.121542e+00,1.803755e+00,1.332622e-01,3.470078e-01,-4.543974e-01,-2.813132e-02,-3.207177e-01,2.390653e-01,2.784102e-02,-4.469578e-01
5.587663e+00,-1.296034e+00,1.271103e+00,2.149088e-01,7.471727e-01,-2.584153e-01,-3.184546e-02,-2.162648e-01,1.226997e-01,3.036750e-01,2.830266e-01
5.810772e+00,-1.442011e+00,1.469543e+00,1.974308e-01,8.285012e-01,2.405919e-01,2.361905e-01,-1.439120e-01,2.948749e-01,1.029526e-01,-3.404210e-01
5.365796e+00,-1.310184e+00,1.397610e+00,-4.261066e-01,-6.829745e-03,-5.886916e-01,-3.677933e-01,-2.369148e-01,3.274405e-01,2.982964e-01,-1.091823e-01
6.161611e+00,-1.165118e+00,1.515906e+00,2.602165e-01,6.025203e-01,-1.929372e-01,5.231720e-02,-2.950558e-01,4.998862e-02,3.967032e-01,-9.297516e-02
5.679522e+00,-1.157848e+00,1.531770e+00,-2.403378e-01,4.544443e-01,-1.384788e-02,1.960737e-01,-2.394762e-01,3.762159e-03,1.116207e-01,1.049562e-01
5.569076e+00,-1.016331e+00,1.832968e+00,1.541170e-01,3.555456e-01,-3.862636e-01,1.989345e-01,-6.702625e-03,2.736130e-01,2.169774e-02,-2.769828e-01
5.991360e+00,-6.237050e-01,1.762753e+00,3.801923e-03,3.329074e-01,-1.355266e-01,3.681458e-01,-3.937809e-01,-3.048639e-01,-2.097861e-01,3.093451e-01
5.067140e+00,-1.134712e+00,1.180546e+00,-2.782426e-01,4.529501e-01,-2.552779e-01,3.286206e-01,2.927567e-01,-4.106474e-02,-2.848613e-01,1.153420e-01
5.985389e+00,-4.993377e-01,2.077892e+00,6.176010e-02,-1.232839e-01,-5.310708e-01,5.533506e-01,-5.169873e-02,-8.071499e-02,-7.432382e-02,2.390427e-02
5.628451e+00,-9.562545e-01,1.600369e+00,1.302686e-01,3.856165e-02,-4.181170e-01,3.005851e-01,-1.227520e-01,-2.973433e-01,-1.761871e-01,3.159201e-02
5.597589e+00,-1.010838e+00,1.787921e+00,-7.370663e-02,1.336271e-01,-8.531936e-02,5.438351e-01,7.825527e-02,1.503487e-02,1.427822e-01,5.767085e-02
5.686340e+00,-1.011911e+00,1.816228e+00,4.201899e-01,4.051675e-01,-3.180155e-01,2.104670e-01,1.038192e-01,-3.300989e-02,-2.797506e-01,-1.475724e-01
5.458374e+00,-1.298755e+00,1.201563e+00,-5.892700e-02,5.102052e-01,-3.907563e-01,-3.030571e-02,-2.566411e-01,1.447714e-01,2.495458e-01,4.242849e-01
5.775989e+00,-1.289254e+00,1.720368e+00,4.759482e-01,5.566890e-01,-3.443937e-02,3.728691e-01,-7.006611e-02,2.039597e-01,-1.641896e-01,-1.744999e-01
5.622161e+00,-1.405012e+00,1.294866e+00,5.404653e-02,2.666605e-01,-4.902009e-01,-1.896950e-01,-1.761888e-01,3.386285e-01,2.689354e-01,8.522039e-02
5.934954e+00,-1.162013e+00,1.584188e+00,2.821129e-01,6.893921e-01,-2.500811e-01,1.056014e-01,-2.562759e-01,6.966336e-03,1.513966e-01,6.509132e-02
5.869985e+00,-1.180459e+00,1.593185e+00,2.360937e-01,5.026040e-01,-3.476778e-01,6.639244e-02,-6.986054e-02,1.041478e-01,1.618188e-01,-3.429363e-01
5.469771e+00,-1.487981e+00,1.717772e+00,5.627838e-02,4.996157e-01,4.892294e-02,1.328987e-01,-3.116185e-01,1.201065e-02,2.241825e-01,-7.939723e-02
6.085973e+00,-1.158371e+00,1.830456e+00,4.401202e-01,4.736545e-01,-3.231288e-01,2.289814e-02,-2.441169e-01,8.514006e-03,-7.263318e-02,-1.107224e-01
5.402116e+00,-1.209640e+00,1.362053e+00,-3.936300e-01,2.944078e-01,-2.689919e-01,3.043407e-01,-1.030776e-01,1.800491e-02,-4.550389e-02,1.139045e-01
6.006618e+00,-7.753787e-01,1.517489e+00,4.760800e-01,-6.360963e-02,-3.305148e-01,5.051204e-01,-2.184462e-01,1.838918e-01,-1.617605e-02,-1.071346e-01
5.650191e+00,-8.317564e-01,1.936287e+00,-8.875127e-02,3.974084e-01,-2.246003e-01,2.861221e-01,-1.090146e-01,6.082853e-02,-3.394883e-01,1.575571e-01
5.607826e+00,-9.045361e-01,1.582473e+00,-8.523533e-02,2.363494e-01,-2.446701e-01,2.761296e-01,2.257093e-02,2.384628e-03,-4.480839e-02,-1.636591e-02
5.710933e+00,-8.413619e-01,1.732597e+00,2.081963e-01,6.378899e-01,1.327257e-02,4.983944e-01,-2.127540e-01,-4.199577e-02,-1.002516e-01,-3.828819e-02
5.148725e+00,-1.543143e+00,1.231194e+00,-3.250061e-01,2.320814e-02,-6.418710e-01,-5.742800e-02,-5.490253e-02,-4.905547e-02,2.822895e-01,1.270419e-01
5.936822e+00,-7.377933e-01,1.558019e+00,7.619074e-02,6.372230e-01,-1.158978e-01,3.888419e-01,-2.748867e-01,7.254941e-02,-1.116024e-01,-2.537770e-01
5.733161e+00,-1.106287e+00,1.483876e+00,-9.122507e-02,5.606126e-01,-2.100877e-01,-5.740454e-02,-1.665303e-01,2.630708e-01,2.534581e-01,2.084035e-01
5.820498e+00,-1.162758e+00,1.601350e+00,3.328263e-01,5.403700e-01,-3.564615e-01,1.030484e-01,-1.593040e-01,-2.938298e-02,1.443009e-01,-1.410879e-01
6.299272e+00,-1.116814e+00,1.599407e+00,3.986228e-02,6.035910e-01,7.167418e-03,-3.735152e-02,-1.414932e-01,3.267246e-02,-1.603770e-03,-1.515449e-01
5.171573e+00,-1.735676e+00,1.153526e+00,4.950004e-02,2.792172e-01,-1.176223e-01,-1.636350e-01,-2.593244e-01,2.599998e-01,1.760172e-01,1.747233e-01
6.096642e+00,-9.276212e-01,1.772283e+00,8.163533e-02,6.489354e-01,-1.667112e-01,9.401596e-02,-4.849812e-01,3.167031e-01,-7.157001e-03,-1.266470e-01
5.779120e+00,-1.349125e+00,1.022115e+00,3.773164e-01,4.892072e-01,-4.395987e-01,3.673177e-01,-2.177204e-01,5.732844e-03,2.271250e-01,-1.376680e-01
5.717270e+00,-1.191595e+00,1.827029e+00,-1.083887e-01,5.381276e-01,-2.251278e-01,2.176502e-01,-2.684520e-01,5.971782e-02,2.153068e-01,1.325193e-01
5.672329e+00,-1.040625e+00,1.737231e+00,1.081565e-01,4.362920e-01,-4.315693e-02,1.441723e-01,-7.290504e-03,2.423500e-01,5.055927e-02,-3.063867e-01
5.664542e+00,-1.425473e+00,1.450214e+00,-6.006878e-02,7.355531e-02,-4.278778e-01,4.421282e-01,-2.573151e-01,-1.697436e-01,-1.981949e-01,6.383101e-02
5.909856e+00,-8.559489e-01,1.692834e+00,3.057079e-01,3.334513e-01,-6.661728e-02,3.527629e-01,-4.092094e-01,2.769267e-01,-8.771160e-02,-1.445212e-02
5.400913e+00,-1.431612e+00,1.572771e+00,-4.299946e-02,1.357033e-01,-2.325341e-01,1.824743e-01,5.092010e-02,1.613234e-01,-8.194070e-02,2.839703e-01
6.040957e+00,-8.953409e-01,1.522009e+00,6.190283e-02,5.209726e-01,-2.703239e-01,2.557794e-01,-1.604971e-01,-1.227062e-01,-3.146395e-01,-4.134785e-02
5.855456e+00,-1.086469e+00,1.561807e+00,1.664238e-01,6.052703e-01,-3.910454e-01,1.089180e-01,1.129516e-01,-9.013778e-02,2.356798e-01,1.228052e-01
5.552808e+00,-1.213143e+00,1.510641e+00,-1.170682e-01,3.397722e-01,-3.115286e-01,1.956262e-01,-2.143550e-01,-1.081685e-01,5.702291e-02,-4.153192e-02
6.046089e+00,-9.280942e-01,1.498773e+00,1.682818e-01,6.411696e-01,-4.811199e-02,1.023558e-01,-1.371616e-01,-8.094549e-03,-4.290494e-02,-3.424019e-01
5.359148e+00,-1.510808e+00,1.497477e+00,-1.961492e-01,2.413985e-01,-4.621766e-01,9.043128e-02,-1.454305e-01,8.105181e-02,3.570750e-01,3.146513e-01
6.081868e+00,-1.042611e+00,1.344199e+00,1.966949e-01,5.332361e-01,7.029677e-02,1.748607e-01,-2.873017e-01,1.672809e-01,2.445437e-01,-4.704196e-01
5.763204e+00,-1.132329e+00,1.351432e+00,-1.446594e-02,5.917488e-01,-1.715300e-01,2.158041e-01,-1.129136e-01,4.303248e-03,1.365077e-01,4.588784e-01
5.565281e+00,-1.101369e+00,1.471939e+00,7.685719e-02,5.334274e-01,-2.675279e-01,-1.869412e-01,-2.861198e-01,2.238566e-01,-7.596850e-02,-9.613975e-02
5.868292e+00,-1.067122e+00,1.390570e+00,1.022562e-01,4.608030e-01,4.680578e-02,3.493235e-01,-2.149670e-01,3.709838e-01,1.063337e-01,3.553460e-02
5.571068e+00,-1.356738e+00,1.350105e+00,-1.947260e-01,3.132159e-01,-2.605139e-01,1.610956e-01,-4.302519e-01,-4.134760e-02,1.067923e-01,-2.202029e-01
5.845745e+00,-8.858999e-01,1.801975e+00,6.803469e-02,2.608474e-01,-3.125675e-01,-3.510985e-02,-8.623842e-02,1.589909e-01,-5.781427e-02,-1.475687e-01
5.394646e+00,-1.203874e+00,1.620175e+00,-1.766560e-01,4.456730e-01,1.192823e-01,4.520188e-01,-1.081724e-01,2.699388e-01,2.379900e-01,-1.351297e-01
5.694304e+00,-9.821272e-01,1.701553e+00,4.526112e-02,1.167126e-01,-3.341259e-01,7.028573e-02,-5.805239e-02,-1.792660e-01,-3.560949e-01,-1.563583e-01
5.705814e+00,-9.481942e-01,1.624059e+00,2.887731e-01,5.693217e-01,-2.942503e-01,3.492281e-01,-5.580196e-02,1.338362e-03,-3.962983e-02,-1.171812e-02
5.558361e+00,-1.497224e+00,1.204657e+00,-1.156310e-01,2.309681e-01,-2.463733e-01,2.034412e-02,-1.474889e-01,1.538695e-01,5.378879e-02,-1.930418e-02
5.894163e+00,-1.180206e+00,1.811087e+00,6.582896e-02,5.649952e-01,-9.744606e-02,1.647423e-01,-1.834514e-01,7.635398e-02,-1.878365e-02,-1.707245e-01
5.813670e+00,-1.171940e+00,1.480236e+00,9.926289e-02,3.387918e-01,-4.300653e-01,-1.084161e-01,-6.909232e-02,1.802160e-01,4.063585e-01,2.989715e-02
5.769756e+00,-1.366341e+00,1.315278e+00,1.022819e-01,6.005889e-01,-1.377143e-01,4.332002e-01,-1.049497e-01,-2.263268e-02,1.828747e-02,-8.468152e-02
5.497858e+00,-1.300386e+00,1.543280e+00,5.486016e-02,5.759894e-01,-3.540818e-01,1.955465e-01,1.518572e-01,3.022129e-01,3.217642e-01,2.478802e-01
5.823092e+00,-1.281775e+00,1.479424e+00,-5.923370e-02,4.479094e-01,-3.689376e-01,2.707393e-02,-1.769839e-01,-4.023473e-01,-3.037939e-02,-9.607226e-02
5.932361e+00,-1.315233e+00,1.481179e+00,1.994508e-01,4.427487e-01,-3.662403e-01,3.717925e-01,-7.271090e-02,2.961943e-01,-9.053689e-03,1.079157e-01
5.568756e+00,-8.732419e-01,1.759106e+00,-4.823758e-02,4.289452e-01,-2.034241e-01,1.184554e-01,-1.202050e-01,5.371998e-02,5.512606e-02,-7.452660e-02
6.013031e+00,-1.038092e+00,1.414277e+00,-5.249410e-02,2.780687e-01,-5.852561e-01,4.862245e-02,-2.822891e-01,1.072131e-01,-1.215948e-01,-7.967921e-02
5.272549e+00,-1.228463e+00,1.608664e+00,1.112322e-01,4.644876e-01,1.142920e-01,5.281687e-01,5.565166e-02,2.875796e-01,2.069789e-01,-1.850998e-02
5.516731e+00,-9.443147e-01,1.650770e+00,1.196587e-02,5.385353e-02,-4.173297e-01,-7.342028e-02,-1.021937e-01,1.150345e-02,-3.216125e-01,-2.413452e-01
5.981573e+00,-9.801438e-01,1.463611e+00,6.739998e-02,5.082913e-01,-1.644456e-01,2.528031e-01,-3.552849e-02,-3.498347e-02,-8.146402e-02,1.242621e-02
5.835460e+00,-1.118600e+00,1.710550e+00,-1.606326e-01,2.580169e-01,-1.052494e-01,9.002078e-02,-1.272101e-01,1.861042e-01,1.883471e-01,-5.566921e-02
5.423047e+00,-1.248067e+00,1.644141e+00,1.062588e-01,2.315384e-01,-2.076570e-01,6.552537e-02,-1.453131e-01,4.100940e-01,-7.013997e-03,-2.238612e-01
6.048920e+00,-9.842074e-01,1.424358e+00,2.830258e-02,3.550488e-01,-1.994405e-01,2.587273e-01,-6.250148e-01,1.268311e-01,4.491966e-01,6.398141e-02
5.407042e+00,-1.320033e+00,1.279788e+00,5.403991e-02,7.374328e-01,-3.030179e-01,-1.512247e-01,-2.098740e-01,2.000299e-01,-4.233101e-02,-3.749125e-01
5.594903e+00,-1.377186e+00,1.638850e+00,-9.085998e-03,5.910246e-01,-9.508467e-02,3.360970e-01,-2.527173e-01,3.951903e-01,3.678482e-01,1.648415e-01
6.016875e+00,-1.263949e+00,1.330956e+00,2.026325e-01,6.051309e-01,-2.330065e-01,-9.780787e-02,-2.791940e-01,-2.143571e-02,-1.189380e-01,-1.232785e-01
5.828219e+00,-1.015947e+00,1.482678e+00,-2.451207e-02,2.801682e-01,-3.294972e-01,-1.875793e-02,-2.210844e-01,4.856097e-02,4.542332e-01,1.257132e-01
5.978014e+00,-1.412390e+00,1.755274e+00,3.122773e-01,5.157118e-01,-2.832633e-01,6.105852e-02,1.036517e-01,6.195605e-02,6.284260e-02,7.106476e-02
5.922920e+00,-1.199141e+00,1.193705e+00,-3.321271e-01,3.730590e-02,-3.184774e-01,4.389386e-03,-5.033526e-01,-2.685222e-01,1.909289e-01,-4.252808e-03
5.273880e+00,-1.311572e+00,1.841023e+00,3.738153e-01,3.426758e-01,-2.494840e-01,4.623572e-01,1.862599e-01,3.293866e-01,7.994911e-02,9.894569e-02
5.523057e+00,-9.208928e-01,1.598273e+00,5.985213e-02,5.033901e-01,-1.307279e-01,2.964269e-01,-7.299441e-02,-1.137714e-01,-3.254965e-01,2.668695e-02
5.826157e+00,-1.101102e+00,1.187163e+00,8.039209e-02,4.043270e-01,-5.496895e-01,5.177084e-01,-6.229650e-02,-1.844032e-01,-1.481178e-01,4.879867e-01
5.691250e+00,-7.005766e-01,2.117195e+00,9.999894e-02,1.938605e-01,-5.970195e-01,1.636129e-01,2.579819e-01,4.839098e-02,-1.375965e-01,-8.167951e-03
5.393654e+00,-1.414133e+00,1.214035e+00,-3.450479e-01,-7.723685e-02,-2.839337e-01,3.149531e-01,-1.847662e-01,4.822159e-02,9.616370e-03,-1.338984e-02
6.026091e+00,-1.201074e+00,1.708958e+00,8.474815e-02,3.366659e-01,-3.419942e-01,2.415522e-01,-1.123826e-01,-5.163006e-02,-6.402885e-02,1.762554e-01
5.554022e+00,-9.082556e-01,1.905231e+00,2.802574e-01,2.950883e-01,-2.234612e-01,9.249140e-02,-3.018139e-01,1.461103e-01,-1.165657e-01,-3.141498e-01
5.412604e+00,-1.755899e+00,1.318489e+00,4.095805e-01,4.951569e-01,1.277916e-01,3.860844e-01,-1.882996e-01,3.077616e-01,1.323272e-01,6.932984e-02
6.015065e+00,-8.630891e-01,1.420896e+00,6.688579e-02,6.503831e-01,-1.176592e-01,-3.312828e-02,-3.651668e-01,-8.664678e-03,-2.675679e-02,2.869582e-02
5.424444e+00,-1.544063e+00,1.221303e+00,-1.738928e-01,1.026741e-01,-8.578262e-01,-4.352644e-01,-1.140762e-01,2.378437e-01,2.893313e-01,-2.658527e-01
5.837958e+00,-1.099716e+00,1.372512e+00,1.667898e-01,5.550600e-01,6.138027e-02,3.449106e-01,-3.601618e-01,1.278854e-01,4.749356e-01,5.059314e-02
5.880681e+00,-1.342372e+00,1.494914e+00,-7.002805e-02,5.150215e-01,-2.087255e-01,-2.009651e-01,-3.188159e-01,1.105302e-01,1.012159e-01,-1.999945e-01
5.539755e+00,-9.928068e-01,1.815350e+00,1.342248e-01,4.929353e-01,-1.405885e-01,-2.969426e-02,-3.405488e-02,1.030016e-01,3.196064e-01,-3.047732e-02
5.757139e+00,-1.129095e+00,1.447372e+00,2.514722e-01,9.260531e-01,2.084408e-01,2.957250e-01,-9.459753e-02,-4.205422e-02,-1.697073e-01,-2.037983e-01
5.393043e+00,-1.420083e+00,1.155029e+00,-3.163722e-01,-1.448067e-01,-2.041586e-01,1.727653e-01,-1.413322e-01,2.392389e-02,2.713826e-01,3.171024e-01
5.826883e+00,-4.597012e-01,2.019379e+00,1.524257e-01,2.822658e-01,-4.438455e-01,1.739197e-01,6.252201e-02,8.311347e-02,-3.133739e-01,5.113430e-02
5.633330e+00,-9.340589e-01,1.501471e+00,-1.878034e-01,-2.918446e-02,-1.734840e-01,5.756228e-01,-7.994900e-02,-1.676770e-01,-2.300883e-01,2.236410e-01
5.744637e+00,-6.758171e-01,1.789288e+00,-7.032758e-02,1.682370e-01,-2.722781e-01,4.591307e-01,-7.869214e-02,-4.906531e-02,-1.651140e-01,2.647159e-03
5.717835e+00,-6.280037e-01,2.010177e+00,2.581537e-01,2.205682e-01,-4.868152e-01,3.893606e-01,5.612626e-02,-1.773383e-01,-3.885717e-01,-2.292361e-01
5.083141e+00,-1.564529e+00,1.354383e+00,-3.417383e-02,5.068177e-01,1.758605e-01,6.044062e-01,-2.774676e-03,-1.854572e-01,2.075322e-02,1.077554e-02
5.970464e+00,-9.017703e-01,1.877246e+00,1.342462e-02,6.091266e-01,-3.778874e-01,-7.300665e-03,-2.168143e-02,1.164256e-01,-1.494856e-01,6.383557e-04
5.703917e+00,-1.322269e+00,1.323238e+00,3.896192e-01,2.217009e-02,-4.439276e-01,1.646958e-01,-2.034660e-01,-9.626260e-02,1.834012e-01,1.967812e-02
5.974783e+00,-1.230384e+00,1.456939e+00,3.924850e-02,6.164568e-01,-2.071814e-02,5.308498e-02,-2.478074e-01,3.602508e-01,1.028625e-01,6.164206e-03
5.812053e+00,-1.246937e+00,1.760852e+00,1.462156e-01,3.735611e-01,-5.636548e-02,8.754307e-02,-9.983549e-02,1.788094e-01,1.180145e-01,-8.802969e-02
5.657379e+00,-1.457310e+00,1.497817e+00,3.996116e-01,4.361062e-01,-4.718967e-01,2.156210e-03,-3.176907e-01,6.559094e-02,2.267539e-01,1.362747e-02
5.741807e+00,-1.154587e+00,1.559182e+00,4.546888e-01,8.874010e-01,1.816041e-01,3.849297e-01,-2.633708e-01,-2.784274e-01,-1.736031e-02,-2.603482e-01
5.232356e+00,-1.646089e+00,1.339807e+00,-1.800692e-01,6.304562e-02,-4.205559e-01,-1.085106e-01,6.938846e-02,3.930022e-01,2.837735e-01,1.796984e-01
5.941499e+00,-8.043294e-01,1.803529e+00,1.567455e-01,6.485096e-01,-2.134536e-01,3.653255e-02,-1.590358e-01,7.628233e-02,-6.389967e-02,-2.003231e-01
5.921846e+00,-1.051805e+00,1.494614e+00,1.180032e-01,3.535640e-01,-5.326471e-01,3.989410e-01,1.085390e-01,-2.644195e-01,-5.852689e-02,1.349087e-01
5.516574e+00,-8.369229e-01,1.724996e+00,8.055819e-02,1.815229e-01,-1.793824e-01,4.229337e-01,-2.564261e-01,1.972645e-01,-3.960683e-02,-1.015435e-01
5.802593e+00,-7.654906e-01,1.894457e+00,2.672696e-01,2.811202e-01,-2.598170e-01,2.660942e-01,-1.804532e-01,-1.231357e-01,-7.885228e-02,-4.716864e-02
4.825654e+00,-2.033109e+00,1.018122e+00,-4.692798e-01,2.168153e-01,-2.445011e-01,4.139403e-01,-5.804451e-02,2.009641e-01,6.004839e-02,3.596903e-01
5.922277e+00,-6.120723e-01,1.594413e+00,1.659206e-01,3.113975e-01,-1.534947e-01,1.552695e-01,-9.059365e-02,1.304778e-01,3.860541e-02,9.252120e-02
5.742966e+00,-1.084606e+00,1.355174e+00,2.511170e-01,5.547012e-01,-2.507932e-01,2.811161e-01,-5.237348e-02,-2.313340e-02,1.184020e-01,6.642948e-02
5.918315e+00,-8.884642e-01,1.535094e+00,-1.709959e-01,5.043185e-01,-2.601309e-01,-2.397383e-03,-7.078346e-02,-2.719923e-02,1.748823e-02,-1.050810e-02
5.620155e+00,-1.112864e+00,1.749941e+00,8.385571e-02,7.408987e-01,2.095784e-02,2.740339e-01,-1.521090e-01,2.355958e-01,1.660024e-01,-2.492433e-01
5.520847e+00,-1.428536e+00,1.140652e+00,-1.491627e-01,1.587010e-01,-5.387056e-01,5.521442e-02,-5.590024e-01,7.326770e-02,2.771087e-01,-9.029291e-02
5.900855e+00,-1.125870e+00,1.749431e+00,2.137269e-01,8.397089e-01,-1.457805e-02,-2.379990e-02,-1.096530e-01,4.672676e-03,-1.060839e-01,-3.275916e-01
5.613987e+00,-1.444094e+00,1.368476e+00,5.961856e-02,2.326501e-01,-8.165020e-02,1.323483e-01,-4.022170e-01,4.957443e-01,3.716679e-01,1.969625e-01
5.736286e+00,-1.197113e+00,1.681036e+00,2.930125e-01,6.693039e-01,-1.063216e-01,-4.386913e-02,-1.115575e-01,3.909207e-02,-6.065883e-02,-2.082480e-01
6.064784e+00,-9.110223e-01,1.465475e+00,4.237354e-02,5.257230e-01,-2.686188e-01,1.750546e-01,-2.328157e-01,1.726186e-01,8.571921e-02,-4.485183e-02
5.357121e+00,-1.373293e+00,1.246687e+00,1.029819e-01,3.524682e-01,-2.277116e-01,7.837549e-03,-1.207361e-01,1.154529e-01,1.549495e-02,-5.744579e-02
5.841433e+00,-1.004063e+00,2.002242e+00,2.275997e-02,4.457048e-01,-2.294046e-01,1.925885e-01,-1.624706e-01,1.142582e-01,5.668905e-02,-1.355567e-01
5.396858e+00,-1.329475e+00,1.411920e+00,2.901668e-02,1.053454e-01,-1.672338e-01,4.377510e-01,-1.545807e-01,8.852443e-02,1.614289e-02,9.132765e-03
5.953919e+00,-1.044235e+00,1.521796e+00,3.527019e-01,3.538963e-01,-5.052563e-01,3.999021e-01,-2.315693e-01,-3.662344e-02,1.118536e-01,-8.754165e-02
5.353063e+00,-1.024956e+00,1.592289e+00,-1.427160e-02,5.581932e-01,6.418282e-02,3.976125e-01,-8.731951e-03,2.472664e-01,1.699624e-01,-1.306824e-02
5.778400e+00,-1.218284e+00,1.292887e+00,3.009900e-02,3.808114e-01,-4.346281e-01,-1.738235e-01,-5.052350e-02,-8.341337e-02,-3.032870e-01,1.571697e-01
5.960566e+00,-9.865648e-01,1.606985e+00,2.020714e-01,4.702963e-01,-1.039087e-01,2.956295e-01,-1.971169e-01,-1.289147e-01,1.806604e-01,1.455683e-01
5.679241e+00,-1.348077e+00,1.285681e+00,3.968937e-02,1.899210e-01,-3.367988e-01,-9.069712e-02,-2.770803e-02,2.580908e-01,2.924887e-02,-2.886001e-03
6.088316e+00,-1.001087e+00,1.509635e+00,1.490424e-01,4.747842e-01,-1.159168e-01,1.107191e-01,-1.775119e-01,-3.089404e-01,3.747418e-02,-5.168358e-02
5.704903e+00,-1.260805e+00,1.456073e+00,1.895237e-02,5.307105e-01,-1.947251e-01,1.614653e-01,-1.569239e-01,1.602945e-01,3.909593e-01,1.644922e-02
5.599260e+00,-1.323030e+00,1.649305e+00,1.345890e-02,5.980503e-01,-3.445430e-01,4.116904e-02,-8.066455e-02,9.452897e-02,-5.151039e-02,-3.467740e-01
5.828824e+00,-7.801173e-01,1.320929e+00,9.128569e-03,6.407068e-01,4.387780e-02,1.094585e-01,-3.054888e-01,4.444588e-02,2.100618e-01,-8.637395e-02
5.682519e+00,-1.347680e+00,1.208462e+00,-7.639010e-02,2.937798e-01,-4.007212e-01,1.444263e-02,-3.489530e-01,2.617075e-01,1.647224e-02,1.998366e-03
5.657106e+00,-1.106583e+00,1.784348e+00,4.778136e-02,2.927084e-01,-2.694394e-02,2.010059e-01,-1.453797e-01,4.252035e-01,8.428009e-02,-7.106803e-02
5.921030e+00,-1.174225e+00,1.320834e+00,1.692866e-01,3.561279e-01,-1.368049e-01,3.016931e-01,-4.051450e-01,1.344440e-01,2.443469e-01,-1.892313e-01
5.663347e+00,-8.794077e-01,1.729421e+00,-2.814925e-01,2.972335e-01,-1.741504e-01,1.295401e-02,-3.225017e-01,-1.512712e-01,-2.355645e-02,-6.837450e-02
5.424029e+00,-1.348890e+00,1.820238e+00,8.674837e-02,3.869045e-01,-1.298929e-01,4.489884e-01,3.362289e-01,3.558546e-01,-2.724378e-02,-5.697045e-02
5.666722e+00,-9.832024e-01,1.264888e+00,-1.617098e-01,2.871490e-01,-1.445331e-01,1.059894e-01,-5.309452e-01,-1.283117e-01,-5.187748e-02,-1.415538e-01
5.987983e+00,-9.400988e-01,1.465956e+00,2.090337e-01,4.487489e-01,-6.246538e-01,1.677200e-01,-4.253947e-02,8.244253e-03,-4.846975e-02,5.282002e-02
5.632227e+00,-1.208614e+00,1.541314e+00,-3.423564e-02,4.210117e-01,-9.025317e-02,2.963096e-01,-6.021145e-02,3.291673e-01,1.834989e-01,9.362675e-02
5.915970e+00,-1.421710e+00,1.472121e+00,1.322916e-01,3.360723e-01,-2.866120e-01,-2.261842e-02,-3.942691e-01,-1.642526e-01,2.035718e-01,-2.181436e-01
5.611657e+00,-1.249288e+00,1.614278e+00,-6.832503e-03,5.086826e-01,-2.265250e-01,2.919003e-01,5.183182e-02,9.579342e-02,1.988667e-01,1.748591e-01
5.507828e+00,-1.312504e+00,1.264520e+00,3.150236e-02,5.278460e-01,-2.420328e-01,-5.848890e-02,-1.402443e-02,1.221521e-01,8.993091e-02,-1.549311e-01
5.856038e+00,-1.270925e+00,1.390183e+00,2.606612e-01,7.301473e-01,-3.655787e-01,3.172749e-01,3.731903e-02,-2.115860e-01,3.712918e-02,1.526065e-01
6.059248e+00,-8.329236e-01,1.447778e+00,6.756562e-02,1.578233e-01,-3.830603e-01,-3.905473e-02,-3.028192e-02,2.027258e-01,-5.219796e-02,-1.253588e-01
5.627993e+00,-1.427744e+00,1.537753e+00,4.539745e-02,2.820609e-01,-2.926110e-01,4.241798e-01,-1.450335e-01,2.522200e-01,-6.236895e-02,8.081956e-03
5.769774e+00,-1.039331e+00,1.612534e+00,4.810122e-02,4.084400e-01,-1.860025e-01,1.510268e-01,-7.828728e-02,-5.916999e-03,3.723727e-02,2.614674e-01
5.498435e+00,-1.065884e+00,1.734556e+00,4.966215e-03,1.156594e-01,-4.527445e-01,1.253627e-01,-3.368917e-01,-1.689292e-02,-2.843866e-01,-2.842459e-01
5.468328e+00,-1.111021e+00,1.670927e+00,-3.617511e-03,2.364931e-01,-9.439832e-03,5.079902e-01,-5.848161e-02,1.588964e-01,1.597062e-01,2.172126e-02
5.705730e+00,-8.477399e-01,1.618017e+00,1.137589e-01,4.544501e-01,-2.647658e-01,2.727217e-01,-2.383525e-01,1.287527e-01,-2.164373e-01,-3.792654e-01
5.799926e+00,-7.791395e-01,1.786306e+00,-4.178452e-01,4.893022e-02,-6.038491e-01,1.314232e-01,5.609435e-02,-2.147019e-01,5.714188e-03,1.529524e-01
5.727589e+00,-1.174385e+00,1.446504e+00,1.867055e-01,5.968182e-01,9.680041e-03,2.314573e-01,-2.036341e-02,4.454231e-01,1.085829e-01,-1.067053e-01
5.551682e+00,-1.142478e+00,1.555815e+00,-2.602418e-01,2.022578e-01,-4.858992e-02,-1.996880e-01,-6.252271e-01,5.718844e-02,1.905349e-01,1.211025e-01
5.647925e+00,-1.389378e+00,1.544723e+00,1.582221e-01,5.280206e-01,-4.962795e-02,-2.089685e-02,1.105916e-01,3.780151e-01,1.013206e-01,-1.272693e-01
5.890265e+00,-1.032522e+00,1.292005e+00,2.513567e-01,5.548853e-01,-2.137762e-01,2.486688e-01,-5.209580e-01,5.731197e-02,3.332219e-01,3.144338e-02
5.455023e+00,-1.476843e+00,1.324726e+00,9.524581e-02,6.105936e-01,-2.002666e-01,-1.765024e-02,-1.005867e-01,2.663680e-01,3.322281e-01,-5.899932e-02
6.078578e+00,-8.566506e-01,1.499521e+00,1.456405e-01,4.171531e-01,-4.116048e-01,-6.344666e-02,-2.546699e-01,2.871977e-01,2.629807e-02,-4.608941e-02
5.498689e+00,-1.415103e+00,1.146529e+00,1.365673e-02,5.456338e-01,-4.073925e-01,1.334814e-02,-1.569865e-01,-1.692174e-01,2.506972e-01,-1.402291e-01
5.766105e+00,-1.021993e+00,1.589366e+00,7.211909e-02,5.261871e-01,-3.047450e-01,1.027544e-01,4.044333e-02,1.594858e-01,2.203016e-01,7.953197e-02
5.873586e+00,-1.157423e+00,1.728013e+00,3.490765e-01,3.395840e-01,-3.309905e-01,3.497096e-01,-2.660263e-01,-2.268158e-01,-3.653241e-01,-1.056151e-01
5.626737e+00,-1.071941e+00,1.476377e+00,-4.167837e-02,2.850226e-01,-1.306751e-01,1.877797e-01,-1.422708e-01,5.819869e-02,6.077403e-02,1.219080e-01
5.593384e+00,-7.941174e-01,2.038997e+00,1.892310e-01,1.362911e-01,-1.976968e-01,3.785338e-01,1.447715e-01,6.830180e-02,-3.390987e-01,2.085558e-01
5.578519e+00,-1.202302e+00,1.190334e+00,-2.793802e-01,-2.938384e-01,-7.959292e-01,1.276586e-01,5.743502e-02,-3.359699e-01,-2.471185e-01,2.367659e-01
5.627478e+00,-7.243737e-01,1.728650e+00,3.097107e-02,3.356359e-01,-7.240319e-02,6.477461e-01,-6.662097e-02,1.474135e-02,-1.616186e-01,2.204689e-01
5.457189e+00,-1.105264e+00,1.988200e+00,2.081311e-01,8.003813e-02,-4.138426e-01,2.968470e-01,-5.657211e-02,1.697362e-01,-3.274350e-02,-1.478028e-01
5.526297e+00,-1.114416e+00,1.527231e+00,-1.643046e-01,5.113653e-01,5.399817e-02,3.715061e-01,-3.066785e-01,-8.895365e-02,7.178720e-02,5.521625e-02
5.859597e+00,-1.063617e+00,1.510069e+00,6.323551e-01,5.411088e-01,-4.567178e-01,1.426162e-01,-2.620556e-01,-2.257342e-03,4.595288e-02,-8.686579e-02
4.901582e+00,-1.731796e+00,1.083380e+00,-6.435525e-01,-7.166220e-02,-3.347071e-01,-2.736362e-01,-1.896408e-01,3.416097e-01,2.674546e-01,1.321891e-01
6.307310e+00,-1.267772e+00,1.450076e+00,3.103183e-01,4.819159e-01,-2.799052e-01,-5.086717e-02,-2.364618e-01,9.569728e-02,6.996327e-02,-2.447557e-02
5.761276e+00,-1.306044e+00,1.480170e+00,3.836330e-01,4.485826e-01,-1.197493e-01,-1.209178e-01,-2.391599e-01,-1.826100e-01,2.802168e-01,1.208720e-02
5.579448e+00,-1.170980e+00,1.467016e+00,2.015934e-01,4.669789e-01,-1.586279e-01,7.740562e-02,-9.352132e-02,6.247991e-01,1.370793e-01,-9.539202e-02
6.021504e+00,-1.156723e+00,1.533088e+00,3.102911e-01,6.052253e-01,2.067874e-02,1.713355e-01,-5.088865e-01,-8.980534e-02,8.397173e-02,-3.175024e-01
5.278867e+00,-1.403306e+00,1.292507e+00,-2.225684e-01,4.517330e-01,-4.365777e-01,-1.062513e-01,-2.205728e-01,1.187398e-01,2.137810e-01,8.713624e-02
5.781419e+00,-9.170519e-01,1.802890e+00,1.678089e-01,4.725400e-01,-2.526171e-01,3.461053e-01,1.196324e-01,1.066896e-01,1.569595e-01,-1.285154e-01
5.857985e+00,-7.695539e-01,1.115123e+00,-1.491223e-01,3.108183e-01,-4.468731e-01,3.815696e-01,-2.585422e-01,-1.346841e-01,1.801912e-03,1.582700e-01
5.715501e+00,-6.954211e-01,1.772027e+00,1.137522e-01,2.964766e-01,-2.131871e-01,1.631606e-01,1.348861e-01,8.418347e-03,-2.303689e-01,1.933615e-02
5.743767e+00,-7.182704e-01,2.091062e+00,-3.720401e-03,-5.369850e-02,3.165891e-03,5.777508e-01,-4.170250e-02,1.416842e-01,-4.662339e-01,6.432390e-02
5.496153e+00,-1.217513e+00,1.350952e+00,-1.910540e-01,2.154137e-01,-2.593771e-01,4.187367e-01,-1.604877e-01,-6.620865e-02,-2.026802e-01,2.844220e-02
5.868823e+00,-5.897188e-01,2.159816e+00,1.145785e-01,3.586425e-01,-1.892926e-01,2.640061e-01,-3.297779e-01,-1.613994e-01,3.947290e-02,1.850714e-02
5.506133e+00,-1.304451e+00,1.435994e+00,-4.203444e-02,1.826033e-01,-5.047539e-01,3.269660e-01,1.582846e-03,1.529774e-01,-8.552176e-02,-6.919761e-02
6.027486e+00,-9.708436e-01,1.608236e+00,-1.619982e-01,5.132095e-01,-7.582598e-02,1.919480e-01,-2.174158e-01,-1.127957e-01,1.290538e-01,5.742055e-02
5.907710e+00,-1.095015e+00,1.755242e+00,4.397015e-01,4.775521e-01,-4.382719e-01,-7.273976e-02,-1.241023e-01,1.821115e-01,6.181292e-02,-1.592407e-01
5.433601e+00,-1.417097e+00,1.294635e+00,1.166528e-01,4.440320e-01,-3.257495e-02,8.318162e-02,6.166957e-02,3.748182e-02,1.298739e-01,-3.723310e-02
6.144548e+00,-1.362128e+00,1.706628e+00,2.644278e-01,5.604883e-01,3.796367e-02,1.517920e-01,-4.785378e-01,1.060873e-01,2.065072e-01,-2.430596e-01
5.071918e+00,-1.525591e+00,1.364324e+00,3.761851e-02,3.248070e-01,-4.558144e-01,-1.653692e-01,-4.522057e-02,3.231814e-01,1.268591e-01,1.566145e-01
6.206038e+00,-1.077333e+00,1.348314e+00,3.728848e-01,4.676759e-01,-3.506629e-01,3.645705e-01,-1.967457e-01,-2.301130e-02,2.633604e-01,-2.209091e-01
5.644605e+00,-1.271718e+00,1.498554e+00,3.061637e-02,4.625609e-01,-5.930839e-02,2.047404e-01,-6.694544e-02,1.828063e-01,1.917897e-02,1.915971e-01
5.669755e+00,-1.092228e+00,2.011619e+00,9.476306e-02,1.743047e-01,-3.577165e-01,-1.177534e-01,4.525141e-02,-3.718822e-02,-1.688904e-02,3.133510e-02
5.937173e+00,-7.584375e-01,1.653131e+00,3.328446e-01,4.132445e-01,-2.690219e-01,6.286346e-01,-1.125936e-02,-2.014513e-01,-2.364903e-01,-2.887554e-01
5.199697e+00,-1.421514e+00,1.074568e+00,-5.674778e-01,1.224379e-01,-5.798450e-01,2.647300e-01,-8.965032e-02,-3.511305e-02,-1.066516e-01,3.232543e-01
5.759306e+00,-6.896897e-01,1.884958e+00,4.240549e-01,4.283652e-01,-1.409972e-01,1.442906e-01,-3.133088e-01,8.607964e-02,3.368929e-02,-2.507700e-01
5.745963e+00,-9.640816e-01,1.417069e+00,-6.879235e-02,3.206280e-01,-3.052444e-01,3.602286e-01,-1.334519e-01,-9.677461e-02,-6.526687e-03,2.333492e-01
5.820446e+00,-1.252263e+00,1.566301e+00,1.340835e-01,4.122404e-01,-5.091234e-02,1.735729e-01,-6.998678e-02,5.670443e-02,2.229967e-02,-1.060698e-01
5.858451e+00,-6.457749e-01,1.683196e+00,1.944087e-01,4.564413e-01,-2.400838e-01,-6.657401e-02,-4.140918e-02,1.062545e-02,2.883997e-01,-2.025465e-02
5.419508e+00,-1.677449e+00,1.141605e+00,-3.426028e-01,3.774036e-01,-2.654983e-01,1.256169e-01,-1.976302e-01,-1.026446e-01,7.835456e-02,-2.170593e-01
5.915137e+00,-1.194980e+00,1.825850e+00,2.184838e-01,3.499566e-01,2.697383e-02,1.343589e-02,-1.675943e-01,2.249161e-01,1.184085e-01,-1.677951e-02
5.493731e+00,-1.384874e+00,1.360308e+00,7.446411e-02,6.912088e-01,-4.961414e-02,1.032237e-01,-1.654053e-01,4.482551e-01,3.658705e-01,-2.337299e-01
6.052971e+00,-1.124985e+00,1.484884e+00,1.201078e-01,4.011850e-01,-2.371552e-01,-4.468229e-02,-1.197416e-01,-1.541556e-01,1.514575e-01,-1.698089e-01
5.537519e+00,-1.112866e+00,1.571624e+00,1.709010e-01,6.623119e-01,6.808518e-02,1.007580e-01,-5.032864e-02,4.057643e-01,-5.380538e-02,-1.597653e-02
5.526780e+00,-1.254287e+00,1.304125e+00,-8.261372e-02,2.834157e-01,-4.616270e-01,-1.101706e-01,-4.127118e-01,1.838573e-01,1.252174e-01,-1.892477e-01
5.918395e+00,-9.368974e-01,1.666465e+00,2.297490e-01,6.471932e-01,-2.685420e-01,5.464057e-01,-4.131566e-01,-2.394550e-02,-9.092009e-02,-1.793252e-01
5.385478e+00,-1.237261e+00,1.387315e+00,-1.697370e-01,1.879921e-01,-1.658831e-01,-2.027497e-02,1.824538e-04,3.063531e-01,2.681094e-01,1.849236e-01
5.760235e+00,-1.256043e+00,1.972252e+00,2.952978e-01,3.452448e-01,1.183856e-03,5.508317e-01,-2.914944e-01,-9.922168e-02,-2.438360e-01,-2.095994e-01
5.950834e+00,-9.536242e-01,1.528177e+00,1.247487e-02,2.696033e-01,-6.850165e-02,4.201365e-02,-1.067569e-01,3.498415e-01,-9.895901e-02,-3.421147e-02
5.412980e+00,-1.180555e+00,1.336826e+00,1.646484e-01,3.811276e-01,-2.490134e-01,1.909639e-01,-1.054346e-01,-1.681015e-01,-4.972026e-02,2.030991e-01
5.955266e+00,-1.015896e+00,1.412494e+00,3.077494e-01,6.477134e-01,-5.062044e-01,2.687309e-01,1.028812e-02,7.141874e-02,9.801902e-02,1.461784e-01
5.510311e+00,-1.162710e+00,1.362612e+00,-1.520672e-01,3.947559e-01,-2.976963e-01,4.627061e-02,-1.178166e-01,2.768921e-02,4.907967e-02,-6.533012e-02
5.947655e+00,-1.102178e+00,1.532507e+00,2.678060e-01,4.041632e-01,-3.443456e-01,6.890632e-02,-3.894423e-01,1.940895e-01,1.392278e-01,-7.984519e-03
5.453074e+00,-1.460986e+00,1.445968e+00,1.448367e-01,8.711126e-01,4.487372e-02,4.031363e-01,4.620483e-02,1.815665e-01,2.195521e-01,-1.962618e-01
5.722442e+00,-1.117422e+00,1.489035e+00,1.315327e-01,2.180768e-01,-5.140785e-01,-5.908342e-02,-1.669762e-01,-2.311034e-01,4.381810e-02,1.242799e-03
5.949420e+00,-1.212826e+00,1.550184e+00,2.737386e-01,5.491923e-01,6.841450e-02,-5.836880e-02,-6.511621e-02,8.292567e-02,1.491919e-01,-1.079332e-01
5.703266e+00,-1.255244e+00,1.283942e+00,-1.881692e-01,2.085299e-01,-1.758701e-01,7.271375e-02,-2.657321e-01,9.628845e-02,1.658355e-01,-9.060671e-02
5.792259e+00,-9.411354e-01,1.613144e+00,2.536630e-01,3.940866e-01,-3.398236e-01,-1.113247e-01,-9.486936e-03,1.993159e-01,-2.098351e-01,-5.333051e-02
5.660695e+00,-9.494163e-01,1.354128e+00,-2.536319e-01,4.402924e-01,-6.941474e-03,2.136532e-01,-4.966844e-01,3.172283e-01,4.283434e-01,3.000415e-01
5.271175e+00,-1.338243e+00,1.547310e+00,1.368329e-01,5.492576e-01,-1.105521e-01,4.372292e-01,-3.653452e-01,2.059585e-01,-2.698265e-01,-3.794006e-01
5.643984e+00,-8.592269e-01,1.667846e+00,3.684313e-02,1.396689e-01,5.401778e-02,2.170991e-01,-4.724401e-02,9.099073e-02,2.281750e-01,-1.241170e-01
5.682120e+00,-1.260946e+00,1.518603e+00,-2.007929e-01,3.874088e-01,-4.141891e-01,2.590517e-01,-3.458613e-01,-1.677863e-01,6.013777e-02,-3.194482e-02
5.713026e+00,-9.380356e-01,1.649936e+00,-1.159540e-01,2.094625e-01,9.810737e-02,2.320463e-01,1.060615e-01,2.363162e-01,8.579985e-02,-1.058464e-01
5.783078e+00,-1.048220e+00,1.545382e+00,1.771758e-01,3.025321e-01,-3.314546e-01,-3.322375e-02,-2.459530e-02,1.862266e-01,-1.295267e-01,5.628701e-04
5.966273e+00,-1.005594e+00,1.131228e+00,5.461672e-03,4.292871e-01,-4.581748e-01,7.625679e-02,-5.606335e-01,-1.049948e-01,1.679523e-01,8.134295e-02
5.341559e+00,-1.452514e+00,1.467963e+00,3.054394e-01,6.662979e-01,2.901593e-02,4.335575e-01,2.963936e-01,2.944025e-01,2.124533e-02,5.472889e-02
5.605283e+00,-1.361409e+00,1.522696e+00,1.085620e-01,5.281394e-01,-3.631172e-01,-1.434219e-01,-3.238832e-01,-1.323170e-01,-7.780627e-02,-1.780152e-01
6.069478e+00,-1.104630e+00,1.219432e+00,2.337896e-01,5.339369e-01,-1.574836e-01,-7.982034e-02,-2.123469e-01,-3.366737e-02,2.587356e-01,-6.319280e-02
5.518182e+00,-1.255365e+00,1.639600e+00,6.792459e-02,4.279726e-01,-3.083338e-01,3.003440e-01,2.617661e-01,2.718317e-01,-3.871001e-02,2.633084e-02
5.913386e+00,-1.105126e+00,1.376066e+00,-7.243226e-02,3.054765e-01,-4.412815e-01,3.160040e-02,-3.582968e-01,-5.319239e-02,2.402964e-01,-1.453807e-02
5.961119e+00,-1.270414e+00,1.420208e+00,1.720191e-01,5.197798e-01,-4.927578e-01,3.918455e-01,-2.484128e-02,-9.083217e-02,1.743586e-01,1.289776e-01
5.226735e+00,-1.013752e+00,1.739590e+00,-7.541451e-02,1.481563e-01,5.996640e-02,3.409043e-01,-1.071673e-01,4.352715e-02,-1.469736e-01,-2.770769e-01
5.292782e+00,-1.477045e+00,1.530190e+00,2.645124e-01,4.268917e-01,4.790914e-02,2.778809e-01,1.272133e-01,1.787752e-01,-6.040706e-02,2.283954e-01
5.930641e+00,-7.680174e-01,1.555497e+00,-2.390887e-02,5.882662e-02,-1.782075e-01,4.404264e-01,-3.564969e-01,-3.145957e-01,-6.689997e-02,2.416387e-01
5.491765e+00,-9.776941e-01,1.708869e+00,-1.634451e-01,4.172233e-02,-3.670574e-01,1.888088e-01,2.257466e-01,5.360194e-01,-4.095704e-01,-2.531727e-01
5.873110e+00,-7.659769e-01,1.789751e+00,-1.311518e-02,1.403588e-01,-2.259929e-01,3.895857e-01,-2.082394e-01,-1.854101e-01,1.209386e-01,1.480088e-01
5.741107e+00,-1.146553e+00,1.427047e+00,-2.434612e-01,3.727157e-01,-3.989009e-01,-1.260974e-01,-2.020650e-01,-2.654210e-01,-5.497595e-02,-1.601709e-01
5.295125e+00,-1.257341e+00,1.752542e+00,1.989231e-02,4.841284e-01,-1.408454e-01,4.574496e-01,1.808557e-01,4.872634e-01,1.201716e-01,3.114665e-02
5.674618e+00,-1.261233e+00,1.619661e+00,2.920189e-01,7.002139e-01,3.281174e-02,9.110872e-02,-4.947904e-01,-9.423134e-03,8.539667e-02,-4.059330e-01
5.800694e+00,-1.242470e+00,1.210472e+00,1.296820e-02,3.210650e-01,-2.446679e-01,-8.990122e-02,-5.191790e-01,3.298205e-01,4.520516e-02,1.227506e-01
5.881722e+00,-1.018334e+00,1.490349e+00,2.969860e-01,7.291924e-01,-3.744749e-01,1.293492e-01,1.845082e-01,2.643502e-01,2.051019e-01,-6.957168e-02
5.856317e+00,-1.249285e+00,9.310051e-01,-6.679448e-02,6.277034e-01,-6.342912e-01,-2.235790e-01,-4.340973e-01,1.794923e-01,2.981610e-01,9.590232e-02
5.829975e+00,-1.067033e+00,1.449914e+00,8.507289e-02,4.935644e-01,1.358591e-02,-1.873423e-03,-1.670217e-01,9.013083e-02,1.722828e-01,1.693196e-02
5.553683e+00,-1.157584e+00,1.775850e+00,4.023007e-01,4.253268e-01,-2.613332e-01,-5.220799e-02,4.745488e-02,5.203465e-02,-1.032568e-01,-2.129323e-01
5.287715e+00,-1.309695e+00,1.281802e+00,1.319097e-01,4.829226e-01,1.114502e-02,5.137723e-01,-3.717879e-01,1.248714e-01,4.350828e-01,2.139750e-01
6.225897e+00,-9.137245e-01,1.815906e+00,2.629861e-02,3.694744e-01,-5.599835e-01,2.857395e-01,-6.107460e-02,-1.612887e-01,-8.982477e-02,-7.701059e-02
5.141384e+00,-1.097547e+00,1.549753e+00,-3.468537e-01,-2.168898e-01,-4.986908e-01,4.393314e-01,-1.249062e-01,-1.165363e-01,-1.740031e-01,-5.370154e-02
5.617624e+00,-6.399687e-01,1.810016e+00,-9.929042e-03,7.790727e-02,-2.047070e-01,3.780328e-01,2.932893e-04,2.513025e-02,-1.179862e-01,2.269622e-01
5.764665e+00,-5.613723e-01,1.891149e+00,-1.631437e-01,1.541792e-01,-3.726027e-01,4.553807e-01,4.711562e-02,-2.878544e-01,-6.652052e-01,2.025310e-01
5.254575e+00,-1.287683e+00,1.534455e+00,1.690217e-01,1.168742e-01,-1.853044e-01,4.637543e-01,1.778385e-01,1.889907e-01,4.975472e-02,2.516390e-01
5.906198e+00,-1.293465e+00,2.023448e+00,2.005641e-01,4.388922e-01,1.679331e-01,3.446244e-01,-1.443919e-01,-1.886485e-01,1.351473e-01,-7.387020e-02
5.149654e+00,-1.900008e+00,1.161910e+00,-4.978752e-01,-3.126505e-01,-7.554088e-01,-2.228813e-01,-2.663834e-01,1.852762e-01,1.534698e-02,8.841794e-02
5.898493e+00,-1.038032e+00,1.479087e+00,3.893855e-01,6.165979e-01,-1.257681e-01,2.974046e-01,-7.402789e-02,-1.337676e-01,4.060431e-01,-2.447451e-01
5.565193e+00,-1.280786e+00,1.463209e+00,1.761864e-01,6.098921e-01,-4.530905e-01,-1.457406e-01,-8.942659e-02,2.289793e-01,1.528314e-01,2.304692e-01
5.630990e+00,-1.116193e+00,1.612118e+00,1.271171e-01,5.584118e-01,-1.056823e-01,5.191555e-02,-3.134071e-01,3.163695e-01,-1.481016e-02,-2.079919e-01
6.037420e+00,-1.055787e+00,1.382413e+00,5.687793e-01,6.845397e-01,-2.672084e-01,2.371945e-02,-2.023184e-01,-1.981366e-01,1.967922e-01,-2.673807e-01
5.254416e+00,-1.800318e+00,1.002272e+00,3.054574e-01,3.149602e-01,-2.871570e-01,1.213826e-01,-2.772621e-01,4.754471e-01,2.648383e-01,2.169742e-01
5.973213e+00,-7.945478e-01,1.745039e+00,1.495090e-01,1.609496e-01,4.935997e-02,-1.643487e-01,-7.782032e-02,-5.960623e-02,1.505606e-01,-1.610477e-02
5.568148e+00,-1.198368e+00,1.367270e+00,2.180789e-01,5.457251e-01,-2.947661e-01,1.035371e-01,-1.901487e-01,-1.291654e-02,9.248633e-03,1.971010e-02
5.875935e+00,-8.645033e-01,1.758827e+00,-1.499459e-01,3.683508e-01,-1.692115e-01,1.993254e-01,-5.899075e-02,1.413341e-01,3.213050e-01,5.604480e-02
5.665032e+00,-5.664585e-01,1.605705e+00,1.718364e-01,4.965282e-01,-2.603396e-01,3.552552e-01,1.773932e-01,-8.723365e-02,-4.967008e-01,-1.958485e-01
5.326223e+00,-9.154974e-01,1.280520e+00,-7.974655e-03,6.243223e-02,-2.831199e-01,5.167973e-01,-2.538043e-01,-2.067829e-01,9.715679e-02,1.849737e-01
5.483102e+00,-7.736044e-01,1.995440e+00,1.854670e-01,4.267106e-01,-1.526207e-02,1.032590e-01,1.590112e-01,1.914966e-01,-2.002375e-01,-9.285195e-02
5.577194e+00,-1.063080e+00,1.495085e+00,-4.053288e-01,-1.895877e-02,-2.682673e-01,4.247755e-01,-2.642893e-01,3.097147e-01,4.664939e-02,-5.538409e-03
5.862897e+00,-8.946458e-01,1.598590e+00,2.228490e-01,4.889588e-01,-1.911416e-01,2.630948e-01,-1.469781e-02,-2.457498e-01,1.005655e-02,-7.412723e-02
5.899842e+00,-8.703187e-01,1.767760e+00,-7.480483e-02,4.713675e-01,-2.242234e-01,5.141917e-04,-9.644763e-02,3.074294e-01,8.477220e-02,-3.098259e-02
5.625662e+00,-1.397790e+00,1.429526e+00,2.470923e-01,2.663403e-01,-1.158625e-01,1.865683e-01,-7.492492e-02,-1.366612e-01,-3.730601e-02,-3.436131e-01
6.028936e+00,-9.038262e-01,1.576094e+00,3.734315e-01,6.880583e-01,-1.721015e-02,-4.723671e-02,-4.325954e-01,2.070809e-02,1.104345e-01,-2.819961e-01
5.175280e+00,-1.717253e+00,1.336542e+00,-6.943716e-03,1.314499e-01,-2.806943e-01,-2.932380e-02,-7.028630e-02,3.270084e-01,2.661984e-01,1.818403e-01
5.923256e+00,-1.195332e+00,1.573483e+00,1.884897e-01,4.489854e-01,-1.311275e-01,1.257826e-01,-1.116767e-01,5.156992e-02,5.088443e-02,-1.673812e-01
5.720520e+00,-1.083391e+00,1.585297e+00,1.309803e-01,6.016812e-01,-9.223050e-02,5.793468e-02,-4.649092e-01,1.847857e-01,1.778673e-01,8.139271e-02
5.742860e+00,-1.176279e+00,1.312403e+00,3.659076e-01,3.545263e-01,-5.020241e-01,1.580736e-01,5.788008e-03,2.411108e-02,1.026832e-01,8.057740e-02
5.797718e+00,-7.451782e-01,1.451119e+00,1.098858e-01,5.639864e-01,-8.533277e-02,4.131529e-01,-2.219128e-03,-8.101603e-02,-1.044900e-01,4.763017e-02
5.107824e+00,-1.708183e+00,1.288322e+00,-2.041256e-01,-2.445169e-02,-4.017047e-01,-1.876690e-01,-4.583416e-02,-1.704416e-01,-4.256653e-03,1.041402e-01
5.862246e+00,-7.013158e-01,1.789431e+00,8.777858e-02,3.075751e-01,-2.447439e-01,3.526567e-01,-5.022347e-02,-7.383119e-02,-1.870107e-01,-2.434671e-02
5.635823e+00,-1.283990e+00,1.358405e+00,1.349661e-01,1.987783e-01,-1.973890e-01,5.676165e-01,4.136768e-02,-5.765852e-03,3.117392e-01,3.143126e-02
5.706288e+00,-9.596198e-01,1.558178e+00,3.300281e-01,2.883996e-01,-3.497296e-01,1.831568e-01,-2.378850e-01,-7.956431e-02,-1.819408e-01,1.650221e-01
5.879386e+00,-6.807982e-01,1.518086e+00,-2.454203e-02,5.636079e-01,2.163920e-02,5.452515e-02,-2.044774e-01,1.539233e-01,2.614143e-02,-7.621632e-02
5.469267e+00,-1.535461e+00,8.249111e-01,-4.396879e-02,-1.726720e-02,-4.261423e-01,2.052908e-01,-2.398136e-01,1.081885e-02,8.097818e-02,-1.392912e-01
5.781399e+00,-8.554181e-01,1.767907e+00,1.911660e-01,7.240529e-01,-9.263353e-02,-1.465706e-01,3.375984e-02,-6.124624e-02,-9.537722e-02,-1.276275e-01
5.543028e+00,-1.332191e+00,1.306959e+00,-7.462375e-02,2.946899e-01,-1.494847e-01,1.275304e-01,-6.092640e-02,1.724648e-02,6.666929e-01,-4.910948e-02
5.707980e+00,-1.079316e+00,1.514633e+00,-7.203250e-02,5.457409e-01,8.290165e-02,2.508841e-01,-2.773114e-01,2.006986e-01,2.250901e-02,-3.121434e-01
5.728814e+00,-1.178157e+00,1.694442e+00,3.316093e-01,3.156604e-01,-5.174228e-02,-5.651869e-02,-1.147036e-01,3.549174e-01,1.831966e-01,-6.679967e-02
5.721372e+00,-1.326849e+00,1.204702e+00,-1.845005e-01,2.718541e-01,-1.696410e-01,8.953836e-02,-4.624904e-01,-6.727571e-02,8.774329e-02,-7.373465e-02
5.781202e+00,-9.931653e-01,1.492869e+00,2.013366e-01,4.389532e-01,-7.661466e-03,-1.154929e-02,4.143733e-03,2.143977e-01,9.210365e-03,3.322956e-02
5.479424e+00,-1.316503e+00,1.734907e+00,-3.631280e-02,4.100003e-01,-1.537185e-01,1.188391e-01,-2.118997e-01,2.130268e-01,3.850546e-02,-5.838015e-03
6.031550e+00,-7.857967e-01,1.324006e+00,6.443516e-02,5.095491e-01,-4.820761e-01,2.504435e-01,-3.534745e-01,3.254602e-02,-1.106529e-01,-1.845310e-01
5.432526e+00,-1.084581e+00,1.624500e+00,1.141445e-01,4.492810e-01,-7.479741e-02,4.791092e-01,1.106984e-01,-2.792806e-02,5.662531e-02,1.460375e-01
5.429155e+00,-9.968586e-01,1.597007e+00,-1.698546e-01,2.363152e-01,-3.413702e-01,-6.095589e-02,-3.643646e-01,1.723959e-01,-5.500527e-02,-1.894671e-01
5.933763e+00,-1.109104e+00,1.572654e+00,3.311901e-01,4.791556e-01,-2.566165e-01,3.735902e-01,-5.643780e-02,-2.522108e-01,7.968049e-02,-2.744984e-01
5.682408e+00,-1.146388e+00,1.165702e+00,1.576789e-03,1.354655e-01,-2.463176e-01,5.358143e-02,-1.586661e-01,2.170143e-01,1.441613e-01,3.020572e-01
5.787872e+00,-1.146519e+00,1.378901e+00,4.317480e-01,6.629945e-01,-2.328126e-01,8.950939e-02,1.184806e-01,6.959789e-02,-1.228269e-01,-5.478908e-02
5.964600e+00,-1.342585e+00,1.298634e+00,1.215550e-01,4.091947e-01,-2.871232e-01,2.052344e-01,-1.228739e-01,1.414893e-01,3.324587e-01,3.217544e-01
5.393310e+00,-1.266676e+00,1.395793e+00,2.223215e-01,4.922040e-01,-4.389833e-02,-1.303522e-01,-2.416561e-01,9.737584e-02,-1.387524e-01,-3.283789e-01
5.557887e+00,-1.243053e+00,1.677805e+00,2.465693e-02,4.848531e-01,-6.752680e-02,2.331936e-01,-2.300559e-02,1.109619e-01,3.826159e-01,1.857375e-01
5.755838e+00,-1.027344e+00,1.060471e+00,9.239456e-02,5.139158e-01,-4.591398e-01,1.013768e-01,-2.966346e-01,3.344237e-02,3.340706e-02,-3.104378e-01
5.855716e+00,-9.331701e-01,1.800850e+00,-1.301099e-01,3.345337e-01,-3.065711e-01,-6.911183e-02,-8.976670e-02,1.890130e-02,1.866028e-01,5.757323e-02
5.562707e+00,-1.353932e+00,1.471294e+00,3.438439e-01,5.026224e-01,8.710279e-02,3.546692e-01,-1.492598e-01,2.230418e-01,1.916937e-01,-2.658297e-01
5.750387e+00,-9.582317e-01,1.477628e+00,-1.396455e-01,6.389279e-02,-1.786178e-01,-1.427341e-01,-3.803587e-01,-3.893116e-03,-2.117138e-01,1.020683e-01
5.409784e+00,-1.125115e+00,1.684215e+00,4.202042e-01,4.580672e-01,-2.320765e-02,2.011610e-01,-1.476859e-02,2.182618e-01,-6.788864e-02,2.076097e-02
5.570558e+00,-8.970426e-01,1.253862e+00,-1.632966e-01,2.222922e-01,5.945560e-02,1.688052e-01,-4.690582e-01,1.864059e-01,5.503822e-02,-2.218745e-01
5.674444e+00,-9.291929e-01,1.728029e+00,1.225274e-01,1.748615e-01,-2.466414e-01,1.730399e-01,-1.021666e-01,9.292334e-02,-5.369909e-03,-1.878802e-01
5.770114e+00,-8.042611e-01,1.544342e+00,1.678686e-01,1.496977e-01,-4.248158e-01,7.913035e-02,-1.830882e-02,1.393412e-01,7.442453e-02,1.641547e-01
5.612308e+00,-1.252644e+00,1.198737e+00,-1.215318e-01,5.844899e-01,-9.289166e-04,2.827891e-01,-5.053931e-02,3.001256e-04,9.026315e-02,-2.397885e-01
5.644277e+00,-1.052908e+00,1.625755e+00,2.072169e-01,3.022694e-01,-3.453162e-01,6.115126e-02,-4.814444e-02,3.673479e-01,1.585586e-01,7.940443e-02
5.527623e+00,-1.179322e+00,1.456563e+00,1.543859e-01,5.911964e-01,-2.600811e-01,-9.030901e-02,-2.645716e-01,-1.512797e-01,-1.243223e-01,-8.932414e-02
5.624514e+00,-1.248799e+00,1.023805e+00,2.561596e-01,6.047282e-01,-1.470000e-02,3.036911e-01,-1.579658e-01,2.090964e-01,5.254453e-01,-5.451119e-02
5.974880e+00,-9.583851e-01,1.625816e+00,3.045546e-01,1.781822e-01,-3.038331e-01,-1.004484e-01,-7.382269e-02,9.713046e-02,1.352032e-01,-1.500869e-02
5.921001e+00,-1.444846e+00,1.359685e+00,4.271430e-02,2.583333e-01,-5.635084e-01,-1.722764e-01,-2.530330e-01,2.526380e-02,1.002736e-01,1.714342e-02
5.468381e+00,-1.074937e+00,1.284804e+00,1.205206e-01,6.016561e-01,2.949749e-01,3.908043e-01,3.318834e-02,1.020349e-01,1.687430e-01,2.534791e-01
5.617926e+00,-9.921835e-01,1.579558e+00,2.144807e-01,1.567562e-01,-6.246517e-01,-2.677735e-01,3.351898e-02,7.101661e-02,-1.262658e-01,-3.625200e-01
5.395257e+00,-9.048322e-01,1.488632e+00,8.484705e-02,3.998879e-01,-8.885609e-02,4.894049e-01,-2.790859e-01,-2.011429e-01,2.885950e-01,2.362274e-01
5.695500e+00,-1.243823e+00,1.461823e+00,2.770154e-01,2.959488e-01,-4.785046e-02,5.124428e-01,2.526140e-02,2.895679e-02,-1.398341e-01,-1.430409e-01
5.311289e+00,-8.761031e-01,1.996279e+00,-2.596814e-01,-3.228630e-01,-3.227793e-01,7.946750e-02,-6.890650e-02,2.501248e-01,-5.855070e-03,5.962315e-02
6.023330e+00,-9.258774e-01,1.661536e+00,1.687017e-01,2.273991e-01,-3.904266e-01,2.815816e-01,-9.662700e-02,-4.260949e-02,-1.403857e-01,1.721418e-01
5.410649e+00,-1.152170e+00,1.378620e+00,1.465300e-02,2.521031e-02,-3.411099e-02,4.186426e-01,1.830726e-02,-1.133018e-01,-3.480892e-01,7.138411e-03
5.369328e+00,-7.490679e-01,2.179558e+00,1.062704e-02,7.434780e-02,-4.877326e-01,3.146264e-01,1.553141e-01,3.646188e-01,-1.687426e-01,-1.323286e-02
6.018948e+00,-9.831146e-01,1.434220e+00,2.513393e-01,4.570620e-01,-1.749024e-01,2.852048e-02,-9.924148e-02,-3.679398e-01,-3.891965e-02,-2.726156e-01
5.471823e+00,-1.340670e+00,1.241100e+00,-5.896560e-02,4.770461e-01,-4.198018e-02,2.144314e-01,-2.129213e-01,9.845564e-02,2.010305e-01,3.956066e-02
5.949041e+00,-1.044771e+00,1.934727e+00,3.222192e-01,2.528064e-01,-3.116255e-01,-2.982341e-01,3.997064e-02,3.441816e-01,1.434540e-01,-2.834351e-01
5.608217e+00,-1.152380e+00,1.042784e+00,-1.959317e-01,2.611811e-01,-2.225567e-01,-1.722302e-01,-5.655454e-01,-6.139992e-02,2.211300e-01,5.568244e-02
5.692909e+00,-1.176291e+00,1.112263e+00,2.602307e-01,8.501369e-01,-1.588202e-01,1.099619e-01,1.751179e-01,1.858574e-01,2.545162e-01,7.381855e-02
5.800357e+00,-8.927347e-01,1.663993e+00,1.437547e-01,5.388560e-01,-2.509574e-01,1.004849e-01,-3.475646e-01,1.090593e-01,2.213653e-01,-1.579145e-01
5.487880e+00,-1.287717e+00,1.005086e+00,1.494072e-01,5.561073e-01,-2.545125e-01,8.496037e-02,-2.359359e-01,4.223458e-02,3.215906e-01,2.010717e-01
5.823321e+00,-7.159074e-01,1.537356e+00,1.314988e-02,5.885441e-01,3.449101e-01,2.780892e-03,-1.380546e-01,1.585201e-01,-9.684092e-02,-6.198523e-02
5.293677e+00,-1.461630e+00,1.429496e+00,-9.987799e-02,-1.556294e-01,-6.669001e-01,-8.161583e-03,-5.521137e-02,2.032208e-01,1.129747e-01,7.872358e-02
6.065993e+00,-5.513036e-01,1.482538e+00,6.758934e-02,1.439914e-01,-3.706217e-02,3.788172e-01,-1.949981e-01,-3.436877e-01,1.352441e-01,3.443392e-02
5.762619e+00,-9.484624e-01,1.940764e+00,2.925192e-02,4.572257e-02,-3.271710e-01,4.546347e-01,1.111103e-01,-1.513061e-01,-4.515299e-01,-4.135635e-02
5.110951e+00,-8.420334e-01,1.846526e+00,1.122715e-01,2.097046e-01,-1.512639e-01,2.617018e-01,1.707964e-01,-6.395571e-02,-1.342838e-01,1.858101e-01
6.070138e+00,-6.294239e-01,1.552227e+00,1.857970e-01,2.506754e-01,-1.321682e-01,4.678989e-01,-5.152342e-01,-3.685153e-02,-3.346737e-01,-3.320717e-02
4.840367e+00,-1.619883e+00,1.351998e+00,-2.873370e-01,-9.775509e-02,-5.171190e-01,2.742275e-01,-4.456515e-02,-1.472596e-01,-1.295219e-01,9.355181e-02
5.789776e+00,-8.174829e-01,1.738300e+00,2.215592e-01,3.042023e-01,-2.041392e-01,1.995029e-02,-7.518240e-02,1.315240e-01,2.691474e-01,-8.758689e-02
5.761191e+00,-1.295869e+00,1.464904e+00,1.332096e-01,3.633361e-01,-1.164029e-01,-1.277428e-02,-1.991044e-01,-5.107460e-02,-7.691832e-02,1.033789e-01
5.734225e+00,-1.065736e+00,1.488414e+00,2.337804e-01,4.661138e-01,-3.286301e-01,-6.488541e-03,1.369235e-01,4.237879e-02,1.667836e-01,1.024863e-01
5.762424e+00,-1.231082e+00,1.464211e+00,6.369225e-01,7.890080e-01,-9.183466e-02,1.596880e-01,-1.181672e-01,1.872442e-01,-4.836881e-02,2.868326e-02
5.399333e+00,-1.802270e+00,1.150360e+00,-2.035258e-01,1.116476e-01,-1.512765e-01,-1.342519e-01,-1.942433e-01,-5.142239e-02,3.751260e-01,2.723376e-01
5.741103e+00,-9.040252e-01,1.606352e+00,4.662757e-01,6.350090e-01,2.886379e-02,6.559971e-02,-2.295676e-01,2.069449e-01,2.078479e-01,-5.715150e-01
5.669697e+00,-1.220537e+00,1.237395e+00,2.917563e-01,3.004222e-01,-5.335412e-01,2.856699e-01,-3.026759e-01,-7.483718e-03,5.730941e-01,2.255738e-01
5.947961e+00,-1.175069e+00,1.550476e+00,1.018888e-01,7.631304e-01,-3.293318e-01,1.318576e-01,-1.969233e-01,1.544920e-01,-2.120387e-01,3.958532e-02
5.786605e+00,-6.642469e-01,1.776053e+00,4.606486e-03,3.752618e-01,-2.036175e-01,1.511438e-01,-1.398200e-01,-1.695715e-02,2.457169e-02,-7.398251e-02
5.299134e+00,-1.414809e+00,1.337194e+00,3.229408e-01,4.202511e-01,-1.636436e-01,2.877061e-01,2.753115e-02,-2.186146e-02,6.090596e-02,-7.801259e-02
5.961408e+00,-5.773846e-01,1.671772e+00,1.509568e-01,2.519532e-01,-7.681112e-02,2.066553e-01,-1.803581e-01,-2.533288e-02,-2.493132e-01,8.047506e-02
5.337041e+00,-1.021003e+00,1.337013e+00,1.842906e-01,1.780755e-01,-2.399911e-01,2.863949e-01,1.376717e-01,-1.103341e-01,-1.442736e-02,-1.508803e-01
5.651244e+00,-6.840423e-01,1.662130e+00,4.522262e-02,3.004874e-01,-8.824845e-02,4.197629e-02,-1.793607e-01,2.977489e-01,1.435281e-01,1.022515e-02
5.637863e+00,-1.087105e+00,1.749269e+00,1.186069e-01,2.191043e-01,8.431064e-02,3.886203e-01,-1.606302e-01,1.385676e-01,-2.321522e-02,-2.197231e-01
5.627655e+00,-9.698306e-01,1.512314e+00,-9.389365e-02,4.205284e-01,-3.878317e-01,-3.454577e-03,-1.400198e-01,-2.186817e-02,9.217634e-02,-1.489852e-01
5.724452e+00,-8.076403e-01,1.510669e+00,5.670824e-01,5.338956e-01,7.957675e-02,2.573945e-01,-2.331900e-01,1.862551e-02,2.859300e-02,-2.169123e-01
5.498214e+00,-1.527970e+00,1.307469e+00,-4.023852e-01,2.737664e-01,-1.655855e-01,-2.275928e-01,-4.353201e-02,2.693338e-01,3.265099e-01,-7.746382e-02
5.778008e+00,-9.645870e-01,1.576986e+00,4.719937e-01,4.687483e-01,6.953220e-04,2.077096e-01,-1.796186e-01,-2.046936e-01,6.142932e-02,-3.356575e-01
5.904468e+00,-1.234139e+00,1.565449e+00,1.707756e-01,3.222502e-01,-7.545153e-02,-1.883590e-01,-1.219742e-01,1.280984e-01,4.747846e-01,-1.973592e-02
5.515068e+00,-1.198615e+00,1.531062e+00,7.845881e-02,4.908515e-01,-1.262276e-02,-3.078096e-02,-1.057082e-01,8.136790e-02,-6.729382e-02,-1.951969e-01
5.955653e+00,-9.377898e-01,1.335680e+00,7.091921e-01,2.495931e-01,-2.358748e-01,2.921160e-01,-3.834713e-01,1.256589e-01,2.911345e-02,-2.249776e-01
4.854406e+00,-1.462901e+00,7.628932e-01,-2.563912e-01,1.402602e-01,-5.089716e-01,-5.944838e-02,-1.550943e-01,9.200117e-02,2.317188e-01,2.881723e-01
5.687633e+00,-7.692265e-01,1.435494e+00,2.900504e-01,4.087533e-01,-2.850855e-01,2.813049e-01,8.093645e-02,-3.525915e-02,-1.399792e-01,9.949969e-02
5.412169e+00,-9.753679e-01,1.566481e+00,1.103589e-01,3.391934e-01,-1.794617e-01,3.199040e-01,2.107649e-01,-1.475039e-01,6.040246e-02,-6.008959e-02
5.605962e+00,-8.749606e-01,1.678626e+00,1.727857e-01,1.375272e-01,-4.234888e-01,1.002685e-01,-1.040513e-02,-2.292533e-02,-5.599122e-02,-2.384149e-02
5.721714e+00,-1.169515e+00,1.583497e+00,1.392334e-01,4.312875e-01,6.254905e-02,3.847774e-01,1.208402e-01,6.398159e-02,1.119207e-01,-2.220784e-01
5.275191e+00,-1.165677e+00,7.862926e-01,-8.318682e-02,9.266563e-02,-6.319594e-01,-7.208486e-02,-3.168593e-01,-1.411560e-01,-2.221805e-02,8.072208e-02
5.974102e+00,-1.054208e+00,1.753102e+00,3.398353e-01,4.280868e-01,-3.760303e-01,1.215028e-01,-9.907594e-02,1.099082e-01,-1.233620e-01,7.275128e-03
5.474253e+00,-1.074249e+00,1.200344e+00,-1.764589e-01,3.164275e-01,1.832054e-01,1.912997e-01,-2.283762e-01,2.711034e-01,3.365168e-01,1.924783e-01
5.771581e+00,-1.242379e+00,1.784424e+00,1.842204e-01,4.948201e-01,-1.478173e-01,-1.441035e-03,-1.900421e-01,-1.307383e-01,-7.901540e-02,-2.946346e-01
5.848090e+00,-8.923651e-01,1.642937e+00,1.125804e-01,2.584374e-01,-5.368280e-02,4.862828e-02,-3.741486e-02,4.575166e-02,3.046595e-01,-2.561048e-01
5.429376e+00,-1.385444e+00,1.152321e+00,-2.146064e-01,3.314045e-01,-1.198363e-01,1.603278e-02,-2.529687e-01,7.125912e-02,2.455422e-01,-2.786792e-01
5.788293e+00,-9.381009e-01,1.609266e+00,3.337860e-01,2.794570e-01,1.937785e-02,2.316205e-01,-3.069140e-01,2.690204e-02,2.015168e-01,-3.144683e-01
5.455139e+00,-9.439734e-01,1.324935e+00,-1.510476e-01,4.735597e-01,-4.030942e-01,-2.503495e-01,1.809005e-01,1.803455e-01,1.613510e-01,-4.314417e-02
5.750825e+00,-9.403783e-01,1.328305e+00,-3.326692e-02,5.147825e-01,4.887750e-02,1.487679e-01,-2.137345e-01,1.054600e-01,5.401027e-02,-9.016438e-02
5.273465e+00,-1.292573e+00,1.466233e+00,1.120129e-01,2.527376e-01,4.102047e-02,4.161329e-01,9.474174e-03,4.386043e-01,1.498829e-01,2.846575e-01
5.486939e+00,-1.138639e+00,1.551141e+00,5.750915e-02,6.848642e-02,-3.400682e-01,-7.856080e-02,-1.215377e-01,-1.296271e-01,-1.773586e-01,-1.682800e-01
5.931460e+00,-8.804384e-01,1.306087e+00,1.751266e-01,3.851797e-01,-2.123802e-01,5.341319e-01,-2.153803e-02,-1.829777e-01,2.350308e-01,1.002278e-01
5.407259e+00,-1.078876e+00,1.464335e+00,6.722001e-02,3.064485e-01,-2.845787e-01,3.766950e-02,4.042892e-02,4.010962e-02,-1.971515e-01,2.783734e-02
5.929432e+00,-7.619758e-01,1.474569e+00,3.903231e-02,2.147987e-01,-2.703505e-01,1.291968e-02,-2.160088e-01,-1.027991e-01,1.936145e-01,-1.168928e-01
5.455507e+00,-1.254826e+00,1.046788e+00,2.677804e-01,7.308187e-01,-2.530526e-01,2.192088e-01,1.459897e-01,2.150248e-01,1.282994e-01,3.450657e-01
5.649343e+00,-1.096278e+00,1.413243e+00,4.494833e-02,2.869503e-01,-6.512449e-02,-1.161228e-01,-3.513392e-01,-2.351884e-01,2.415289e-01,-1.641581e-01
5.718964e+00,-1.229723e+00,1.352520e+00,5.522993e-01,5.602221e-01,-2.286324e-01,2.057811e-01,-6.441874e-02,4.634262e-02,-9.607899e-03,-1.228265e-01
5.846045e+00,-1.443074e+00,1.376973e+00,4.973999e-02,1.734343e-01,-1.360992e-01,1.180491e-01,-4.078296e-01,7.657156e-02,2.596998e-01,8.917745e-02
5.466786e+00,-1.205304e+00,1.681320e+00,4.294156e-02,4.918691e-01,-2.653875e-02,1.126441e-01,-6.990141e-02,3.709892e-01,4.705648e-02,-2.192922e-01
5.932205e+00,-9.821937e-01,1.445977e+00,3.620399e-02,4.128895e-01,-3.689099e-01,-1.654658e-02,-6.742982e-02,4.253670e-02,9.804866e-02,2.463878e-01
5.741787e+00,-1.293428e+00,1.335808e+00,8.316100e-02,2.536223e-01,-7.374623e-02,-5.696176e-02,-3.044027e-01,-1.612407e-01,1.540663e-01,-2.370144e-01
5.404949e+00,-1.160380e+00,1.507032e+00,1.286696e-01,3.483812e-01,-3.583461e-02,3.091729e-01,2.172702e-01,4.686425e-01,7.264871e-03,4.857536e-02
5.521327e+00,-9.547041e-01,1.507899e+00,-9.874969e-03,3.780678e-01,-4.715902e-02,-8.930277e-02,-2.758998e-01,-1.768118e-01,-6.756711e-02,-3.197376e-01
5.726945e+00,-9.351813e-01,1.482554e+00,1.261361e-01,2.582022e-01,-4.261518e-01,2.778140e-01,-2.469739e-01,6.752776e-02,1.744863e-02,1.331494e-01
5.277972e+00,-8.030243e-01,1.713359e+00,1.218043e-01,2.039949e-01,4.260698e-02,3.741470e-01,1.157205e-01,1.506617e-01,-1.555805e-02,-2.137847e-01
5.655705e+00,-8.438198e-01,1.294475e+00,-1.016194e-01,-1.357417e-01,-2.426768e-01,-9.389055e-02,-3.683081e-01,2.234965e-02,-3.757027e-04,-7.018553e-02
5.513669e+00,-8.688276e-01,1.264368e+00,1.539298e-01,3.601223e-01,1.589170e-01,1.259619e-01,2.011593e-01,1.968268e-01,1.730865e-01,3.643449e-01
5.638024e+00,-1.354626e+00,1.531620e+00,1.770039e-01,4.608352e-01,-1.996769e-01,-1.208509e-01,2.040850e-01,-1.517450e-01,2.985650e-02,-2.382766e-01
5.688618e+00,-9.175822e-01,1.205688e+00,1.208521e-01,4.519241e-01,4.847931e-02,2.910172e-01,-5.256685e-01,1.656710e-01,2.956313e-01,5.513273e-02
5.889541e+00,-1.118099e+00,1.664151e+00,1.779844e-01,5.285545e-01,-4.659250e-01,-2.688172e-01,-3.638493e-02,9.288944e-02,2.840063e-01,-6.931544e-02
5.202552e+00,-1.338500e+00,1.058182e+00,4.758965e-02,3.329668e-01,-2.544435e-02,2.862011e-01,-4.920219e-02,8.632285e-02,3.751025e-01,-1.547999e-01
6.175075e+00,-9.717999e-01,1.225876e+00,3.113187e-01,5.069006e-01,-3.260491e-01,-6.393982e-02,-3.199898e-01,1.410990e-01,4.632558e-01,-1.016306e-01
5.512162e+00,-1.124190e+00,1.577563e+00,3.252206e-01,3.548378e-01,-3.102349e-01,-8.845802e-02,-2.550975e-01,-1.475998e-01,-5.114479e-02,-6.683637e-04
5.312470e+00,-1.344818e+00,1.278068e+00,1.334030e-01,6.177854e-01,1.204588e-01,1.672510e-01,1.627897e-01,4.277947e-01,1.719091e-02,9.245828e-02
5.754593e+00,-1.019139e+00,1.628128e+00,3.906713e-01,2.022217e-01,-1.095068e-01,1.303808e-01,-2.480571e-01,-1.882762e-01,3.844118e-02,-4.727345e-02
5.601669e+00,-1.018389e+00,1.561180e+00,-6.579234e-03,-6.544614e-02,-7.777938e-01,1.058664e-01,-2.083107e-02,2.428540e-02,-5.329155e-02,5.032730e-02
5.560595e+00,-9.624639e-01,1.560745e+00,1.713165e-01,3.420272e-01,1.389677e-01,5.720806e-01,1.855987e-01,6.787444e-02,-2.241199e-02,-2.003440e-02
5.490889e+00,-9.983167e-01,1.610150e+00,-1.745957e-04,-2.391983e-01,-3.235573e-01,1.281078e-01,-2.354438e-01,-9.487529e-02,-2.706308e-01,2.586811e-01
5.289430e+00,-6.009641e-01,1.915019e+00,1.296076e-01,7.946019e-02,-1.898596e-01,4.090808e-01,2.738414e-01,1.587886e-01,-3.351359e-01,-1.248196e-01
5.552171e+00,-9.531213e-01,1.748752e+00,1.308059e-01,3.398451e-01,-1.171874e-01,7.444559e-01,1.109240e-02,-3.124760e-01,-3.928604e-01,1.397896e-01
5.353919e+00,-1.268188e+00,1.209741e+00,1.124223e-01,8.171901e-02,-2.108560e-01,4.024681e-02,7.521212e-02,2.313504e-01,8.422018e-02,2.646967e-02
5.795145e+00,-5.897808e-01,2.098725e+00,1.740835e-02,1.458508e-01,-3.572671e-01,9.928456e-02,-1.517329e-01,2.829201e-03,2.030354e-01,-8.548115e-02
5.578267e+00,-1.538685e+00,9.398181e-01,2.756570e-01,2.398915e-01,-2.133933e-01,1.461492e-01,-1.503615e-02,-1.427645e-01,1.867822e-01,-9.704139e-02
5.988981e+00,-9.764130e-01,1.684754e+00,-9.302628e-02,4.866322e-01,-5.609596e-02,-6.974070e-02,-3.598872e-01,1.513490e-01,4.241703e-01,1.281473e-01
5.613960e+00,-1.058959e+00,1.684146e+00,4.795223e-01,6.166113e-01,-1.649683e-01,-2.618374e-01,1.500046e-02,-3.959963e-02,-2.643528e-01,-2.751608e-01
5.554935e+00,-1.262657e+00,7.916343e-01,1.274807e-01,7.042375e-01,2.442544e-01,1.649162e-01,-1.815008e-01,7.424298e-02,3.662791e-01,2.627621e-02
5.883341e+00,-1.047659e+00,1.668541e+00,4.068321e-01,6.256017e-01,-3.408514e-01,-1.069975e-01,-1.856124e-01,1.280272e-01,1.947350e-01,-4.729553e-02
5.460070e+00,-1.051062e+00,9.730598e-01,-1.664456e-01,4.732445e-02,-5.891123e-01,-7.607572e-02,-3.229746e-01,7.668576e-02,1.510951e-01,9.283669e-03
5.698333e+00,-1.035564e+00,1.438016e+00,1.631944e-01,4.488442e-01,6.577651e-02,3.552197e-01,-1.606868e-01,1.381424e-01,1.242716e-01,-4.111719e-02
5.449482e+00,-7.130275e-01,1.735630e+00,4.056291e-02,1.548191e-01,-1.887978e-01,1.145559e-01,-2.035562e-01,2.228077e-01,1.200192e-01,-1.154060e-01
5.533315e+00,-9.505350e-01,1.776244e+00,1.005677e-01,2.416802e-01,-2.104169e-01,3.505592e-01,1.562510e-01,-2.562607e-01,-3.355675e-01,-1.629068e-01
5.784865e+00,-6.770575e-01,1.455587e+00,4.113666e-01,3.715749e-01,3.009150e-01,3.600406e-01,-1.267092e-01,-3.430767e-01,-2.063507e-01,-2.233877e-01
4.951488e+00,-1.443734e+00,1.207898e+00,-3.275108e-01,-3.599556e-01,-3.686050e-01,-1.551630e-01,1.000746e-01,2.965052e-01,-1.114255e-01,4.512324e-01
5.768001e+00,-7.496028e-01,1.672927e+00,4.467984e-01,1.568517e-02,-1.751701e-01,2.778174e-01,-2.048591e-01,-4.743289e-03,-2.864961e-01,1.149499e-01
5.702732e+00,-7.446558e-01,1.320187e+00,-1.190704e-01,2.720609e-01,7.659403e-02,2.141905e-01,-2.523405e-01,-2.442308e-01,6.746621e-02,1.630021e-01
5.393184e+00,-1.119013e+00,1.838505e+00,2.892364e-01,2.770828e-01,-3.517209e-01,3.905372e-02,7.320255e-03,3.165807e-01,1.390234e-01,-4.539965e-02
5.828108e+00,-9.353943e-01,1.708412e+00,2.315704e-01,4.240126e-01,4.724721e-02,1.973197e-01,-3.646127e-01,-2.923059e-01,2.167148e-01,-2.535450e-01
5.195157e+00,-1.849397e+00,7.137910e-01,1.862381e-01,5.227745e-01,-1.833295e-01,1.762824e-01,1.096936e-01,-8.151167e-02,1.722630e-01,6.232306e-02
5.812537e+00,-9.413349e-01,1.899738e+00,2.601212e-01,7.095758e-01,-5.502968e-01,3.274572e-02,-1.472423e-01,2.821719e-01,2.769205e-01,1.988030e-01
5.754373e+00,-1.413183e+00,1.234394e+00,1.124487e-01,5.010515e-01,-1.653170e-01,-1.695195e-01,-6.772589e-02,1.787938e-01,-2.765936e-02,9.472373e-02
5.982862e+00,-1.196454e+00,1.323383e+00,4.171249e-01,2.401401e-01,-8.543381e-03,3.285216e-02,-1.461931e-01,-7.439053e-02,1.622765e-01,5.386542e-02
5.537866e+00,-8.151930e-01,1.623287e+00,3.772365e-01,4.652394e-01,-1.217264e-01,-3.945784e-02,-2.287763e-02,2.998477e-01,3.478153e-01,-2.133067e-02
5.588746e+00,-1.215862e+00,9.846395e-01,2.783626e-01,1.383292e-01,-3.119835e-01,1.777044e-01,-2.382973e-01,-1.774344e-01,7.629946e-02,-1.949533e-02
5.529868e+00,-8.007842e-01,1.659790e+00,4.396181e-01,6.958451e-01,9.017353e-02,2.285196e-01,-8.066047e-03,-3.358898e-01,-3.218183e-01,-1.563475e-01
5.257526e+00,-9.316728e-01,1.419771e+00,-2.354246e-02,8.703555e-02,-4.860209e-01,1.150231e-01,-1.217598e-02,3.934795e-01,2.331109e-01,3.659509e-02
5.829816e+00,-8.863002e-01,1.663602e+00,9.884457e-02,3.957991e-01,-1.711905e-01,4.686122e-01,-2.265373e-01,-1.439806e-01,-1.123434e-01,-1.234265e-01
5.841047e+00,-7.049884e-01,1.414731e+00,5.741443e-02,4.487877e-01,-2.345893e-01,8.003929e-02,-3.424595e-02,-1.944897e-02,4.133712e-02,-8.622477e-02
5.329213e+00,-1.079175e+00,1.651527e+00,1.687553e-01,6.506300e-02,-2.207727e-04,1.966968e-01,-2.633997e-01,2.424959e-01,7.988787e-02,1.186525e-01
5.919066e+00,-8.109464e-01,1.473357e+00,3.201149e-01,2.746101e-01,1.491140e-01,5.821916e-02,-2.810196e-01,1.474379e-01,-1.805244e-03,-1.650901e-01
5.032971e+00,-1.265482e+00,1.114854e+00,-1.091137e-01,3.873175e-01,7.136910e-02,5.032611e-02,-4.577656e-02,1.607916e-01,-1.288475e-01,2.465727e-02
5.701030e+00,-7.964030e-01,1.644978e+00,2.766934e-01,4.630483e-01,-3.598633e-01,-6.067917e-02,-4.780209e-02,6.897130e-02,2.785481e-01,3.035815e-02
5.495430e+00,-1.236783e+00,1.351174e+00,1.233320e-01,5.364960e-01,1.129914e-01,3.132359e-01,-7.602800e-02,1.826779e-01,2.305279e-01,-1.694458e-01
5.664957e+00,-1.040962e+00,1.477421e+00,1.619828e-01,2.012551e-01,-9.681937e-02,-2.173455e-01,-3.684291e-01,9.839450e-02,2.627803e-01,-3.311171e-01
5.748118e+00,-9.558338e-01,1.525802e+00,4.992139e-01,7.101331e-01,-2.198480e-01,5.621043e-02,2.584400e-03,-1.148814e-02,1.357339e-01,-1.151043e-01
5.342172e+00,-1.508519e+00,8.948529e-01,-3.238398e-01,-3.154051e-03,-2.722264e-01,-1.459661e-01,-3.906151e-01,1.940875e-01,1.798198e-01,1.166090e-02
5.702156e+00,-1.044701e+00,1.612167e+00,6.176002e-01,6.016678e-01,-6.527559e-02,1.011729e-01,-6.696983e-02,-1.532938e-01,-1.600208e-01,-2.375064e-01
5.711914e+00,-9.935790e-01,1.252602e+00,2.028893e-01,3.530579e-01,-4.887748e-01,2.257081e-01,-5.731814e-02,2.129898e-01,4.752632e-02,3.802896e-01
5.386081e+00,-8.803777e-01,1.417519e+00,2.509082e-01,4.346159e-01,-4.150249e-02,2.529254e-01,-1.503253e-02,-3.489871e-02,-1.769464e-01,-1.498279e-01
4.606440e+00,1.922133e-01,1.071482e+00,5.502208e-01,-3.444423e-02,-1.287953e-01,8.800587e-02,1.517487e-01,-1.562772e-01,-4.821931e-02,1.762707e-01
