2.612554e+00,-4.262397e-01,-5.009018e-01,-2.001015e-01,4.412766e-01,-2.732787e-01,4.153501e-01,-2.856948e-01,-5.837189e-02,2.905899e-01,-3.318060e-01
2.212573e+00,-5.609521e-03,1.274918e-01,-2.569423e-01,1.795716e-01,-3.903408e-01,1.181342e-01,4.138868e-01,1.525861e-01,-3.852791e-02,-4.226394e-02
3.041725e+00,-1.596506e-01,8.105206e-02,-4.750053e-01,2.416887e-01,-6.543869e-01,-3.769685e-01,-2.830197e-01,-9.221835e-02,-4.237720e-01,-6.897642e-02
2.737259e+00,-2.559809e-01,4.767092e-01,-4.020298e-01,2.161970e-01,-4.940952e-01,-1.560076e-01,-6.014434e-01,-3.156003e-01,-6.747703e-01,-1.736379e-01
3.105420e+00,6.522011e-02,6.529693e-01,-3.514227e-01,1.794830e-01,-8.516151e-01,-2.994065e-01,-5.443414e-01,-6.751499e-02,-1.730304e-01,1.821609e-01
3.282625e+00,-7.544468e-02,6.964103e-01,-3.361345e-01,7.164755e-02,-2.279580e-01,-1.311221e-02,-3.580963e-01,-2.870358e-01,-2.480840e-01,3.581909e-02
3.102556e+00,-7.993684e-02,6.559371e-01,-4.328466e-01,-8.257056e-02,-3.755276e-01,2.415141e-01,-1.350159e-01,-2.832901e-01,-2.308227e-01,1.355614e-02
3.532687e+00,1.674847e-01,4.130575e-01,-5.144523e-01,-1.544232e-01,-3.619086e-01,-1.648760e-01,-6.111793e-01,-2.746126e-01,-1.367000e-01,9.149700e-02
3.317548e+00,-1.818655e-01,5.657417e-01,-5.182920e-01,-1.834760e-01,-2.689223e-01,2.587162e-01,-3.674721e-01,-3.849174e-01,-2.794872e-01,-1.256987e-01
3.573200e+00,-7.713002e-02,4.780600e-01,-9.127234e-01,-6.510396e-02,-6.368711e-01,1.966792e-02,-6.195348e-01,-1.907157e-01,-1.079952e-01,-1.371757e-01
3.063894e+00,-6.082861e-01,2.353057e-01,-4.306322e-01,-7.063002e-02,-6.299662e-01,1.010213e-01,-2.598694e-01,-1.443497e-01,-2.740234e-01,1.584606e-01
3.776105e+00,-7.282535e-02,3.167436e-01,-6.935492e-01,-6.509648e-02,-6.381479e-01,-3.288180e-01,-5.237653e-01,-2.384509e-01,-2.234742e-01,-2.135197e-01
3.458982e+00,-8.218115e-01,2.215885e-01,-5.703121e-01,-2.173586e-01,-4.797554e-01,-3.169330e-01,-3.598044e-01,-4.622006e-02,-1.832259e-02,2.475048e-01
3.813146e+00,-2.338728e-01,6.854646e-01,-5.437772e-01,-7.942048e-02,-7.229222e-01,-1.393779e-01,-3.899882e-01,1.471236e-01,-4.037939e-01,-3.073711e-01
3.514285e+00,-1.077091e+00,1.042497e-01,-6.679978e-01,7.589765e-02,-4.096861e-01,2.826783e-01,1.445344e-01,3.146451e-01,-1.009914e-02,5.060020e-01
3.935340e+00,-6.727551e-01,6.176450e-01,-5.930121e-01,1.329806e-01,-6.184996e-01,-1.917377e-01,-5.398994e-01,-2.567417e-01,-4.350555e-01,-3.201155e-01
3.892185e+00,-6.412602e-01,4.183019e-01,-6.566524e-01,-1.973027e-01,-6.004414e-01,-3.093897e-01,-2.774368e-01,2.679153e-02,-1.748034e-01,-4.490759e-02
3.853546e+00,-6.334628e-01,3.550260e-01,-4.695734e-01,9.293909e-02,-4.137101e-01,-3.412506e-01,-4.504715e-01,-2.661622e-01,-5.435780e-01,-2.472030e-01
3.714814e+00,-5.571479e-01,7.329992e-01,-5.681320e-01,-8.933925e-02,-4.615795e-01,-2.551019e-01,6.602149e-02,1.142260e-01,-9.055749e-02,-1.516797e-01
4.285725e+00,-7.498329e-01,6.191008e-01,-3.171076e-01,-3.465445e-02,-3.436698e-01,-4.814465e-01,-4.130058e-01,-2.831753e-01,-2.957023e-01,1.961110e-01
4.191459e+00,-5.140051e-01,6.595953e-01,-7.446682e-01,1.283422e-01,-3.711980e-01,-3.938564e-01,-4.876922e-01,-3.103144e-01,-3.633107e-01,-2.171602e-02
4.214802e+00,-5.220737e-01,8.226873e-01,-5.733871e-01,-3.329586e-01,-3.766711e-01,-4.147712e-01,-2.493828e-01,-2.118977e-01,-1.776486e-01,2.936762e-02
4.242996e+00,-4.590327e-01,6.563523e-01,-5.457376e-01,-7.441828e-02,3.440108e-01,-3.184751e-01,-2.827147e-01,-5.002345e-01,-4.048863e-02,-3.433473e-01
4.315253e+00,-3.101971e-01,6.901080e-01,-7.227015e-01,-6.811587e-01,-7.559150e-02,5.310098e-02,-1.673118e-01,-4.888298e-01,-1.683235e-01,1.969665e-01
4.259060e+00,1.490836e-01,7.422309e-01,-8.481298e-01,-4.469571e-01,1.922976e-01,2.237191e-02,-7.905227e-01,-7.976354e-01,-1.074634e-01,2.314024e-01
4.198125e+00,-1.694658e-01,7.011357e-01,-7.889499e-01,-8.331655e-01,-6.292813e-02,1.817866e-01,-4.008283e-01,-4.779881e-01,3.806570e-02,3.990623e-01
4.425237e+00,-2.213649e-02,4.680313e-01,-6.741321e-01,-5.008817e-01,7.325361e-02,-1.680234e-01,-5.291009e-01,-4.084100e-01,-5.581330e-02,-7.693391e-02
4.135928e+00,-3.965789e-01,2.323937e-01,-3.839367e-01,-2.966035e-01,-3.165217e-01,-1.394650e-02,-2.081449e-01,-2.010284e-01,2.687274e-01,4.550080e-01
4.506509e+00,3.773020e-02,3.802969e-01,-4.437266e-01,-7.659445e-01,-3.832470e-01,-2.223164e-01,-5.620782e-01,-2.719326e-01,-2.496008e-01,-1.697715e-01
3.916618e+00,-4.751040e-01,-4.649368e-03,-3.181929e-01,-3.476916e-01,-2.612924e-01,2.792481e-01,-2.924059e-01,-2.480206e-01,1.581040e-01,6.953025e-02
4.408283e+00,2.767236e-01,2.653577e-01,-2.503808e-01,-5.735334e-01,-6.790714e-01,-3.496629e-03,-3.148150e-01,-1.946514e-01,-3.629196e-03,-2.231948e-01
4.030777e+00,-2.720177e-01,-2.206783e-01,-2.057944e-01,-2.758818e-01,-2.120489e-01,5.595922e-01,-3.569683e-01,-1.897162e-01,3.517361e-01,-2.259917e-01
4.718316e+00,1.822679e-01,-9.213663e-02,-1.036979e-01,-4.902331e-01,-6.138693e-01,2.348444e-01,-6.550252e-01,-7.043178e-01,2.555252e-01,-2.843873e-01
4.468785e+00,2.621095e-01,2.353410e-01,-4.925103e-02,-6.900810e-01,-8.385431e-01,1.953867e-01,-3.112324e-01,-3.878592e-01,3.733335e-01,-2.578950e-01
4.301081e+00,1.569026e-01,2.393788e-01,-1.643277e-01,-2.469829e-01,-5.804645e-01,3.286398e-01,-6.904784e-01,-6.479025e-01,1.886408e-01,-1.985081e-01
4.262103e+00,2.908615e-01,8.669530e-02,-3.079464e-01,-3.757047e-01,-4.808600e-01,3.179186e-01,-4.914675e-01,-2.097864e-01,1.091044e-01,-7.100803e-02
3.993567e+00,2.872725e-01,3.632548e-01,-9.196481e-02,1.427922e-01,-5.344966e-01,7.715202e-02,-6.748710e-01,-5.569475e-01,-3.580106e-01,-2.351984e-01
4.349324e+00,4.268587e-01,2.054635e-01,-4.685694e-01,-1.594545e-01,-7.097194e-01,-5.446528e-02,-5.458141e-01,-2.247094e-01,-1.591836e-01,-9.937442e-02
4.209478e+00,1.160804e-02,5.512313e-01,-3.796241e-01,-2.453619e-02,-5.380116e-01,1.685271e-01,-2.907673e-01,-2.212650e-01,-4.359939e-01,-2.185265e-01
4.396511e+00,6.648539e-02,4.616526e-01,-5.134472e-01,4.532955e-02,-3.281969e-01,-3.283056e-01,-2.576274e-01,-7.889593e-02,-1.577818e-01,-1.848532e-01
4.288858e+00,1.103308e-01,4.774483e-01,-5.098082e-01,-2.383707e-01,-4.917993e-01,-1.769804e-01,-9.934476e-02,-3.650166e-02,-3.490609e-01,-5.404843e-02
4.264407e+00,2.618526e-01,6.032004e-01,-4.746459e-01,-9.028885e-02,-5.095689e-01,-3.399303e-01,-4.304597e-01,-1.060864e-01,-4.200798e-01,-3.685762e-01
3.983479e+00,1.110983e-01,6.168265e-01,-6.175692e-01,-1.637150e-01,-6.594843e-01,-3.268530e-01,-1.267444e-01,2.773612e-01,-1.150212e-01,1.279233e-01
3.821216e+00,4.117812e-02,8.677313e-01,-4.020321e-01,1.014359e-01,-1.165502e-01,5.922343e-02,-5.114194e-01,-1.285754e-01,-7.516727e-01,-5.091267e-01
4.028329e+00,-2.011004e-01,5.065104e-01,-8.095963e-01,-3.380532e-01,-2.083945e-01,-1.631052e-02,-2.822833e-01,3.706697e-01,-1.385120e-01,1.920264e-01
4.269533e+00,2.967996e-01,1.238074e+00,-5.830840e-01,-5.182320e-01,-6.337372e-01,-2.147742e-01,-4.956092e-02,-1.326598e-01,-5.801745e-01,-3.356076e-01
4.047724e+00,-2.913968e-01,7.871137e-01,-9.271511e-01,-4.623780e-01,-2.580601e-03,-1.797654e-01,-2.853011e-02,4.591469e-02,-7.323538e-02,1.038216e-01
4.296485e+00,-1.692172e-02,9.886063e-01,-7.484696e-01,-4.759825e-01,-8.807473e-02,-3.073556e-02,-4.332248e-01,-9.863693e-02,-4.820893e-01,-1.750361e-01
3.741711e+00,-1.213853e-01,1.067929e+00,-7.195047e-01,-2.732900e-01,-1.888945e-01,-3.630687e-02,-1.797567e-02,9.919484e-02,-3.098756e-01,-8.418399e-02
4.407104e+00,3.721212e-02,1.153817e+00,-7.336979e-01,-4.302040e-01,-4.577772e-01,-2.596365e-01,-4.139410e-01,-1.809137e-01,-3.499047e-01,-1.864235e-01
3.807212e+00,-2.168789e-01,1.371480e+00,-4.891965e-01,-3.897049e-01,-1.532485e-01,-2.391132e-02,-1.555482e-01,-2.814656e-01,-6.459888e-01,-2.756425e-01
4.099765e+00,-1.360105e-01,1.298158e+00,-5.854890e-01,-3.990804e-01,-3.070860e-01,-2.387820e-01,-4.690668e-01,-7.738787e-02,-2.198867e-01,-9.699945e-02
4.135735e+00,-4.679926e-01,1.379560e+00,-6.229303e-01,-3.573373e-01,-3.001015e-02,-1.053261e-01,-5.388607e-02,-3.338102e-01,-4.671165e-01,-2.371190e-01
4.354175e+00,-1.756467e-01,1.435046e+00,-8.344280e-01,-4.378745e-01,-1.960937e-01,-8.632469e-02,-4.861999e-01,-1.905239e-01,-2.966187e-01,-5.583825e-01
4.205359e+00,-3.405383e-01,1.563514e+00,-6.102810e-01,-4.738764e-01,-5.402160e-01,-1.552803e-01,-3.352806e-01,-2.461262e-01,-3.704536e-01,-1.769071e-01
4.007646e+00,-3.988596e-01,1.477774e+00,-6.325263e-01,-3.706813e-01,-1.712359e-01,2.957911e-01,-3.721404e-01,-1.599926e-01,-5.939928e-01,-4.361611e-01
4.230331e+00,-4.701678e-01,1.629911e+00,-7.470577e-01,-4.365356e-01,-4.899914e-01,9.534249e-02,-2.531612e-01,-3.129727e-01,-3.900386e-01,-1.806041e-01
3.855357e+00,-3.226569e-01,1.790834e+00,-4.096945e-01,-5.245879e-01,-3.658530e-01,1.802967e-01,-2.615941e-01,-1.628690e-01,-5.672157e-01,-3.654650e-01
4.453283e+00,-2.177856e-01,1.605484e+00,-6.859484e-01,-5.747139e-01,-6.477718e-01,-4.808755e-03,-3.481995e-01,-2.898322e-01,-5.744523e-01,-1.777310e-01
4.157255e+00,-6.683290e-01,1.618507e+00,-6.807368e-01,-6.817418e-01,-2.243385e-01,1.869861e-01,-7.480857e-02,-9.695864e-02,-2.135491e-01,-2.344784e-01
4.198373e+00,-5.331289e-01,1.839281e+00,-5.711926e-01,-6.011421e-01,-4.714596e-01,1.217021e-01,-3.686280e-01,-1.472992e-01,-4.832444e-01,-3.218824e-01
4.205655e+00,-6.736079e-01,1.149754e+00,-6.652875e-01,-5.133648e-01,-5.928986e-01,3.997530e-01,-1.126410e-01,-1.156395e-02,-1.079403e-01,1.873642e-02
4.367813e+00,-5.028620e-01,1.723252e+00,-4.945616e-01,-4.656019e-01,-5.575265e-01,3.297857e-02,-3.931603e-01,-3.131210e-01,-6.434643e-01,-5.016219e-01
4.361555e+00,-8.795567e-01,1.363943e+00,-6.059282e-01,-5.275218e-01,-5.302624e-01,6.535665e-02,-2.491248e-01,8.607531e-02,3.881929e-02,-1.780663e-01
4.313597e+00,-6.564042e-01,1.593982e+00,-3.948193e-01,-2.325086e-01,-2.787544e-01,-5.371138e-02,-1.885809e-01,-2.585423e-01,-7.295322e-01,-5.741272e-01
4.261147e+00,-8.050680e-01,1.482690e+00,-5.854261e-01,-3.132490e-01,-5.078015e-01,-8.260093e-02,-2.933606e-01,1.483426e-01,-1.301453e-01,-1.221081e-01
4.532590e+00,-7.661408e-01,1.718183e+00,-4.092983e-01,-3.193494e-01,-6.559382e-01,-2.188201e-01,-4.832825e-01,-2.315549e-01,-3.902996e-01,-3.305779e-01
4.506295e+00,-1.053230e+00,1.659573e+00,-5.932754e-01,-2.203828e-01,-4.552134e-01,-1.425047e-01,-4.475054e-01,-1.724458e-01,-2.867498e-01,-2.170420e-01
4.578931e+00,-1.002813e+00,1.527454e+00,-3.655478e-01,-1.429893e-01,-6.327577e-01,-7.142897e-02,-4.169784e-01,-2.125413e-01,-2.237460e-01,-2.081756e-01
4.413655e+00,-1.090825e+00,1.699649e+00,-3.459352e-01,-6.585211e-02,-3.457200e-01,-1.272541e-02,-4.124101e-01,-3.043421e-01,-4.139873e-01,-4.302413e-01
4.840988e+00,-1.001707e+00,1.504239e+00,-4.330771e-01,-3.314601e-01,-5.704778e-01,-2.315482e-01,-3.594622e-01,-4.293378e-01,-1.552859e-01,-2.384769e-01
4.497789e+00,-8.060346e-01,1.653465e+00,-3.373289e-01,-1.162002e-01,-4.980192e-01,-1.240942e-01,-5.362678e-01,-5.014880e-01,-4.110310e-01,-2.727802e-01
4.470619e+00,-1.066265e+00,1.576779e+00,-6.242698e-01,-2.589906e-01,-3.857749e-01,8.188632e-02,-5.067931e-01,-1.233013e-01,-1.348598e-01,-1.682557e-01
4.532296e+00,-8.038357e-01,1.647707e+00,-6.794700e-01,-1.894258e-01,-3.179892e-01,-4.525738e-02,-5.037254e-01,-4.984918e-01,-1.873016e-01,-1.429537e-01
4.487209e+00,-7.969402e-01,1.536459e+00,-6.657179e-01,-3.795803e-01,-4.321037e-01,1.299683e-01,-5.624457e-01,-2.270596e-01,-3.127849e-01,2.096736e-01
4.674003e+00,-5.070202e-01,1.657546e+00,-9.203105e-01,-4.208649e-01,-3.400669e-01,-1.914336e-02,-7.448550e-01,-5.468239e-01,-4.001951e-01,2.607518e-01
4.171762e+00,-1.012643e+00,1.600353e+00,-8.348600e-01,-3.091914e-01,-1.806715e-01,4.410139e-01,-4.668664e-01,-2.103549e-01,-2.284551e-01,2.484001e-01
4.568046e+00,-6.398989e-01,1.637637e+00,-8.378561e-01,-3.266266e-01,-3.323299e-01,-1.005577e-01,-5.710801e-01,-3.096022e-01,-2.555323e-01,-6.634455e-02
4.171419e+00,-1.097385e+00,1.191734e+00,-6.673043e-01,-1.853488e-01,-3.390511e-01,9.591067e-02,-1.900620e-01,-9.747077e-02,-1.053311e-01,2.227193e-01
4.753220e+00,-6.514621e-01,1.544509e+00,-7.690767e-01,-2.966119e-01,-3.679653e-01,-2.956396e-01,-7.966592e-01,-1.661797e-01,-2.565227e-01,-2.624080e-01
4.534313e+00,-1.117535e+00,1.266635e+00,-6.722526e-01,-6.000277e-02,-3.964211e-01,-1.998429e-01,-2.832552e-01,-5.175031e-02,-1.344735e-01,1.375137e-02
4.611262e+00,-8.837385e-01,1.523667e+00,-5.931095e-01,-8.789538e-02,-3.083182e-01,-1.545354e-01,-5.477835e-01,-2.270234e-01,-3.416491e-01,-2.997079e-01
4.485639e+00,-9.890875e-01,1.451702e+00,-6.555049e-01,-1.668357e-01,-4.326427e-01,-2.807128e-01,-3.525475e-01,-1.746097e-02,-2.523406e-01,8.258080e-03
4.646444e+00,-8.122745e-01,1.552622e+00,-4.436980e-01,2.783770e-02,-4.343734e-01,-3.270427e-01,-4.180081e-01,-6.607487e-01,-5.163639e-01,2.731567e-02
4.597970e+00,-8.825392e-01,1.681050e+00,-8.164372e-01,-2.970551e-01,-2.735933e-01,-2.482107e-01,-5.204923e-01,-2.509570e-01,-3.272994e-01,-2.276771e-02
4.249277e+00,-8.567795e-01,1.762095e+00,-6.076878e-01,-1.658795e-01,-8.941218e-02,8.804053e-02,-6.254560e-01,-4.931440e-01,-4.206122e-01,1.360531e-02
4.453269e+00,-2.746539e-01,1.709627e+00,-1.062835e+00,-3.522445e-01,-1.798479e-02,4.582745e-02,-6.745372e-01,-5.748809e-01,-3.553870e-01,2.735843e-01
4.445192e+00,-7.416462e-01,1.644284e+00,-7.357479e-01,-3.790012e-01,-2.193569e-01,-4.176443e-02,-6.816419e-01,-5.127887e-01,-3.324303e-01,7.950586e-02
4.561465e+00,-5.708809e-01,1.586124e+00,-8.753166e-01,1.180420e-01,-3.186790e-01,-3.334794e-01,-7.213533e-01,-3.220571e-01,-3.916534e-01,-7.775451e-02
4.369698e+00,-1.057936e+00,1.464808e+00,-5.480306e-01,-2.031791e-01,-4.595449e-01,1.377221e-02,-3.397796e-01,-1.582976e-02,-2.818972e-01,7.105325e-02
4.437064e+00,-8.376888e-01,1.597994e+00,-6.445344e-01,1.158380e-01,-2.240303e-01,-2.736840e-01,-6.231536e-01,-2.025372e-01,-4.231483e-01,-4.007024e-01
4.580003e+00,-1.049484e+00,1.258484e+00,-4.320355e-01,-2.708641e-01,-7.940638e-01,-3.181834e-02,-3.271876e-01,-8.590433e-02,-1.639688e-01,1.529687e-01
4.610602e+00,-8.448494e-01,1.527016e+00,-6.270793e-01,-8.139008e-03,-4.715270e-01,-2.988614e-01,-6.987244e-01,-1.846309e-01,-4.665888e-01,-3.481757e-01
4.243033e+00,-1.416639e+00,1.233905e+00,-6.489478e-01,-2.165445e-01,-3.587105e-01,1.027039e-01,-1.993278e-01,1.269539e-01,1.122335e-01,9.703480e-02
4.591764e+00,-7.353907e-01,1.447669e+00,-5.985080e-01,-1.586610e-01,-3.227144e-01,-4.728549e-01,-3.684896e-01,-1.214523e-01,-4.024959e-01,-2.697452e-01
4.297283e+00,-1.160943e+00,1.305507e+00,-6.673596e-01,-2.504458e-01,-2.328195e-01,-1.187701e-01,-3.343506e-01,-1.168832e-01,-2.149501e-02,9.269503e-02
4.788943e+00,-6.830057e-01,1.534255e+00,-7.379506e-01,-2.525147e-01,-5.482791e-01,-3.148272e-01,-4.219016e-01,-4.694237e-01,-3.732696e-01,-4.899561e-02
4.322077e+00,-8.811190e-01,1.554169e+00,-6.647142e-01,-2.481545e-01,-1.593155e-01,8.946386e-02,-4.484585e-01,-2.917484e-01,-2.417106e-01,6.744938e-02
4.554079e+00,-7.427549e-01,1.681462e+00,-7.670057e-01,-3.234655e-01,-3.669657e-01,-6.296505e-02,-4.658695e-01,-3.915154e-01,-4.058040e-01,7.123133e-02
4.461887e+00,-8.413836e-01,1.492191e+00,-5.915916e-01,-2.611527e-01,-2.015636e-01,5.768750e-04,-6.379731e-01,-3.125335e-01,-1.946485e-01,-8.784740e-02
4.672587e+00,-8.408709e-01,1.482788e+00,-5.819420e-01,1.487905e-02,-6.448008e-01,-3.014936e-01,-5.258629e-01,-4.059717e-01,-3.305205e-01,-1.085636e-01
4.562014e+00,-8.499375e-01,1.348512e+00,-4.593269e-01,-5.753593e-02,-4.941601e-01,-1.127612e-01,-6.648747e-01,-2.571232e-01,-1.525226e-01,-2.553448e-01
4.323819e+00,-1.021109e+00,1.367026e+00,-2.641745e-01,7.708562e-02,-3.140571e-01,-1.901808e-01,-5.155542e-01,-8.323466e-02,-4.545150e-01,-3.666079e-01
4.596662e+00,-9.403869e-01,1.341918e+00,-3.235682e-01,-6.386023e-02,-6.067344e-01,-3.687900e-01,-4.876351e-01,-1.811463e-01,-2.551036e-01,-1.401892e-01
4.404425e+00,-1.005643e+00,1.379473e+00,-2.468737e-01,9.991182e-02,-4.711856e-01,-3.049688e-01,-5.282585e-01,-2.006049e-01,-5.199557e-01,-3.195366e-01
4.698907e+00,-1.119503e+00,1.568071e+00,-4.923898e-01,-5.675062e-02,-7.006668e-01,-3.350492e-01,-5.513120e-01,-1.618399e-01,-3.788447e-01,-1.317141e-01
4.292395e+00,-1.098358e+00,1.294638e+00,-4.574621e-01,7.505700e-02,-3.636812e-01,-1.489832e-01,-2.622052e-01,1.053613e-01,-2.154182e-01,-1.513284e-01
4.611449e+00,-1.073679e+00,1.524974e+00,-4.394637e-01,-2.399900e-01,-4.424662e-01,-2.152073e-01,-5.527015e-01,-1.988367e-01,-4.400926e-01,-1.679338e-01
4.562037e+00,-8.589587e-01,1.139920e+00,-8.030679e-01,-1.491774e-01,-2.833425e-01,-3.152170e-01,-4.370786e-01,4.803972e-02,-3.641417e-02,-6.882520e-02
4.816450e+00,-9.027934e-01,1.607984e+00,-4.335365e-01,-3.146420e-01,-4.854302e-01,-2.116604e-01,-4.025738e-01,-5.259685e-01,-4.244116e-01,-2.609119e-01
4.216137e+00,-1.109934e+00,1.162187e+00,-9.843979e-01,-2.765232e-01,-5.909495e-02,2.601055e-02,-1.957033e-01,3.086943e-01,2.515559e-01,1.073955e-01
4.534476e+00,-8.155921e-01,1.435158e+00,-3.168171e-01,-1.102353e-01,-4.655892e-01,-1.560388e-01,-3.126588e-01,-4.727223e-01,-5.913762e-01,-1.320869e-01
4.499062e+00,-1.005533e+00,1.269235e+00,-6.737319e-01,-1.867094e-01,-4.962797e-01,-2.400116e-01,-4.145418e-01,1.415692e-01,-7.612207e-02,2.899051e-02
4.759145e+00,-1.148282e+00,1.594679e+00,-4.544774e-01,-9.745584e-02,-5.392836e-01,-3.430949e-01,-5.453758e-01,-2.907392e-01,-4.544557e-01,-2.210819e-01
4.557652e+00,-1.130901e+00,1.217554e+00,-3.981718e-01,-4.909169e-02,-5.109001e-01,-1.639076e-01,-4.209459e-01,2.342485e-01,-3.288371e-01,-1.570051e-01
4.470332e+00,-1.095911e+00,1.514622e+00,-4.870050e-01,-1.859300e-02,-4.180057e-01,-3.841915e-01,-5.773417e-01,4.345945e-02,-4.012388e-01,-2.297138e-01
4.433375e+00,-1.064808e+00,1.296214e+00,-3.102873e-01,8.090221e-02,-4.315787e-01,-3.230009e-01,-5.210603e-01,-3.831201e-02,-5.018370e-01,-3.183994e-01
4.642579e+00,-9.192485e-01,1.496926e+00,-5.668351e-01,6.831945e-02,-6.831792e-01,-5.164744e-01,-4.517611e-01,-9.530684e-02,-4.336522e-01,-1.117565e-01
4.393950e+00,-1.167848e+00,1.522280e+00,-1.405868e-01,6.924751e-02,-3.667961e-01,-3.573760e-01,-5.175690e-01,-1.577606e-01,-5.803762e-01,-3.838284e-01
4.523120e+00,-1.016572e+00,1.408354e+00,-4.512607e-01,-7.780546e-02,-3.419006e-01,-3.045024e-01,-4.261072e-01,-9.101009e-02,-2.425570e-01,-1.984350e-01
4.547563e+00,-1.016977e+00,1.453216e+00,-2.999229e-01,-2.722584e-02,-5.281553e-01,-3.001095e-01,-5.662475e-01,-2.603480e-01,-4.260797e-01,-1.929205e-01
4.559778e+00,-9.689175e-01,1.512034e+00,-6.117711e-01,-1.424603e-01,-4.282487e-01,-2.411008e-01,-5.872122e-01,-1.991981e-01,-2.266735e-01,-3.848884e-03
4.784935e+00,-9.802324e-01,1.607786e+00,-6.035186e-01,-2.485567e-01,-4.411990e-01,-2.786744e-01,-4.667584e-01,-3.322674e-01,-3.922418e-01,-1.384318e-01
4.270529e+00,-1.267190e+00,1.508382e+00,-6.737208e-01,-3.434857e-02,-4.868461e-02,-1.024044e-01,-1.774548e-01,-1.066452e-01,-1.252509e-01,-8.718224e-02
4.753295e+00,-8.601611e-01,1.479910e+00,-5.275078e-01,-3.032687e-01,-5.569414e-01,-2.566987e-01,-5.047401e-01,-1.610418e-01,-3.987206e-01,-2.157916e-01
4.255611e+00,-1.257050e+00,1.331638e+00,-5.870711e-01,-1.486950e-02,-4.285594e-01,-1.811937e-01,-2.301757e-01,-5.802591e-02,-2.832500e-01,4.541314e-02
4.772477e+00,-9.222776e-01,1.501405e+00,-4.818293e-01,-1.905477e-01,-6.271533e-01,-4.632536e-01,-4.554202e-01,-1.004296e-01,-4.189879e-01,-1.994578e-01
3.997408e+00,-1.560005e+00,1.266937e+00,-5.164684e-01,-8.917146e-02,-3.091239e-01,-3.154820e-02,4.378600e-03,2.512886e-01,5.780942e-04,1.240503e-01
4.616715e+00,-1.023802e+00,1.461467e+00,-5.775525e-01,6.026952e-02,-4.575723e-01,-4.026794e-01,-5.867017e-01,-1.095863e-01,-3.396724e-01,-3.567408e-01
4.608876e+00,-1.277603e+00,1.325060e+00,-4.517354e-01,-9.845877e-02,-8.250548e-01,-1.640425e-01,-3.242427e-01,6.000692e-02,-1.800817e-01,3.468542e-02
4.594593e+00,-9.230111e-01,1.477019e+00,-5.359270e-01,1.343586e-01,-4.116543e-01,-3.499970e-01,-8.061310e-01,-4.695694e-02,-3.786920e-01,-5.294596e-01
4.514496e+00,-1.162776e+00,1.228647e+00,-4.009991e-01,-6.620564e-02,-6.375961e-01,-8.186400e-02,-3.402767e-01,5.818538e-02,-2.852079e-01,-7.704709e-02
4.507157e+00,-1.005490e+00,1.540856e+00,-3.896698e-01,7.458435e-02,-3.386651e-01,-3.191592e-01,-4.762346e-01,-3.316564e-01,-3.193222e-01,-4.165149e-01
4.603890e+00,-1.057614e+00,1.515200e+00,-5.084646e-01,-1.609450e-01,-5.226814e-01,-2.780276e-01,-4.605503e-01,-3.249223e-01,-2.237655e-01,-1.324187e-01
4.661175e+00,-7.863636e-01,1.452452e+00,-4.474915e-01,-4.036884e-02,-6.139252e-01,-2.025146e-01,-4.177343e-01,-5.416083e-01,-5.030156e-01,1.325721e-01
4.423727e+00,-9.095551e-01,1.636052e+00,-4.531026e-01,-2.043718e-01,-2.774437e-01,-1.434860e-01,-6.307417e-01,-3.872949e-01,-3.010490e-01,-1.257843e-01
4.572566e+00,-1.116371e+00,1.604607e+00,-5.810001e-01,-2.567490e-01,-2.786868e-01,-1.356872e-01,-4.096111e-01,-2.878882e-01,-2.357783e-01,-7.534030e-02
4.706874e+00,-8.509843e-01,1.536050e+00,-4.905905e-01,1.122866e-02,-3.333962e-01,-2.848156e-01,-5.707525e-01,-3.747540e-01,-4.434392e-01,-3.431875e-01
4.586743e+00,-1.129003e+00,1.530954e+00,-6.164227e-01,-1.680385e-01,-6.307205e-01,-2.920999e-01,-3.994637e-01,-4.600946e-02,-1.960238e-01,-4.394387e-02
4.688916e+00,-8.201589e-01,1.323484e+00,-4.264571e-01,6.392876e-02,-4.890741e-01,-1.992849e-01,-6.231564e-01,-1.945544e-01,-3.861854e-01,-4.828750e-01
4.329817e+00,-1.333066e+00,1.164923e+00,-5.072749e-01,4.168044e-02,-5.030192e-01,-5.853914e-02,-1.229553e-01,1.134201e-01,-1.110246e-01,3.899576e-02
4.813961e+00,-9.132728e-01,1.353673e+00,-3.580505e-01,-1.521940e-01,-5.821645e-01,-2.488803e-01,-8.289224e-01,1.963859e-02,-2.594624e-01,-4.990178e-01
4.453362e+00,-1.360767e+00,1.173728e+00,-5.032226e-01,-9.878159e-02,-6.294225e-01,-1.606414e-01,-8.818474e-02,-7.465225e-02,-1.444872e-02,1.303855e-01
4.770274e+00,-8.925826e-01,1.418975e+00,-5.741688e-01,-9.359438e-02,-6.036209e-01,-2.724720e-01,-7.206430e-01,-2.578912e-02,-3.411594e-01,-3.034004e-01
3.989588e+00,-1.323377e+00,1.375874e+00,-5.741429e-01,3.098730e-02,-2.848515e-01,1.844799e-01,-1.994108e-01,2.171494e-01,-1.693514e-01,-1.181176e-02
4.723541e+00,-7.847530e-01,1.478381e+00,-6.698071e-01,-2.169222e-01,-4.801216e-01,-2.838343e-01,-5.562995e-01,-1.321481e-01,-4.644385e-01,-1.598987e-01
4.481099e+00,-9.727149e-01,1.558901e+00,-6.930658e-01,-2.432097e-01,-2.623406e-01,-1.150872e-01,-4.764050e-01,-2.135816e-01,-3.651397e-01,2.887811e-02
4.715758e+00,-6.180750e-01,1.563979e+00,-6.567917e-01,-3.913179e-01,-4.216491e-01,-9.403135e-02,-5.151469e-01,-5.375088e-01,-3.846901e-01,5.387531e-02
4.460067e+00,-8.577386e-01,1.541400e+00,-8.449803e-01,-1.710439e-01,-6.990908e-02,-5.128221e-03,-4.706724e-01,-3.574097e-01,-2.456046e-01,1.701293e-01
4.496111e+00,-8.895959e-01,1.638742e+00,-4.498093e-01,-2.072803e-01,-3.486432e-01,-1.358297e-01,-5.200871e-01,-4.439263e-01,-4.114022e-01,-1.407770e-01
4.594175e+00,-8.183715e-01,1.594804e+00,-6.079675e-01,-2.667325e-01,-2.836152e-01,-4.391488e-01,-5.927351e-01,-3.269550e-01,-9.402030e-02,-5.799750e-02
4.519514e+00,-1.022956e+00,1.522711e+00,-2.887175e-01,1.126556e-01,-3.362715e-01,-2.833263e-01,-5.098193e-01,-4.736646e-01,-5.527106e-01,-2.443544e-01
4.678877e+00,-9.596009e-01,1.577124e+00,-6.391021e-01,-3.356084e-02,-4.925946e-01,-2.072384e-01,-5.620949e-01,-2.039108e-01,-1.890776e-01,-2.255278e-01
4.418138e+00,-1.202621e+00,1.577277e+00,-5.244198e-01,6.215391e-02,-3.730499e-01,-7.328080e-02,-5.965804e-01,6.014123e-02,-5.137086e-01,-1.155802e-01
4.631343e+00,-8.158862e-01,1.476194e+00,-5.684314e-01,-1.151381e-01,-6.056258e-01,-2.712501e-01,-5.102843e-01,-2.434439e-01,-5.411918e-01,-5.918729e-02
4.466244e+00,-1.067421e+00,1.492312e+00,-7.609674e-01,-5.994916e-02,-4.753669e-01,-2.455360e-01,-4.080488e-01,-1.158497e-01,-2.369808e-01,8.698099e-02
4.540602e+00,-9.821111e-01,1.647627e+00,-5.160596e-01,-1.994985e-01,-3.588248e-01,-1.694152e-01,-5.671362e-01,-3.355388e-01,-4.374364e-01,-1.459196e-01
4.163662e+00,-8.982277e-01,1.327074e+00,-9.320255e-01,-1.977014e-01,-2.713684e-01,7.697443e-02,-2.118648e-01,1.486232e-02,2.291510e-03,2.441254e-01
4.455601e+00,-6.669105e-01,1.784838e+00,-5.995361e-01,-4.615148e-01,-2.005011e-01,6.138826e-02,-8.075117e-01,-5.331908e-01,-4.732491e-01,-5.742503e-02
4.179718e+00,-4.016417e-01,1.366971e+00,-1.358233e+00,-5.251750e-01,-5.612358e-02,1.168576e-01,-4.868114e-01,-1.805793e-01,1.718626e-01,4.593296e-01
4.644473e+00,-7.847525e-01,1.603102e+00,-6.911063e-01,-2.250280e-01,-3.748668e-01,4.933210e-02,-5.458302e-01,-6.387255e-01,-4.071038e-01,-1.355641e-02
4.368750e+00,-1.105953e+00,1.448696e+00,-9.228552e-01,-1.824456e-01,-2.203278e-03,-7.121220e-02,-2.607119e-01,6.682713e-02,7.653170e-02,1.500584e-02
4.784289e+00,-8.615685e-01,1.485672e+00,-4.933416e-01,-2.382936e-01,-6.204518e-01,-1.764952e-01,-3.973330e-01,-5.078604e-01,-3.564734e-01,-7.070227e-02
4.434723e+00,-8.936477e-01,1.361281e+00,-6.294340e-01,-7.723351e-02,-2.942962e-01,-2.514568e-01,-5.237892e-01,-2.098447e-01,-2.923164e-01,-4.689049e-02
4.668340e+00,-9.339228e-01,1.581817e+00,-4.207984e-01,-3.375330e-01,-5.596095e-01,-1.615103e-01,-6.184195e-01,-2.493375e-01,-2.620978e-01,-1.597924e-01
4.353077e+00,-1.075712e+00,1.584407e+00,-5.581127e-01,2.247072e-01,-1.921881e-01,-2.340099e-01,-2.844424e-01,-3.056234e-01,-3.503741e-01,-2.576743e-01
4.540132e+00,-8.643137e-01,1.574833e+00,-5.492243e-01,-2.922973e-01,-3.377809e-01,-2.146835e-01,-7.151249e-01,-1.729727e-01,-3.045185e-01,-1.747871e-01
4.358754e+00,-6.474419e-01,1.577116e+00,-6.102263e-01,3.439482e-02,-4.598715e-01,-2.264735e-01,-6.485207e-01,-3.644844e-01,-5.159625e-01,-3.490513e-02
4.555425e+00,-6.093189e-01,1.408396e+00,-7.422705e-01,-1.226987e-01,-3.467973e-01,2.211180e-02,-7.215091e-01,-4.284089e-01,-3.008817e-01,1.486053e-01
4.543126e+00,-4.832716e-01,1.689446e+00,-9.556996e-01,-3.355913e-01,-1.924793e-01,2.071842e-01,-6.367179e-01,-5.427992e-01,-4.574981e-01,1.533312e-01
4.356673e+00,-5.988037e-01,1.515272e+00,-7.558733e-01,-2.738558e-01,-1.687896e-01,2.203772e-01,-6.841691e-01,-4.592761e-01,-8.857267e-02,6.826772e-02
4.687550e+00,-5.445540e-01,1.397155e+00,-6.494566e-01,-2.732759e-01,-4.985761e-01,-2.837523e-01,-5.356666e-01,-3.857470e-01,-3.629397e-01,-9.008953e-02
4.279065e+00,-8.526315e-01,1.334605e+00,-5.405516e-01,-1.192113e-01,-3.621461e-01,2.812647e-02,-4.960368e-01,-2.928884e-01,-1.316694e-01,-9.753922e-02
4.692407e+00,-7.474259e-01,1.423020e+00,-6.398832e-01,-7.202720e-02,-4.704481e-01,-4.221890e-01,-5.240744e-01,-1.599893e-02,-3.475337e-01,-3.138537e-01
4.224135e+00,-1.297246e+00,1.239944e+00,-6.234551e-01,-1.610071e-01,-2.393543e-01,-1.671018e-02,-1.267517e-01,1.404136e-01,1.115181e-02,-1.683543e-02
4.869850e+00,-8.898812e-01,1.392992e+00,-5.698250e-01,-1.297117e-01,-4.041574e-01,-5.620292e-01,-4.079584e-01,-3.105111e-01,-3.321367e-01,-3.478835e-01
4.432249e+00,-1.252631e+00,1.228965e+00,-5.905925e-01,-2.161990e-01,-5.148964e-01,-2.057044e-01,-2.638044e-01,1.124411e-01,-1.312071e-01,2.476588e-01
4.683866e+00,-8.833441e-01,1.483696e+00,-6.083418e-01,1.006138e-01,-4.594450e-01,-2.860074e-01,-4.607375e-01,-1.740914e-01,-5.828548e-01,-2.676120e-01
4.381066e+00,-1.324292e+00,1.443205e+00,-5.871383e-01,-2.498132e-01,-3.700436e-01,1.628900e-02,-2.330514e-01,4.177062e-02,-5.845284e-02,7.183893e-02
4.546468e+00,-6.346772e-01,1.596786e+00,-5.930582e-01,-7.971973e-02,-2.457380e-01,-3.006159e-01,-7.375191e-01,-2.620875e-01,-4.067321e-01,-3.966451e-01
4.564927e+00,-7.697723e-01,1.367055e+00,-5.633870e-01,-3.546186e-01,-5.469051e-01,-6.464230e-03,-4.592300e-01,-4.633386e-01,-2.185185e-01,2.145443e-01
4.589028e+00,-5.326053e-01,1.552027e+00,-7.416287e-01,-2.332474e-01,-6.409952e-02,-9.395136e-02,-8.746664e-01,-2.528317e-01,-3.328314e-01,-2.327321e-01
4.258712e+00,-8.429503e-01,1.555225e+00,-5.150133e-01,-1.433239e-01,-4.049816e-01,6.154175e-02,-3.801794e-01,-3.422021e-01,-4.292442e-01,1.181413e-01
4.525410e+00,-7.494290e-01,1.370071e+00,-5.494788e-01,-1.633455e-01,-3.021542e-01,-2.659246e-01,-6.871417e-01,-1.926697e-01,-4.036263e-01,-1.018244e-01
4.431092e+00,-1.077989e+00,1.710691e+00,-4.016593e-01,-2.718491e-02,-4.011430e-01,-2.902634e-01,-5.857017e-01,-4.145732e-01,-5.814834e-01,-1.833702e-01
4.699672e+00,-9.688529e-01,1.265763e+00,-3.979068e-01,-5.984773e-02,-6.532546e-01,-3.398713e-01,-3.052536e-01,-1.151390e-01,-3.202886e-01,3.435037e-02
4.389538e+00,-1.191286e+00,1.593871e+00,-2.855478e-01,-2.076507e-02,-2.313142e-01,-2.322325e-01,-5.704915e-01,-7.956651e-02,-5.603271e-01,-3.263230e-01
4.419120e+00,-1.152238e+00,1.400785e+00,-4.574994e-01,-1.906185e-01,-4.638508e-01,-3.409509e-01,-3.770298e-01,1.117473e-01,-1.822224e-01,-2.110098e-01
4.781492e+00,-9.767888e-01,1.466810e+00,-4.939964e-01,-3.345985e-02,-4.321285e-01,-6.123878e-01,-4.907086e-01,-2.785801e-01,-3.163075e-01,-2.301235e-01
4.563192e+00,-1.387418e+00,1.373352e+00,-5.437621e-01,-1.889679e-01,-3.804267e-01,-2.822887e-01,-2.130823e-01,3.016243e-02,-1.764142e-01,-9.342840e-02
4.704438e+00,-8.873484e-01,1.456828e+00,-6.320280e-01,-6.870657e-02,-4.852614e-01,-3.215259e-01,-4.343791e-01,-1.955917e-01,-2.518580e-01,-2.252141e-01
4.192626e+00,-1.433110e+00,1.118708e+00,-4.857323e-01,-1.362235e-01,-3.155082e-01,8.843512e-02,-1.643415e-01,2.567983e-01,-1.439473e-01,1.326865e-01
4.677433e+00,-7.754910e-01,1.625652e+00,-7.606361e-01,-3.116156e-01,-5.366548e-01,-2.357823e-01,-6.129355e-01,-2.595503e-01,-3.442447e-01,-2.040972e-01
4.414106e+00,-1.114205e+00,1.360981e+00,-5.442727e-01,-1.628612e-01,-4.305985e-01,-2.055906e-02,-3.513513e-01,-1.500402e-01,-2.535396e-01,1.213362e-01
4.561738e+00,-8.333411e-01,1.670837e+00,-7.015353e-01,-2.209460e-01,-4.102629e-01,-2.600267e-01,-4.539743e-01,-2.453221e-01,-3.229804e-01,-1.193832e-01
4.201157e+00,-1.020064e+00,1.305360e+00,-6.047100e-01,-6.814380e-02,-2.612597e-01,-8.849005e-02,-3.783673e-01,1.335803e-02,-1.806540e-01,-9.705438e-02
4.529669e+00,-9.316895e-01,1.478359e+00,-3.936798e-01,-1.261929e-01,-4.769072e-01,-3.799933e-01,-6.438053e-01,-1.616832e-01,-5.223470e-01,-1.016213e-01
4.533466e+00,-9.350538e-01,1.398692e+00,-5.257413e-01,-9.754307e-02,-5.488127e-01,-4.258514e-01,-4.446442e-01,-4.399954e-02,-3.152328e-01,-2.041059e-01
4.496208e+00,-1.244774e+00,1.484244e+00,-2.275297e-01,1.779250e-01,-4.863110e-01,-2.089003e-01,-4.347794e-01,-3.003858e-01,-5.472758e-01,-3.083540e-01
4.489339e+00,-1.011992e+00,1.426316e+00,-4.848916e-01,4.010390e-02,-4.280798e-01,-4.197652e-01,-3.852047e-01,3.912962e-02,-2.955498e-01,-2.269608e-01
4.496435e+00,-1.237524e+00,1.513256e+00,-2.186012e-01,1.195763e-01,-5.676875e-01,-2.798677e-01,-4.821314e-01,-3.227869e-01,-4.618335e-01,-2.654910e-01
4.875026e+00,-1.029663e+00,1.465583e+00,-5.472314e-01,1.946466e-03,-4.682196e-01,-4.952468e-01,-7.110669e-01,-9.910749e-02,-2.105463e-01,-3.603907e-01
4.605271e+00,-1.178714e+00,1.384356e+00,-3.485004e-01,3.937099e-02,-6.419654e-01,-2.829444e-01,-2.811511e-01,-1.243445e-01,-1.971803e-01,-1.895597e-01
4.694913e+00,-1.020298e+00,1.360465e+00,-4.253978e-01,5.839033e-02,-3.471930e-01,-3.270635e-01,-4.977563e-01,-2.131472e-01,-2.158758e-01,-3.907347e-01
4.529798e+00,-1.186535e+00,1.391750e+00,-5.767923e-01,-2.750875e-01,-3.994193e-01,-2.487149e-01,-2.998289e-01,-6.873151e-02,-1.591843e-01,-5.669036e-02
4.558094e+00,-7.161451e-01,1.511667e+00,-4.805619e-01,-1.052368e-02,-5.564098e-01,-3.290414e-01,-4.253874e-01,-4.219436e-01,-5.887543e-01,-1.798169e-01
4.380736e+00,-1.075673e+00,1.294391e+00,-7.437763e-01,-2.919246e-01,-5.088567e-01,5.084063e-02,-3.281561e-01,7.467369e-02,-8.740803e-02,1.583852e-01
4.526556e+00,-9.993009e-01,1.652761e+00,-5.546345e-01,-1.019336e-01,-4.128868e-01,-6.060044e-02,-4.069151e-01,-3.213382e-01,-5.154294e-01,-3.134213e-01
4.383821e+00,-1.167692e+00,1.032310e+00,-5.896511e-01,-1.799539e-01,-4.677836e-01,6.084148e-02,-3.848561e-01,2.514928e-01,1.135755e-01,1.258279e-01
4.647397e+00,-9.619487e-01,1.513637e+00,-4.399418e-01,-2.280434e-01,-5.807318e-01,-3.451147e-01,-5.986986e-01,-2.010690e-01,-4.295710e-01,-2.677367e-01
4.537733e+00,-1.070098e+00,1.220188e+00,-5.957661e-01,3.208440e-02,-5.009120e-01,-1.563421e-01,-5.316833e-01,7.635042e-02,-1.696229e-02,-2.625169e-01
4.658566e+00,-1.093852e+00,1.385596e+00,-3.593035e-01,3.193383e-02,-7.234625e-01,-3.232601e-01,-3.539020e-01,-1.895432e-01,-2.484351e-01,-2.470759e-01
4.384308e+00,-1.237385e+00,1.372781e+00,-3.472617e-01,4.925327e-02,-2.637404e-01,-1.325964e-01,-4.808909e-01,6.850606e-02,-2.902829e-01,-4.201591e-01
4.848962e+00,-1.091187e+00,1.370011e+00,-3.174488e-01,-1.146724e-01,-7.298975e-01,-4.060738e-01,-4.329480e-01,-2.140206e-01,-4.185792e-01,-1.242168e-01
4.625051e+00,-1.174116e+00,1.540695e+00,-2.918806e-01,-4.705311e-02,-4.235636e-01,-4.067066e-01,-4.894897e-01,-2.025584e-01,-3.494598e-01,-3.232454e-01
4.563624e+00,-1.236018e+00,1.616474e+00,-4.924220e-01,-1.487091e-02,-4.395370e-01,-2.241531e-01,-4.761241e-01,-1.567066e-01,-3.942337e-01,-1.037421e-01
4.594860e+00,-1.107804e+00,1.519815e+00,-4.795042e-01,2.662314e-03,-3.407574e-01,-2.590752e-01,-5.031968e-01,-2.058011e-01,-3.481360e-01,-1.400883e-01
4.493888e+00,-1.011774e+00,1.806842e+00,-6.129492e-01,-1.549841e-01,-2.741046e-01,-3.515124e-01,-5.614163e-01,-2.639603e-01,-3.637061e-01,-1.194829e-01
4.768241e+00,-8.234271e-01,1.517823e+00,-5.031360e-01,-3.570343e-01,-5.302819e-01,-1.669171e-01,-6.203038e-01,-3.538917e-01,-4.141055e-01,-1.843129e-02
4.262779e+00,-8.637109e-01,1.451356e+00,-6.377987e-01,5.473542e-02,-2.504058e-01,1.827686e-02,-4.149104e-01,-2.536025e-01,-3.906729e-01,-8.042276e-03
4.625668e+00,-9.332764e-01,1.543492e+00,-5.094172e-01,-2.798425e-01,-5.050225e-01,-1.554886e-01,-4.559104e-01,-1.920802e-01,-3.948981e-01,-1.384388e-01
4.359860e+00,-1.075997e+00,1.351631e+00,-6.967571e-01,-8.337455e-02,-2.957477e-01,-1.097926e-01,-4.887337e-01,-8.679970e-02,-9.402759e-02,-1.038160e-01
4.693531e+00,-9.054317e-01,1.536858e+00,-5.505712e-01,-1.395746e-01,-6.897312e-01,-3.579404e-01,-4.781908e-01,-1.963086e-01,-5.037388e-01,-1.863586e-01
4.300311e+00,-1.312837e+00,1.156899e+00,-6.648989e-01,-8.956248e-02,-4.265704e-01,-7.422572e-02,-3.302139e-01,2.553376e-01,9.446964e-02,1.568234e-01
4.584626e+00,-1.131012e+00,1.563850e+00,-5.388749e-01,5.685854e-02,-4.047445e-01,-2.791495e-01,-4.980043e-01,-8.273356e-02,-4.987747e-01,-3.590068e-01
4.370833e+00,-1.260773e+00,1.362986e+00,-6.705122e-01,-1.841602e-01,-5.243332e-01,-1.992063e-01,-2.494533e-01,2.706175e-01,-1.240041e-01,7.426671e-02
4.580066e+00,-9.648853e-01,1.610087e+00,-4.552928e-01,3.492107e-02,-4.947791e-01,-4.397299e-01,-5.333339e-01,-2.652291e-01,-5.340073e-01,-3.541690e-01
4.488453e+00,-1.147184e+00,1.442099e+00,-6.520446e-01,-2.189259e-01,-4.927471e-01,-2.818429e-01,-1.675421e-01,-1.113914e-01,-2.289343e-01,1.393604e-02
4.626797e+00,-9.101968e-01,1.445874e+00,-5.458857e-01,1.627773e-02,-2.205494e-01,-3.600970e-01,-3.699130e-01,-3.161860e-01,-4.027725e-01,-1.530714e-01
4.481177e+00,-1.121217e+00,1.616004e+00,-6.133786e-01,-2.525075e-01,-3.469045e-01,-4.345419e-02,-4.492018e-01,-2.550159e-01,-1.996512e-01,-3.332573e-02
4.698013e+00,-5.284147e-01,1.659607e+00,-9.556724e-01,-2.296450e-01,-1.693635e-01,-2.698895e-01,-7.357320e-01,-4.045877e-01,-2.496695e-01,-2.007450e-01
4.483007e+00,-6.265829e-01,1.539336e+00,-5.232651e-01,-2.234551e-01,-3.713755e-01,1.195569e-01,-6.580017e-01,-7.450206e-01,-3.678185e-01,1.612630e-01
4.402483e+00,-6.065885e-01,1.618122e+00,-8.688738e-01,-1.364003e-01,-1.747059e-01,-1.721209e-01,-5.963117e-01,-2.099893e-01,-1.954857e-01,-6.383031e-02
4.482312e+00,-9.943196e-01,1.573621e+00,-3.639196e-01,5.445995e-02,-3.827416e-01,3.530273e-02,-5.737293e-01,-4.593083e-01,-5.359601e-01,-1.839458e-01
4.481905e+00,-7.806945e-01,1.511268e+00,-7.512165e-01,-8.525358e-02,-5.307153e-01,-3.513384e-01,-4.792547e-01,-1.314054e-01,-2.830288e-01,-8.328425e-02
4.517119e+00,-8.487792e-01,1.466984e+00,-3.387517e-01,-2.509407e-01,-4.974091e-01,-1.535177e-01,-6.926661e-01,-2.613485e-01,-4.624540e-01,-2.841973e-01
4.438116e+00,-1.010156e+00,1.103783e+00,-5.959942e-01,1.133836e-01,-4.662948e-01,-1.020979e-01,-2.076185e-01,-1.151968e-01,-2.450176e-01,1.116339e-01
4.643415e+00,-9.701837e-01,1.597969e+00,-5.562897e-01,-2.130119e-01,-4.686931e-01,-1.627112e-01,-5.961307e-01,-1.102567e-01,-2.711643e-01,-3.037751e-01
4.305855e+00,-1.080113e+00,1.356686e+00,-6.804002e-01,-6.641821e-02,-3.408421e-01,-1.840553e-01,-4.035928e-01,3.328775e-02,-1.730242e-01,-8.665169e-02
4.825299e+00,-6.462131e-01,1.424042e+00,-7.182412e-01,-1.965304e-01,-5.917903e-01,-2.306675e-01,-6.685777e-01,-3.247440e-01,-2.442443e-01,-1.161299e-01
4.079138e+00,-1.184257e+00,1.296996e+00,-6.776408e-01,-1.800042e-01,-2.344142e-01,1.219110e-01,-1.383690e-01,-7.542906e-03,1.710413e-02,1.721442e-01
4.799214e+00,-5.376279e-01,1.436946e+00,-7.418116e-01,-3.555390e-01,-3.392506e-01,9.613644e-02,-6.723500e-01,-5.130162e-01,-8.935384e-02,-2.011683e-02
4.352804e+00,-6.094834e-01,1.497068e+00,-9.977988e-01,-5.008889e-01,-7.244118e-02,1.890095e-01,-3.027784e-01,-5.729806e-01,-1.282190e-01,3.916004e-01
4.716777e+00,-6.197941e-01,1.670381e+00,-7.576626e-01,-4.673733e-01,-2.420199e-01,-8.815717e-02,-7.617684e-01,-5.955734e-01,-1.609699e-01,-6.043290e-02
4.472253e+00,-8.585457e-01,1.387161e+00,-7.692224e-01,-2.026982e-01,-3.385846e-01,-1.162441e-01,-3.573429e-01,-3.101357e-01,-1.807200e-01,1.183107e-01
4.430718e+00,-9.072394e-01,1.611431e+00,-5.041311e-01,-9.895036e-02,-2.420469e-01,-5.119052e-02,-5.298048e-01,-3.129202e-01,-4.815903e-01,-2.331466e-01
4.502494e+00,-8.780200e-01,1.497848e+00,-6.363927e-01,-1.296348e-01,-4.701690e-01,-2.503218e-01,-5.677315e-01,-2.320405e-02,-2.085332e-01,-7.482096e-02
4.358454e+00,-9.218194e-01,1.625320e+00,-2.612732e-01,-1.094673e-01,-3.463639e-01,-2.369119e-01,-6.586443e-01,-4.233953e-01,-6.013371e-01,-1.801355e-01
4.601424e+00,-7.726693e-01,1.396750e+00,-5.729061e-01,-4.975056e-02,-4.302617e-01,-3.281215e-01,-6.684642e-01,-1.366657e-01,-4.131960e-01,-3.805499e-02
4.293054e+00,-1.052352e+00,1.513110e+00,-3.911310e-01,-1.490068e-02,-4.365860e-01,-1.386973e-02,-4.233950e-01,-3.132450e-01,-3.141312e-01,2.203846e-02
4.541909e+00,-6.647150e-01,1.493065e+00,-6.755285e-01,-1.092682e-01,-2.384819e-01,-1.872616e-01,-7.013362e-01,-1.735699e-01,-3.943498e-01,-2.221125e-01
4.486472e+00,-8.365665e-01,1.445336e+00,-6.272186e-01,-3.904627e-01,-4.186933e-01,-1.161463e-02,-5.202314e-01,-4.352837e-01,-2.328095e-01,2.247499e-01
4.571024e+00,-3.453328e-01,1.678475e+00,-8.406947e-01,-3.924368e-01,3.120684e-02,-7.993900e-02,-8.669923e-01,-4.790795e-01,-3.666584e-01,-2.064553e-01
4.441943e+00,-8.751521e-01,1.556188e+00,-9.299182e-01,-5.000988e-01,-1.237202e-01,2.469350e-01,-2.173330e-01,-3.686051e-01,-1.229387e-01,4.517715e-01
4.515120e+00,-6.439137e-01,1.647097e+00,-7.387884e-01,-1.044213e-01,-2.308723e-01,-9.838186e-02,-6.201868e-01,-3.699713e-01,-4.458231e-01,-2.181388e-01
4.337860e+00,-1.199098e+00,1.533092e+00,-7.627378e-01,-4.629924e-01,-3.190456e-01,-1.922285e-01,-2.682807e-01,5.646641e-02,-1.460880e-01,3.536831e-01
4.856593e+00,-8.304140e-01,1.367830e+00,-5.687762e-01,-9.477187e-02,-4.314294e-01,-4.931497e-01,-4.231730e-01,-3.440413e-01,-5.125682e-01,-1.153531e-01
4.181879e+00,-1.354531e+00,1.311878e+00,-6.725845e-01,-1.669430e-01,-2.610727e-01,-9.785413e-02,-7.601196e-02,1.044779e-01,-2.217708e-02,1.201869e-01
4.704313e+00,-9.570493e-01,1.410151e+00,-4.183847e-01,-2.291663e-01,-4.744359e-01,-2.904095e-01,-6.091318e-01,9.404103e-02,-4.345134e-01,-3.473172e-01
4.285380e+00,-1.000000e+00,1.257346e+00,-5.966776e-01,5.621181e-02,-3.098791e-01,-2.499687e-01,-3.742628e-01,-1.468186e-01,-2.082419e-01,-1.175629e-01
4.692732e+00,-8.080473e-01,1.438549e+00,-4.728539e-01,-3.020103e-01,-5.278882e-01,-4.188993e-01,-6.307500e-01,2.636906e-02,-4.652327e-01,-3.345284e-01
4.338631e+00,-9.311214e-01,1.426432e+00,-5.729815e-01,7.602524e-02,-2.942258e-01,-2.242184e-01,-5.034416e-01,-1.507641e-01,-2.294012e-01,-1.084297e-01
4.606911e+00,-8.773665e-01,1.464183e+00,-5.378637e-01,-1.746665e-02,-5.800994e-01,-1.350998e-01,-4.286964e-01,-2.076966e-01,-4.429709e-01,-1.928178e-01
4.494147e+00,-8.928801e-01,1.631085e+00,-6.291799e-01,-1.845196e-01,-2.642083e-01,-1.686955e-01,-7.118930e-01,-2.224126e-01,-3.679398e-01,5.384563e-03
4.485921e+00,-6.640790e-01,1.500526e+00,-5.296950e-01,-1.225703e-01,-4.388677e-01,-1.173246e-01,-6.613683e-01,-4.815667e-01,-5.102766e-01,9.247836e-02
4.517234e+00,-7.278565e-01,1.643213e+00,-6.959221e-01,-3.004777e-01,-3.547825e-01,-1.336986e-01,-5.308765e-01,-3.958157e-01,-4.633737e-01,7.340278e-02
4.366335e+00,-1.109141e+00,1.614977e+00,-5.271110e-01,3.869466e-02,-9.777623e-02,-1.425220e-01,-3.519717e-01,-3.204257e-01,-2.924759e-01,-2.739093e-01
4.615221e+00,-9.183549e-01,1.574908e+00,-5.595499e-01,-2.295190e-01,-4.671089e-01,-4.001018e-01,-3.661254e-01,-3.098503e-01,-2.821510e-01,-1.827508e-01
4.484594e+00,-1.058745e+00,1.379395e+00,-4.979952e-01,-8.718069e-02,-2.469421e-01,-3.398733e-01,-5.629318e-01,-3.408976e-02,-3.540703e-01,-2.320858e-01
4.759121e+00,-1.033090e+00,1.418615e+00,-3.163335e-01,-1.624431e-01,-6.760606e-01,-4.069646e-01,-3.871139e-01,-3.682613e-01,-2.481030e-01,-1.737470e-01
4.439762e+00,-1.257127e+00,1.210194e+00,-6.103330e-01,1.180921e-01,-4.368119e-01,-9.516052e-02,-1.710141e-01,2.333714e-01,-3.477172e-02,-9.250692e-02
4.704031e+00,-1.148116e+00,1.386899e+00,-2.871896e-01,-7.692113e-02,-5.580402e-01,-3.008484e-01,-3.936380e-01,-3.436867e-01,-3.729346e-01,-2.841367e-01
4.336410e+00,-1.198675e+00,1.161755e+00,-7.382159e-01,-1.756973e-01,-5.334195e-01,-1.868730e-01,-3.341278e-01,2.434315e-01,1.888410e-01,1.581944e-02
4.600135e+00,-9.935251e-01,1.456499e+00,-2.684173e-01,-5.486494e-02,-6.028048e-01,-2.337014e-01,-5.129777e-01,-2.759056e-01,-5.463956e-01,-3.860980e-01
4.329831e+00,-1.124202e+00,1.122315e+00,-7.067403e-01,-3.454750e-02,-4.671196e-01,-5.390633e-03,-2.380692e-01,1.951848e-01,6.765047e-02,1.188528e-02
4.540727e+00,-9.816237e-01,1.573840e+00,-3.591875e-01,-2.007398e-01,-4.358301e-01,-1.209521e-01,-5.999860e-01,-1.934271e-01,-4.305889e-01,-3.791800e-01
4.512700e+00,-1.013909e+00,1.405766e+00,-6.865953e-01,-1.653533e-01,-4.149666e-01,-2.581479e-01,-3.655086e-01,-1.924718e-01,-2.009451e-01,1.155894e-01
4.662944e+00,-8.383928e-01,1.582502e+00,-5.886975e-01,-1.792942e-01,-5.830796e-01,-1.027436e-01,-6.814966e-01,-3.303209e-01,-4.491337e-01,-4.889511e-02
4.329995e+00,-1.028389e+00,1.553861e+00,-4.862950e-01,-1.948802e-02,-4.778689e-01,-7.677391e-02,-4.306505e-01,-1.929101e-01,-3.845492e-01,-1.415126e-02
4.733679e+00,-9.339563e-01,1.356581e+00,-4.562941e-01,-2.892571e-02,-5.271897e-01,-1.668456e-01,-5.272370e-01,-2.567259e-01,-2.747016e-01,-6.813532e-02
4.490446e+00,-1.209559e+00,1.614484e+00,-1.409426e-01,-8.431961e-02,-2.970133e-01,-2.473256e-01,-5.336376e-01,-4.102364e-01,-5.062307e-01,-4.159550e-01
4.729506e+00,-9.192114e-01,1.421678e+00,-4.860055e-01,-1.547578e-01,-3.911381e-01,-5.077349e-01,-6.486370e-01,-9.091438e-02,-2.219093e-02,-4.359601e-01
4.597513e+00,-1.125015e+00,1.436464e+00,-2.572630e-01,1.166032e-01,-5.788544e-01,-3.505283e-01,-3.138948e-01,-3.630500e-01,-4.416793e-01,-2.889820e-01
4.482345e+00,-1.229470e+00,1.348290e+00,-4.489668e-01,-1.668765e-02,-3.160397e-01,-2.427319e-01,-4.870592e-01,1.116007e-01,-1.562280e-01,-3.141129e-01
4.697145e+00,-1.126598e+00,1.468797e+00,-3.625019e-01,6.740930e-03,-6.093535e-01,-5.381334e-01,-3.937786e-01,-1.751556e-01,-4.396838e-01,-7.976909e-02
4.612951e+00,-1.252357e+00,1.372956e+00,-3.788161e-01,-1.309441e-01,-4.739325e-01,-2.748460e-01,-5.038287e-01,1.057198e-01,-3.473667e-01,-2.497779e-01
4.718719e+00,-1.104587e+00,1.623303e+00,-6.033200e-01,-9.128134e-02,-6.234993e-01,-3.674467e-01,-5.473845e-01,-5.691654e-02,-4.189408e-01,-2.156388e-01
4.140695e+00,-1.324564e+00,1.184713e+00,-4.493636e-01,1.492997e-01,-4.190331e-01,1.862738e-01,-1.102926e-01,2.214003e-01,-2.760653e-01,1.138793e-01
4.609330e+00,-8.048313e-01,1.557484e+00,-7.281945e-01,-2.546991e-01,-4.280652e-01,-2.965744e-01,-6.063222e-01,-9.023234e-02,-4.609722e-01,-1.992004e-01
4.275042e+00,-1.227781e+00,1.372428e+00,-7.504353e-01,-2.223377e-01,-3.712395e-01,-1.649589e-02,-3.187498e-01,-5.996984e-03,-1.026911e-01,9.512567e-02
4.747117e+00,-6.522804e-01,1.507147e+00,-6.662609e-01,-2.357128e-01,-4.645770e-01,-3.085635e-01,-5.535807e-01,-2.441250e-01,-3.698142e-01,-2.158972e-01
4.274543e+00,-1.200908e+00,1.213928e+00,-5.441292e-01,-1.224785e-01,-3.446179e-01,2.180430e-02,-2.296702e-01,6.871441e-02,-1.631953e-01,7.713238e-02
4.648278e+00,-8.830335e-01,1.444474e+00,-4.963785e-01,3.083447e-02,-4.066793e-01,-3.241470e-01,-5.435662e-01,-2.789470e-01,-3.712348e-01,-2.665437e-01
4.541368e+00,-1.097597e+00,1.455402e+00,-5.306824e-01,-1.183726e-01,-6.615199e-01,-4.178003e-01,-3.088525e-01,2.676158e-02,-3.154747e-01,-3.941059e-02
4.605903e+00,-1.193000e+00,1.678795e+00,-4.323096e-01,1.003172e-01,-3.089592e-01,-4.836928e-01,-4.978239e-01,-3.445812e-01,-4.231034e-01,-4.274638e-01
4.626243e+00,-1.217076e+00,1.454278e+00,-4.284262e-01,-7.695769e-02,-4.198950e-01,-4.520504e-01,-2.285398e-01,-7.268389e-02,-2.646504e-01,-2.696405e-01
4.511702e+00,-1.173497e+00,1.508031e+00,-3.798875e-01,1.438685e-01,-3.864826e-01,-3.975799e-01,-5.061427e-01,-1.350586e-01,-4.467422e-01,-2.525884e-01
4.533020e+00,-9.957505e-01,1.439778e+00,-4.209616e-01,2.943184e-03,-5.082977e-01,-3.772253e-01,-5.935924e-01,-1.588629e-01,-4.258766e-01,-2.439228e-01
4.541698e+00,-1.121330e+00,1.539915e+00,-4.254718e-01,-1.350136e-01,-5.618998e-01,-3.581607e-01,-4.615800e-01,-1.361566e-01,-3.706666e-01,-1.234433e-01
4.495606e+00,-9.244365e-01,1.478335e+00,-4.729909e-01,1.837560e-01,-3.887508e-01,-4.128975e-01,-4.294833e-01,-3.380671e-01,-3.925322e-01,-2.418661e-01
4.441550e+00,-1.087196e+00,1.370673e+00,-4.540829e-01,-2.282941e-01,-5.595102e-01,5.250029e-02,-3.580776e-01,-9.159683e-02,-2.427501e-01,1.672835e-02
4.497552e+00,-6.909749e-01,1.640026e+00,-6.982458e-01,4.725847e-02,-3.622594e-01,-1.551887e-01,-8.038437e-01,-2.878904e-01,-4.194711e-01,-2.971536e-01
4.468288e+00,-8.758786e-01,1.315335e+00,-5.524654e-01,-4.521772e-01,-6.149218e-01,1.305960e-01,-4.621271e-01,-1.842086e-01,-8.953497e-02,1.131409e-01
4.594807e+00,-6.554360e-01,1.526045e+00,-8.126689e-01,-1.263664e-01,-2.674552e-01,-1.536389e-01,-7.421986e-01,-2.236961e-01,-3.550904e-01,-3.188413e-01
4.195888e+00,-1.389460e+00,1.148530e+00,-6.131314e-01,-1.236947e-01,-3.021223e-01,1.517904e-01,-1.617663e-02,3.700827e-02,1.391762e-01,2.212170e-01
4.742788e+00,-8.415369e-01,1.535546e+00,-6.447036e-01,-1.669058e-01,-5.554949e-01,-3.807368e-01,-4.403869e-01,-2.810316e-01,-2.893709e-01,-3.070822e-01
4.296746e+00,-1.324185e+00,1.368789e+00,-5.118926e-01,-1.784102e-01,-4.217167e-01,-7.952536e-02,-3.899872e-01,1.020490e-02,-1.817707e-01,-3.360994e-02
4.732565e+00,-8.199167e-01,1.356823e+00,-4.491197e-01,-9.263895e-02,-7.071510e-01,-4.378867e-01,-3.552763e-01,-2.005347e-01,-4.037437e-01,-8.970115e-02
4.397816e+00,-1.408255e+00,1.368227e+00,-3.378193e-01,-3.875465e-02,-2.352776e-01,-1.861063e-02,-2.109708e-01,-7.419896e-02,-6.148939e-02,-2.858523e-01
4.815102e+00,-1.119252e+00,1.557843e+00,-5.719447e-01,-6.650890e-02,-5.489659e-01,-3.823943e-01,-4.646462e-01,-2.395411e-01,-2.730338e-01,-3.006348e-01
4.586360e+00,-8.635639e-01,1.323934e+00,-4.675916e-01,-5.397372e-02,-5.709668e-01,-1.655262e-01,-6.352184e-01,-1.245683e-01,-1.823488e-01,-1.822800e-01
4.525281e+00,-9.194083e-01,1.476619e+00,-4.943584e-01,-5.761745e-02,-4.557428e-01,-2.487700e-01,-6.237707e-01,-2.675928e-01,-3.771643e-01,-1.964379e-01
4.569321e+00,-8.254553e-01,1.349977e+00,-5.647327e-01,-1.332090e-01,-2.693174e-01,-2.786932e-02,-6.141373e-01,-3.145491e-01,-1.092934e-01,-9.540791e-02
4.376702e+00,-7.394605e-01,1.632872e+00,-5.399382e-01,2.137945e-02,-3.887433e-01,-5.414523e-02,-4.970934e-01,-5.011254e-01,-5.386470e-01,-7.291978e-02
4.508516e+00,-4.583573e-01,1.741542e+00,-8.171907e-01,-5.635721e-01,-2.274033e-01,1.779023e-03,-7.571390e-01,-5.661546e-01,-2.832946e-01,1.504033e-01
4.327176e+00,-6.260872e-01,1.598186e+00,-6.430341e-01,-1.832227e-01,-2.435615e-01,1.258299e-02,-5.374057e-01,-4.945069e-01,-5.497131e-01,8.347132e-02
4.466168e+00,-7.362035e-01,1.603598e+00,-6.903046e-01,-1.678126e-01,-4.394519e-01,-8.291241e-02,-6.096537e-01,-2.793825e-01,-4.074742e-01,1.261158e-01
4.377060e+00,-8.947028e-01,1.341891e+00,-7.372012e-01,-6.291829e-02,-2.105909e-01,-1.499699e-01,-4.410014e-01,4.759246e-02,-2.686413e-01,-9.452188e-02
4.750640e+00,-9.722406e-01,1.628228e+00,-5.957345e-01,-2.068416e-01,-4.830202e-01,-2.618658e-01,-5.318599e-01,-3.599788e-01,-4.029281e-01,-2.496867e-01
4.519343e+00,-9.952537e-01,1.252728e+00,-7.695295e-01,-1.994124e-01,-2.829346e-01,-3.860660e-01,-4.203291e-01,1.843284e-01,-7.868799e-02,-1.373551e-02
4.626452e+00,-9.612261e-01,1.429455e+00,-2.838231e-01,-1.336440e-01,-4.728135e-01,-1.115599e-01,-4.201765e-01,-3.816036e-01,-5.589109e-01,-1.689541e-01
4.212606e+00,-1.119973e+00,1.060172e+00,-9.838937e-01,3.780611e-03,-2.379977e-01,-1.345831e-01,-3.247104e-02,3.988755e-01,1.725767e-01,1.693800e-01
4.710211e+00,-9.906142e-01,1.708120e+00,-4.296398e-01,-2.329888e-01,-4.346696e-01,-3.137076e-01,-4.517636e-01,-4.430588e-01,-4.832367e-01,-1.612896e-01
4.501852e+00,-7.800639e-01,1.358269e+00,-9.598767e-01,-3.329428e-01,-1.465138e-01,-2.617725e-01,-5.126203e-01,4.839428e-02,-7.642937e-02,9.749990e-03
4.563025e+00,-7.223008e-01,1.607261e+00,-7.353059e-01,-3.017415e-01,-2.620349e-01,-7.901381e-02,-6.184810e-01,-4.621799e-01,-4.781735e-01,1.288242e-01
4.343016e+00,-4.681493e-01,1.425821e+00,-9.976546e-01,-2.331536e-01,-8.178807e-03,2.857336e-01,-5.786892e-01,-1.634238e-01,-2.295776e-01,2.659414e-01
4.472930e+00,-6.398918e-01,1.767278e+00,-9.001780e-01,-3.996843e-01,-2.924570e-01,-4.162575e-02,-6.594662e-01,-4.976958e-01,-3.865658e-01,1.093745e-01
4.467305e+00,-7.653463e-01,1.527678e+00,-5.949047e-01,-6.881037e-02,-2.020536e-01,-1.810383e-01,-6.327916e-01,-3.230741e-01,-5.962598e-01,-3.192249e-02
4.451495e+00,-7.587463e-01,1.604972e+00,-5.816770e-01,-2.804189e-01,-3.991080e-01,-3.045077e-01,-4.603002e-01,-3.479842e-01,-3.077910e-01,3.754861e-02
4.258628e+00,-9.226754e-01,1.395309e+00,-2.887136e-01,4.976866e-02,-2.404611e-01,-9.943699e-02,-5.822975e-01,-1.988395e-01,-5.007429e-01,-2.525596e-01
4.538441e+00,-7.904630e-01,1.398073e+00,-4.776600e-01,-8.373132e-02,-5.049075e-01,-2.226926e-01,-5.520744e-01,-2.304623e-01,-3.091203e-01,1.540611e-02
4.650708e+00,-9.330954e-01,1.540778e+00,-4.424947e-01,-1.755518e-01,-4.441032e-01,-3.478718e-01,-6.868064e-01,-2.560860e-01,-2.954666e-01,-3.050901e-01
4.495248e+00,-9.485775e-01,1.482834e+00,-7.367389e-01,-7.286235e-02,-1.743894e-01,-2.128104e-01,-6.546333e-01,-1.767901e-01,-1.535789e-01,-1.509644e-01
4.763494e+00,-8.423457e-01,1.453364e+00,-5.586374e-01,-1.834463e-01,-5.210326e-01,-1.907610e-01,-3.227195e-01,-3.351449e-01,-3.842816e-01,-6.289541e-02
4.315281e+00,-1.107708e+00,1.663213e+00,-7.916410e-01,-1.118347e-01,-1.766644e-01,5.464915e-02,-4.539290e-01,-2.158021e-01,-1.729286e-01,-1.726233e-02
4.848984e+00,-5.858811e-01,1.572572e+00,-7.367839e-01,-5.225110e-01,-4.294871e-01,-9.679391e-02,-5.569588e-01,-4.807986e-01,-4.620382e-01,4.416454e-02
4.161817e+00,-7.420025e-01,1.586989e+00,-9.915522e-01,-5.107406e-01,-6.465323e-02,2.152330e-01,-3.641935e-01,-5.123277e-01,-1.413625e-01,5.138010e-01
4.616492e+00,-6.868370e-01,1.637419e+00,-7.222786e-01,-4.023570e-01,-2.621395e-01,-1.210594e-01,-5.871956e-01,-3.974833e-01,-2.630570e-01,-9.972197e-02
4.193188e+00,-1.150867e+00,1.214619e+00,-7.344749e-01,-1.878727e-01,-3.724845e-01,1.500458e-01,-1.591280e-02,-1.104549e-01,4.901346e-02,3.566585e-01
4.586288e+00,-7.047562e-01,1.435732e+00,-5.966931e-01,-1.154838e-01,-3.710485e-01,-3.144864e-01,-7.993067e-01,-1.619823e-01,-3.728305e-01,-2.883572e-01
4.423918e+00,-1.067819e+00,1.293770e+00,-4.773805e-01,-3.183002e-01,-6.383587e-01,-4.271800e-02,-4.545348e-01,-1.908646e-02,-9.578170e-02,1.406623e-02
4.616375e+00,-8.575154e-01,1.358756e+00,-4.377072e-01,1.362701e-01,-3.740822e-01,-2.085584e-01,-5.579611e-01,-2.663379e-01,-3.814595e-01,-4.697367e-01
4.453249e+00,-1.203053e+00,1.330753e+00,-3.836345e-01,-1.054943e-01,-6.255278e-01,-2.339174e-03,-3.017876e-01,2.436169e-02,-1.781821e-01,-5.812367e-02
4.578668e+00,-7.945593e-01,1.433223e+00,-4.341700e-01,4.806950e-02,-4.675837e-01,-3.436903e-01,-5.711979e-01,-3.237248e-01,-3.672946e-01,-2.849527e-01
4.574788e+00,-1.056780e+00,1.431520e+00,-4.332108e-01,-8.952442e-02,-5.502994e-01,-3.011693e-01,-5.115050e-01,-2.877986e-01,-3.706909e-01,-3.778651e-02
4.454350e+00,-8.988156e-01,1.559781e+00,-4.958173e-01,-5.509796e-02,-3.702538e-01,-3.371945e-01,-5.557622e-01,-2.228575e-01,-2.422727e-01,-2.319953e-01
4.475485e+00,-1.066022e+00,1.589152e+00,-4.008963e-01,-1.948901e-02,-2.886814e-01,-1.049251e-01,-5.083236e-01,-3.270922e-01,-3.662202e-01,-1.879184e-01
4.793111e+00,-9.631992e-01,1.536152e+00,-7.119766e-01,-2.297169e-01,-3.025507e-01,-2.947348e-01,-4.491418e-01,-3.056252e-01,-3.233381e-01,4.449402e-02
4.522224e+00,-7.342629e-01,1.670281e+00,-4.699531e-01,-1.947144e-01,-3.456353e-01,-9.276053e-02,-6.204046e-01,-6.110977e-01,-4.757637e-01,-1.658196e-01
4.470334e+00,-9.637378e-01,1.455372e+00,-7.072537e-01,-2.538213e-01,-4.186993e-01,-1.315204e-01,-3.770557e-01,-1.298638e-01,-2.773312e-01,1.304114e-01
4.648032e+00,-8.153136e-01,1.391243e+00,-5.024415e-01,1.073363e-05,-4.233016e-01,-1.242554e-01,-4.251018e-01,-3.201906e-01,-3.882071e-01,-3.069221e-01
4.457110e+00,-1.255168e+00,1.352481e+00,-5.454480e-01,-1.321247e-01,-4.926290e-01,-2.157932e-01,-1.990240e-01,-4.297306e-02,-1.000433e-01,6.723923e-02
4.770075e+00,-7.378874e-01,1.252886e+00,-3.952333e-01,-2.880266e-01,-3.901813e-01,-3.819958e-01,-8.838747e-01,3.125639e-02,-3.114206e-01,-4.185901e-01
4.108643e+00,-1.247837e+00,1.139481e+00,-5.248814e-01,-4.644085e-02,-5.182045e-01,-1.404428e-01,-9.582480e-02,1.240070e-01,-1.253291e-01,6.352935e-02
4.712804e+00,-1.008161e+00,1.496033e+00,-5.489344e-01,-1.121643e-01,-4.826521e-01,-3.704717e-01,-6.396885e-01,1.281529e-01,-2.385460e-01,-4.424138e-01
4.212858e+00,-1.415053e+00,1.321526e+00,-5.130198e-01,1.320861e-01,-3.977420e-01,-1.175361e-01,-9.169832e-02,1.193803e-01,-3.111797e-01,-6.501133e-02
4.810857e+00,-1.010261e+00,1.454601e+00,-5.488792e-01,-9.742564e-02,-6.835956e-01,-3.758181e-01,-5.966127e-01,-6.417287e-02,-4.730274e-01,-2.146541e-01
4.445623e+00,-1.239500e+00,1.455392e+00,-4.494971e-01,-1.724426e-01,-3.726849e-01,-3.392093e-01,-4.721862e-01,9.574984e-02,-3.535758e-01,-1.077914e-01
4.689758e+00,-9.835833e-01,1.420277e+00,-4.314108e-01,-2.495380e-02,-6.056148e-01,-1.884761e-01,-3.983815e-01,-1.959450e-01,-4.951807e-01,-1.166506e-01
4.478327e+00,-1.105124e+00,1.477983e+00,-6.449439e-01,-5.591463e-02,-3.019680e-01,-1.616033e-01,-4.570352e-01,-8.740624e-02,-2.428718e-01,1.979026e-02
4.514642e+00,-9.436285e-01,1.705097e+00,-3.974274e-01,-1.913524e-01,-3.577352e-01,-2.740013e-01,-6.048480e-01,-4.428419e-01,-4.256755e-01,-2.152108e-01
4.646324e+00,-7.094139e-01,1.548492e+00,-7.398632e-01,-1.820113e-01,-3.528515e-01,-4.220221e-01,-4.871252e-01,-3.762398e-01,-1.993568e-01,-9.979440e-02
4.323458e+00,-1.127772e+00,1.582227e+00,-2.022350e-01,-1.003937e-01,-2.062977e-01,-1.246809e-01,-5.441808e-01,-2.977199e-01,-5.386508e-01,-2.652801e-01
4.597737e+00,-9.421490e-01,1.531248e+00,-5.591950e-01,-1.552239e-02,-4.958205e-01,-2.198642e-01,-4.828109e-01,-1.302847e-01,-2.605825e-01,-1.613718e-01
4.634230e+00,-1.241485e+00,1.401612e+00,-4.603346e-01,1.059967e-01,-5.775496e-01,-2.816039e-01,-3.899900e-01,-1.901189e-01,-4.520664e-01,-9.094590e-02
4.601056e+00,-1.028249e+00,1.565671e+00,-4.965094e-01,-7.997376e-02,-5.257281e-01,-4.443347e-01,-6.181850e-01,-1.096006e-01,-4.301422e-01,-2.758474e-01
4.396018e+00,-1.257053e+00,1.385011e+00,-4.953192e-01,-6.537752e-03,-5.976099e-01,-2.960925e-01,-2.542782e-01,9.451544e-02,-1.772236e-01,-7.494684e-03
4.544216e+00,-1.159970e+00,1.413676e+00,-3.263161e-01,9.120670e-02,-4.181278e-01,-3.184484e-01,-4.515351e-01,-1.445075e-01,-4.561104e-01,-3.926689e-01
4.393191e+00,-1.247028e+00,1.324254e+00,-6.809750e-01,-7.579063e-02,-6.265502e-01,-1.909479e-01,-3.018519e-01,2.526372e-01,-3.423280e-02,-5.532555e-02
4.585410e+00,-1.025107e+00,1.519675e+00,-2.759862e-01,-7.797741e-02,-6.266028e-01,-2.678012e-01,-6.565153e-01,-2.009098e-01,-4.785567e-01,-4.401472e-01
4.318905e+00,-1.280063e+00,1.217390e+00,-8.120126e-01,-1.683049e-01,-4.641250e-01,-1.021331e-01,-2.068884e-01,2.662200e-01,4.594042e-02,9.446199e-02
4.709833e+00,-1.064555e+00,1.437013e+00,-3.966602e-01,-5.037982e-02,-6.414988e-01,-3.667407e-02,-3.827902e-01,-3.742386e-01,-3.737125e-01,-1.700849e-01
4.430432e+00,-1.013357e+00,1.255733e+00,-7.792444e-01,-1.923479e-02,-3.309412e-01,-1.060587e-01,-3.667475e-01,-1.918264e-02,-4.074979e-02,5.394047e-02
4.859588e+00,-9.229400e-01,1.594108e+00,-5.679013e-01,-2.760757e-01,-6.963139e-01,-1.120127e-01,-5.275896e-01,-4.266167e-01,-3.808317e-01,-1.443916e-01
4.516745e+00,-1.021796e+00,1.556642e+00,-6.426540e-01,-8.139096e-02,-1.954017e-01,-2.647093e-01,-5.576409e-01,-1.867800e-01,-1.571998e-01,-2.659966e-01
4.635646e+00,-1.004648e+00,1.513420e+00,-4.165381e-01,-1.934329e-01,-5.081385e-01,-2.446692e-01,-4.420804e-01,-1.883259e-01,-2.677734e-01,-2.022499e-01
4.419937e+00,-1.053581e+00,1.397489e+00,-4.238994e-01,2.464375e-01,-3.552014e-01,-2.331613e-01,-3.241122e-01,-3.307027e-01,-3.479810e-01,-2.032965e-01
4.672402e+00,-1.106609e+00,1.543034e+00,-3.792670e-01,-1.334999e-01,-5.933478e-01,-3.288620e-01,-6.504120e-01,-1.673829e-01,-2.717476e-01,-2.983558e-01
4.540778e+00,-9.774589e-01,1.481359e+00,-4.121808e-01,1.327902e-01,-6.505036e-01,-4.160235e-01,-4.388404e-01,-2.063908e-01,-5.306095e-01,-1.981271e-01
4.534701e+00,-1.142899e+00,1.216849e+00,-2.396830e-01,3.923370e-02,-4.429343e-01,-9.908001e-02,-5.599496e-01,-5.433538e-02,-3.253000e-01,-2.480562e-01
4.594092e+00,-1.064724e+00,1.409578e+00,-4.095021e-01,6.018440e-02,-6.232164e-01,-3.051230e-01,-4.438679e-01,-7.321846e-02,-3.402753e-01,-2.733336e-01
4.504554e+00,-9.103417e-01,1.238275e+00,-3.721148e-01,1.437093e-01,-6.018848e-01,-1.791295e-01,-5.273928e-01,-1.641257e-01,-2.565025e-01,-2.170416e-01
4.772504e+00,-9.444300e-01,1.525438e+00,-6.057848e-01,-9.864283e-02,-6.161722e-01,-4.420356e-01,-6.112090e-01,-3.816300e-02,-3.913765e-01,-3.337904e-01
4.181026e+00,-1.010238e+00,1.403888e+00,-6.190500e-01,-3.941918e-02,-2.217093e-01,-8.287312e-02,-4.426122e-01,5.101555e-02,-4.536910e-02,-2.515141e-01
4.660660e+00,-7.588231e-01,1.328089e+00,-5.579410e-01,-9.672073e-02,-4.906215e-01,-2.636755e-01,-3.642739e-01,-2.656243e-01,-4.615410e-01,-2.470340e-02
4.310784e+00,-1.130594e+00,1.418557e+00,-9.099417e-01,-3.243457e-01,-2.666454e-01,9.717665e-02,-3.937499e-01,-8.631758e-03,-7.318547e-02,2.139999e-01
4.764270e+00,-7.041686e-01,1.631914e+00,-6.960922e-01,-2.982732e-01,-3.967595e-01,-3.697936e-01,-3.879982e-01,-4.823874e-01,-4.946593e-01,-9.186300e-02
4.433398e+00,-1.237842e+00,1.367547e+00,-8.024459e-01,-3.241820e-01,-2.773062e-01,-7.249728e-02,-2.056088e-01,-2.503263e-02,-6.221823e-02,2.617195e-01
4.425506e+00,-8.847859e-01,1.602371e+00,-5.868238e-01,-1.461391e-02,-2.340621e-01,-2.143450e-01,-4.485363e-01,-2.385108e-01,-5.226775e-01,-3.850211e-01
4.530726e+00,-1.127576e+00,1.349688e+00,-5.116409e-01,-2.202911e-01,-5.786007e-01,-1.986966e-01,-2.628622e-01,-2.674863e-02,-1.226834e-01,1.448357e-01
4.707123e+00,-9.061084e-01,1.585461e+00,-5.385947e-01,-1.590828e-02,-3.296537e-01,-5.034521e-01,-6.706379e-01,-1.412719e-01,-4.306355e-01,-4.883721e-01
4.485948e+00,-1.148270e+00,1.406576e+00,-3.918795e-01,-2.188290e-01,-5.433810e-01,-1.779891e-01,-4.607464e-01,-1.309342e-01,-2.299070e-01,-9.198237e-02
4.523336e+00,-8.434620e-01,1.294248e+00,-4.539831e-01,6.594025e-02,-2.599325e-01,-3.816917e-01,-6.153270e-01,-5.515547e-03,-3.284020e-01,-2.477423e-01
4.327437e+00,-1.073826e+00,1.504234e+00,-3.727356e-01,-8.853905e-03,-4.845859e-01,-1.891610e-01,-3.678650e-01,-2.879726e-01,-4.676006e-01,-8.402489e-02
4.715729e+00,-8.365282e-01,1.462917e+00,-6.406967e-01,-8.252373e-02,-4.460858e-01,-3.404154e-01,-7.164580e-01,-9.077400e-02,-3.824952e-01,-1.197938e-01
4.334695e+00,-9.716737e-01,1.743854e+00,-3.940723e-01,-3.937640e-02,-3.474036e-01,-2.253860e-01,-6.211861e-01,-3.928681e-01,-6.915591e-01,-1.994373e-02
4.468496e+00,-8.059568e-01,1.534978e+00,-8.093893e-01,-2.032656e-01,-2.279994e-01,-2.777408e-02,-5.524085e-01,-7.213728e-02,-2.195999e-01,-9.246548e-02
4.444049e+00,-7.206872e-01,1.776965e+00,-7.135791e-01,-3.152669e-01,-1.127676e-01,9.152903e-02,-6.850155e-01,-5.597660e-01,-4.733100e-01,1.136738e-01
4.441295e+00,-5.280801e-01,1.619233e+00,-9.438037e-01,-4.491113e-01,-3.089665e-01,2.453075e-02,-5.262794e-01,-3.719063e-01,-2.806098e-01,2.837564e-01
4.698266e+00,-7.329702e-01,1.610650e+00,-7.194962e-01,-3.696101e-01,-3.232867e-01,-1.484900e-01,-6.213730e-01,-5.763624e-01,-3.421687e-01,7.583044e-02
4.315449e+00,-1.165267e+00,1.273338e+00,-5.857188e-01,-2.730203e-01,-7.006506e-02,-6.651566e-02,-1.590987e-01,-1.018802e-01,-8.750391e-02,-3.849291e-03
4.691549e+00,-7.048645e-01,1.438728e+00,-6.344607e-01,-1.776905e-01,-5.259537e-01,-2.731408e-01,-3.553959e-01,-3.290714e-01,-2.460594e-01,-1.179043e-01
4.356636e+00,-1.331081e+00,1.156380e+00,-5.025108e-01,-1.748408e-01,-3.409657e-01,6.411493e-02,-3.669320e-01,1.223739e-01,-1.153271e-01,-7.872471e-03
4.690542e+00,-6.859061e-01,1.558014e+00,-7.392778e-01,-3.306185e-01,-4.003020e-01,-4.120918e-01,-6.442216e-01,-2.034700e-01,-2.289738e-01,-2.611832e-01
4.313327e+00,-1.052706e+00,1.174811e+00,-5.326319e-01,-3.245968e-02,-3.822085e-01,-6.311304e-02,-3.125746e-01,4.979410e-02,-1.471406e-01,2.055118e-02
4.515696e+00,-8.485337e-01,1.586071e+00,-6.816730e-01,-2.172582e-01,-2.620191e-01,-2.321736e-01,-5.458539e-01,-2.793350e-01,-2.553096e-01,-1.868090e-01
4.516257e+00,-9.114901e-01,1.453450e+00,-7.292264e-01,-1.478423e-01,-4.964308e-01,-4.694422e-02,-4.344454e-01,-1.361549e-01,-2.760232e-01,8.088390e-02
4.529447e+00,-6.208298e-01,1.585751e+00,-6.326473e-01,-2.155246e-01,-3.690832e-01,-7.289067e-02,-7.335666e-01,-5.225775e-01,-4.437609e-01,7.081968e-02
4.381178e+00,-4.193958e-01,1.544666e+00,-9.359232e-01,-4.816091e-01,-1.331256e-01,1.270297e-01,-7.109813e-01,-3.800814e-01,-3.077332e-01,1.851003e-01
4.389054e+00,-6.950292e-01,1.611255e+00,-5.424471e-01,-5.330816e-02,-2.333812e-01,2.441570e-01,-5.151561e-01,-7.262895e-01,-4.775446e-01,9.013508e-02
4.607805e+00,-6.291872e-01,1.534612e+00,-7.685945e-01,-1.506588e-01,-3.488763e-01,-2.235594e-01,-6.039463e-01,-3.070945e-01,-1.783356e-01,-1.027578e-01
4.554525e+00,-9.685138e-01,1.624044e+00,-4.932854e-01,-1.022341e-01,-4.668147e-01,-4.912010e-02,-7.041401e-01,-4.179562e-01,-4.183110e-01,-8.118565e-02
4.617493e+00,-5.736538e-01,1.295916e+00,-5.956057e-01,-7.110184e-03,-3.379044e-01,-3.853036e-01,-7.470767e-01,-2.354210e-01,-1.688974e-01,-2.485190e-01
4.409775e+00,-1.192444e+00,1.476911e+00,-3.959757e-01,-2.442246e-01,-2.959286e-01,-1.442893e-01,-2.420096e-01,-1.665437e-01,-1.562934e-01,-6.526801e-02
4.704378e+00,-8.242344e-01,1.387758e+00,-4.876769e-01,-4.322157e-02,-2.747679e-01,-3.403194e-01,-5.009114e-01,-3.266858e-01,-3.491355e-01,-2.794926e-01
4.542180e+00,-1.026106e+00,1.347249e+00,-6.145948e-01,-2.282789e-01,-5.419944e-01,-3.463731e-01,-1.423749e-01,-2.435780e-01,-1.697358e-01,9.747887e-02
4.489403e+00,-7.687579e-01,1.617001e+00,-5.683587e-01,-1.377675e-01,-2.771154e-01,-3.340675e-01,-5.482604e-01,-3.282645e-01,-5.287445e-01,-3.705805e-01
4.158829e+00,-1.112673e+00,1.176033e+00,-6.805018e-01,-3.237591e-01,-2.354573e-01,1.256500e-01,-1.534930e-01,5.134179e-02,6.788669e-02,2.072254e-01
4.571774e+00,-6.338608e-01,1.638065e+00,-7.570182e-01,-1.615098e-01,-3.811706e-01,-1.038732e-01,-5.521480e-01,-3.131272e-01,-5.179494e-01,-4.733786e-02
4.477936e+00,-9.258718e-01,1.446064e+00,-9.621276e-01,-4.980122e-01,-2.739519e-01,3.346714e-01,-5.932573e-01,-1.999953e-01,3.347066e-02,4.348288e-01
4.618003e+00,-6.268792e-01,1.679500e+00,-8.545088e-01,-3.335295e-01,-4.294041e-01,-1.891414e-02,-6.971426e-01,-5.067823e-01,-4.066741e-01,8.563370e-02
4.169148e+00,-8.797051e-01,1.371324e+00,-6.186624e-01,-2.070632e-01,-2.486008e-01,1.158448e-01,-4.601025e-01,-2.067243e-02,-2.045673e-01,5.555192e-02
4.581569e+00,-8.415692e-01,1.422180e+00,-4.958930e-01,-1.821017e-01,-5.742938e-01,-1.913352e-01,-4.040572e-01,-2.945593e-01,-3.638539e-01,-4.418601e-02
4.462747e+00,-1.008311e+00,1.468134e+00,-5.565702e-01,-5.599156e-05,-2.642115e-01,-1.669284e-01,-5.592822e-01,-1.923953e-01,-3.221457e-01,-3.077950e-01
4.695656e+00,-9.801304e-01,1.483946e+00,-3.963984e-01,-2.370344e-01,-5.656112e-01,-4.254042e-01,-5.057270e-01,-1.851233e-01,-4.262748e-01,-1.290874e-01
4.512000e+00,-1.130467e+00,1.543570e+00,-4.829524e-01,-5.275645e-02,-2.262058e-01,-3.102500e-01,-6.398880e-01,-6.978762e-02,-2.751449e-01,-3.433187e-01
4.424269e+00,-1.130941e+00,1.569025e+00,-4.272790e-01,-2.224628e-02,-3.292004e-01,-3.694105e-01,-3.738056e-01,-1.387153e-01,-4.711219e-01,-1.847071e-01
4.696435e+00,-1.047612e+00,1.433165e+00,-3.387559e-01,-6.517036e-02,-5.273645e-01,-3.961087e-01,-5.164884e-01,-2.770010e-01,-2.695004e-01,-1.952041e-02
4.476660e+00,-1.188770e+00,1.709277e+00,-4.647557e-01,-5.114217e-02,-2.992469e-01,-3.954633e-01,-5.071589e-01,-3.175035e-01,-4.307662e-01,-1.913247e-01
4.767618e+00,-9.328402e-01,1.420200e+00,-3.518362e-01,-3.421404e-01,-4.692408e-01,-3.339216e-01,-4.489666e-01,-2.526990e-01,-3.882741e-01,-1.689970e-01
4.176360e+00,-1.019524e+00,1.476344e+00,-5.321660e-01,1.648374e-02,-2.058870e-01,2.600677e-02,-3.675424e-01,-8.240738e-02,-3.346825e-01,-5.652611e-02
4.617285e+00,-7.657296e-01,1.563241e+00,-5.985279e-01,-3.833678e-01,-5.119957e-01,-3.274712e-02,-5.783337e-01,-3.090552e-01,-4.476776e-01,-9.419932e-02
4.513275e+00,-8.077107e-01,1.292196e+00,-9.033348e-01,-4.134599e-02,-3.812167e-01,-6.512748e-02,-4.797884e-01,-2.364983e-01,-1.289728e-01,1.563038e-01
4.618609e+00,-9.189279e-01,1.706120e+00,-5.934075e-01,-2.750189e-01,-5.170253e-01,-2.074681e-01,-6.027044e-01,-2.458475e-01,-4.388265e-01,-1.826917e-01
4.086648e+00,-1.270110e+00,1.199825e+00,-8.163677e-01,-1.479403e-01,-1.860134e-01,9.340143e-02,-2.708909e-01,4.502544e-01,1.203460e-01,1.345137e-01
4.668803e+00,-1.053287e+00,1.464280e+00,-4.292918e-01,1.389069e-01,-6.808359e-01,-1.890940e-01,-4.784929e-01,-2.599530e-01,-6.142396e-01,-1.491796e-01
4.339016e+00,-1.160210e+00,1.343041e+00,-6.527636e-01,-2.185756e-01,-5.909758e-01,-2.709766e-01,-3.443828e-01,2.639902e-01,-9.499891e-02,1.597721e-03
4.582954e+00,-1.025421e+00,1.412699e+00,-3.261971e-01,5.106525e-02,-5.366625e-01,-4.228273e-01,-4.263566e-01,-2.886087e-01,-5.353530e-01,-3.440571e-01
4.492603e+00,-1.330018e+00,1.345407e+00,-5.395471e-01,-6.900278e-02,-4.155455e-01,-3.470581e-01,-4.748386e-02,3.290602e-02,-1.026209e-01,-1.791459e-01
4.657586e+00,-1.088763e+00,1.478093e+00,-4.325708e-01,1.864652e-03,-4.163989e-01,-4.460239e-01,-4.613200e-01,-1.747548e-01,-2.478872e-01,-4.645995e-01
4.638170e+00,-1.121741e+00,1.265523e+00,-3.866227e-01,3.675639e-02,-5.903193e-01,-2.434879e-01,-4.658472e-01,-2.009250e-01,-2.564195e-01,-1.434101e-01
4.693408e+00,-8.387663e-01,1.456961e+00,-4.701102e-01,-1.631870e-01,-4.712298e-01,-4.323119e-01,-5.903336e-01,-1.645511e-01,-2.612642e-01,-3.393704e-01
4.509200e+00,-1.195783e+00,1.597187e+00,-2.133382e-01,3.104343e-02,-4.309979e-01,-1.285432e-01,-4.535149e-01,-4.554051e-01,-2.887727e-01,-2.949474e-01
4.580754e+00,-8.319063e-01,1.537959e+00,-7.379145e-01,1.646052e-02,-4.008835e-01,-2.244442e-01,-4.832608e-01,-2.251552e-01,-2.599152e-01,-1.019353e-01
4.479010e+00,-8.924804e-01,1.554599e+00,-3.502566e-01,1.347352e-02,-5.472366e-01,-4.497289e-02,-6.209822e-01,-4.292575e-01,-6.211743e-01,-1.145400e-01
4.464165e+00,-7.700910e-01,1.437257e+00,-6.975242e-01,-8.622768e-02,-4.834231e-01,-2.777713e-01,-5.667386e-01,-1.638769e-01,-2.041313e-01,-4.581294e-02
4.663482e+00,-9.932817e-01,1.443027e+00,-3.480102e-01,-2.336653e-01,-4.672569e-01,-1.669057e-01,-5.824042e-01,-1.691617e-01,-4.765789e-01,-3.430956e-01
4.297631e+00,-1.154944e+00,1.263917e+00,-5.928554e-01,1.240182e-01,-3.240018e-01,-1.657909e-01,-3.090031e-01,4.816935e-02,-8.290291e-02,-2.177263e-01
4.688928e+00,-9.767438e-01,1.411759e+00,-3.739194e-01,-1.982476e-01,-6.278548e-01,-3.489986e-01,-5.507842e-01,-1.619719e-01,-2.462067e-01,-3.426554e-01
4.320569e+00,-1.248986e+00,1.272620e+00,-4.618717e-01,7.880100e-02,-5.747010e-01,-2.151724e-01,-2.804352e-01,2.755521e-02,-3.113223e-01,-7.525018e-02
4.719019e+00,-9.375795e-01,1.376581e+00,-3.703614e-01,-1.256431e-01,-7.862637e-01,-2.915986e-01,-5.679086e-01,-1.064209e-01,-2.230754e-01,-3.010301e-01
4.011784e+00,-1.644149e+00,1.178570e+00,-4.601922e-01,2.535476e-02,-3.350938e-01,1.077713e-01,3.625176e-02,4.414775e-01,-4.605180e-02,2.663258e-02
4.968511e+00,-9.648814e-01,1.250180e+00,-4.677461e-01,-3.355951e-02,-5.688226e-01,-4.288979e-01,-4.217980e-01,-3.120974e-01,-2.069924e-01,-3.323003e-01
4.487999e+00,-1.278789e+00,1.391525e+00,-5.632649e-01,-1.420357e-01,-5.058712e-01,-3.406496e-01,-2.418924e-01,-2.824545e-03,-1.720340e-01,-3.941416e-02
4.724049e+00,-9.609701e-01,1.605993e+00,-6.174735e-01,-1.396980e-01,-3.104933e-01,-3.598640e-01,-7.267724e-01,-6.596108e-02,-3.716048e-01,-3.463492e-01
4.396979e+00,-1.125534e+00,1.356258e+00,-6.785736e-01,3.387924e-03,-3.994338e-01,-1.594697e-01,-1.712280e-01,-1.420123e-01,-1.603750e-01,2.664948e-02
4.458012e+00,-9.428456e-01,1.730384e+00,-4.038035e-01,-2.376138e-01,-1.569222e-01,-2.309588e-01,-5.886367e-01,-3.607520e-01,-4.509732e-01,-2.965717e-01
4.617357e+00,-9.251387e-01,1.566799e+00,-6.395355e-01,-1.966375e-01,-5.457719e-01,-2.751678e-01,-4.672733e-01,-2.471813e-01,-3.300111e-01,6.739417e-02
4.559711e+00,-1.052116e+00,1.715566e+00,-4.697074e-01,4.348611e-02,-4.985833e-01,-1.429046e-01,-6.171087e-01,-3.708053e-01,-5.920716e-01,-1.183905e-01
4.435655e+00,-1.009896e+00,1.579880e+00,-5.170583e-01,-4.257958e-02,-4.010661e-01,-2.433240e-01,-6.405813e-01,3.122442e-02,-4.844969e-01,-1.142866e-01
4.391643e+00,-1.027091e+00,1.304561e+00,-3.611883e-01,5.581652e-02,-5.739070e-01,-1.703425e-01,-3.962841e-01,-2.908663e-01,-3.557784e-01,-1.082375e-02
4.656694e+00,-8.601237e-01,1.424174e+00,-4.928845e-01,1.251402e-02,-3.638165e-01,-4.706887e-01,-6.307131e-01,-9.743917e-02,-4.526785e-01,-4.578315e-01
4.586478e+00,-1.254032e+00,1.473347e+00,-4.184381e-01,-2.281140e-01,-5.744021e-01,-3.533963e-01,-4.175647e-01,-2.874095e-02,-1.892604e-01,-1.212981e-01
4.464268e+00,-8.269805e-01,1.350805e+00,-4.184613e-01,1.608458e-01,-3.015871e-01,-3.444984e-01,-6.891395e-01,3.921046e-03,-4.902202e-01,-5.156469e-01
4.329140e+00,-1.362788e+00,1.359784e+00,-4.629916e-01,-2.103378e-01,-4.375096e-01,-1.502205e-01,-2.312102e-01,2.010644e-01,-2.510364e-01,7.100215e-02
4.728485e+00,-8.707518e-01,1.469650e+00,-5.244157e-01,8.118230e-02,-4.856580e-01,-5.180824e-01,-5.408354e-01,-1.991663e-01,-3.777531e-01,-3.138355e-01
4.512264e+00,-1.338072e+00,1.412877e+00,-7.179948e-01,-2.111633e-01,-5.192019e-01,-2.581024e-01,-8.350247e-02,2.499219e-02,-2.235996e-01,2.569882e-01
4.754388e+00,-8.418874e-01,1.474272e+00,-6.776673e-01,-1.942287e-01,-2.382271e-01,-4.248071e-01,-5.401495e-01,-1.818250e-01,-3.933948e-01,-3.168200e-01
4.064173e+00,-1.255267e+00,1.371135e+00,-7.412308e-01,-1.901146e-01,-1.234431e-01,2.030405e-01,-1.160082e-01,5.005155e-02,-1.719139e-02,2.388066e-01
4.783735e+00,-4.252309e-01,1.398505e+00,-7.676656e-01,-3.519245e-01,-3.771424e-01,-2.496864e-01,-5.594301e-01,-2.074952e-01,-5.234804e-01,-1.842511e-01
4.374371e+00,-9.454040e-01,1.515683e+00,-6.818940e-01,-1.543376e-01,-3.032331e-01,-3.480122e-04,-4.367479e-01,-4.123070e-01,-2.356258e-01,4.429496e-02
4.696330e+00,-7.274655e-01,1.497374e+00,-5.431698e-01,-2.882575e-01,-5.357317e-01,-2.571841e-01,-5.777601e-01,-1.401769e-01,-3.258632e-01,-3.295216e-01
4.268217e+00,-9.967437e-01,1.311764e+00,-5.341596e-01,6.105935e-02,-2.124360e-01,-1.029685e-01,-3.768309e-01,-1.490738e-01,-2.299155e-01,-3.781250e-02
4.672030e+00,-8.430791e-01,1.291492e+00,-3.649782e-01,1.895486e-02,-6.590310e-01,-2.086137e-01,-6.541547e-01,-6.868079e-02,-5.157155e-01,-1.706539e-01
4.577657e+00,-9.019414e-01,1.532297e+00,-5.634656e-01,-1.579943e-02,-5.184818e-01,-3.455703e-01,-7.011242e-01,-8.354462e-02,-2.871829e-01,-1.442357e-01
4.611222e+00,-1.022466e+00,1.389825e+00,-4.048297e-01,2.046873e-01,-4.463391e-01,-3.259829e-01,-5.772264e-01,-2.392924e-01,-4.912924e-01,-3.123587e-01
4.500431e+00,-9.887802e-01,1.593566e+00,-6.063780e-01,-9.614700e-02,-3.665466e-01,-1.993261e-01,-6.195311e-01,-3.182692e-02,-3.160283e-01,-2.119605e-01
4.358555e+00,-9.889550e-01,1.488419e+00,-3.938196e-01,4.863075e-02,-2.556569e-01,-2.805166e-01,-4.500248e-01,-1.910081e-01,-4.413706e-01,-2.980111e-01
4.755425e+00,-8.016279e-01,1.481541e+00,-5.422199e-01,-2.055984e-01,-6.529262e-01,-2.235276e-01,-4.541393e-01,-4.710930e-01,-3.030821e-01,-9.298446e-03
4.451162e+00,-8.799340e-01,1.467483e+00,-6.024479e-01,-2.595892e-01,-2.796389e-01,-8.809654e-02,-5.470235e-01,-2.217837e-01,-1.857593e-01,-1.403560e-01
4.636541e+00,-6.873362e-01,1.537186e+00,-6.085277e-01,-3.305329e-01,-3.328078e-01,-5.184958e-02,-4.551042e-01,-6.630293e-01,-2.657416e-01,1.522099e-01
4.383621e+00,-4.987216e-01,1.414976e+00,-1.066496e+00,-6.005363e-01,5.828865e-02,3.363020e-01,-3.945366e-01,-4.439332e-01,4.896141e-03,3.975520e-01
4.546007e+00,-6.675596e-01,1.668844e+00,-6.447893e-01,-3.622684e-01,-3.692709e-01,-2.004463e-02,-6.172968e-01,-6.578922e-01,-3.712319e-01,-3.487878e-02
4.351321e+00,-7.461971e-01,1.091681e+00,-1.056914e+00,-1.692725e-01,-3.757864e-01,-7.076410e-02,-3.899580e-01,1.194660e-01,1.759903e-01,2.736092e-01
4.469604e+00,-9.775682e-01,1.637619e+00,-4.434342e-01,-2.518075e-01,-2.591836e-01,-8.976158e-02,-4.872943e-01,-4.380896e-01,-4.470527e-01,-3.846350e-01
4.226483e+00,-1.086668e+00,1.288033e+00,-7.836361e-01,-2.028154e-01,-1.667725e-01,-8.025953e-02,-2.878204e-01,2.085695e-01,9.347864e-02,4.125258e-02
4.630721e+00,-8.137568e-01,1.470111e+00,-3.678173e-01,-1.878689e-01,-6.491616e-01,-1.875080e-01,-4.996372e-01,-3.277558e-01,-5.777525e-01,-3.803259e-02
4.405005e+00,-9.527910e-01,1.444580e+00,-7.712597e-01,-1.057385e-01,-3.836396e-01,-2.508430e-01,-4.906772e-01,-1.390649e-01,-2.336434e-01,8.768762e-03
4.587853e+00,-8.759786e-01,1.524721e+00,-5.293283e-01,-1.370174e-01,-5.388257e-01,-1.472439e-01,-5.787264e-01,-3.193188e-01,-3.473257e-01,1.151577e-02
4.214724e+00,-9.082301e-01,1.512528e+00,-5.329774e-01,-4.462907e-02,-1.843651e-01,-6.523309e-02,-3.576493e-01,-1.854693e-01,-4.200373e-01,-6.144592e-02
4.641084e+00,-7.132308e-01,1.588848e+00,-7.161211e-01,-3.372992e-01,-3.381643e-01,-6.589996e-02,-7.590376e-01,-3.842343e-01,-2.359639e-01,-4.427458e-02
4.490962e+00,-6.245802e-01,1.776367e+00,-6.117302e-01,-2.644157e-01,-1.345664e-01,3.423241e-02,-7.135490e-01,-7.616198e-01,-4.906989e-01,5.108548e-02
4.453643e+00,-4.878354e-01,1.608445e+00,-8.708932e-01,-4.711540e-01,-4.758173e-02,3.092574e-02,-7.532684e-01,-5.251866e-01,-1.544833e-01,2.126392e-01
4.416981e+00,-8.650399e-01,1.595788e+00,-5.558025e-01,-2.107433e-01,-1.570850e-01,-8.967093e-02,-4.342572e-01,-5.193540e-01,-3.916537e-01,1.512227e-02
4.497383e+00,-8.335130e-01,1.514012e+00,-6.025876e-01,-2.817391e-01,-1.758519e-01,-3.024547e-01,-4.681106e-01,-2.613695e-01,-1.371348e-01,-8.996678e-02
4.751479e+00,-9.093310e-01,1.559021e+00,-6.384177e-01,-1.061201e-01,-5.369115e-01,-4.506758e-01,-4.587806e-01,-3.370757e-01,-4.919493e-01,7.019176e-02
4.427530e+00,-1.028385e+00,1.313615e+00,-4.354719e-01,-2.246037e-01,-2.477502e-01,-2.015245e-02,-6.614814e-01,7.788604e-02,-3.620661e-01,-1.392372e-01
4.579082e+00,-9.090588e-01,1.588827e+00,-6.289861e-01,-1.918554e-01,-4.324866e-01,-3.924162e-01,-4.287875e-01,-1.557780e-02,-4.607134e-01,-1.632160e-01
4.172964e+00,-1.176642e+00,1.242111e+00,-5.427283e-01,-9.969801e-02,-2.725815e-01,8.884921e-03,-2.750066e-01,5.433395e-02,-1.149096e-01,-1.090533e-01
4.757890e+00,-8.674108e-01,1.609969e+00,-7.545702e-01,-1.908971e-01,-5.587864e-01,-2.980776e-01,-5.934038e-01,-1.860588e-01,-4.480287e-01,-1.888981e-01
4.269260e+00,-1.167737e+00,1.199216e+00,-6.390307e-01,-2.197018e-01,-4.449021e-01,-3.944267e-02,-2.983966e-01,7.150791e-03,-4.275508e-02,2.807749e-01
4.630731e+00,-7.092742e-01,1.500354e+00,-6.493616e-01,-1.959072e-01,-3.862537e-01,-5.933914e-02,-6.279785e-01,-2.473246e-01,-4.250513e-01,-1.302169e-01
4.240674e+00,-9.185745e-01,1.393952e+00,-7.586525e-01,-3.930551e-01,-2.698354e-01,2.523054e-01,-3.910755e-01,-7.755180e-02,-1.625568e-01,2.712778e-01
4.570271e+00,-3.395123e-01,1.549133e+00,-8.074064e-01,-1.208919e-01,-2.951074e-01,-1.168728e-01,-6.806407e-01,-6.408209e-01,-4.227135e-01,4.716797e-02
4.546174e+00,-8.768754e-01,1.591112e+00,-7.682487e-01,-3.795079e-01,-4.614323e-01,-7.988387e-02,-4.491367e-01,-2.465106e-01,-2.811318e-01,1.146055e-01
4.467640e+00,-8.350274e-01,1.616438e+00,-6.480689e-01,-3.712007e-02,-1.465804e-02,-3.233304e-01,-6.306901e-01,-2.479976e-01,-3.944228e-01,-3.057063e-01
4.454716e+00,-1.024998e+00,1.434935e+00,-4.088914e-01,-1.203234e-01,-4.890892e-01,-1.469430e-01,-2.718219e-01,-1.622959e-01,-2.947397e-01,-3.859150e-02
4.641487e+00,-1.097940e+00,1.604372e+00,-5.180638e-01,-5.336829e-02,-3.590367e-01,-3.555370e-01,-6.034425e-01,-3.084317e-01,-3.159201e-01,-2.750387e-01
4.657349e+00,-1.074701e+00,1.422413e+00,-2.900077e-01,-2.082154e-02,-5.049167e-01,-3.882149e-01,-5.200585e-01,-3.955159e-01,-3.947055e-01,-1.467615e-01
4.480235e+00,-1.011318e+00,1.399433e+00,-3.555497e-01,-6.123182e-02,-5.897116e-01,-3.709923e-01,-2.926238e-01,-1.433885e-01,-2.603146e-01,-1.024979e-01
4.372588e+00,-1.087294e+00,1.486838e+00,-2.930119e-01,1.062422e-01,-2.822018e-01,-2.518550e-01,-4.952894e-01,-2.342482e-01,-3.620760e-01,-4.346174e-01
4.578968e+00,-9.958672e-01,1.214490e+00,-3.772397e-01,-1.310576e-01,-7.611418e-01,-1.218599e-01,-3.633096e-01,-1.725043e-01,-1.086273e-01,-1.147803e-01
4.618096e+00,-7.741403e-01,1.500896e+00,-5.644757e-01,8.598923e-02,-5.306121e-01,-2.733093e-01,-7.379785e-01,-2.546828e-01,-3.380112e-01,-3.916497e-01
4.500769e+00,-1.184887e+00,1.298256e+00,-5.374357e-01,-3.173930e-01,-4.914107e-01,9.691126e-02,-4.628064e-01,4.089798e-03,-1.307589e-01,2.562993e-02
4.500107e+00,-6.590402e-01,1.542508e+00,-7.635566e-01,-1.576747e-01,-3.405934e-01,-8.427228e-02,-5.502501e-01,-2.877939e-01,-2.980836e-01,-2.376833e-01
4.130181e+00,-1.206634e+00,1.315011e+00,-6.721953e-01,-3.057541e-01,-3.355697e-01,1.420354e-01,-2.339121e-01,-5.692839e-02,-1.718463e-02,2.723076e-01
4.772316e+00,-6.562603e-01,1.476101e+00,-7.242215e-01,-2.173669e-01,-5.957580e-01,-2.437088e-01,-5.230321e-01,-4.417069e-01,-3.260478e-01,-7.287746e-02
4.255124e+00,-1.204705e+00,1.353340e+00,-5.044170e-01,-8.159884e-02,-4.487827e-01,-6.205800e-02,-2.085028e-01,-1.143285e-01,-1.778638e-01,-3.717646e-02
4.662225e+00,-9.560604e-01,1.505656e+00,-4.951424e-01,-1.957865e-01,-4.614941e-01,-3.804213e-01,-4.723854e-01,-5.334688e-02,-2.704722e-01,-2.672865e-01
4.398204e+00,-1.281526e+00,1.318235e+00,-3.678624e-01,-7.779371e-02,-3.331679e-01,-7.795345e-02,-3.143087e-01,-4.814265e-02,-1.182359e-01,-3.141759e-01
4.801375e+00,-1.044628e+00,1.404452e+00,-4.412855e-01,-2.236154e-02,-6.124333e-01,-5.359377e-01,-4.067323e-01,-2.860686e-01,-3.305225e-01,-1.920606e-01
4.708220e+00,-1.167849e+00,1.357012e+00,-3.604406e-01,-7.026615e-02,-6.043500e-01,-2.558597e-01,-5.101531e-01,-1.208234e-01,-1.846822e-01,-1.970487e-01
4.402888e+00,-1.189922e+00,1.515442e+00,-3.531095e-01,7.094001e-02,-4.421593e-01,-3.001292e-01,-3.658408e-01,-2.313518e-01,-3.855366e-01,-3.768213e-01
4.572468e+00,-1.035762e+00,1.310645e+00,-3.881475e-01,-2.578025e-02,-4.046209e-01,-3.430129e-01,-5.060723e-01,3.267642e-03,-2.545368e-01,-1.844622e-01
4.364355e+00,-1.036366e+00,1.566694e+00,-2.058823e-01,1.121287e-01,-4.944632e-01,-3.764091e-01,-4.598231e-01,-3.472306e-01,-6.223832e-01,-2.313472e-01
4.610793e+00,-8.502949e-01,1.525474e+00,-6.311866e-01,-8.357105e-02,-5.007787e-01,-3.725285e-01,-7.438985e-01,-7.513253e-02,-3.278308e-01,-2.118405e-01
4.338121e+00,-1.018571e+00,1.512598e+00,-5.096082e-01,9.372267e-02,-4.036427e-01,-2.261512e-01,-3.459700e-01,-1.056098e-01,-4.662135e-01,-1.094149e-01
4.409917e+00,-8.650249e-01,1.615719e+00,-6.809829e-01,-1.270947e-01,-3.180018e-01,-1.666758e-01,-6.301455e-01,-1.269913e-01,-3.361104e-01,-1.955904e-01
4.544212e+00,-1.088919e+00,1.429323e+00,-7.366332e-01,-1.459766e-01,-3.824557e-01,-1.440150e-01,-5.147094e-01,-1.610743e-02,-3.983547e-01,9.738337e-02
4.751575e+00,-8.705773e-01,1.509726e+00,-4.434541e-01,-1.352228e-01,-6.454073e-01,-2.505683e-01,-4.732458e-01,-3.891352e-01,-5.020730e-01,-1.277292e-01
4.503714e+00,-1.306090e+00,1.400938e+00,-7.739523e-01,-1.084083e-01,-4.201919e-01,-2.072354e-01,-2.743813e-01,1.987902e-01,-2.031673e-02,-9.642595e-02
4.564269e+00,-1.105276e+00,1.445232e+00,-2.885848e-01,4.586504e-02,-4.644639e-01,-2.088936e-01,-3.439629e-01,-2.463521e-01,-6.017418e-01,-3.408331e-01
4.289024e+00,-1.191924e+00,1.111810e+00,-7.158587e-01,-1.390844e-01,-3.740015e-01,-4.143321e-01,-1.025951e-01,3.549514e-01,1.071286e-01,6.442318e-02
4.739239e+00,-1.147464e+00,1.518433e+00,-2.820937e-01,-1.856022e-01,-4.813204e-01,-5.358696e-01,-4.586948e-01,-2.523062e-01,-4.409384e-01,-3.548848e-01
4.529929e+00,-9.828362e-01,1.065915e+00,-6.582837e-01,-3.581705e-02,-3.053400e-01,-5.035390e-01,-2.346288e-01,1.857875e-01,-1.558363e-02,-2.415302e-01
4.587301e+00,-1.257703e+00,1.546062e+00,-3.809643e-01,-7.255039e-02,-4.990814e-01,-3.069485e-01,-5.018036e-01,-1.738319e-02,-3.935245e-01,-2.650887e-01
4.402901e+00,-1.132393e+00,1.285625e+00,-4.884901e-01,-1.777830e-02,-2.274355e-01,-2.979576e-01,-4.657767e-01,1.322054e-01,-2.784635e-01,-2.760626e-01
4.671346e+00,-9.301594e-01,1.449756e+00,-4.745952e-01,-1.143275e-01,-7.317863e-01,-3.982704e-01,-3.624208e-01,-2.617594e-01,-5.573964e-01,4.606391e-02
4.405544e+00,-9.719927e-01,1.516095e+00,-3.942642e-01,5.119937e-02,-3.634808e-01,-2.731772e-01,-6.141237e-01,-1.057623e-01,-5.126210e-01,-2.579470e-01
4.421285e+00,-8.636080e-01,1.503600e+00,-4.804015e-01,-1.663285e-01,-4.954149e-01,-1.139524e-01,-3.942407e-01,-3.264115e-01,-3.240709e-01,-3.037865e-02
4.516536e+00,-8.487857e-01,1.416066e+00,-4.189522e-01,-2.991863e-02,-2.651679e-01,-1.055216e-01,-6.251960e-01,-2.776151e-01,-4.191088e-01,-2.411426e-01
4.442322e+00,-7.393570e-01,1.519655e+00,-4.940688e-01,-2.107997e-01,-4.716967e-01,-1.459210e-01,-7.209861e-01,-3.082784e-01,-2.428781e-01,-8.138857e-02
4.729694e+00,-8.613161e-01,1.435940e+00,-4.549796e-01,-1.292663e-01,-6.373662e-01,-1.579769e-01,-6.354866e-01,-2.648844e-01,-3.803080e-01,-2.195491e-01
4.409902e+00,-1.168540e+00,1.396628e+00,-5.134773e-01,4.663058e-02,-2.131979e-01,-1.214667e-01,-4.085980e-01,-1.716685e-01,-1.702013e-01,-1.939996e-01
4.749000e+00,-1.039019e+00,1.430604e+00,-3.590421e-01,-1.704509e-01,-6.232195e-01,-3.047330e-01,-3.563302e-01,-1.524546e-01,-2.879325e-01,-2.967509e-01
4.377258e+00,-1.152209e+00,1.351546e+00,-4.854328e-01,7.334691e-03,-3.085904e-01,-2.815565e-01,-4.207041e-01,-7.089308e-02,-2.517992e-01,-1.772352e-01
4.848431e+00,-8.670759e-01,1.267743e+00,-3.390908e-01,-1.785376e-01,-6.941759e-01,-5.055003e-01,-4.108034e-01,-1.572227e-01,-3.866898e-01,-3.491548e-01
4.197026e+00,-1.339510e+00,1.261192e+00,-5.118949e-01,-1.315508e-01,-2.566539e-01,-2.480199e-01,-1.107257e-01,7.578827e-02,1.278224e-01,-2.106913e-02
4.696104e+00,-9.712631e-01,1.317669e+00,-4.130005e-01,-1.280453e-01,-2.977760e-01,-4.374532e-01,-4.855355e-01,-6.389284e-02,-3.671244e-01,-4.037940e-01
4.263624e+00,-1.134324e+00,1.183912e+00,-5.872568e-01,-2.571821e-01,-5.361937e-01,-1.045889e-01,-1.128879e-01,-8.319735e-02,8.916306e-02,1.201148e-01
4.616570e+00,-7.730843e-01,1.474562e+00,-4.395459e-01,-1.646267e-01,-4.891114e-01,-2.461929e-01,-6.740406e-01,-3.065462e-01,-3.614990e-01,-3.958417e-01
4.436027e+00,-9.859423e-01,1.291993e+00,-6.292003e-01,-2.997479e-01,-5.558634e-01,1.284949e-01,-3.612878e-01,-1.536602e-01,-1.903768e-01,2.056364e-01
4.480072e+00,-6.297617e-01,1.531577e+00,-6.471240e-01,-4.931614e-02,-2.246303e-01,6.813334e-02,-6.240740e-01,-3.637207e-01,-5.109573e-01,-1.905367e-01
4.458441e+00,-9.172782e-01,1.611618e+00,-6.833086e-01,-3.916457e-01,-3.961157e-01,3.607609e-02,-5.142538e-01,-2.398137e-01,-2.662811e-01,2.047169e-01
4.606859e+00,-4.581738e-01,1.473751e+00,-8.268987e-01,1.189574e-01,-4.554935e-01,-2.846381e-01,-6.613792e-01,-3.534575e-01,-4.422350e-01,-1.092131e-01
4.393687e+00,-9.705215e-01,1.544312e+00,-4.801496e-01,-1.230285e-01,-4.292972e-01,-1.912731e-01,-6.214567e-01,-2.449202e-01,-3.860462e-01,1.671554e-02
4.356723e+00,-8.269721e-01,1.470816e+00,-5.825431e-01,-6.210386e-02,-9.638174e-02,-4.229361e-01,-5.868124e-01,-1.838198e-02,-2.326328e-01,-2.515543e-01
4.421207e+00,-1.022831e+00,1.488561e+00,-2.503603e-01,-2.262117e-02,-3.862562e-01,-2.411192e-01,-3.812776e-01,-4.397478e-01,-5.229772e-01,-1.671815e-01
4.629091e+00,-9.694020e-01,1.479484e+00,-5.589813e-01,-2.346422e-01,-3.845025e-01,-4.962423e-01,-4.746526e-01,-8.454468e-02,-2.561841e-01,-2.068494e-01
4.594851e+00,-1.002279e+00,1.591201e+00,-3.591492e-01,-2.503216e-02,-5.105870e-01,-2.761848e-01,-4.307285e-01,-4.548746e-01,-5.066911e-01,-2.637619e-01
4.415929e+00,-1.037818e+00,1.223264e+00,-6.337035e-01,-1.213924e-02,-2.916522e-01,-2.835603e-01,-1.270781e-01,-2.424650e-02,-2.448898e-01,1.180419e-02
4.518581e+00,-8.167195e-01,1.484425e+00,-4.553690e-01,-2.772837e-01,-2.579526e-01,-2.833947e-01,-6.038023e-01,-1.948665e-01,-3.461159e-01,-2.272770e-01
4.347039e+00,-8.115898e-01,1.287734e+00,-6.809997e-01,-2.183942e-01,-3.939025e-01,-2.407043e-01,-2.722418e-01,-1.857065e-01,-1.469309e-01,1.150814e-01
4.862092e+00,-5.687696e-01,1.497222e+00,-8.121024e-01,-3.870767e-01,-2.791319e-01,-1.203512e-01,-8.737330e-01,-3.302105e-01,-2.835830e-01,-9.264857e-02
3.873203e+00,-8.869134e-01,1.534198e+00,-1.066160e+00,-4.149923e-01,3.961163e-02,4.866481e-01,-2.695462e-01,-1.874405e-01,-1.095538e-01,5.835807e-01
4.488512e+00,-3.883225e-01,1.562172e+00,-8.556746e-01,-5.101603e-01,-2.001240e-01,1.936928e-02,-7.513288e-01,-3.172081e-01,-2.900949e-01,2.572256e-02
4.189417e+00,-1.014243e+00,1.504791e+00,-8.174861e-01,-1.611078e-01,-2.782292e-01,2.788464e-02,-3.385664e-01,-1.312041e-01,-4.005990e-01,1.903023e-01
4.846773e+00,-7.208657e-01,1.520801e+00,-6.685392e-01,-2.485197e-01,-6.071604e-01,-1.583435e-01,-6.515325e-01,-3.148839e-01,-3.667825e-01,-2.103943e-02
4.404535e+00,-1.040069e+00,1.340843e+00,-6.071139e-01,-1.126964e-01,-3.060231e-01,-1.452749e-01,-4.227294e-01,3.989706e-03,-3.550108e-01,8.216566e-02
4.546121e+00,-9.148471e-01,1.509608e+00,-4.716374e-01,-1.605084e-01,-3.426847e-01,-1.189405e-01,-5.865936e-01,-1.859838e-01,-4.108047e-01,-2.545771e-01
4.398109e+00,-8.415398e-01,1.438786e+00,-5.637814e-01,-2.144808e-01,-3.877518e-01,-3.193043e-01,-5.223303e-01,-1.153061e-01,-1.404771e-01,-9.794015e-02
4.504217e+00,-9.005013e-01,1.520520e+00,-2.659135e-01,-1.065779e-01,-3.357373e-01,-2.699387e-01,-5.543758e-01,-5.948384e-01,-4.284916e-01,-1.769864e-01
4.669328e+00,-7.984027e-01,1.483393e+00,-5.983452e-01,-2.627699e-01,-3.173498e-01,-3.088388e-01,-3.721887e-01,-5.602035e-01,-9.536095e-02,-7.034538e-02
4.301749e+00,-9.854800e-01,1.592530e+00,-2.919284e-01,-2.478929e-01,-1.062200e-01,5.501806e-02,-5.422339e-01,-4.563907e-01,-3.310447e-01,-1.475483e-01
4.521983e+00,-3.837783e-01,1.615085e+00,-9.313647e-01,-2.726071e-01,-2.358218e-01,-3.333849e-02,-6.597179e-01,-4.919729e-01,-3.628298e-01,1.611635e-01
4.567549e+00,-6.468386e-01,1.619340e+00,-8.532518e-01,-4.475959e-01,-2.545144e-01,2.074378e-01,-6.758312e-01,-6.566245e-01,-3.486405e-01,4.334526e-01
4.663671e+00,-7.002155e-01,1.795443e+00,-9.396150e-01,-1.149514e-01,-2.542824e-01,-1.477159e-01,-8.153360e-01,-3.778774e-01,-3.150141e-01,-2.392462e-02
4.293451e+00,-9.833331e-01,1.368696e+00,-6.619987e-01,-1.865845e-01,-4.018084e-01,9.000801e-02,-2.035190e-01,-1.018600e-01,-1.566504e-01,2.085138e-01
4.455916e+00,-8.510968e-01,1.583433e+00,-4.924070e-01,-1.083164e-01,-3.124102e-01,-9.041394e-02,-7.619160e-01,-2.169094e-01,-4.300242e-01,-3.644592e-01
4.377228e+00,-1.102402e+00,1.379349e+00,-6.497847e-01,-3.026676e-01,-6.645197e-01,-3.445021e-02,-3.737292e-01,5.100326e-02,-2.530736e-02,1.132012e-01
4.767437e+00,-8.766529e-01,1.306923e+00,-3.440739e-01,-4.126091e-02,-6.568534e-01,-1.312692e-01,-5.499860e-01,-3.902243e-01,-4.897436e-01,-1.878358e-01
4.138152e+00,-1.374627e+00,1.150578e+00,-7.244563e-01,-1.170014e-01,-3.466214e-01,1.141039e-01,-1.155480e-01,2.169506e-01,2.185697e-01,1.021301e-01
4.646016e+00,-8.697599e-01,1.416247e+00,-4.208836e-01,-1.324610e-01,-6.405745e-01,-2.232872e-01,-3.847404e-01,-3.422493e-01,-2.970156e-01,-2.721027e-01
4.404222e+00,-9.193916e-01,1.229474e+00,-7.125471e-01,-7.509207e-02,-3.061286e-01,-1.722277e-01,-5.296316e-01,-4.281121e-02,-1.255410e-01,2.639392e-02
4.651606e+00,-7.637642e-01,1.549811e+00,-5.846907e-01,-3.045593e-01,-5.814566e-01,-1.590698e-01,-6.448585e-01,-2.837362e-01,-3.549391e-01,-1.466343e-01
4.373056e+00,-8.063078e-01,1.517203e+00,-6.577257e-01,-1.148966e-01,-5.498698e-02,-1.124487e-01,-4.074710e-01,-3.606663e-01,-1.314018e-01,-1.003157e-01
4.563858e+00,-7.668088e-01,1.751070e+00,-7.204681e-01,-4.836892e-01,-2.493980e-01,-3.947522e-02,-4.472294e-01,-5.629322e-01,-2.790027e-01,-3.942174e-02
4.306717e+00,-7.010806e-01,1.674033e+00,-6.819159e-01,-2.250107e-01,-1.408954e-01,-1.363613e-01,-5.445459e-01,-5.432815e-01,-3.688669e-01,-2.509174e-03
4.663878e+00,-8.150309e-01,1.438267e+00,-4.844491e-01,-1.376441e-01,-5.480492e-01,-2.286695e-01,-5.502136e-01,-4.210095e-01,-4.146332e-01,5.374420e-02
4.552002e+00,-9.794390e-01,1.588051e+00,-6.276544e-01,5.638790e-02,-4.414304e-01,-2.685418e-01,-4.409316e-01,-3.249480e-01,-3.701118e-01,-2.092781e-01
4.524881e+00,-1.108491e+00,1.328050e+00,-2.668087e-01,1.647067e-02,-4.180245e-01,-3.579367e-02,-5.752610e-01,-8.989824e-02,-3.192537e-01,-2.920138e-01
4.715169e+00,-9.957598e-01,1.499952e+00,-5.490017e-01,2.600881e-02,-6.056056e-01,-4.677316e-01,-5.234264e-01,-8.060594e-02,-3.767339e-01,-1.633920e-01
4.456937e+00,-1.099797e+00,1.464482e+00,-4.513575e-01,1.135868e-01,-4.724951e-01,-1.750996e-01,-6.201883e-01,-1.112378e-01,-3.240469e-01,-3.705351e-01
4.615773e+00,-1.006994e+00,1.497275e+00,-4.692258e-01,-8.379212e-02,-6.862764e-01,-3.765032e-01,-5.181141e-01,-7.005738e-02,-4.291782e-01,-1.420161e-01
4.081540e+00,-1.118612e+00,1.294495e+00,-5.561474e-01,5.789626e-02,-2.866024e-01,-5.294719e-02,-2.688012e-01,2.251231e-01,-1.397091e-01,-1.586573e-01
4.725516e+00,-1.010965e+00,1.425539e+00,-4.502690e-01,-1.993114e-01,-4.893057e-01,-3.936387e-01,-3.724439e-01,-2.972741e-01,-4.310716e-01,-2.357180e-01
4.416234e+00,-1.191427e+00,1.266242e+00,-7.940283e-01,-2.298793e-01,-3.277899e-01,-2.123690e-01,-3.818383e-01,1.681830e-01,-5.789570e-02,1.429877e-01
4.583532e+00,-7.592912e-01,1.530399e+00,-5.784885e-01,-8.445576e-02,-5.404452e-01,-3.193569e-01,-3.483636e-01,-3.483959e-01,-6.149706e-01,-1.344438e-01
4.251985e+00,-1.225651e+00,1.341161e+00,-8.619256e-01,-2.701863e-01,-1.464532e-01,8.044469e-02,-2.186259e-01,1.701638e-01,6.132819e-02,1.834679e-01
4.604160e+00,-9.870867e-01,1.827222e+00,-6.443254e-01,-9.825909e-02,-2.784980e-01,-2.559495e-01,-5.049123e-01,-3.670551e-01,-5.038994e-01,-3.047355e-01
4.670734e+00,-1.108817e+00,1.410078e+00,-5.781699e-01,-3.037815e-01,-5.437047e-01,-1.979154e-01,-3.391481e-01,-2.005118e-01,-9.216901e-02,1.242752e-01
4.685598e+00,-1.029704e+00,1.558313e+00,-4.773430e-01,-9.174537e-02,-4.249399e-01,-3.000049e-01,-6.484244e-01,-2.436765e-01,-4.228071e-01,-2.871597e-01
4.444686e+00,-1.204598e+00,1.401150e+00,-3.549130e-01,-8.044321e-02,-5.641457e-01,-1.139483e-01,-3.066297e-01,-5.153105e-02,-2.820157e-01,-1.079374e-01
4.574132e+00,-9.217932e-01,1.294250e+00,-4.072865e-01,1.221484e-02,-3.979637e-01,-4.124354e-01,-5.730671e-01,-6.021379e-02,-3.660614e-01,-2.496527e-01
4.397443e+00,-1.201364e+00,1.539436e+00,-2.723440e-01,-3.610436e-02,-4.045784e-01,-3.679247e-01,-4.694640e-01,-2.558289e-01,-5.132451e-01,-2.556769e-01
4.739200e+00,-7.990148e-01,1.343750e+00,-5.609731e-01,1.005746e-01,-5.852342e-01,-5.364330e-01,-5.608816e-01,-2.463342e-03,-2.420541e-01,-3.061712e-01
4.313054e+00,-1.223897e+00,1.602409e+00,-1.913048e-01,1.301930e-01,-3.979505e-01,-2.859995e-01,-5.112235e-01,-2.017536e-01,-5.746409e-01,-3.133269e-01
4.463710e+00,-1.063212e+00,1.406818e+00,-5.089512e-01,-8.822604e-02,-3.965932e-01,-2.012610e-01,-6.504315e-01,2.618431e-01,-3.080510e-01,-2.709614e-01
4.596376e+00,-1.047896e+00,1.462410e+00,-2.609424e-01,-5.953127e-02,-5.656697e-01,-3.835997e-01,-4.697788e-01,-3.733531e-01,-3.737000e-01,-1.609050e-01
4.475412e+00,-9.971080e-01,1.346016e+00,-5.025296e-01,-2.333839e-01,-3.972654e-01,-3.182042e-01,-4.042217e-01,-1.217987e-01,-1.480569e-01,-1.865130e-01
4.721255e+00,-8.735294e-01,1.409457e+00,-4.652099e-01,-2.401922e-01,-5.259697e-01,-2.121531e-01,-3.813882e-01,-4.508030e-01,-3.068794e-01,-1.338019e-01
4.274394e+00,-1.120395e+00,1.139505e+00,-5.195922e-01,-3.874552e-02,-2.357196e-01,2.556547e-02,-9.578188e-02,-4.468969e-02,-9.085021e-02,-4.661271e-02
4.740726e+00,-7.620303e-01,1.509900e+00,-5.805195e-01,-4.362907e-01,-4.281898e-01,-2.820764e-01,-5.285714e-01,-2.857198e-01,-2.703005e-01,-2.807788e-01
4.382446e+00,-1.224281e+00,1.089241e+00,-5.066325e-01,-8.251115e-02,-4.557540e-01,-9.217548e-03,-3.130045e-01,6.613444e-02,-8.358298e-02,-6.908567e-02
4.811836e+00,-8.951093e-01,1.590003e+00,-6.551623e-01,-1.364729e-01,-5.278765e-01,-4.888002e-01,-4.129341e-01,-2.342605e-01,-1.758171e-01,-2.649903e-01
4.306425e+00,-1.425491e+00,1.182772e+00,-4.132674e-01,-2.485111e-02,-3.172946e-01,-1.813129e-02,-1.800699e-01,2.513771e-01,-1.055833e-01,-1.415928e-01
4.550207e+00,-9.588473e-01,1.418369e+00,-5.034617e-01,-8.021670e-03,-4.732014e-01,-4.042350e-01,-6.257991e-01,-1.191411e-01,-3.709034e-01,-2.109506e-01
4.484517e+00,-9.904599e-01,1.216194e+00,-3.936259e-01,-7.205842e-02,-6.866175e-01,-3.811169e-01,-4.066110e-01,2.009788e-01,-3.416174e-01,-2.031779e-01
4.613645e+00,-1.002815e+00,1.314677e+00,-2.603522e-01,1.059234e-01,-5.230880e-01,-3.503853e-01,-4.625369e-01,-3.524994e-01,-3.661517e-01,-3.785356e-01
4.505781e+00,-9.907627e-01,1.208569e+00,-4.763407e-01,7.295920e-02,-4.549254e-01,-3.581317e-01,-3.412341e-01,1.598356e-01,-3.059838e-01,-3.270991e-01
4.416701e+00,-1.036446e+00,1.510869e+00,-2.219082e-01,9.036866e-02,-4.092306e-01,-2.672016e-01,-5.709367e-01,-2.480267e-01,-5.003615e-01,-3.179869e-01
4.522837e+00,-7.350443e-01,1.353250e+00,-5.493721e-01,-3.402727e-02,-4.667090e-01,-4.353160e-01,-6.328963e-01,-1.198125e-01,-2.822092e-01,-3.223406e-01
4.517870e+00,-1.006429e+00,1.612786e+00,-4.668581e-01,-6.537414e-02,-5.913484e-01,-1.280468e-01,-4.938908e-01,-3.585067e-01,-4.319466e-01,-4.288863e-02
4.604299e+00,-7.346463e-01,1.418095e+00,-5.669360e-01,1.358407e-03,-3.313252e-01,-2.373920e-01,-5.735708e-01,-2.957538e-01,-3.146215e-01,-1.384837e-01
4.440117e+00,-1.104599e+00,1.572962e+00,-6.168768e-01,-3.294597e-01,-2.820128e-01,-1.290740e-01,-3.083642e-01,-3.051532e-01,-2.609682e-01,4.346260e-02
4.550373e+00,-5.269147e-01,1.409349e+00,-6.083348e-01,-5.969310e-02,-1.772727e-01,-5.227389e-01,-5.473021e-01,-2.488123e-01,-5.475569e-01,-3.094566e-01
4.398914e+00,-1.035937e+00,1.342883e+00,-5.405257e-01,-3.251781e-01,-4.908640e-01,-3.443451e-01,-1.972560e-01,-1.074025e-01,-1.913087e-01,1.532144e-01
4.583035e+00,-8.686951e-01,1.542697e+00,-6.835803e-01,7.864702e-02,-1.787326e-01,-4.695274e-01,-5.183591e-01,-6.725036e-02,-4.782860e-01,-5.965701e-01
4.350754e+00,-1.452542e+00,1.168827e+00,-5.397370e-01,-1.008848e-01,-4.163036e-01,-1.256619e-01,1.763235e-03,1.016245e-01,5.717022e-02,1.546155e-01
4.602585e+00,-9.238469e-01,1.538088e+00,-5.095508e-01,-1.333462e-01,-4.790507e-01,-4.827592e-01,-6.223036e-01,-5.232190e-02,-3.954712e-01,-3.791701e-01
4.292818e+00,-1.313836e+00,1.220825e+00,-4.733369e-01,-2.476525e-01,-5.353129e-01,-3.960630e-02,-3.971695e-01,1.899642e-01,-1.427772e-01,8.476971e-02
4.763807e+00,-9.540762e-01,1.387995e+00,-5.631786e-01,9.264505e-02,-7.411998e-01,-3.443186e-01,-4.276994e-01,-1.556331e-01,-4.812298e-01,-3.096068e-02
4.148298e+00,-1.287797e+00,1.402387e+00,-4.698126e-01,-1.823405e-02,-2.447098e-01,7.198595e-02,-2.851130e-01,1.275957e-01,-1.661964e-01,-2.344810e-01
4.611045e+00,-7.752873e-01,1.403039e+00,-5.649230e-01,-1.721546e-01,-5.646505e-01,-3.702638e-01,-4.367623e-01,-2.268794e-01,-4.216200e-01,-1.831964e-01
4.401039e+00,-7.831696e-01,1.444494e+00,-5.656118e-01,-1.814442e-01,-2.135301e-01,-2.221213e-01,-6.415707e-01,-1.562144e-01,-3.128499e-01,-1.641238e-01
4.490263e+00,-6.986386e-01,1.572267e+00,-6.034312e-01,-3.694274e-01,-3.026834e-01,-1.764674e-01,-6.169473e-01,-2.631377e-01,-4.506760e-01,-1.350393e-02
4.332004e+00,-6.619374e-01,1.470491e+00,-7.265861e-01,-2.564202e-01,-2.401737e-02,1.208495e-01,-6.702261e-01,-4.242807e-01,-2.267023e-01,1.334479e-01
4.360634e+00,-8.242972e-01,1.768190e+00,-5.516463e-01,-2.998229e-01,-2.059342e-01,-2.317471e-01,-5.317061e-01,-4.586545e-01,-4.696400e-01,1.005141e-02
4.678810e+00,-8.808306e-01,1.631319e+00,-5.389021e-01,-3.275386e-01,-3.969918e-01,-2.659612e-01,-6.692966e-01,-3.718718e-01,-2.450020e-01,-2.141132e-02
4.444714e+00,-9.957357e-01,1.483048e+00,-3.890326e-01,4.584766e-02,-2.753413e-01,-2.866583e-01,-3.747241e-01,-4.081591e-01,-6.070794e-01,-8.670308e-03
4.627015e+00,-8.708190e-01,1.370686e+00,-3.224017e-01,-3.005709e-01,-4.672836e-01,-1.487184e-01,-5.416040e-01,-1.180647e-01,-3.180607e-01,-2.462523e-01
4.412172e+00,-1.051842e+00,1.358690e+00,-5.164945e-01,1.602464e-02,-3.080967e-01,-1.998253e-01,-3.688369e-01,-1.974039e-01,-1.609087e-01,-2.781815e-01
4.783401e+00,-8.933096e-01,1.435276e+00,-4.173588e-01,-3.103657e-01,-5.730862e-01,-2.653237e-01,-5.688493e-01,-2.229266e-01,-4.200311e-01,-2.416282e-01
4.388851e+00,-9.832726e-01,1.269866e+00,-6.781572e-01,-8.958890e-02,-4.132880e-01,-2.122013e-01,-4.417865e-01,-2.451808e-02,-7.599439e-04,2.372010e-02
4.608344e+00,-1.037546e+00,1.558623e+00,-4.510558e-01,-1.500735e-01,-4.761890e-01,-9.036511e-02,-5.395354e-01,-3.399772e-01,-3.683909e-01,-1.813923e-01
4.097320e+00,-9.619531e-01,1.153633e+00,-9.185870e-01,-2.137799e-01,-2.690432e-01,1.016225e-01,-2.946405e-01,3.096321e-01,6.437576e-02,2.858264e-01
4.347373e+00,-4.546126e-01,1.561618e+00,-3.164941e-01,-1.834997e-01,-3.115091e-01,-2.261666e-02,-4.789412e-01,-5.357498e-01,-4.797402e-01,-9.401001e-02
