2.795376e+00,-8.288020e-01,-4.782354e-01,-9.061741e-01,6.457379e-01,-7.293180e-01,-3.652279e-02,-1.025402e-01,1.346750e-01,-2.136267e-01,1.843820e-01
2.030599e+00,-1.431972e+00,-9.111730e-01,-1.179792e+00,2.603689e-01,-3.721069e-01,2.142865e-01,7.118344e-01,1.728785e-01,5.574943e-02,1.190443e-01
2.528675e+00,-1.446774e+00,-1.236465e+00,-1.275609e+00,-3.069094e-01,-5.104276e-01,2.095025e-01,5.293562e-01,4.967102e-01,3.171706e-01,-2.212018e-01
2.364898e+00,-1.621860e+00,-1.120542e+00,-1.307753e+00,-2.014752e-01,-4.764554e-01,2.936591e-01,3.411160e-01,6.706598e-01,6.172720e-01,-7.772223e-02
2.999753e+00,-1.393014e+00,-1.027182e+00,-1.391952e+00,-5.367215e-02,-2.298829e-01,3.718020e-01,4.900521e-01,6.501028e-01,7.086265e-01,-1.724720e-01
2.905847e+00,-1.420706e+00,-1.108908e+00,-1.180304e+00,-9.980070e-02,-2.547108e-01,4.188210e-01,5.266709e-01,6.254768e-01,6.036139e-01,-1.630773e-01
2.934684e+00,-1.550022e+00,-1.232619e+00,-1.263951e+00,-3.737450e-01,-5.160866e-01,2.870809e-01,3.589383e-01,6.172379e-01,4.138808e-01,-2.342502e-01
3.466416e+00,-1.506913e+00,-1.098104e+00,-1.119433e+00,-1.871460e-01,-2.921023e-01,3.830319e-01,5.232205e-01,9.168206e-01,7.137881e-01,-1.400240e-01
2.813587e+00,-2.257769e+00,-1.509311e+00,-1.412401e+00,-4.138566e-01,-4.236967e-01,1.564422e-01,3.120025e-01,7.500881e-01,5.655798e-01,-2.256234e-01
3.006009e+00,-2.049340e+00,-1.556988e+00,-1.343311e+00,-5.097873e-01,-5.603908e-01,3.048154e-01,3.960335e-01,9.521816e-01,6.203626e-01,-6.125162e-02
3.383806e+00,-1.901673e+00,-1.332508e+00,-1.201161e+00,-3.977007e-01,-4.994556e-01,4.168825e-01,2.890329e-01,9.779405e-01,5.463890e-01,-8.202979e-02
3.352534e+00,-2.021794e+00,-1.193883e+00,-1.030679e+00,-2.248625e-01,-3.096289e-01,3.922912e-01,2.226761e-01,7.746040e-01,4.719939e-01,-3.482431e-01
3.515151e+00,-1.961540e+00,-1.345780e+00,-1.059624e+00,-3.723629e-01,-4.558108e-01,5.878631e-01,3.995151e-01,1.060038e+00,8.264601e-01,-2.071433e-01
3.401062e+00,-2.049748e+00,-1.631453e+00,-1.199081e+00,-4.714206e-01,-8.482197e-01,5.915261e-01,1.769809e-01,9.761148e-01,8.029685e-01,-3.325891e-02
3.491863e+00,-2.274423e+00,-1.793738e+00,-9.053520e-01,-4.641677e-01,-8.461036e-01,6.748639e-01,-3.488266e-01,9.097627e-01,4.779284e-01,-4.195778e-01
3.461387e+00,-2.436887e+00,-1.996053e+00,-1.221309e+00,-7.003823e-01,-9.709031e-01,6.554440e-01,-1.261437e-01,1.242986e+00,8.873677e-01,-2.181830e-01
3.610349e+00,-2.102885e+00,-1.694344e+00,-9.902272e-01,-5.618347e-01,-7.961261e-01,5.846503e-01,9.202482e-02,1.046736e+00,7.586055e-01,-4.057258e-01
2.939596e+00,-2.560426e+00,-1.959489e+00,-1.451260e+00,-6.125451e-01,-7.757387e-01,5.444972e-02,2.095121e-01,6.342115e-01,6.120434e-01,-2.513293e-01
3.338379e+00,-2.304489e+00,-1.612971e+00,-1.503743e+00,-5.081790e-01,-6.422254e-01,3.538111e-02,6.291266e-01,7.750064e-01,8.163901e-01,-5.784943e-02
3.262945e+00,-2.269727e+00,-1.312772e+00,-1.596152e+00,-3.575825e-01,-6.122008e-01,6.364141e-02,6.306272e-01,7.795492e-01,5.769012e-01,-1.144798e-01
3.171261e+00,-2.447959e+00,-1.473578e+00,-1.754640e+00,-3.071803e-01,-7.382289e-01,1.623664e-02,4.118016e-01,7.404737e-01,3.927736e-01,-8.691623e-02
3.258747e+00,-2.342718e+00,-1.666643e+00,-1.785627e+00,-4.302288e-01,-7.899139e-01,1.708231e-01,5.122741e-01,9.875186e-01,6.724194e-01,1.787654e-01
2.614583e+00,-2.804878e+00,-2.080027e+00,-2.036807e+00,-8.128092e-01,-9.547835e-01,-9.151804e-02,2.737376e-01,7.261469e-01,4.998263e-01,-1.218272e-01
3.038710e+00,-2.561080e+00,-1.567354e+00,-1.908311e+00,-5.050940e-01,-7.396385e-01,4.671206e-02,4.150855e-01,9.811596e-01,5.009094e-01,-8.287273e-03
3.129553e+00,-2.553532e+00,-1.664210e+00,-1.937792e+00,-6.432767e-01,-8.057232e-01,-2.727740e-02,4.498339e-01,9.276937e-01,5.505988e-01,6.063468e-02
3.226482e+00,-2.367729e+00,-1.480983e+00,-1.566640e+00,-3.922447e-01,-5.206450e-01,3.841981e-02,6.231945e-01,6.877077e-01,4.800104e-01,-1.277157e-01
3.244798e+00,-2.605941e+00,-1.615000e+00,-1.827532e+00,-6.731014e-01,-8.651098e-01,-3.768712e-02,5.476353e-01,7.429915e-01,5.404708e-01,-8.523788e-02
3.312001e+00,-2.491468e+00,-1.592034e+00,-1.780769e+00,-6.839326e-01,-8.155707e-01,-3.380889e-02,4.438363e-01,8.678100e-01,4.955681e-01,-4.403674e-02
2.973991e+00,-2.852029e+00,-1.677038e+00,-1.685954e+00,-6.118003e-01,-6.370478e-01,1.350955e-01,5.503821e-01,8.730340e-01,6.357583e-01,8.955926e-02
3.383343e+00,-2.603410e+00,-1.530656e+00,-1.739549e+00,-6.946638e-01,-8.277030e-01,3.111352e-02,5.853356e-01,7.995623e-01,5.700760e-01,3.353029e-02
3.403332e+00,-2.689842e+00,-1.500954e+00,-1.770130e+00,-7.117405e-01,-7.902226e-01,6.519080e-02,5.593220e-01,9.274572e-01,6.571754e-01,1.661488e-01
3.267826e+00,-2.636822e+00,-1.427201e+00,-1.506295e+00,-5.559652e-01,-5.283716e-01,7.500733e-02,4.237439e-01,7.961791e-01,4.184008e-01,-3.521776e-02
3.245384e+00,-2.624080e+00,-1.656963e+00,-1.700959e+00,-9.627923e-01,-7.124937e-01,-3.270739e-02,4.627355e-01,8.930708e-01,6.000582e-01,1.298876e-03
3.488200e+00,-2.473622e+00,-1.529737e+00,-1.489529e+00,-8.119390e-01,-6.147727e-01,3.502782e-02,5.228968e-01,8.938647e-01,6.653918e-01,-4.032101e-03
3.436148e+00,-2.544731e+00,-1.503992e+00,-1.351912e+00,-7.019151e-01,-4.160673e-01,4.090660e-02,5.114941e-01,8.147947e-01,5.614368e-01,-8.714264e-02
3.176851e+00,-2.986735e+00,-1.895962e+00,-2.001911e+00,-1.263858e+00,-8.519308e-01,-3.408767e-01,4.006194e-01,7.939786e-01,4.922290e-01,-3.724686e-02
3.443956e+00,-2.761874e+00,-1.572566e+00,-1.711149e+00,-9.194902e-01,-5.221605e-01,-1.027504e-01,6.420177e-01,9.011565e-01,5.107004e-01,-4.049892e-02
3.440654e+00,-2.762363e+00,-1.587326e+00,-1.677499e+00,-7.969423e-01,-4.958201e-01,-2.737990e-02,6.025017e-01,8.988790e-01,4.748177e-01,-2.410366e-02
3.628655e+00,-2.739395e+00,-1.596280e+00,-1.751991e+00,-1.025017e+00,-5.635452e-01,-7.299932e-02,6.595764e-01,9.392809e-01,5.522722e-01,-1.137705e-03
3.472390e+00,-2.887697e+00,-1.657871e+00,-1.670528e+00,-1.000923e+00,-4.359086e-01,3.042982e-02,6.340543e-01,9.807426e-01,3.983058e-01,-4.040920e-02
3.644523e+00,-2.827756e+00,-1.659630e+00,-1.627711e+00,-9.069216e-01,-5.025459e-01,1.713832e-01,5.823948e-01,1.101522e+00,4.454446e-01,4.613549e-02
3.567769e+00,-2.955968e+00,-1.947308e+00,-1.861432e+00,-1.171862e+00,-8.781833e-01,-8.676572e-03,3.200606e-01,9.708649e-01,2.038151e-01,1.777951e-02
3.639983e+00,-2.836797e+00,-1.664270e+00,-1.451014e+00,-8.024925e-01,-3.941063e-01,2.877753e-01,5.795225e-01,1.100161e+00,2.113347e-01,1.048632e-01
3.612722e+00,-2.980749e+00,-1.850120e+00,-1.734962e+00,-1.083376e+00,-5.948246e-01,7.997889e-02,4.177969e-01,1.129789e+00,2.422812e-01,5.805556e-02
3.686859e+00,-3.092963e+00,-1.886944e+00,-1.751921e+00,-1.145477e+00,-6.501368e-01,-3.009726e-02,4.495402e-01,1.047300e+00,3.058733e-01,3.366687e-02
3.393542e+00,-3.200416e+00,-1.920889e+00,-1.414822e+00,-8.715210e-01,-3.388686e-01,2.041734e-01,6.257954e-01,1.051356e+00,2.399142e-01,-3.103727e-04
3.482128e+00,-3.398182e+00,-2.220025e+00,-1.861575e+00,-1.309584e+00,-7.384291e-01,-2.388363e-01,5.268461e-01,9.230522e-01,1.996352e-01,-8.197394e-02
3.860287e+00,-3.151641e+00,-1.946852e+00,-1.631817e+00,-1.016308e+00,-6.003612e-01,-1.557880e-01,6.018800e-01,9.824394e-01,2.865407e-01,-6.901566e-02
3.200404e+00,-3.693857e+00,-2.249729e+00,-1.762461e+00,-1.070156e+00,-6.348598e-01,-2.233042e-01,4.963986e-01,8.025294e-01,9.197917e-02,-1.917086e-01
3.605732e+00,-3.349139e+00,-2.194281e+00,-1.783776e+00,-1.279953e+00,-7.756830e-01,-3.560708e-01,5.044574e-01,8.614051e-01,2.159099e-01,-1.788154e-01
3.535802e+00,-3.535631e+00,-2.232558e+00,-1.835833e+00,-1.226467e+00,-7.901375e-01,-4.419364e-01,4.285840e-01,7.646088e-01,2.179038e-01,-2.048001e-01
3.419951e+00,-3.742389e+00,-2.176828e+00,-1.861576e+00,-1.045647e+00,-7.606694e-01,-3.751135e-01,4.282217e-01,7.798400e-01,2.119885e-01,-1.942239e-01
3.529708e+00,-3.555818e+00,-2.231419e+00,-1.930314e+00,-1.344448e+00,-8.544137e-01,-6.072344e-01,5.075843e-01,6.919619e-01,2.299994e-01,-2.700408e-01
3.370187e+00,-3.696462e+00,-2.341730e+00,-1.940997e+00,-1.237925e+00,-8.243939e-01,-5.835287e-01,4.709946e-01,6.486728e-01,1.807290e-01,-2.915919e-01
3.471858e+00,-3.646516e+00,-2.171515e+00,-1.931182e+00,-1.097001e+00,-8.058465e-01,-4.431885e-01,4.875305e-01,6.947990e-01,1.180351e-01,-2.212645e-01
3.632322e+00,-3.541714e+00,-2.131504e+00,-2.011635e+00,-1.248105e+00,-8.828517e-01,-5.037167e-01,5.646977e-01,7.705318e-01,1.627385e-01,-2.730621e-01
3.064678e+00,-4.012100e+00,-2.473103e+00,-2.235521e+00,-1.370572e+00,-9.615897e-01,-6.031163e-01,4.476254e-01,6.108874e-01,-1.178641e-02,-3.322174e-01
3.529566e+00,-3.615225e+00,-2.213666e+00,-1.978037e+00,-1.183069e+00,-7.905093e-01,-5.171989e-01,6.078375e-01,6.828183e-01,1.539365e-01,-2.876713e-01
3.721529e+00,-3.467587e+00,-2.066995e+00,-1.966144e+00,-1.168648e+00,-8.249761e-01,-4.681910e-01,6.661860e-01,7.556342e-01,1.993243e-01,-2.737727e-01
2.765713e+00,-4.316832e+00,-2.649059e+00,-2.468217e+00,-1.488247e+00,-1.104567e+00,-6.786392e-01,3.720667e-01,4.892841e-01,-1.595919e-01,-4.482321e-01
3.584657e+00,-3.493079e+00,-2.132600e+00,-1.970164e+00,-1.167940e+00,-7.745920e-01,-4.562186e-01,6.659204e-01,7.398528e-01,1.410943e-01,-2.278561e-01
3.677438e+00,-3.477893e+00,-2.095552e+00,-1.979460e+00,-1.156357e+00,-8.128070e-01,-4.494353e-01,6.501349e-01,7.449576e-01,1.508506e-01,-2.271529e-01
2.857152e+00,-4.179052e+00,-2.481484e+00,-2.263921e+00,-1.304221e+00,-9.156230e-01,-5.789496e-01,5.090318e-01,4.992333e-01,-1.207412e-01,-4.503171e-01
3.655961e+00,-3.627817e+00,-2.071670e+00,-2.075394e+00,-1.189511e+00,-8.585126e-01,-4.934885e-01,6.678776e-01,7.285000e-01,1.419256e-01,-2.708149e-01
3.663995e+00,-3.559281e+00,-2.058643e+00,-1.969682e+00,-1.103464e+00,-7.931087e-01,-4.826326e-01,6.690098e-01,7.472986e-01,1.534046e-01,-2.207176e-01
2.859578e+00,-4.096561e+00,-2.521612e+00,-2.194034e+00,-1.329499e+00,-9.286480e-01,-6.240978e-01,5.314400e-01,5.732067e-01,1.089122e-02,-3.186786e-01
3.561946e+00,-3.593374e+00,-2.107680e+00,-2.045827e+00,-1.222174e+00,-9.072073e-01,-5.251906e-01,6.504277e-01,7.578879e-01,1.295762e-01,-2.220950e-01
3.494994e+00,-3.680386e+00,-2.097376e+00,-1.979935e+00,-1.124872e+00,-8.263315e-01,-5.331147e-01,5.877195e-01,6.994599e-01,1.091549e-01,-2.146118e-01
3.176608e+00,-3.823007e+00,-2.284873e+00,-1.992941e+00,-1.178349e+00,-8.481192e-01,-5.871731e-01,5.346441e-01,6.110447e-01,8.589925e-02,-2.671029e-01
3.499619e+00,-3.643032e+00,-2.107099e+00,-2.016073e+00,-1.251763e+00,-9.389879e-01,-5.681539e-01,5.882515e-01,7.167645e-01,1.581426e-01,-1.533329e-01
3.373568e+00,-3.756694e+00,-2.123128e+00,-1.942865e+00,-1.130137e+00,-8.262170e-01,-5.380167e-01,5.382882e-01,6.340241e-01,1.083588e-01,-2.172498e-01
3.421092e+00,-3.763439e+00,-2.133689e+00,-1.956686e+00,-1.143155e+00,-8.449800e-01,-5.513864e-01,5.021553e-01,6.593964e-01,1.053670e-01,-2.234430e-01
3.485964e+00,-3.638722e+00,-2.216303e+00,-2.000591e+00,-1.291277e+00,-9.867102e-01,-5.507700e-01,5.209895e-01,7.464943e-01,1.345827e-01,-1.885578e-01
3.090977e+00,-3.912368e+00,-2.398987e+00,-2.013486e+00,-1.293192e+00,-8.735428e-01,-5.452747e-01,5.324224e-01,6.272190e-01,1.417808e-02,-3.095967e-01
3.633407e+00,-3.621591e+00,-2.130837e+00,-1.909651e+00,-1.139260e+00,-8.505017e-01,-4.326902e-01,5.388443e-01,7.678761e-01,1.244100e-01,-2.693610e-01
3.699454e+00,-3.613855e+00,-2.165709e+00,-1.950684e+00,-1.241002e+00,-8.812772e-01,-4.790177e-01,5.749289e-01,7.820849e-01,1.841823e-01,-3.161621e-01
3.089649e+00,-4.053315e+00,-2.476344e+00,-2.039908e+00,-1.299583e+00,-8.888032e-01,-4.867072e-01,4.901669e-01,5.548055e-01,-3.623821e-02,-4.989527e-01
3.726926e+00,-3.512564e+00,-2.200322e+00,-1.872412e+00,-1.246518e+00,-8.197781e-01,-4.277621e-01,5.731435e-01,7.913702e-01,1.179523e-01,-2.904482e-01
3.721225e+00,-3.522314e+00,-2.229706e+00,-1.852249e+00,-1.268218e+00,-7.940012e-01,-4.039929e-01,5.584339e-01,8.038697e-01,1.865026e-01,-3.203793e-01
2.923036e+00,-4.233853e+00,-2.657658e+00,-2.235399e+00,-1.430412e+00,-1.019297e+00,-5.236793e-01,3.320272e-01,5.967383e-01,-1.155182e-01,-4.450588e-01
3.834213e+00,-3.389275e+00,-2.150784e+00,-1.798975e+00,-1.233844e+00,-7.999806e-01,-3.286238e-01,6.231844e-01,8.235602e-01,1.795922e-01,-2.886593e-01
3.629575e+00,-3.578956e+00,-2.272950e+00,-1.901254e+00,-1.262754e+00,-8.097664e-01,-4.401379e-01,5.272055e-01,7.675108e-01,1.431809e-01,-3.456570e-01
3.071486e+00,-4.128489e+00,-2.594638e+00,-2.201216e+00,-1.415328e+00,-1.013805e+00,-5.363158e-01,3.519448e-01,6.359088e-01,7.141207e-03,-4.304521e-01
3.761237e+00,-3.527093e+00,-2.172515e+00,-1.958826e+00,-1.273808e+00,-9.097596e-01,-4.407690e-01,5.801187e-01,7.831096e-01,1.753724e-01,-3.315608e-01
3.619266e+00,-3.585987e+00,-2.185213e+00,-1.847043e+00,-1.166337e+00,-7.632214e-01,-4.043058e-01,5.383855e-01,7.574977e-01,1.352279e-01,-2.728673e-01
3.224203e+00,-3.833714e+00,-2.445683e+00,-2.034667e+00,-1.343478e+00,-8.481051e-01,-5.727662e-01,4.406519e-01,7.022263e-01,8.440154e-02,-2.700476e-01
3.645842e+00,-3.456590e+00,-2.144146e+00,-1.892095e+00,-1.267198e+00,-8.413063e-01,-4.959719e-01,5.582849e-01,7.722273e-01,2.053143e-01,-2.265326e-01
3.424682e+00,-3.756002e+00,-2.149738e+00,-1.999447e+00,-1.121908e+00,-8.416276e-01,-4.735255e-01,4.296738e-01,6.361451e-01,5.212891e-02,-2.637754e-01
3.372350e+00,-3.704883e+00,-2.246303e+00,-2.012697e+00,-1.246085e+00,-8.297187e-01,-5.872592e-01,4.418216e-01,6.234438e-01,2.025895e-01,-2.345612e-01
3.480070e+00,-3.591103e+00,-2.169662e+00,-2.045861e+00,-1.277270e+00,-8.709524e-01,-6.280418e-01,4.783321e-01,6.821193e-01,2.139149e-01,-2.118982e-01
3.229058e+00,-3.730406e+00,-2.171878e+00,-1.948287e+00,-1.112216e+00,-7.441305e-01,-4.811613e-01,4.657443e-01,5.844990e-01,6.282114e-02,-2.996520e-01
3.573521e+00,-3.539319e+00,-2.098016e+00,-2.011024e+00,-1.145991e+00,-7.693477e-01,-5.162838e-01,5.330931e-01,7.216985e-01,2.029349e-01,-1.782750e-01
3.468800e+00,-3.623139e+00,-2.228379e+00,-2.125850e+00,-1.265277e+00,-8.472513e-01,-5.539738e-01,4.767729e-01,7.443013e-01,1.814711e-01,-1.944942e-01
3.075687e+00,-3.778798e+00,-2.262867e+00,-2.014729e+00,-1.150995e+00,-6.292668e-01,-5.033881e-01,5.455130e-01,5.907760e-01,1.950327e-02,-3.546376e-01
3.681813e+00,-3.476461e+00,-2.099217e+00,-2.093752e+00,-1.200591e+00,-7.795516e-01,-4.949967e-01,5.562766e-01,7.089445e-01,1.984869e-01,-2.584903e-01
3.596271e+00,-3.610655e+00,-2.116737e+00,-2.183676e+00,-1.163158e+00,-7.490526e-01,-4.847505e-01,5.723878e-01,7.198431e-01,2.630124e-01,-2.382772e-01
3.061543e+00,-3.868972e+00,-2.390409e+00,-2.254806e+00,-1.265493e+00,-7.479055e-01,-5.485197e-01,4.610621e-01,5.724964e-01,9.621817e-02,-4.003289e-01
3.741695e+00,-3.287187e+00,-1.981284e+00,-2.081060e+00,-1.168082e+00,-6.913054e-01,-3.960152e-01,5.963440e-01,7.842391e-01,2.108660e-01,-1.993063e-01
3.442561e+00,-3.528478e+00,-2.269268e+00,-2.178038e+00,-1.230687e+00,-7.284451e-01,-4.758466e-01,4.854518e-01,6.865719e-01,1.950432e-01,-2.638445e-01
3.236012e+00,-3.777843e+00,-2.324349e+00,-2.277258e+00,-1.247614e+00,-7.061558e-01,-5.097857e-01,4.809821e-01,6.630946e-01,1.877945e-01,-2.707751e-01
3.723135e+00,-3.337707e+00,-2.068694e+00,-2.155773e+00,-1.225077e+00,-7.339110e-01,-4.533820e-01,5.064669e-01,7.859246e-01,2.298664e-01,-2.785779e-01
3.451100e+00,-3.466754e+00,-2.177399e+00,-2.086092e+00,-1.168726e+00,-5.798908e-01,-4.682195e-01,5.343293e-01,6.621472e-01,2.364797e-01,-3.065264e-01
3.276149e+00,-3.722339e+00,-2.415809e+00,-2.332139e+00,-1.300670e+00,-7.927556e-01,-5.687207e-01,3.545493e-01,6.519332e-01,2.098208e-01,-3.138298e-01
3.722013e+00,-3.326561e+00,-2.035593e+00,-2.129145e+00,-1.184833e+00,-6.843417e-01,-4.589807e-01,4.628250e-01,7.892579e-01,3.023467e-01,-2.313886e-01
3.273206e+00,-3.553429e+00,-2.246762e+00,-2.140587e+00,-1.184257e+00,-6.382427e-01,-4.617347e-01,3.369790e-01,6.463736e-01,1.590761e-01,-3.419920e-01
3.321156e+00,-3.579703e+00,-2.355968e+00,-2.262394e+00,-1.325528e+00,-7.521750e-01,-5.448192e-01,3.009254e-01,6.906205e-01,2.766321e-01,-1.483645e-01
3.554161e+00,-3.357495e+00,-2.220171e+00,-2.122112e+00,-1.277907e+00,-6.875094e-01,-5.383085e-01,3.232716e-01,6.910285e-01,3.588243e-01,-2.102364e-01
3.314310e+00,-3.550037e+00,-2.071615e+00,-2.035308e+00,-1.052792e+00,-5.208252e-01,-3.929821e-01,2.815806e-01,6.037109e-01,1.715802e-01,-3.128335e-01
3.592362e+00,-3.402733e+00,-2.181804e+00,-2.156305e+00,-1.253231e+00,-6.837326e-01,-5.111044e-01,2.603761e-01,6.618551e-01,3.547192e-01,-2.576639e-01
3.485430e+00,-3.412827e+00,-2.307161e+00,-2.180402e+00,-1.303879e+00,-6.886168e-01,-5.266952e-01,2.725972e-01,6.707716e-01,3.656948e-01,-2.231623e-01
3.260653e+00,-3.528988e+00,-2.253434e+00,-2.082121e+00,-1.123795e+00,-5.692887e-01,-3.782826e-01,2.128957e-01,6.360539e-01,1.662033e-01,-3.648997e-01
3.681579e+00,-3.267512e+00,-2.131349e+00,-2.180662e+00,-1.258027e+00,-6.492210e-01,-4.188831e-01,3.043303e-01,7.697685e-01,3.279236e-01,-2.656454e-01
3.490623e+00,-3.440146e+00,-2.345853e+00,-2.236570e+00,-1.288540e+00,-6.623583e-01,-4.256823e-01,2.783894e-01,7.412137e-01,3.552235e-01,-2.323216e-01
3.365973e+00,-3.434112e+00,-2.297566e+00,-2.144896e+00,-1.196387e+00,-5.105331e-01,-4.133138e-01,3.250660e-01,6.765810e-01,2.887365e-01,-3.089087e-01
3.747522e+00,-3.146185e+00,-2.127215e+00,-2.155730e+00,-1.311393e+00,-5.718401e-01,-4.114737e-01,3.768852e-01,7.539344e-01,3.736571e-01,-3.142237e-01
3.522814e+00,-3.481819e+00,-2.217544e+00,-2.343502e+00,-1.204963e+00,-5.884649e-01,-3.970732e-01,3.159234e-01,7.294105e-01,3.107209e-01,-2.612900e-01
3.478635e+00,-3.401356e+00,-2.265576e+00,-2.230133e+00,-1.203706e+00,-5.252230e-01,-3.768096e-01,3.467459e-01,6.900782e-01,3.516074e-01,-2.813022e-01
3.748134e+00,-3.070018e+00,-2.070087e+00,-2.190107e+00,-1.224238e+00,-5.523333e-01,-3.958130e-01,4.053751e-01,7.881763e-01,3.678447e-01,-2.372117e-01
3.288914e+00,-3.501311e+00,-2.306608e+00,-2.326648e+00,-1.259199e+00,-5.782723e-01,-4.081633e-01,3.049007e-01,6.814344e-01,2.539194e-01,-2.832850e-01
3.470550e+00,-3.427341e+00,-2.257326e+00,-2.351516e+00,-1.231606e+00,-5.768578e-01,-5.071517e-01,3.608025e-01,6.998933e-01,3.338586e-01,-2.663178e-01
3.759571e+00,-3.250067e+00,-2.070474e+00,-2.237070e+00,-1.203121e+00,-6.094733e-01,-4.647050e-01,3.915066e-01,7.355218e-01,3.747082e-01,-2.561218e-01
3.223163e+00,-3.495173e+00,-2.209138e+00,-2.227033e+00,-1.141156e+00,-4.889055e-01,-4.711490e-01,3.943392e-01,6.378485e-01,2.014625e-01,-3.406575e-01
3.389581e+00,-3.477998e+00,-2.285938e+00,-2.330797e+00,-1.312920e+00,-6.655209e-01,-5.709621e-01,3.489071e-01,6.879203e-01,3.256540e-01,-2.179483e-01
3.649484e+00,-3.295594e+00,-2.028479e+00,-2.216407e+00,-1.094480e+00,-6.220778e-01,-4.845690e-01,3.897537e-01,7.726594e-01,3.334775e-01,-1.471990e-01
3.107464e+00,-3.603484e+00,-2.188035e+00,-2.143443e+00,-1.086447e+00,-5.625001e-01,-4.868234e-01,3.206020e-01,5.294555e-01,1.277922e-01,-3.488900e-01
3.414878e+00,-3.397440e+00,-2.138022e+00,-2.246006e+00,-1.237754e+00,-6.809745e-01,-5.828413e-01,3.869564e-01,6.894203e-01,2.859454e-01,-1.260447e-01
3.366221e+00,-3.486949e+00,-2.204587e+00,-2.207349e+00,-1.252735e+00,-6.808976e-01,-6.175649e-01,3.476971e-01,6.242156e-01,3.285811e-01,-1.425604e-01
3.193102e+00,-3.677994e+00,-2.159232e+00,-2.169399e+00,-1.126140e+00,-5.938586e-01,-5.774222e-01,3.986658e-01,5.302997e-01,2.226833e-01,-2.593739e-01
3.594973e+00,-3.412058e+00,-2.041601e+00,-2.202065e+00,-1.206154e+00,-7.505611e-01,-4.935920e-01,4.334068e-01,7.192949e-01,2.607429e-01,-1.575889e-01
3.249251e+00,-3.614327e+00,-2.312585e+00,-2.245043e+00,-1.285888e+00,-7.105136e-01,-5.918989e-01,4.212525e-01,6.617978e-01,2.307593e-01,-1.879799e-01
3.392664e+00,-3.522684e+00,-2.154430e+00,-2.071914e+00,-1.110524e+00,-6.290868e-01,-4.597910e-01,4.562118e-01,6.924321e-01,2.089001e-01,-2.197593e-01
3.629239e+00,-3.389698e+00,-2.097461e+00,-2.164597e+00,-1.229877e+00,-7.932723e-01,-4.762028e-01,5.018252e-01,7.402079e-01,2.326681e-01,-2.542710e-01
3.196813e+00,-3.795609e+00,-2.410033e+00,-2.298344e+00,-1.314772e+00,-8.076227e-01,-5.430327e-01,4.366511e-01,6.345818e-01,1.600997e-01,-3.211367e-01
3.476660e+00,-3.620688e+00,-2.225571e+00,-2.152493e+00,-1.215686e+00,-7.135843e-01,-4.943156e-01,4.779776e-01,6.860715e-01,1.850836e-01,-2.824238e-01
3.785169e+00,-3.282917e+00,-2.073614e+00,-1.985786e+00,-1.206515e+00,-6.763761e-01,-4.328492e-01,5.964591e-01,7.860193e-01,2.826003e-01,-2.702731e-01
3.054326e+00,-3.984833e+00,-2.515814e+00,-2.337545e+00,-1.388864e+00,-8.872247e-01,-5.082855e-01,3.934645e-01,5.964484e-01,3.346331e-02,-3.395142e-01
3.651157e+00,-3.493390e+00,-2.190621e+00,-2.041739e+00,-1.199943e+00,-7.080607e-01,-4.012896e-01,5.133115e-01,7.917215e-01,1.909895e-01,-2.327512e-01
3.678531e+00,-3.376983e+00,-2.204606e+00,-1.967694e+00,-1.291310e+00,-7.385412e-01,-4.595446e-01,5.047899e-01,7.586315e-01,1.980975e-01,-2.916395e-01
3.124126e+00,-3.875972e+00,-2.430167e+00,-2.071239e+00,-1.245707e+00,-7.500161e-01,-4.101060e-01,4.534089e-01,6.620169e-01,1.058085e-02,-3.767954e-01
3.611076e+00,-3.632207e+00,-2.285433e+00,-2.072280e+00,-1.312225e+00,-8.692344e-01,-4.660069e-01,4.656294e-01,7.257555e-01,1.817311e-01,-3.278564e-01
3.785652e+00,-3.450462e+00,-2.123441e+00,-1.888633e+00,-1.157759e+00,-7.391446e-01,-4.046677e-01,5.047174e-01,8.098671e-01,2.381295e-01,-3.190930e-01
3.152329e+00,-3.913801e+00,-2.410854e+00,-1.984021e+00,-1.275532e+00,-8.023687e-01,-5.001412e-01,3.647289e-01,5.999949e-01,-1.428948e-02,-4.444135e-01
3.606580e+00,-3.485087e+00,-2.283126e+00,-1.893247e+00,-1.319433e+00,-8.514004e-01,-4.637457e-01,4.826179e-01,7.779116e-01,2.157675e-01,-2.766870e-01
3.541563e+00,-3.648050e+00,-2.249922e+00,-1.929403e+00,-1.246333e+00,-8.682877e-01,-4.902681e-01,3.485602e-01,7.241227e-01,1.313393e-01,-2.709523e-01
3.344068e+00,-3.745079e+00,-2.244974e+00,-1.860789e+00,-1.168910e+00,-7.838857e-01,-4.775425e-01,3.677083e-01,6.721324e-01,1.189922e-01,-3.260625e-01
3.562333e+00,-3.523777e+00,-2.193864e+00,-1.907431e+00,-1.316865e+00,-8.920233e-01,-5.109996e-01,4.776954e-01,7.317877e-01,2.057930e-01,-2.302289e-01
3.396830e+00,-3.708119e+00,-2.283994e+00,-1.932521e+00,-1.237956e+00,-8.476687e-01,-5.058937e-01,4.283556e-01,6.641786e-01,1.463573e-01,-2.846978e-01
3.509165e+00,-3.647708e+00,-2.145374e+00,-1.877780e+00,-1.127894e+00,-7.748792e-01,-4.686090e-01,4.872915e-01,6.923069e-01,1.556731e-01,-2.985231e-01
3.607322e+00,-3.589599e+00,-2.164152e+00,-1.996897e+00,-1.276647e+00,-9.198026e-01,-4.972164e-01,5.293042e-01,7.936343e-01,1.675752e-01,-2.457129e-01
3.096542e+00,-3.953140e+00,-2.477732e+00,-2.133608e+00,-1.368235e+00,-9.424480e-01,-5.822804e-01,4.520287e-01,6.095414e-01,-7.773270e-03,-3.427299e-01
3.533607e+00,-3.568360e+00,-2.218100e+00,-1.910324e+00,-1.198687e+00,-7.887745e-01,-4.912754e-01,5.739329e-01,7.268098e-01,1.277271e-01,-2.756578e-01
3.714084e+00,-3.537302e+00,-2.089885e+00,-1.992496e+00,-1.199091e+00,-8.608642e-01,-4.810059e-01,6.032509e-01,7.997570e-01,1.548468e-01,-2.612008e-01
2.951701e+00,-4.132761e+00,-2.482536e+00,-2.252369e+00,-1.337047e+00,-9.555166e-01,-5.470776e-01,4.860752e-01,5.623141e-01,-5.144791e-02,-4.495731e-01
3.669337e+00,-3.543113e+00,-2.110375e+00,-1.980586e+00,-1.157398e+00,-8.085309e-01,-4.483850e-01,6.516839e-01,7.465396e-01,1.488496e-01,-2.452243e-01
3.646324e+00,-3.494735e+00,-2.130726e+00,-1.960637e+00,-1.205628e+00,-7.940161e-01,-4.846779e-01,6.579329e-01,7.405431e-01,1.723935e-01,-2.496825e-01
2.803916e+00,-4.161972e+00,-2.540158e+00,-2.253412e+00,-1.336047e+00,-9.347130e-01,-5.855072e-01,4.718523e-01,5.195301e-01,-1.213602e-01,-4.481909e-01
3.687766e+00,-3.549706e+00,-2.051461e+00,-2.026270e+00,-1.145936e+00,-8.798190e-01,-4.082955e-01,6.308856e-01,7.994994e-01,1.151562e-01,-2.175756e-01
3.611853e+00,-3.541820e+00,-2.140434e+00,-1.932288e+00,-1.156947e+00,-7.888762e-01,-5.082486e-01,6.786812e-01,7.159196e-01,1.594277e-01,-2.460931e-01
2.925242e+00,-4.133335e+00,-2.500326e+00,-2.234435e+00,-1.355823e+00,-9.736898e-01,-6.737309e-01,4.700100e-01,5.213033e-01,-8.118260e-02,-4.072730e-01
3.628134e+00,-3.594721e+00,-2.052365e+00,-2.027407e+00,-1.198586e+00,-8.954528e-01,-4.922957e-01,6.693795e-01,7.595146e-01,1.298079e-01,-2.591244e-01
3.504101e+00,-3.655944e+00,-2.113670e+00,-1.951358e+00,-1.113525e+00,-8.280427e-01,-5.090186e-01,6.123085e-01,6.801626e-01,1.322807e-01,-2.431743e-01
3.176527e+00,-3.837271e+00,-2.315900e+00,-2.013535e+00,-1.184413e+00,-9.006588e-01,-5.499089e-01,5.095067e-01,6.432311e-01,5.783759e-02,-2.251420e-01
3.492383e+00,-3.552853e+00,-2.117890e+00,-1.965471e+00,-1.258391e+00,-9.086972e-01,-5.885046e-01,5.827444e-01,7.185871e-01,1.105500e-01,-1.923962e-01
3.311520e+00,-3.748574e+00,-2.162938e+00,-1.940537e+00,-1.146780e+00,-8.524095e-01,-5.286775e-01,5.057601e-01,6.226454e-01,7.595492e-02,-2.169965e-01
3.400936e+00,-3.754320e+00,-2.187696e+00,-1.976286e+00,-1.141758e+00,-8.890820e-01,-5.696212e-01,5.083846e-01,6.273942e-01,1.191830e-01,-2.139592e-01
3.529123e+00,-3.636831e+00,-2.181884e+00,-1.973263e+00,-1.269660e+00,-9.328806e-01,-5.767740e-01,5.907593e-01,7.028979e-01,1.996966e-01,-2.135649e-01
3.092532e+00,-3.911160e+00,-2.350736e+00,-2.044180e+00,-1.247024e+00,-8.900996e-01,-5.485405e-01,4.816354e-01,6.136276e-01,-1.978327e-02,-3.475098e-01
3.634655e+00,-3.561130e+00,-2.149676e+00,-1.857790e+00,-1.148991e+00,-8.113355e-01,-4.591923e-01,6.050190e-01,7.195330e-01,1.884748e-01,-2.704228e-01
3.591835e+00,-3.601116e+00,-2.252804e+00,-1.986552e+00,-1.232638e+00,-9.371033e-01,-4.891751e-01,5.618468e-01,7.663881e-01,1.509326e-01,-2.677132e-01
3.088633e+00,-3.980964e+00,-2.393488e+00,-2.001136e+00,-1.209186e+00,-8.228896e-01,-3.924842e-01,5.200562e-01,6.781201e-01,-8.327234e-03,-3.719861e-01
3.642482e+00,-3.527627e+00,-2.232604e+00,-1.912172e+00,-1.292907e+00,-8.047537e-01,-4.862121e-01,5.961896e-01,7.583709e-01,1.379197e-01,-3.041658e-01
3.753213e+00,-3.578045e+00,-2.197836e+00,-1.914079e+00,-1.207812e+00,-8.326138e-01,-3.890109e-01,5.842061e-01,7.778143e-01,1.860493e-01,-2.697192e-01
3.048283e+00,-4.150035e+00,-2.524499e+00,-2.182385e+00,-1.341774e+00,-9.012039e-01,-5.092040e-01,4.558104e-01,5.950740e-01,-3.751846e-02,-4.401069e-01
3.798811e+00,-3.444941e+00,-2.106743e+00,-1.877948e+00,-1.258695e+00,-7.904767e-01,-3.507312e-01,6.049625e-01,8.173694e-01,1.791940e-01,-2.890272e-01
3.592633e+00,-3.582380e+00,-2.262901e+00,-1.956398e+00,-1.230884e+00,-8.322523e-01,-4.182458e-01,4.997638e-01,7.884270e-01,9.749603e-02,-2.888189e-01
3.092719e+00,-3.938223e+00,-2.563258e+00,-2.092386e+00,-1.357129e+00,-9.085707e-01,-4.844970e-01,4.481992e-01,6.756120e-01,9.348270e-02,-3.591437e-01
3.736746e+00,-3.527440e+00,-2.125294e+00,-2.007028e+00,-1.269174e+00,-8.877289e-01,-4.459118e-01,5.460159e-01,7.970116e-01,1.373240e-01,-3.287901e-01
3.577797e+00,-3.567075e+00,-2.163804e+00,-1.891776e+00,-1.166527e+00,-7.420352e-01,-4.258694e-01,5.217423e-01,7.437278e-01,1.339620e-01,-3.238361e-01
3.272938e+00,-3.827261e+00,-2.396584e+00,-2.073223e+00,-1.312383e+00,-8.264995e-01,-5.763512e-01,4.919147e-01,6.652235e-01,1.561162e-01,-2.939278e-01
3.714744e+00,-3.493055e+00,-2.079581e+00,-1.958561e+00,-1.225975e+00,-8.384004e-01,-4.787399e-01,5.415853e-01,7.851242e-01,2.080942e-01,-2.152429e-01
3.316512e+00,-3.715138e+00,-2.195624e+00,-2.004788e+00,-1.201254e+00,-7.712098e-01,-5.504991e-01,4.271126e-01,5.910436e-01,4.856251e-02,-3.364115e-01
3.320508e+00,-3.666363e+00,-2.276026e+00,-2.048987e+00,-1.264155e+00,-8.240815e-01,-5.928601e-01,4.086355e-01,6.512884e-01,1.661310e-01,-2.011930e-01
3.463115e+00,-3.549306e+00,-2.158320e+00,-2.055699e+00,-1.247799e+00,-8.763537e-01,-5.767005e-01,4.380631e-01,7.072834e-01,2.079576e-01,-1.524995e-01
3.223366e+00,-3.657979e+00,-2.140915e+00,-1.937301e+00,-1.093635e+00,-7.010419e-01,-4.992641e-01,4.366382e-01,5.452426e-01,5.004498e-02,-3.506009e-01
3.627793e+00,-3.543945e+00,-1.996835e+00,-2.061372e+00,-1.088429e+00,-7.705392e-01,-4.767914e-01,4.937127e-01,7.306307e-01,2.134622e-01,-1.973788e-01
3.431515e+00,-3.623872e+00,-2.271997e+00,-2.169563e+00,-1.306207e+00,-8.368748e-01,-6.328248e-01,4.596795e-01,6.644912e-01,2.174882e-01,-2.638900e-01
3.072368e+00,-3.745906e+00,-2.272916e+00,-2.061410e+00,-1.138621e+00,-6.801256e-01,-5.099321e-01,4.528884e-01,5.596056e-01,-7.836832e-03,-3.703636e-01
3.636478e+00,-3.398998e+00,-2.125424e+00,-2.094710e+00,-1.209323e+00,-7.494612e-01,-4.959911e-01,5.186959e-01,7.555993e-01,1.909289e-01,-2.208895e-01
3.520633e+00,-3.530502e+00,-2.173216e+00,-2.162685e+00,-1.218493e+00,-6.859263e-01,-5.321555e-01,5.380592e-01,7.176976e-01,2.438002e-01,-2.271199e-01
3.198134e+00,-3.718296e+00,-2.300288e+00,-2.215437e+00,-1.162507e+00,-7.016541e-01,-4.918265e-01,4.542126e-01,6.357194e-01,1.199501e-01,-3.400778e-01
3.734042e+00,-3.262740e+00,-2.020016e+00,-2.115539e+00,-1.190428e+00,-6.780385e-01,-4.382020e-01,5.941525e-01,7.258093e-01,2.647682e-01,-2.474668e-01
3.448705e+00,-3.527217e+00,-2.244676e+00,-2.217266e+00,-1.226462e+00,-6.519751e-01,-4.907590e-01,5.175938e-01,6.931490e-01,2.671161e-01,-2.613714e-01
3.303747e+00,-3.705602e+00,-2.264566e+00,-2.300994e+00,-1.196033e+00,-6.890436e-01,-4.587079e-01,4.435683e-01,6.957637e-01,2.072888e-01,-2.513036e-01
3.741684e+00,-3.243715e+00,-2.084776e+00,-2.120990e+00,-1.221794e+00,-6.752111e-01,-4.440739e-01,5.314569e-01,7.592544e-01,2.833344e-01,-2.528477e-01
3.398363e+00,-3.501597e+00,-2.240345e+00,-2.162770e+00,-1.200426e+00,-6.241196e-01,-4.510082e-01,4.573895e-01,6.918230e-01,1.915573e-01,-2.167774e-01
3.251929e+00,-3.673674e+00,-2.447287e+00,-2.325042e+00,-1.352057e+00,-7.353944e-01,-5.570684e-01,3.508477e-01,6.864242e-01,2.430925e-01,-2.543505e-01
3.733524e+00,-3.294441e+00,-2.052585e+00,-2.140656e+00,-1.193797e+00,-6.515551e-01,-4.550345e-01,4.613598e-01,7.693892e-01,3.468490e-01,-2.424914e-01
3.310010e+00,-3.531553e+00,-2.248921e+00,-2.151429e+00,-1.139171e+00,-6.447605e-01,-3.957301e-01,3.407437e-01,6.383599e-01,1.894842e-01,-3.073622e-01
3.377345e+00,-3.528398e+00,-2.347371e+00,-2.261394e+00,-1.344475e+00,-7.033412e-01,-5.753582e-01,2.935637e-01,6.268084e-01,2.912864e-01,-2.576185e-01
3.567082e+00,-3.298012e+00,-2.195034e+00,-2.116050e+00,-1.263653e+00,-6.487444e-01,-4.774139e-01,2.724461e-01,7.496893e-01,3.517618e-01,-1.893922e-01
3.260167e+00,-3.497010e+00,-2.157951e+00,-2.040612e+00,-1.066572e+00,-5.210541e-01,-3.746283e-01,2.301861e-01,6.054874e-01,1.606010e-01,-3.059513e-01
3.544904e+00,-3.360327e+00,-2.251540e+00,-2.130552e+00,-1.314207e+00,-6.537446e-01,-4.907810e-01,2.366444e-01,6.819910e-01,3.696229e-01,-1.978251e-01
3.480937e+00,-3.435613e+00,-2.291680e+00,-2.210205e+00,-1.334720e+00,-6.466693e-01,-5.254867e-01,1.921936e-01,7.092281e-01,3.418755e-01,-2.343108e-01
3.248723e+00,-3.549987e+00,-2.285794e+00,-2.102920e+00,-1.199642e+00,-5.397446e-01,-4.302805e-01,1.887701e-01,5.823849e-01,2.214006e-01,-4.307482e-01
3.742462e+00,-3.266889e+00,-2.121058e+00,-2.190417e+00,-1.235043e+00,-6.399678e-01,-3.886447e-01,2.896407e-01,7.892780e-01,3.673020e-01,-2.759884e-01
3.467902e+00,-3.479811e+00,-2.346374e+00,-2.267947e+00,-1.313654e+00,-6.560208e-01,-4.313960e-01,2.020915e-01,7.284635e-01,3.332650e-01,-3.088446e-01
3.356750e+00,-3.392382e+00,-2.295817e+00,-2.146514e+00,-1.203495e+00,-4.897474e-01,-4.175985e-01,2.614918e-01,7.276326e-01,2.572695e-01,-3.475619e-01
3.753750e+00,-3.156343e+00,-2.131263e+00,-2.175712e+00,-1.280431e+00,-6.145396e-01,-3.599924e-01,3.065948e-01,8.292845e-01,3.298871e-01,-2.717481e-01
3.362734e+00,-3.508709e+00,-2.397835e+00,-2.336709e+00,-1.336953e+00,-5.961345e-01,-4.700619e-01,2.809558e-01,7.161807e-01,3.108481e-01,-2.935278e-01
3.428849e+00,-3.519663e+00,-2.319203e+00,-2.331902e+00,-1.282965e+00,-6.010432e-01,-4.404223e-01,2.779413e-01,6.991747e-01,3.675269e-01,-3.207994e-01
3.800855e+00,-3.094321e+00,-2.036926e+00,-2.189605e+00,-1.195195e+00,-5.521869e-01,-3.848603e-01,3.960226e-01,8.216837e-01,3.715706e-01,-2.774469e-01
3.212687e+00,-3.551214e+00,-2.388759e+00,-2.318999e+00,-1.323753e+00,-6.045432e-01,-4.468019e-01,3.130265e-01,6.345433e-01,2.537321e-01,-3.371694e-01
3.496531e+00,-3.415762e+00,-2.229331e+00,-2.310005e+00,-1.198762e+00,-6.242934e-01,-4.288724e-01,3.426285e-01,7.446946e-01,3.084467e-01,-2.389326e-01
3.715522e+00,-3.252572e+00,-2.076119e+00,-2.203797e+00,-1.204259e+00,-6.372918e-01,-4.394504e-01,3.904910e-01,7.595978e-01,3.302156e-01,-2.476743e-01
3.163261e+00,-3.559088e+00,-2.255205e+00,-2.198199e+00,-1.186079e+00,-5.245250e-01,-4.874221e-01,4.209478e-01,6.030471e-01,1.630417e-01,-3.481903e-01
3.484461e+00,-3.506706e+00,-2.240252e+00,-2.278816e+00,-1.289545e+00,-6.924656e-01,-5.502848e-01,4.010019e-01,6.613340e-01,3.129629e-01,-2.439811e-01
3.636829e+00,-3.360309e+00,-2.056406e+00,-2.161451e+00,-1.152900e+00,-6.273095e-01,-5.236654e-01,4.708330e-01,7.042056e-01,3.590904e-01,-2.003752e-01
3.136716e+00,-3.672054e+00,-2.168964e+00,-2.143141e+00,-1.068106e+00,-6.150479e-01,-4.787415e-01,3.400807e-01,5.494817e-01,9.747416e-02,-3.562203e-01
3.432358e+00,-3.412410e+00,-2.140338e+00,-2.194437e+00,-1.251364e+00,-7.068594e-01,-5.892567e-01,4.308804e-01,6.656941e-01,2.909844e-01,-1.705741e-01
3.387518e+00,-3.449921e+00,-2.188836e+00,-2.136852e+00,-1.197172e+00,-7.264680e-01,-5.907115e-01,3.618984e-01,6.187229e-01,2.569713e-01,-1.641197e-01
3.193185e+00,-3.674562e+00,-2.158645e+00,-2.167615e+00,-1.115792e+00,-7.267797e-01,-5.971911e-01,2.925337e-01,4.964452e-01,4.095834e-02,-2.931056e-01
3.574400e+00,-3.402754e+00,-2.060449e+00,-2.136472e+00,-1.230240e+00,-7.273619e-01,-5.504701e-01,4.964764e-01,7.071880e-01,2.680438e-01,-1.570383e-01
3.315362e+00,-3.673443e+00,-2.266946e+00,-2.209371e+00,-1.272511e+00,-7.311111e-01,-6.206270e-01,4.691933e-01,5.929061e-01,2.437546e-01,-2.217777e-01
3.471711e+00,-3.521183e+00,-2.145073e+00,-2.027402e+00,-1.095963e+00,-6.444110e-01,-5.165342e-01,5.251893e-01,6.318032e-01,2.234813e-01,-2.515096e-01
3.632830e+00,-3.430332e+00,-2.097755e+00,-2.121730e+00,-1.242619e+00,-7.760823e-01,-5.185075e-01,5.740961e-01,7.233538e-01,2.390736e-01,-2.266072e-01
3.138510e+00,-3.878112e+00,-2.416071e+00,-2.346226e+00,-1.299629e+00,-8.942133e-01,-5.420986e-01,3.844465e-01,6.602618e-01,5.662702e-02,-3.058439e-01
3.435632e+00,-3.555939e+00,-2.262839e+00,-2.099823e+00,-1.197992e+00,-7.640822e-01,-4.912548e-01,4.990117e-01,6.814240e-01,1.595737e-01,-2.591567e-01
3.748823e+00,-3.295802e+00,-2.095273e+00,-1.982248e+00,-1.160839e+00,-7.369989e-01,-4.262170e-01,6.158523e-01,7.972921e-01,2.257983e-01,-2.252309e-01
2.960859e+00,-4.067967e+00,-2.549080e+00,-2.375660e+00,-1.426707e+00,-9.162318e-01,-5.818868e-01,3.997006e-01,5.486550e-01,-8.877275e-03,-4.073552e-01
3.673448e+00,-3.502637e+00,-2.157812e+00,-2.026295e+00,-1.192351e+00,-7.015530e-01,-4.360324e-01,5.876844e-01,7.450613e-01,2.333921e-01,-2.790191e-01
3.710970e+00,-3.459502e+00,-2.190933e+00,-2.021604e+00,-1.248655e+00,-8.146456e-01,-4.582817e-01,5.135975e-01,7.540254e-01,1.547782e-01,-2.329326e-01
3.034693e+00,-3.877790e+00,-2.453147e+00,-2.029020e+00,-1.264148e+00,-6.850800e-01,-4.281277e-01,5.361358e-01,6.702846e-01,4.143062e-02,-3.584405e-01
3.569125e+00,-3.576674e+00,-2.247012e+00,-2.050485e+00,-1.295760e+00,-8.532150e-01,-4.553115e-01,4.768072e-01,7.788939e-01,1.300524e-01,-2.993678e-01
3.779742e+00,-3.515112e+00,-2.096429e+00,-1.931906e+00,-1.130504e+00,-7.882925e-01,-3.977632e-01,5.171366e-01,8.141144e-01,1.872650e-01,-2.584554e-01
3.049559e+00,-3.937961e+00,-2.476329e+00,-2.027191e+00,-1.297383e+00,-8.508256e-01,-5.263458e-01,4.031825e-01,5.624238e-01,1.753117e-02,-4.779424e-01
3.604269e+00,-3.585049e+00,-2.205495e+00,-1.967191e+00,-1.323907e+00,-8.603243e-01,-4.983318e-01,5.154787e-01,7.536372e-01,1.861771e-01,-3.090558e-01
3.564120e+00,-3.665974e+00,-2.190959e+00,-1.910042e+00,-1.219928e+00,-8.039524e-01,-5.016716e-01,4.687917e-01,7.242881e-01,1.809514e-01,-2.556020e-01
3.321031e+00,-3.779105e+00,-2.256886e+00,-1.869110e+00,-1.170417e+00,-7.914895e-01,-4.682267e-01,4.186046e-01,6.901584e-01,1.157245e-01,-2.656086e-01
3.561948e+00,-3.592136e+00,-2.174256e+00,-1.933979e+00,-1.323901e+00,-9.111142e-01,-5.187841e-01,4.705480e-01,7.537900e-01,1.521094e-01,-1.840266e-01
3.327975e+00,-3.716933e+00,-2.278004e+00,-1.906222e+00,-1.266974e+00,-8.075455e-01,-5.286064e-01,4.435280e-01,6.827516e-01,1.039176e-01,-2.421508e-01
3.483392e+00,-3.663154e+00,-2.152451e+00,-1.885380e+00,-1.129116e+00,-7.918801e-01,-4.823898e-01,4.893579e-01,7.096326e-01,1.317989e-01,-2.528221e-01
3.644175e+00,-3.614919e+00,-2.119615e+00,-2.012129e+00,-1.242378e+00,-9.531926e-01,-5.072075e-01,5.286436e-01,7.495777e-01,1.730056e-01,-2.960100e-01
3.101841e+00,-3.957620e+00,-2.441886e+00,-2.120215e+00,-1.339536e+00,-9.185531e-01,-5.875338e-01,4.886667e-01,6.027661e-01,3.397130e-02,-3.828516e-01
3.585235e+00,-3.615082e+00,-2.144712e+00,-1.935416e+00,-1.168330e+00,-8.018292e-01,-4.796798e-01,5.683063e-01,7.540411e-01,1.123243e-01,-2.555067e-01
3.657369e+00,-3.492343e+00,-2.143468e+00,-1.927868e+00,-1.227045e+00,-8.299359e-01,-5.029410e-01,6.416473e-01,7.766805e-01,1.746928e-01,-2.831108e-01
2.937251e+00,-4.158345e+00,-2.516523e+00,-2.259172e+00,-1.366821e+00,-1.005985e+00,-6.066995e-01,4.241743e-01,4.986414e-01,-1.806125e-01,-4.767695e-01
3.660558e+00,-3.522902e+00,-2.123225e+00,-1.938414e+00,-1.193423e+00,-7.714563e-01,-4.770236e-01,6.786646e-01,7.524349e-01,1.441575e-01,-2.375974e-01
3.654352e+00,-3.499107e+00,-2.119250e+00,-1.945895e+00,-1.200582e+00,-7.747228e-01,-4.907299e-01,6.783157e-01,7.417176e-01,1.815868e-01,-2.624496e-01
2.773639e+00,-4.293229e+00,-2.592511e+00,-2.355941e+00,-1.356076e+00,-1.046015e+00,-5.793521e-01,4.279561e-01,5.167652e-01,-1.236026e-01,-4.158630e-01
3.715062e+00,-3.525699e+00,-2.066974e+00,-1.993158e+00,-1.157328e+00,-8.640024e-01,-4.268993e-01,6.844714e-01,7.592108e-01,1.571751e-01,-2.464120e-01
3.572214e+00,-3.554719e+00,-2.161067e+00,-1.953402e+00,-1.165067e+00,-8.327650e-01,-4.838068e-01,6.190403e-01,7.347353e-01,1.109105e-01,-2.500031e-01
2.939857e+00,-4.051155e+00,-2.502313e+00,-2.177007e+00,-1.335606e+00,-9.380035e-01,-6.205353e-01,4.990685e-01,6.050185e-01,-3.956237e-02,-3.336769e-01
3.574906e+00,-3.569253e+00,-2.185147e+00,-2.008166e+00,-1.256165e+00,-9.344763e-01,-5.094257e-01,6.602112e-01,7.300701e-01,1.524041e-01,-2.383156e-01
3.608653e+00,-3.701519e+00,-2.069169e+00,-1.993538e+00,-1.061363e+00,-8.627625e-01,-4.893334e-01,5.971487e-01,6.893454e-01,1.044264e-01,-2.494932e-01
3.229776e+00,-3.876038e+00,-2.311239e+00,-2.044935e+00,-1.216179e+00,-9.049469e-01,-5.815264e-01,5.103274e-01,6.202572e-01,9.606576e-02,-2.970297e-01
3.542260e+00,-3.518633e+00,-2.131165e+00,-1.949160e+00,-1.228468e+00,-9.101511e-01,-5.687526e-01,6.042736e-01,7.359627e-01,1.698229e-01,-1.936341e-01
3.371818e+00,-3.699686e+00,-2.181310e+00,-1.878013e+00,-1.119962e+00,-8.337349e-01,-5.060608e-01,5.397002e-01,6.092407e-01,8.545876e-02,-2.091629e-01
3.362621e+00,-3.743356e+00,-2.224935e+00,-1.976566e+00,-1.184925e+00,-8.864057e-01,-5.782775e-01,4.607095e-01,6.625879e-01,8.652836e-02,-2.032628e-01
3.511839e+00,-3.628935e+00,-2.185606e+00,-1.963779e+00,-1.272703e+00,-9.385815e-01,-5.518727e-01,5.230745e-01,7.346608e-01,1.749918e-01,-2.044162e-01
3.182306e+00,-3.825666e+00,-2.318737e+00,-1.931767e+00,-1.199102e+00,-8.270097e-01,-5.196773e-01,5.203507e-01,5.923376e-01,-2.314052e-03,-3.416548e-01
3.667817e+00,-3.559808e+00,-2.148405e+00,-1.833940e+00,-1.175705e+00,-7.909466e-01,-4.692193e-01,6.079262e-01,7.008951e-01,2.249818e-01,-2.845011e-01
3.620930e+00,-3.686341e+00,-2.202760e+00,-2.034095e+00,-1.236510e+00,-9.319172e-01,-4.783651e-01,5.059827e-01,8.035950e-01,1.527970e-01,-2.867459e-01
3.067823e+00,-3.940823e+00,-2.435915e+00,-1.959608e+00,-1.256220e+00,-8.139679e-01,-4.421379e-01,4.678157e-01,6.130745e-01,-5.560661e-02,-4.542069e-01
3.680411e+00,-3.470911e+00,-2.228954e+00,-1.872016e+00,-1.265155e+00,-8.119104e-01,-4.271671e-01,5.575607e-01,7.940755e-01,1.211527e-01,-3.058075e-01
3.695034e+00,-3.560593e+00,-2.220776e+00,-1.898759e+00,-1.242958e+00,-7.999250e-01,-3.688366e-01,5.275082e-01,8.297948e-01,1.900727e-01,-2.850879e-01
3.038236e+00,-4.074349e+00,-2.534292e+00,-2.150658e+00,-1.370587e+00,-8.884372e-01,-4.938202e-01,3.894386e-01,6.227142e-01,-3.471387e-02,-4.828663e-01
3.876436e+00,-3.406769e+00,-2.092464e+00,-1.875400e+00,-1.246789e+00,-7.777547e-01,-3.460641e-01,5.755755e-01,8.170292e-01,1.789374e-01,-3.345493e-01
3.574585e+00,-3.603324e+00,-2.291908e+00,-1.955522e+00,-1.276840e+00,-7.821785e-01,-4.314633e-01,5.248103e-01,7.540148e-01,1.702072e-01,-3.299186e-01
3.136550e+00,-3.958887e+00,-2.522332e+00,-2.134498e+00,-1.372251e+00,-8.860047e-01,-4.900871e-01,4.108498e-01,6.762330e-01,9.455408e-02,-4.138513e-01
3.729559e+00,-3.499228e+00,-2.114544e+00,-2.012436e+00,-1.268256e+00,-8.732775e-01,-4.094222e-01,5.174976e-01,8.180477e-01,1.347380e-01,-3.180757e-01
3.507000e+00,-3.536717e+00,-2.211478e+00,-1.895304e+00,-1.170390e+00,-7.222812e-01,-3.926960e-01,5.342049e-01,7.570239e-01,1.675305e-01,-3.130816e-01
3.165857e+00,-3.869508e+00,-2.478763e+00,-2.170020e+00,-1.375640e+00,-9.081241e-01,-5.792032e-01,3.740098e-01,6.589178e-01,7.687134e-02,-3.089049e-01
3.669025e+00,-3.428337e+00,-2.103206e+00,-1.951899e+00,-1.244291e+00,-7.741287e-01,-4.925737e-01,5.561541e-01,7.821673e-01,2.438843e-01,-2.557903e-01
3.353951e+00,-3.790031e+00,-2.161411e+00,-2.071241e+00,-1.199620e+00,-7.487625e-01,-5.528871e-01,4.677294e-01,5.749079e-01,1.246267e-01,-3.194846e-01
3.373723e+00,-3.713592e+00,-2.275991e+00,-2.124146e+00,-1.257379e+00,-8.275512e-01,-5.886930e-01,4.190766e-01,6.567695e-01,2.260044e-01,-1.901718e-01
3.449830e+00,-3.473018e+00,-2.165136e+00,-2.029624e+00,-1.262782e+00,-7.948749e-01,-6.012001e-01,4.661946e-01,6.909001e-01,2.497923e-01,-1.469147e-01
3.222360e+00,-3.636180e+00,-2.124285e+00,-1.970087e+00,-1.061223e+00,-6.555102e-01,-5.038097e-01,4.244401e-01,5.691886e-01,5.360508e-02,-3.305362e-01
3.527046e+00,-3.497908e+00,-2.086598e+00,-2.088274e+00,-1.157681e+00,-7.485645e-01,-5.466786e-01,4.894256e-01,6.969468e-01,2.567714e-01,-1.677010e-01
3.428639e+00,-3.555183e+00,-2.269054e+00,-2.180764e+00,-1.252345e+00,-8.164897e-01,-5.995775e-01,4.504895e-01,6.838295e-01,2.652915e-01,-2.313737e-01
3.168953e+00,-3.741345e+00,-2.190144e+00,-2.099859e+00,-1.097319e+00,-6.238954e-01,-5.296828e-01,4.775894e-01,5.472453e-01,4.887721e-02,-3.578618e-01
3.656579e+00,-3.370646e+00,-2.088011e+00,-2.120414e+00,-1.202164e+00,-6.862028e-01,-5.301860e-01,5.539833e-01,7.253208e-01,2.590408e-01,-2.402564e-01
3.522799e+00,-3.560745e+00,-2.168660e+00,-2.237294e+00,-1.193462e+00,-7.117553e-01,-5.252671e-01,5.036225e-01,7.063650e-01,2.400651e-01,-1.887798e-01
3.221983e+00,-3.651956e+00,-2.312458e+00,-2.206991e+00,-1.176929e+00,-6.683334e-01,-5.187528e-01,4.567262e-01,6.090599e-01,1.290500e-01,-2.976801e-01
3.651194e+00,-3.183800e+00,-2.071859e+00,-2.111021e+00,-1.232994e+00,-6.236657e-01,-4.740965e-01,5.824805e-01,7.317478e-01,2.582972e-01,-2.038928e-01
3.414643e+00,-3.474122e+00,-2.258113e+00,-2.238535e+00,-1.212399e+00,-6.642009e-01,-4.676672e-01,4.421169e-01,6.771447e-01,2.095313e-01,-2.441402e-01
3.353381e+00,-3.587885e+00,-2.262714e+00,-2.279366e+00,-1.178164e+00,-6.532556e-01,-4.781213e-01,4.853007e-01,6.308819e-01,2.625372e-01,-2.424457e-01
3.804382e+00,-3.228432e+00,-2.017734e+00,-2.172694e+00,-1.171239e+00,-6.688093e-01,-4.176507e-01,5.184661e-01,7.298104e-01,3.307260e-01,-2.590824e-01
3.389430e+00,-3.495274e+00,-2.221791e+00,-2.211663e+00,-1.233000e+00,-5.651889e-01,-5.197297e-01,4.430947e-01,6.254591e-01,1.761528e-01,-2.792205e-01
3.386597e+00,-3.510182e+00,-2.338156e+00,-2.249643e+00,-1.277210e+00,-6.176719e-01,-5.234623e-01,4.330616e-01,6.603237e-01,3.188228e-01,-2.550819e-01
3.725634e+00,-3.267081e+00,-2.077274e+00,-2.199385e+00,-1.192962e+00,-6.617296e-01,-4.758208e-01,4.249787e-01,7.470754e-01,3.252747e-01,-2.121833e-01
3.278058e+00,-3.505868e+00,-2.227463e+00,-2.159104e+00,-1.178331e+00,-5.341725e-01,-4.476264e-01,3.739434e-01,5.982650e-01,2.169659e-01,-3.396615e-01
3.363997e+00,-3.488283e+00,-2.320204e+00,-2.315349e+00,-1.320417e+00,-6.668329e-01,-5.614701e-01,2.939964e-01,6.762982e-01,3.116427e-01,-2.167277e-01
3.636484e+00,-3.293401e+00,-2.125372e+00,-2.161139e+00,-1.206839e+00,-6.253072e-01,-4.580827e-01,2.985375e-01,7.254630e-01,4.024260e-01,-1.927851e-01
3.242199e+00,-3.496493e+00,-2.141253e+00,-2.077696e+00,-1.066431e+00,-4.605202e-01,-4.047663e-01,2.625466e-01,5.772546e-01,2.128563e-01,-3.296299e-01
3.504994e+00,-3.347216e+00,-2.183755e+00,-2.222684e+00,-1.277087e+00,-6.590966e-01,-4.792734e-01,1.879844e-01,7.032738e-01,3.522062e-01,-2.109646e-01
3.406109e+00,-3.396233e+00,-2.311731e+00,-2.231483e+00,-1.337482e+00,-6.081002e-01,-5.629437e-01,2.036849e-01,7.019758e-01,3.688057e-01,-2.022862e-01
3.203776e+00,-3.477111e+00,-2.311615e+00,-2.091870e+00,-1.215246e+00,-5.254293e-01,-4.422869e-01,1.536200e-01,5.963850e-01,2.090465e-01,-3.805909e-01
3.705390e+00,-3.239734e+00,-2.122510e+00,-2.188074e+00,-1.263928e+00,-5.821739e-01,-4.356072e-01,2.969044e-01,8.020252e-01,3.670383e-01,-2.509960e-01
3.398033e+00,-3.600614e+00,-2.386268e+00,-2.370590e+00,-1.378945e+00,-6.781026e-01,-5.198529e-01,1.888427e-01,6.945010e-01,3.751857e-01,-3.245651e-01
3.431649e+00,-3.443189e+00,-2.225037e+00,-2.185760e+00,-1.146013e+00,-5.077306e-01,-3.831298e-01,2.778356e-01,7.694121e-01,3.214544e-01,-3.216783e-01
3.705074e+00,-3.170754e+00,-2.172884e+00,-2.151733e+00,-1.312310e+00,-6.027132e-01,-4.043761e-01,3.530714e-01,7.810299e-01,3.715841e-01,-3.214699e-01
3.339200e+00,-3.559273e+00,-2.366341e+00,-2.324915e+00,-1.317109e+00,-5.973130e-01,-4.554399e-01,3.158586e-01,7.321962e-01,3.024754e-01,-2.931422e-01
3.473404e+00,-3.493244e+00,-2.256837e+00,-2.270843e+00,-1.228014e+00,-6.189875e-01,-3.834162e-01,2.606985e-01,7.666725e-01,2.426306e-01,-2.636390e-01
3.783752e+00,-3.120823e+00,-2.066339e+00,-2.105109e+00,-1.244929e+00,-5.384354e-01,-4.073521e-01,4.579055e-01,7.802535e-01,3.615840e-01,-2.624247e-01
3.157578e+00,-3.685126e+00,-2.446426e+00,-2.350774e+00,-1.373832e+00,-6.718422e-01,-4.889529e-01,3.256556e-01,5.772645e-01,1.950936e-01,-3.725693e-01
3.532617e+00,-3.461741e+00,-2.190470e+00,-2.270328e+00,-1.199614e+00,-6.293317e-01,-4.171789e-01,4.098487e-01,7.396247e-01,3.328035e-01,-2.522084e-01
3.728118e+00,-3.322913e+00,-2.089918e+00,-2.172744e+00,-1.243771e+00,-6.434814e-01,-4.667640e-01,4.351762e-01,7.348342e-01,3.229403e-01,-2.716882e-01
3.217709e+00,-3.640296e+00,-2.221871e+00,-2.182122e+00,-1.126365e+00,-6.042573e-01,-3.928993e-01,4.112300e-01,6.392618e-01,1.169344e-01,-3.079232e-01
3.429980e+00,-3.447419e+00,-2.301141e+00,-2.210448e+00,-1.299015e+00,-7.133469e-01,-5.574442e-01,4.470001e-01,6.679246e-01,2.833065e-01,-2.527978e-01
3.628216e+00,-3.337136e+00,-2.081516e+00,-2.102235e+00,-1.158050e+00,-6.619882e-01,-5.071966e-01,4.398374e-01,7.310129e-01,2.626588e-01,-2.105749e-01
3.139892e+00,-3.719820e+00,-2.212797e+00,-2.130181e+00,-1.086730e+00,-6.614524e-01,-4.923584e-01,3.604846e-01,5.486643e-01,7.777921e-02,-3.934612e-01
3.478477e+00,-3.416805e+00,-2.168516e+00,-2.121754e+00,-1.246642e+00,-7.414962e-01,-5.676290e-01,5.014248e-01,6.441180e-01,3.097618e-01,-1.814763e-01
3.402247e+00,-3.535663e+00,-2.213173e+00,-2.142739e+00,-1.212818e+00,-7.691953e-01,-6.205159e-01,3.746905e-01,6.202935e-01,2.092332e-01,-1.764883e-01
3.221181e+00,-3.601324e+00,-2.136927e+00,-2.024776e+00,-1.094166e+00,-6.503580e-01,-5.430209e-01,4.207169e-01,5.741468e-01,1.827544e-01,-2.248062e-01
3.553747e+00,-3.418696e+00,-2.101584e+00,-2.111828e+00,-1.214793e+00,-8.014885e-01,-5.444270e-01,5.048845e-01,6.763950e-01,2.691949e-01,-1.861144e-01
3.289872e+00,-3.628022e+00,-2.294298e+00,-2.146361e+00,-1.223001e+00,-8.027707e-01,-5.616330e-01,4.317821e-01,6.311944e-01,1.509754e-01,-1.762401e-01
3.429716e+00,-3.504325e+00,-2.173620e+00,-1.964244e+00,-1.125064e+00,-6.363420e-01,-5.153344e-01,5.184913e-01,6.778897e-01,1.878070e-01,-2.243870e-01
3.658842e+00,-3.486286e+00,-2.105949e+00,-2.106831e+00,-1.248947e+00,-8.069135e-01,-5.219989e-01,5.613708e-01,7.616267e-01,2.294799e-01,-2.086257e-01
3.137319e+00,-3.923231e+00,-2.488727e+00,-2.302534e+00,-1.351486e+00,-9.170983e-01,-6.103452e-01,4.369784e-01,5.641866e-01,1.008023e-01,-3.760154e-01
3.506838e+00,-3.546122e+00,-2.243377e+00,-2.032597e+00,-1.200188e+00,-7.539542e-01,-4.920736e-01,5.255269e-01,6.923297e-01,1.913031e-01,-2.945796e-01
3.736395e+00,-3.341713e+00,-2.094992e+00,-1.967497e+00,-1.193260e+00,-7.552307e-01,-4.291162e-01,5.664709e-01,8.390701e-01,2.077687e-01,-2.477651e-01
2.927572e+00,-3.975390e+00,-2.590831e+00,-2.245373e+00,-1.419973e+00,-8.918507e-01,-5.446888e-01,4.176067e-01,5.779150e-01,-1.873747e-03,-4.128811e-01
3.718463e+00,-3.512594e+00,-2.164047e+00,-1.979957e+00,-1.205895e+00,-7.352283e-01,-4.220245e-01,5.764221e-01,7.579053e-01,1.951771e-01,-2.624558e-01
3.761406e+00,-3.429398e+00,-2.140537e+00,-1.914610e+00,-1.251773e+00,-7.261942e-01,-4.350607e-01,5.637487e-01,7.856676e-01,1.863351e-01,-2.682014e-01
2.897172e+00,-4.083850e+00,-2.585121e+00,-2.159151e+00,-1.420693e+00,-8.356799e-01,-5.571588e-01,3.980747e-01,5.260067e-01,-8.339825e-02,-5.342808e-01
3.704037e+00,-3.608229e+00,-2.197293e+00,-2.010341e+00,-1.275976e+00,-8.531112e-01,-4.317705e-01,5.228166e-01,7.813587e-01,1.430812e-01,-2.925185e-01
3.716870e+00,-3.497753e+00,-2.165366e+00,-1.855742e+00,-1.200444e+00,-7.715114e-01,-3.985680e-01,5.258263e-01,8.034013e-01,1.948133e-01,-2.895341e-01
3.033359e+00,-4.016532e+00,-2.495743e+00,-2.071969e+00,-1.330578e+00,-8.863458e-01,-5.168115e-01,3.654473e-01,6.425935e-01,-3.517795e-02,-4.320116e-01
3.556580e+00,-3.560420e+00,-2.242687e+00,-1.943936e+00,-1.343799e+00,-8.946883e-01,-4.672961e-01,4.885573e-01,7.891805e-01,1.449908e-01,-3.034084e-01
3.549662e+00,-3.603755e+00,-2.213061e+00,-1.855150e+00,-1.194653e+00,-8.066819e-01,-4.625446e-01,4.855839e-01,7.483163e-01,1.692972e-01,-2.593918e-01
3.361016e+00,-3.885961e+00,-2.231950e+00,-1.953695e+00,-1.178645e+00,-8.706747e-01,-4.802051e-01,3.765277e-01,6.813582e-01,6.332125e-02,-2.981172e-01
3.521145e+00,-3.594601e+00,-2.191376e+00,-1.928659e+00,-1.331000e+00,-8.810461e-01,-5.429636e-01,5.171029e-01,7.524127e-01,2.035098e-01,-2.100933e-01
3.355407e+00,-3.693770e+00,-2.236630e+00,-1.854433e+00,-1.237533e+00,-7.651967e-01,-5.340068e-01,5.001147e-01,6.659627e-01,1.214849e-01,-2.287506e-01
3.417046e+00,-3.680229e+00,-2.217380e+00,-1.889699e+00,-1.168691e+00,-8.376523e-01,-4.996612e-01,4.608480e-01,7.064410e-01,8.583073e-02,-2.093972e-01
3.560116e+00,-3.663132e+00,-2.173512e+00,-2.019247e+00,-1.307770e+00,-9.386997e-01,-5.732762e-01,5.534648e-01,7.293984e-01,1.600561e-01,-2.361790e-01
3.079286e+00,-3.956069e+00,-2.385079e+00,-2.115166e+00,-1.270645e+00,-9.360878e-01,-5.154921e-01,4.604344e-01,6.638922e-01,-4.013072e-02,-3.217744e-01
3.587382e+00,-3.577983e+00,-2.140842e+00,-1.893396e+00,-1.166978e+00,-7.596947e-01,-5.250426e-01,6.671334e-01,6.885007e-01,1.708853e-01,-2.732878e-01
3.643141e+00,-3.579280e+00,-2.154200e+00,-1.974979e+00,-1.222751e+00,-8.703008e-01,-5.185547e-01,6.638912e-01,7.336509e-01,1.802100e-01,-2.652927e-01
2.904509e+00,-4.191648e+00,-2.466655e+00,-2.282716e+00,-1.287143e+00,-9.771426e-01,-5.378697e-01,4.969647e-01,5.829654e-01,-7.445242e-02,-3.828216e-01
3.598076e+00,-3.527869e+00,-2.146292e+00,-1.962234e+00,-1.209532e+00,-8.021200e-01,-5.031634e-01,6.717299e-01,7.201765e-01,1.135878e-01,-2.539723e-01
3.677465e+00,-3.514622e+00,-2.109143e+00,-1.976555e+00,-1.140874e+00,-8.340984e-01,-4.581659e-01,6.480178e-01,7.722701e-01,1.002553e-01,-1.868631e-01
2.865700e+00,-4.122985e+00,-2.520744e+00,-2.215592e+00,-1.287321e+00,-9.295695e-01,-5.466506e-01,5.523737e-01,5.352675e-01,-5.425748e-02,-3.422863e-01
3.719233e+00,-3.451138e+00,-2.009315e+00,-1.966912e+00,-1.117181e+00,-7.962133e-01,-4.211049e-01,7.438120e-01,7.789928e-01,1.880656e-01,-2.545139e-01
3.622410e+00,-3.648222e+00,-2.116594e+00,-2.035705e+00,-1.127428e+00,-8.608336e-01,-5.030375e-01,6.648474e-01,6.756958e-01,1.587193e-01,-2.757234e-01
2.910906e+00,-4.043963e+00,-2.562827e+00,-2.228482e+00,-1.323024e+00,-1.006234e+00,-6.402856e-01,5.095699e-01,5.636945e-01,-3.753058e-02,-3.359172e-01
3.587940e+00,-3.551753e+00,-2.144449e+00,-2.022812e+00,-1.264073e+00,-9.256252e-01,-5.377485e-01,6.489342e-01,7.050159e-01,9.579836e-02,-2.536059e-01
3.506124e+00,-3.608469e+00,-2.106763e+00,-1.955538e+00,-1.080707e+00,-8.079626e-01,-4.952087e-01,6.090722e-01,7.285074e-01,7.507053e-02,-2.172981e-01
3.142831e+00,-3.861651e+00,-2.409724e+00,-2.078952e+00,-1.264894e+00,-9.558849e-01,-6.227920e-01,4.893662e-01,5.807134e-01,3.842946e-02,-2.821303e-01
3.604360e+00,-3.535266e+00,-2.066296e+00,-1.978168e+00,-1.166394e+00,-9.126080e-01,-5.298478e-01,6.163599e-01,7.635836e-01,1.452290e-01,-1.420901e-01
3.278051e+00,-3.727557e+00,-2.193402e+00,-1.933928e+00,-1.179861e+00,-8.335094e-01,-5.676146e-01,5.095318e-01,5.694359e-01,7.212390e-02,-2.815415e-01
3.387576e+00,-3.767974e+00,-2.187844e+00,-2.026108e+00,-1.181264e+00,-8.856048e-01,-6.151547e-01,4.732008e-01,6.301001e-01,1.127112e-01,-2.150664e-01
3.514822e+00,-3.614631e+00,-2.179691e+00,-1.960652e+00,-1.263027e+00,-9.179687e-01,-5.848285e-01,5.607032e-01,6.983418e-01,2.193779e-01,-1.789143e-01
3.198911e+00,-3.752187e+00,-2.229395e+00,-1.886697e+00,-1.153125e+00,-7.458729e-01,-4.956299e-01,5.413277e-01,6.424577e-01,3.635730e-02,-2.745618e-01
3.571205e+00,-3.536289e+00,-2.165620e+00,-1.886887e+00,-1.179629e+00,-8.325061e-01,-4.490339e-01,4.966608e-01,7.858487e-01,1.388081e-01,-2.146041e-01
3.564960e+00,-3.658500e+00,-2.244312e+00,-2.026402e+00,-1.273225e+00,-9.069529e-01,-5.357588e-01,5.156151e-01,7.510086e-01,1.696728e-01,-2.956741e-01
3.211161e+00,-3.866003e+00,-2.302549e+00,-1.914021e+00,-1.129725e+00,-7.814587e-01,-3.525553e-01,4.629348e-01,6.395520e-01,4.463466e-04,-4.680905e-01
3.658885e+00,-3.555339e+00,-2.190755e+00,-1.963036e+00,-1.291452e+00,-8.260845e-01,-4.598607e-01,5.391704e-01,7.728025e-01,1.512235e-01,-3.100257e-01
3.638160e+00,-3.564744e+00,-2.240964e+00,-1.931641e+00,-1.261639e+00,-7.774787e-01,-4.207692e-01,5.430723e-01,7.797179e-01,2.309791e-01,-3.414240e-01
3.144101e+00,-4.055320e+00,-2.443868e+00,-2.160903e+00,-1.289379e+00,-8.764318e-01,-4.112138e-01,4.033620e-01,7.153803e-01,1.837156e-02,-3.507938e-01
3.820405e+00,-3.366351e+00,-2.125628e+00,-1.881463e+00,-1.263047e+00,-7.746920e-01,-3.347294e-01,5.595617e-01,8.320257e-01,1.834524e-01,-2.952325e-01
3.476755e+00,-3.543123e+00,-2.319713e+00,-1.953146e+00,-1.286785e+00,-7.799015e-01,-3.853345e-01,4.576152e-01,7.916376e-01,1.318581e-01,-3.066993e-01
3.236163e+00,-3.920080e+00,-2.460320e+00,-2.137129e+00,-1.321870e+00,-8.459492e-01,-4.302464e-01,4.190961e-01,7.640690e-01,1.382619e-01,-3.335246e-01
3.762551e+00,-3.442572e+00,-2.125982e+00,-1.971064e+00,-1.293200e+00,-8.010376e-01,-4.310735e-01,5.636448e-01,7.570209e-01,2.317080e-01,-3.832256e-01
3.560692e+00,-3.564819e+00,-2.206160e+00,-1.947180e+00,-1.164136e+00,-7.193581e-01,-3.959369e-01,4.885585e-01,7.308762e-01,1.545158e-01,-3.775079e-01
3.214757e+00,-3.789357e+00,-2.442757e+00,-2.157427e+00,-1.345605e+00,-8.624945e-01,-5.416107e-01,3.767243e-01,6.914376e-01,1.124677e-01,-3.293856e-01
3.677177e+00,-3.387402e+00,-2.136671e+00,-1.961706e+00,-1.250011e+00,-7.548329e-01,-4.796553e-01,5.156605e-01,8.067947e-01,2.440952e-01,-2.558456e-01
3.399149e+00,-3.651132e+00,-2.149320e+00,-2.003364e+00,-1.127546e+00,-7.265149e-01,-4.364295e-01,4.112014e-01,6.503008e-01,5.481773e-02,-2.798542e-01
3.411944e+00,-3.573382e+00,-2.277489e+00,-2.046172e+00,-1.249229e+00,-7.315681e-01,-5.630571e-01,4.518941e-01,6.600716e-01,2.365218e-01,-2.397278e-01
3.557911e+00,-3.524400e+00,-2.098771e+00,-2.084583e+00,-1.238469e+00,-7.569172e-01,-5.861970e-01,4.553160e-01,6.896114e-01,2.819089e-01,-1.706885e-01
3.207077e+00,-3.597483e+00,-2.149704e+00,-1.955127e+00,-1.060201e+00,-6.181620e-01,-4.716114e-01,4.103051e-01,5.631739e-01,9.001397e-02,-3.284268e-01
3.613548e+00,-3.515571e+00,-2.068966e+00,-2.108374e+00,-1.157189e+00,-7.319043e-01,-5.580217e-01,4.921989e-01,6.275568e-01,2.961855e-01,-1.962858e-01
3.439841e+00,-3.620428e+00,-2.251426e+00,-2.258480e+00,-1.238842e+00,-8.438631e-01,-5.687884e-01,3.792285e-01,7.014586e-01,2.457131e-01,-1.934312e-01
3.055792e+00,-3.628410e+00,-2.271954e+00,-2.078435e+00,-1.133036e+00,-6.172733e-01,-5.061819e-01,4.097908e-01,5.715882e-01,6.293153e-02,-3.535643e-01
3.639721e+00,-3.320035e+00,-2.116419e+00,-2.130633e+00,-1.192548e+00,-7.165435e-01,-4.921143e-01,5.046260e-01,7.093557e-01,2.580876e-01,-2.223715e-01
3.514534e+00,-3.562754e+00,-2.215383e+00,-2.243124e+00,-1.223588e+00,-6.929625e-01,-5.362723e-01,4.987960e-01,6.890307e-01,2.673233e-01,-1.635967e-01
3.348285e+00,-3.630696e+00,-2.203267e+00,-2.202800e+00,-1.145324e+00,-6.054113e-01,-4.867678e-01,4.556016e-01,6.087173e-01,2.125575e-01,-3.434862e-01
3.724404e+00,-3.237855e+00,-2.048190e+00,-2.178505e+00,-1.228550e+00,-6.306201e-01,-4.655046e-01,5.301975e-01,7.426392e-01,2.628218e-01,-1.892736e-01
3.322993e+00,-3.509522e+00,-2.374108e+00,-2.298751e+00,-1.304896e+00,-6.886553e-01,-5.136832e-01,4.191290e-01,6.238708e-01,2.710400e-01,-2.173001e-01
3.255344e+00,-3.606673e+00,-2.342852e+00,-2.382852e+00,-1.252282e+00,-6.937731e-01,-5.054695e-01,3.625855e-01,6.293326e-01,2.429114e-01,-2.923734e-01
3.762642e+00,-3.153372e+00,-2.031915e+00,-2.170519e+00,-1.191003e+00,-6.237214e-01,-3.929889e-01,4.557878e-01,7.676241e-01,3.314983e-01,-2.456377e-01
3.302187e+00,-3.493801e+00,-2.296681e+00,-2.275361e+00,-1.248750e+00,-5.820373e-01,-4.966082e-01,4.044855e-01,6.146343e-01,2.200668e-01,-3.017026e-01
3.370771e+00,-3.529166e+00,-2.342575e+00,-2.343213e+00,-1.283372e+00,-6.952102e-01,-4.632290e-01,3.142132e-01,7.201444e-01,3.098794e-01,-2.100727e-01
3.732278e+00,-3.236466e+00,-2.079087e+00,-2.209493e+00,-1.229943e+00,-5.807462e-01,-5.054648e-01,4.030841e-01,7.521108e-01,3.630034e-01,-2.753902e-01
3.278890e+00,-3.543993e+00,-2.235987e+00,-2.212457e+00,-1.213973e+00,-5.256865e-01,-4.623833e-01,3.051919e-01,5.990290e-01,1.968645e-01,-3.716765e-01
3.409547e+00,-3.498281e+00,-2.346041e+00,-2.352308e+00,-1.361352e+00,-6.669657e-01,-5.804162e-01,2.471694e-01,6.872964e-01,3.094621e-01,-2.214829e-01
3.582556e+00,-3.160794e+00,-2.169307e+00,-2.098572e+00,-1.224698e+00,-5.668660e-01,-4.436582e-01,2.810988e-01,7.585604e-01,4.119392e-01,-2.069892e-01
3.246516e+00,-3.530938e+00,-2.134243e+00,-2.154811e+00,-1.050003e+00,-4.906342e-01,-3.951201e-01,1.772885e-01,6.153724e-01,1.870455e-01,-3.682339e-01
3.519238e+00,-3.315153e+00,-2.182562e+00,-2.222230e+00,-1.264697e+00,-6.542449e-01,-4.479409e-01,1.725032e-01,7.340043e-01,4.011911e-01,-2.257898e-01
3.405580e+00,-3.410866e+00,-2.326025e+00,-2.251564e+00,-1.350120e+00,-6.684172e-01,-5.998168e-01,1.157911e-01,6.285929e-01,3.249922e-01,-3.018534e-01
3.268250e+00,-3.484822e+00,-2.248604e+00,-2.082882e+00,-1.202052e+00,-4.844312e-01,-4.628889e-01,1.930635e-01,6.184971e-01,2.444013e-01,-3.300668e-01
3.636776e+00,-3.228764e+00,-2.143657e+00,-2.151111e+00,-1.306677e+00,-5.711163e-01,-4.586030e-01,3.083640e-01,7.931151e-01,3.508881e-01,-2.283912e-01
3.426227e+00,-3.576591e+00,-2.340294e+00,-2.295530e+00,-1.353193e+00,-6.614419e-01,-5.272585e-01,2.218219e-01,6.565053e-01,2.950518e-01,-3.275122e-01
3.459831e+00,-3.385465e+00,-2.194682e+00,-2.107314e+00,-1.125896e+00,-5.291814e-01,-3.913080e-01,3.161329e-01,7.121646e-01,2.798932e-01,-3.262058e-01
3.647438e+00,-3.207997e+00,-2.189473e+00,-2.135832e+00,-1.325884e+00,-6.215934e-01,-4.380845e-01,3.884701e-01,7.829798e-01,3.278605e-01,-2.791256e-01
3.321721e+00,-3.717943e+00,-2.333663e+00,-2.377535e+00,-1.304922e+00,-6.693348e-01,-4.525394e-01,3.489787e-01,7.147027e-01,3.078931e-01,-2.737016e-01
3.435784e+00,-3.516604e+00,-2.314552e+00,-2.254581e+00,-1.259037e+00,-6.754403e-01,-4.633617e-01,3.267379e-01,6.494594e-01,2.733176e-01,-3.600178e-01
3.824427e+00,-3.179747e+00,-2.030749e+00,-2.099761e+00,-1.186545e+00,-5.903277e-01,-3.954184e-01,5.131471e-01,7.699658e-01,3.562895e-01,-2.372377e-01
3.048521e+00,-3.668099e+00,-2.489704e+00,-2.311969e+00,-1.364299e+00,-6.924448e-01,-4.811893e-01,3.409039e-01,6.214248e-01,1.198466e-01,-3.391766e-01
3.496926e+00,-3.378358e+00,-2.196830e+00,-2.185551e+00,-1.201567e+00,-6.392088e-01,-4.139031e-01,4.355271e-01,7.373054e-01,2.699984e-01,-2.283280e-01
3.733112e+00,-3.356781e+00,-2.086087e+00,-2.193294e+00,-1.153964e+00,-7.323077e-01,-4.229816e-01,4.581139e-01,7.501988e-01,2.729189e-01,-2.182452e-01
3.121361e+00,-3.715612e+00,-2.282036e+00,-2.187160e+00,-1.148052e+00,-6.144721e-01,-4.286629e-01,5.021713e-01,5.984671e-01,1.453320e-01,-3.248369e-01
3.473392e+00,-3.525461e+00,-2.239037e+00,-2.242363e+00,-1.283171e+00,-7.379884e-01,-5.823206e-01,4.874167e-01,6.527686e-01,2.433435e-01,-2.792724e-01
3.628263e+00,-3.338488e+00,-2.051661e+00,-2.087338e+00,-1.074765e+00,-7.087652e-01,-4.511377e-01,4.977212e-01,7.473647e-01,2.577585e-01,-1.802262e-01
3.060149e+00,-3.722677e+00,-2.310999e+00,-2.119203e+00,-1.119009e+00,-6.967452e-01,-5.463794e-01,4.498866e-01,5.100554e-01,6.031640e-02,-3.649885e-01
3.454948e+00,-3.477092e+00,-2.131634e+00,-2.178736e+00,-1.209425e+00,-8.145687e-01,-5.393933e-01,4.726002e-01,6.940773e-01,2.137986e-01,-1.802663e-01
3.356047e+00,-3.500779e+00,-2.182597e+00,-2.099559e+00,-1.164031e+00,-7.597061e-01,-5.764799e-01,4.267629e-01,6.583041e-01,2.124234e-01,-1.734586e-01
3.233484e+00,-3.668287e+00,-2.145752e+00,-2.077698e+00,-1.059604e+00,-7.630517e-01,-5.699145e-01,4.107791e-01,5.343090e-01,1.350847e-01,-2.646412e-01
3.531677e+00,-3.444091e+00,-2.082460e+00,-2.104682e+00,-1.196841e+00,-8.259504e-01,-5.475096e-01,5.171648e-01,6.831100e-01,2.475519e-01,-1.780629e-01
3.313811e+00,-3.659705e+00,-2.221593e+00,-2.115538e+00,-1.204232e+00,-7.584196e-01,-5.786675e-01,4.879679e-01,6.296811e-01,2.000345e-01,-2.131026e-01
3.406702e+00,-3.549571e+00,-2.160296e+00,-2.000270e+00,-1.116902e+00,-7.228455e-01,-5.272394e-01,4.768215e-01,6.767045e-01,1.145429e-01,-2.032469e-01
3.583304e+00,-3.443139e+00,-2.138322e+00,-2.057406e+00,-1.240197e+00,-8.346968e-01,-5.252700e-01,5.752326e-01,7.156122e-01,2.209357e-01,-2.651050e-01
3.088510e+00,-3.860819e+00,-2.432677e+00,-2.228456e+00,-1.317413e+00,-8.865054e-01,-5.645672e-01,4.277485e-01,6.258032e-01,4.365450e-02,-3.545471e-01
3.577314e+00,-3.607905e+00,-2.156654e+00,-2.047141e+00,-1.173116e+00,-7.609523e-01,-5.051482e-01,5.340598e-01,7.228088e-01,1.224479e-01,-2.473116e-01
3.666465e+00,-3.396326e+00,-2.157435e+00,-1.964629e+00,-1.246839e+00,-7.742876e-01,-5.005145e-01,6.157197e-01,7.695976e-01,2.283307e-01,-2.796972e-01
3.002160e+00,-4.041694e+00,-2.496046e+00,-2.259450e+00,-1.333662e+00,-9.196394e-01,-5.036910e-01,4.339838e-01,5.856185e-01,-1.942451e-02,-4.326922e-01
3.666925e+00,-3.549315e+00,-2.145150e+00,-2.004492e+00,-1.219764e+00,-7.787481e-01,-4.302510e-01,5.505044e-01,7.511024e-01,1.709034e-01,-3.121368e-01
3.745145e+00,-3.448836e+00,-2.149683e+00,-1.905497e+00,-1.246355e+00,-7.554757e-01,-4.135032e-01,5.513823e-01,8.229495e-01,1.691378e-01,-2.459450e-01
2.900903e+00,-4.095191e+00,-2.598000e+00,-2.144978e+00,-1.401904e+00,-8.704059e-01,-5.308933e-01,3.868751e-01,5.516696e-01,-1.087938e-01,-4.615039e-01
3.696016e+00,-3.515833e+00,-2.223050e+00,-1.914119e+00,-1.304386e+00,-8.166962e-01,-4.270148e-01,5.345233e-01,7.915981e-01,1.502237e-01,-3.290732e-01
3.757770e+00,-3.558424e+00,-2.128747e+00,-1.888779e+00,-1.176181e+00,-8.034898e-01,-3.773698e-01,5.025070e-01,8.387048e-01,1.743342e-01,-2.994117e-01
3.154508e+00,-4.016122e+00,-2.444952e+00,-2.025092e+00,-1.306172e+00,-8.569484e-01,-4.858891e-01,4.354502e-01,6.772803e-01,6.037217e-02,-4.145501e-01
3.566317e+00,-3.564754e+00,-2.305378e+00,-1.902315e+00,-1.413854e+00,-8.855128e-01,-5.214163e-01,5.211162e-01,7.331978e-01,1.588142e-01,-3.482832e-01
3.581706e+00,-3.589852e+00,-2.187061e+00,-1.828266e+00,-1.150116e+00,-8.435130e-01,-3.675906e-01,4.330847e-01,8.273905e-01,1.161417e-01,-2.396904e-01
3.262677e+00,-3.809381e+00,-2.336255e+00,-1.896428e+00,-1.242291e+00,-8.564884e-01,-4.878092e-01,3.917529e-01,7.107681e-01,7.766442e-02,-3.117584e-01
3.547554e+00,-3.533611e+00,-2.225071e+00,-1.854064e+00,-1.339074e+00,-9.155559e-01,-5.194828e-01,4.644863e-01,7.376989e-01,1.342617e-01,-2.691457e-01
3.385344e+00,-3.787677e+00,-2.260848e+00,-1.887151e+00,-1.249096e+00,-8.430737e-01,-5.380459e-01,4.521946e-01,6.245584e-01,8.809705e-02,-2.658905e-01
3.389138e+00,-3.720927e+00,-2.279080e+00,-1.869199e+00,-1.272743e+00,-8.357769e-01,-5.889888e-01,4.586506e-01,6.152526e-01,8.708054e-02,-2.961027e-01
3.642079e+00,-3.663986e+00,-2.111386e+00,-1.976415e+00,-1.247267e+00,-9.295990e-01,-5.125474e-01,5.354540e-01,7.853603e-01,1.329171e-01,-2.070101e-01
3.126504e+00,-3.892201e+00,-2.399030e+00,-1.982449e+00,-1.290464e+00,-8.664914e-01,-5.283967e-01,5.416495e-01,6.025339e-01,3.343222e-02,-3.289779e-01
3.595476e+00,-3.512026e+00,-2.165068e+00,-1.851650e+00,-1.125281e+00,-8.100499e-01,-4.506111e-01,6.189511e-01,7.560592e-01,1.376586e-01,-2.189474e-01
3.559064e+00,-3.606408e+00,-2.220344e+00,-1.984900e+00,-1.265658e+00,-9.098327e-01,-5.126714e-01,5.869098e-01,7.851242e-01,1.054969e-01,-2.039317e-01
2.842399e+00,-4.187301e+00,-2.565022e+00,-2.261429e+00,-1.339009e+00,-1.004017e+00,-6.051941e-01,4.500488e-01,4.903364e-01,-1.516737e-01,-4.848089e-01
3.648144e+00,-3.545634e+00,-2.161139e+00,-1.968343e+00,-1.184366e+00,-8.694910e-01,-4.646503e-01,6.545402e-01,7.060005e-01,1.209311e-01,-2.606673e-01
3.656675e+00,-3.524742e+00,-2.126086e+00,-1.962239e+00,-1.156481e+00,-7.864999e-01,-4.896123e-01,7.095010e-01,7.429567e-01,1.740575e-01,-2.308942e-01
2.852017e+00,-4.188693e+00,-2.557019e+00,-2.238834e+00,-1.369815e+00,-9.147092e-01,-6.050499e-01,5.403270e-01,5.099278e-01,-6.933590e-02,-3.864910e-01
3.699518e+00,-3.480159e+00,-2.063931e+00,-2.008401e+00,-1.129330e+00,-8.860031e-01,-3.788282e-01,6.509316e-01,8.392331e-01,6.468527e-02,-1.471000e-01
3.538143e+00,-3.612454e+00,-2.202939e+00,-1.992634e+00,-1.184294e+00,-8.565534e-01,-4.908684e-01,6.216584e-01,6.976715e-01,8.198289e-02,-2.327114e-01
2.880244e+00,-4.107613e+00,-2.567914e+00,-2.270344e+00,-1.384871e+00,-9.765215e-01,-6.683801e-01,5.117227e-01,5.771641e-01,-1.350986e-02,-3.436952e-01
3.589224e+00,-3.594758e+00,-2.131687e+00,-2.048199e+00,-1.274399e+00,-9.051889e-01,-5.258063e-01,6.760215e-01,7.292746e-01,1.578730e-01,-2.360141e-01
3.579597e+00,-3.639443e+00,-2.077839e+00,-1.947097e+00,-1.064837e+00,-7.731705e-01,-4.801003e-01,6.747007e-01,7.054986e-01,1.535916e-01,-2.308049e-01
3.231878e+00,-3.879121e+00,-2.347509e+00,-2.079083e+00,-1.246318e+00,-9.197070e-01,-5.719166e-01,5.034576e-01,6.438355e-01,9.108669e-02,-2.526287e-01
3.584762e+00,-3.486894e+00,-2.104198e+00,-1.913034e+00,-1.263821e+00,-8.053175e-01,-6.043087e-01,6.434815e-01,7.388513e-01,1.563002e-01,-1.960121e-01
3.226287e+00,-3.707491e+00,-2.234952e+00,-1.948042e+00,-1.178001e+00,-8.544457e-01,-5.342384e-01,4.635181e-01,5.907169e-01,2.343876e-02,-2.773616e-01
3.319646e+00,-3.755750e+00,-2.237021e+00,-2.060079e+00,-1.200234e+00,-9.436098e-01,-5.855602e-01,4.146364e-01,6.209004e-01,1.246235e-01,-2.442463e-01
3.529483e+00,-3.579733e+00,-2.142256e+00,-1.944213e+00,-1.242900e+00,-8.748759e-01,-5.628999e-01,5.435644e-01,7.216494e-01,2.483194e-01,-1.935825e-01
3.214999e+00,-3.737408e+00,-2.200420e+00,-1.887284e+00,-1.154436e+00,-7.445632e-01,-5.275755e-01,4.776778e-01,5.773851e-01,-1.349393e-02,-3.725193e-01
3.567776e+00,-3.477892e+00,-2.153667e+00,-1.847032e+00,-1.188046e+00,-7.686070e-01,-4.679202e-01,5.434924e-01,7.377252e-01,2.166204e-01,-2.778282e-01
3.528242e+00,-3.689475e+00,-2.258151e+00,-2.049680e+00,-1.302736e+00,-9.097085e-01,-5.472692e-01,4.972271e-01,7.189047e-01,2.019141e-01,-2.941173e-01
3.140617e+00,-3.873051e+00,-2.377013e+00,-1.927340e+00,-1.216734e+00,-7.367439e-01,-4.501753e-01,4.630466e-01,6.154666e-01,-5.604007e-03,-4.484583e-01
3.598694e+00,-3.440429e+00,-2.232364e+00,-1.923948e+00,-1.324029e+00,-8.089389e-01,-4.789965e-01,5.024149e-01,7.447358e-01,1.347460e-01,-3.305896e-01
3.613024e+00,-3.553286e+00,-2.221203e+00,-1.998564e+00,-1.190684e+00,-8.283968e-01,-3.651633e-01,4.836555e-01,8.405903e-01,2.006095e-01,-2.715680e-01
3.180659e+00,-3.966911e+00,-2.441758e+00,-2.132688e+00,-1.352112e+00,-8.352945e-01,-5.482603e-01,3.989667e-01,5.562102e-01,-7.222718e-03,-4.973502e-01
3.835918e+00,-3.357672e+00,-2.093782e+00,-1.945441e+00,-1.233241e+00,-7.569272e-01,-3.759491e-01,5.698182e-01,7.952202e-01,2.252032e-01,-3.598786e-01
3.501226e+00,-3.564558e+00,-2.257468e+00,-2.032681e+00,-1.230529e+00,-7.929781e-01,-3.582510e-01,4.328358e-01,8.019705e-01,1.430921e-01,-2.882307e-01
3.296796e+00,-3.709505e+00,-2.428776e+00,-2.032570e+00,-1.295274e+00,-7.243578e-01,-4.587596e-01,4.976830e-01,7.361190e-01,1.706421e-01,-3.077501e-01
3.766197e+00,-3.352614e+00,-2.088604e+00,-2.003244e+00,-1.212783e+00,-7.940759e-01,-3.878922e-01,5.338989e-01,8.238486e-01,1.916875e-01,-2.888307e-01
3.475858e+00,-3.627443e+00,-2.218139e+00,-2.080448e+00,-1.180473e+00,-7.331252e-01,-4.453982e-01,4.669971e-01,7.359835e-01,1.271550e-01,-3.139854e-01
3.191324e+00,-3.792817e+00,-2.478741e+00,-2.204162e+00,-1.392547e+00,-8.159311e-01,-5.958164e-01,4.472710e-01,6.421465e-01,2.165911e-01,-3.089146e-01
3.667068e+00,-3.362610e+00,-2.150672e+00,-2.042225e+00,-1.182423e+00,-8.189106e-01,-4.483706e-01,5.001399e-01,7.621743e-01,2.822271e-01,-2.886563e-01
3.296934e+00,-3.655455e+00,-2.174397e+00,-2.082087e+00,-1.117945e+00,-6.963708e-01,-4.393073e-01,4.647508e-01,6.377086e-01,1.536778e-01,-2.911633e-01
3.356131e+00,-3.665220e+00,-2.281595e+00,-2.214838e+00,-1.273426e+00,-7.983995e-01,-5.575310e-01,4.011054e-01,7.048246e-01,2.579678e-01,-1.572065e-01
3.467221e+00,-3.388356e+00,-2.181932e+00,-2.057869e+00,-1.241692e+00,-7.405623e-01,-5.815074e-01,4.569942e-01,6.721780e-01,2.820148e-01,-1.296561e-01
3.163477e+00,-3.550837e+00,-2.168480e+00,-1.960051e+00,-1.059254e+00,-5.849131e-01,-4.875890e-01,4.204554e-01,5.126086e-01,8.674274e-02,-2.861112e-01
3.561655e+00,-3.544889e+00,-2.068463e+00,-2.195067e+00,-1.193194e+00,-7.287940e-01,-5.830422e-01,4.181163e-01,6.539523e-01,2.403633e-01,-1.410363e-01
3.480391e+00,-3.550406e+00,-2.184308e+00,-2.221572e+00,-1.221200e+00,-7.369858e-01,-5.879566e-01,4.358632e-01,6.407223e-01,3.335260e-01,-2.207202e-01
3.138965e+00,-3.621051e+00,-2.225005e+00,-2.122883e+00,-1.088481e+00,-5.960909e-01,-5.106133e-01,4.332796e-01,5.542709e-01,1.186168e-01,-2.881098e-01
3.631048e+00,-3.317819e+00,-2.067088e+00,-2.175291e+00,-1.175849e+00,-6.922828e-01,-4.490557e-01,4.769713e-01,7.481770e-01,2.892680e-01,-1.637058e-01
3.349571e+00,-3.507312e+00,-2.267766e+00,-2.296948e+00,-1.256529e+00,-6.599561e-01,-5.714959e-01,4.321468e-01,6.816356e-01,2.557115e-01,-2.226435e-01
3.316305e+00,-3.573334e+00,-2.207759e+00,-2.231483e+00,-1.135564e+00,-6.132231e-01,-4.484868e-01,3.932619e-01,6.444164e-01,1.973268e-01,-2.667772e-01
3.652365e+00,-3.173856e+00,-2.099841e+00,-2.196009e+00,-1.244064e+00,-5.797637e-01,-5.018144e-01,5.640430e-01,6.989588e-01,3.494927e-01,-2.238481e-01
3.387022e+00,-3.476204e+00,-2.261153e+00,-2.278801e+00,-1.282088e+00,-5.604513e-01,-5.005068e-01,4.199481e-01,6.417380e-01,2.586950e-01,-2.395852e-01
3.379397e+00,-3.511941e+00,-2.222983e+00,-2.342064e+00,-1.196782e+00,-5.583254e-01,-4.694542e-01,3.779285e-01,7.013453e-01,2.318395e-01,-2.312336e-01
3.803754e+00,-3.143392e+00,-2.015932e+00,-2.185190e+00,-1.207851e+00,-5.626016e-01,-4.178270e-01,4.826376e-01,7.200469e-01,4.048673e-01,-2.482024e-01
3.254551e+00,-3.530770e+00,-2.328923e+00,-2.355095e+00,-1.287908e+00,-5.664582e-01,-5.212156e-01,3.509010e-01,6.265080e-01,2.076515e-01,-2.867817e-01
3.359757e+00,-3.357140e+00,-2.325392e+00,-2.289710e+00,-1.278374e+00,-5.727640e-01,-4.795469e-01,3.170773e-01,7.353929e-01,3.279837e-01,-2.549970e-01
3.660505e+00,-3.158949e+00,-2.139955e+00,-2.197194e+00,-1.266781e+00,-5.388090e-01,-5.155931e-01,3.746131e-01,7.643072e-01,3.655151e-01,-2.719547e-01
3.314135e+00,-3.450921e+00,-2.204112e+00,-2.175553e+00,-1.140897e+00,-4.678239e-01,-3.895363e-01,3.075444e-01,6.508059e-01,2.340033e-01,-3.820830e-01
3.456306e+00,-3.350273e+00,-2.309945e+00,-2.253252e+00,-1.330658e+00,-5.735896e-01,-5.372504e-01,2.945007e-01,7.098163e-01,3.815289e-01,-2.750309e-01
3.615769e+00,-3.250700e+00,-2.155602e+00,-2.164849e+00,-1.232919e+00,-5.597779e-01,-4.627792e-01,2.780929e-01,7.907382e-01,4.276889e-01,-2.241634e-01
3.178167e+00,-3.534692e+00,-2.234332e+00,-2.134691e+00,-1.123611e+00,-5.107667e-01,-4.350545e-01,1.775757e-01,5.614722e-01,1.944008e-01,-4.314369e-01
3.547765e+00,-3.309565e+00,-2.205670e+00,-2.168717e+00,-1.284863e+00,-6.569530e-01,-4.510197e-01,2.178886e-01,7.093092e-01,4.040116e-01,-2.342483e-01
3.408630e+00,-3.367036e+00,-2.319938e+00,-2.149191e+00,-1.345799e+00,-6.372676e-01,-5.372047e-01,1.488590e-01,6.934012e-01,3.420889e-01,-1.942657e-01
3.315614e+00,-3.532393e+00,-2.231585e+00,-2.054680e+00,-1.226709e+00,-4.895153e-01,-5.013225e-01,2.482220e-01,5.609602e-01,3.160396e-01,-3.947621e-01
3.726461e+00,-3.316412e+00,-2.115913e+00,-2.118616e+00,-1.304417e+00,-6.319187e-01,-4.281434e-01,3.125397e-01,7.553792e-01,3.608489e-01,-2.349720e-01
3.384789e+00,-3.635240e+00,-2.400905e+00,-2.300198e+00,-1.358578e+00,-7.678970e-01,-5.222854e-01,1.859285e-01,6.434138e-01,2.419721e-01,-3.200338e-01
3.419465e+00,-3.392799e+00,-2.258385e+00,-2.036899e+00,-1.212964e+00,-5.679273e-01,-4.263746e-01,3.017728e-01,6.987634e-01,2.757979e-01,-3.445921e-01
3.714845e+00,-3.280661e+00,-2.152897e+00,-2.135928e+00,-1.274771e+00,-7.050838e-01,-3.824643e-01,3.379624e-01,8.514095e-01,2.601926e-01,-2.392502e-01
3.314987e+00,-3.641330e+00,-2.398759e+00,-2.244703e+00,-1.306896e+00,-6.988165e-01,-4.438612e-01,3.523373e-01,6.903022e-01,2.407386e-01,-3.066748e-01
3.477057e+00,-3.454174e+00,-2.325147e+00,-2.139502e+00,-1.260386e+00,-6.709778e-01,-4.639757e-01,3.752207e-01,6.650770e-01,2.734660e-01,-3.561627e-01
3.807630e+00,-3.252338e+00,-2.050274e+00,-2.080932e+00,-1.224609e+00,-6.000298e-01,-4.555788e-01,5.340612e-01,7.445306e-01,3.279176e-01,-2.968199e-01
3.046470e+00,-3.746343e+00,-2.500236e+00,-2.303262e+00,-1.347229e+00,-7.255356e-01,-4.861415e-01,3.967277e-01,6.041860e-01,1.313405e-01,-3.573601e-01
3.639993e+00,-3.431926e+00,-2.162147e+00,-2.159085e+00,-1.137946e+00,-7.044169e-01,-3.696683e-01,4.712835e-01,7.626026e-01,2.214165e-01,-1.591734e-01
3.712160e+00,-3.347717e+00,-2.132300e+00,-2.115857e+00,-1.235376e+00,-6.949113e-01,-5.127219e-01,5.088303e-01,6.797713e-01,2.759834e-01,-3.160052e-01
2.957276e+00,-3.835816e+00,-2.407812e+00,-2.268858e+00,-1.244139e+00,-7.442912e-01,-4.968749e-01,3.557435e-01,5.500265e-01,-4.821313e-02,-4.274261e-01
3.537244e+00,-3.429515e+00,-2.244765e+00,-2.103252e+00,-1.252016e+00,-7.023967e-01,-5.234324e-01,5.759351e-01,7.185147e-01,2.514108e-01,-1.856530e-01
3.593438e+00,-3.381361e+00,-2.125063e+00,-2.049523e+00,-1.155413e+00,-6.955314e-01,-5.206678e-01,5.469724e-01,7.056718e-01,2.616464e-01,-2.182904e-01
3.037454e+00,-3.834215e+00,-2.295035e+00,-2.175610e+00,-1.139722e+00,-7.191276e-01,-5.268943e-01,4.418193e-01,5.934535e-01,8.802622e-02,-3.433658e-01
3.440881e+00,-3.477832e+00,-2.182487e+00,-2.140244e+00,-1.256593e+00,-8.060135e-01,-5.910232e-01,5.321089e-01,6.829369e-01,2.015329e-01,-1.996300e-01
3.380705e+00,-3.478496e+00,-2.193988e+00,-2.023815e+00,-1.157772e+00,-7.506031e-01,-5.732202e-01,4.829175e-01,6.507570e-01,2.116673e-01,-1.942258e-01
3.200708e+00,-3.701317e+00,-2.170478e+00,-2.045527e+00,-1.099484e+00,-7.411194e-01,-5.625121e-01,4.377263e-01,5.960436e-01,1.337317e-01,-2.176331e-01
3.453586e+00,-3.447067e+00,-2.104937e+00,-2.042122e+00,-1.260230e+00,-7.718291e-01,-5.873063e-01,5.686302e-01,7.029903e-01,2.424095e-01,-1.365912e-01
3.208944e+00,-3.747960e+00,-2.310686e+00,-2.139957e+00,-1.286379e+00,-8.377931e-01,-6.556737e-01,4.320078e-01,5.590746e-01,7.384538e-02,-2.388661e-01
3.371990e+00,-3.558169e+00,-2.167201e+00,-1.955024e+00,-1.117809e+00,-7.171959e-01,-5.118584e-01,5.581479e-01,6.551885e-01,2.191332e-01,-2.237671e-01
3.571201e+00,-3.528010e+00,-2.111951e+00,-2.058807e+00,-1.241352e+00,-8.100572e-01,-5.366444e-01,6.218069e-01,7.587828e-01,2.415334e-01,-1.865447e-01
3.068056e+00,-4.033690e+00,-2.431115e+00,-2.297340e+00,-1.356987e+00,-9.475015e-01,-6.079173e-01,4.180431e-01,5.886126e-01,-1.400123e-02,-3.465375e-01
3.571007e+00,-3.510252e+00,-2.170445e+00,-1.920805e+00,-1.173474e+00,-7.049784e-01,-4.868072e-01,6.143246e-01,7.549419e-01,1.674807e-01,-1.960927e-01
3.617959e+00,-3.467494e+00,-2.191334e+00,-1.982056e+00,-1.291590e+00,-8.266137e-01,-5.372136e-01,5.638394e-01,7.458875e-01,1.240798e-01,-2.880377e-01
2.964862e+00,-4.041311e+00,-2.479607e+00,-2.243463e+00,-1.289987e+00,-9.300026e-01,-4.575799e-01,4.309380e-01,6.663256e-01,-4.350297e-02,-3.669617e-01
3.619999e+00,-3.544651e+00,-2.141952e+00,-2.037207e+00,-1.158819e+00,-8.642152e-01,-3.724274e-01,5.265207e-01,7.955667e-01,1.528445e-01,-2.894396e-01
3.754578e+00,-3.473739e+00,-2.117835e+00,-1.939159e+00,-1.171870e+00,-8.185061e-01,-3.784863e-01,5.682030e-01,8.099002e-01,1.816805e-01,-2.515218e-01
2.783418e+00,-4.192977e+00,-2.670786e+00,-2.222232e+00,-1.428013e+00,-8.885824e-01,-5.643180e-01,4.569825e-01,5.679703e-01,-1.322095e-02,-4.247647e-01
3.698564e+00,-3.465116e+00,-2.150105e+00,-1.910380e+00,-1.240705e+00,-8.064361e-01,-4.073320e-01,5.792042e-01,8.219922e-01,1.320776e-01,-2.860648e-01
3.694018e+00,-3.581304e+00,-2.158905e+00,-1.921238e+00,-1.180495e+00,-8.442727e-01,-3.882039e-01,4.948136e-01,8.373071e-01,1.200891e-01,-2.539346e-01
3.026738e+00,-4.004794e+00,-2.572157e+00,-2.051708e+00,-1.414803e+00,-9.231075e-01,-6.244892e-01,4.167202e-01,5.263438e-01,-2.729761e-02,-5.034620e-01
3.603784e+00,-3.499754e+00,-2.227612e+00,-1.886399e+00,-1.313663e+00,-8.721473e-01,-4.700139e-01,5.693860e-01,7.908327e-01,1.247366e-01,-3.130236e-01
3.554819e+00,-3.598740e+00,-2.211039e+00,-1.807618e+00,-1.224664e+00,-7.751318e-01,-5.028405e-01,5.366657e-01,6.946148e-01,1.537377e-01,-3.431493e-01
3.325903e+00,-3.806870e+00,-2.293604e+00,-1.922405e+00,-1.182528e+00,-8.854339e-01,-4.855254e-01,4.649526e-01,6.756027e-01,1.473445e-01,-3.296897e-01
3.577363e+00,-3.577214e+00,-2.214629e+00,-1.897510e+00,-1.304799e+00,-9.577479e-01,-5.373330e-01,5.128524e-01,7.199191e-01,1.631930e-01,-2.171007e-01
3.299262e+00,-3.636978e+00,-2.301104e+00,-1.776859e+00,-1.238636e+00,-7.470315e-01,-5.335503e-01,5.170101e-01,7.035539e-01,8.738992e-02,-1.607784e-01
3.339524e+00,-3.711540e+00,-2.298424e+00,-1.913514e+00,-1.242547e+00,-9.207439e-01,-5.628547e-01,3.897388e-01,6.547504e-01,3.923477e-02,-2.459520e-01
3.613667e+00,-3.623559e+00,-2.143108e+00,-1.960856e+00,-1.220895e+00,-9.304261e-01,-5.340191e-01,5.797374e-01,7.593879e-01,1.992217e-01,-2.042161e-01
3.100342e+00,-3.884411e+00,-2.399116e+00,-2.003714e+00,-1.268772e+00,-8.983896e-01,-5.798202e-01,5.041558e-01,5.380053e-01,-1.733931e-02,-3.927877e-01
3.596910e+00,-3.531364e+00,-2.095112e+00,-1.907952e+00,-1.080903e+00,-8.205412e-01,-4.518769e-01,6.035529e-01,7.893229e-01,1.125623e-01,-1.972169e-01
3.515992e+00,-3.638277e+00,-2.275442e+00,-1.984140e+00,-1.313954e+00,-8.981597e-01,-5.867979e-01,6.342495e-01,6.849020e-01,1.798786e-01,-2.874019e-01
2.994381e+00,-3.987077e+00,-2.412836e+00,-2.084581e+00,-1.162998e+00,-8.644744e-01,-4.541598e-01,5.610536e-01,6.362526e-01,-5.393102e-02,-3.468300e-01
3.557136e+00,-3.553102e+00,-2.180446e+00,-2.002682e+00,-1.202580e+00,-8.929763e-01,-4.423975e-01,6.109918e-01,7.711827e-01,1.115723e-01,-2.163509e-01
3.642897e+00,-3.534596e+00,-2.151896e+00,-1.918462e+00,-1.228144e+00,-7.012415e-01,-5.601483e-01,7.467289e-01,7.472581e-01,1.448168e-01,-1.804289e-01
2.898956e+00,-4.088113e+00,-2.515849e+00,-2.197110e+00,-1.311371e+00,-9.090756e-01,-5.541897e-01,5.403963e-01,5.388755e-01,-4.187948e-02,-3.883033e-01
3.735607e+00,-3.443324e+00,-2.030385e+00,-1.976753e+00,-1.158372e+00,-8.327614e-01,-4.158141e-01,6.800047e-01,7.639600e-01,1.170725e-01,-2.508996e-01
3.537696e+00,-3.638351e+00,-2.174036e+00,-2.013057e+00,-1.199505e+00,-8.106955e-01,-5.054331e-01,6.196582e-01,7.225221e-01,7.657509e-02,-2.319969e-01
3.023350e+00,-3.958945e+00,-2.437990e+00,-2.166513e+00,-1.262949e+00,-8.793508e-01,-5.461691e-01,5.909195e-01,6.647912e-01,8.556688e-02,-2.945449e-01
3.661474e+00,-3.525267e+00,-2.099634e+00,-1.994814e+00,-1.262307e+00,-8.490991e-01,-5.423193e-01,7.075366e-01,6.672089e-01,1.769747e-01,-3.198695e-01
3.559835e+00,-3.688227e+00,-2.076541e+00,-1.982738e+00,-1.116610e+00,-7.752499e-01,-4.986281e-01,6.168761e-01,6.920370e-01,8.330668e-02,-2.512962e-01
3.242487e+00,-3.848489e+00,-2.339080e+00,-2.076432e+00,-1.249336e+00,-8.777780e-01,-5.492055e-01,5.066731e-01,6.791592e-01,1.126806e-01,-2.865080e-01
3.579845e+00,-3.508271e+00,-2.102758e+00,-1.951785e+00,-1.264768e+00,-8.225802e-01,-5.883730e-01,6.124088e-01,7.157666e-01,1.448624e-01,-2.364043e-01
3.236854e+00,-3.660545e+00,-2.237557e+00,-1.899928e+00,-1.190861e+00,-7.418434e-01,-5.563121e-01,5.451754e-01,5.961977e-01,7.180704e-02,-2.731180e-01
3.294121e+00,-3.687107e+00,-2.263298e+00,-1.990004e+00,-1.261481e+00,-8.245184e-01,-6.141545e-01,4.897338e-01,6.392378e-01,1.572452e-01,-2.049518e-01
3.543441e+00,-3.621718e+00,-2.122360e+00,-2.017325e+00,-1.217582e+00,-9.019724e-01,-5.460594e-01,4.594999e-01,7.845823e-01,1.527830e-01,-1.315603e-01
3.245264e+00,-3.680176e+00,-2.145343e+00,-1.821794e+00,-1.099231e+00,-6.769750e-01,-4.449036e-01,5.216987e-01,6.075377e-01,6.680994e-02,-3.090105e-01
3.520022e+00,-3.479226e+00,-2.235024e+00,-1.877099e+00,-1.249153e+00,-7.772227e-01,-5.366532e-01,5.257721e-01,7.237474e-01,2.106262e-01,-2.364231e-01
3.585603e+00,-3.736235e+00,-2.207796e+00,-2.089862e+00,-1.276513e+00,-9.199919e-01,-5.177662e-01,4.441922e-01,7.317171e-01,2.043074e-01,-3.114040e-01
3.139131e+00,-3.808838e+00,-2.359025e+00,-1.933091e+00,-1.189600e+00,-7.304316e-01,-4.345259e-01,4.152189e-01,6.338339e-01,-2.658203e-03,-4.729083e-01
3.770532e+00,-3.472116e+00,-2.153729e+00,-1.927481e+00,-1.263975e+00,-7.798315e-01,-4.337359e-01,5.206093e-01,7.888829e-01,1.679384e-01,-2.732302e-01
3.511805e+00,-3.498204e+00,-2.411838e+00,-1.947499e+00,-1.338097e+00,-7.947232e-01,-4.760357e-01,4.365817e-01,7.633488e-01,1.592890e-01,-3.421461e-01
3.311409e+00,-3.684681e+00,-2.316010e+00,-1.935948e+00,-1.220783e+00,-6.586000e-01,-4.013855e-01,4.888053e-01,7.070204e-01,1.146895e-01,-3.933706e-01
3.785672e+00,-3.302616e+00,-2.168157e+00,-1.932756e+00,-1.275483e+00,-7.714739e-01,-3.382301e-01,4.622790e-01,8.503352e-01,1.723301e-01,-3.406454e-01
3.620205e+00,-3.543145e+00,-2.283276e+00,-1.966454e+00,-1.276816e+00,-6.679552e-01,-4.333592e-01,5.473055e-01,7.312651e-01,2.278529e-01,-2.793958e-01
3.326731e+00,-3.670109e+00,-2.420338e+00,-2.068917e+00,-1.253210e+00,-7.743574e-01,-3.813284e-01,4.275608e-01,7.528490e-01,2.213494e-01,-3.605292e-01
3.899702e+00,-3.398612e+00,-2.032933e+00,-1.987871e+00,-1.266771e+00,-6.804135e-01,-4.397908e-01,5.789239e-01,7.945135e-01,2.374736e-01,-2.641858e-01
3.456447e+00,-3.538778e+00,-2.286745e+00,-2.024874e+00,-1.207963e+00,-7.249046e-01,-4.198332e-01,4.441376e-01,6.817345e-01,1.571126e-01,-3.609204e-01
3.415332e+00,-3.612846e+00,-2.324453e+00,-2.101831e+00,-1.219738e+00,-7.388184e-01,-4.360814e-01,4.880664e-01,7.364664e-01,2.515783e-01,-2.338467e-01
3.595403e+00,-3.366072e+00,-2.206609e+00,-2.063184e+00,-1.297795e+00,-7.894022e-01,-5.154004e-01,4.344492e-01,7.178776e-01,2.451846e-01,-3.096868e-01
3.316642e+00,-3.618953e+00,-2.170158e+00,-2.076206e+00,-1.132699e+00,-6.470572e-01,-4.397835e-01,4.377027e-01,6.404376e-01,1.387332e-01,-2.958689e-01
3.419130e+00,-3.569866e+00,-2.304117e+00,-2.189181e+00,-1.290558e+00,-7.779926e-01,-6.029673e-01,3.930886e-01,5.827489e-01,2.566062e-01,-2.825726e-01
3.496537e+00,-3.384603e+00,-2.165853e+00,-2.120458e+00,-1.257687e+00,-7.280226e-01,-6.290968e-01,4.076745e-01,6.159439e-01,2.808655e-01,-2.331692e-01
3.181715e+00,-3.580825e+00,-2.094703e+00,-2.011801e+00,-1.042552e+00,-5.247895e-01,-4.455578e-01,3.935721e-01,5.419961e-01,1.605297e-01,-2.882671e-01
3.428471e+00,-3.416809e+00,-2.159004e+00,-2.196549e+00,-1.215695e+00,-7.023773e-01,-5.882339e-01,4.138752e-01,6.589143e-01,3.031126e-01,-1.265056e-01
3.348220e+00,-3.526722e+00,-2.254359e+00,-2.274320e+00,-1.268655e+00,-7.705781e-01,-6.032935e-01,3.227269e-01,6.139267e-01,2.608858e-01,-1.842080e-01
3.134158e+00,-3.610972e+00,-2.195298e+00,-2.200595e+00,-1.102092e+00,-5.979774e-01,-5.392440e-01,3.322464e-01,5.486867e-01,1.052205e-01,-3.352340e-01
3.541254e+00,-3.195489e+00,-2.093371e+00,-2.141787e+00,-1.224773e+00,-5.949368e-01,-4.966351e-01,4.812600e-01,7.248646e-01,3.228305e-01,-1.940210e-01
3.308007e+00,-3.606364e+00,-2.308829e+00,-2.433683e+00,-1.285253e+00,-7.044915e-01,-6.188099e-01,4.015450e-01,6.169219e-01,3.399166e-01,-2.239581e-01
3.399488e+00,-3.527250e+00,-2.184545e+00,-2.176893e+00,-1.189283e+00,-4.457501e-01,-5.302561e-01,5.146771e-01,6.025113e-01,3.397182e-01,-2.524048e-01
3.613043e+00,-3.176422e+00,-2.097254e+00,-2.254039e+00,-1.281730e+00,-5.518392e-01,-5.413051e-01,4.780837e-01,7.163290e-01,2.901193e-01,-2.345000e-01
3.302422e+00,-3.467829e+00,-2.299829e+00,-2.345653e+00,-1.291751e+00,-5.215225e-01,-5.402608e-01,4.160301e-01,6.554938e-01,2.734834e-01,-2.164724e-01
3.253010e+00,-3.444784e+00,-2.324499e+00,-2.399419e+00,-1.263483e+00,-5.944256e-01,-5.347919e-01,3.213091e-01,6.496791e-01,2.495135e-01,-2.583431e-01
3.819557e+00,-3.112769e+00,-1.963101e+00,-2.215452e+00,-1.179508e+00,-4.722008e-01,-4.476119e-01,5.135556e-01,7.365595e-01,4.043618e-01,-2.072805e-01
3.096067e+00,-3.598846e+00,-2.390242e+00,-2.458395e+00,-1.324744e+00,-5.465160e-01,-5.471205e-01,3.988742e-01,6.305104e-01,3.086057e-01,-2.510222e-01
3.369586e+00,-3.349748e+00,-2.314686e+00,-2.286752e+00,-1.314873e+00,-5.164652e-01,-5.291419e-01,3.878627e-01,6.677518e-01,3.773780e-01,-2.636104e-01
3.661865e+00,-3.167205e+00,-2.107820e+00,-2.235303e+00,-1.190781e+00,-5.775650e-01,-4.405430e-01,3.883080e-01,7.851030e-01,3.832037e-01,-2.089709e-01
3.231407e+00,-3.519374e+00,-2.229512e+00,-2.214939e+00,-1.156199e+00,-4.858818e-01,-3.967044e-01,3.494915e-01,6.325210e-01,2.225473e-01,-3.283575e-01
3.398065e+00,-3.355989e+00,-2.296018e+00,-2.269063e+00,-1.311219e+00,-6.055217e-01,-4.996418e-01,3.135558e-01,7.549768e-01,3.287967e-01,-1.814457e-01
3.632761e+00,-3.187146e+00,-2.139309e+00,-2.097149e+00,-1.205314e+00,-5.527111e-01,-4.534343e-01,3.220827e-01,7.713046e-01,3.570626e-01,-1.840555e-01
3.151646e+00,-3.583073e+00,-2.263174e+00,-2.134670e+00,-1.152746e+00,-5.673224e-01,-4.545329e-01,1.726112e-01,5.393715e-01,1.003354e-01,-4.055369e-01
3.518225e+00,-3.378870e+00,-2.193392e+00,-2.252774e+00,-1.255831e+00,-7.543638e-01,-4.701949e-01,1.989496e-01,6.966018e-01,3.075339e-01,-2.484936e-01
3.386699e+00,-3.243084e+00,-2.255568e+00,-2.034728e+00,-1.252561e+00,-5.760236e-01,-4.809114e-01,2.611928e-01,7.458546e-01,3.473429e-01,-1.324049e-01
3.236230e+00,-3.447366e+00,-2.279386e+00,-2.032943e+00,-1.193385e+00,-5.749680e-01,-5.102426e-01,2.128485e-01,5.876231e-01,1.610485e-01,-2.965598e-01
3.603698e+00,-3.241823e+00,-2.218157e+00,-2.054034e+00,-1.322064e+00,-6.794605e-01,-4.441306e-01,3.077804e-01,7.582384e-01,2.889952e-01,-2.040471e-01
3.335789e+00,-3.494789e+00,-2.378851e+00,-2.151621e+00,-1.301456e+00,-6.856582e-01,-4.616159e-01,2.728302e-01,7.363746e-01,2.870565e-01,-2.635749e-01
3.471520e+00,-3.427772e+00,-2.199820e+00,-2.026169e+00,-1.154910e+00,-6.005271e-01,-4.060828e-01,3.341866e-01,7.217346e-01,2.273138e-01,-2.698472e-01
3.640021e+00,-3.248483e+00,-2.275989e+00,-2.035399e+00,-1.352131e+00,-6.880927e-01,-4.881583e-01,4.606895e-01,7.247667e-01,3.370517e-01,-3.015631e-01
3.169926e+00,-3.707266e+00,-2.490411e+00,-2.265238e+00,-1.370112e+00,-7.736012e-01,-4.958069e-01,3.174194e-01,6.674438e-01,1.646100e-01,-3.384534e-01
3.545639e+00,-3.472349e+00,-2.260830e+00,-2.094316e+00,-1.238948e+00,-6.580894e-01,-4.483170e-01,3.841601e-01,7.723287e-01,1.837505e-01,-2.380247e-01
3.718473e+00,-3.251483e+00,-2.135957e+00,-2.043574e+00,-1.208811e+00,-6.860692e-01,-4.006948e-01,5.246980e-01,8.035406e-01,3.264998e-01,-2.336435e-01
2.944357e+00,-3.844497e+00,-2.585545e+00,-2.329156e+00,-1.396811e+00,-8.053702e-01,-5.023561e-01,3.674136e-01,6.142809e-01,1.141432e-01,-3.350907e-01
3.551518e+00,-3.428852e+00,-2.195647e+00,-2.132629e+00,-1.212031e+00,-6.931948e-01,-4.197905e-01,4.858780e-01,7.591815e-01,2.704238e-01,-2.474941e-01
3.740967e+00,-3.398166e+00,-2.104543e+00,-2.095773e+00,-1.215668e+00,-7.105254e-01,-4.686653e-01,5.314119e-01,7.381185e-01,3.245765e-01,-2.908447e-01
3.150885e+00,-3.756233e+00,-2.264521e+00,-2.092964e+00,-1.094363e+00,-6.146342e-01,-3.585991e-01,5.339177e-01,6.842506e-01,7.377121e-02,-2.669159e-01
3.578565e+00,-3.486697e+00,-2.193781e+00,-2.113145e+00,-1.271424e+00,-7.345274e-01,-5.392763e-01,5.545462e-01,7.106107e-01,2.040071e-01,-2.345148e-01
3.597567e+00,-3.411741e+00,-2.119628e+00,-2.007872e+00,-1.180449e+00,-6.814984e-01,-5.149659e-01,5.420099e-01,7.576613e-01,1.933401e-01,-2.060398e-01
3.097788e+00,-3.870435e+00,-2.270217e+00,-2.154786e+00,-1.139020e+00,-7.642197e-01,-5.023005e-01,4.376894e-01,6.062700e-01,2.728999e-02,-3.295329e-01
3.355112e+00,-3.456479e+00,-2.270772e+00,-2.098046e+00,-1.318577e+00,-8.720333e-01,-5.841316e-01,4.724333e-01,6.731978e-01,1.147806e-01,-2.690530e-01
3.492735e+00,-3.567221e+00,-2.073363e+00,-2.033011e+00,-1.091622e+00,-7.734190e-01,-5.091001e-01,4.950047e-01,6.904185e-01,1.915916e-01,-1.914320e-01
3.176125e+00,-3.734151e+00,-2.207423e+00,-2.050415e+00,-1.166576e+00,-7.734426e-01,-6.383140e-01,4.475960e-01,5.308122e-01,1.252543e-01,-3.338975e-01
3.618633e+00,-3.575145e+00,-1.972616e+00,-2.077838e+00,-1.163850e+00,-8.421508e-01,-5.103823e-01,5.574735e-01,7.138106e-01,2.520395e-01,-1.744826e-01
3.273469e+00,-3.648311e+00,-2.218719e+00,-2.014329e+00,-1.174546e+00,-7.870220e-01,-5.388212e-01,4.891555e-01,6.383339e-01,1.535815e-01,-2.131862e-01
3.352280e+00,-3.550320e+00,-2.178252e+00,-1.906557e+00,-1.152765e+00,-7.312764e-01,-5.137294e-01,5.068233e-01,6.758383e-01,1.515259e-01,-2.484987e-01
3.515154e+00,-3.461550e+00,-2.153619e+00,-2.036877e+00,-1.210739e+00,-9.063773e-01,-4.992407e-01,5.102811e-01,7.787384e-01,1.468564e-01,-2.543981e-01
3.081714e+00,-4.017805e+00,-2.418254e+00,-2.262434e+00,-1.309105e+00,-9.770842e-01,-5.846478e-01,4.103574e-01,5.531917e-01,-2.704071e-02,-4.270359e-01
3.573724e+00,-3.505890e+00,-2.153155e+00,-1.927092e+00,-1.118527e+00,-7.747583e-01,-4.404792e-01,5.926242e-01,7.510775e-01,1.802735e-01,-2.706490e-01
3.589040e+00,-3.500789e+00,-2.172809e+00,-2.000266e+00,-1.237242e+00,-8.613839e-01,-4.809475e-01,5.586579e-01,8.085085e-01,1.209181e-01,-2.543380e-01
2.823966e+00,-4.028880e+00,-2.619387e+00,-2.166818e+00,-1.402835e+00,-9.066725e-01,-5.409297e-01,4.596852e-01,5.668844e-01,-3.628507e-02,-4.520113e-01
3.613774e+00,-3.538822e+00,-2.220966e+00,-1.969304e+00,-1.239462e+00,-8.430704e-01,-4.287555e-01,5.463056e-01,7.794963e-01,9.692191e-02,-2.680541e-01
3.730449e+00,-3.457691e+00,-2.174051e+00,-1.867884e+00,-1.221178e+00,-7.904126e-01,-4.040333e-01,5.944179e-01,7.836581e-01,1.701895e-01,-2.766832e-01
2.549508e+00,-4.280958e+00,-2.879149e+00,-2.291395e+00,-1.589072e+00,-1.014408e+00,-6.185332e-01,3.393668e-01,5.438685e-01,-1.141570e-01,-4.433218e-01
3.704304e+00,-3.401761e+00,-2.200827e+00,-1.813541e+00,-1.265783e+00,-7.962916e-01,-3.650682e-01,6.054916e-01,7.996969e-01,1.988075e-01,-3.284124e-01
3.577752e+00,-3.512700e+00,-2.284561e+00,-1.873339e+00,-1.226992e+00,-8.702768e-01,-4.275363e-01,5.219853e-01,7.418290e-01,1.368304e-01,-3.553398e-01
3.192097e+00,-3.974155e+00,-2.420458e+00,-2.043574e+00,-1.221168e+00,-9.515694e-01,-4.118461e-01,4.203702e-01,7.204887e-01,1.388981e-02,-3.794967e-01
3.503267e+00,-3.511389e+00,-2.333118e+00,-1.928859e+00,-1.369263e+00,-9.725740e-01,-4.665679e-01,4.424237e-01,7.939002e-01,4.580456e-02,-3.718597e-01
3.571711e+00,-3.501203e+00,-2.223641e+00,-1.738842e+00,-1.154211e+00,-7.744157e-01,-4.130989e-01,5.651688e-01,7.679716e-01,1.413698e-01,-2.401012e-01
3.343986e+00,-3.816969e+00,-2.308860e+00,-1.935199e+00,-1.171249e+00,-8.740868e-01,-4.844822e-01,5.278262e-01,7.152812e-01,1.827038e-01,-2.553869e-01
3.576933e+00,-3.565432e+00,-2.176916e+00,-1.892219e+00,-1.298565e+00,-9.187575e-01,-5.373144e-01,5.086620e-01,7.490571e-01,1.292210e-01,-2.507189e-01
3.301498e+00,-3.690544e+00,-2.242981e+00,-1.867790e+00,-1.189143e+00,-8.259040e-01,-5.384900e-01,4.719858e-01,6.610459e-01,3.765921e-02,-2.244331e-01
3.306141e+00,-3.655250e+00,-2.295041e+00,-1.904584e+00,-1.200034e+00,-9.416446e-01,-5.394404e-01,4.323048e-01,6.302515e-01,1.073670e-01,-2.407512e-01
3.546232e+00,-3.608382e+00,-2.155081e+00,-1.950626e+00,-1.238423e+00,-9.032455e-01,-5.625169e-01,6.023733e-01,7.392421e-01,2.396934e-01,-1.972693e-01
3.136963e+00,-3.873448e+00,-2.280176e+00,-1.988173e+00,-1.176842e+00,-8.862344e-01,-4.677633e-01,4.495528e-01,6.529564e-01,-5.750998e-02,-2.822245e-01
3.535774e+00,-3.453652e+00,-2.169974e+00,-1.812516e+00,-1.169869e+00,-7.621614e-01,-5.077291e-01,6.440407e-01,7.387624e-01,1.545782e-01,-2.064485e-01
3.502874e+00,-3.608271e+00,-2.241227e+00,-1.978030e+00,-1.287455e+00,-8.931298e-01,-5.848267e-01,6.310481e-01,6.812891e-01,1.844469e-01,-2.899200e-01
3.100745e+00,-3.910844e+00,-2.261839e+00,-2.031738e+00,-1.084796e+00,-8.241075e-01,-4.369703e-01,5.149045e-01,6.233301e-01,-1.259749e-01,-4.242264e-01
3.587436e+00,-3.522330e+00,-2.116192e+00,-2.008791e+00,-1.168563e+00,-9.011726e-01,-4.411515e-01,5.748772e-01,7.594945e-01,6.643999e-02,-2.716178e-01
3.635047e+00,-3.554456e+00,-2.077795e+00,-2.021941e+00,-1.075961e+00,-8.569651e-01,-3.890896e-01,6.099705e-01,8.454201e-01,1.181004e-01,-1.545347e-01
2.933148e+00,-3.943489e+00,-2.494987e+00,-2.105237e+00,-1.324363e+00,-8.306791e-01,-5.812207e-01,5.457426e-01,5.716290e-01,-6.063328e-02,-3.396306e-01
3.732153e+00,-3.453421e+00,-1.976576e+00,-2.020533e+00,-1.142238e+00,-8.049494e-01,-4.255287e-01,6.947361e-01,7.898896e-01,1.119736e-01,-2.089830e-01
3.521457e+00,-3.601479e+00,-2.181042e+00,-1.998481e+00,-1.195451e+00,-7.727689e-01,-4.998565e-01,6.385455e-01,7.142827e-01,1.111105e-01,-2.414469e-01
3.023755e+00,-4.093296e+00,-2.457490e+00,-2.275048e+00,-1.318353e+00,-9.005846e-01,-5.895817e-01,6.222567e-01,6.689201e-01,1.481358e-01,-1.863434e-01
3.648652e+00,-3.500396e+00,-2.130424e+00,-1.990612e+00,-1.300473e+00,-7.898459e-01,-5.830826e-01,7.237157e-01,6.965212e-01,1.724955e-01,-2.668009e-01
3.438381e+00,-3.664941e+00,-2.115013e+00,-2.017293e+00,-1.098513e+00,-7.895370e-01,-4.512609e-01,6.038090e-01,7.424932e-01,7.149403e-02,-2.099445e-01
2.917168e+00,-4.025964e+00,-2.653495e+00,-2.323518e+00,-1.539150e+00,-1.093465e+00,-8.320792e-01,2.805273e-01,4.545878e-01,-1.548669e-01,-4.543412e-01
3.591175e+00,-3.428974e+00,-2.074063e+00,-1.940941e+00,-1.169621e+00,-8.157235e-01,-4.892938e-01,6.632307e-01,7.687697e-01,2.328355e-01,-1.565308e-01
3.060717e+00,-3.786908e+00,-2.392634e+00,-2.041143e+00,-1.319934e+00,-8.063754e-01,-6.633324e-01,5.150777e-01,5.420379e-01,7.597524e-02,-2.630767e-01
3.306301e+00,-3.796496e+00,-2.259633e+00,-2.111263e+00,-1.289551e+00,-8.824385e-01,-6.274494e-01,4.327952e-01,6.375930e-01,1.095479e-01,-1.766024e-01
3.522664e+00,-3.498788e+00,-2.137761e+00,-1.977551e+00,-1.164511e+00,-8.780035e-01,-5.297380e-01,5.147235e-01,7.151082e-01,2.755682e-01,-2.252648e-01
3.222076e+00,-3.611087e+00,-2.161086e+00,-1.788416e+00,-1.093689e+00,-6.012566e-01,-5.082128e-01,5.851974e-01,5.262687e-01,7.554271e-02,-3.138803e-01
3.449075e+00,-3.473115e+00,-2.240354e+00,-1.969731e+00,-1.229579e+00,-8.494008e-01,-5.417401e-01,4.145862e-01,7.158270e-01,9.411871e-02,-2.396920e-01
3.405001e+00,-3.606670e+00,-2.259239e+00,-2.090261e+00,-1.239414e+00,-8.944275e-01,-4.809260e-01,4.282286e-01,8.074287e-01,1.868917e-01,-1.911194e-01
3.225343e+00,-3.819325e+00,-2.311063e+00,-1.987557e+00,-1.140033e+00,-7.366078e-01,-4.616966e-01,4.215760e-01,5.979748e-01,-4.093640e-02,-4.163681e-01
3.612117e+00,-3.355437e+00,-2.203414e+00,-1.941281e+00,-1.268632e+00,-7.607944e-01,-4.788127e-01,5.557366e-01,7.148696e-01,2.010662e-01,-3.041327e-01
3.539532e+00,-3.594784e+00,-2.320468e+00,-2.037174e+00,-1.305956e+00,-7.762341e-01,-4.589916e-01,4.393220e-01,7.625196e-01,2.103782e-01,-3.385241e-01
3.327062e+00,-3.705047e+00,-2.301075e+00,-2.033479e+00,-1.175584e+00,-7.170268e-01,-4.120246e-01,4.880768e-01,6.185416e-01,1.958486e-01,-4.751367e-01
3.759729e+00,-3.262987e+00,-2.171268e+00,-1.967820e+00,-1.239645e+00,-7.823083e-01,-3.441222e-01,4.980439e-01,8.006636e-01,1.889123e-01,-2.872066e-01
3.411131e+00,-3.581318e+00,-2.399906e+00,-2.088153e+00,-1.370240e+00,-7.353124e-01,-4.889731e-01,4.251156e-01,7.017004e-01,1.787738e-01,-2.914962e-01
3.198479e+00,-3.582006e+00,-2.495503e+00,-2.047495e+00,-1.351703e+00,-6.803698e-01,-4.428529e-01,4.390693e-01,7.791663e-01,2.116349e-01,-2.595135e-01
3.817548e+00,-3.243023e+00,-2.094370e+00,-1.959871e+00,-1.253050e+00,-6.552286e-01,-4.271790e-01,5.644613e-01,7.767038e-01,2.547121e-01,-2.888294e-01
3.345393e+00,-3.631531e+00,-2.380120e+00,-2.148237e+00,-1.284057e+00,-7.985982e-01,-4.531897e-01,3.255013e-01,6.255133e-01,8.304970e-02,-4.230203e-01
3.220445e+00,-3.650529e+00,-2.464284e+00,-2.226235e+00,-1.393502e+00,-7.448890e-01,-5.905024e-01,4.426539e-01,6.713023e-01,3.044409e-01,-3.104104e-01
3.584168e+00,-3.247982e+00,-2.224723e+00,-2.019449e+00,-1.285475e+00,-7.329395e-01,-4.526669e-01,3.893506e-01,7.887140e-01,2.441092e-01,-2.822536e-01
3.330620e+00,-3.566907e+00,-2.185762e+00,-2.085376e+00,-1.112672e+00,-6.225284e-01,-3.913061e-01,3.907653e-01,6.860359e-01,1.297891e-01,-2.627237e-01
4.063434e+00,-1.935806e+00,-1.154044e+00,-1.208203e+00,-3.617986e-01,-2.555494e-01,-1.118391e-01,7.142149e-01,6.843212e-01,4.839858e-02,-3.539608e-03
