-1.430257e+00,-2.298742e+00,3.683053e-03,-4.226166e-01,4.217817e-01,4.532634e-01,4.269565e-01,1.022707e+00,-7.863494e-01,-9.961728e-02,4.910535e-01
1.439060e-01,-2.296985e+00,-1.832444e-01,-8.778361e-02,7.084116e-01,4.116113e-01,-7.722004e-01,4.634782e-01,-6.752627e-01,3.637194e-02,1.086701e+00
5.822603e-01,-2.160410e+00,-1.038247e-01,-2.899697e-01,8.318927e-01,6.371725e-01,-5.951410e-01,7.467347e-01,-9.681133e-01,-3.279498e-01,1.194841e+00
3.043921e-01,-2.501679e+00,8.274769e-02,-9.580219e-03,7.965262e-01,5.940331e-01,-5.562271e-01,3.323541e-01,-1.391143e+00,-5.227838e-01,8.374704e-01
8.860371e-01,-1.937924e+00,2.282235e-01,1.721862e-01,1.359605e+00,1.726188e-01,-7.322927e-01,5.904323e-01,-1.242755e+00,-1.221758e-02,1.647843e+00
9.290266e-01,-2.319255e+00,3.658603e-01,2.340500e-02,1.339001e+00,3.767189e-01,-6.447499e-01,8.594617e-01,-1.199182e+00,1.210867e-01,1.707591e+00
4.127132e-01,-2.275689e+00,5.231835e-02,2.139765e-02,1.305506e+00,5.763379e-01,-2.776670e-01,6.676725e-01,-1.105548e+00,-8.495772e-02,1.858478e+00
7.553999e-01,-2.129283e+00,-6.813874e-02,1.916316e-02,1.028220e+00,4.018383e-01,-2.941936e-01,3.730898e-01,-7.501834e-01,1.545060e-01,2.187055e+00
7.895787e-01,-2.243522e+00,5.174340e-02,5.806132e-01,1.044754e+00,4.970080e-01,-2.248210e-01,7.043271e-02,-8.496541e-01,-2.146497e-01,2.019306e+00
1.169378e+00,-2.010042e+00,-1.525627e-01,5.920890e-01,7.600767e-01,2.768897e-01,-4.448645e-01,-3.279039e-01,-1.194557e+00,-2.834883e-01,1.690399e+00
1.034456e+00,-2.053866e+00,-5.204587e-01,1.087327e+00,8.608660e-01,1.631143e-01,-4.158694e-01,-3.401332e-01,-1.135873e+00,2.977298e-01,2.127610e+00
1.266644e+00,-1.636154e+00,-8.271473e-02,1.030081e+00,7.737789e-01,4.764466e-01,-4.809565e-01,-2.218071e-01,-1.036160e+00,2.710969e-01,1.766152e+00
6.495827e-01,-2.102982e+00,-2.484522e-02,9.566468e-01,1.204741e+00,6.254025e-01,-6.733710e-01,-1.609319e-01,-1.185287e+00,1.083695e-01,1.663990e+00
9.455636e-01,-1.977648e+00,3.457117e-01,8.553592e-01,1.433461e+00,8.688901e-01,-4.817191e-01,-8.328037e-02,-1.099027e+00,-1.070790e-01,1.796883e+00
4.986060e-01,-2.413671e+00,9.573008e-02,1.071849e-01,9.806504e-01,4.044118e-01,-8.620772e-01,-3.669213e-01,-9.483943e-01,2.387083e-01,2.028712e+00
5.613366e-01,-1.964610e+00,2.766474e-01,1.995555e-01,1.504014e+00,9.657233e-01,-4.183833e-01,1.584086e-01,-7.256006e-01,3.850899e-01,1.808204e+00
1.099514e-01,-2.306163e+00,-8.100627e-02,-4.321468e-01,1.308956e+00,7.998256e-01,-9.351391e-01,-3.038421e-01,-7.246863e-01,4.919562e-01,1.825359e+00
-4.809694e-01,-2.669917e+00,2.421224e-01,1.456479e-01,1.768993e+00,1.127062e+00,-9.304280e-01,-4.574092e-01,-6.865515e-01,5.001500e-01,2.266984e+00
9.764187e-02,-2.435277e+00,5.306188e-01,-1.341137e-01,1.867587e+00,8.254819e-01,-8.883347e-01,-3.991329e-01,-8.482355e-01,3.216405e-01,1.671579e+00
2.567763e-01,-2.417179e+00,3.789125e-01,-7.421620e-02,1.886513e+00,1.001750e+00,-6.669353e-01,3.166291e-02,-9.143194e-01,1.349547e-01,1.609325e+00
-2.142722e-01,-2.898575e+00,3.602223e-01,-4.282020e-02,1.681735e+00,1.068623e+00,-6.719851e-01,2.199025e-01,-8.182464e-01,4.294967e-01,1.966171e+00
1.140972e-01,-2.716824e+00,4.991818e-01,-1.955914e-02,1.298360e+00,7.510477e-01,-7.171684e-01,-1.088185e-01,-1.013575e+00,2.863897e-01,1.983249e+00
-1.333594e-01,-3.063951e+00,5.715298e-01,4.630898e-01,1.540838e+00,9.931433e-01,-5.478618e-01,7.406055e-03,-1.033267e+00,-1.130121e-01,2.018756e+00
-1.379223e-01,-3.100973e+00,2.956049e-01,2.944955e-02,1.460871e+00,8.181553e-01,-4.561241e-01,5.069406e-01,-8.423696e-01,3.779156e-01,2.064161e+00
-3.954185e-01,-3.106772e+00,4.995617e-01,2.123240e-01,1.416394e+00,6.716277e-01,-8.439351e-01,2.545474e-02,-1.375987e+00,2.405805e-01,2.205956e+00
6.394643e-02,-3.151064e+00,6.086392e-01,2.980047e-01,1.448193e+00,4.982671e-01,-7.988428e-01,7.822458e-02,-1.122714e+00,2.081807e-01,2.141969e+00
3.802808e-01,-3.206060e+00,6.755309e-01,6.547614e-02,1.431929e+00,5.213724e-01,-4.554042e-01,1.300050e-01,-8.823519e-01,3.312676e-01,2.358818e+00
5.090921e-02,-3.420929e+00,8.014884e-01,7.313250e-01,2.024159e+00,9.826886e-01,-2.432206e-01,1.285046e-01,-1.317682e+00,-4.256254e-01,1.735426e+00
7.190190e-01,-3.223058e+00,8.849187e-01,6.295777e-01,1.678671e+00,4.991611e-01,-6.133124e-01,-8.103899e-04,-1.241290e+00,-2.587952e-01,2.185588e+00
3.168738e-01,-3.401323e+00,4.422226e-01,2.977883e-01,1.377838e+00,6.092157e-01,-5.680606e-01,-3.824118e-04,-1.443208e+00,-9.352175e-02,2.094232e+00
3.042035e-01,-3.436850e+00,8.331205e-01,8.903858e-01,1.921628e+00,1.038003e+00,-3.162664e-01,2.287045e-01,-1.254197e+00,-7.514947e-02,2.099583e+00
-2.147699e-02,-3.718626e+00,3.795709e-01,7.382463e-01,1.744009e+00,8.308390e-01,-3.795788e-01,1.008299e-01,-1.414393e+00,-2.287196e-01,2.205088e+00
2.942160e-01,-3.445159e+00,3.599148e-01,7.087289e-01,1.623291e+00,8.015131e-01,-4.193184e-01,5.489641e-02,-1.678504e+00,-8.300574e-02,2.242739e+00
2.991556e-02,-3.649127e+00,4.243855e-01,8.932424e-01,1.904519e+00,9.692202e-01,1.419585e-02,2.099667e-01,-1.663904e+00,2.946441e-01,2.285147e+00
2.251964e-01,-3.798814e+00,3.162008e-01,8.357381e-01,1.724396e+00,7.185699e-01,1.132574e-02,2.211764e-01,-1.444563e+00,3.342135e-01,2.375812e+00
3.713348e-01,-3.697179e+00,3.767893e-01,9.675453e-01,1.855510e+00,8.771932e-01,3.505811e-01,2.578939e-01,-1.370519e+00,4.323733e-01,2.311881e+00
-1.524337e-01,-4.351770e+00,-1.760222e-01,7.474218e-01,1.609963e+00,7.580250e-01,2.055679e-01,2.813235e-01,-1.342961e+00,5.131377e-01,2.648314e+00
-1.693040e-01,-4.499906e+00,-1.599660e-01,8.050114e-01,1.665768e+00,1.156380e+00,3.272545e-01,4.310295e-01,-1.319755e+00,4.494874e-01,2.723463e+00
-6.077889e-01,-4.844272e+00,-5.510697e-01,5.320104e-01,1.491940e+00,9.647215e-01,2.705258e-01,3.172200e-01,-1.387468e+00,3.904208e-01,2.584294e+00
-7.849836e-01,-5.116775e+00,-6.616286e-01,3.774623e-01,1.322827e+00,7.489604e-01,-2.762447e-03,1.283831e-01,-1.373595e+00,2.958578e-01,2.497351e+00
-9.026233e-01,-5.326418e+00,-9.554620e-01,1.838198e-01,1.162963e+00,5.868047e-01,-2.866734e-01,7.340753e-02,-1.673178e+00,-3.413377e-02,2.314997e+00
-9.486012e-01,-5.390384e+00,-1.106021e+00,9.048124e-02,1.052204e+00,6.285540e-01,-3.058130e-01,1.117850e-01,-1.708702e+00,3.936162e-02,2.403251e+00
-7.586649e-01,-5.231062e+00,-1.004651e+00,1.829997e-01,1.138463e+00,6.861587e-01,-2.262305e-01,1.964021e-01,-1.621321e+00,1.349332e-01,2.502794e+00
-9.585774e-01,-5.454607e+00,-1.197528e+00,1.693772e-01,1.144379e+00,5.632709e-01,-2.634269e-01,2.357701e-01,-1.615760e+00,5.432297e-02,2.487260e+00
-9.515885e-01,-5.381033e+00,-1.085493e+00,1.269104e-01,1.208149e+00,5.209802e-01,-2.406753e-01,1.838400e-01,-1.606478e+00,9.459676e-02,2.367757e+00
-1.022678e+00,-5.305668e+00,-1.116796e+00,4.764315e-02,1.095659e+00,5.793016e-01,-2.549745e-01,1.262011e-01,-1.615167e+00,1.100473e-01,2.442038e+00
-1.025857e+00,-5.440033e+00,-1.160183e+00,3.111604e-04,9.902693e-01,5.792873e-01,-3.907566e-01,5.551344e-02,-1.787633e+00,-5.161122e-02,2.359745e+00
-9.537237e-01,-5.331209e+00,-1.082830e+00,1.358843e-01,1.220825e+00,4.816935e-01,-2.427545e-01,1.875024e-01,-1.692851e+00,9.649712e-02,2.389269e+00
-1.218352e+00,-5.561560e+00,-1.241391e+00,-1.757825e-02,1.125257e+00,4.246174e-01,-2.909701e-01,1.288223e-01,-1.715873e+00,5.885944e-02,2.315532e+00
-8.042549e-01,-5.239716e+00,-9.566189e-01,1.514371e-01,1.201732e+00,6.229748e-01,-2.309268e-01,1.838195e-01,-1.692051e+00,1.210496e-01,2.469997e+00
-1.185411e+00,-5.520604e+00,-1.232045e+00,-1.136801e-01,1.041369e+00,4.926214e-01,-2.791906e-01,1.194203e-01,-1.741480e+00,1.518781e-01,2.447171e+00
-9.283528e-01,-5.261351e+00,-1.043021e+00,1.556365e-01,1.212888e+00,5.423535e-01,-2.250517e-01,2.136168e-01,-1.623099e+00,1.389203e-01,2.455294e+00
-9.506483e-01,-5.461705e+00,-1.081897e+00,7.847934e-02,1.180048e+00,5.096922e-01,-2.833904e-01,2.147468e-01,-1.644194e+00,1.115756e-01,2.420632e+00
-9.998058e-01,-5.326752e+00,-1.127131e+00,2.518082e-02,1.193194e+00,4.703583e-01,-2.021080e-01,1.674640e-01,-1.685499e+00,1.851960e-01,2.440097e+00
-8.409693e-01,-5.272214e+00,-1.051835e+00,9.839675e-02,1.149551e+00,6.142712e-01,-2.736457e-01,1.827091e-01,-1.745290e+00,1.272849e-01,2.492461e+00
-9.499468e-01,-5.429124e+00,-1.142669e+00,1.144634e-01,1.095281e+00,5.837786e-01,-3.625749e-01,1.671874e-01,-1.681004e+00,1.348631e-03,2.399362e+00
-8.497714e-01,-5.361962e+00,-1.048452e+00,1.875558e-01,1.163475e+00,5.834640e-01,-3.120564e-01,1.864353e-01,-1.608929e+00,3.451803e-02,2.420761e+00
-1.026033e+00,-5.451320e+00,-1.158902e+00,8.449436e-02,1.135551e+00,5.812387e-01,-2.252156e-01,1.437172e-01,-1.650306e+00,5.791379e-02,2.401881e+00
-7.552211e-01,-5.179251e+00,-9.891321e-01,1.342113e-01,1.154471e+00,6.219616e-01,-1.750114e-01,1.112302e-01,-1.675547e+00,1.062008e-01,2.475005e+00
-1.174472e+00,-5.562733e+00,-1.302709e+00,-4.616781e-03,9.961178e-01,4.437275e-01,-3.563911e-01,9.123363e-02,-1.710086e+00,1.868130e-02,2.364544e+00
-8.973357e-01,-5.272947e+00,-1.045303e+00,2.126520e-01,1.195972e+00,5.524509e-01,-2.423653e-01,1.738629e-01,-1.608679e+00,6.360733e-02,2.404839e+00
-1.030564e+00,-5.427539e+00,-1.153327e+00,6.838406e-02,1.109800e+00,5.164602e-01,-2.963648e-01,1.330796e-01,-1.709769e+00,4.180292e-02,2.400394e+00
-8.532748e-01,-5.190673e+00,-9.934871e-01,1.394935e-01,1.162701e+00,7.196162e-01,-1.950841e-01,1.915187e-01,-1.684613e+00,1.579200e-01,2.500912e+00
-1.055829e+00,-5.445556e+00,-1.103005e+00,1.992224e-02,1.180525e+00,4.880280e-01,-2.561383e-01,1.359673e-01,-1.679471e+00,8.571399e-02,2.361492e+00
-9.934056e-01,-5.323423e+00,-1.112202e+00,2.152475e-01,1.231469e+00,5.932320e-01,-2.231523e-01,2.933694e-01,-1.592182e+00,1.209712e-01,2.499191e+00
-9.158449e-01,-5.281312e+00,-1.049056e+00,1.201866e-01,1.201750e+00,5.349309e-01,-2.254669e-01,2.226274e-01,-1.660552e+00,1.595343e-01,2.487793e+00
-1.067807e+00,-5.402439e+00,-1.138882e+00,-5.637149e-02,1.052698e+00,5.753704e-01,-3.127795e-01,7.929398e-02,-1.741004e+00,5.019148e-02,2.404636e+00
-8.993293e-01,-5.426618e+00,-1.072413e+00,5.941234e-02,1.085558e+00,5.678978e-01,-3.706795e-01,1.753761e-01,-1.681861e+00,5.445316e-02,2.435595e+00
-1.105603e+00,-5.484125e+00,-1.213664e+00,9.332769e-02,1.166524e+00,4.991232e-01,-2.954889e-01,2.232615e-01,-1.681524e+00,7.267643e-02,2.389689e+00
-1.012990e+00,-5.397942e+00,-1.195476e+00,4.789966e-02,1.098976e+00,4.500629e-01,-2.934494e-01,1.396211e-01,-1.703770e+00,7.670815e-02,2.442008e+00
-1.002666e+00,-5.353614e+00,-1.119937e+00,5.148720e-02,1.087701e+00,6.184153e-01,-2.470763e-01,1.220611e-01,-1.722209e+00,8.805970e-02,2.425710e+00
-9.796415e-01,-5.369554e+00,-1.153591e+00,7.697139e-02,1.081394e+00,4.697129e-01,-3.178795e-01,7.729637e-02,-1.757471e+00,3.390452e-02,2.343198e+00
-9.809555e-01,-5.456955e+00,-1.138669e+00,1.496167e-01,1.177838e+00,4.886834e-01,-2.312524e-01,1.689700e-01,-1.652859e+00,6.222069e-02,2.385374e+00
-9.018822e-01,-5.365268e+00,-1.075877e+00,1.561936e-01,1.165589e+00,5.705340e-01,-1.971636e-01,1.420361e-01,-1.610836e+00,8.411457e-02,2.459741e+00
-8.021715e-01,-5.211264e+00,-1.008557e+00,1.380683e-01,1.158639e+00,6.158435e-01,-1.704068e-01,1.476339e-01,-1.640600e+00,1.701828e-01,2.546193e+00
-1.053657e+00,-5.564802e+00,-1.271215e+00,2.183547e-03,1.002167e+00,4.244029e-01,-3.789147e-01,1.384214e-01,-1.745422e+00,4.968447e-02,2.464853e+00
-8.788111e-01,-5.293934e+00,-1.045385e+00,2.483535e-01,1.255779e+00,5.535063e-01,-2.469112e-01,2.448851e-01,-1.634750e+00,2.670772e-02,2.385480e+00
-1.207623e+00,-5.499701e+00,-1.203115e+00,1.677864e-02,1.132411e+00,4.838285e-01,-2.715239e-01,1.459786e-01,-1.675108e+00,2.521181e-02,2.268265e+00
-8.339509e-01,-5.151509e+00,-9.901313e-01,1.587880e-01,1.114191e+00,6.600782e-01,-2.888267e-01,1.497849e-01,-1.723219e+00,3.441593e-02,2.445937e+00
-1.243078e+00,-5.688532e+00,-1.379375e+00,-1.560989e-01,9.150462e-01,3.197817e-01,-4.842451e-01,4.673384e-02,-1.853185e+00,-3.562610e-02,2.412494e+00
-9.205229e-01,-5.317998e+00,-1.041109e+00,2.081031e-01,1.286044e+00,5.437697e-01,-2.177698e-01,2.660402e-01,-1.616158e+00,8.863518e-02,2.415529e+00
-1.034005e+00,-5.483271e+00,-1.110734e+00,1.162517e-01,1.134758e+00,5.883618e-01,-3.027739e-01,2.308376e-01,-1.663780e+00,3.749313e-02,2.397111e+00
-9.426528e-01,-5.260599e+00,-1.002340e+00,1.068816e-01,1.199353e+00,6.205820e-01,-1.534558e-01,1.907999e-01,-1.640669e+00,1.594835e-01,2.492388e+00
-9.661343e-01,-5.391155e+00,-1.062661e+00,9.101369e-02,1.134351e+00,5.428494e-01,-2.573603e-01,1.627982e-01,-1.693230e+00,7.373695e-02,2.442118e+00
-1.252762e+00,-5.748130e+00,-1.342069e+00,-8.862229e-02,9.531283e-01,3.819088e-01,-4.099291e-01,1.208229e-01,-1.700038e+00,3.225574e-02,2.431622e+00
-1.035758e+00,-5.493777e+00,-1.195479e+00,4.853448e-02,1.059031e+00,4.013006e-01,-3.811331e-01,7.688621e-02,-1.799097e+00,-7.701510e-02,2.209755e+00
-1.003151e+00,-5.423926e+00,-1.129175e+00,7.088131e-02,1.147341e+00,5.951889e-01,-1.599702e-01,2.143316e-01,-1.635242e+00,1.585519e-01,2.508025e+00
-9.529253e-01,-5.376675e+00,-1.097653e+00,6.691817e-02,1.082607e+00,5.172930e-01,-2.770256e-01,6.794422e-02,-1.683660e+00,-5.190843e-03,2.351321e+00
-1.112604e+00,-5.461764e+00,-1.152308e+00,1.780702e-01,1.216324e+00,6.040164e-01,-1.513977e-01,2.527487e-01,-1.471246e+00,1.041788e-01,2.420337e+00
-1.064058e+00,-5.551121e+00,-1.262382e+00,3.552605e-02,1.023130e+00,3.961394e-01,-4.093101e-01,6.815093e-02,-1.735117e+00,-8.851956e-02,2.341307e+00
-8.558675e-01,-5.309656e+00,-1.048169e+00,1.737083e-01,1.184306e+00,5.921127e-01,-2.156396e-01,2.034946e-01,-1.716877e+00,3.960787e-02,2.405878e+00
-1.016549e+00,-5.351376e+00,-1.130560e+00,5.528125e-02,1.092509e+00,5.911084e-01,-2.425309e-01,1.254513e-01,-1.702774e+00,7.847312e-02,2.456657e+00
-9.708123e-01,-5.348641e+00,-1.082707e+00,1.293965e-01,1.185972e+00,5.310458e-01,-2.464141e-01,2.022492e-01,-1.594172e+00,1.322950e-01,2.466872e+00
-1.195780e+00,-5.431454e+00,-1.248270e+00,9.002154e-02,1.158878e+00,4.801472e-01,-2.477674e-01,1.825167e-01,-1.676557e+00,6.043408e-02,2.371265e+00
-8.145131e-01,-5.152293e+00,-9.942055e-01,1.841227e-01,1.210130e+00,6.348819e-01,-1.942423e-01,2.349106e-01,-1.681318e+00,1.930544e-01,2.520213e+00
-1.134495e+00,-5.447281e+00,-1.199859e+00,-8.008840e-02,1.046744e+00,4.351470e-01,-3.371975e-01,2.122727e-02,-1.842057e+00,4.033827e-02,2.351406e+00
-8.528224e-01,-5.278632e+00,-9.934128e-01,1.559667e-01,1.302294e+00,5.226130e-01,-1.436212e-01,2.649915e-01,-1.577689e+00,2.243662e-01,2.478808e+00
-1.158449e+00,-5.479334e+00,-1.224433e+00,2.969146e-02,1.139126e+00,4.045777e-01,-3.188488e-01,1.371700e-01,-1.703563e+00,6.409746e-02,2.360529e+00
-9.463985e-01,-5.273589e+00,-1.050638e+00,6.613217e-02,1.128844e+00,5.845691e-01,-2.715929e-01,1.299168e-01,-1.671238e+00,1.018669e-01,2.437951e+00
-1.041154e+00,-5.377388e+00,-1.109199e+00,-2.867477e-02,1.110595e+00,5.425796e-01,-2.772664e-01,6.560642e-02,-1.723442e+00,3.545662e-02,2.347603e+00
-9.484185e-01,-5.343457e+00,-1.123086e+00,1.764694e-01,1.207014e+00,5.803254e-01,-2.253379e-01,2.712256e-01,-1.575009e+00,1.320520e-01,2.513981e+00
-9.916316e-01,-5.385885e+00,-1.206090e+00,1.753959e-01,1.114719e+00,5.348701e-01,-3.243712e-01,2.163001e-01,-1.652893e+00,3.877472e-02,2.449355e+00
-1.040612e+00,-5.351224e+00,-1.138433e+00,5.202525e-02,1.122750e+00,5.380924e-01,-2.166253e-01,8.068152e-02,-1.596710e+00,7.606636e-02,2.444058e+00
-8.342098e-01,-5.232929e+00,-1.039067e+00,1.231496e-01,1.060503e+00,6.082828e-01,-2.950104e-01,3.022201e-02,-1.720807e+00,-3.332870e-04,2.405218e+00
-9.123373e-01,-5.285033e+00,-1.038716e+00,2.286975e-01,1.250906e+00,5.908106e-01,-1.652957e-01,2.049103e-01,-1.591394e+00,1.252866e-01,2.418394e+00
-9.410539e-01,-5.359028e+00,-1.067173e+00,1.605713e-01,1.215342e+00,5.223318e-01,-2.134608e-01,1.813434e-01,-1.600667e+00,1.063405e-01,2.455733e+00
-1.075752e+00,-5.384610e+00,-1.151934e+00,5.801394e-02,1.164399e+00,5.213966e-01,-1.809057e-01,1.434557e-01,-1.653819e+00,1.339031e-01,2.456384e+00
-8.968764e-01,-5.255430e+00,-1.053028e+00,9.508770e-02,1.139991e+00,5.762122e-01,-2.357769e-01,1.320642e-01,-1.778765e+00,9.181425e-02,2.383586e+00
-9.779830e-01,-5.413205e+00,-1.100811e+00,1.495387e-01,1.131538e+00,5.360329e-01,-3.104324e-01,1.919708e-01,-1.696660e+00,1.521176e-02,2.394660e+00
-1.169982e+00,-5.611937e+00,-1.275363e+00,-1.642675e-02,9.549244e-01,3.943441e-01,-5.288312e-01,2.352847e-02,-1.878895e+00,-2.194376e-01,2.150262e+00
-9.627594e-01,-5.403300e+00,-1.101296e+00,3.093649e-02,1.105579e+00,4.805698e-01,-3.392227e-01,1.233897e-01,-1.761430e+00,-1.946410e-02,2.298534e+00
-1.206539e+00,-5.498601e+00,-1.344483e+00,-1.131676e-01,1.008968e+00,4.099812e-01,-3.190560e-01,1.210714e-01,-1.798830e+00,1.162621e-01,2.541323e+00
-7.749956e-01,-5.239478e+00,-9.690149e-01,2.550290e-01,1.264995e+00,6.293130e-01,-2.238352e-01,2.975669e-01,-1.656289e+00,8.498099e-02,2.445080e+00
-1.258218e+00,-5.547944e+00,-1.238922e+00,5.742578e-02,1.160534e+00,4.948778e-01,-2.440698e-01,2.314875e-01,-1.570157e+00,1.046604e-01,2.421259e+00
-8.511459e-01,-5.341128e+00,-1.034710e+00,1.639018e-01,1.089981e+00,6.168245e-01,-3.536028e-01,2.022615e-01,-1.695876e+00,3.701955e-02,2.421490e+00
-1.002475e+00,-5.336433e+00,-1.147263e+00,3.238849e-02,1.062357e+00,5.231823e-01,-2.541535e-01,1.158027e-01,-1.716094e+00,7.965683e-02,2.467630e+00
-8.232218e-01,-5.329816e+00,-1.054906e+00,2.165039e-01,1.138375e+00,6.115721e-01,-2.836906e-01,2.067524e-01,-1.676460e+00,1.627295e-02,2.416183e+00
-1.064376e+00,-5.469739e+00,-1.180697e+00,1.627681e-01,1.122497e+00,5.179516e-01,-2.614005e-01,1.904827e-01,-1.596823e+00,6.516255e-02,2.419394e+00
-9.031330e-01,-5.311015e+00,-1.018520e+00,1.598610e-01,1.239427e+00,4.899343e-01,-1.519863e-01,1.238096e-01,-1.607507e+00,1.072649e-01,2.365101e+00
-8.159034e-01,-5.160088e+00,-9.443628e-01,1.652127e-01,1.175500e+00,6.726009e-01,-1.502420e-01,1.259123e-01,-1.664969e+00,1.011054e-01,2.431541e+00
-8.712829e-01,-5.371641e+00,-1.014155e+00,1.627345e-01,1.143028e+00,6.249706e-01,-2.637185e-01,2.021608e-01,-1.602080e+00,8.196135e-02,2.467324e+00
-9.555908e-01,-5.302205e+00,-1.066580e+00,2.448367e-01,1.257262e+00,5.798271e-01,-1.848481e-01,2.721502e-01,-1.535508e+00,1.133883e-01,2.460320e+00
-1.260501e+00,-5.645583e+00,-1.357766e+00,-7.838421e-02,1.016966e+00,3.329934e-01,-4.100842e-01,9.606812e-02,-1.755789e+00,-5.584094e-03,2.352135e+00
-8.128962e-01,-5.178356e+00,-9.219489e-01,1.385432e-01,1.228378e+00,7.133943e-01,-1.747265e-01,2.243950e-01,-1.627386e+00,1.310455e-01,2.466897e+00
-1.166814e+00,-5.513354e+00,-1.185943e+00,-5.201395e-02,1.071783e+00,5.047373e-01,-3.068861e-01,1.268979e-01,-1.654895e+00,1.183671e-01,2.445353e+00
-9.737166e-01,-5.308549e+00,-1.089055e+00,1.609910e-01,1.231863e+00,5.150269e-01,-2.355729e-01,2.140156e-01,-1.597556e+00,1.163847e-01,2.496148e+00
-9.098597e-01,-5.227580e+00,-1.002180e+00,2.199840e-01,1.298643e+00,5.784454e-01,-1.803431e-01,2.464019e-01,-1.676229e+00,1.225756e-01,2.393783e+00
-8.724873e-01,-5.133131e+00,-1.000469e+00,1.291573e-01,1.183787e+00,6.106543e-01,-1.996382e-01,1.407818e-01,-1.716838e+00,1.510650e-01,2.470073e+00
-9.557760e-01,-5.230470e+00,-1.031630e+00,7.337683e-02,1.233700e+00,4.853329e-01,-1.578441e-01,1.103189e-01,-1.662906e+00,1.463955e-01,2.411796e+00
-1.389524e+00,-5.713705e+00,-1.450431e+00,-1.780648e-01,9.752301e-01,2.264284e-01,-3.834159e-01,5.332424e-02,-1.736637e+00,1.119704e-01,2.422320e+00
-9.769933e-01,-5.343352e+00,-1.115207e+00,1.071778e-01,1.154834e+00,4.813439e-01,-2.635310e-01,1.382243e-01,-1.669776e+00,5.216548e-02,2.364384e+00
-1.276968e+00,-5.546380e+00,-1.339866e+00,-1.219034e-01,9.484441e-01,4.558975e-01,-3.302962e-01,1.346333e-02,-1.752108e+00,6.371652e-02,2.439471e+00
-8.539165e-01,-5.201201e+00,-1.078065e+00,1.729238e-01,1.199807e+00,5.746031e-01,-1.700880e-01,1.918962e-01,-1.626702e+00,1.637348e-01,2.496031e+00
-1.140928e+00,-5.446280e+00,-1.276171e+00,1.515961e-01,1.102883e+00,5.100317e-01,-2.648862e-01,1.878697e-01,-1.625665e+00,8.144651e-02,2.410673e+00
-9.593453e-01,-5.319483e+00,-1.083764e+00,1.464913e-01,1.177644e+00,5.243571e-01,-2.651048e-01,7.827678e-02,-1.666671e+00,-3.429515e-02,2.285418e+00
-9.418786e-01,-5.301431e+00,-1.051709e+00,4.438609e-02,1.147108e+00,5.906896e-01,-2.204096e-01,1.178925e-01,-1.620814e+00,1.261543e-01,2.442013e+00
-9.187113e-01,-5.242090e+00,-1.078292e+00,1.594097e-01,1.178777e+00,6.326957e-01,-1.906175e-01,2.194049e-01,-1.627599e+00,1.726693e-01,2.532966e+00
-9.217606e-01,-5.252119e+00,-1.087898e+00,2.638578e-01,1.189391e+00,6.129167e-01,-2.611856e-01,2.678324e-01,-1.635625e+00,1.037026e-01,2.469098e+00
-1.051183e+00,-5.357527e+00,-1.107077e+00,1.262035e-01,1.178369e+00,5.237752e-01,-2.744734e-01,1.462809e-01,-1.692647e+00,3.351979e-02,2.319323e+00
-9.417420e-01,-5.228911e+00,-1.047234e+00,5.740827e-02,1.128238e+00,5.318030e-01,-2.673654e-01,9.182685e-02,-1.749051e+00,1.137164e-01,2.392324e+00
-1.131645e+00,-5.367306e+00,-1.170432e+00,7.950430e-02,1.109975e+00,6.418502e-01,-2.333871e-01,2.273831e-01,-1.689423e+00,1.856144e-01,2.473353e+00
-9.224142e-01,-5.373672e+00,-1.027182e+00,1.357709e-01,1.219578e+00,5.145133e-01,-2.469231e-01,2.274910e-01,-1.601674e+00,1.156579e-01,2.436158e+00
-1.192703e+00,-5.537265e+00,-1.208248e+00,3.922357e-02,1.140300e+00,4.424208e-01,-3.037348e-01,1.378671e-01,-1.711285e+00,-3.952503e-03,2.324397e+00
-8.814374e-01,-5.247179e+00,-1.039793e+00,1.616684e-01,1.185777e+00,6.115864e-01,-2.113353e-01,2.110765e-01,-1.673445e+00,7.837699e-02,2.482626e+00
-8.711647e-01,-5.220865e+00,-9.801220e-01,1.825071e-01,1.247584e+00,6.701489e-01,-1.612195e-01,2.140441e-01,-1.629116e+00,7.480175e-02,2.491028e+00
-9.783192e-01,-5.396432e+00,-1.112660e+00,1.411055e-01,1.096765e+00,5.293601e-01,-3.622248e-01,1.489214e-01,-1.637341e+00,-1.196653e-02,2.443033e+00
-9.066093e-01,-5.458788e+00,-1.110314e+00,1.995716e-01,1.090656e+00,6.149641e-01,-3.631303e-01,2.536096e-01,-1.634733e+00,2.856359e-02,2.454009e+00
-1.156493e+00,-5.463485e+00,-1.314049e+00,4.807489e-03,1.051307e+00,4.302032e-01,-2.587625e-01,1.080351e-01,-1.706324e+00,2.676796e-02,2.384903e+00
-6.907452e-01,-5.184084e+00,-9.387893e-01,2.597322e-01,1.163022e+00,6.910733e-01,-1.927284e-01,1.906076e-01,-1.616904e+00,6.708284e-02,2.508541e+00
-1.031531e+00,-5.492745e+00,-1.193701e+00,1.323923e-01,1.042860e+00,5.094813e-01,-3.589378e-01,8.783403e-02,-1.713451e+00,-1.345976e-01,2.306682e+00
-9.391755e-01,-5.382400e+00,-1.120396e+00,1.813218e-01,1.118770e+00,4.872545e-01,-3.213911e-01,1.381032e-01,-1.694595e+00,-3.812859e-02,2.315487e+00
-8.524235e-01,-5.262846e+00,-1.010343e+00,2.105777e-01,1.160261e+00,5.804442e-01,-2.380283e-01,1.418600e-01,-1.715725e+00,1.032153e-04,2.401571e+00
-7.094126e-01,-5.144318e+00,-8.672002e-01,2.009136e-01,1.262870e+00,7.062169e-01,-9.233679e-02,2.431792e-01,-1.623208e+00,1.728652e-01,2.506433e+00
-1.034593e+00,-5.381418e+00,-1.145894e+00,1.329214e-01,1.127969e+00,4.799264e-01,-3.409795e-01,1.177511e-01,-1.787645e+00,-4.684940e-02,2.284733e+00
-1.127314e+00,-5.537684e+00,-1.225090e+00,6.748675e-02,1.139547e+00,4.346449e-01,-3.178518e-01,1.868599e-01,-1.711931e+00,1.358716e-02,2.349134e+00
-9.535966e-01,-5.329419e+00,-1.034674e+00,8.808287e-02,1.193116e+00,5.063291e-01,-2.639010e-01,1.353213e-01,-1.713120e+00,3.595851e-02,2.318724e+00
-1.106079e+00,-5.391883e+00,-1.095399e+00,-3.301114e-02,1.131263e+00,5.574506e-01,-2.492216e-01,9.304469e-02,-1.731731e+00,7.005724e-02,2.369563e+00
-8.319917e-01,-5.174747e+00,-9.707131e-01,2.045174e-01,1.254971e+00,5.430850e-01,-2.555968e-01,1.518828e-01,-1.678975e+00,2.842368e-02,2.385209e+00
-9.929444e-01,-5.389051e+00,-1.147445e+00,1.705309e-01,1.202173e+00,5.294234e-01,-2.935089e-01,2.474313e-01,-1.686272e+00,3.742172e-02,2.355927e+00
-7.967858e-01,-5.138064e+00,-9.238744e-01,2.001785e-01,1.268214e+00,6.120811e-01,-2.225772e-01,1.534840e-01,-1.676439e+00,3.062972e-02,2.292959e+00
-1.000325e+00,-5.295284e+00,-1.077244e+00,6.997194e-02,1.100923e+00,6.563523e-01,-2.382043e-01,1.327760e-01,-1.677055e+00,1.230557e-01,2.468857e+00
-1.083471e+00,-5.304232e+00,-1.169067e+00,7.331573e-02,1.142583e+00,4.319296e-01,-2.284280e-01,6.057357e-02,-1.661559e+00,6.222718e-02,2.371568e+00
-1.169067e+00,-5.551802e+00,-1.248596e+00,5.193860e-02,1.123206e+00,4.846753e-01,-1.965299e-01,2.274336e-01,-1.489966e+00,2.099810e-01,2.542203e+00
-8.099316e-01,-5.148124e+00,-9.517560e-01,3.152927e-01,1.280345e+00,6.888569e-01,-1.173584e-01,2.252663e-01,-1.566764e+00,1.642207e-01,2.449066e+00
-9.322101e-01,-5.239447e+00,-1.116868e+00,8.427578e-02,1.137776e+00,5.355865e-01,-1.817896e-01,7.987726e-02,-1.733727e+00,1.128909e-01,2.402219e+00
-1.014691e+00,-5.397411e+00,-1.206701e+00,9.988516e-02,1.064406e+00,4.932559e-01,-3.375749e-01,9.115842e-02,-1.744620e+00,-1.143636e-02,2.383426e+00
-1.101496e+00,-5.530640e+00,-1.244675e+00,-5.448706e-02,1.028165e+00,3.340020e-01,-3.988861e-01,5.037794e-02,-1.701964e+00,3.691672e-02,2.359168e+00
-9.742567e-01,-5.234777e+00,-1.051750e+00,1.692134e-01,1.232087e+00,6.040126e-01,-1.877947e-01,2.187778e-01,-1.555811e+00,1.472851e-01,2.464269e+00
-8.368704e-01,-5.131925e+00,-9.910278e-01,9.939219e-02,1.211716e+00,5.774040e-01,-2.104207e-01,8.355365e-02,-1.736370e+00,5.551796e-02,2.407657e+00
-1.069754e+00,-5.343758e+00,-1.133916e+00,5.368840e-02,1.206527e+00,4.545131e-01,-2.481668e-01,9.858753e-02,-1.746215e+00,3.719832e-02,2.307609e+00
-9.376165e-01,-5.297666e+00,-1.032673e+00,2.116764e-01,1.231133e+00,6.440108e-01,-2.115781e-01,2.863769e-01,-1.562718e+00,1.180237e-01,2.455640e+00
-9.652651e-01,-5.326323e+00,-1.034285e+00,1.126655e-01,1.230334e+00,5.531619e-01,-2.333365e-01,1.981478e-01,-1.662828e+00,1.234871e-01,2.398648e+00
-8.915193e-01,-5.202497e+00,-1.023130e+00,8.435801e-02,1.191710e+00,6.078337e-01,-1.696544e-01,1.699333e-01,-1.700939e+00,1.601066e-01,2.470109e+00
-8.835743e-01,-5.224269e+00,-9.938954e-01,1.610159e-01,1.202448e+00,5.852007e-01,-2.294471e-01,1.594631e-01,-1.694190e+00,8.352162e-02,2.378617e+00
-1.126270e+00,-5.431542e+00,-1.163691e+00,8.360883e-02,1.190825e+00,4.479364e-01,-1.889942e-01,2.067532e-01,-1.540555e+00,1.165936e-01,2.420296e+00
-9.648886e-01,-5.371178e+00,-1.124561e+00,1.363982e-01,1.102860e+00,5.011877e-01,-3.335320e-01,1.632854e-01,-1.728482e+00,2.981685e-02,2.358026e+00
-1.057784e+00,-5.334826e+00,-1.111108e+00,7.642459e-02,1.107058e+00,5.775061e-01,-2.443629e-01,8.806741e-02,-1.705059e+00,3.306083e-02,2.390678e+00
-1.021987e+00,-5.212861e+00,-1.061178e+00,1.532826e-01,1.209645e+00,5.710547e-01,-1.538166e-01,9.155124e-02,-1.594972e+00,1.657867e-02,2.304897e+00
-1.076220e+00,-5.405216e+00,-1.155552e+00,1.861715e-01,1.212120e+00,5.217016e-01,-2.200779e-01,1.532444e-01,-1.615971e+00,-3.062240e-02,2.281924e+00
-9.984423e-01,-5.309682e+00,-1.198246e+00,1.758635e-01,1.124035e+00,4.618597e-01,-3.101279e-01,1.070591e-01,-1.728028e+00,-7.838105e-02,2.246947e+00
-1.046582e+00,-5.285136e+00,-1.056040e+00,1.232659e-01,1.297946e+00,6.812162e-01,2.301417e-02,2.570401e-01,-1.491203e+00,2.015901e-01,2.433251e+00
-9.403877e-01,-5.247137e+00,-9.972282e-01,1.379614e-01,1.246475e+00,5.580841e-01,-1.621560e-01,1.032432e-01,-1.670246e+00,1.696970e-02,2.294246e+00
-1.310061e+00,-5.612284e+00,-1.412653e+00,-8.082770e-02,9.159431e-01,2.864130e-01,-4.544835e-01,5.709851e-02,-1.726411e+00,1.639711e-02,2.411732e+00
-9.425530e-01,-5.297267e+00,-1.075018e+00,2.132054e-01,1.260511e+00,4.859786e-01,-2.204041e-01,2.207333e-01,-1.672959e+00,8.369990e-02,2.364417e+00
-7.909776e-01,-5.073411e+00,-9.278826e-01,1.875336e-01,1.299225e+00,5.590156e-01,-1.239253e-01,1.603215e-01,-1.709081e+00,1.232254e-01,2.401349e+00
-1.103252e+00,-5.351387e+00,-1.163157e+00,1.114391e-01,1.109415e+00,6.197840e-01,-2.258765e-01,2.292257e-01,-1.678324e+00,1.261688e-01,2.503430e+00
-8.696994e-01,-5.318446e+00,-1.007958e+00,2.224675e-01,1.236284e+00,5.743697e-01,-2.482173e-01,2.474529e-01,-1.650079e+00,4.854678e-02,2.412858e+00
-8.856836e-01,-5.388258e+00,-1.025553e+00,2.275668e-01,1.192105e+00,6.038714e-01,-2.807528e-01,2.739844e-01,-1.653993e+00,7.082499e-02,2.494987e+00
-1.030880e+00,-5.340972e+00,-1.088656e+00,9.762221e-03,1.124325e+00,4.899723e-01,-2.605841e-01,8.393475e-02,-1.742501e+00,4.768994e-02,2.307043e+00
-1.214147e+00,-5.406745e+00,-1.242315e+00,-4.800898e-02,1.110139e+00,4.421272e-01,-2.112423e-01,1.140179e-01,-1.674719e+00,1.556247e-01,2.488216e+00
-1.045458e+00,-5.339243e+00,-1.149258e+00,1.458136e-01,1.193969e+00,4.796713e-01,-2.618466e-01,1.374258e-01,-1.648850e+00,-6.344398e-03,2.380582e+00
-9.937086e-01,-5.326969e+00,-1.098743e+00,1.464815e-01,1.181503e+00,5.147058e-01,-2.803375e-01,1.271479e-01,-1.655664e+00,-1.414169e-04,2.312739e+00
-1.068164e+00,-5.344256e+00,-1.177497e+00,1.382581e-01,1.038093e+00,6.802943e-01,-3.009732e-01,1.819778e-01,-1.606686e+00,1.101203e-01,2.546357e+00
-9.799169e-01,-5.146395e+00,-1.106392e+00,1.423150e-01,1.143180e+00,5.812811e-01,-1.726279e-01,8.171963e-02,-1.636322e+00,1.090003e-01,2.437862e+00
-9.926193e-01,-5.338793e+00,-1.075861e+00,1.729292e-01,1.213093e+00,5.395818e-01,-1.791393e-01,1.334007e-01,-1.589686e+00,7.707668e-02,2.356674e+00
-1.009738e+00,-5.334551e+00,-1.118701e+00,1.323760e-01,1.157688e+00,4.895653e-01,-2.461576e-01,1.196808e-01,-1.659449e+00,5.758070e-02,2.273503e+00
-1.008203e+00,-5.268761e+00,-1.048154e+00,1.583933e-01,1.216563e+00,6.450646e-01,-1.231841e-01,1.888985e-01,-1.589479e+00,1.358710e-01,2.389193e+00
-8.235463e-01,-5.176640e+00,-9.801271e-01,1.814261e-01,1.172534e+00,6.797658e-01,-2.116413e-01,1.545186e-01,-1.722251e+00,8.864229e-02,2.432312e+00
-1.027791e+00,-5.338407e+00,-1.083771e+00,1.433986e-01,1.185905e+00,5.669230e-01,-2.443212e-01,1.696060e-01,-1.629665e+00,5.569320e-02,2.363489e+00
-1.030003e+00,-5.318848e+00,-1.080671e+00,1.852658e-01,1.254434e+00,5.702143e-01,-2.001587e-01,2.048480e-01,-1.625769e+00,2.259933e-02,2.320526e+00
-1.051970e+00,-5.219161e+00,-1.138540e+00,2.969888e-02,1.188137e+00,4.047180e-01,-2.167832e-01,8.829131e-02,-1.674405e+00,1.424101e-01,2.444887e+00
-1.142707e+00,-5.209804e+00,-1.187291e+00,6.182496e-02,1.183502e+00,5.786462e-01,-1.811321e-01,1.820097e-01,-1.664003e+00,1.837583e-01,2.511854e+00
-9.239048e-01,-5.231554e+00,-1.022310e+00,1.557409e-01,1.269826e+00,6.081445e-01,-1.975880e-01,2.591894e-01,-1.565743e+00,1.536037e-01,2.418327e+00
-1.163703e+00,-5.416810e+00,-1.193300e+00,7.979135e-02,1.201489e+00,4.691463e-01,-2.733245e-01,1.560419e-01,-1.678005e+00,1.654570e-02,2.327028e+00
-8.680405e-01,-5.163920e+00,-1.041992e+00,1.364157e-01,1.239720e+00,4.818027e-01,-2.081749e-01,1.364359e-01,-1.727076e+00,9.518389e-02,2.374908e+00
-9.063995e-01,-5.143078e+00,-9.804488e-01,2.407580e-01,1.310618e+00,7.831816e-01,-3.938412e-02,2.798953e-01,-1.643532e+00,2.158951e-01,2.534075e+00
-8.817346e-01,-5.195201e+00,-9.984405e-01,2.285315e-01,1.270366e+00,6.241137e-01,-1.088075e-01,2.823396e-01,-1.497724e+00,2.600168e-01,2.556749e+00
-9.754168e-01,-5.302721e+00,-1.088112e+00,1.895570e-01,1.226136e+00,4.671792e-01,-1.970309e-01,1.385683e-01,-1.584090e+00,3.566120e-02,2.386283e+00
-1.027027e+00,-5.328609e+00,-1.142079e+00,2.147906e-01,1.116068e+00,6.351762e-01,-2.029368e-01,1.840803e-01,-1.582009e+00,4.687902e-02,2.496560e+00
-1.014442e+00,-5.179190e+00,-1.098701e+00,1.462088e-01,1.160694e+00,5.583332e-01,-1.123583e-01,1.276893e-01,-1.573054e+00,1.653837e-01,2.486243e+00
-1.237824e+00,-5.677702e+00,-1.330356e+00,-1.105338e-01,9.589614e-01,3.532278e-01,-3.794301e-01,3.663351e-02,-1.693682e+00,3.897781e-03,2.384050e+00
-1.144070e+00,-5.438014e+00,-1.275029e+00,1.007742e-01,1.088133e+00,4.122808e-01,-3.274965e-01,1.465840e-01,-1.665033e+00,3.263947e-02,2.383442e+00
-1.271565e+00,-5.533068e+00,-1.258805e+00,-6.547517e-03,1.101724e+00,4.629108e-01,-2.012987e-01,1.753565e-01,-1.546814e+00,1.420879e-01,2.474737e+00
-9.152847e-01,-5.242433e+00,-1.017890e+00,4.967031e-02,1.100834e+00,6.259199e-01,-2.394090e-01,1.266757e-01,-1.651807e+00,9.785704e-02,2.475444e+00
-1.159901e+00,-5.443420e+00,-1.160503e+00,4.938330e-02,1.131803e+00,5.294938e-01,-2.958068e-01,1.361670e-01,-1.703190e+00,-5.990518e-03,2.305903e+00
-1.031225e+00,-5.285252e+00,-1.076782e+00,2.142983e-01,1.356093e+00,5.182782e-01,-9.951979e-02,2.940509e-01,-1.556973e+00,1.450239e-01,2.365150e+00
-1.086997e+00,-5.354545e+00,-1.108398e+00,5.908240e-02,1.211831e+00,4.124663e-01,-2.271372e-01,1.011923e-01,-1.699459e+00,4.027448e-02,2.264595e+00
-1.033959e+00,-5.334066e+00,-1.095653e+00,3.958689e-02,1.123878e+00,5.915717e-01,-1.880327e-01,1.970410e-01,-1.635278e+00,1.854753e-01,2.548698e+00
-9.394134e-01,-5.152349e+00,-9.960294e-01,2.172761e-01,1.251607e+00,5.930721e-01,-1.736886e-01,1.877323e-01,-1.692781e+00,8.044153e-02,2.328003e+00
-9.416424e-01,-5.347495e+00,-1.057166e+00,2.800276e-01,1.226909e+00,6.413592e-01,-2.182951e-01,3.440812e-01,-1.548868e+00,1.556029e-01,2.530707e+00
-8.861712e-01,-5.236614e+00,-1.018957e+00,2.174621e-01,1.255313e+00,5.506143e-01,-1.646731e-01,2.353858e-01,-1.555139e+00,1.580136e-01,2.513693e+00
-9.195002e-01,-5.186261e+00,-1.047513e+00,1.807119e-01,1.118436e+00,6.317224e-01,-2.595822e-01,1.205382e-01,-1.752771e+00,5.358433e-02,2.450569e+00
-8.409674e-01,-5.136356e+00,-1.022419e+00,2.392499e-01,1.268859e+00,5.505029e-01,-1.285550e-01,1.899487e-01,-1.653804e+00,1.200495e-01,2.413755e+00
-9.333838e-01,-5.324454e+00,-1.054960e+00,3.138726e-01,1.268120e+00,7.014204e-01,-1.459016e-01,3.280654e-01,-1.448555e+00,9.646449e-02,2.489158e+00
-9.989899e-01,-5.344125e+00,-1.149667e+00,1.058199e-01,1.096790e+00,4.685491e-01,-3.471381e-01,6.980833e-03,-1.729025e+00,-1.243650e-01,2.206031e+00
-9.869698e-01,-5.314137e+00,-1.191475e+00,5.871956e-02,1.002850e+00,5.628785e-01,-3.517320e-01,7.192852e-02,-1.743843e+00,3.000442e-02,2.439544e+00
-9.476242e-01,-5.227410e+00,-1.097368e+00,1.610159e-01,1.252418e+00,5.874249e-01,-7.752315e-02,2.515788e-01,-1.542100e+00,2.527746e-01,2.607946e+00
-8.889886e-01,-5.261446e+00,-1.066989e+00,1.761100e-01,1.176491e+00,5.390363e-01,-2.849953e-01,1.915398e-01,-1.613257e+00,8.835331e-02,2.415300e+00
-1.130990e+00,-5.296103e+00,-1.143554e+00,1.281112e-01,1.163366e+00,5.051903e-01,-2.577298e-01,9.544928e-02,-1.684051e+00,8.487744e-03,2.268205e+00
-8.132230e-01,-5.116806e+00,-9.662998e-01,1.188798e-01,1.174164e+00,5.852594e-01,-1.902149e-01,1.611428e-01,-1.634704e+00,2.106753e-01,2.533418e+00
-1.060129e+00,-5.320578e+00,-1.106625e+00,6.133916e-02,1.107056e+00,5.441257e-01,-2.719511e-01,1.146408e-01,-1.717498e+00,9.004325e-02,2.401896e+00
-9.373334e-01,-5.252113e+00,-1.059530e+00,1.987145e-01,1.171770e+00,5.610850e-01,-3.084731e-01,1.510983e-01,-1.748576e+00,-1.849928e-02,2.293551e+00
-1.050609e+00,-5.348467e+00,-1.086148e+00,1.937221e-01,1.309265e+00,6.292646e-01,-1.224807e-01,3.348872e-01,-1.579440e+00,1.872478e-01,2.435883e+00
-1.023667e+00,-5.351367e+00,-1.123067e+00,-7.037926e-03,1.098530e+00,5.166862e-01,-2.833689e-01,8.001533e-02,-1.733918e+00,7.400430e-02,2.441945e+00
-1.083347e+00,-5.253998e+00,-1.030636e+00,1.041354e-01,1.333726e+00,6.235272e-01,-4.111900e-02,2.028113e-01,-1.562890e+00,1.530268e-01,2.345464e+00
-8.046812e-01,-5.048109e+00,-9.500017e-01,3.201937e-01,1.268753e+00,6.156500e-01,-2.538377e-01,1.747346e-01,-1.646976e+00,1.391263e-02,2.367329e+00
-9.492974e-01,-5.211817e+00,-1.089467e+00,2.251858e-01,1.265762e+00,5.458709e-01,-2.000135e-01,2.208176e-01,-1.600644e+00,9.833017e-02,2.452444e+00
-1.116898e+00,-5.314692e+00,-1.171611e+00,1.054658e-01,1.171809e+00,5.639955e-01,-1.473479e-01,1.861767e-01,-1.592947e+00,1.961499e-01,2.487661e+00
-8.661445e-01,-5.010524e+00,-9.688702e-01,2.599940e-01,1.255338e+00,6.967450e-01,-5.304854e-02,1.511163e-01,-1.554536e+00,1.426248e-01,2.438554e+00
-8.339193e-01,-5.257999e+00,-9.898404e-01,2.982004e-01,1.223023e+00,6.798813e-01,-2.107589e-01,1.959402e-01,-1.599510e+00,1.447103e-02,2.344485e+00
-8.626689e-01,-5.215002e+00,-1.029408e+00,2.590839e-01,1.236463e+00,5.117039e-01,-1.854039e-01,1.448885e-01,-1.584985e+00,3.473333e-02,2.381459e+00
-9.101680e-01,-5.147525e+00,-9.671527e-01,2.214168e-01,1.235430e+00,6.027679e-01,-1.420173e-01,1.011606e-01,-1.633731e+00,6.361013e-02,2.396328e+00
-9.996067e-01,-5.086806e+00,-1.095205e+00,1.798444e-01,1.134127e+00,5.284659e-01,-2.119939e-01,4.931575e-02,-1.722758e+00,2.461035e-02,2.420494e+00
-1.100212e+00,-5.361584e+00,-1.160166e+00,1.537209e-01,1.218155e+00,4.870243e-01,-1.987018e-01,1.811140e-01,-1.640814e+00,4.999699e-02,2.399471e+00
-7.246715e-01,-5.126320e+00,-9.018152e-01,3.573905e-01,1.285361e+00,5.889731e-01,-3.103057e-01,1.948997e-01,-1.734783e+00,-3.567424e-02,2.293573e+00
-8.643675e-01,-5.197901e+00,-9.798680e-01,1.679103e-01,1.162509e+00,6.133996e-01,-2.722668e-01,1.511213e-01,-1.663537e+00,2.450437e-02,2.387830e+00
-1.213938e+00,-5.220636e+00,-1.106021e+00,1.441909e-01,1.329115e+00,7.320197e-01,7.718128e-02,3.856422e-01,-1.390665e+00,3.725397e-01,2.605497e+00
-1.068428e+00,-5.318438e+00,-1.189048e+00,1.220614e-01,1.145001e+00,4.563414e-01,-3.075512e-01,1.871309e-01,-1.686742e+00,8.508365e-02,2.467237e+00
-8.040558e-01,-5.192030e+00,-9.200028e-01,3.452534e-01,1.335595e+00,6.517063e-01,-1.861376e-01,3.057760e-01,-1.605807e+00,7.234895e-02,2.381758e+00
-9.988809e-01,-5.244030e+00,-1.034235e+00,8.279941e-02,1.206494e+00,5.012185e-01,-1.862635e-01,1.254942e-01,-1.588675e+00,1.255712e-01,2.435025e+00
-1.164667e+00,-5.369268e+00,-1.166813e+00,4.347350e-02,1.040577e+00,6.704922e-01,-2.219805e-01,2.067110e-01,-1.579950e+00,1.925853e-01,2.564447e+00
-9.960758e-01,-5.289556e+00,-1.142431e+00,2.291664e-01,1.093587e+00,5.901253e-01,-3.069544e-01,1.943966e-01,-1.656096e+00,2.727376e-02,2.477898e+00
-8.383608e-01,-5.253220e+00,-9.810110e-01,3.158916e-01,1.224466e+00,6.205374e-01,-2.608050e-01,2.033716e-01,-1.650400e+00,-2.199840e-02,2.310273e+00
-1.180966e+00,-5.340564e+00,-1.122490e+00,1.196800e-01,1.290990e+00,5.105648e-01,-2.292366e-02,1.252855e-01,-1.556651e+00,8.363388e-02,2.279388e+00
-1.052929e+00,-5.279832e+00,-1.179429e+00,4.049057e-02,1.019022e+00,4.599454e-01,-2.990084e-01,-6.523111e-02,-1.844800e+00,-1.012203e-01,2.228116e+00
-1.032536e+00,-5.225043e+00,-1.105512e+00,2.124527e-01,1.167774e+00,5.173857e-01,-2.102805e-01,1.062733e-01,-1.636293e+00,3.140196e-02,2.319599e+00
-1.028341e+00,-5.309829e+00,-1.130137e+00,1.898638e-01,1.168426e+00,5.256470e-01,-2.556473e-01,1.703059e-01,-1.628225e+00,3.164620e-02,2.315628e+00
-1.064945e+00,-5.199226e+00,-1.160003e+00,1.291718e-01,1.189191e+00,4.668407e-01,-2.226397e-01,1.108172e-01,-1.667101e+00,7.760701e-02,2.362343e+00
-8.256473e-01,-4.979668e+00,-9.871329e-01,2.206530e-01,1.309231e+00,6.216658e-01,-1.013338e-01,1.666015e-01,-1.702145e+00,1.172730e-01,2.429335e+00
-1.019553e+00,-5.197376e+00,-1.052998e+00,1.430765e-01,1.280621e+00,5.290806e-01,-1.512086e-01,1.542012e-01,-1.628449e+00,9.907726e-02,2.328247e+00
-1.081800e+00,-5.309810e+00,-1.088466e+00,1.989615e-01,1.265527e+00,6.244239e-01,-1.727913e-01,3.007123e-01,-1.523380e+00,2.002802e-01,2.486447e+00
-9.669446e-01,-5.184892e+00,-1.032314e+00,1.581816e-01,1.301092e+00,5.148592e-01,-1.689358e-01,1.781656e-01,-1.663084e+00,1.360751e-01,2.393632e+00
-9.724813e-01,-5.168066e+00,-1.095657e+00,1.279055e-01,1.206127e+00,5.709127e-01,-1.750863e-01,1.528267e-01,-1.734427e+00,1.353140e-01,2.516327e+00
-9.227236e-01,-5.219397e+00,-1.066489e+00,9.981038e-02,1.184055e+00,4.664594e-01,-2.740141e-01,5.713665e-02,-1.767382e+00,-6.275505e-03,2.321365e+00
-9.426127e-01,-5.138056e+00,-1.030254e+00,3.019110e-01,1.321318e+00,6.013753e-01,-1.334277e-01,2.760835e-01,-1.622368e+00,1.119626e-01,2.353281e+00
-8.753941e-01,-5.198394e+00,-1.027324e+00,1.108217e-01,1.187242e+00,4.339561e-01,-2.464501e-01,1.144343e-01,-1.656351e+00,1.496055e-01,2.421538e+00
-9.833217e-01,-5.145499e+00,-9.988910e-01,1.502864e-01,1.240596e+00,7.193084e-01,-9.328346e-02,1.632129e-01,-1.638227e+00,1.611272e-01,2.426640e+00
-7.669400e-01,-5.114775e+00,-9.148847e-01,2.426046e-01,1.217372e+00,6.464985e-01,-2.414469e-01,1.178911e-01,-1.675855e+00,8.217996e-03,2.321022e+00
-9.277216e-01,-5.196027e+00,-1.091983e+00,3.143921e-01,1.240686e+00,6.429182e-01,-1.771392e-01,2.821736e-01,-1.537139e+00,9.952473e-02,2.439343e+00
-8.528874e-01,-5.119446e+00,-1.055401e+00,2.945523e-01,1.224675e+00,5.898849e-01,-2.170702e-01,1.443292e-01,-1.614840e+00,-5.596910e-03,2.405350e+00
-1.221161e+00,-5.334089e+00,-1.172506e+00,1.540405e-01,1.248192e+00,7.436220e-01,2.049845e-02,2.477174e-01,-1.457530e+00,1.339685e-01,2.383487e+00
-8.706585e-01,-5.097129e+00,-9.551535e-01,2.544034e-01,1.282243e+00,6.897905e-01,-1.136800e-01,1.954417e-01,-1.555022e+00,1.320274e-01,2.422837e+00
-9.570592e-01,-5.406777e+00,-1.120120e+00,9.137861e-02,1.121577e+00,4.425374e-01,-3.673852e-01,5.723068e-02,-1.773433e+00,-1.208808e-01,2.223351e+00
-1.046814e+00,-5.195576e+00,-1.050921e+00,2.407805e-01,1.322484e+00,5.310752e-01,-1.109006e-01,1.601038e-01,-1.644814e+00,3.159828e-02,2.282961e+00
-9.856827e-01,-5.228754e+00,-1.058032e+00,1.208480e-01,1.168516e+00,5.831701e-01,-1.796631e-01,1.100619e-01,-1.744475e+00,1.476495e-02,2.316649e+00
-1.220307e+00,-5.379620e+00,-1.169686e+00,9.523149e-02,1.258656e+00,5.723685e-01,-5.666665e-02,2.351020e-01,-1.608635e+00,1.320237e-01,2.401003e+00
-9.965400e-01,-5.291431e+00,-1.028359e+00,1.839402e-01,1.304230e+00,4.892423e-01,-1.966875e-01,1.703304e-01,-1.719111e+00,3.180796e-03,2.191366e+00
-9.820178e-01,-5.219239e+00,-1.034408e+00,1.940327e-01,1.253075e+00,4.605554e-01,-2.298138e-01,1.156966e-01,-1.692175e+00,3.468757e-02,2.308631e+00
-7.755067e-01,-5.010121e+00,-8.590002e-01,2.114046e-01,1.332747e+00,5.969985e-01,-1.032731e-01,1.654238e-01,-1.644790e+00,1.641298e-01,2.467224e+00
-1.047443e+00,-5.210495e+00,-1.165977e+00,7.812705e-02,1.217433e+00,3.730407e-01,-1.936747e-01,6.972856e-02,-1.762186e+00,4.387575e-02,2.419208e+00
-1.182779e+00,-5.276586e+00,-1.202695e+00,1.113834e-01,1.197871e+00,3.936395e-01,-2.453942e-01,1.144208e-01,-1.620593e+00,5.180939e-02,2.338524e+00
-8.821365e-01,-5.145929e+00,-9.027075e-01,2.991639e-01,1.405791e+00,6.350506e-01,-9.164382e-02,2.118778e-01,-1.524820e+00,3.954796e-02,2.308298e+00
-1.140614e+00,-5.466015e+00,-1.240732e+00,-7.345156e-02,9.934057e-01,4.165443e-01,-3.465291e-01,1.726383e-02,-1.722864e+00,-8.920330e-03,2.366533e+00
-9.667757e-01,-5.273337e+00,-1.156762e+00,6.904936e-02,1.050039e+00,5.003356e-01,-2.783476e-01,9.401043e-02,-1.689526e+00,7.052906e-02,2.457646e+00
-8.913498e-01,-5.262040e+00,-1.057751e+00,3.062363e-01,1.194589e+00,5.790789e-01,-2.534791e-01,1.479063e-01,-1.651922e+00,-2.940182e-02,2.361356e+00
-7.761101e-01,-5.155703e+00,-9.049122e-01,3.389129e-01,1.267334e+00,6.172332e-01,-1.989432e-01,1.575656e-01,-1.581802e+00,1.900736e-02,2.360774e+00
-8.824815e-01,-5.187234e+00,-9.422594e-01,2.219343e-01,1.226272e+00,6.508486e-01,-1.512533e-01,1.320768e-01,-1.626473e+00,4.060412e-02,2.337612e+00
-7.726648e-01,-4.974342e+00,-8.641660e-01,2.538807e-01,1.290324e+00,6.192571e-01,-1.043170e-01,1.235991e-01,-1.656265e+00,1.373317e-01,2.394363e+00
-1.049539e+00,-5.299776e+00,-1.062375e+00,1.558754e-01,1.263456e+00,4.995159e-01,-1.661630e-01,1.349669e-01,-1.609204e+00,4.661210e-02,2.311395e+00
-1.246888e+00,-5.405668e+00,-1.248257e+00,1.217356e-01,1.210295e+00,4.612242e-01,-1.489203e-01,2.394143e-01,-1.552634e+00,1.336193e-01,2.390870e+00
-9.571116e-01,-5.112370e+00,-1.069257e+00,1.829146e-01,1.197716e+00,6.021387e-01,-1.904199e-01,2.107106e-01,-1.633440e+00,1.753770e-01,2.490026e+00
-1.203861e+00,-5.391042e+00,-1.202185e+00,-4.139297e-02,1.051585e+00,5.082114e-01,-2.994448e-01,5.038222e-02,-1.729238e+00,3.289073e-02,2.349706e+00
-9.746684e-01,-5.121608e+00,-1.046332e+00,2.028178e-01,1.227544e+00,5.797615e-01,-2.210436e-01,1.692041e-01,-1.610638e+00,8.911322e-02,2.421686e+00
-1.209271e+00,-5.256016e+00,-1.218058e+00,2.137212e-01,1.208447e+00,5.781341e-01,-2.205157e-01,2.571046e-01,-1.581563e+00,1.282745e-01,2.481718e+00
-7.926266e-01,-4.963381e+00,-9.255130e-01,2.223292e-01,1.337712e+00,5.211464e-01,-1.311975e-01,1.224658e-01,-1.661263e+00,1.070215e-01,2.375628e+00
-9.815547e-01,-5.174615e+00,-1.089220e+00,1.420693e-01,1.130239e+00,5.894512e-01,-2.565199e-01,8.577188e-02,-1.754093e+00,4.965628e-02,2.429035e+00
-9.915505e-01,-5.198210e+00,-1.092985e+00,1.783102e-01,1.163613e+00,5.101212e-01,-2.650598e-01,1.125236e-01,-1.683884e+00,7.232567e-02,2.351475e+00
-1.097468e+00,-5.315866e+00,-1.130563e+00,1.654098e-01,1.238989e+00,4.979612e-01,-1.759487e-01,1.477073e-01,-1.624381e+00,8.536233e-02,2.332680e+00
-1.429380e+00,-5.699107e+00,-1.500909e+00,-1.434449e-01,8.589032e-01,3.486343e-01,-3.665463e-01,5.457073e-02,-1.659489e+00,1.312147e-01,2.611516e+00
-6.975745e-01,-5.009530e+00,-9.161474e-01,2.000463e-01,1.142405e+00,6.213394e-01,-2.302831e-01,-2.506036e-03,-1.775827e+00,5.639846e-02,2.379251e+00
-9.349531e-01,-5.095914e+00,-1.067986e+00,2.948992e-01,1.260627e+00,5.658065e-01,-1.373755e-01,1.363780e-01,-1.610967e+00,8.256419e-02,2.389639e+00
-7.353933e-01,-5.030545e+00,-8.490337e-01,3.665733e-01,1.460510e+00,6.257861e-01,-3.492967e-02,2.414296e-01,-1.534338e+00,1.230975e-01,2.318533e+00
-1.106992e+00,-5.288806e+00,-1.139030e+00,1.022897e-01,1.204407e+00,5.374675e-01,-1.869751e-01,1.608642e-01,-1.564988e+00,1.519413e-01,2.444555e+00
-1.101475e+00,-5.071274e+00,-1.090082e+00,7.313590e-02,1.202715e+00,5.113137e-01,-1.757505e-01,-5.047596e-02,-1.744243e+00,-3.059554e-02,2.257992e+00
-1.050227e+00,-5.202433e+00,-1.080388e+00,1.142263e-01,1.328832e+00,4.635521e-01,-1.002333e-01,1.755957e-01,-1.600127e+00,1.972970e-01,2.377076e+00
-9.961916e-01,-5.138693e+00,-1.103678e+00,1.903654e-01,1.263013e+00,4.261882e-01,-2.009503e-01,1.856648e-01,-1.610792e+00,1.409376e-01,2.411460e+00
-7.829451e-01,-4.858530e+00,-8.289954e-01,4.067007e-01,1.451813e+00,6.761184e-01,-4.979962e-02,2.035249e-01,-1.564165e+00,8.324015e-02,2.403709e+00
-1.071642e+00,-5.063885e+00,-1.041366e+00,1.101017e-01,1.206052e+00,5.296221e-01,-1.622534e-01,2.684572e-02,-1.773664e+00,2.587967e-02,2.259444e+00
-1.151490e+00,-5.293569e+00,-1.145254e+00,1.016945e-01,1.175336e+00,4.679222e-01,-2.317402e-01,9.662220e-02,-1.740023e+00,-2.233841e-02,2.226358e+00
-1.373381e+00,-5.487318e+00,-1.269023e+00,8.095838e-02,1.193918e+00,4.306091e-01,-2.042621e-01,1.328211e-01,-1.629209e+00,2.653709e-02,2.313096e+00
-1.060621e+00,-5.214939e+00,-1.129104e+00,1.398248e-01,1.169822e+00,4.355089e-01,-2.299577e-01,1.062370e-01,-1.674363e+00,7.413671e-02,2.397298e+00
-1.176529e+00,-5.222883e+00,-1.167545e+00,5.577557e-03,1.181060e+00,4.273734e-01,-1.031903e-01,4.712382e-02,-1.680382e+00,1.222544e-01,2.348676e+00
-9.997289e-01,-5.255269e+00,-1.115963e+00,1.685792e-01,1.071018e+00,5.574556e-01,-3.301426e-01,8.802786e-02,-1.705073e+00,-6.753238e-02,2.304086e+00
-8.700777e-01,-5.146003e+00,-9.590085e-01,3.535137e-01,1.311819e+00,6.288096e-01,-1.549763e-01,1.830444e-01,-1.546573e+00,-3.070501e-02,2.333123e+00
-9.193513e-01,-5.234336e+00,-1.002204e+00,2.618257e-01,1.333704e+00,6.446224e-01,-4.085669e-02,2.683817e-01,-1.479578e+00,1.075130e-01,2.354661e+00
-9.893453e-01,-5.160146e+00,-1.077476e+00,1.930607e-01,1.246664e+00,6.096528e-01,-1.096042e-01,7.738857e-02,-1.723354e+00,-6.327348e-02,2.245231e+00
-9.752484e-01,-5.161795e+00,-1.052222e+00,2.447552e-01,1.242033e+00,6.113596e-01,-9.433254e-02,1.911820e-01,-1.501981e+00,9.863592e-02,2.474422e+00
-8.756799e-01,-5.116139e+00,-9.346251e-01,3.194559e-01,1.306947e+00,5.880683e-01,-1.637502e-01,1.483581e-01,-1.606542e+00,1.746771e-02,2.294212e+00
-1.156377e+00,-5.490360e+00,-1.153396e+00,6.537642e-02,1.189402e+00,5.016121e-01,-1.862261e-01,1.575301e-01,-1.592713e+00,1.604876e-02,2.338349e+00
-9.761685e-01,-5.228591e+00,-1.042873e+00,1.862249e-02,1.146971e+00,4.373875e-01,-2.314318e-01,2.683062e-02,-1.754145e+00,8.584395e-02,2.347746e+00
-8.626920e-01,-4.972624e+00,-8.805187e-01,3.021081e-01,1.276653e+00,6.135341e-01,-1.935382e-01,5.439789e-02,-1.727163e+00,-2.629872e-02,2.329791e+00
-8.547042e-01,-5.140167e+00,-9.594507e-01,2.533076e-01,1.305679e+00,4.929423e-01,-1.803317e-01,1.982988e-01,-1.590414e+00,1.370221e-01,2.450940e+00
-1.257576e+00,-5.454303e+00,-1.268038e+00,2.545956e-02,1.063455e+00,3.619948e-01,-3.612984e-01,6.709258e-02,-1.723450e+00,3.128921e-03,2.386888e+00
-9.229429e-01,-4.970422e+00,-9.328086e-01,1.993212e-01,1.344297e+00,6.109393e-01,-5.387018e-02,1.527481e-01,-1.603593e+00,1.845125e-01,2.379109e+00
-1.038141e+00,-5.243418e+00,-1.074943e+00,7.084075e-02,1.114856e+00,6.368587e-01,-2.459791e-01,1.030097e-01,-1.609825e+00,6.747221e-02,2.398941e+00
-9.813567e-01,-5.129871e+00,-1.091238e+00,2.093741e-01,1.283077e+00,4.689996e-01,-2.366532e-01,1.391048e-01,-1.683150e+00,2.107866e-02,2.301349e+00
-8.939522e-01,-5.178006e+00,-1.032662e+00,2.677158e-01,1.290446e+00,6.159665e-01,-1.846120e-01,2.587861e-01,-1.623853e+00,6.925752e-02,2.363372e+00
-8.589292e-01,-5.202480e+00,-9.552146e-01,1.025737e-01,1.168183e+00,6.216555e-01,-2.573649e-01,5.387319e-02,-1.680398e+00,9.477973e-03,2.341495e+00
-7.572485e-01,-5.007785e+00,-9.051126e-01,2.812494e-01,1.263225e+00,7.100106e-01,-1.247982e-01,2.015132e-01,-1.556116e+00,1.781927e-01,2.508736e+00
-1.044267e+00,-5.237746e+00,-1.111105e+00,3.362991e-01,1.290974e+00,6.940474e-01,-9.738074e-02,2.853564e-01,-1.548295e+00,1.098571e-01,2.412178e+00
-9.503583e-01,-5.174063e+00,-1.104941e+00,2.964556e-01,1.227559e+00,5.693600e-01,-1.739587e-01,1.736453e-01,-1.615208e+00,3.748049e-02,2.323186e+00
-1.019765e+00,-5.180550e+00,-1.055727e+00,2.276248e-01,1.271388e+00,6.872747e-01,-1.953750e-02,1.996491e-01,-1.508712e+00,1.341497e-01,2.433668e+00
-8.191759e-01,-5.004673e+00,-9.566544e-01,2.774092e-01,1.176329e+00,6.619537e-01,-2.261738e-01,5.685453e-02,-1.734635e+00,-2.391275e-02,2.351056e+00
-8.502043e-01,-5.000535e+00,-9.067130e-01,3.603628e-01,1.436956e+00,6.202665e-01,-2.023902e-02,2.423442e-01,-1.544916e+00,1.449353e-01,2.358070e+00
-1.202077e+00,-5.461589e+00,-1.234934e+00,-1.180865e-02,1.126246e+00,3.513475e-01,-2.592540e-01,9.489240e-02,-1.667100e+00,9.278125e-02,2.353364e+00
-9.630486e-01,-5.193661e+00,-9.947600e-01,9.091523e-02,1.288021e+00,5.624595e-01,-8.888328e-02,1.569505e-01,-1.581121e+00,1.906047e-01,2.429382e+00
-9.765763e-01,-4.992203e+00,-1.006293e+00,2.292445e-01,1.287892e+00,6.519093e-01,-1.121504e-01,1.701223e-01,-1.636159e+00,1.689808e-01,2.452997e+00
-1.151365e+00,-5.227924e+00,-1.225529e+00,1.158585e-01,1.185887e+00,4.640101e-01,-2.418986e-01,1.930876e-01,-1.623653e+00,1.498131e-01,2.447647e+00
-1.199544e+00,-5.315233e+00,-1.127272e+00,1.549975e-01,1.276744e+00,5.342199e-01,-2.056076e-01,1.575995e-01,-1.674922e+00,5.350382e-02,2.228656e+00
-1.238842e+00,-5.429792e+00,-1.266332e+00,-1.113142e-01,1.018041e+00,3.700897e-01,-3.430168e-01,-6.411166e-04,-1.750204e+00,5.778430e-02,2.318325e+00
-1.071873e+00,-5.168231e+00,-1.078044e+00,1.500513e-01,1.204687e+00,6.164614e-01,-1.258801e-01,1.492128e-01,-1.672937e+00,8.366124e-02,2.376269e+00
-9.234408e-01,-5.059383e+00,-1.051374e+00,2.049753e-01,1.221670e+00,3.332888e-01,-2.688392e-01,-1.814604e-03,-1.737883e+00,-2.327433e-02,2.291599e+00
-1.098062e+00,-5.432230e+00,-1.131772e+00,2.138610e-01,1.250751e+00,6.240467e-01,-1.485218e-01,2.900450e-01,-1.539449e+00,7.564512e-02,2.364736e+00
-7.684007e-01,-5.060555e+00,-8.536249e-01,3.242644e-01,1.354259e+00,6.509569e-01,-6.048629e-02,1.526026e-01,-1.597907e+00,4.867672e-02,2.360400e+00
-8.931925e-01,-5.107719e+00,-9.652499e-01,1.788552e-01,1.219206e+00,6.533334e-01,-4.898387e-02,1.616366e-01,-1.498389e+00,1.641455e-01,2.500547e+00
-7.468544e-01,-5.062532e+00,-8.857844e-01,3.575760e-01,1.296290e+00,6.590585e-01,-9.660129e-02,2.021443e-01,-1.451288e+00,8.367338e-02,2.448985e+00
-1.123039e+00,-5.298954e+00,-1.233101e+00,2.018670e-01,1.066313e+00,4.589490e-01,-3.454332e-01,4.561464e-02,-1.681542e+00,-1.355661e-01,2.292594e+00
-6.683598e-01,-4.914157e+00,-8.496586e-01,3.527693e-01,1.371680e+00,5.200240e-01,-1.504619e-01,6.929067e-02,-1.697489e+00,-2.961653e-02,2.327231e+00
-9.085569e-01,-4.969592e+00,-9.590753e-01,2.083161e-01,1.297518e+00,5.840336e-01,-1.182476e-01,6.897695e-02,-1.682470e+00,6.981508e-02,2.405651e+00
-1.153057e+00,-5.235798e+00,-1.183525e+00,7.213555e-02,1.138146e+00,4.216297e-01,-2.874019e-01,7.961994e-02,-1.623402e+00,6.650650e-02,2.349839e+00
-1.044019e+00,-5.205065e+00,-1.007703e+00,2.665003e-01,1.400273e+00,5.506861e-01,-8.424847e-02,1.645694e-01,-1.595274e+00,-5.814145e-02,2.214139e+00
-9.768452e-01,-5.067858e+00,-1.008996e+00,2.355910e-01,1.251518e+00,5.437995e-01,-1.959117e-01,1.335179e-01,-1.629305e+00,6.310520e-02,2.408129e+00
-1.045678e+00,-5.192417e+00,-1.089023e+00,7.971613e-02,1.185544e+00,5.114217e-01,-1.428724e-01,1.598882e-01,-1.657282e+00,1.726036e-01,2.467005e+00
-1.027359e+00,-5.236837e+00,-1.119791e+00,1.664029e-01,1.163265e+00,5.340022e-01,-1.995653e-01,1.908442e-01,-1.663335e+00,1.079653e-01,2.435239e+00
-7.720827e-01,-5.079809e+00,-8.998706e-01,3.161857e-01,1.346859e+00,4.887351e-01,-1.939921e-01,1.638138e-01,-1.664640e+00,4.293816e-02,2.352672e+00
-8.280990e-01,-5.006302e+00,-9.310696e-01,3.385687e-01,1.331555e+00,5.815465e-01,-1.424364e-01,1.821363e-01,-1.667929e+00,3.359977e-02,2.350753e+00
-8.652474e-01,-5.000802e+00,-9.526674e-01,2.790542e-01,1.241501e+00,6.621640e-01,-1.527010e-01,1.488468e-01,-1.629792e+00,5.415955e-02,2.417155e+00
-1.338708e+00,-5.483507e+00,-1.394497e+00,-1.773523e-01,9.302607e-01,2.462756e-01,-3.695165e-01,-8.082459e-02,-1.712464e+00,3.575335e-02,2.404413e+00
-1.324029e+00,-5.351917e+00,-1.295986e+00,1.907862e-01,1.258510e+00,5.762481e-01,-7.692847e-02,3.046368e-01,-1.479651e+00,2.209870e-01,2.466686e+00
-7.855596e-01,-5.000447e+00,-9.138484e-01,2.670600e-01,1.227269e+00,4.502081e-01,-3.117316e-01,-8.727555e-02,-1.802487e+00,-1.150469e-01,2.150400e+00
-6.183878e-01,-4.792385e+00,-7.417476e-01,3.541934e-01,1.350909e+00,7.316125e-01,-8.603478e-02,5.998123e-03,-1.629622e+00,5.755779e-03,2.343749e+00
-8.606350e-01,-5.006300e+00,-9.859937e-01,3.026453e-01,1.272892e+00,6.046621e-01,-1.788955e-01,5.786149e-02,-1.687604e+00,-2.693956e-02,2.315201e+00
-6.282566e-01,-4.680269e+00,-7.853562e-01,5.508510e-01,1.428657e+00,6.328149e-01,-1.553674e-01,1.241534e-01,-1.649454e+00,6.540759e-03,2.277893e+00
-8.961574e-01,-5.087870e+00,-9.200935e-01,3.109385e-01,1.367187e+00,6.566217e-01,-1.007218e-01,1.960289e-01,-1.582378e+00,7.987330e-02,2.305115e+00
-7.961336e-01,-5.005358e+00,-9.392160e-01,2.198144e-01,1.163720e+00,6.535687e-01,-2.414024e-01,8.929190e-02,-1.710841e+00,7.416762e-02,2.449346e+00
-1.246221e+00,-5.250728e+00,-1.196597e+00,5.466424e-02,1.130784e+00,4.900826e-01,-1.995217e-01,1.100151e-01,-1.618602e+00,2.299260e-01,2.477912e+00
-9.180164e-01,-4.988906e+00,-8.706092e-01,3.244735e-01,1.426902e+00,5.726848e-01,-8.755653e-02,1.225943e-01,-1.567373e+00,4.718302e-02,2.311993e+00
-8.779737e-01,-5.138086e+00,-9.428062e-01,2.831797e-01,1.283461e+00,6.836983e-01,-1.673407e-01,2.613875e-01,-1.549571e+00,1.310462e-01,2.429464e+00
-9.943265e-01,-4.877523e+00,-1.007516e+00,1.521933e-01,1.319499e+00,4.408101e-01,-9.370291e-02,-2.726840e-02,-1.778871e+00,3.968457e-02,2.210200e+00
-1.052835e+00,-5.116692e+00,-9.954757e-01,8.415925e-02,1.314465e+00,4.626045e-01,-1.460203e-01,5.159815e-03,-1.711281e+00,1.970009e-02,2.185510e+00
-1.115747e+00,-5.202730e+00,-1.053120e+00,1.708726e-01,1.345017e+00,4.833367e-01,-1.511239e-01,8.992517e-02,-1.623481e+00,-1.699347e-03,2.249537e+00
-7.824027e-01,-4.912776e+00,-8.873489e-01,3.269435e-01,1.343784e+00,5.577991e-01,-1.642077e-01,1.246750e-01,-1.581375e+00,6.680342e-02,2.391773e+00
-9.787795e-01,-5.057636e+00,-1.025441e+00,2.301805e-01,1.300779e+00,6.767649e-01,-7.446160e-02,2.272198e-01,-1.603298e+00,2.201581e-01,2.441004e+00
-1.003211e+00,-5.124327e+00,-1.096982e+00,1.599988e-01,1.204572e+00,5.005952e-01,-1.358654e-01,1.298052e-01,-1.621531e+00,1.528482e-01,2.444650e+00
-7.154136e-01,-5.012292e+00,-9.694933e-01,2.490044e-01,1.093778e+00,3.461188e-01,-4.266265e-01,-7.705019e-02,-1.731988e+00,-5.378124e-02,2.383939e+00
-8.816385e-01,-5.064563e+00,-9.812713e-01,3.003513e-01,1.207722e+00,4.823002e-01,-2.661595e-01,-1.964838e-02,-1.707081e+00,-1.022284e-01,2.178286e+00
-8.176518e-01,-5.002783e+00,-9.414713e-01,2.681903e-01,1.294785e+00,5.432017e-01,-9.737959e-02,8.467306e-02,-1.694245e+00,7.174150e-02,2.316996e+00
-9.067213e-01,-5.098905e+00,-9.905269e-01,2.551029e-01,1.230683e+00,6.364673e-01,-6.702691e-02,1.921108e-01,-1.527490e+00,1.574646e-01,2.523535e+00
-1.028936e+00,-5.106634e+00,-1.013021e+00,3.062805e-01,1.368461e+00,5.794029e-01,-4.703583e-02,1.768958e-01,-1.577203e+00,4.643883e-02,2.286505e+00
-8.611858e-01,-5.174438e+00,-9.983214e-01,3.258885e-01,1.309266e+00,6.228003e-01,-1.372127e-01,3.073396e-01,-1.540917e+00,1.070805e-01,2.441338e+00
-9.876842e-01,-5.117942e+00,-1.032252e+00,1.471197e-01,1.274318e+00,5.435949e-01,-6.390710e-02,1.986767e-01,-1.548044e+00,1.658776e-01,2.456995e+00
-1.125548e+00,-5.205725e+00,-1.077961e+00,4.153678e-02,1.136566e+00,4.586031e-01,-2.906674e-01,-4.948129e-02,-1.802562e+00,-7.216991e-02,2.180798e+00
-1.235909e+00,-5.446938e+00,-1.290817e+00,5.107205e-02,1.004965e+00,4.693065e-01,-3.860010e-01,1.396239e-01,-1.660542e+00,8.985058e-03,2.408307e+00
-1.052246e+00,-5.238503e+00,-1.077285e+00,3.148988e-01,1.357207e+00,6.551905e-01,-1.362105e-01,3.191866e-01,-1.611405e+00,2.226153e-02,2.328829e+00
-8.580567e-01,-5.073892e+00,-9.738396e-01,1.533603e-01,1.206055e+00,4.675410e-01,-2.994695e-01,7.522639e-02,-1.742620e+00,2.635688e-02,2.301238e+00
-7.241759e-01,-4.902553e+00,-8.606170e-01,2.266707e-01,1.289061e+00,5.839668e-01,-1.418511e-01,4.753257e-02,-1.699584e+00,-1.552839e-02,2.313863e+00
-1.009449e+00,-5.149120e+00,-1.027160e+00,2.345629e-01,1.271075e+00,5.059681e-01,-1.933444e-01,1.299638e-01,-1.670661e+00,5.160962e-02,2.288303e+00
-6.889719e-01,-4.926181e+00,-8.030163e-01,4.780091e-01,1.428109e+00,6.743415e-01,-8.214146e-02,2.563056e-01,-1.529400e+00,8.753416e-02,2.410369e+00
-1.065623e+00,-5.134325e+00,-1.119675e+00,2.836874e-01,1.228370e+00,5.872126e-01,-1.513941e-01,1.593212e-01,-1.669100e+00,4.901779e-02,2.333158e+00
-9.139813e-01,-5.041171e+00,-9.947768e-01,2.100793e-01,1.200863e+00,6.341599e-01,-1.180656e-01,4.637946e-02,-1.656712e+00,3.241891e-02,2.318794e+00
-1.104666e+00,-5.312027e+00,-1.289228e+00,7.104450e-02,9.873835e-01,3.537234e-01,-3.835760e-01,-5.365663e-02,-1.770002e+00,-8.913756e-02,2.310148e+00
-8.984545e-01,-4.889232e+00,-9.784560e-01,3.701679e-01,1.285287e+00,5.214485e-01,-1.940231e-01,3.183798e-02,-1.604667e+00,-5.804196e-02,2.218352e+00
-1.245313e+00,-5.268086e+00,-1.216833e+00,9.470063e-02,1.205389e+00,5.098898e-01,-1.186407e-01,8.294380e-02,-1.594932e+00,7.580019e-02,2.350371e+00
-8.664717e-01,-4.851865e+00,-9.085229e-01,2.823776e-01,1.350327e+00,6.776500e-01,-5.220856e-02,8.971110e-02,-1.648464e+00,7.702279e-02,2.347006e+00
-1.158606e+00,-5.163220e+00,-1.021245e+00,3.482570e-01,1.533851e+00,8.273457e-01,1.572861e-01,4.222700e-01,-1.375021e+00,2.267970e-01,2.382771e+00
-1.107627e+00,-5.287956e+00,-1.130113e+00,1.385904e-01,1.248448e+00,4.655592e-01,-2.085670e-01,1.235180e-01,-1.633280e+00,1.681132e-02,2.321693e+00
-1.261946e+00,-5.317815e+00,-1.271102e+00,-9.095980e-02,9.913114e-01,2.818033e-01,-4.016517e-01,-1.245391e-01,-1.773965e+00,-3.292189e-02,2.308356e+00
-1.031093e+00,-5.178628e+00,-1.032742e+00,2.266413e-02,1.185534e+00,5.926403e-01,-1.063588e-01,1.793440e-01,-1.510446e+00,3.461991e-01,2.627150e+00
-1.230690e+00,-5.206129e+00,-1.264358e+00,-9.600662e-03,1.135026e+00,2.267202e-01,-2.809501e-01,-6.865647e-02,-1.804598e+00,2.419172e-02,2.281438e+00
-9.945423e-01,-5.197899e+00,-1.043054e+00,1.657267e-01,1.269973e+00,4.188654e-01,-2.234376e-01,8.991918e-02,-1.653513e+00,6.804372e-02,2.362352e+00
-1.124561e+00,-5.127765e+00,-1.140980e+00,1.116517e-01,1.244432e+00,4.516256e-01,-7.516585e-02,1.882736e-01,-1.491502e+00,2.966694e-01,2.566823e+00
-7.368107e-01,-4.790064e+00,-7.954251e-01,3.147682e-01,1.379655e+00,6.904608e-01,-1.998196e-02,9.967505e-02,-1.625810e+00,1.467451e-01,2.435001e+00
-1.083767e+00,-5.091650e+00,-1.086411e+00,2.229058e-01,1.293331e+00,6.084793e-01,-6.821149e-02,2.252838e-01,-1.465476e+00,1.964453e-01,2.529872e+00
-1.007498e+00,-5.094968e+00,-1.004845e+00,2.487917e-01,1.379604e+00,4.845282e-01,-1.273906e-01,6.650867e-02,-1.636188e+00,3.536679e-02,2.241851e+00
-8.585214e-01,-4.871737e+00,-1.012583e+00,2.367396e-01,1.319421e+00,3.425107e-01,-1.760858e-01,-6.408345e-02,-1.738568e+00,-2.901532e-02,2.221699e+00
-7.475148e-01,-4.858964e+00,-7.627237e-01,2.678242e-01,1.480595e+00,7.141721e-01,8.940079e-02,1.067591e-01,-1.552709e+00,1.495669e-01,2.266176e+00
-7.487734e-01,-4.871947e+00,-8.660210e-01,3.090114e-01,1.317707e+00,4.825693e-01,-1.248659e-01,2.855710e-02,-1.574393e+00,3.928722e-02,2.304660e+00
-1.082383e+00,-5.111176e+00,-1.076179e+00,2.988852e-01,1.318644e+00,5.573164e-01,-5.747652e-02,1.846076e-01,-1.398762e+00,8.629569e-02,2.466410e+00
-1.396383e+00,-5.482749e+00,-1.400464e+00,-4.381643e-02,9.653685e-01,3.161807e-01,-3.791097e-01,-2.442378e-02,-1.726340e+00,-5.540426e-02,2.333430e+00
-1.077550e+00,-5.100651e+00,-1.067134e+00,1.989963e-01,1.207617e+00,6.620963e-01,-6.332931e-02,2.214889e-01,-1.503049e+00,2.582844e-01,2.607045e+00
-9.631779e-01,-5.067228e+00,-1.007060e+00,2.248000e-01,1.317455e+00,5.358561e-01,-1.261767e-01,1.452053e-01,-1.719460e+00,7.443026e-02,2.239464e+00
-9.402101e-01,-5.070727e+00,-9.881406e-01,3.009138e-01,1.330244e+00,5.047893e-01,-1.508458e-01,1.699240e-01,-1.623950e+00,7.097988e-02,2.317325e+00
-7.596791e-01,-4.853551e+00,-8.518178e-01,4.484760e-01,1.314682e+00,5.728308e-01,-2.783307e-01,5.651328e-02,-1.793443e+00,-6.103172e-02,2.303559e+00
-9.999188e-01,-4.949570e+00,-9.128490e-01,2.123554e-01,1.344201e+00,4.965392e-01,-9.085844e-02,-3.113303e-02,-1.709519e+00,9.467633e-03,2.308562e+00
-9.847452e-01,-5.005539e+00,-9.318955e-01,2.169006e-01,1.407233e+00,5.815472e-01,1.162468e-02,1.712266e-01,-1.592100e+00,1.536521e-01,2.350603e+00
-1.125302e+00,-5.113272e+00,-1.113199e+00,2.550573e-01,1.295341e+00,5.073981e-01,-1.431955e-01,2.057158e-01,-1.571966e+00,9.946384e-02,2.337485e+00
-8.581601e-01,-5.008233e+00,-9.529107e-01,2.639470e-01,1.286119e+00,4.636522e-01,-2.381768e-01,8.295329e-02,-1.690093e+00,-2.253271e-02,2.251650e+00
-1.070084e+00,-5.040880e+00,-1.034136e+00,1.695917e-01,1.268401e+00,5.651355e-01,-5.747854e-02,1.264636e-01,-1.502028e+00,1.347569e-01,2.419991e+00
-9.103769e-01,-4.971457e+00,-8.991423e-01,2.788550e-01,1.422017e+00,6.123796e-01,6.538639e-02,1.410188e-01,-1.537768e+00,7.801154e-02,2.297790e+00
-1.075116e+00,-5.200358e+00,-1.136022e+00,1.055521e-01,1.202718e+00,2.525336e-01,-2.352814e-01,-1.207193e-01,-1.716346e+00,-1.903532e-01,2.125897e+00
-7.608138e-01,-5.149836e+00,-8.486441e-01,3.423580e-01,1.379049e+00,6.469178e-01,-2.159262e-02,2.578422e-01,-1.392802e+00,1.958955e-01,2.521876e+00
-7.950988e-01,-4.877439e+00,-8.427800e-01,3.116642e-01,1.274459e+00,6.064347e-01,-1.053857e-01,6.303834e-03,-1.614806e+00,5.490600e-02,2.330411e+00
-1.127793e+00,-5.175683e+00,-1.116349e+00,1.577140e-01,1.212059e+00,5.495561e-01,-1.113723e-01,6.769528e-02,-1.678205e+00,1.017260e-01,2.371536e+00
-1.139741e+00,-5.049634e+00,-1.092890e+00,2.361197e-01,1.374937e+00,5.051671e-01,5.945853e-02,2.094954e-01,-1.362665e+00,2.916014e-01,2.519090e+00
-9.950965e-01,-5.051954e+00,-9.847278e-01,3.188700e-01,1.344627e+00,6.059253e-01,-1.199316e-01,2.098109e-01,-1.546434e+00,1.719167e-01,2.401187e+00
-7.616737e-01,-4.904145e+00,-7.971799e-01,3.081072e-01,1.342505e+00,6.758280e-01,-1.802182e-01,5.829587e-02,-1.747151e+00,3.665341e-02,2.300650e+00
-8.453530e-01,-4.961511e+00,-8.901457e-01,1.829246e-01,1.339877e+00,5.751061e-01,-8.929970e-02,7.261941e-02,-1.563298e+00,1.100797e-01,2.475665e+00
-1.097303e+00,-5.117515e+00,-1.100515e+00,1.763096e-01,1.276849e+00,4.414007e-01,-2.337349e-01,4.351637e-02,-1.716341e+00,-4.663107e-02,2.239220e+00
-1.690464e+00,-5.742831e+00,-1.555544e+00,-2.182062e-01,9.603094e-01,3.031129e-01,-3.647195e-01,2.000043e-02,-1.636223e+00,-8.287510e-03,2.337318e+00
-9.287567e-01,-4.861627e+00,-9.420931e-01,3.273236e-01,1.407012e+00,6.221747e-01,-1.147095e-01,6.622752e-02,-1.802427e+00,-1.119575e-01,2.123151e+00
-7.345483e-01,-4.698139e+00,-8.696853e-01,3.178019e-01,1.352093e+00,5.058484e-01,-1.824786e-01,4.637999e-03,-1.861484e+00,4.862002e-02,2.268878e+00
-1.259551e+00,-5.232175e+00,-1.238450e+00,6.015646e-02,1.151552e+00,3.258894e-01,-2.758486e-01,-2.290286e-02,-1.778381e+00,1.139785e-03,2.189080e+00
-9.214747e-01,-5.006618e+00,-9.225196e-01,2.876777e-01,1.411218e+00,5.389037e-01,-4.427732e-02,1.703651e-01,-1.540400e+00,1.488105e-01,2.318717e+00
-9.120080e-01,-5.040055e+00,-9.445748e-01,3.284726e-01,1.310635e+00,7.552268e-01,-4.597999e-02,2.267543e-01,-1.532838e+00,1.558071e-01,2.461227e+00
-9.920398e-01,-5.030093e+00,-1.036650e+00,1.280852e-01,1.188641e+00,4.889329e-01,-1.835931e-01,-7.038360e-02,-1.771719e+00,-1.755491e-02,2.229701e+00
-1.373142e+00,-5.539663e+00,-1.360402e+00,-6.301147e-02,1.059947e+00,3.506638e-01,-2.503846e-01,-1.031551e-02,-1.678507e+00,-1.303128e-02,2.267511e+00
-7.947262e-01,-4.971163e+00,-9.760766e-01,3.631698e-01,1.267960e+00,5.827491e-01,-1.314738e-01,1.601735e-01,-1.476680e+00,8.138940e-02,2.443302e+00
-1.097855e+00,-5.040624e+00,-9.916630e-01,2.868751e-01,1.352337e+00,7.396035e-01,3.013795e-02,1.560263e-01,-1.470999e+00,7.445069e-02,2.290771e+00
-9.904119e-01,-4.980467e+00,-9.796779e-01,1.912986e-01,1.285652e+00,5.890688e-01,-7.043075e-02,6.398629e-02,-1.630157e+00,4.990946e-02,2.193926e+00
-1.074484e+00,-5.124155e+00,-9.698242e-01,3.711147e-01,1.455803e+00,7.812295e-01,7.815133e-02,3.273779e-01,-1.458721e+00,6.772499e-02,2.255698e+00
-8.263149e-01,-4.946070e+00,-9.656844e-01,3.171550e-01,1.352663e+00,4.970450e-01,-9.749088e-02,2.369749e-01,-1.485650e+00,1.556651e-01,2.448127e+00
-8.620785e-01,-4.941451e+00,-9.564548e-01,2.955870e-01,1.264351e+00,5.867476e-01,-1.432976e-01,1.754414e-01,-1.576666e+00,1.204161e-01,2.458543e+00
-9.081540e-01,-5.005314e+00,-1.030285e+00,1.426244e-01,1.100230e+00,4.460236e-01,-3.199930e-01,4.692436e-03,-1.781609e+00,4.124539e-02,2.405443e+00
-9.077020e-01,-5.022739e+00,-9.839592e-01,3.039881e-01,1.266053e+00,6.009731e-01,-1.411451e-01,2.404918e-01,-1.566461e+00,1.657265e-01,2.444613e+00
-1.012130e+00,-5.106151e+00,-1.066309e+00,2.932485e-01,1.268669e+00,4.987525e-01,-1.985596e-01,1.801113e-01,-1.630097e+00,4.846501e-02,2.370497e+00
-7.578600e-01,-4.676166e+00,-8.091017e-01,5.730180e-01,1.482293e+00,7.538414e-01,-8.488515e-03,2.888186e-01,-1.571891e+00,1.007091e-01,2.322209e+00
-1.259497e+00,-5.259478e+00,-1.159114e+00,-1.599483e-02,1.214360e+00,5.462080e-01,-2.523575e-02,1.438279e-01,-1.572934e+00,1.990068e-01,2.423062e+00
-7.361497e-01,-4.682912e+00,-8.330388e-01,4.825274e-01,1.353913e+00,6.012893e-01,-1.649623e-01,6.006804e-02,-1.708751e+00,-4.268072e-02,2.244906e+00
-7.264052e-01,-4.698361e+00,-8.115713e-01,5.384798e-01,1.436834e+00,5.664563e-01,-1.508068e-01,7.662876e-02,-1.676773e+00,-5.279123e-02,2.227527e+00
-6.772964e-01,-4.929956e+00,-8.641795e-01,2.028830e-01,1.263357e+00,3.943197e-01,-2.025431e-01,9.013130e-03,-1.573387e+00,5.317848e-02,2.338766e+00
-7.197134e-01,-4.855404e+00,-8.291429e-01,3.752416e-01,1.402544e+00,7.531760e-01,4.431393e-02,1.765543e-01,-1.531971e+00,7.687018e-02,2.420979e+00
-1.206407e+00,-5.090346e+00,-1.163987e+00,2.438375e-01,1.249590e+00,4.891561e-01,-1.075813e-01,-3.708406e-02,-1.618532e+00,-1.396952e-01,2.188785e+00
-1.138160e+00,-5.134118e+00,-1.123101e+00,2.670818e-01,1.246506e+00,5.008825e-01,-1.479731e-01,8.762412e-02,-1.493073e+00,-3.561790e-02,2.304806e+00
-9.556565e-01,-4.969917e+00,-1.021357e+00,2.724295e-01,1.223032e+00,5.039508e-01,-2.003951e-01,1.096143e-01,-1.629188e+00,9.040784e-02,2.311322e+00
-7.528001e-01,-4.758728e+00,-8.715860e-01,2.562470e-01,1.244285e+00,4.975159e-01,-1.554917e-01,1.574786e-02,-1.689844e+00,1.437284e-01,2.366819e+00
-1.187700e+00,-5.124719e+00,-1.065347e+00,2.235207e-01,1.359078e+00,6.478498e-01,4.055198e-02,2.620728e-01,-1.457818e+00,2.631176e-01,2.489111e+00
-1.268460e+00,-5.129626e+00,-1.180609e+00,1.975787e-01,1.273856e+00,4.717014e-01,-8.329372e-02,1.711679e-01,-1.510815e+00,2.224747e-01,2.465291e+00
-1.005150e+00,-5.066871e+00,-1.093388e+00,1.822736e-01,1.120715e+00,4.669636e-01,-3.388402e-01,7.547977e-02,-1.735023e+00,8.867571e-02,2.349252e+00
-1.236127e+00,-5.190461e+00,-1.191219e+00,-5.659915e-02,1.142250e+00,3.646210e-01,-1.815505e-01,-2.547498e-02,-1.694126e+00,1.940993e-01,2.457632e+00
-8.641586e-01,-4.887065e+00,-8.653521e-01,2.300860e-01,1.430206e+00,5.720921e-01,8.546853e-03,1.426277e-01,-1.545264e+00,1.705589e-01,2.341010e+00
-1.058680e+00,-4.907208e+00,-9.858281e-01,4.160243e-01,1.458883e+00,6.834586e-01,3.744423e-02,3.031009e-01,-1.450789e+00,2.089424e-01,2.423648e+00
-1.035577e+00,-5.024458e+00,-1.041200e+00,2.360694e-01,1.358484e+00,4.872387e-01,-1.271222e-01,1.516824e-01,-1.645844e+00,1.485821e-01,2.317612e+00
-1.051112e+00,-4.900530e+00,-1.101415e+00,1.216183e-01,1.211486e+00,3.580661e-01,-2.155288e-01,-1.385316e-01,-1.808799e+00,-1.767547e-02,2.272162e+00
-7.634633e-01,-4.759272e+00,-8.438290e-01,2.705856e-01,1.289511e+00,4.888921e-01,-1.733930e-01,-2.625562e-02,-1.640446e+00,6.475167e-02,2.309548e+00
-9.134776e-01,-4.996086e+00,-8.755992e-01,4.964669e-01,1.435060e+00,8.443735e-01,-2.826241e-02,2.504148e-01,-1.538958e+00,3.113631e-02,2.295797e+00
-8.518961e-01,-4.965790e+00,-9.199034e-01,3.399585e-01,1.393172e+00,6.083647e-01,9.303977e-03,1.967793e-01,-1.418236e+00,2.153572e-01,2.456015e+00
-8.868723e-01,-4.921327e+00,-1.029979e+00,3.669723e-01,1.225564e+00,6.906421e-01,-1.145997e-01,1.177124e-01,-1.651431e+00,4.016781e-02,2.382093e+00
-9.661586e-01,-4.862143e+00,-9.438335e-01,2.072255e-01,1.302407e+00,4.613107e-01,-6.700354e-02,-4.792903e-02,-1.642450e+00,1.086057e-01,2.227348e+00
-6.147004e-01,-4.749623e+00,-8.866562e-01,3.690898e-01,1.199925e+00,4.376104e-01,-3.056530e-01,-1.245109e-02,-1.704478e+00,-4.302745e-02,2.264381e+00
-8.620246e-01,-4.877113e+00,-8.751373e-01,3.782572e-01,1.410815e+00,5.928395e-01,-4.980662e-02,1.448417e-01,-1.508948e+00,1.088029e-01,2.322899e+00
-8.668391e-01,-4.858915e+00,-9.112229e-01,3.075599e-01,1.339806e+00,6.849518e-01,-4.730825e-02,1.748303e-01,-1.547970e+00,1.436019e-01,2.361942e+00
-9.204999e-01,-4.878004e+00,-9.475132e-01,1.614006e-01,1.250284e+00,5.411093e-01,-1.673573e-01,4.143981e-03,-1.630450e+00,1.116158e-01,2.365438e+00
-9.670305e-01,-5.108491e+00,-9.467959e-01,2.725141e-01,1.358277e+00,5.634269e-01,-1.619841e-01,1.577401e-01,-1.602413e+00,2.518296e-02,2.307151e+00
-8.216917e-01,-4.849062e+00,-9.021299e-01,3.219144e-01,1.369252e+00,4.210569e-01,-2.021769e-01,1.070941e-01,-1.691670e+00,1.147047e-01,2.295155e+00
-7.166801e-01,-4.794349e+00,-6.945882e-01,3.530011e-01,1.428193e+00,7.125215e-01,-5.379175e-02,1.498047e-01,-1.565220e+00,9.659572e-02,2.271716e+00
-9.932997e-01,-5.034831e+00,-9.870250e-01,1.937391e-01,1.238612e+00,6.258670e-01,-9.093401e-02,1.907439e-01,-1.500726e+00,1.995020e-01,2.534176e+00
-8.612883e-01,-4.970591e+00,-8.529709e-01,3.516340e-01,1.401770e+00,5.928739e-01,-7.706397e-02,1.169433e-01,-1.534704e+00,-1.203478e-02,2.346309e+00
-1.010251e+00,-5.012659e+00,-9.535767e-01,3.504872e-01,1.475165e+00,5.674935e-01,4.604607e-02,2.038450e-01,-1.507435e+00,4.736613e-02,2.243660e+00
-8.641657e-01,-4.917255e+00,-9.168620e-01,3.439887e-01,1.314529e+00,5.721380e-01,-1.341931e-01,8.355422e-02,-1.711056e+00,1.346908e-02,2.282984e+00
-6.537696e-01,-4.519415e+00,-8.168627e-01,4.177502e-01,1.294199e+00,5.471691e-01,-1.158005e-01,-1.163700e-02,-1.716106e+00,6.809201e-02,2.382829e+00
-1.007878e+00,-4.973467e+00,-9.406673e-01,3.673030e-01,1.317226e+00,6.176449e-01,-9.061834e-02,1.041192e-01,-1.487741e+00,1.055588e-01,2.328888e+00
-1.238830e+00,-5.287053e+00,-1.214629e+00,1.326933e-01,1.135932e+00,3.794061e-01,-2.365233e-01,1.307657e-02,-1.633027e+00,-1.934856e-02,2.230045e+00
-8.652615e-01,-4.927099e+00,-9.410192e-01,3.334679e-01,1.342796e+00,6.068225e-01,-2.351242e-02,1.064675e-01,-1.537318e+00,2.839047e-02,2.366034e+00
-6.263200e-01,-4.735164e+00,-8.639755e-01,4.412246e-01,1.243725e+00,7.191888e-01,-1.796069e-01,1.932798e-01,-1.646376e+00,1.398921e-01,2.509302e+00
-6.289622e-01,-4.679821e+00,-8.159679e-01,4.717586e-01,1.317925e+00,5.367485e-01,-2.543741e-01,1.873133e-02,-1.687720e+00,-8.861966e-02,2.361828e+00
-1.414741e+00,-5.302266e+00,-1.300915e+00,2.039754e-02,1.212174e+00,2.910906e-01,-1.282939e-01,7.231818e-02,-1.470032e+00,8.406057e-02,2.354039e+00
-7.234114e-01,-4.807249e+00,-9.222048e-01,2.373392e-01,1.208157e+00,4.530142e-01,-2.335408e-01,1.348838e-01,-1.638658e+00,1.483889e-01,2.326461e+00
-1.045834e+00,-4.852416e+00,-9.646089e-01,2.479267e-01,1.312696e+00,5.670817e-01,-1.056190e-01,-3.310306e-02,-1.779218e+00,-5.260584e-02,2.243872e+00
-9.207266e-01,-4.862968e+00,-1.024157e+00,2.865355e-01,1.264009e+00,4.491024e-01,-1.763342e-01,1.589136e-01,-1.617915e+00,2.024173e-01,2.437456e+00
-1.124920e+00,-5.004994e+00,-1.090394e+00,3.130948e-01,1.268113e+00,6.558746e-01,-1.319676e-01,2.971675e-01,-1.447907e+00,2.317625e-01,2.488405e+00
-5.833519e-01,-4.636103e+00,-7.180127e-01,3.763406e-01,1.337782e+00,5.206198e-01,-2.258264e-01,-1.110548e-02,-1.746042e+00,1.894455e-02,2.207602e+00
-1.123900e+00,-5.018555e+00,-1.135150e+00,5.897580e-02,1.109405e+00,5.373800e-01,-1.283766e-01,1.005978e-01,-1.541211e+00,2.452331e-01,2.489462e+00
-7.213293e-01,-4.710575e+00,-9.146634e-01,2.874157e-01,1.196369e+00,5.305243e-01,-2.482411e-01,1.171483e-01,-1.623301e+00,1.392441e-01,2.344960e+00
-1.253919e+00,-5.025330e+00,-1.153856e+00,3.565297e-01,1.363096e+00,6.361765e-01,-5.137926e-02,1.878722e-01,-1.582242e+00,-2.669409e-02,2.220678e+00
-8.804375e-01,-4.861363e+00,-9.355420e-01,3.345536e-01,1.388031e+00,5.763496e-01,-1.452628e-02,1.970244e-01,-1.474787e+00,2.408790e-01,2.442861e+00
-7.129475e-01,-4.604672e+00,-7.750647e-01,3.236110e-01,1.396146e+00,5.674804e-01,-7.475155e-02,-9.240532e-02,-1.706636e+00,3.754071e-02,2.294514e+00
-8.139417e-01,-4.853001e+00,-9.376521e-01,3.155577e-01,1.250234e+00,5.583039e-01,-1.608965e-01,1.028677e-01,-1.562527e+00,1.823483e-01,2.367119e+00
-1.068492e+00,-5.071231e+00,-1.156640e+00,3.011994e-01,1.298667e+00,5.702703e-01,-2.530637e-02,2.796837e-01,-1.410361e+00,2.224451e-01,2.450817e+00
-9.537245e-01,-4.849197e+00,-1.007965e+00,3.753433e-01,1.370213e+00,6.000600e-01,-4.282166e-02,1.894724e-01,-1.553120e+00,1.792316e-01,2.369758e+00
-9.316803e-01,-4.905358e+00,-9.345043e-01,3.044788e-01,1.262181e+00,6.836267e-01,-1.172167e-01,8.314594e-02,-1.624886e+00,3.964902e-02,2.377894e+00
-1.037371e+00,-4.995224e+00,-9.209367e-01,2.775836e-01,1.348173e+00,7.346247e-01,6.707553e-03,2.098002e-01,-1.483980e+00,1.809235e-01,2.342371e+00
-6.229085e-01,-4.752450e+00,-8.484729e-01,4.934128e-01,1.356053e+00,5.787647e-01,-1.988340e-01,1.450135e-01,-1.688441e+00,-1.599398e-02,2.394336e+00
-7.831184e-01,-4.934620e+00,-9.399102e-01,1.798415e-01,1.212038e+00,3.633601e-01,-2.731140e-01,-1.132775e-02,-1.684099e+00,6.015431e-02,2.382848e+00
-8.922598e-01,-4.738250e+00,-8.959636e-01,2.719290e-01,1.422430e+00,4.922125e-01,-1.351838e-02,7.005940e-02,-1.662743e+00,1.762445e-01,2.290744e+00
-8.060857e-01,-4.684330e+00,-9.667733e-01,2.268088e-01,1.254012e+00,2.531499e-01,-3.124571e-01,-1.917830e-01,-1.924351e+00,-1.143755e-01,2.150378e+00
-7.997687e-01,-4.803652e+00,-9.445310e-01,3.485030e-01,1.262337e+00,4.309704e-01,-2.743146e-01,6.368569e-02,-1.701263e+00,-2.416582e-03,2.263589e+00
-6.472268e-01,-4.562831e+00,-7.206314e-01,5.071164e-01,1.453546e+00,5.419785e-01,-1.505656e-01,5.374213e-02,-1.639641e+00,-3.800897e-03,2.196972e+00
-1.170064e+00,-4.976005e+00,-1.155500e+00,1.070501e-01,1.108404e+00,4.726837e-01,-2.386800e-01,-5.486134e-02,-1.677229e+00,-3.340664e-02,2.358564e+00
-8.360923e-01,-4.662235e+00,-7.709191e-01,5.142394e-01,1.471480e+00,7.047754e-01,-2.473232e-02,3.807822e-02,-1.700191e+00,-8.603058e-02,2.119067e+00
-1.267053e+00,-5.146626e+00,-1.183175e+00,1.874657e-01,1.355324e+00,3.963018e-01,1.726940e-02,1.238848e-01,-1.471155e+00,9.914875e-02,2.320867e+00
-9.848604e-01,-5.178504e+00,-1.079784e+00,1.464064e-01,1.130861e+00,3.625780e-01,-2.573385e-01,-1.350377e-02,-1.574926e+00,3.043568e-03,2.399959e+00
-8.901682e-01,-4.984243e+00,-9.876480e-01,2.326166e-01,1.174092e+00,5.795140e-01,-7.844914e-02,4.303341e-02,-1.468789e+00,8.344465e-02,2.569522e+00
-7.012530e-01,-4.777353e+00,-8.147682e-01,4.753553e-01,1.295506e+00,6.896107e-01,-1.286133e-01,1.058910e-02,-1.640420e+00,-1.196129e-01,2.340881e+00
-8.490324e-01,-4.774121e+00,-9.312090e-01,4.146639e-01,1.342016e+00,4.558715e-01,-1.234434e-01,9.343215e-02,-1.539563e+00,1.247956e-01,2.404803e+00
-1.059989e+00,-5.050262e+00,-1.121873e+00,2.286498e-01,1.242663e+00,4.300549e-01,-1.566868e-01,1.045738e-01,-1.587437e+00,7.889888e-02,2.335563e+00
-1.140435e+00,-4.991368e+00,-1.088036e+00,1.772724e-01,1.201652e+00,5.362848e-01,-1.432533e-01,7.440985e-02,-1.608585e+00,1.247541e-01,2.448994e+00
-9.154767e-01,-4.891029e+00,-9.522439e-01,1.247251e-01,1.240662e+00,3.884375e-01,-1.821131e-01,-2.218244e-02,-1.634084e+00,1.306451e-01,2.414010e+00
-9.459933e-01,-4.994679e+00,-9.674506e-01,2.925347e-01,1.292536e+00,5.552965e-01,-1.122661e-01,2.009997e-01,-1.486726e+00,1.089631e-01,2.377870e+00
-9.893399e-01,-4.972657e+00,-9.493626e-01,4.104002e-01,1.425491e+00,6.467412e-01,-1.251792e-01,1.994010e-01,-1.648213e+00,-1.043412e-02,2.275513e+00
-9.479564e-01,-4.728370e+00,-9.436239e-01,2.764089e-01,1.320869e+00,5.537726e-01,-8.392973e-02,9.421048e-02,-1.570454e+00,1.026202e-01,2.373553e+00
-1.091530e+00,-4.941534e+00,-1.070316e+00,1.811431e-01,1.259669e+00,5.045168e-01,-7.945247e-02,9.560534e-02,-1.590387e+00,1.452150e-01,2.431683e+00
-8.544627e-01,-4.872121e+00,-8.278066e-01,3.804645e-01,1.362698e+00,6.232007e-01,-1.469624e-01,1.005587e-01,-1.581492e+00,-2.161621e-02,2.258955e+00
-1.094157e+00,-5.059331e+00,-1.069095e+00,2.585588e-01,1.354650e+00,4.921410e-01,-8.078809e-02,1.640451e-01,-1.617634e+00,1.639897e-01,2.307323e+00
-1.001575e+00,-4.870244e+00,-1.012518e+00,2.053798e-01,1.417222e+00,4.183043e-01,4.586031e-02,3.724361e-02,-1.611094e+00,1.170423e-01,2.296335e+00
-5.021621e-01,-4.606851e+00,-8.164840e-01,3.115460e-01,1.132391e+00,4.706532e-01,-3.067244e-01,-7.087797e-02,-1.786371e+00,8.023519e-02,2.411210e+00
-6.888004e-01,-4.765097e+00,-7.399669e-01,4.717029e-01,1.493652e+00,5.903628e-01,-7.332378e-02,-2.547353e-02,-1.754675e+00,-1.543605e-01,2.043630e+00
-1.245216e+00,-5.179884e+00,-1.073046e+00,3.303497e-01,1.496548e+00,7.940223e-01,3.138162e-01,4.982511e-01,-1.016920e+00,5.000132e-01,2.670881e+00
-8.938115e-01,-4.752924e+00,-8.450250e-01,3.932331e-01,1.387712e+00,6.362000e-01,-4.659345e-02,-4.293360e-02,-1.601800e+00,-3.338747e-02,2.202232e+00
-1.178747e+00,-5.026748e+00,-1.132298e+00,1.035592e-01,1.176748e+00,5.765964e-01,-6.706967e-02,1.178833e-01,-1.475969e+00,2.740323e-01,2.483084e+00
-6.678162e-01,-4.652631e+00,-8.103145e-01,4.669974e-01,1.396011e+00,5.990263e-01,-1.327964e-01,1.354868e-01,-1.604422e+00,5.635923e-02,2.317034e+00
-7.129083e-01,-4.718518e+00,-7.922996e-01,5.991345e-01,1.574997e+00,8.018248e-01,7.639725e-02,3.813182e-01,-1.419415e+00,1.761883e-01,2.456555e+00
-8.027713e-01,-4.652136e+00,-7.574542e-01,4.108492e-01,1.496051e+00,5.991665e-01,-5.181500e-02,2.017686e-02,-1.622760e+00,-4.904569e-02,2.194191e+00
-5.855218e-01,-4.488493e+00,-7.578005e-01,3.312941e-01,1.284356e+00,6.397138e-01,-1.079529e-01,1.215386e-01,-1.521462e+00,3.216302e-01,2.554565e+00
-1.058441e+00,-4.855527e+00,-9.385881e-01,3.468019e-01,1.376709e+00,5.878737e-01,-8.838795e-02,7.960440e-02,-1.630983e+00,1.110775e-01,2.313784e+00
-1.022585e+00,-4.918172e+00,-9.930201e-01,3.045176e-01,1.290173e+00,4.298093e-01,-2.450916e-01,-6.451618e-02,-1.770592e+00,-8.696220e-02,2.159791e+00
-7.507574e-01,-4.701446e+00,-9.614658e-01,2.052611e-01,1.233353e+00,3.418458e-01,-1.623180e-01,2.295071e-02,-1.647403e+00,1.080389e-01,2.361969e+00
-6.225145e-01,-4.602476e+00,-6.860186e-01,3.872398e-01,1.455130e+00,7.123268e-01,2.361102e-02,1.198675e-01,-1.612867e+00,1.987592e-01,2.453146e+00
-1.115575e+00,-5.013482e+00,-1.117204e+00,4.630200e-02,1.230655e+00,2.327975e-01,-1.980265e-01,-4.972974e-02,-1.658019e+00,1.557456e-01,2.305283e+00
-8.529020e-01,-4.866422e+00,-8.586045e-01,3.201691e-01,1.384687e+00,3.669537e-01,-2.210671e-01,-1.086100e-01,-1.750172e+00,-1.183731e-01,2.133400e+00
-6.721622e-01,-4.736582e+00,-8.390173e-01,3.765721e-01,1.281512e+00,5.208786e-01,-1.943278e-01,1.224223e-01,-1.627694e+00,1.475045e-01,2.312775e+00
-7.580839e-01,-4.731420e+00,-9.343971e-01,2.606420e-01,1.137110e+00,5.386366e-01,-2.502361e-01,-2.554848e-02,-1.684313e+00,2.961701e-02,2.388464e+00
-8.806675e-01,-4.834526e+00,-9.230593e-01,3.162154e-01,1.303533e+00,4.034054e-01,-2.211281e-01,-1.838115e-01,-1.722922e+00,-2.041080e-01,2.169965e+00
-4.920098e-01,-4.530041e+00,-7.267782e-01,5.499596e-01,1.275187e+00,5.073248e-01,-2.919433e-01,-2.713632e-02,-1.710272e+00,-1.082516e-01,2.122531e+00
-6.015292e-01,-4.653740e+00,-7.095614e-01,4.114610e-01,1.342853e+00,5.098939e-01,-1.679780e-01,-5.562024e-02,-1.607628e+00,-3.637833e-02,2.229628e+00
-5.381903e-01,-4.468913e+00,-4.993075e-01,6.421817e-01,1.506953e+00,9.550248e-01,1.705039e-02,3.711237e-02,-1.629213e+00,-1.115408e-01,2.276185e+00
-1.024290e+00,-4.764940e+00,-1.030195e+00,2.230646e-01,1.184457e+00,3.102057e-01,-2.767308e-01,-1.946146e-01,-1.812974e+00,-1.703747e-01,2.060940e+00
-1.370680e+00,-5.243736e+00,-1.274684e+00,1.911367e-01,1.184791e+00,5.456293e-01,-1.118120e-01,2.769547e-01,-1.448960e+00,2.251290e-01,2.414153e+00
-7.628130e-01,-4.607621e+00,-7.336322e-01,6.167949e-01,1.590127e+00,7.677816e-01,1.187673e-01,2.918633e-01,-1.478486e+00,1.268043e-01,2.339230e+00
-1.220234e+00,-4.914466e+00,-1.001565e+00,2.706868e-01,1.408282e+00,7.757193e-01,2.056879e-01,3.083376e-01,-1.352310e+00,3.818827e-01,2.573400e+00
-8.412695e-01,-4.869844e+00,-8.015484e-01,1.795064e-01,1.256171e+00,4.091153e-01,-2.349061e-01,-1.277372e-01,-1.635133e+00,1.323808e-02,2.325760e+00
-7.743812e-01,-4.654743e+00,-8.438748e-01,4.254951e-01,1.409740e+00,5.209090e-01,-9.085446e-02,1.290201e-01,-1.495614e+00,7.655904e-02,2.297279e+00
-8.626220e-01,-4.868971e+00,-9.688247e-01,2.971588e-01,1.304719e+00,5.238779e-01,-1.501769e-01,1.724313e-01,-1.596602e+00,3.297772e-02,2.305575e+00
-1.460183e+00,-5.257212e+00,-1.467533e+00,-6.760815e-02,9.590967e-01,3.648759e-01,-2.371483e-01,7.961685e-02,-1.569570e+00,1.524929e-01,2.542422e+00
-7.128152e-01,-4.797295e+00,-8.023038e-01,3.481828e-01,1.365622e+00,6.630617e-01,5.003402e-03,1.808768e-01,-1.389520e+00,1.223797e-01,2.507671e+00
-4.073126e-01,-4.616813e+00,-6.517423e-01,5.240088e-01,1.423629e+00,5.205206e-01,-1.806276e-01,1.000611e-01,-1.648661e+00,3.861237e-02,2.275327e+00
-8.258150e-01,-4.762261e+00,-9.515849e-01,3.236275e-01,1.238858e+00,4.064485e-01,-2.321825e-01,-2.884554e-02,-1.653589e+00,8.136743e-02,2.282453e+00
-7.802612e-01,-4.535511e+00,-7.651005e-01,5.865951e-01,1.487860e+00,8.005446e-01,8.612162e-02,6.573222e-02,-1.585207e+00,-5.242670e-03,2.258448e+00
-8.995328e-01,-4.819640e+00,-1.065391e+00,2.460546e-01,1.185580e+00,5.506982e-01,-5.298091e-02,1.504507e-01,-1.407017e+00,3.415452e-01,2.616321e+00
-7.540022e-01,-4.644773e+00,-8.120808e-01,3.287360e-01,1.346468e+00,3.401596e-01,-1.676441e-01,-1.531658e-01,-1.656937e+00,1.398089e-02,2.191594e+00
-1.081845e+00,-4.815751e+00,-9.872438e-01,2.726800e-01,1.332209e+00,4.180870e-01,-8.752825e-02,-9.201782e-02,-1.594733e+00,-3.539173e-02,2.127657e+00
-7.206930e-01,-4.551493e+00,-8.367558e-01,3.322035e-01,1.282760e+00,4.644531e-01,-1.133889e-01,2.411086e-03,-1.601025e+00,2.012984e-01,2.421642e+00
-7.550822e-01,-4.722131e+00,-8.792532e-01,1.422537e-01,1.147084e+00,4.015302e-01,-3.350639e-01,-1.178827e-01,-1.732692e+00,8.911736e-02,2.368286e+00
-1.016714e+00,-4.731556e+00,-1.069704e+00,3.247627e-01,1.333483e+00,3.950880e-01,-1.367121e-01,1.046379e-01,-1.625377e+00,1.682973e-01,2.367631e+00
-9.730429e-01,-4.880433e+00,-1.039481e+00,1.404810e-01,1.249484e+00,2.884426e-01,-2.027316e-01,1.278059e-02,-1.532430e+00,1.894402e-01,2.458242e+00
-1.172543e+00,-5.006896e+00,-1.204690e+00,-1.048532e-01,9.624749e-01,1.681471e-01,-4.657249e-01,-2.610860e-01,-1.851297e+00,-6.397971e-02,2.114893e+00
-7.555948e-01,-4.512349e+00,-7.057842e-01,4.568079e-01,1.454584e+00,6.774084e-01,-7.409549e-02,-1.065790e-02,-1.744046e+00,-2.423571e-02,2.102632e+00
-5.907907e-01,-4.577390e+00,-7.552042e-01,4.356857e-01,1.322071e+00,4.204354e-01,-3.042519e-01,-8.304377e-02,-1.765340e+00,-5.211157e-02,2.276066e+00
-7.880335e-01,-4.615363e+00,-7.045460e-01,5.441972e-01,1.618257e+00,6.545359e-01,3.246010e-02,1.303709e-01,-1.611810e+00,3.005536e-02,2.104304e+00
-9.091124e-01,-4.959118e+00,-1.051628e+00,5.132165e-02,1.032301e+00,4.116348e-01,-2.873480e-01,-2.258243e-02,-1.612312e+00,1.377460e-01,2.493103e+00
-9.661743e-01,-4.752752e+00,-1.074447e+00,1.277029e-01,1.038204e+00,3.187915e-01,-3.198380e-01,-1.561504e-01,-1.739218e+00,1.239966e-01,2.357478e+00
-9.319223e-01,-4.967648e+00,-9.158098e-01,3.750921e-01,1.379607e+00,6.783383e-01,-4.408557e-02,1.917204e-01,-1.508800e+00,1.514588e-01,2.348909e+00
-8.277073e-01,-4.720481e+00,-8.262117e-01,5.016352e-01,1.404469e+00,5.854462e-01,-6.377935e-02,2.424927e-02,-1.547601e+00,1.782269e-02,2.189511e+00
-1.076540e+00,-4.847851e+00,-9.309399e-01,4.090953e-01,1.504935e+00,8.453195e-01,3.094565e-01,3.496156e-01,-1.214606e+00,2.570391e-01,2.343333e+00
-8.028644e-01,-4.677559e+00,-8.303904e-01,3.160039e-01,1.373629e+00,4.867655e-01,-5.108593e-02,-1.107508e-01,-1.685665e+00,-5.485903e-02,2.185299e+00
-7.336871e-01,-4.558808e+00,-7.581009e-01,5.462433e-01,1.384684e+00,5.592045e-01,-1.776144e-01,1.691963e-03,-1.596919e+00,3.722097e-02,2.355415e+00
-1.154746e+00,-4.918942e+00,-1.053723e+00,3.049891e-01,1.277802e+00,5.804023e-01,-7.619891e-02,1.931047e-01,-1.354271e+00,1.929941e-01,2.373866e+00
-1.349560e+00,-5.316061e+00,-1.263393e+00,-5.875802e-02,1.009863e+00,3.333856e-01,-3.486758e-01,-1.187529e-01,-1.753744e+00,-1.209520e-01,2.171779e+00
-1.111540e+00,-4.887087e+00,-1.109411e+00,1.187774e-01,1.120978e+00,4.431564e-01,-1.641223e-01,1.274582e-02,-1.651086e+00,1.705485e-01,2.404722e+00
-1.243732e+00,-5.082059e+00,-1.192330e+00,2.400022e-01,1.229485e+00,5.524206e-01,-3.657101e-02,3.059428e-01,-1.346698e+00,2.837313e-01,2.561268e+00
-3.403764e-01,-4.564717e+00,-5.767582e-01,5.985295e-01,1.372073e+00,6.584883e-01,-2.577660e-01,1.158072e-01,-1.638966e+00,-4.246778e-02,2.379900e+00
-9.829668e-01,-4.745997e+00,-8.733416e-01,3.912406e-01,1.477046e+00,5.647048e-01,4.202995e-02,6.263063e-02,-1.637559e+00,-1.431684e-02,2.149437e+00
-1.137992e+00,-4.819400e+00,-1.016343e+00,2.125401e-01,1.329471e+00,4.818803e-01,-3.083765e-02,4.783245e-02,-1.660698e+00,2.351483e-01,2.373071e+00
-5.432796e-01,-4.507596e+00,-6.003784e-01,4.766419e-01,1.521816e+00,5.252008e-01,-4.924022e-02,3.152273e-02,-1.586454e+00,6.479422e-02,2.294778e+00
-1.441500e+00,-5.117657e+00,-1.211068e+00,2.337706e-01,1.312593e+00,4.808377e-01,-4.863923e-02,7.698478e-02,-1.544909e+00,1.107889e-02,2.181891e+00
-9.697163e-01,-4.804675e+00,-8.347196e-01,3.844671e-01,1.479411e+00,6.407195e-01,6.707571e-02,9.814575e-02,-1.455414e+00,7.574447e-02,2.291287e+00
-8.776917e-01,-4.911680e+00,-9.587392e-01,1.322574e-01,1.029732e+00,4.671763e-01,-3.029866e-01,-1.140713e-01,-1.673469e+00,-1.117786e-02,2.326614e+00
-7.931124e-01,-4.689071e+00,-8.228325e-01,4.120264e-01,1.357886e+00,6.063433e-01,-1.132797e-01,5.221829e-02,-1.562645e+00,5.956831e-02,2.257041e+00
-7.236393e-01,-4.877112e+00,-9.156987e-01,2.552842e-01,1.054354e+00,3.952404e-01,-4.233645e-01,-9.191901e-02,-1.596180e+00,-1.163882e-01,2.232795e+00
-8.432755e-01,-4.628689e+00,-8.019438e-01,4.461541e-01,1.347701e+00,5.653959e-01,-1.784010e-01,-1.190292e-01,-1.719247e+00,-6.308910e-02,2.087498e+00
-8.089390e-01,-4.507038e+00,-6.711477e-01,3.833279e-01,1.498274e+00,7.096893e-01,1.009118e-01,-1.070134e-02,-1.578464e+00,1.340505e-01,2.230010e+00
-8.118494e-01,-4.847547e+00,-9.608262e-01,1.753117e-01,1.068417e+00,3.809555e-01,-3.757773e-01,-1.274384e-01,-1.692392e+00,-1.596761e-02,2.343643e+00
-6.594082e-01,-4.565222e+00,-6.674429e-01,4.403276e-01,1.411155e+00,5.122113e-01,-1.993128e-01,-3.972011e-02,-1.716141e+00,2.856620e-02,2.037504e+00
-7.740285e-01,-4.460812e+00,-7.170185e-01,6.138754e-01,1.535634e+00,6.816337e-01,-4.858079e-02,3.904840e-02,-1.693672e+00,-8.334670e-02,2.113062e+00
-1.101304e+00,-4.632084e+00,-1.056648e+00,3.066014e-01,1.235708e+00,5.447030e-01,-1.699138e-01,-1.207338e-01,-1.807284e+00,1.394488e-03,2.337021e+00
-7.064537e-01,-4.311311e+00,-6.402858e-01,6.451003e-01,1.633053e+00,6.788510e-01,-2.696837e-04,1.946636e-02,-1.758835e+00,-8.135517e-03,2.167105e+00
-1.243329e+00,-4.979581e+00,-1.103558e+00,3.519013e-01,1.468931e+00,6.417349e-01,6.787685e-02,3.483067e-01,-1.422284e+00,3.363169e-01,2.425936e+00
-8.917783e-01,-4.599772e+00,-9.047832e-01,3.307699e-01,1.324135e+00,4.071289e-01,-1.806171e-01,-5.500092e-02,-1.694239e+00,2.483155e-02,2.252626e+00
-8.323502e-01,-4.513075e+00,-7.736502e-01,4.722822e-01,1.414428e+00,7.541207e-01,-3.964383e-02,6.229916e-02,-1.538383e+00,6.502761e-02,2.394045e+00
-8.550482e-01,-4.598533e+00,-8.812318e-01,4.138547e-01,1.393085e+00,5.820572e-01,-3.220108e-02,1.124330e-01,-1.527655e+00,2.082876e-01,2.488453e+00
-8.791945e-01,-4.703786e+00,-8.800207e-01,4.177652e-01,1.481052e+00,5.431966e-01,-2.485690e-02,1.585040e-01,-1.536942e+00,1.731185e-01,2.303105e+00
-9.435866e-01,-4.893883e+00,-1.047781e+00,2.165909e-01,1.102011e+00,4.146123e-01,-3.143536e-01,-4.694065e-02,-1.668202e+00,-1.493013e-02,2.190109e+00
-9.921184e-01,-4.727608e+00,-9.673014e-01,3.339489e-01,1.198460e+00,6.227690e-01,-1.781450e-01,-8.997366e-02,-1.717846e+00,2.004833e-02,2.305506e+00
-1.088259e+00,-5.031838e+00,-1.116182e+00,7.082932e-02,1.073952e+00,2.711375e-01,-3.311447e-01,-3.557476e-01,-1.905990e+00,-2.882275e-01,1.952027e+00
-7.527999e-01,-4.703534e+00,-7.540243e-01,5.703872e-01,1.504068e+00,7.581646e-01,7.906356e-02,2.023547e-01,-1.452196e+00,7.188096e-02,2.251321e+00
-6.598090e-01,-4.630152e+00,-6.433323e-01,6.030158e-01,1.511775e+00,6.922678e-01,-4.494551e-02,-2.612345e-02,-1.611188e+00,-1.922483e-01,2.166327e+00
-7.759483e-01,-4.490920e+00,-8.941481e-01,3.253700e-01,1.243361e+00,4.616704e-01,-7.536597e-02,-4.625012e-02,-1.597046e+00,1.087572e-01,2.418476e+00
-6.616483e-01,-4.424710e+00,-6.689621e-01,5.527440e-01,1.418867e+00,7.078813e-01,-6.741073e-02,7.219543e-02,-1.507039e+00,7.038432e-02,2.394776e+00
-1.060668e+00,-4.729389e+00,-9.613821e-01,5.237366e-01,1.453783e+00,6.754907e-01,1.742703e-02,2.671055e-01,-1.469434e+00,1.895402e-01,2.398720e+00
-1.127447e+00,-5.014027e+00,-1.080894e+00,2.318588e-01,1.364897e+00,3.914112e-01,-1.075536e-01,8.239220e-02,-1.646509e+00,7.161250e-02,2.318833e+00
-7.555760e-01,-4.561860e+00,-8.253842e-01,4.210676e-01,1.386462e+00,6.091690e-01,-8.158863e-02,9.949291e-02,-1.681907e+00,7.277307e-02,2.339716e+00
-7.344615e-01,-4.608708e+00,-8.176682e-01,3.272079e-01,1.145037e+00,5.276967e-01,-3.125925e-01,3.181537e-03,-1.634592e+00,1.861790e-01,2.471117e+00
-1.026893e+00,-4.842139e+00,-1.121364e+00,1.484892e-01,1.125595e+00,1.733384e-01,-3.597639e-01,-2.065527e-01,-1.757879e+00,-1.892916e-01,2.175665e+00
-7.163599e-01,-4.637686e+00,-8.008941e-01,4.100015e-01,1.432619e+00,3.325021e-01,-1.686492e-01,-1.230212e-01,-1.737739e+00,-1.482383e-01,2.220230e+00
-5.048854e-01,-4.282670e+00,-5.479571e-01,4.707079e-01,1.475538e+00,6.249012e-01,7.335865e-02,1.165850e-01,-1.390276e+00,3.045026e-01,2.442573e+00
-1.161491e+00,-4.923595e+00,-1.114355e+00,2.347152e-01,1.184576e+00,5.267613e-01,-1.291448e-01,4.022448e-02,-1.652981e+00,8.317671e-02,2.333826e+00
-8.442157e-01,-4.836598e+00,-7.888431e-01,4.203722e-01,1.532332e+00,5.649103e-01,5.366507e-02,1.725058e-01,-1.466539e+00,2.060808e-01,2.307135e+00
-6.788036e-01,-4.563435e+00,-8.317398e-01,5.555232e-01,1.456508e+00,5.759388e-01,5.238519e-03,1.774327e-01,-1.471528e+00,9.651269e-02,2.397886e+00
-4.104388e-01,-4.191415e+00,-5.448023e-01,6.049756e-01,1.472600e+00,5.001585e-01,-1.252141e-01,-1.585941e-01,-1.703839e+00,-8.145770e-02,2.110164e+00
-5.671237e-01,-4.323850e+00,-7.221026e-01,3.111677e-01,1.273781e+00,3.661443e-01,-1.266098e-01,-2.438276e-01,-1.590137e+00,-1.845383e-03,2.228377e+00
-6.225234e-01,-4.520157e+00,-8.484586e-01,4.380853e-01,1.203453e+00,4.704501e-01,-2.763933e-01,2.119353e-02,-1.541027e+00,3.724703e-02,2.364778e+00
-3.620936e-01,-4.207231e+00,-7.762762e-01,4.805373e-01,1.166718e+00,2.682517e-01,-4.091205e-01,-6.918965e-02,-1.689503e+00,4.485625e-02,2.282729e+00
-1.243394e+00,-5.049460e+00,-1.095853e+00,1.875408e-01,1.188890e+00,6.100661e-01,-1.146462e-01,4.840247e-02,-1.523530e+00,-4.203717e-02,2.258564e+00
-9.684869e-01,-4.625465e+00,-8.173706e-01,2.682113e-01,1.392813e+00,6.973164e-01,1.274568e-01,6.871284e-02,-1.391750e+00,2.910383e-01,2.471441e+00
-7.821728e-01,-4.570980e+00,-7.463796e-01,4.029807e-01,1.405059e+00,4.951530e-01,-1.754548e-01,-6.218680e-02,-1.695792e+00,6.102744e-03,2.175257e+00
-8.431639e-01,-4.608596e+00,-7.158936e-01,4.903124e-01,1.603430e+00,5.555215e-01,1.716190e-02,4.820971e-02,-1.572512e+00,5.126037e-02,2.248953e+00
-9.062553e-01,-4.671957e+00,-9.096930e-01,2.424575e-01,1.273018e+00,3.125044e-01,-2.494851e-01,-2.232450e-01,-1.785801e+00,-1.356548e-01,2.111141e+00
-9.209966e-01,-4.605967e+00,-9.330380e-01,2.990817e-01,1.318356e+00,6.300071e-01,5.535165e-02,2.090146e-01,-1.405992e+00,4.761469e-01,2.709374e+00
-1.021095e+00,-4.787364e+00,-9.775154e-01,3.287862e-01,1.355121e+00,5.718229e-01,-4.684318e-02,1.452180e-01,-1.484340e+00,1.841262e-01,2.441867e+00
-9.555900e-01,-4.838307e+00,-8.809423e-01,3.698072e-01,1.384438e+00,5.562721e-01,-1.165309e-01,8.393729e-03,-1.609152e+00,-7.459259e-02,2.197135e+00
-7.918178e-01,-4.626586e+00,-9.479780e-01,2.810686e-01,1.231483e+00,3.740367e-01,-2.012895e-01,-7.666596e-02,-1.717485e+00,2.009714e-02,2.223468e+00
-8.723863e-01,-4.638663e+00,-9.975229e-01,5.883292e-02,1.050454e+00,3.164487e-01,-2.609782e-01,-1.769142e-01,-1.576718e+00,1.895848e-01,2.469139e+00
-8.465574e-01,-4.931759e+00,-8.865099e-01,2.408861e-01,1.248101e+00,5.792719e-01,-1.126980e-01,1.138905e-01,-1.400635e+00,2.245932e-01,2.451743e+00
-1.136521e+00,-4.850367e+00,-9.741602e-01,3.665668e-01,1.423495e+00,6.119625e-01,2.480386e-02,1.343066e-02,-1.443647e+00,-6.805410e-02,2.084046e+00
-2.945393e-01,-4.294646e+00,-5.411052e-01,5.785005e-01,1.439912e+00,5.486221e-01,-2.115713e-01,-1.252797e-01,-1.764411e+00,-9.536585e-02,2.182170e+00
-7.440027e-01,-4.493963e+00,-5.780842e-01,4.755639e-01,1.488000e+00,8.001265e-01,9.239024e-02,2.172950e-02,-1.468370e+00,1.799806e-01,2.269377e+00
-1.433884e+00,-5.205660e+00,-1.280454e+00,1.437687e-01,1.096619e+00,4.457627e-01,-2.659510e-01,-1.010970e-01,-1.714225e+00,-5.907079e-02,2.296345e+00
-5.042590e-01,-4.455386e+00,-6.601035e-01,5.918400e-01,1.502287e+00,5.707668e-01,-7.934474e-02,7.233807e-02,-1.558187e+00,8.336908e-02,2.360690e+00
-8.566003e-01,-4.592651e+00,-7.661082e-01,4.547658e-01,1.443880e+00,7.164210e-01,1.154673e-01,1.681514e-01,-1.384807e+00,1.706754e-01,2.227588e+00
-6.489527e-01,-4.448692e+00,-6.165029e-01,4.900115e-01,1.425478e+00,6.361921e-01,-1.044478e-01,-1.289381e-01,-1.687245e+00,-1.108825e-01,2.290495e+00
-9.867178e-01,-4.605922e+00,-8.837609e-01,4.220809e-01,1.427908e+00,5.588391e-01,-1.825357e-02,6.069460e-02,-1.602426e+00,3.723879e-02,2.174967e+00
-6.711020e-01,-4.636029e+00,-7.067846e-01,5.274145e-01,1.370952e+00,6.676158e-01,-1.246358e-01,1.308635e-01,-1.469423e+00,6.127908e-02,2.315053e+00
-1.156117e+00,-4.899771e+00,-1.117583e+00,3.022485e-02,1.074735e+00,1.873183e-01,-3.649909e-01,-1.887716e-01,-1.721739e+00,-5.565710e-03,2.229825e+00
-1.219788e+00,-4.803995e+00,-1.076382e+00,1.215447e-01,1.129595e+00,3.987523e-01,-1.933009e-01,-1.839167e-01,-1.676095e+00,6.462024e-02,2.377629e+00
-7.932449e-01,-4.607069e+00,-8.903580e-01,3.831534e-01,1.252820e+00,4.916484e-01,-1.883576e-01,-2.885085e-02,-1.615288e+00,-3.514658e-02,2.301615e+00
-8.697105e-01,-4.648674e+00,-8.867301e-01,3.723021e-01,1.391632e+00,3.772517e-01,-1.256481e-01,-4.602483e-02,-1.613684e+00,-6.997999e-02,2.121712e+00
-5.045383e-01,-4.393344e+00,-7.484783e-01,5.121699e-01,1.375132e+00,4.081672e-01,-1.310223e-01,-5.109547e-02,-1.692808e+00,-6.135185e-02,2.192107e+00
1.855956e+00,-2.555073e+00,1.089196e-01,1.900974e-01,2.961259e-01,1.846370e-01,1.218032e-01,-2.217368e-02,-7.662812e-01,-9.031371e-02,1.371495e+00
