-1.738850e+00,-3.002235e+00,1.364735e+00,5.114391e-01,-2.041413e-01,-6.602730e-01,1.454198e-01,-3.541805e-01,1.847355e-01,-1.034336e-01,-4.686846e-01
-9.456935e-01,-3.165847e+00,7.277829e-01,7.551693e-01,-3.427778e-02,-5.551898e-01,2.896649e-01,-7.902736e-01,2.726775e-01,-2.916231e-01,-3.581926e-01
5.903870e-01,-2.847454e+00,1.159851e+00,4.673408e-01,-7.342430e-03,-4.926084e-01,4.637322e-01,-7.572957e-01,3.334690e-01,-2.291004e-02,-4.825402e-01
4.607704e-01,-3.392435e+00,6.242329e-01,6.440095e-01,-4.545212e-01,-7.914632e-01,8.784521e-01,-8.979156e-01,8.914760e-01,-1.658763e-01,-6.624939e-01
-2.750158e-01,-3.610502e+00,9.196174e-01,4.838008e-01,-3.359514e-01,-1.058003e+00,7.915720e-01,-8.828406e-01,1.004895e+00,-2.650591e-02,-3.025732e-01
5.807809e-01,-3.440134e+00,1.258308e+00,4.669649e-01,7.010224e-02,-6.092626e-01,9.191629e-01,-5.205025e-01,1.025387e+00,-1.369510e-01,-3.051809e-01
5.136617e-01,-3.379618e+00,1.811595e+00,9.147444e-01,-2.896799e-01,-7.327720e-01,2.097297e-01,-4.335997e-01,9.726353e-01,1.018891e-01,-4.980820e-01
5.928914e-01,-3.548651e+00,1.585217e+00,5.696769e-01,-9.285649e-01,-1.122170e+00,2.745661e-01,-3.482473e-01,8.634996e-01,-2.728876e-01,-5.224525e-01
1.049967e+00,-2.961927e+00,1.902666e+00,1.327866e+00,-7.734339e-01,-1.107168e+00,-1.819578e-01,-8.939595e-01,9.361647e-01,5.250037e-02,-1.102479e-01
1.041279e+00,-3.294440e+00,1.711533e+00,1.532904e+00,-7.616228e-01,-5.352494e-01,7.255158e-01,-1.464588e-01,1.003113e+00,-4.847186e-01,-6.125557e-01
6.483266e-01,-3.501847e+00,1.310149e+00,1.360631e+00,-5.290843e-01,-8.875194e-01,5.954851e-01,-4.759145e-01,9.812318e-01,-3.766509e-01,-7.715064e-01
1.239427e+00,-2.682528e+00,1.731890e+00,1.614876e+00,-3.081850e-01,-1.307224e+00,7.274781e-01,-5.065688e-01,8.981657e-01,-4.736100e-01,-8.449678e-01
1.506439e+00,-2.863811e+00,8.984264e-01,1.640661e+00,-2.407496e-01,-1.184088e+00,5.890562e-01,-5.557605e-01,8.214151e-01,-3.478675e-01,-5.241375e-01
1.016087e+00,-2.248769e+00,1.775046e+00,1.590907e+00,3.209162e-01,-1.726857e+00,1.064665e-01,-6.330929e-01,9.662164e-01,-2.688196e-01,-4.533815e-01
4.270280e-01,-2.668017e+00,1.026692e+00,9.068611e-01,1.955426e-02,-1.589332e+00,4.043772e-01,-5.063665e-01,1.025154e+00,-9.442232e-01,-8.638212e-01
7.156237e-01,-2.335518e+00,1.540795e+00,1.287677e+00,6.126350e-01,-1.020733e+00,4.089722e-01,-5.811167e-01,1.127472e+00,-3.399923e-01,-6.143626e-01
3.673489e-01,-2.781707e+00,1.358774e+00,1.091203e+00,2.007956e-01,-1.190086e+00,5.830236e-01,-5.908978e-01,1.373042e+00,-1.037236e-01,-8.906706e-01
1.667174e-01,-2.604684e+00,1.870506e+00,1.146760e+00,1.771659e-01,-1.082584e+00,4.255582e-01,-9.275069e-01,1.260503e+00,-1.777890e-01,-7.163072e-01
8.037349e-03,-2.387713e+00,2.362657e+00,1.280497e+00,9.534811e-02,-6.700565e-01,7.880973e-01,-7.639642e-01,1.275288e+00,-1.177363e-01,-1.962610e-01
1.197099e-01,-2.260831e+00,2.509678e+00,1.014493e+00,-2.998694e-01,-2.924897e-01,8.702421e-01,-6.062544e-01,1.209320e+00,3.754750e-02,-4.186609e-01
-3.961789e-01,-3.197319e+00,2.301986e+00,1.074495e+00,6.227643e-02,-3.373378e-01,8.471563e-01,-1.087120e+00,4.062560e-01,-2.400732e-01,-4.709001e-01
-1.172542e-01,-2.832593e+00,2.492109e+00,7.524376e-01,-7.479668e-02,-5.503642e-01,7.901017e-01,-8.795899e-01,7.180781e-01,2.654725e-01,-4.644689e-01
-1.792796e-01,-3.109502e+00,2.324463e+00,5.369595e-01,-2.250634e-01,-5.144984e-01,1.020371e+00,-4.011665e-01,1.098821e+00,3.394785e-01,6.907305e-02
-1.178580e-01,-3.321686e+00,2.701920e+00,1.037585e+00,-2.837103e-01,-8.463228e-01,3.906798e-01,-8.606563e-01,8.920546e-01,-1.996609e-01,-4.272861e-01
-2.321813e-01,-3.414213e+00,2.850135e+00,1.543555e+00,1.842503e-01,-2.689623e-01,6.530403e-01,-7.130060e-01,6.128819e-01,-4.546352e-01,-5.512460e-01
-1.560612e-01,-3.484431e+00,2.889215e+00,2.079920e+00,2.083901e-01,-5.684993e-01,3.842415e-01,-9.705186e-01,1.066052e+00,1.303646e-01,6.529537e-02
-2.052515e-01,-3.839701e+00,2.551017e+00,1.683689e+00,4.759073e-02,-4.656125e-01,7.936459e-01,-8.789931e-01,1.060114e+00,-2.264048e-01,-5.614804e-01
2.426592e-01,-3.765210e+00,2.601742e+00,1.294148e+00,-3.629469e-01,-8.289631e-01,4.251495e-01,-6.639933e-01,1.075066e+00,-7.503386e-02,-3.947444e-01
5.843354e-02,-4.046716e+00,2.644914e+00,1.441792e+00,-1.718074e-01,-5.614040e-01,6.147360e-01,-4.404747e-01,1.068689e+00,-1.009603e-01,-4.224842e-01
-1.533127e-01,-4.095499e+00,2.520707e+00,1.527751e+00,3.367228e-02,-2.764104e-01,9.798814e-01,-6.442346e-01,9.074403e-01,-5.494222e-01,-5.892197e-01
-4.797264e-01,-4.089669e+00,2.995805e+00,2.027883e+00,1.550201e-01,-7.582592e-01,7.834610e-01,-4.916152e-01,1.307860e+00,-4.920047e-02,-5.291783e-01
2.717328e-01,-4.054963e+00,2.648005e+00,1.841257e+00,-3.506437e-01,-7.644742e-01,4.524792e-01,-9.319716e-01,7.136114e-01,-2.876612e-01,-4.641137e-01
-8.095542e-01,-5.001165e+00,2.366823e+00,1.929309e+00,-2.808623e-01,-5.387506e-01,6.877457e-01,-2.878953e-01,1.204568e+00,1.472931e-01,-4.735880e-01
-4.127529e-01,-4.868091e+00,2.516176e+00,1.966927e+00,-2.075474e-01,-7.099425e-01,5.655288e-01,-6.704605e-01,1.028755e+00,-8.123231e-02,-6.805745e-01
-4.784245e-01,-4.796557e+00,2.809407e+00,2.302912e+00,-7.458694e-02,-6.335261e-01,6.401342e-01,-4.654728e-01,1.219698e+00,1.411839e-01,-3.287292e-01
-5.288328e-01,-4.796492e+00,3.323044e+00,2.611219e+00,-6.073435e-03,-1.065842e+00,2.202172e-01,-7.259649e-01,9.804606e-01,3.990334e-03,-5.782101e-01
-6.796659e-01,-4.944891e+00,2.623613e+00,2.416954e+00,1.221218e-01,-5.705873e-01,9.494839e-01,-4.011383e-01,1.028490e+00,-2.524611e-01,-7.004386e-01
-9.417583e-01,-4.818760e+00,2.460102e+00,2.540673e+00,-2.288668e-01,-7.623010e-01,1.011940e+00,-1.114701e-01,1.530900e+00,6.915729e-02,-3.449083e-01
-8.622998e-01,-5.000502e+00,2.528605e+00,2.656173e+00,2.535508e-02,-7.169585e-01,8.127178e-01,-4.794259e-01,1.227205e+00,-1.881757e-01,-4.559813e-01
-1.484557e+00,-5.520814e+00,2.311039e+00,2.521833e+00,-1.224915e-01,-8.661548e-01,5.261479e-01,-3.511543e-01,1.100130e+00,1.588085e-02,-2.804168e-01
-1.320877e+00,-5.495082e+00,2.167127e+00,2.459324e+00,-1.037706e-01,-9.018848e-01,7.326763e-01,-1.531016e-01,1.290844e+00,3.361684e-02,-2.101415e-01
-1.558066e+00,-5.328520e+00,2.236942e+00,3.076019e+00,1.542062e-01,-8.268389e-01,7.575490e-01,-3.198644e-01,9.879645e-01,-1.770741e-01,-5.386030e-01
-1.998527e+00,-5.839115e+00,1.783912e+00,2.409189e+00,5.544890e-02,-1.118278e+00,6.244138e-01,-3.151562e-01,9.260308e-01,9.395278e-03,-3.625452e-01
-1.659084e+00,-5.982034e+00,1.440352e+00,2.513265e+00,-1.766174e-01,-1.284030e+00,7.867217e-01,-5.154825e-01,9.490525e-01,-4.766539e-02,-6.760133e-01
-1.843134e+00,-6.237680e+00,1.522548e+00,2.465350e+00,-9.729455e-02,-1.399750e+00,6.504861e-01,-5.306158e-01,7.347641e-01,-1.371642e-01,-7.092806e-01
-1.599410e+00,-5.914804e+00,1.684175e+00,2.630592e+00,-1.959562e-01,-1.539039e+00,4.554211e-01,-6.646200e-01,6.290912e-01,-1.459269e-01,-6.718048e-01
-1.733865e+00,-6.111933e+00,1.417114e+00,2.469260e+00,-2.384643e-01,-1.528500e+00,5.647960e-01,-6.636765e-01,6.383707e-01,-1.236619e-01,-6.652052e-01
-1.833280e+00,-5.887148e+00,1.272917e+00,2.434191e+00,-3.046511e-01,-1.365926e+00,5.306884e-01,-4.954996e-01,7.168888e-01,-8.653741e-02,-6.564575e-01
-1.782338e+00,-5.919519e+00,1.387862e+00,2.621003e+00,-1.893887e-01,-1.389757e+00,6.264652e-01,-5.376729e-01,6.865152e-01,-4.540097e-02,-6.905881e-01
-1.800052e+00,-6.077209e+00,1.626907e+00,2.719019e+00,-5.631951e-02,-1.296201e+00,6.561241e-01,-4.886957e-01,7.467399e-01,-1.635268e-01,-7.205040e-01
-2.125868e+00,-6.352921e+00,1.170080e+00,2.338857e+00,-4.208475e-01,-1.604881e+00,4.382960e-01,-6.478548e-01,5.770296e-01,-1.161052e-01,-7.257281e-01
-1.773813e+00,-5.865047e+00,1.337773e+00,2.600959e+00,-2.978839e-01,-1.285745e+00,5.166284e-01,-5.304839e-01,6.666116e-01,-1.501061e-01,-7.682786e-01
-1.745674e+00,-6.011981e+00,1.378628e+00,2.487358e+00,-2.170234e-01,-1.408991e+00,6.315186e-01,-5.990009e-01,7.628779e-01,-1.499311e-01,-6.532982e-01
-1.725486e+00,-6.031963e+00,1.461324e+00,2.678004e+00,-3.007672e-01,-1.438253e+00,5.286875e-01,-7.538154e-01,7.330128e-01,-3.163176e-01,-6.412143e-01
-2.035208e+00,-6.075207e+00,1.378581e+00,2.643774e+00,-2.815414e-01,-1.402200e+00,4.937225e-01,-5.824711e-01,6.386651e-01,-2.235700e-01,-7.195703e-01
-1.572357e+00,-6.092545e+00,1.541948e+00,2.570413e+00,-7.387472e-02,-1.341781e+00,6.988833e-01,-5.754041e-01,6.207941e-01,-1.477419e-01,-8.738963e-01
-1.685380e+00,-6.065984e+00,1.415564e+00,2.301359e+00,-2.308968e-01,-1.465761e+00,4.944427e-01,-6.244466e-01,5.911220e-01,-2.225636e-01,-8.200338e-01
-1.903421e+00,-6.123552e+00,1.340101e+00,2.547225e+00,-2.289656e-01,-1.474635e+00,6.369573e-01,-6.500577e-01,7.013003e-01,-1.547404e-01,-6.960481e-01
-2.073452e+00,-6.273924e+00,1.514075e+00,2.564171e+00,-7.282471e-02,-1.407606e+00,6.693303e-01,-5.620859e-01,7.447057e-01,-2.003805e-01,-7.014022e-01
-2.038889e+00,-6.207487e+00,1.395495e+00,2.503221e+00,-1.267668e-01,-1.402029e+00,5.623103e-01,-6.631190e-01,5.233726e-01,-3.177766e-01,-8.751738e-01
-1.660529e+00,-6.071638e+00,1.368823e+00,2.373971e+00,-2.265328e-01,-1.421161e+00,6.458024e-01,-5.620838e-01,7.309602e-01,-9.562604e-02,-7.229767e-01
-1.520056e+00,-6.023991e+00,1.588840e+00,2.430615e+00,-1.823942e-01,-1.473297e+00,5.090411e-01,-6.490020e-01,5.868131e-01,-2.500955e-01,-8.249293e-01
-1.715288e+00,-5.893326e+00,1.640041e+00,2.710909e+00,-8.731613e-02,-1.464089e+00,6.156892e-01,-6.446649e-01,6.961290e-01,-1.579048e-01,-6.372944e-01
-1.934121e+00,-6.170409e+00,1.365905e+00,2.299162e+00,-4.057389e-01,-1.690431e+00,3.613045e-01,-6.909614e-01,6.594035e-01,-1.370097e-01,-6.574332e-01
-1.439077e+00,-5.871361e+00,1.519689e+00,2.500901e+00,-1.717308e-01,-1.456814e+00,6.373270e-01,-6.548900e-01,7.229224e-01,-2.240980e-01,-6.778004e-01
-1.825931e+00,-6.035148e+00,1.411420e+00,2.523814e+00,-2.080175e-01,-1.280715e+00,5.538115e-01,-5.582133e-01,6.826612e-01,-2.523566e-01,-8.019879e-01
-1.749421e+00,-6.020583e+00,1.572037e+00,2.561554e+00,-1.463083e-01,-1.451698e+00,5.244198e-01,-5.842594e-01,6.057494e-01,-1.705527e-01,-8.047230e-01
-1.822032e+00,-6.187805e+00,1.500801e+00,2.432047e+00,-2.876456e-01,-1.624455e+00,4.542006e-01,-6.966989e-01,6.535318e-01,-1.462537e-01,-6.626809e-01
-1.726976e+00,-5.926165e+00,1.464634e+00,2.578590e+00,-2.482733e-01,-1.350232e+00,4.664783e-01,-6.728731e-01,6.006604e-01,-3.634809e-01,-8.588765e-01
-2.071122e+00,-6.296308e+00,1.095511e+00,2.224976e+00,-3.372708e-01,-1.505268e+00,6.284374e-01,-5.289632e-01,7.527326e-01,-2.469263e-02,-6.508004e-01
-1.921617e+00,-6.011848e+00,1.405253e+00,2.585977e+00,-1.886732e-01,-1.280032e+00,6.157563e-01,-5.313035e-01,7.814337e-01,-1.738182e-01,-5.973647e-01
-1.778699e+00,-5.986362e+00,1.541984e+00,2.610543e+00,-2.492310e-01,-1.478077e+00,5.173475e-01,-5.416957e-01,7.387855e-01,-8.587486e-02,-6.559518e-01
-1.617675e+00,-6.074780e+00,1.556627e+00,2.539028e+00,-2.539686e-01,-1.468836e+00,4.540247e-01,-7.633390e-01,5.697871e-01,-3.441231e-01,-8.437478e-01
-1.662483e+00,-6.002397e+00,1.450672e+00,2.373452e+00,-1.890166e-01,-1.407167e+00,5.602358e-01,-5.442286e-01,7.050731e-01,-7.169807e-02,-6.942278e-01
-1.515237e+00,-5.719638e+00,1.558359e+00,2.556149e+00,-2.143662e-01,-1.409978e+00,5.349199e-01,-5.568979e-01,7.008597e-01,-9.691636e-02,-6.314689e-01
-2.145006e+00,-6.277799e+00,1.561659e+00,2.556480e+00,1.192536e-02,-1.263281e+00,7.541846e-01,-2.913998e-01,9.063987e-01,5.314490e-02,-5.588786e-01
-2.376862e+00,-6.606696e+00,1.247085e+00,2.210822e+00,-1.892088e-01,-1.509457e+00,7.194629e-01,-2.948274e-01,8.326538e-01,1.737044e-01,-6.337272e-01
-2.151261e+00,-6.334730e+00,1.222168e+00,2.305201e+00,-2.291243e-01,-1.240078e+00,6.547865e-01,-2.941152e-01,8.140043e-01,6.949242e-02,-7.055463e-01
-1.860303e+00,-6.226692e+00,1.287545e+00,2.368238e+00,-2.495676e-01,-1.377380e+00,6.293511e-01,-5.117833e-01,6.986988e-01,-7.991880e-02,-7.437294e-01
-2.095897e+00,-6.287966e+00,1.376139e+00,2.586603e+00,-2.019407e-01,-1.245449e+00,7.242795e-01,-4.578114e-01,9.409719e-01,-1.017595e-01,-6.006412e-01
-2.573540e+00,-6.770332e+00,1.139487e+00,2.159810e+00,-4.093104e-01,-1.692876e+00,3.806062e-01,-7.149309e-01,6.435402e-01,-1.255121e-01,-5.996758e-01
-2.357477e+00,-6.635495e+00,9.728290e-01,2.116652e+00,-4.692669e-01,-1.568196e+00,5.813455e-01,-5.291057e-01,8.277508e-01,-7.954433e-03,-5.648705e-01
-2.010505e+00,-6.246761e+00,1.156263e+00,2.433515e+00,-3.438172e-01,-1.166997e+00,6.729745e-01,-4.125780e-01,9.517204e-01,-4.827226e-02,-6.119545e-01
-1.980818e+00,-6.295339e+00,1.323766e+00,2.375457e+00,-2.794867e-01,-1.455093e+00,5.729421e-01,-4.371490e-01,7.744125e-01,1.152997e-01,-5.406922e-01
-2.414631e+00,-6.555479e+00,1.233746e+00,2.428314e+00,-2.387217e-01,-1.307217e+00,7.411247e-01,-3.470102e-01,1.050152e+00,-6.094398e-04,-5.627149e-01
-2.127920e+00,-6.329909e+00,1.300039e+00,2.368162e+00,-2.478706e-01,-1.415359e+00,6.844818e-01,-3.791180e-01,9.448531e-01,1.340388e-01,-4.160280e-01
-1.990170e+00,-6.500995e+00,1.154731e+00,1.989156e+00,-4.144553e-01,-1.586556e+00,5.954852e-01,-4.940138e-01,8.824438e-01,1.192340e-03,-6.486557e-01
-2.140877e+00,-6.378368e+00,1.197567e+00,2.354407e+00,-2.596191e-01,-1.245837e+00,7.288151e-01,-3.025510e-01,1.007502e+00,1.799955e-01,-4.531295e-01
-2.226048e+00,-6.498738e+00,1.385807e+00,2.449300e+00,-8.020658e-02,-1.291152e+00,7.630730e-01,-3.778120e-01,7.647699e-01,-1.469967e-01,-8.736544e-01
-2.206462e+00,-6.294269e+00,1.416377e+00,2.431543e+00,-1.540769e-01,-1.394266e+00,5.960592e-01,-4.659290e-01,7.398895e-01,-1.285207e-01,-6.720535e-01
-2.259903e+00,-6.498267e+00,1.119847e+00,2.311805e+00,-1.415606e-01,-1.215799e+00,9.456448e-01,-2.222805e-01,8.891008e-01,-6.584744e-02,-9.108328e-01
-1.644385e+00,-5.812958e+00,1.402335e+00,2.570548e+00,-3.074597e-01,-1.266461e+00,4.544107e-01,-5.962889e-01,7.063920e-01,-1.687743e-01,-6.729327e-01
-1.701382e+00,-5.941459e+00,1.491187e+00,2.590894e+00,-2.437292e-01,-1.439189e+00,5.580446e-01,-6.343298e-01,7.228038e-01,-1.670339e-01,-6.543514e-01
-1.892905e+00,-6.149587e+00,1.499607e+00,2.605290e+00,-2.963232e-01,-1.465748e+00,3.958008e-01,-7.219694e-01,5.472152e-01,-3.397367e-01,-8.693593e-01
-2.002322e+00,-6.259192e+00,1.403983e+00,2.394010e+00,-2.386580e-01,-1.397952e+00,4.715929e-01,-5.882518e-01,5.549527e-01,-3.085196e-01,-9.246665e-01
-1.886589e+00,-6.126637e+00,1.180783e+00,2.301413e+00,-3.450311e-01,-1.498110e+00,5.632241e-01,-6.150332e-01,6.684266e-01,-1.312073e-01,-7.252451e-01
-1.908606e+00,-6.184556e+00,1.380748e+00,2.333009e+00,-2.551790e-01,-1.488270e+00,4.977263e-01,-6.922729e-01,6.750546e-01,-3.085985e-01,-7.229358e-01
-2.177702e+00,-6.318846e+00,1.299507e+00,2.536104e+00,-2.862910e-01,-1.499294e+00,5.313756e-01,-6.864580e-01,6.135931e-01,-2.526439e-01,-7.805841e-01
-1.677560e+00,-6.180907e+00,1.488976e+00,2.290676e+00,-4.215432e-01,-1.803061e+00,2.521622e-01,-9.452163e-01,5.092745e-01,-3.771787e-01,-7.945616e-01
-1.877080e+00,-6.183053e+00,1.234526e+00,2.336173e+00,-3.353925e-01,-1.341789e+00,6.022263e-01,-4.250136e-01,7.863792e-01,-2.480804e-02,-7.146798e-01
-2.147182e+00,-6.203288e+00,1.140360e+00,2.411545e+00,-3.532328e-01,-1.336803e+00,4.797358e-01,-5.272722e-01,5.769076e-01,-1.238432e-01,-8.346171e-01
-2.004132e+00,-5.994789e+00,1.597426e+00,2.709408e+00,3.665512e-02,-1.237454e+00,6.757683e-01,-4.882716e-01,6.689911e-01,-1.757260e-01,-7.151599e-01
-2.203508e+00,-6.346801e+00,1.217066e+00,2.358044e+00,-3.994739e-01,-1.628917e+00,3.870178e-01,-7.473473e-01,4.632361e-01,-3.839596e-01,-9.599126e-01
-1.770548e+00,-5.962513e+00,1.409787e+00,2.476229e+00,-2.409839e-01,-1.348109e+00,5.434958e-01,-5.430991e-01,7.009568e-01,-1.824651e-01,-6.983414e-01
-1.436831e+00,-5.780491e+00,1.531524e+00,2.659353e+00,-1.936710e-01,-1.359376e+00,5.693270e-01,-6.449770e-01,6.367293e-01,-1.812925e-01,-7.649067e-01
-1.884929e+00,-6.124367e+00,1.348611e+00,2.377116e+00,-3.859200e-01,-1.514145e+00,3.378455e-01,-6.190238e-01,5.393742e-01,-1.533209e-01,-7.988220e-01
-2.029949e+00,-6.134866e+00,1.426614e+00,2.592379e+00,-2.358344e-01,-1.461406e+00,5.490147e-01,-6.030999e-01,6.591248e-01,-1.683243e-01,-8.172485e-01
-1.748355e+00,-5.917569e+00,1.513929e+00,2.676874e+00,-1.213450e-01,-1.302962e+00,6.539432e-01,-5.298890e-01,6.636400e-01,-2.646366e-01,-8.836028e-01
-1.722645e+00,-6.206418e+00,1.429360e+00,2.400132e+00,-1.036024e-01,-1.224966e+00,8.603438e-01,-3.650714e-01,1.023376e+00,1.190747e-02,-5.623663e-01
-1.895525e+00,-6.117230e+00,1.289520e+00,2.411065e+00,-2.589051e-01,-1.397442e+00,5.792971e-01,-4.393146e-01,6.423270e-01,3.558655e-02,-7.547273e-01
-2.485135e+00,-6.609244e+00,1.257332e+00,2.366622e+00,-2.104008e-01,-1.431329e+00,5.678999e-01,-4.645567e-01,6.925687e-01,-7.759612e-02,-7.137859e-01
-2.162876e+00,-6.326480e+00,1.377083e+00,2.428888e+00,-1.359457e-01,-1.394142e+00,7.375730e-01,-2.438104e-01,8.660333e-01,2.004009e-01,-6.131689e-01
-2.013163e+00,-6.382060e+00,1.176811e+00,2.219215e+00,-3.342355e-01,-1.436117e+00,6.147474e-01,-4.546522e-01,8.430088e-01,7.268187e-03,-5.849950e-01
-1.826337e+00,-6.032726e+00,1.195770e+00,2.477838e+00,-4.141166e-01,-1.365216e+00,5.767824e-01,-5.322935e-01,7.957076e-01,-5.133230e-02,-6.670670e-01
-2.380110e+00,-6.519076e+00,1.187764e+00,2.415134e+00,-2.085258e-01,-1.322082e+00,7.023474e-01,-3.510118e-01,8.316099e-01,6.733296e-02,-5.260365e-01
-1.968426e+00,-6.241621e+00,1.512558e+00,2.541683e+00,-1.289237e-01,-1.344492e+00,6.559207e-01,-4.023721e-01,6.660866e-01,-1.585575e-01,-9.400329e-01
-1.896559e+00,-6.190158e+00,1.334641e+00,2.481430e+00,-2.235387e-01,-1.402348e+00,6.588363e-01,-4.695379e-01,7.638828e-01,5.513289e-02,-6.217685e-01
-1.968433e+00,-6.184283e+00,1.223608e+00,2.352224e+00,-2.541583e-01,-1.298960e+00,6.745734e-01,-3.885107e-01,9.137341e-01,4.210048e-02,-4.781668e-01
-2.085884e+00,-6.193238e+00,1.194364e+00,2.468969e+00,-2.355524e-01,-1.284666e+00,8.829908e-01,-1.310527e-01,1.166101e+00,3.840295e-01,-2.558917e-01
-2.585243e+00,-6.713571e+00,1.104020e+00,2.275134e+00,-2.156969e-01,-1.365727e+00,7.905596e-01,-1.887370e-01,9.589416e-01,1.909966e-01,-5.321392e-01
-1.919895e+00,-6.154583e+00,1.337007e+00,2.541121e+00,-3.210673e-01,-1.405534e+00,5.111897e-01,-5.286824e-01,6.805830e-01,-5.160914e-02,-6.236614e-01
-2.017218e+00,-6.300946e+00,1.142102e+00,2.340455e+00,-3.843970e-01,-1.349613e+00,5.638110e-01,-4.354966e-01,7.709283e-01,2.886548e-02,-6.616186e-01
-2.076620e+00,-6.346645e+00,1.240539e+00,2.340422e+00,-1.932774e-01,-1.316079e+00,7.410032e-01,-3.681365e-01,8.647653e-01,2.490713e-02,-5.709180e-01
-2.235841e+00,-6.313757e+00,1.182593e+00,2.307730e+00,-4.205765e-01,-1.597071e+00,4.865516e-01,-4.572178e-01,7.914836e-01,1.381367e-01,-4.305549e-01
-1.785194e+00,-5.860009e+00,1.493156e+00,2.564151e+00,-3.421264e-01,-1.622622e+00,3.305111e-01,-6.906027e-01,6.042609e-01,-1.194063e-01,-6.135133e-01
-1.862706e+00,-5.826592e+00,1.389836e+00,2.644958e+00,-1.828192e-01,-1.310260e+00,4.619946e-01,-4.886466e-01,3.423939e-01,-1.457533e-01,-9.553239e-01
-1.706962e+00,-5.861754e+00,1.400804e+00,2.445018e+00,-2.728827e-01,-1.372172e+00,4.377408e-01,-5.543157e-01,6.054882e-01,-1.399861e-01,-7.019267e-01
-1.734140e+00,-5.975019e+00,1.390657e+00,2.476921e+00,-2.976985e-01,-1.518065e+00,4.745654e-01,-5.252961e-01,5.124829e-01,-6.474679e-02,-9.064029e-01
-1.875994e+00,-5.983149e+00,1.350298e+00,2.564235e+00,-4.783783e-01,-1.577275e+00,4.108010e-01,-6.464488e-01,8.310525e-01,-3.840815e-02,-4.258129e-01
-1.633087e+00,-5.741943e+00,1.549418e+00,2.583915e+00,-2.357095e-01,-1.499933e+00,4.451887e-01,-6.442860e-01,6.017555e-01,-2.034039e-01,-7.388456e-01
-1.548465e+00,-5.903353e+00,1.416833e+00,2.388420e+00,-1.984433e-01,-1.420293e+00,7.086384e-01,-4.859492e-01,8.132071e-01,-2.935698e-02,-6.792998e-01
-1.537108e+00,-5.985540e+00,1.539943e+00,2.351567e+00,-2.571782e-01,-1.594555e+00,4.419608e-01,-7.716834e-01,5.507680e-01,-4.052055e-01,-8.997974e-01
-2.094319e+00,-6.181164e+00,1.489834e+00,2.617764e+00,-9.465404e-02,-1.431955e+00,5.103879e-01,-6.084543e-01,4.276293e-01,-2.237824e-01,-9.047328e-01
-2.146736e+00,-6.218740e+00,1.255377e+00,2.291351e+00,-4.334583e-01,-1.659094e+00,2.837993e-01,-7.066187e-01,4.972123e-01,-2.117602e-01,-7.543656e-01
-2.317457e+00,-6.439217e+00,8.940117e-01,2.113870e+00,-4.839946e-01,-1.578182e+00,5.132051e-01,-6.160329e-01,6.703928e-01,-1.591334e-01,-7.912412e-01
-1.540880e+00,-5.874392e+00,1.599374e+00,2.648017e+00,-1.198883e-01,-1.293705e+00,5.756534e-01,-6.944479e-01,6.554318e-01,-3.109168e-01,-7.680136e-01
-1.659903e+00,-5.910321e+00,1.543108e+00,2.572970e+00,-3.401706e-01,-1.601614e+00,3.356986e-01,-7.745125e-01,5.681416e-01,-2.080036e-01,-7.057897e-01
-2.094520e+00,-6.386379e+00,1.276600e+00,2.315982e+00,-3.124692e-01,-1.487638e+00,6.185359e-01,-4.008590e-01,7.637812e-01,4.215876e-02,-6.800262e-01
-1.564453e+00,-6.079297e+00,1.638795e+00,2.280424e+00,-7.624975e-02,-1.488225e+00,5.461505e-01,-5.611965e-01,6.064364e-01,-1.687095e-01,-7.736375e-01
-1.569682e+00,-5.835084e+00,1.445962e+00,2.451582e+00,-2.842317e-01,-1.526076e+00,4.639827e-01,-6.800437e-01,6.232920e-01,-1.324470e-01,-6.583453e-01
-1.598926e+00,-5.866671e+00,1.401603e+00,2.473717e+00,-4.617642e-01,-1.473471e+00,4.330781e-01,-6.015791e-01,7.918816e-01,-1.808112e-01,-6.243190e-01
-1.902870e+00,-6.033949e+00,1.372833e+00,2.472181e+00,-4.782252e-01,-1.627342e+00,3.179686e-01,-6.088087e-01,6.235661e-01,-5.635939e-03,-6.370525e-01
-1.806433e+00,-5.898079e+00,1.369730e+00,2.584163e+00,-3.700344e-01,-1.296582e+00,5.474496e-01,-3.375488e-01,8.503560e-01,9.021829e-02,-5.875381e-01
-1.746322e+00,-6.037681e+00,1.557194e+00,2.479087e+00,9.057046e-03,-1.205790e+00,7.053001e-01,-3.735296e-01,7.305522e-01,-2.410790e-03,-6.918509e-01
-2.072498e+00,-6.102075e+00,1.268846e+00,2.432027e+00,-2.118756e-01,-1.280132e+00,6.963667e-01,-2.759365e-01,7.977102e-01,1.384576e-01,-6.419842e-01
-2.225241e+00,-6.140952e+00,1.450320e+00,2.768429e+00,-3.148887e-02,-1.077517e+00,8.383629e-01,-2.200611e-01,1.034833e+00,8.173121e-02,-5.117130e-01
-2.052524e+00,-6.070122e+00,1.401324e+00,2.538336e+00,-1.971972e-01,-1.432462e+00,5.450286e-01,-4.944043e-01,5.722914e-01,-1.099492e-01,-7.553844e-01
-1.994531e+00,-6.111334e+00,1.370356e+00,2.595953e+00,-1.071694e-01,-1.015068e+00,8.202238e-01,-1.571106e-01,1.038320e+00,1.393584e-01,-5.807290e-01
-1.984949e+00,-6.352254e+00,1.208823e+00,2.148276e+00,-3.138038e-01,-1.516635e+00,5.571930e-01,-4.896206e-01,6.617237e-01,-1.241211e-02,-7.427202e-01
-2.370549e+00,-6.723590e+00,1.117173e+00,2.270613e+00,-4.503743e-01,-1.518991e+00,4.778882e-01,-6.962954e-01,7.652269e-01,-2.109087e-01,-6.655794e-01
-2.232778e+00,-6.306312e+00,1.274626e+00,2.444049e+00,-4.148410e-01,-1.500857e+00,4.410176e-01,-5.564679e-01,7.887190e-01,-8.059846e-02,-5.652880e-01
-1.965987e+00,-6.146498e+00,1.286964e+00,2.410316e+00,-2.871363e-01,-1.412689e+00,6.345672e-01,-4.089797e-01,8.257093e-01,7.017715e-02,-5.743131e-01
-1.770605e+00,-6.237170e+00,1.335485e+00,2.173782e+00,-3.267629e-01,-1.490254e+00,4.805393e-01,-5.976608e-01,7.748916e-01,-7.759704e-02,-6.269237e-01
-2.062145e+00,-6.246715e+00,1.299451e+00,2.416719e+00,-2.326524e-01,-1.385192e+00,6.332173e-01,-3.274457e-01,8.384310e-01,2.612507e-01,-3.738397e-01
-2.342227e+00,-6.459563e+00,1.171626e+00,2.443209e+00,-4.669507e-01,-1.404456e+00,4.958087e-01,-4.263651e-01,8.880812e-01,2.280876e-02,-6.186528e-01
-1.784868e+00,-6.025241e+00,1.543372e+00,2.588007e+00,-1.540634e-01,-1.326970e+00,6.404073e-01,-4.257918e-01,8.231340e-01,4.646350e-02,-5.925499e-01
-2.187311e+00,-6.505523e+00,1.006665e+00,2.011762e+00,-5.166923e-01,-1.658966e+00,4.100490e-01,-7.333527e-01,5.906397e-01,-3.051404e-01,-8.870444e-01
-1.997972e+00,-6.220315e+00,1.250840e+00,2.361624e+00,-3.252155e-01,-1.400645e+00,5.674898e-01,-5.887826e-01,8.057545e-01,-1.490059e-01,-6.195061e-01
-1.926382e+00,-6.007917e+00,1.431873e+00,2.503011e+00,-3.367351e-01,-1.614275e+00,3.066837e-01,-7.604245e-01,4.174941e-01,-2.294983e-01,-7.640111e-01
-1.603956e+00,-5.801989e+00,1.698565e+00,2.716926e+00,-1.556963e-01,-1.306932e+00,5.021446e-01,-5.223266e-01,6.784663e-01,-2.008356e-01,-7.384632e-01
-1.637795e+00,-6.012373e+00,1.376161e+00,2.369386e+00,-4.347476e-01,-1.630309e+00,3.256241e-01,-7.604311e-01,5.567009e-01,-1.782358e-01,-7.107054e-01
-2.003684e+00,-6.027098e+00,1.134306e+00,2.295447e+00,-4.525672e-01,-1.429182e+00,4.708000e-01,-5.386805e-01,7.930139e-01,-1.150458e-01,-6.057058e-01
-1.706559e+00,-5.935680e+00,1.394361e+00,2.281070e+00,-4.313038e-01,-1.726227e+00,3.814456e-01,-6.877319e-01,6.156698e-01,-1.523488e-01,-6.950314e-01
-2.020070e+00,-6.077903e+00,1.500712e+00,2.574825e+00,-1.716269e-01,-1.450777e+00,5.219965e-01,-5.736813e-01,6.592830e-01,-1.083065e-01,-6.305055e-01
-2.663370e+00,-6.697715e+00,8.705177e-01,2.117660e+00,-5.100918e-01,-1.456181e+00,4.467709e-01,-4.764856e-01,6.724961e-01,-8.628839e-02,-8.012538e-01
-1.649865e+00,-5.871984e+00,1.363105e+00,2.390249e+00,-3.171449e-01,-1.523442e+00,4.284221e-01,-6.468731e-01,4.878881e-01,-1.605155e-01,-8.373430e-01
-1.821042e+00,-6.115929e+00,1.346841e+00,2.316943e+00,-4.031121e-01,-1.603285e+00,3.545927e-01,-7.906875e-01,6.357895e-01,-2.532553e-01,-6.895088e-01
-1.992591e+00,-5.907862e+00,1.493298e+00,2.756020e+00,-1.143003e-01,-1.324049e+00,6.423512e-01,-5.022664e-01,7.338407e-01,-1.099065e-01,-5.804019e-01
-2.058483e+00,-6.088568e+00,1.289991e+00,2.507154e+00,-4.298122e-01,-1.508697e+00,3.089762e-01,-7.107136e-01,5.183995e-01,-3.140004e-01,-7.865382e-01
-1.772160e+00,-5.892426e+00,1.205805e+00,2.387140e+00,-5.653726e-01,-1.531219e+00,2.329676e-01,-7.426676e-01,4.264866e-01,-2.753204e-01,-9.257468e-01
-1.604977e+00,-5.823750e+00,1.568441e+00,2.539963e+00,-1.035191e-01,-1.375671e+00,5.359141e-01,-5.700951e-01,5.721117e-01,-1.062824e-01,-7.653288e-01
-1.845972e+00,-5.779648e+00,1.592537e+00,2.818186e+00,-1.009522e-01,-1.211745e+00,5.923237e-01,-4.622182e-01,7.001535e-01,-1.643021e-01,-7.315504e-01
-1.645661e+00,-5.976966e+00,1.651210e+00,2.564546e+00,-1.109688e-01,-1.597700e+00,5.809926e-01,-6.866067e-01,6.753661e-01,-1.021404e-01,-6.222622e-01
-2.150096e+00,-6.108321e+00,1.076992e+00,2.405654e+00,-4.652477e-01,-1.324159e+00,4.786467e-01,-4.279513e-01,7.826175e-01,-2.814476e-02,-5.712829e-01
-2.177984e+00,-6.233053e+00,1.008927e+00,2.232119e+00,-5.184637e-01,-1.593739e+00,3.339263e-01,-6.161825e-01,4.872734e-01,-3.071883e-02,-7.352509e-01
-2.098087e+00,-6.264496e+00,1.138921e+00,2.305607e+00,-4.536891e-01,-1.390980e+00,6.103259e-01,-2.531535e-01,1.045494e+00,2.517627e-01,-3.284727e-01
-2.699771e+00,-6.631216e+00,1.014752e+00,2.213385e+00,-4.144567e-01,-1.505439e+00,5.501415e-01,-2.823399e-01,8.137561e-01,2.323290e-01,-4.849807e-01
-2.034557e+00,-6.117074e+00,1.483155e+00,2.732249e+00,1.018669e-01,-1.023295e+00,9.831472e-01,-8.171613e-02,9.653781e-01,1.616363e-01,-6.643770e-01
-1.757037e+00,-5.829692e+00,1.373794e+00,2.574919e+00,-2.138736e-01,-1.121996e+00,7.341447e-01,-2.190420e-01,1.027743e+00,1.800428e-01,-4.221483e-01
-2.019914e+00,-6.040969e+00,1.201595e+00,2.591305e+00,-2.891575e-01,-1.225727e+00,6.669010e-01,-3.479167e-01,7.889830e-01,5.583644e-02,-6.085277e-01
-2.119791e+00,-6.129336e+00,1.232981e+00,2.495538e+00,-4.786939e-01,-1.476622e+00,4.092561e-01,-4.735342e-01,7.225332e-01,-7.274113e-02,-6.858983e-01
-2.187560e+00,-6.138061e+00,1.226065e+00,2.527228e+00,-3.379088e-01,-1.412434e+00,5.665363e-01,-4.102572e-01,7.724864e-01,6.280030e-02,-5.336277e-01
-1.826056e+00,-5.853534e+00,1.530413e+00,2.691063e+00,3.412764e-02,-1.114294e+00,7.320739e-01,-3.078520e-01,7.401832e-01,1.486983e-02,-6.175685e-01
-1.985546e+00,-6.062182e+00,1.139294e+00,2.511534e+00,-3.934182e-01,-1.253715e+00,6.429027e-01,-4.222397e-01,8.823210e-01,-1.060246e-02,-5.745182e-01
-1.866327e+00,-5.786587e+00,1.473212e+00,2.798899e+00,-1.563159e-01,-1.163930e+00,7.167168e-01,-2.178113e-01,8.906295e-01,1.486222e-01,-5.789754e-01
-1.682915e+00,-5.722403e+00,1.677586e+00,2.776038e+00,-2.164801e-01,-1.432562e+00,3.932380e-01,-5.771786e-01,6.339833e-01,-8.830367e-02,-5.417771e-01
-1.896078e+00,-6.309946e+00,1.166949e+00,2.036813e+00,-5.334937e-01,-1.836766e+00,3.701469e-01,-6.445634e-01,5.948171e-01,-1.012748e-02,-6.699044e-01
-1.891568e+00,-6.011078e+00,1.391720e+00,2.495781e+00,-4.160448e-02,-1.072250e+00,8.158534e-01,-9.083049e-02,9.155446e-01,2.025653e-01,-6.095783e-01
-2.229824e+00,-6.083174e+00,1.231087e+00,2.564197e+00,-1.760925e-01,-1.283413e+00,6.839256e-01,-2.925734e-01,7.529506e-01,9.750862e-02,-6.156137e-01
-2.112943e+00,-6.096421e+00,1.403957e+00,2.709905e+00,-2.204440e-01,-1.303337e+00,5.962425e-01,-4.584995e-01,8.094584e-01,-9.034375e-02,-5.604534e-01
-1.916071e+00,-6.066487e+00,1.184697e+00,2.370848e+00,-5.851516e-01,-1.673687e+00,3.369254e-01,-6.688615e-01,7.012634e-01,-6.671109e-02,-5.740575e-01
-1.621564e+00,-5.799991e+00,1.405631e+00,2.526277e+00,-3.077205e-01,-1.398529e+00,4.765426e-01,-5.476478e-01,6.598200e-01,-1.809252e-02,-6.437784e-01
-1.973587e+00,-6.051352e+00,1.196342e+00,2.403135e+00,-3.804013e-01,-1.403119e+00,4.686150e-01,-4.712011e-01,6.430573e-01,-3.621976e-02,-7.066662e-01
-1.702307e+00,-5.687485e+00,1.517733e+00,2.786404e+00,-2.419553e-01,-1.359064e+00,5.215193e-01,-5.544233e-01,5.858865e-01,-1.818594e-01,-8.505647e-01
-1.779890e+00,-5.899993e+00,1.473183e+00,2.555378e+00,-1.736139e-01,-1.308405e+00,7.593358e-01,-2.682398e-01,9.420398e-01,-2.905760e-02,-6.294347e-01
-1.463144e+00,-5.653443e+00,1.664169e+00,2.646321e+00,-5.494851e-03,-1.448593e+00,6.059524e-01,-5.934361e-01,5.449849e-01,-6.865177e-02,-7.229344e-01
-1.887332e+00,-6.181804e+00,1.173735e+00,2.162083e+00,-4.869602e-01,-1.603588e+00,3.564058e-01,-6.674337e-01,6.568783e-01,-1.239907e-01,-5.655079e-01
-1.964011e+00,-6.062993e+00,1.377459e+00,2.487834e+00,-2.209905e-01,-1.453416e+00,5.069645e-01,-4.622203e-01,5.328054e-01,-3.699329e-03,-8.063384e-01
-2.401466e+00,-6.281184e+00,1.232898e+00,2.504441e+00,-2.584592e-01,-1.378323e+00,5.755819e-01,-3.408129e-01,7.454424e-01,9.712948e-02,-5.623732e-01
-1.682514e+00,-5.719390e+00,1.498316e+00,2.550889e+00,-2.681727e-01,-1.475956e+00,4.176510e-01,-6.493866e-01,5.871107e-01,-2.622017e-01,-6.960340e-01
-1.454174e+00,-5.737774e+00,1.363452e+00,2.433719e+00,-4.361918e-01,-1.565157e+00,4.457148e-01,-6.633094e-01,7.166752e-01,-2.666940e-02,-5.675156e-01
-2.195980e+00,-6.130847e+00,1.106889e+00,2.320343e+00,-5.318906e-01,-1.598782e+00,2.045831e-01,-7.816182e-01,4.192545e-01,-3.564393e-01,-7.475518e-01
-1.551852e+00,-5.611076e+00,1.709808e+00,2.879997e+00,-1.829987e-01,-1.429747e+00,3.632935e-01,-6.730699e-01,3.863745e-01,-2.593306e-01,-9.130598e-01
-1.867646e+00,-6.007978e+00,1.482023e+00,2.624283e+00,-2.125711e-01,-1.264661e+00,5.634208e-01,-3.902041e-01,7.235226e-01,-1.110535e-01,-7.885994e-01
-1.772642e+00,-5.854007e+00,1.362990e+00,2.488984e+00,-1.976166e-01,-1.318238e+00,5.995535e-01,-4.053537e-01,6.796528e-01,1.109846e-02,-6.092083e-01
-1.585759e+00,-5.844208e+00,1.483640e+00,2.436857e+00,-2.908622e-01,-1.509078e+00,4.571626e-01,-7.201795e-01,6.090829e-01,-2.893058e-01,-7.940135e-01
-1.804453e+00,-6.150013e+00,1.373438e+00,2.343389e+00,-3.752820e-01,-1.629643e+00,4.903326e-01,-6.643941e-01,7.516352e-01,-1.394031e-01,-5.936858e-01
-2.120864e+00,-6.083521e+00,1.594175e+00,2.716433e+00,1.069359e-01,-1.171039e+00,7.108536e-01,-2.926453e-01,5.740707e-01,-5.954185e-02,-8.491951e-01
-1.792630e+00,-5.935853e+00,1.425749e+00,2.491851e+00,-2.616485e-01,-1.284229e+00,4.897443e-01,-3.837180e-01,6.628529e-01,-5.580527e-02,-7.944356e-01
-1.909942e+00,-6.140149e+00,1.080709e+00,2.330808e+00,-4.644116e-01,-1.408535e+00,6.285340e-01,-3.349461e-01,9.554184e-01,2.507551e-01,-3.816520e-01
-2.047595e+00,-6.035390e+00,1.420969e+00,2.672941e+00,-1.231550e-01,-1.130874e+00,7.199393e-01,-3.275777e-01,9.186612e-01,-1.043304e-02,-5.187261e-01
-2.070903e+00,-6.060365e+00,1.363789e+00,2.695332e+00,-2.424781e-01,-1.230275e+00,7.247540e-01,-2.791385e-01,9.359523e-01,1.593398e-02,-5.970466e-01
-2.240569e+00,-6.244650e+00,1.117727e+00,2.314107e+00,-4.683895e-01,-1.488326e+00,4.715357e-01,-3.918511e-01,8.481426e-01,2.125661e-01,-3.710723e-01
-2.171145e+00,-6.211805e+00,1.128073e+00,2.315560e+00,-3.519789e-01,-1.330451e+00,4.949368e-01,-4.218270e-01,7.041546e-01,2.390926e-02,-6.908757e-01
-2.012527e+00,-6.271950e+00,1.292078e+00,2.220455e+00,-2.229201e-01,-1.470981e+00,6.219302e-01,-3.858067e-01,6.971571e-01,6.437090e-02,-6.843766e-01
-1.931409e+00,-5.979744e+00,1.489988e+00,2.648921e+00,-2.046564e-01,-1.239045e+00,7.024775e-01,-2.071249e-01,1.062155e+00,1.939882e-01,-4.536789e-01
-2.419019e+00,-6.207458e+00,1.219257e+00,2.617871e+00,-1.947164e-01,-1.262824e+00,6.803983e-01,-3.018506e-01,8.715610e-01,2.220238e-01,-3.759272e-01
-2.094007e+00,-6.116296e+00,1.264597e+00,2.273000e+00,-2.782498e-01,-1.388190e+00,5.250633e-01,-4.057182e-01,7.617399e-01,1.650145e-02,-5.239267e-01
-2.142775e+00,-6.151964e+00,1.121821e+00,2.427897e+00,-3.089633e-01,-1.170789e+00,7.032365e-01,-1.278718e-01,9.703891e-01,3.493314e-01,-4.111128e-01
-2.280494e+00,-6.196199e+00,1.416805e+00,2.601202e+00,-7.328794e-02,-1.136028e+00,6.624931e-01,-1.887181e-01,7.763820e-01,1.518991e-01,-5.300274e-01
-1.860961e+00,-5.888963e+00,1.581776e+00,2.744813e+00,-1.843860e-01,-1.247608e+00,5.484821e-01,-3.995394e-01,7.256621e-01,-7.557776e-02,-7.461501e-01
-1.752099e+00,-5.952936e+00,1.385887e+00,2.518745e+00,-2.290053e-01,-1.346546e+00,7.350091e-01,-3.495730e-01,8.925247e-01,7.930839e-02,-6.296043e-01
-1.965501e+00,-6.154976e+00,1.339385e+00,2.364864e+00,-1.084430e-01,-1.169576e+00,7.768757e-01,-2.711520e-01,9.683089e-01,6.933928e-02,-5.132918e-01
-2.042458e+00,-5.932899e+00,1.367155e+00,2.528727e+00,-2.067979e-01,-1.434823e+00,4.934904e-01,-5.391962e-01,5.255092e-01,-1.410773e-01,-7.582252e-01
-1.894028e+00,-5.843522e+00,1.562789e+00,2.674604e+00,-2.784226e-01,-1.529275e+00,2.253025e-01,-8.367612e-01,3.538179e-01,-3.801977e-01,-8.471140e-01
-1.766584e+00,-5.819660e+00,1.579679e+00,2.657847e+00,-1.200180e-01,-1.268701e+00,6.060280e-01,-4.001771e-01,7.037406e-01,-6.282686e-02,-7.736584e-01
-1.384856e+00,-5.607300e+00,1.597358e+00,2.545575e+00,-2.437355e-01,-1.468358e+00,4.185690e-01,-6.714340e-01,5.629336e-01,-1.590650e-01,-6.861443e-01
-2.030905e+00,-5.998747e+00,1.349610e+00,2.627353e+00,-7.876907e-02,-1.076592e+00,8.496933e-01,-2.732908e-01,1.059831e+00,9.598360e-02,-4.808859e-01
-2.071467e+00,-5.980587e+00,1.356015e+00,2.702130e+00,-2.130798e-01,-1.249264e+00,6.333311e-01,-3.790359e-01,7.593319e-01,-4.068030e-03,-6.033762e-01
-2.048050e+00,-6.010566e+00,1.501792e+00,2.746887e+00,-1.159110e-01,-1.196805e+00,5.214764e-01,-5.519253e-01,5.282960e-01,-3.647784e-01,-9.373338e-01
-1.851223e+00,-5.905739e+00,1.191576e+00,2.232090e+00,-5.935834e-01,-1.688521e+00,1.688579e-01,-6.041443e-01,4.247740e-01,-4.901329e-03,-7.278025e-01
-1.294710e+00,-5.506637e+00,1.572716e+00,2.485994e+00,-3.034644e-01,-1.418324e+00,4.509552e-01,-4.780904e-01,7.359821e-01,3.483405e-02,-6.755106e-01
-1.664084e+00,-5.845025e+00,1.579711e+00,2.585355e+00,-2.249259e-01,-1.509459e+00,4.270481e-01,-7.651969e-01,5.078021e-01,-3.805313e-01,-8.391211e-01
-1.631291e+00,-5.680355e+00,1.713621e+00,2.777383e+00,-1.244815e-01,-1.448808e+00,5.254739e-01,-6.927088e-01,6.675963e-01,-3.004605e-01,-6.452554e-01
-1.958746e+00,-5.817936e+00,1.441498e+00,2.729170e+00,-1.825467e-01,-1.196709e+00,4.881277e-01,-5.454886e-01,5.790965e-01,-2.881337e-01,-8.466178e-01
-1.867132e+00,-5.812274e+00,1.201571e+00,2.543462e+00,-3.262577e-01,-1.305223e+00,5.502752e-01,-4.280789e-01,6.221163e-01,-2.471682e-02,-7.248055e-01
-2.088355e+00,-6.164111e+00,1.211081e+00,2.456265e+00,-3.957195e-01,-1.387243e+00,3.936198e-01,-6.860599e-01,5.064518e-01,-4.109369e-01,-1.036095e+00
-1.861544e+00,-5.901455e+00,1.621766e+00,2.572107e+00,-1.858457e-01,-1.639870e+00,2.823980e-01,-7.938899e-01,3.066764e-01,-3.393443e-01,-8.791495e-01
-1.923922e+00,-5.833013e+00,1.472856e+00,2.469375e+00,-3.173972e-01,-1.618115e+00,2.456416e-01,-6.865924e-01,4.754358e-01,-1.662487e-01,-6.976383e-01
-1.366228e+00,-5.726836e+00,1.586517e+00,2.596792e+00,-1.880869e-01,-1.289544e+00,6.257441e-01,-5.538820e-01,8.485887e-01,-1.371650e-01,-5.936154e-01
-1.675151e+00,-5.943773e+00,1.345252e+00,2.446769e+00,-3.625923e-01,-1.440915e+00,5.082307e-01,-5.544768e-01,6.941862e-01,-8.832823e-02,-7.275990e-01
-1.783158e+00,-5.972399e+00,1.661998e+00,2.871967e+00,-8.845642e-02,-1.150415e+00,6.218046e-01,-4.548489e-01,7.853633e-01,-9.116826e-02,-6.812054e-01
-1.858402e+00,-5.852508e+00,1.546180e+00,2.699686e+00,-1.564421e-01,-1.419752e+00,4.962333e-01,-5.169289e-01,5.070960e-01,-5.298432e-02,-7.669859e-01
-1.896508e+00,-5.895012e+00,1.388265e+00,2.415873e+00,-2.094777e-01,-1.354382e+00,5.178341e-01,-4.022779e-01,6.336499e-01,-5.856424e-02,-7.052545e-01
-1.860362e+00,-5.889451e+00,1.292916e+00,2.490583e+00,-2.507420e-01,-1.335784e+00,6.486260e-01,-3.921319e-01,7.345548e-01,-1.154081e-02,-7.253335e-01
-1.776996e+00,-5.844093e+00,1.252679e+00,2.389325e+00,-4.832815e-01,-1.424677e+00,5.124682e-01,-3.414502e-01,7.720346e-01,-4.989836e-02,-7.367804e-01
-1.772784e+00,-5.804553e+00,1.585501e+00,2.597758e+00,-2.904486e-01,-1.535993e+00,3.573239e-01,-5.694045e-01,5.519321e-01,-1.206863e-01,-6.974525e-01
-1.998682e+00,-6.084165e+00,1.335412e+00,2.569234e+00,-1.389928e-01,-1.185549e+00,7.793123e-01,-2.257263e-01,8.207785e-01,9.463767e-02,-6.725685e-01
-1.838391e+00,-5.877601e+00,1.405732e+00,2.555129e+00,-1.437396e-01,-1.108080e+00,6.920990e-01,-1.588311e-01,9.055644e-01,2.311323e-01,-4.720929e-01
-2.011986e+00,-5.899350e+00,1.168311e+00,2.457032e+00,-3.964644e-01,-1.462091e+00,4.577178e-01,-4.786834e-01,5.914029e-01,1.626455e-02,-7.152406e-01
-1.902486e+00,-5.720140e+00,1.486377e+00,2.801572e+00,-1.089505e-01,-1.088073e+00,7.720997e-01,-1.282792e-01,8.359755e-01,-3.523666e-02,-7.470531e-01
-2.238632e+00,-6.073015e+00,1.291773e+00,2.477994e+00,-2.501078e-01,-1.367723e+00,4.805070e-01,-2.952472e-01,5.170934e-01,7.133110e-02,-7.501110e-01
-1.687047e+00,-5.872213e+00,1.506110e+00,2.403462e+00,-1.509402e-01,-1.396060e+00,5.597986e-01,-3.566141e-01,6.921073e-01,1.366010e-01,-5.563662e-01
-1.583008e+00,-5.878773e+00,1.387076e+00,2.488995e+00,-2.690572e-01,-1.331298e+00,6.145048e-01,-4.791274e-01,7.331761e-01,-2.453967e-02,-6.660955e-01
-2.115397e+00,-6.075332e+00,1.317820e+00,2.424140e+00,-2.826233e-01,-1.503508e+00,5.509145e-01,-3.264954e-01,8.413251e-01,2.814520e-01,-3.664168e-01
-2.173051e+00,-5.907242e+00,1.476500e+00,2.781547e+00,-3.931345e-02,-1.099924e+00,8.412502e-01,2.926949e-02,1.039983e+00,3.487135e-01,-5.502310e-01
-1.993503e+00,-5.953390e+00,1.317089e+00,2.639520e+00,-1.863189e-01,-1.240377e+00,6.381606e-01,-3.795349e-01,6.914182e-01,1.217870e-02,-6.281487e-01
-1.768242e+00,-5.860327e+00,1.316999e+00,2.281825e+00,-2.670675e-01,-1.421356e+00,5.025843e-01,-3.584971e-01,6.355278e-01,7.080764e-02,-6.947057e-01
-2.205760e+00,-5.986254e+00,1.183894e+00,2.512869e+00,-3.191756e-01,-1.436961e+00,4.475915e-01,-4.635371e-01,4.575288e-01,-5.243049e-02,-8.346222e-01
-1.759164e+00,-5.474261e+00,1.615241e+00,2.950540e+00,-1.241092e-01,-1.250530e+00,5.808721e-01,-3.813851e-01,7.097529e-01,5.961031e-03,-6.317672e-01
-2.053023e+00,-5.972803e+00,1.151095e+00,2.452393e+00,-5.164639e-01,-1.575892e+00,3.296293e-01,-6.926656e-01,5.250262e-01,-2.420175e-01,-8.212150e-01
-1.644124e+00,-5.918637e+00,1.408011e+00,2.360558e+00,-2.796585e-01,-1.430152e+00,5.354966e-01,-4.837057e-01,7.478292e-01,-1.546848e-02,-5.953737e-01
-1.722908e+00,-6.003821e+00,1.296479e+00,2.278616e+00,-3.715196e-01,-1.524653e+00,5.492110e-01,-4.777433e-01,7.603373e-01,-2.598568e-02,-6.137458e-01
-2.092040e+00,-6.128309e+00,1.223970e+00,2.555705e+00,-4.567413e-01,-1.432339e+00,3.651430e-01,-5.423942e-01,5.131286e-01,-1.678016e-01,-8.563241e-01
-1.976313e+00,-5.859293e+00,1.487659e+00,2.746810e+00,-1.674356e-01,-1.322684e+00,4.375603e-01,-5.463847e-01,5.039177e-01,-1.608811e-01,-7.725278e-01
-1.550297e+00,-5.639687e+00,1.508030e+00,2.625566e+00,-1.253094e-01,-1.287883e+00,7.142749e-01,-3.074698e-01,7.706940e-01,1.183157e-01,-6.757199e-01
-1.898198e+00,-6.001728e+00,1.107256e+00,2.337324e+00,-4.241677e-01,-1.327990e+00,6.384248e-01,-3.083701e-01,9.496461e-01,1.418176e-01,-4.903854e-01
-1.968231e+00,-5.884837e+00,1.316028e+00,2.529793e+00,-2.833416e-01,-1.313436e+00,5.890018e-01,-2.078579e-01,7.236060e-01,1.156127e-01,-6.783469e-01
-2.018030e+00,-6.003178e+00,1.208610e+00,2.406690e+00,-6.090107e-01,-1.620011e+00,3.275343e-01,-4.486598e-01,7.982996e-01,1.366731e-01,-4.832218e-01
-1.784753e+00,-5.727261e+00,1.437169e+00,2.578432e+00,-3.050832e-01,-1.449956e+00,3.593134e-01,-5.913848e-01,4.880099e-01,-1.634158e-01,-8.004530e-01
-1.843030e+00,-5.857875e+00,1.247930e+00,2.476448e+00,-3.114079e-01,-1.379588e+00,5.045400e-01,-5.075915e-01,5.385580e-01,-1.716245e-01,-9.109403e-01
-1.698242e+00,-5.666692e+00,1.370062e+00,2.385875e+00,-3.958929e-01,-1.514944e+00,3.590820e-01,-4.557462e-01,5.608094e-01,-6.189466e-02,-7.203640e-01
-1.818125e+00,-5.865335e+00,1.518453e+00,2.651168e+00,-1.393079e-01,-1.352753e+00,6.605551e-01,-3.345034e-01,7.154406e-01,4.143813e-02,-7.256582e-01
-1.937686e+00,-5.931475e+00,1.445950e+00,2.602767e+00,-2.936807e-01,-1.342129e+00,4.694785e-01,-3.514788e-01,7.950398e-01,1.462380e-01,-4.969118e-01
-1.608209e+00,-5.670179e+00,1.446771e+00,2.493343e+00,-3.183534e-01,-1.418800e+00,3.118382e-01,-5.382679e-01,4.415755e-01,-7.638878e-02,-7.317242e-01
-1.490868e+00,-5.448900e+00,1.540316e+00,2.831818e+00,-2.017822e-01,-1.064759e+00,6.127687e-01,-2.892637e-01,7.848887e-01,2.669303e-02,-5.935750e-01
-2.247052e+00,-5.943090e+00,1.350778e+00,2.573931e+00,-1.709155e-01,-1.294961e+00,6.028762e-01,-2.258683e-01,7.352933e-01,1.316735e-01,-6.151713e-01
-1.918801e+00,-5.825645e+00,1.418212e+00,2.789255e+00,-3.081190e-01,-1.306235e+00,5.008758e-01,-5.002648e-01,6.540044e-01,-1.555970e-01,-7.474263e-01
-2.116205e+00,-6.007835e+00,1.216617e+00,2.400938e+00,-3.129842e-01,-1.302358e+00,5.238473e-01,-3.211616e-01,7.600263e-01,6.996479e-02,-5.858165e-01
-1.934376e+00,-5.917178e+00,1.293015e+00,2.564535e+00,-1.705581e-01,-1.201342e+00,6.862832e-01,-2.230181e-01,7.401067e-01,2.150000e-01,-6.126026e-01
-2.073073e+00,-5.848650e+00,1.608990e+00,2.782456e+00,1.358764e-01,-1.008684e+00,7.619142e-01,-1.654638e-01,6.700263e-01,3.598926e-03,-8.288066e-01
-2.198011e+00,-6.183489e+00,1.324596e+00,2.476670e+00,-2.073333e-01,-1.347792e+00,7.166145e-01,-2.795058e-01,8.794007e-01,5.874456e-02,-5.507153e-01
-2.371991e+00,-6.236940e+00,1.006069e+00,2.350173e+00,-3.854002e-01,-1.281057e+00,7.330369e-01,-1.788537e-01,9.372511e-01,1.212204e-01,-6.312578e-01
-1.741743e+00,-5.803888e+00,1.498744e+00,2.583311e+00,-1.276086e-01,-1.160807e+00,6.330601e-01,-2.932190e-01,8.621368e-01,1.337918e-01,-5.496355e-01
-1.642546e+00,-5.715705e+00,1.410025e+00,2.699790e+00,-2.701374e-01,-1.158243e+00,5.949168e-01,-2.686148e-01,6.976753e-01,1.319574e-01,-6.455194e-01
-2.282935e+00,-6.202463e+00,1.229798e+00,2.281869e+00,-4.115766e-01,-1.550369e+00,4.335732e-01,-3.925989e-01,7.835532e-01,6.731167e-02,-5.562845e-01
-2.036029e+00,-5.987387e+00,1.228377e+00,2.561215e+00,-5.423527e-01,-1.543165e+00,2.489806e-01,-7.177066e-01,4.626583e-01,-2.771587e-01,-8.334457e-01
-2.159293e+00,-6.059584e+00,1.134695e+00,2.378538e+00,-4.546667e-01,-1.298976e+00,4.124760e-01,-3.294602e-01,6.980021e-01,8.824054e-02,-6.174070e-01
-2.344324e+00,-6.199611e+00,1.114995e+00,2.384943e+00,-1.481617e-01,-1.056423e+00,8.514624e-01,1.410420e-03,9.250188e-01,1.622814e-01,-7.485870e-01
-1.619642e+00,-5.750553e+00,1.248740e+00,2.312197e+00,-7.307677e-01,-1.651607e+00,2.782806e-01,-4.309082e-01,7.415882e-01,1.296085e-01,-6.256915e-01
-1.912871e+00,-5.841828e+00,1.663766e+00,2.715496e+00,-8.815731e-02,-1.307977e+00,3.086586e-01,-6.537533e-01,1.891760e-01,-5.742066e-01,-1.175093e+00
-1.843517e+00,-5.749775e+00,1.395428e+00,2.650752e+00,-1.715216e-01,-1.267907e+00,5.728767e-01,-4.027821e-01,5.066541e-01,-1.301372e-01,-8.434651e-01
-1.540567e+00,-5.508274e+00,1.509867e+00,2.575810e+00,-2.445769e-01,-1.297715e+00,3.984260e-01,-5.684966e-01,5.957959e-01,-2.077712e-01,-6.924120e-01
-1.908329e+00,-5.943847e+00,1.391315e+00,2.545604e+00,-2.006488e-01,-1.417155e+00,5.764696e-01,-5.676595e-01,6.566319e-01,-1.899416e-01,-6.359331e-01
-1.777935e+00,-5.703242e+00,1.516534e+00,2.817297e+00,-3.705716e-01,-1.342284e+00,4.657211e-01,-4.546238e-01,9.235512e-01,6.421709e-02,-4.488795e-01
-1.948706e+00,-5.962828e+00,1.316203e+00,2.373827e+00,-4.056851e-01,-1.484844e+00,3.653392e-01,-4.581419e-01,6.059349e-01,3.904391e-03,-6.330888e-01
-1.604887e+00,-5.626784e+00,1.475814e+00,2.458550e+00,-2.906453e-01,-1.468898e+00,3.434059e-01,-5.594419e-01,4.892327e-01,-3.777673e-02,-6.817771e-01
-1.648951e+00,-5.694103e+00,1.322481e+00,2.461228e+00,-4.731611e-01,-1.385191e+00,4.154980e-01,-4.489971e-01,7.441631e-01,-1.624591e-02,-6.386411e-01
-1.326573e+00,-5.406341e+00,1.694656e+00,2.697814e+00,-3.051560e-01,-1.553762e+00,4.199230e-01,-5.848154e-01,6.817227e-01,-1.194466e-01,-6.064995e-01
-2.017490e+00,-5.686014e+00,1.313368e+00,2.610270e+00,-4.570625e-01,-1.458473e+00,3.191947e-01,-4.850378e-01,6.809254e-01,-3.156140e-02,-6.416895e-01
-1.594627e+00,-5.590115e+00,1.437494e+00,2.635448e+00,-2.841801e-01,-1.249698e+00,6.099831e-01,-2.721530e-01,8.671117e-01,1.891853e-01,-5.905914e-01
-1.461197e+00,-5.673729e+00,1.556688e+00,2.465008e+00,-2.480792e-01,-1.398464e+00,3.934867e-01,-5.686679e-01,5.649412e-01,-6.569313e-02,-6.469126e-01
-1.764718e+00,-5.922692e+00,1.390277e+00,2.396681e+00,-2.847296e-01,-1.385128e+00,6.338121e-01,-3.510246e-01,8.272648e-01,-1.357858e-02,-6.182509e-01
-2.424353e+00,-6.162779e+00,1.145277e+00,2.481131e+00,-3.469165e-01,-1.468225e+00,4.746921e-01,-5.709276e-01,6.118730e-01,-1.473499e-01,-5.746424e-01
-1.671511e+00,-5.616041e+00,1.679717e+00,2.843188e+00,2.564002e-02,-1.070143e+00,7.156720e-01,-3.378048e-01,8.065649e-01,-9.623267e-02,-7.240861e-01
-1.454801e+00,-5.583729e+00,1.380113e+00,2.393611e+00,-4.484561e-01,-1.496944e+00,3.636427e-01,-4.262270e-01,5.619601e-01,9.141582e-02,-7.083849e-01
-1.228061e+00,-5.508641e+00,1.603235e+00,2.620020e+00,-3.360139e-01,-1.274737e+00,5.426410e-01,-3.219881e-01,8.481334e-01,-3.220543e-03,-7.024992e-01
-2.437812e+00,-6.102431e+00,1.159889e+00,2.341415e+00,-5.511456e-01,-1.696378e+00,1.108324e-01,-5.065680e-01,3.889857e-01,9.100462e-02,-6.471375e-01
-2.172047e+00,-6.100832e+00,1.411307e+00,2.652276e+00,4.014329e-02,-1.034737e+00,8.721015e-01,-1.136095e-01,8.686279e-01,1.596475e-01,-5.978326e-01
-1.717266e+00,-5.975833e+00,1.202836e+00,2.238547e+00,-4.353518e-01,-1.424604e+00,6.610286e-01,-4.321984e-01,9.597845e-01,-1.384348e-02,-5.772945e-01
-1.694526e+00,-5.598869e+00,1.437003e+00,2.620030e+00,-2.076481e-01,-1.241442e+00,6.247815e-01,-2.391513e-01,8.376900e-01,2.204734e-01,-4.415857e-01
-1.914639e+00,-5.683589e+00,1.473837e+00,2.692846e+00,-2.520066e-01,-1.186323e+00,5.938825e-01,-9.991744e-02,8.890173e-01,1.698666e-01,-5.703889e-01
-2.079846e+00,-5.840357e+00,1.361564e+00,2.625984e+00,-3.840429e-01,-1.487792e+00,2.978748e-01,-4.878250e-01,5.146734e-01,1.835859e-03,-6.139325e-01
-1.754235e+00,-5.824961e+00,1.344610e+00,2.327516e+00,-3.216165e-01,-1.385948e+00,5.823930e-01,-2.543526e-01,8.597376e-01,1.334841e-01,-5.168626e-01
-2.129467e+00,-6.197592e+00,1.130464e+00,2.349268e+00,-2.786548e-01,-1.265973e+00,7.122690e-01,-2.758908e-01,8.997041e-01,1.602676e-01,-4.529502e-01
-1.996430e+00,-5.771860e+00,1.339596e+00,2.506238e+00,-3.603937e-01,-1.446871e+00,3.466364e-01,-4.453435e-01,5.589925e-01,4.204911e-03,-6.355114e-01
-2.253581e+00,-5.974676e+00,1.328764e+00,2.722134e+00,-1.471004e-01,-1.030933e+00,7.224650e-01,-8.139937e-02,8.162085e-01,8.283134e-02,-6.661790e-01
-2.156028e+00,-6.035783e+00,1.191774e+00,2.303218e+00,-3.557109e-01,-1.469500e+00,5.274714e-01,-1.910361e-01,7.735361e-01,3.232459e-01,-4.959298e-01
-1.619946e+00,-5.607607e+00,1.444267e+00,2.557235e+00,-2.853681e-01,-1.285882e+00,4.188711e-01,-4.160201e-01,5.757781e-01,4.603657e-03,-7.543108e-01
-1.885306e+00,-5.602555e+00,1.410476e+00,2.791856e+00,-1.407254e-01,-1.189581e+00,5.865431e-01,-3.081690e-01,5.471535e-01,2.722563e-02,-7.599218e-01
-2.158941e+00,-5.916106e+00,1.170567e+00,2.378046e+00,-5.775003e-01,-1.610380e+00,2.781476e-01,-4.191614e-01,6.076442e-01,-7.913400e-03,-7.237028e-01
-2.072419e+00,-5.980347e+00,1.263232e+00,2.385643e+00,-4.874394e-01,-1.614899e+00,2.118971e-01,-5.824678e-01,4.188288e-01,-8.309273e-02,-7.168515e-01
-1.816673e+00,-5.797158e+00,1.310542e+00,2.483015e+00,-3.570547e-01,-1.407314e+00,4.527241e-01,-4.598248e-01,6.938804e-01,3.637533e-02,-4.934486e-01
-1.475998e+00,-5.650554e+00,1.292793e+00,2.371626e+00,-4.036987e-01,-1.347235e+00,6.093935e-01,-2.620759e-01,7.964689e-01,9.190939e-02,-6.215361e-01
-1.701477e+00,-5.617152e+00,1.529282e+00,2.752611e+00,-9.258956e-02,-1.218415e+00,5.355885e-01,-4.236299e-01,3.387316e-01,-1.832850e-01,-9.057442e-01
-1.677380e+00,-5.454889e+00,1.471967e+00,2.629670e+00,-4.234280e-01,-1.502583e+00,3.296659e-01,-5.146283e-01,5.587179e-01,-1.725552e-01,-7.326524e-01
-1.813526e+00,-5.740225e+00,1.314969e+00,2.731096e+00,-1.997219e-01,-1.120170e+00,6.911962e-01,-2.701116e-01,6.389563e-01,-3.665833e-02,-8.111901e-01
-1.356540e+00,-5.511441e+00,1.511319e+00,2.471499e+00,-2.866290e-01,-1.412728e+00,5.345984e-01,-3.516437e-01,8.892426e-01,2.248187e-01,-4.087256e-01
-1.906208e+00,-5.791806e+00,1.275851e+00,2.680466e+00,-2.523810e-01,-1.170772e+00,6.678669e-01,-2.793694e-01,6.168783e-01,-1.531907e-01,-1.005921e+00
-2.331568e+00,-5.899404e+00,1.533915e+00,2.946533e+00,1.154145e-01,-1.006512e+00,6.803278e-01,-2.602891e-01,5.730652e-01,-1.447100e-01,-8.293366e-01
-2.020414e+00,-5.806920e+00,1.243016e+00,2.578949e+00,-3.965912e-01,-1.465930e+00,3.709128e-01,-6.001849e-01,5.044119e-01,-1.853762e-01,-7.243743e-01
-1.537603e+00,-5.560337e+00,1.442952e+00,2.483722e+00,-3.003402e-01,-1.447667e+00,4.506499e-01,-4.882237e-01,6.367901e-01,3.711141e-02,-5.914855e-01
-1.549951e+00,-5.422770e+00,1.500438e+00,2.711463e+00,-2.278213e-01,-1.229144e+00,5.962977e-01,-2.157929e-01,8.416056e-01,1.345188e-01,-5.565458e-01
-1.551304e+00,-5.588385e+00,1.475275e+00,2.719200e+00,-2.987643e-01,-1.305922e+00,5.317777e-01,-3.601428e-01,5.232092e-01,-1.321171e-01,-8.436917e-01
-1.494525e+00,-5.857126e+00,1.518942e+00,2.382120e+00,-4.447384e-01,-1.626491e+00,2.969464e-01,-5.488338e-01,5.830560e-01,-3.954570e-02,-7.154619e-01
-1.741126e+00,-5.657556e+00,1.294756e+00,2.427809e+00,-4.113417e-01,-1.656477e+00,2.675045e-01,-7.616274e-01,3.417835e-01,-2.301921e-01,-7.859015e-01
-1.648874e+00,-5.569285e+00,1.375779e+00,2.454123e+00,-3.360548e-01,-1.383740e+00,4.071574e-01,-4.462189e-01,5.424739e-01,-1.158679e-01,-7.584542e-01
-1.962538e+00,-5.806427e+00,1.516540e+00,2.838211e+00,-1.517218e-02,-1.081567e+00,6.938060e-01,-2.900280e-01,6.275341e-01,-1.574984e-01,-8.697087e-01
-1.695776e+00,-5.575020e+00,1.632054e+00,2.497626e+00,-2.588610e-01,-1.650841e+00,2.590102e-01,-5.205424e-01,3.817634e-01,-1.877063e-02,-7.601102e-01
-1.870409e+00,-5.749676e+00,1.263089e+00,2.376167e+00,-4.054442e-01,-1.433567e+00,4.402443e-01,-2.686245e-01,6.830855e-01,1.635822e-01,-6.441005e-01
-1.908704e+00,-5.748395e+00,1.196296e+00,2.652642e+00,-3.570986e-01,-1.181130e+00,5.731320e-01,-3.218970e-01,7.363459e-01,7.837827e-02,-6.526302e-01
-1.778355e+00,-5.734750e+00,1.440641e+00,2.508452e+00,-1.905973e-01,-1.317455e+00,6.222949e-01,-3.242328e-01,7.387134e-01,-1.068138e-03,-6.167026e-01
-1.727152e+00,-5.531864e+00,1.363350e+00,2.560725e+00,-4.648752e-01,-1.527227e+00,4.923861e-01,-2.547617e-01,8.143948e-01,2.466014e-01,-4.570817e-01
-2.351980e+00,-6.056906e+00,1.233712e+00,2.551425e+00,-2.391069e-01,-1.244917e+00,6.137377e-01,-2.609013e-01,8.120073e-01,1.088362e-01,-5.473730e-01
-1.442960e+00,-5.561773e+00,1.530845e+00,2.666847e+00,-1.987442e-01,-1.146090e+00,6.317224e-01,-1.765437e-01,8.409863e-01,2.441358e-01,-5.240948e-01
-1.782318e+00,-5.759120e+00,1.400417e+00,2.506075e+00,-1.984706e-01,-1.262088e+00,6.061272e-01,-3.338396e-01,6.493090e-01,-6.720304e-03,-7.543829e-01
-2.098848e+00,-5.896509e+00,1.267427e+00,2.447004e+00,-3.136454e-01,-1.302422e+00,7.773222e-01,1.091686e-01,1.206680e+00,5.390071e-01,-2.477005e-01
-1.645498e+00,-5.398486e+00,1.612731e+00,2.832788e+00,-2.238438e-01,-1.362613e+00,5.466189e-01,-3.092752e-01,7.092402e-01,1.067595e-01,-7.336318e-01
-1.457605e+00,-5.657442e+00,1.535603e+00,2.365099e+00,-2.849166e-01,-1.414063e+00,5.293453e-01,-3.051083e-01,8.338688e-01,1.501141e-01,-4.456204e-01
-1.699567e+00,-5.621367e+00,1.334140e+00,2.539325e+00,-3.003111e-01,-1.299768e+00,4.971602e-01,-2.632600e-01,5.604237e-01,1.709372e-01,-7.458878e-01
-1.671192e+00,-5.804602e+00,1.294149e+00,2.288257e+00,-5.142295e-01,-1.441434e+00,4.389238e-01,-2.572879e-01,7.364080e-01,1.244510e-01,-6.157317e-01
-2.375631e+00,-6.203187e+00,1.034465e+00,2.101819e+00,-8.568663e-01,-2.012092e+00,-1.182768e-01,-7.480280e-01,5.142522e-01,1.906849e-01,-2.487951e-01
-2.076132e+00,-6.017652e+00,1.164312e+00,2.320952e+00,-4.751519e-01,-1.456262e+00,4.660322e-01,-2.782345e-01,7.735447e-01,2.025633e-01,-4.828120e-01
-2.047279e+00,-5.863063e+00,1.148251e+00,2.335057e+00,-4.524532e-01,-1.377368e+00,3.968115e-01,-3.942884e-01,7.168784e-01,1.303312e-02,-6.405602e-01
-1.848020e+00,-5.803940e+00,1.271769e+00,2.525471e+00,-3.011833e-01,-1.234138e+00,7.442690e-01,-6.552382e-02,9.434997e-01,3.288095e-01,-6.190188e-01
-1.541543e+00,-5.338174e+00,1.807613e+00,2.771274e+00,-1.171258e-01,-1.282455e+00,5.083458e-01,-1.167662e-01,7.788360e-01,2.943962e-01,-5.631645e-01
-1.669205e+00,-5.748925e+00,1.191058e+00,2.359476e+00,-7.218117e-01,-1.698285e+00,2.671869e-01,-5.994056e-01,6.881259e-01,3.013085e-02,-5.872651e-01
-1.726231e+00,-5.789505e+00,1.320386e+00,2.512674e+00,-3.303282e-01,-1.321832e+00,6.230914e-01,-4.861273e-01,9.204617e-01,1.237853e-02,-5.117813e-01
-1.571629e+00,-5.538572e+00,1.528170e+00,2.627415e+00,-2.030847e-01,-1.290730e+00,5.055992e-01,-4.250668e-01,6.553625e-01,-3.751684e-02,-7.107738e-01
-1.509047e+00,-5.462011e+00,1.736326e+00,2.809433e+00,-6.546744e-02,-1.270240e+00,5.351218e-01,-4.758187e-01,5.638748e-01,-1.359797e-01,-6.798473e-01
-1.590942e+00,-5.438871e+00,1.744177e+00,2.823188e+00,-2.136826e-01,-1.380194e+00,2.676347e-01,-5.180876e-01,5.029966e-01,-3.367295e-02,-6.708903e-01
-1.383562e+00,-5.499597e+00,1.681511e+00,2.647741e+00,-1.945330e-01,-1.472205e+00,3.197774e-01,-6.736494e-01,2.931717e-01,-2.693992e-01,-9.216006e-01
-1.262442e+00,-5.414234e+00,1.566560e+00,2.611169e+00,-2.567440e-01,-1.239307e+00,5.791814e-01,-4.783481e-01,8.113585e-01,-1.675272e-01,-6.728154e-01
-1.750104e+00,-5.572474e+00,1.324722e+00,2.589977e+00,-3.316678e-01,-1.312504e+00,7.354720e-01,-1.860000e-01,9.868158e-01,1.835658e-01,-5.807100e-01
-1.816078e+00,-5.661939e+00,1.437177e+00,2.672160e+00,-3.692538e-01,-1.389726e+00,4.147292e-01,-5.258341e-01,5.965768e-01,-2.193116e-01,-8.243459e-01
-1.999952e+00,-5.592270e+00,1.323981e+00,2.679105e+00,-1.328563e-01,-9.604394e-01,8.533062e-01,3.868451e-02,9.337389e-01,5.243686e-02,-6.921830e-01
-1.669236e+00,-5.542357e+00,1.476644e+00,2.673193e+00,-1.098869e-01,-1.081260e+00,6.791948e-01,-1.623493e-01,6.778532e-01,7.357863e-02,-7.657173e-01
-1.416038e+00,-5.594882e+00,1.478022e+00,2.306672e+00,-4.517506e-01,-1.542525e+00,4.400926e-01,-3.217942e-01,9.194993e-01,2.199476e-01,-5.008911e-01
-1.723324e+00,-5.403265e+00,1.518226e+00,2.831866e+00,-2.668193e-01,-1.347722e+00,4.250061e-01,-4.182519e-01,5.010567e-01,-1.938449e-02,-7.414568e-01
-1.456869e+00,-5.216171e+00,1.674998e+00,2.793315e+00,-3.664304e-01,-1.473108e+00,1.793661e-01,-6.602953e-01,4.257037e-01,-2.450965e-01,-7.335143e-01
-1.791466e+00,-5.495119e+00,1.444325e+00,2.596106e+00,-2.791552e-01,-1.365307e+00,3.436694e-01,-4.313839e-01,5.122622e-01,2.316012e-02,-5.958560e-01
-1.544063e+00,-5.529418e+00,1.379374e+00,2.495107e+00,-4.729026e-01,-1.459135e+00,3.044462e-01,-5.719507e-01,5.547303e-01,-7.392165e-02,-8.122949e-01
-1.603376e+00,-5.602730e+00,1.465508e+00,2.416483e+00,-5.425296e-01,-1.673134e+00,1.879005e-01,-5.338779e-01,5.840575e-01,5.474971e-02,-5.712810e-01
-1.671034e+00,-5.456458e+00,1.366467e+00,2.536242e+00,-5.932088e-01,-1.548534e+00,3.438699e-01,-2.944873e-01,7.549975e-01,1.544811e-01,-5.271730e-01
-1.971193e+00,-5.810909e+00,1.022414e+00,2.058039e+00,-7.783623e-01,-1.682677e+00,2.565565e-01,-3.368526e-01,7.855446e-01,1.096071e-01,-4.960411e-01
-1.821647e+00,-5.774657e+00,1.169055e+00,2.280469e+00,-4.214024e-01,-1.438761e+00,4.765392e-01,-3.322082e-01,5.600048e-01,3.155066e-02,-7.954932e-01
-1.600030e+00,-5.515768e+00,1.563731e+00,2.835168e+00,-1.913809e-01,-1.085613e+00,5.602599e-01,-2.933093e-01,7.765760e-01,-2.738718e-02,-6.389765e-01
-1.855723e+00,-5.378784e+00,1.657647e+00,3.164260e+00,4.257554e-02,-7.888000e-01,7.994454e-01,5.551000e-02,8.069330e-01,1.059663e-01,-7.061843e-01
-2.086185e+00,-5.789113e+00,1.203887e+00,2.602734e+00,-4.797168e-01,-1.304319e+00,3.603219e-01,-2.590337e-01,6.807313e-01,1.799630e-01,-5.572639e-01
-1.284006e+00,-5.328631e+00,1.607026e+00,2.697051e+00,-2.863389e-01,-1.241030e+00,4.580365e-01,-3.721102e-01,7.042498e-01,5.613871e-02,-6.286395e-01
-1.819464e+00,-5.523147e+00,1.234065e+00,2.572402e+00,-4.752057e-01,-1.395011e+00,3.835403e-01,-3.783876e-01,6.312764e-01,9.014286e-02,-6.330903e-01
-1.916470e+00,-5.603650e+00,1.741421e+00,2.851362e+00,6.354611e-02,-1.132778e+00,6.980302e-01,-1.557176e-01,9.270823e-01,2.124855e-01,-4.534414e-01
-1.495130e+00,-5.507387e+00,1.425981e+00,2.460914e+00,-5.481021e-01,-1.677566e+00,3.371514e-01,-4.114461e-01,6.578373e-01,1.700526e-01,-6.165550e-01
-1.935507e+00,-5.813766e+00,1.442789e+00,2.565456e+00,-8.614157e-02,-1.207982e+00,6.960461e-01,-2.050063e-01,8.703205e-01,1.612972e-01,-5.827328e-01
-1.361367e+00,-5.324630e+00,1.456400e+00,2.685504e+00,-2.662158e-01,-1.075402e+00,7.171212e-01,-6.552219e-02,8.552217e-01,1.572865e-01,-6.434281e-01
-1.700755e+00,-5.538051e+00,1.678384e+00,2.821599e+00,7.088546e-02,-1.105267e+00,7.174169e-01,-2.470379e-01,6.608165e-01,3.794326e-02,-5.899441e-01
-2.044329e+00,-5.660117e+00,1.413070e+00,2.738704e+00,-2.656663e-01,-1.283139e+00,5.643750e-01,-1.673485e-01,9.495398e-01,3.956306e-01,-2.105252e-01
-1.424919e+00,-5.525997e+00,1.456483e+00,2.474408e+00,-2.700401e-01,-1.340072e+00,7.514278e-01,-7.353883e-02,8.995370e-01,2.740775e-01,-5.346579e-01
-1.624531e+00,-5.603077e+00,1.448152e+00,2.438273e+00,-2.414014e-01,-1.238388e+00,4.567304e-01,-1.899988e-01,6.132577e-01,1.873908e-01,-6.006689e-01
-2.105984e+00,-5.812550e+00,9.800088e-01,2.418884e+00,-6.159905e-01,-1.459469e+00,3.752744e-01,-3.256260e-01,6.205937e-01,9.431234e-02,-7.603280e-01
-1.374222e+00,-5.131431e+00,1.446974e+00,2.535775e+00,-6.148429e-01,-1.624841e+00,3.571810e-01,-3.495647e-01,8.695920e-01,8.828524e-02,-4.801117e-01
-1.838343e+00,-5.548067e+00,1.401999e+00,2.728507e+00,-2.375340e-01,-1.213687e+00,6.209287e-01,-2.070346e-01,6.212012e-01,-1.164098e-02,-8.458139e-01
-1.771730e+00,-5.434957e+00,1.177187e+00,2.307916e+00,-6.245299e-01,-1.611347e+00,1.574237e-01,-3.823306e-01,4.726983e-01,1.160062e-01,-6.105967e-01
-1.887213e+00,-5.534598e+00,1.290220e+00,2.637261e+00,-3.682642e-01,-1.332237e+00,3.228747e-01,-4.380200e-01,4.644232e-01,3.753021e-02,-7.335501e-01
-1.784489e+00,-5.339087e+00,1.338348e+00,2.685380e+00,-4.788715e-01,-1.384444e+00,2.932690e-01,-2.536729e-01,5.106655e-01,1.425516e-01,-6.487239e-01
-1.638899e+00,-5.364397e+00,1.390840e+00,2.534779e+00,-5.225182e-01,-1.574832e+00,2.929352e-01,-3.727913e-01,5.673726e-01,-2.075851e-02,-7.577347e-01
-1.856957e+00,-5.601766e+00,1.199772e+00,2.506369e+00,-3.667821e-01,-1.409854e+00,5.526065e-01,-1.798274e-01,7.446978e-01,3.954389e-01,-4.140958e-01
-1.579397e+00,-5.459838e+00,1.440734e+00,2.575482e+00,-2.880947e-01,-1.302436e+00,4.321485e-01,-4.259903e-01,6.456470e-01,-8.491403e-02,-6.355306e-01
-1.571260e+00,-5.394552e+00,1.643561e+00,2.772886e+00,-1.145469e-02,-1.181630e+00,6.790839e-01,-2.383885e-01,6.282645e-01,3.665951e-02,-6.951684e-01
-2.123691e+00,-5.672659e+00,1.401993e+00,2.664117e+00,-2.631731e-01,-1.406902e+00,3.355381e-01,-3.489541e-01,4.554169e-01,1.076291e-01,-6.566665e-01
-1.583871e+00,-5.302781e+00,1.464698e+00,2.737684e+00,-4.066411e-01,-1.343189e+00,3.877602e-01,-3.081538e-01,7.261456e-01,1.466709e-01,-5.388762e-01
-1.865060e+00,-5.623841e+00,1.250483e+00,2.607395e+00,-3.736587e-01,-1.369560e+00,3.743585e-01,-5.455714e-01,5.496547e-01,-3.532975e-02,-5.536863e-01
-2.200696e+00,-5.937805e+00,1.219152e+00,2.404359e+00,-2.195476e-01,-1.209923e+00,6.401623e-01,-1.046136e-01,8.197104e-01,7.818927e-02,-5.695724e-01
-1.712039e+00,-5.347354e+00,1.425642e+00,2.848365e+00,-2.275444e-01,-1.107608e+00,6.180346e-01,-1.538215e-01,5.867274e-01,4.260333e-02,-6.951030e-01
-1.992215e+00,-5.693700e+00,1.426292e+00,2.784517e+00,-2.539982e-01,-1.178652e+00,4.256347e-01,-2.906515e-01,6.157461e-01,1.020160e-02,-6.403309e-01
-1.258578e+00,-5.345145e+00,1.366230e+00,2.445755e+00,-5.489810e-01,-1.594061e+00,3.728682e-01,-4.356524e-01,6.953954e-01,1.578714e-01,-5.241473e-01
-1.342883e+00,-5.364452e+00,1.342237e+00,2.472957e+00,-5.532518e-01,-1.372878e+00,4.543781e-01,-3.007261e-01,8.075811e-01,1.006727e-01,-6.114875e-01
-1.858382e+00,-5.403851e+00,1.526457e+00,2.713142e+00,-8.040429e-02,-1.218756e+00,7.242900e-01,-2.468039e-02,8.345428e-01,3.102786e-01,-5.535283e-01
-1.711533e+00,-5.382369e+00,1.763754e+00,3.116617e+00,9.596296e-02,-1.054950e+00,7.159576e-01,-3.462418e-01,5.869586e-01,-1.585891e-01,-8.692824e-01
-1.855110e+00,-5.620269e+00,1.485618e+00,2.868742e+00,-6.841983e-02,-9.715191e-01,7.417267e-01,-1.427116e-01,7.706118e-01,5.459849e-03,-7.860998e-01
-1.757118e+00,-5.619833e+00,1.181584e+00,2.388242e+00,-3.817862e-01,-1.307940e+00,5.247859e-01,-1.835053e-01,5.221379e-01,1.883875e-01,-8.162512e-01
-1.990086e+00,-5.765686e+00,1.262106e+00,2.561701e+00,-3.261709e-01,-1.183396e+00,5.729029e-01,-1.349052e-01,8.646003e-01,2.436408e-01,-4.076161e-01
-1.644154e+00,-5.321327e+00,1.961453e+00,2.967505e+00,4.163846e-02,-1.421804e+00,3.712727e-01,-4.240038e-01,6.562250e-01,3.421639e-01,-1.723785e-01
-2.035982e+00,-5.668558e+00,1.416746e+00,2.716861e+00,-8.615028e-02,-1.044001e+00,6.748375e-01,-1.094042e-01,6.568562e-01,6.800870e-02,-6.711865e-01
-1.653479e+00,-5.516857e+00,1.338234e+00,2.383910e+00,-3.476122e-01,-1.313265e+00,5.568631e-01,-1.066620e-01,8.378901e-01,2.831687e-01,-5.130864e-01
-1.909001e+00,-5.616048e+00,1.243326e+00,2.573732e+00,-3.381191e-01,-1.221454e+00,6.350097e-01,-1.524702e-01,8.917356e-01,2.642474e-01,-4.766747e-01
-1.639148e+00,-5.296000e+00,1.628369e+00,2.890646e+00,-1.524322e-01,-1.164092e+00,5.005138e-01,-2.930158e-01,5.464525e-01,-1.018029e-01,-7.922760e-01
-1.878929e+00,-5.715820e+00,1.464559e+00,2.769413e+00,-2.274331e-01,-1.362237e+00,5.621454e-01,-4.576288e-01,6.953583e-01,-2.323545e-02,-6.758259e-01
-1.856591e+00,-5.653772e+00,1.268940e+00,2.550772e+00,-2.862799e-01,-1.088874e+00,7.011980e-01,-1.134654e-01,8.930944e-01,5.411304e-02,-6.444081e-01
-1.846890e+00,-5.627036e+00,1.175038e+00,2.358394e+00,-4.791210e-01,-1.516503e+00,4.295870e-01,-3.300939e-01,7.235474e-01,2.793963e-01,-4.435959e-01
-1.481407e+00,-5.452679e+00,1.582880e+00,2.763170e+00,-4.113375e-01,-1.418697e+00,3.623758e-01,-4.686753e-01,8.335954e-01,2.678499e-01,-4.107955e-01
-1.627817e+00,-5.503962e+00,1.604864e+00,2.666434e+00,-3.396069e-01,-1.370651e+00,4.225493e-01,-2.018045e-01,7.971060e-01,1.924554e-01,-5.395569e-01
-2.097122e+00,-5.854118e+00,1.057651e+00,2.452719e+00,-5.102973e-01,-1.350860e+00,5.029105e-01,-2.510505e-01,7.311064e-01,1.582076e-01,-5.574514e-01
-1.343686e+00,-5.202256e+00,1.458827e+00,2.664414e+00,-4.836561e-01,-1.308750e+00,2.852439e-01,-4.969146e-01,6.243888e-01,-1.639914e-01,-6.945766e-01
-1.461034e+00,-5.478765e+00,1.217704e+00,2.332296e+00,-5.878470e-01,-1.544820e+00,5.435408e-01,-3.116914e-01,8.728724e-01,1.512613e-01,-5.184425e-01
-2.001988e+00,-5.596260e+00,1.322163e+00,2.516770e+00,-3.664655e-01,-1.289601e+00,4.973086e-01,-8.412720e-02,7.711896e-01,1.683141e-01,-5.466544e-01
-1.741021e+00,-5.502941e+00,1.353837e+00,2.447218e+00,-3.570003e-01,-1.320455e+00,6.453743e-01,2.886844e-02,9.899724e-01,3.546079e-01,-4.023456e-01
-2.006412e+00,-5.878328e+00,1.037786e+00,2.329457e+00,-3.645570e-01,-1.046733e+00,7.703311e-01,5.218602e-02,8.207391e-01,1.135859e-01,-8.085534e-01
-1.404297e+00,-5.237160e+00,1.498321e+00,2.598437e+00,-2.459692e-01,-1.261111e+00,5.929306e-01,-3.095925e-01,7.053498e-01,-5.061326e-03,-6.993335e-01
-1.694174e+00,-5.423177e+00,1.391304e+00,2.615323e+00,-3.406272e-01,-1.239165e+00,6.047080e-01,-1.211725e-01,7.507674e-01,3.137478e-02,-7.588792e-01
-1.951573e+00,-5.520680e+00,1.393221e+00,2.693629e+00,-5.325988e-01,-1.489171e+00,2.977406e-02,-6.242181e-01,3.998858e-01,-1.034661e-01,-6.029003e-01
-1.697280e+00,-5.488374e+00,1.319402e+00,2.760049e+00,-3.556001e-01,-1.205592e+00,6.547249e-01,-1.858940e-01,9.525211e-01,2.882352e-01,-4.527297e-01
-1.486906e+00,-5.420876e+00,1.244959e+00,2.451428e+00,-5.828273e-01,-1.326341e+00,3.799705e-01,-3.727304e-01,7.187228e-01,-5.662846e-02,-7.433465e-01
-1.457869e+00,-5.465705e+00,1.386019e+00,2.505838e+00,-3.714159e-01,-1.386103e+00,6.118825e-01,-3.830769e-01,6.971428e-01,-1.036420e-01,-7.815984e-01
-2.007957e+00,-5.541688e+00,1.229808e+00,2.689296e+00,-3.702230e-01,-1.077179e+00,7.599026e-01,1.353755e-01,1.069785e+00,3.382802e-01,-4.167912e-01
-1.654886e+00,-5.379044e+00,1.172058e+00,2.388919e+00,-7.362602e-01,-1.532802e+00,3.348063e-01,-2.497159e-01,9.845495e-01,3.681355e-01,-2.347673e-01
-1.466857e+00,-5.235540e+00,1.414660e+00,2.550021e+00,-4.199397e-01,-1.427010e+00,3.307561e-01,-3.660832e-01,5.437656e-01,5.564598e-02,-6.934740e-01
-1.656522e+00,-5.394573e+00,1.647867e+00,2.706046e+00,-1.765854e-01,-1.224046e+00,3.814356e-01,-2.321650e-01,6.363799e-01,1.152761e-01,-6.828657e-01
-1.203721e+00,-5.041920e+00,1.627032e+00,2.810867e+00,-4.995281e-01,-1.511873e+00,2.897926e-01,-5.144474e-01,6.226154e-01,-9.921489e-02,-6.257916e-01
-1.546154e+00,-5.333100e+00,1.452900e+00,2.407010e+00,-6.453458e-01,-1.691105e+00,9.122340e-02,-4.159308e-01,5.666386e-01,4.531380e-02,-7.135479e-01
-2.179042e+00,-5.904467e+00,1.071656e+00,2.386576e+00,-5.367373e-01,-1.482432e+00,2.816778e-01,-6.189662e-01,5.398201e-01,-1.628576e-01,-6.362789e-01
-1.770893e+00,-5.532474e+00,1.254734e+00,2.528952e+00,-4.077126e-01,-1.315913e+00,5.756954e-01,-3.481509e-01,9.120835e-01,5.205793e-02,-4.670465e-01
-1.260086e+00,-5.116763e+00,1.767630e+00,2.498565e+00,-2.368491e-01,-1.429478e+00,4.622492e-01,-4.017866e-02,7.616270e-01,3.443579e-01,-4.951159e-01
-1.781367e+00,-5.480697e+00,1.326577e+00,2.479534e+00,-4.876440e-01,-1.469645e+00,4.325548e-01,-1.247073e-01,6.033124e-01,1.373447e-01,-8.307109e-01
-1.733216e+00,-5.425309e+00,1.299120e+00,2.440718e+00,-5.705698e-01,-1.539076e+00,1.865421e-01,-4.636999e-01,5.547079e-01,4.839780e-02,-5.891794e-01
-1.534010e+00,-5.552491e+00,1.529956e+00,2.549723e+00,-1.697107e-01,-1.322813e+00,6.282591e-01,-2.055747e-01,8.770698e-01,4.164180e-01,-2.674436e-01
-2.021806e+00,-5.647208e+00,1.365592e+00,2.439464e+00,-2.248581e-01,-1.278085e+00,5.474497e-01,-7.818811e-02,7.297980e-01,1.493014e-01,-5.628536e-01
-1.871603e+00,-5.728379e+00,1.253682e+00,2.324158e+00,-5.317218e-01,-1.407433e+00,5.522612e-01,5.310734e-02,8.669671e-01,3.090980e-01,-7.113948e-01
-1.968644e+00,-5.519942e+00,1.485064e+00,2.871218e+00,-1.585077e-01,-1.130797e+00,4.960045e-01,-2.366328e-01,5.814841e-01,1.157380e-01,-6.563992e-01
-1.578097e+00,-5.494139e+00,1.387909e+00,2.561093e+00,-3.458238e-01,-1.238483e+00,5.428551e-01,-2.877320e-01,8.048663e-01,9.259030e-02,-5.919807e-01
-1.776399e+00,-5.531738e+00,1.488467e+00,2.695191e+00,-5.151632e-02,-1.144825e+00,6.573921e-01,-1.723216e-01,5.908100e-01,5.782129e-02,-7.871691e-01
-1.301519e+00,-5.387584e+00,1.606323e+00,2.428854e+00,-4.713699e-01,-1.546486e+00,3.755193e-01,-2.126157e-01,7.804463e-01,2.201965e-01,-5.665084e-01
-1.833843e+00,-5.617302e+00,1.267058e+00,2.478299e+00,-5.156350e-01,-1.554886e+00,3.320923e-01,-4.785020e-01,4.823360e-01,-3.116763e-02,-6.859311e-01
-1.961996e+00,-5.907771e+00,1.129580e+00,2.222911e+00,-3.365166e-01,-1.301131e+00,6.169338e-01,-1.096217e-01,7.555419e-01,2.508272e-01,-5.310062e-01
-2.278050e+00,-5.890830e+00,1.010752e+00,2.446021e+00,-4.522774e-01,-1.261521e+00,4.184716e-01,-2.413608e-01,6.242985e-01,2.464083e-01,-5.361761e-01
-2.179291e+00,-5.863334e+00,1.059611e+00,2.529463e+00,-2.568462e-01,-8.966054e-01,1.031138e+00,3.934807e-01,1.185911e+00,3.942307e-01,-5.694841e-01
-1.635279e+00,-5.307996e+00,1.260531e+00,2.529417e+00,-4.941327e-01,-1.284663e+00,5.209471e-01,-1.087772e-01,6.480088e-01,-1.198086e-02,-7.571420e-01
-1.781258e+00,-5.444548e+00,1.388148e+00,2.609506e+00,-3.996672e-01,-1.527615e+00,2.235468e-01,-4.917190e-01,4.185865e-01,1.073729e-01,-5.463525e-01
-1.688309e+00,-5.286519e+00,1.391427e+00,2.737567e+00,-1.488495e-01,-1.024845e+00,6.252549e-01,-2.320005e-01,5.405214e-01,-1.942666e-01,-9.805367e-01
-2.053250e+00,-5.879531e+00,9.284571e-01,2.245864e+00,-4.629553e-01,-1.158340e+00,9.068342e-01,4.033712e-01,1.189404e+00,6.802469e-01,-4.598653e-01
-1.424754e+00,-5.349939e+00,1.590626e+00,2.686680e+00,-2.256863e-01,-1.225810e+00,6.783911e-01,-1.065487e-01,8.315543e-01,2.560472e-02,-7.354472e-01
-1.464515e+00,-5.223033e+00,1.523769e+00,2.582405e+00,-4.000579e-01,-1.506239e+00,3.842039e-01,-3.874677e-01,5.980794e-01,2.373024e-02,-6.227712e-01
-1.661275e+00,-5.248995e+00,1.363780e+00,2.749429e+00,-2.843606e-01,-1.068144e+00,6.061534e-01,-8.511755e-02,7.828108e-01,1.227144e-01,-6.476767e-01
-1.447323e+00,-5.126315e+00,1.587328e+00,2.719641e+00,-2.474832e-01,-1.276891e+00,3.741527e-01,-2.371507e-01,5.896555e-01,2.342678e-01,-6.325387e-01
-1.280510e+00,-4.896866e+00,1.495215e+00,2.639415e+00,-6.267992e-01,-1.654141e+00,1.762547e-01,-3.351947e-01,6.231690e-01,2.726334e-01,-5.717290e-01
-1.520623e+00,-5.223161e+00,1.579457e+00,2.689407e+00,-3.377287e-01,-1.366193e+00,3.331350e-01,-2.268805e-01,5.226167e-01,8.051316e-02,-7.657165e-01
-1.710679e+00,-5.443804e+00,1.368567e+00,2.446611e+00,-1.645113e-01,-1.306890e+00,6.561427e-01,-9.028621e-02,6.182036e-01,2.229830e-01,-6.507239e-01
-1.565048e+00,-5.439298e+00,1.376573e+00,2.388678e+00,-3.069114e-01,-1.342815e+00,4.393782e-01,-3.458096e-01,4.982894e-01,-6.636745e-02,-7.931664e-01
-1.622645e+00,-5.216623e+00,1.396247e+00,2.412479e+00,-3.301933e-01,-1.525821e+00,4.174988e-01,-2.119848e-01,4.473910e-01,1.415110e-01,-7.362001e-01
-1.560318e+00,-5.212957e+00,1.828111e+00,2.954427e+00,1.180180e-01,-1.086047e+00,6.460340e-01,-2.353602e-01,4.688472e-01,-1.251817e-01,-8.292759e-01
-1.999975e+00,-5.602106e+00,1.303013e+00,2.487114e+00,-3.465765e-01,-1.363958e+00,4.278648e-01,-1.630204e-01,6.080396e-01,2.094678e-01,-6.928928e-01
-1.644510e+00,-5.495153e+00,1.085587e+00,2.404157e+00,-5.814085e-01,-1.357177e+00,5.225102e-01,-1.694034e-01,7.443951e-01,1.929954e-01,-8.251180e-01
-1.799530e+00,-5.430756e+00,1.372965e+00,2.612621e+00,-4.232432e-01,-1.438854e+00,1.978524e-01,-5.096697e-01,4.093350e-01,-7.788160e-02,-7.438006e-01
-1.970715e+00,-5.125946e+00,1.484707e+00,2.989505e+00,-4.076120e-01,-1.389509e+00,1.652773e-01,-4.382684e-01,4.804727e-01,6.222728e-02,-5.233914e-01
-1.662053e+00,-5.211973e+00,1.436660e+00,2.608805e+00,-5.590520e-01,-1.572659e+00,2.491721e-01,-2.724860e-01,8.145399e-01,3.070815e-01,-3.587370e-01
-1.535766e+00,-5.246845e+00,1.358201e+00,2.678834e+00,-3.993444e-01,-1.293542e+00,3.476899e-01,-2.555276e-01,4.803712e-01,2.011587e-01,-6.866429e-01
-1.369030e+00,-5.073252e+00,1.471758e+00,2.718671e+00,-4.211525e-01,-1.282958e+00,3.847924e-01,-2.934531e-01,7.303254e-01,2.566755e-01,-4.244202e-01
-1.402715e+00,-5.199565e+00,1.475817e+00,2.727098e+00,-3.169129e-01,-1.319057e+00,4.701551e-01,-3.174684e-01,5.710564e-01,1.310380e-01,-4.819787e-01
-1.916518e+00,-5.354881e+00,1.483800e+00,2.747002e+00,-2.515738e-01,-1.278641e+00,5.795896e-01,-2.022288e-02,8.525663e-01,3.379552e-01,-5.436831e-01
-1.573535e+00,-5.325619e+00,1.443686e+00,2.616242e+00,-3.824866e-01,-1.330941e+00,4.710722e-01,-2.529578e-01,8.069623e-01,1.737657e-01,-5.280161e-01
-1.504775e+00,-5.220215e+00,1.461032e+00,2.703071e+00,-3.634996e-01,-1.371438e+00,3.310949e-01,-3.288817e-01,5.035464e-01,2.449166e-01,-7.817748e-01
-1.425940e+00,-5.441874e+00,1.486861e+00,2.333213e+00,-5.336118e-01,-1.707522e+00,2.077992e-01,-4.205076e-01,6.069013e-01,2.221270e-01,-5.962281e-01
-1.813792e+00,-5.439186e+00,1.485964e+00,2.919313e+00,-2.780301e-01,-1.278545e+00,5.995779e-01,-2.139856e-01,9.023119e-01,2.198924e-01,-4.824670e-01
-1.752126e+00,-5.457829e+00,1.457072e+00,2.634082e+00,-1.362554e-01,-1.109903e+00,7.310928e-01,-9.366454e-02,7.303479e-01,-3.341774e-03,-7.326562e-01
-1.619758e+00,-5.296870e+00,1.236280e+00,2.362228e+00,-5.989601e-01,-1.503464e+00,2.729256e-01,-3.321586e-01,6.522473e-01,1.618339e-01,-5.474590e-01
-1.287294e+00,-5.168040e+00,1.420831e+00,2.372070e+00,-4.662211e-01,-1.508709e+00,4.299082e-01,-2.308262e-01,6.813073e-01,2.381183e-01,-5.295876e-01
-1.987919e+00,-5.453107e+00,1.497086e+00,2.591261e+00,-1.629701e-01,-1.352301e+00,5.290752e-01,-1.442215e-01,6.488481e-01,1.183640e-01,-7.402886e-01
-1.432534e+00,-5.110754e+00,1.697956e+00,2.803205e+00,-2.384147e-01,-1.290052e+00,4.841827e-01,-2.890226e-02,6.479498e-01,2.910136e-01,-6.888220e-01
-1.678943e+00,-5.419305e+00,9.592890e-01,2.117502e+00,-7.667550e-01,-1.355631e+00,5.931966e-01,1.996952e-01,1.042207e+00,4.842133e-01,-4.547579e-01
-1.496279e+00,-5.432954e+00,1.406340e+00,2.262572e+00,-3.480192e-01,-1.549220e+00,5.365536e-01,-3.182871e-01,7.734074e-01,1.640959e-01,-5.321189e-01
-1.985597e+00,-5.402959e+00,1.127793e+00,2.367044e+00,-5.922199e-01,-1.438164e+00,3.859204e-01,-1.612176e-01,7.081488e-01,9.841634e-02,-6.275284e-01
-1.833636e+00,-5.361782e+00,1.393045e+00,2.631096e+00,-3.034240e-01,-1.186357e+00,5.838109e-01,7.444919e-02,7.045979e-01,2.184382e-01,-6.890011e-01
-1.543921e+00,-5.180170e+00,1.391136e+00,2.596933e+00,-4.830641e-01,-1.446032e+00,3.395782e-01,-2.744847e-01,7.541643e-01,3.636925e-01,-2.804551e-01
-1.495527e+00,-5.294652e+00,1.230603e+00,2.262308e+00,-6.788573e-01,-1.607941e+00,1.473642e-01,-5.366411e-01,6.019906e-01,3.862322e-02,-5.261000e-01
-2.107510e+00,-5.584297e+00,1.121482e+00,2.353368e+00,-4.099655e-01,-1.578639e+00,3.161185e-01,-5.091462e-01,2.713796e-01,-1.608226e-01,-8.736180e-01
-1.985584e+00,-5.551604e+00,1.142812e+00,2.556718e+00,-4.235269e-01,-1.158200e+00,7.946164e-01,7.710017e-02,1.053144e+00,1.799216e-01,-6.400434e-01
-1.398860e+00,-4.896036e+00,1.653821e+00,2.886123e+00,-3.002968e-01,-1.287724e+00,3.507129e-01,-3.260042e-01,5.576856e-01,-3.725449e-02,-5.877844e-01
-1.324166e+00,-5.042395e+00,1.494407e+00,2.750962e+00,-3.613684e-01,-1.156469e+00,5.274851e-01,-2.617392e-01,7.535480e-01,-5.494101e-02,-7.216411e-01
-1.719540e+00,-5.188169e+00,1.403242e+00,2.688264e+00,-2.901750e-01,-1.180650e+00,3.776976e-01,-3.054581e-01,4.115322e-01,-9.921978e-02,-8.132961e-01
-1.504563e+00,-5.298435e+00,1.141047e+00,2.353297e+00,-7.469715e-01,-1.496458e+00,3.469923e-01,-3.099383e-01,4.625395e-01,-2.614213e-01,-1.060549e+00
-1.570725e+00,-5.163251e+00,1.458065e+00,2.458573e+00,-3.657863e-01,-1.466736e+00,2.837054e-01,-3.461393e-01,4.267850e-01,-1.917124e-02,-5.966620e-01
-1.236657e+00,-5.031214e+00,1.530836e+00,2.717553e+00,-5.131332e-01,-1.512438e+00,2.384774e-01,-5.071175e-01,5.909332e-01,1.472844e-01,-5.447382e-01
-1.666706e+00,-5.264849e+00,1.366951e+00,2.665847e+00,-2.881760e-01,-1.153989e+00,4.022762e-01,-4.303109e-01,3.997751e-01,-2.426740e-01,-9.305369e-01
-1.680325e+00,-5.475448e+00,1.312933e+00,2.440175e+00,-4.804180e-01,-1.544315e+00,3.304429e-01,-4.861210e-01,4.641998e-01,-5.163564e-02,-8.163452e-01
-1.737539e+00,-5.279405e+00,1.309462e+00,2.614530e+00,-6.766327e-01,-1.542073e+00,1.626548e-01,-4.303761e-01,6.364050e-01,1.036050e-01,-4.713257e-01
-2.309625e+00,-5.638975e+00,9.512600e-01,2.421316e+00,-6.425358e-01,-1.319744e+00,4.092981e-01,-8.426430e-02,8.708571e-01,2.888695e-01,-4.730652e-01
-1.258583e+00,-5.121423e+00,1.362803e+00,2.473961e+00,-3.716433e-01,-1.241855e+00,6.661262e-01,-3.724144e-02,7.801871e-01,2.433354e-01,-6.084022e-01
-1.230791e+00,-4.935639e+00,1.547478e+00,2.693511e+00,-5.256797e-01,-1.344156e+00,2.055501e-01,-3.537609e-01,5.415531e-01,-1.795996e-02,-6.890776e-01
-1.579918e+00,-5.242431e+00,1.674285e+00,2.857435e+00,-1.036436e-01,-1.154108e+00,5.542198e-01,-8.890215e-02,5.811434e-01,1.898799e-01,-5.568919e-01
-1.498869e+00,-5.012426e+00,1.449943e+00,2.882091e+00,-5.254221e-01,-1.245148e+00,2.411725e-01,-3.546252e-01,4.798149e-01,-8.482116e-02,-7.237087e-01
-1.332744e+00,-5.065686e+00,1.365823e+00,2.488026e+00,-4.814186e-01,-1.335536e+00,4.175498e-01,-2.633710e-01,6.133192e-01,2.960947e-02,-7.047137e-01
-1.290380e+00,-5.120710e+00,1.641749e+00,2.626715e+00,-1.485815e-01,-1.252641e+00,6.020552e-01,-1.655669e-01,7.480500e-01,1.742488e-01,-5.633277e-01
-1.739852e+00,-5.291779e+00,1.427899e+00,2.653891e+00,-3.948749e-01,-1.252547e+00,4.595761e-01,-1.189680e-01,7.602594e-01,1.191456e-01,-6.204814e-01
-1.200924e+00,-5.029548e+00,1.598956e+00,2.622667e+00,-4.834538e-01,-1.505575e+00,3.321497e-01,-2.365217e-01,5.462681e-01,1.239625e-01,-7.346855e-01
-1.676856e+00,-5.424784e+00,1.283634e+00,2.382728e+00,-6.616470e-01,-1.513076e+00,1.555406e-01,-3.011772e-01,6.867820e-01,2.381673e-01,-4.570442e-01
-1.691577e+00,-5.144538e+00,1.363898e+00,2.903692e+00,-1.964090e-01,-1.051335e+00,6.523294e-01,-1.892542e-01,6.683191e-01,1.281174e-01,-6.918085e-01
-1.717581e+00,-5.423956e+00,1.280209e+00,2.583905e+00,-3.779801e-01,-1.184543e+00,5.514767e-01,-1.574351e-01,6.340958e-01,6.032103e-02,-8.288147e-01
-2.029590e+00,-5.496725e+00,1.179640e+00,2.451983e+00,-5.042825e-01,-1.264852e+00,6.617211e-01,2.861214e-01,1.059626e+00,5.837272e-01,-3.857205e-01
-1.464431e+00,-5.025254e+00,1.486839e+00,2.595621e+00,-3.677797e-01,-1.345724e+00,4.615265e-01,1.106338e-02,6.830166e-01,3.520851e-01,-5.696804e-01
-1.410678e+00,-5.200154e+00,1.528497e+00,2.589579e+00,-3.736309e-01,-1.235083e+00,3.834216e-01,-1.146573e-01,7.586154e-01,2.698512e-01,-5.429898e-01
-1.390479e+00,-5.050785e+00,1.361567e+00,2.605619e+00,-4.961036e-01,-1.406663e+00,3.357386e-01,-2.647548e-01,5.155867e-01,1.741147e-01,-6.779372e-01
-1.750053e+00,-5.197314e+00,1.332315e+00,2.553949e+00,-5.115400e-01,-1.313104e+00,3.519024e-01,-3.944073e-02,6.311091e-01,1.947369e-01,-6.865264e-01
-1.361067e+00,-4.888778e+00,1.653030e+00,2.685545e+00,-4.283592e-01,-1.678717e+00,2.072799e-01,-5.057983e-01,5.324831e-01,9.338826e-02,-5.276529e-01
-1.263440e+00,-4.960641e+00,1.582848e+00,2.738699e+00,-2.714303e-01,-1.124702e+00,5.755816e-01,-1.064224e-01,6.781165e-01,-1.758820e-02,-8.323115e-01
-2.378449e+00,-5.928989e+00,4.656247e-01,1.750851e+00,-1.201764e+00,-1.838593e+00,-9.323928e-02,-3.692647e-01,3.802910e-01,1.661165e-01,-7.082063e-01
-1.223916e+00,-5.052900e+00,1.371438e+00,2.378958e+00,-6.687041e-01,-1.623390e+00,1.906833e-01,-2.777610e-01,5.295756e-01,2.266347e-01,-5.718370e-01
-1.377489e+00,-5.026330e+00,1.554197e+00,2.521197e+00,-5.079512e-01,-1.599279e+00,6.829751e-02,-4.510549e-01,2.281139e-01,-4.641851e-02,-7.795656e-01
-1.428669e+00,-5.098659e+00,1.314287e+00,2.595449e+00,-5.175155e-01,-1.428637e+00,3.671729e-01,-3.820351e-01,6.340809e-01,6.849657e-02,-4.809835e-01
-1.489875e+00,-5.117747e+00,1.119872e+00,2.295508e+00,-7.889099e-01,-1.641241e+00,7.505269e-02,-4.915160e-01,3.725681e-01,-4.952234e-02,-7.719894e-01
-1.043620e+00,-4.938419e+00,1.351722e+00,2.571205e+00,-6.188185e-01,-1.446178e+00,4.761419e-01,-3.022698e-01,7.466340e-01,5.335603e-02,-6.892414e-01
-1.345784e+00,-4.829005e+00,1.660453e+00,2.825483e+00,-4.753542e-01,-1.481284e+00,1.760633e-01,-4.062762e-01,5.061832e-01,-6.412738e-02,-7.789043e-01
-1.183786e+00,-4.915270e+00,1.613320e+00,2.733434e+00,-3.003504e-01,-1.299843e+00,4.123859e-01,-2.653845e-01,5.200224e-01,1.072365e-01,-6.785550e-01
-1.639395e+00,-5.212936e+00,1.055799e+00,2.458985e+00,-6.487560e-01,-1.404114e+00,3.980027e-01,-2.247345e-01,6.192410e-01,6.659808e-02,-6.598456e-01
-1.606280e+00,-5.166561e+00,1.174432e+00,2.258493e+00,-6.179245e-01,-1.599557e+00,2.287682e-01,-4.641479e-01,4.598074e-01,-8.645696e-02,-7.026430e-01
-1.755675e+00,-5.051529e+00,1.360636e+00,2.777360e+00,-4.536797e-01,-1.423189e+00,3.605909e-01,-2.906632e-01,5.488368e-01,6.068901e-02,-6.901260e-01
-9.209942e-01,-4.714441e+00,1.495222e+00,2.348141e+00,-6.500050e-01,-1.635442e+00,3.134851e-01,-9.647494e-02,5.767762e-01,1.245573e-01,-6.990785e-01
-1.617378e+00,-5.392965e+00,1.377075e+00,2.501375e+00,-1.919509e-01,-1.169079e+00,6.705052e-01,-1.766146e-02,7.001272e-01,3.091528e-01,-5.003156e-01
-1.346930e+00,-4.986426e+00,1.477582e+00,2.491872e+00,-4.699836e-01,-1.428375e+00,2.595630e-01,-3.398106e-01,6.286151e-01,9.914048e-02,-5.932125e-01
-1.484765e+00,-5.052343e+00,1.378286e+00,2.732843e+00,-5.306911e-01,-1.275846e+00,4.183648e-01,-3.876828e-02,7.050710e-01,2.663119e-01,-6.814253e-01
-1.559537e+00,-5.130986e+00,1.443143e+00,2.680422e+00,-3.322819e-01,-1.207043e+00,5.818612e-01,-3.301009e-02,5.881152e-01,4.172201e-02,-7.846646e-01
-1.596112e+00,-5.115330e+00,1.569537e+00,2.703962e+00,-1.268014e-01,-1.220333e+00,4.865120e-01,-2.365506e-01,4.195710e-01,-7.768399e-02,-8.458312e-01
-1.552694e+00,-5.211906e+00,1.533869e+00,2.580129e+00,-1.862295e-01,-1.360266e+00,4.669810e-01,-3.442250e-01,4.842766e-01,-2.931019e-02,-8.376889e-01
-1.502088e+00,-5.100681e+00,1.389612e+00,2.522117e+00,-3.714857e-01,-1.360190e+00,4.363108e-01,-2.476636e-01,5.588097e-01,5.698711e-02,-6.797085e-01
-2.387663e+00,-5.882385e+00,8.689149e-01,2.227043e+00,-7.200268e-01,-1.573610e+00,3.868694e-01,-7.470099e-02,9.185853e-01,5.176421e-01,-2.178679e-01
-2.008307e+00,-5.695454e+00,6.873099e-01,1.910630e+00,-1.021017e+00,-1.656487e+00,1.253789e-01,-2.694264e-01,3.557107e-01,4.798757e-02,-7.116233e-01
-1.952443e+00,-5.342312e+00,1.119312e+00,2.307840e+00,-6.028303e-01,-1.610635e+00,2.285025e-01,-2.709914e-01,5.439204e-01,2.614907e-01,-5.563826e-01
-1.566539e+00,-5.371769e+00,1.288683e+00,2.277572e+00,-5.009052e-01,-1.487026e+00,2.874689e-01,-2.966486e-01,5.045186e-01,1.286551e-01,-6.258754e-01
-2.067778e+00,-5.505660e+00,1.168101e+00,2.289183e+00,-6.118885e-01,-1.657824e+00,1.550566e-01,-3.453385e-01,4.349255e-01,1.108368e-01,-6.914938e-01
-1.513022e+00,-4.976896e+00,1.639857e+00,2.663190e+00,-2.029832e-01,-1.482652e+00,4.838810e-01,-3.605521e-01,4.987171e-01,-1.278419e-01,-7.382736e-01
-9.121586e-01,-4.567531e+00,1.875231e+00,2.711085e+00,-3.213624e-01,-1.474339e+00,2.688589e-01,-2.156115e-01,6.732993e-01,3.187229e-01,-4.708060e-01
-1.250496e+00,-5.040359e+00,1.337579e+00,2.422667e+00,-4.356756e-01,-1.476574e+00,5.375509e-01,-1.424275e-01,7.425588e-01,3.623852e-01,-4.943021e-01
-1.771696e+00,-5.288264e+00,1.318664e+00,2.344135e+00,-6.446998e-01,-1.680810e+00,1.084454e-01,-3.166302e-01,6.797951e-01,3.404659e-01,-2.992480e-01
-1.934915e+00,-5.451885e+00,1.329041e+00,2.585560e+00,-4.707454e-01,-1.527099e+00,2.912825e-01,-3.321829e-01,5.192125e-01,1.573585e-01,-5.720860e-01
-1.870583e+00,-5.254492e+00,1.487836e+00,2.659287e+00,-1.555416e-01,-1.187364e+00,5.919520e-01,5.212502e-02,6.510887e-01,2.972864e-01,-6.334746e-01
-1.459868e+00,-4.927783e+00,1.518781e+00,2.539913e+00,-1.697033e-01,-1.252653e+00,5.532529e-01,-1.085051e-01,7.052441e-01,2.397827e-01,-4.239872e-01
-1.471186e+00,-5.345423e+00,1.180115e+00,2.433268e+00,-6.999245e-01,-1.458540e+00,3.559956e-01,-1.929821e-01,8.243624e-01,3.287776e-01,-5.030712e-01
-1.438715e+00,-4.832620e+00,1.778797e+00,3.038452e+00,-1.862857e-01,-1.203516e+00,4.429055e-01,-1.893397e-01,7.597235e-01,1.786300e-01,-4.868110e-01
-1.075689e+00,-4.820617e+00,1.736369e+00,2.885211e+00,-5.201219e-01,-1.403272e+00,2.306964e-01,-2.807959e-01,7.309904e-01,2.232653e-01,-5.326458e-01
-1.297240e+00,-5.146718e+00,1.430274e+00,2.570690e+00,-5.020388e-01,-1.246215e+00,4.377341e-01,-9.416861e-02,7.825838e-01,2.570862e-01,-6.607293e-01
-1.547260e+00,-5.126651e+00,1.197651e+00,2.624986e+00,-6.016250e-01,-1.446018e+00,2.704967e-01,-4.826193e-01,5.646192e-01,2.180416e-02,-6.113316e-01
-1.650827e+00,-5.416490e+00,1.244681e+00,2.223281e+00,-5.429354e-01,-1.556771e+00,4.640480e-01,-1.915119e-01,7.714234e-01,1.797781e-01,-5.268861e-01
-1.653394e+00,-5.086903e+00,1.201287e+00,2.323230e+00,-8.288484e-01,-1.604552e+00,1.362121e-02,-3.165195e-01,4.165688e-01,-6.576416e-02,-7.082587e-01
-1.569732e+00,-5.062901e+00,1.648131e+00,2.847545e+00,3.760759e-02,-1.033747e+00,7.401383e-01,-4.672921e-02,5.936831e-01,3.476534e-02,-8.508086e-01
-1.391440e+00,-5.112830e+00,1.303150e+00,2.193151e+00,-6.630944e-01,-1.622079e+00,1.113036e-01,-3.029070e-01,5.080071e-01,2.230468e-01,-6.288779e-01
-1.240381e+00,-4.969642e+00,1.370596e+00,2.658107e+00,-5.766806e-01,-1.478937e+00,3.084255e-01,-4.344230e-01,5.113023e-01,-1.084767e-01,-6.475138e-01
-1.378096e+00,-4.820661e+00,1.859162e+00,2.864955e+00,-2.373227e-01,-1.487350e+00,2.193771e-01,-4.282689e-01,5.203361e-01,8.592463e-02,-4.185355e-01
-2.070909e+00,-5.306529e+00,1.421697e+00,2.848645e+00,-1.994828e-02,-9.698203e-01,7.994239e-01,1.601308e-01,1.062786e+00,6.051203e-01,-8.193404e-02
-1.538543e+00,-4.942159e+00,1.649854e+00,2.907867e+00,-8.931961e-02,-1.052513e+00,4.267512e-01,-2.554036e-01,3.912006e-01,4.077831e-02,-7.043057e-01
-1.980569e+00,-5.272720e+00,1.257909e+00,2.640981e+00,-2.773782e-01,-1.117320e+00,4.960977e-01,-1.331398e-01,5.803216e-01,1.108044e-01,-7.823562e-01
-1.831924e+00,-5.214028e+00,1.397235e+00,2.718766e+00,-3.436321e-01,-1.200654e+00,4.126407e-01,3.531075e-03,7.078884e-01,3.611962e-01,-3.975378e-01
-1.482552e+00,-5.188111e+00,1.427458e+00,2.388375e+00,-4.561994e-01,-1.517484e+00,4.201758e-01,-3.115538e-01,6.087185e-01,-7.671910e-02,-6.764714e-01
-1.692972e+00,-5.405815e+00,9.257638e-01,2.169741e+00,-7.454082e-01,-1.466642e+00,3.379336e-01,-1.794336e-01,5.384825e-01,1.959637e-01,-6.884068e-01
-1.503937e+00,-5.199907e+00,1.439643e+00,2.469505e+00,-3.588978e-01,-1.339272e+00,4.300086e-01,-2.447120e-01,6.802803e-01,8.510703e-02,-6.542919e-01
-1.510346e+00,-5.038900e+00,1.313692e+00,2.539210e+00,-7.829879e-01,-1.560679e+00,7.195061e-02,-2.957117e-01,5.952005e-01,3.033995e-01,-4.503315e-01
-1.376058e+00,-4.846135e+00,1.706269e+00,2.819701e+00,-2.866772e-01,-1.209820e+00,4.706323e-01,1.362955e-01,6.725602e-01,3.006563e-01,-7.214667e-01
-1.768648e+00,-5.334946e+00,1.365534e+00,2.618477e+00,-2.930968e-01,-1.093027e+00,5.077726e-01,-1.503643e-01,5.587405e-01,-1.423591e-01,-8.089636e-01
-1.061569e+00,-4.693007e+00,1.521323e+00,2.642281e+00,-5.689703e-01,-1.478697e+00,2.873284e-01,-3.024039e-01,7.215214e-01,1.666191e-01,-5.799598e-01
-1.892660e+00,-5.474211e+00,1.113498e+00,2.605051e+00,-3.577708e-01,-1.007568e+00,6.799669e-01,-9.493042e-02,7.771307e-01,1.957607e-02,-7.255952e-01
-1.481091e+00,-5.099430e+00,1.721000e+00,2.692559e+00,-2.640073e-01,-1.426585e+00,4.309724e-01,-6.723361e-02,7.614393e-01,4.538696e-01,-3.158702e-01
-1.368903e+00,-5.098643e+00,1.255062e+00,2.296333e+00,-7.714574e-01,-1.558007e+00,2.543355e-01,-1.436873e-01,7.453331e-01,1.981538e-01,-5.244873e-01
-1.821887e+00,-5.313761e+00,1.189347e+00,2.450237e+00,-4.813569e-01,-1.293752e+00,4.331907e-01,-1.218046e-01,6.832887e-01,2.233538e-01,-5.993964e-01
-1.079372e+00,-4.816771e+00,1.304532e+00,2.359148e+00,-9.672273e-01,-1.718202e+00,-2.182457e-02,-3.360671e-01,6.875706e-01,2.663673e-01,-4.801557e-01
-1.564552e+00,-5.057790e+00,1.155121e+00,2.243799e+00,-5.948885e-01,-1.451005e+00,4.585111e-01,-1.629361e-01,5.892126e-01,-2.752271e-02,-6.597608e-01
-1.248270e+00,-4.912893e+00,1.366859e+00,2.444592e+00,-7.467055e-01,-1.720322e+00,2.067844e-01,-3.767667e-01,4.936101e-01,-2.126696e-02,-7.864000e-01
-1.965264e+00,-5.436377e+00,8.319953e-01,2.107862e+00,-8.174245e-01,-1.465515e+00,2.251183e-01,-1.805077e-01,4.091204e-01,-2.786682e-02,-8.704344e-01
-1.408887e+00,-5.341326e+00,1.188274e+00,2.255171e+00,-5.579820e-01,-1.417255e+00,5.866836e-01,-9.358963e-02,8.369817e-01,2.340720e-01,-6.216098e-01
-1.587288e+00,-5.299466e+00,1.417924e+00,2.570406e+00,-3.511113e-01,-1.309616e+00,4.666621e-01,-2.368653e-01,6.256932e-01,9.438478e-02,-7.006753e-01
-1.359352e+00,-5.221739e+00,1.220038e+00,2.346477e+00,-7.280343e-01,-1.303842e+00,4.914551e-01,1.469099e-01,8.659693e-01,3.184660e-01,-5.527082e-01
-1.730928e+00,-5.171110e+00,1.079410e+00,2.556272e+00,-5.638337e-01,-1.294774e+00,4.854686e-01,-1.383134e-01,7.147864e-01,1.519274e-01,-5.395290e-01
-1.499789e+00,-5.255978e+00,1.405632e+00,2.394749e+00,-2.777485e-01,-1.231986e+00,5.211829e-01,-7.956193e-02,6.710154e-01,2.943689e-01,-5.134824e-01
-1.338430e+00,-4.991914e+00,1.125561e+00,2.229481e+00,-7.431088e-01,-1.366448e+00,3.577101e-01,8.908546e-02,6.418343e-01,2.930909e-01,-6.548175e-01
-1.608154e+00,-4.932663e+00,1.711720e+00,2.921517e+00,-2.196903e-01,-1.478870e+00,2.877447e-01,-4.430312e-01,4.702107e-01,-2.233665e-02,-7.035841e-01
-1.274594e+00,-4.771584e+00,1.565097e+00,2.780237e+00,-4.650710e-01,-1.424818e+00,5.046841e-01,-5.721867e-02,9.908261e-01,4.379932e-01,-2.591037e-01
-1.246861e+00,-5.011148e+00,1.502180e+00,2.573702e+00,-4.939824e-01,-1.405253e+00,2.818253e-01,-3.359943e-01,6.972153e-01,1.326256e-01,-4.648885e-01
-1.153083e+00,-4.827465e+00,1.564469e+00,2.739313e+00,-2.820811e-01,-1.154131e+00,4.918879e-01,-1.724238e-01,5.820627e-01,6.856495e-02,-8.756577e-01
-1.718958e+00,-5.348076e+00,1.208748e+00,2.181727e+00,-7.872813e-01,-1.845198e+00,3.203115e-02,-5.278561e-01,4.135971e-01,-8.417700e-02,-8.562863e-01
-1.292992e+00,-5.164993e+00,1.423106e+00,2.497162e+00,-4.828776e-01,-1.263876e+00,6.900793e-01,8.725121e-02,9.696305e-01,1.528344e-01,-7.092030e-01
-9.279901e-01,-4.656330e+00,1.692279e+00,2.738651e+00,-3.729415e-01,-1.527334e+00,3.675081e-01,-3.792913e-01,6.012301e-01,1.385508e-01,-5.722977e-01
-1.436144e+00,-4.997925e+00,1.030871e+00,2.102796e+00,-8.160432e-01,-1.690064e+00,2.249595e-01,-3.108893e-01,6.022200e-01,1.101139e-01,-6.271386e-01
-1.358252e+00,-4.857948e+00,1.540255e+00,2.885467e+00,-2.843733e-01,-1.245671e+00,3.016880e-01,-4.534216e-01,9.739510e-02,-3.048795e-01,-1.095584e+00
-1.303683e+00,-4.798522e+00,1.624884e+00,3.091225e+00,-2.153893e-01,-9.976834e-01,5.270768e-01,-1.151506e-01,5.627407e-01,8.268115e-02,-5.942717e-01
-1.665598e+00,-5.028553e+00,1.552179e+00,2.765437e+00,-5.282291e-01,-1.667761e+00,-1.229375e-01,-5.967548e-01,3.231929e-01,2.691570e-01,-4.330716e-01
-1.706306e+00,-5.130606e+00,1.198451e+00,2.467795e+00,-6.046872e-01,-1.527800e+00,2.149133e-01,-3.138636e-01,4.987614e-01,1.697350e-01,-6.038788e-01
-1.152069e+00,-5.040792e+00,1.146647e+00,2.239409e+00,-7.006456e-01,-1.231456e+00,4.614164e-01,3.275913e-02,6.194782e-01,7.272512e-02,-8.457023e-01
-1.778784e+00,-5.097999e+00,1.241681e+00,2.877066e+00,-6.049499e-01,-1.403006e+00,1.812156e-01,-5.019703e-01,4.353774e-01,-9.647334e-02,-7.016030e-01
-1.382755e+00,-4.939603e+00,1.357931e+00,2.412691e+00,-7.358107e-01,-1.641948e+00,1.649712e-01,-1.862567e-01,5.939719e-01,2.527961e-01,-5.780896e-01
-1.369492e+00,-5.191524e+00,1.107214e+00,2.070212e+00,-8.582134e-01,-1.605368e+00,3.393453e-01,-1.520886e-02,7.779972e-01,4.006473e-01,-5.832390e-01
-1.434345e+00,-4.901824e+00,1.346647e+00,2.592554e+00,-5.065201e-01,-1.284284e+00,2.345528e-01,-2.573786e-01,4.242815e-01,1.118924e-01,-7.306919e-01
-1.571028e+00,-4.925772e+00,1.357061e+00,2.577404e+00,-5.799704e-01,-1.636317e+00,1.623911e-01,-4.516163e-01,4.002679e-01,2.039895e-02,-6.817167e-01
-1.672466e+00,-4.867659e+00,1.233547e+00,2.550531e+00,-6.269747e-01,-1.433856e+00,4.325008e-01,4.523409e-02,8.888445e-01,4.868907e-01,-3.617535e-01
-1.513667e+00,-4.955314e+00,1.445398e+00,2.609833e+00,-4.318569e-01,-1.433150e+00,3.774235e-01,-2.320268e-01,7.458859e-01,2.432425e-01,-4.083686e-01
-2.065960e+00,-5.384300e+00,9.026610e-01,2.356160e+00,-7.161418e-01,-1.660285e+00,2.003938e-02,-6.540988e-01,1.717086e-01,2.296132e-02,-6.760782e-01
-1.319015e+00,-4.724160e+00,1.684773e+00,2.820691e+00,-1.694413e-01,-1.206800e+00,3.656605e-01,-7.705289e-02,4.167179e-01,2.448150e-01,-6.830721e-01
-1.516088e+00,-5.089846e+00,1.493943e+00,2.856785e+00,-3.742641e-01,-1.172135e+00,3.187790e-01,-3.224828e-01,3.474996e-01,-1.212922e-01,-7.978233e-01
-2.098465e+00,-5.278422e+00,1.148960e+00,2.466073e+00,-5.368279e-01,-1.397776e+00,4.291910e-01,-2.605164e-02,7.708000e-01,2.509951e-01,-5.341259e-01
-1.240792e+00,-4.727839e+00,1.470354e+00,2.677569e+00,-4.807938e-01,-1.499798e+00,2.501115e-01,-3.639593e-01,5.004502e-01,1.564051e-01,-5.983040e-01
-1.228275e+00,-4.924010e+00,1.339338e+00,2.488590e+00,-4.489269e-01,-1.177901e+00,5.253290e-01,-7.816989e-03,5.825774e-01,1.396538e-01,-8.249526e-01
-1.403103e+00,-4.805939e+00,1.294723e+00,2.533330e+00,-6.788079e-01,-1.509819e+00,2.816196e-01,-7.058511e-02,6.045973e-01,3.232621e-01,-6.071681e-01
-1.264059e+00,-5.188637e+00,1.106443e+00,2.328125e+00,-8.823138e-01,-1.495086e+00,3.194975e-01,-2.333382e-01,7.158945e-01,1.298740e-01,-5.962756e-01
-1.337632e+00,-5.048351e+00,1.076192e+00,2.208432e+00,-7.461036e-01,-1.384899e+00,4.846539e-01,1.469080e-02,7.601078e-01,1.744620e-01,-5.945325e-01
-1.642219e+00,-4.955785e+00,1.471014e+00,2.779795e+00,-2.081365e-01,-1.142503e+00,3.705394e-01,-1.658518e-01,4.512662e-01,2.231109e-01,-5.651646e-01
-1.443476e+00,-4.823106e+00,1.371447e+00,2.445220e+00,-4.659719e-01,-1.438879e+00,3.934930e-01,-1.313394e-01,6.561710e-01,2.372951e-01,-6.085423e-01
-1.274100e+00,-4.915065e+00,1.634653e+00,2.626803e+00,-2.403774e-01,-1.344052e+00,4.659658e-01,-2.220281e-01,5.279562e-01,-2.577176e-02,-5.937982e-01
-1.433286e+00,-5.029204e+00,1.449366e+00,2.388327e+00,-6.049571e-01,-1.665000e+00,1.832355e-01,-3.352474e-01,5.659702e-01,9.817806e-02,-5.279136e-01
-1.445614e+00,-5.163452e+00,1.310801e+00,2.571699e+00,-3.404121e-01,-1.139179e+00,4.884423e-01,-1.914284e-01,5.505130e-01,8.650638e-03,-7.264583e-01
-1.502696e+00,-4.962997e+00,1.441430e+00,2.608728e+00,-3.233343e-01,-1.274626e+00,5.946610e-01,2.515134e-02,9.461253e-01,4.626679e-01,-4.151783e-01
-1.489843e+00,-4.794557e+00,1.764905e+00,3.001464e+00,-8.224356e-02,-1.076223e+00,5.741705e-01,3.165755e-02,7.429719e-01,1.551950e-01,-6.495745e-01
-1.369844e+00,-5.061406e+00,1.203946e+00,2.339102e+00,-5.229891e-01,-1.380122e+00,6.435744e-01,4.813086e-02,5.805497e-01,8.724240e-02,-9.553659e-01
-1.739110e+00,-5.195503e+00,1.306950e+00,2.584026e+00,-4.021646e-01,-1.158068e+00,4.190640e-01,-5.131369e-02,6.684595e-01,2.405286e-01,-5.324174e-01
-1.402893e+00,-5.083868e+00,1.389488e+00,2.461209e+00,-5.123950e-01,-1.414609e+00,2.831213e-01,-1.305447e-01,6.368193e-01,3.693196e-01,-5.486725e-01
-1.912007e+00,-5.547881e+00,1.111457e+00,2.245507e+00,-5.725901e-01,-1.441750e+00,4.114943e-01,9.675695e-03,7.723299e-01,5.202555e-01,-3.276139e-01
-1.683078e+00,-5.101612e+00,9.470445e-01,2.061072e+00,-9.714497e-01,-1.632707e+00,2.126237e-01,1.515011e-02,7.211100e-01,3.699199e-01,-4.422983e-01
-1.193866e+00,-4.733045e+00,1.202822e+00,2.317949e+00,-8.782137e-01,-1.632812e+00,2.206019e-01,-8.997773e-02,6.082626e-01,2.686254e-01,-6.397817e-01
-1.385237e+00,-4.979237e+00,1.274324e+00,2.328795e+00,-5.478686e-01,-1.348577e+00,3.506390e-01,-1.309850e-01,6.048801e-01,1.480944e-01,-7.053752e-01
-1.437152e+00,-5.147547e+00,1.278475e+00,2.358623e+00,-4.800523e-01,-1.265620e+00,5.596005e-01,1.820857e-01,7.329953e-01,4.175275e-01,-6.051361e-01
-1.042583e+00,-4.790253e+00,1.313739e+00,2.406319e+00,-7.317558e-01,-1.310236e+00,3.667888e-01,7.341143e-02,5.642735e-01,1.707539e-01,-7.274110e-01
-1.258901e+00,-4.925437e+00,1.204472e+00,2.257540e+00,-8.443829e-01,-1.560334e+00,1.839324e-01,-7.956642e-02,6.561664e-01,3.964107e-01,-4.581967e-01
-1.296336e+00,-4.945517e+00,1.580590e+00,2.682273e+00,-3.156102e-01,-1.173531e+00,4.230711e-01,-2.141285e-01,5.552296e-01,-1.093200e-01,-8.239077e-01
-1.375500e+00,-4.837992e+00,1.343882e+00,2.561093e+00,-6.290026e-01,-1.294004e+00,2.969861e-01,-1.740937e-02,6.868507e-01,1.915084e-01,-6.553776e-01
-1.724954e+00,-5.216281e+00,1.253993e+00,2.509651e+00,-3.486398e-01,-1.141784e+00,6.984683e-01,1.300745e-01,5.681609e-01,1.688842e-02,-1.004162e+00
-1.385935e+00,-4.957917e+00,1.303634e+00,2.264661e+00,-6.280380e-01,-1.553653e+00,2.704223e-01,-1.914850e-01,6.073519e-01,1.599642e-01,-5.031380e-01
-1.509235e+00,-4.771143e+00,1.552391e+00,2.854421e+00,-3.495840e-01,-1.214363e+00,3.029689e-01,-7.045939e-02,5.881450e-01,3.373628e-01,-5.509598e-01
-1.256524e+00,-4.572469e+00,1.352490e+00,2.398774e+00,-7.824569e-01,-1.610136e+00,3.331256e-02,-1.972989e-01,6.268748e-01,3.657156e-01,-4.253112e-01
-1.780065e+00,-5.059300e+00,1.412639e+00,2.691076e+00,-3.563992e-01,-1.237110e+00,3.227175e-01,-1.508112e-01,4.286641e-01,9.003987e-02,-8.470468e-01
-9.795707e-01,-4.784513e+00,1.428861e+00,2.555875e+00,-5.312265e-01,-1.268605e+00,5.382823e-01,4.394727e-02,5.999417e-01,1.085221e-01,-8.475384e-01
-1.443631e+00,-5.016423e+00,1.140577e+00,2.383832e+00,-6.005487e-01,-1.151439e+00,5.658368e-01,1.906464e-01,8.152401e-01,3.398010e-01,-5.700577e-01
3.190507e-01,-3.523583e+00,7.333678e-01,1.517189e+00,-2.899661e-01,-7.678947e-01,3.027740e-01,1.772951e-01,1.299926e-01,8.608073e-02,-2.734967e-01
