-1.573881e+00,-2.631034e+00,1.561157e+00,2.607133e-01,-1.824477e-01,1.112032e-01,1.736276e-01,-4.664070e-02,7.901034e-02,-4.328570e-01,1.940642e-02
-1.475880e+00,-3.024216e+00,1.081358e+00,4.432535e-01,-6.554949e-01,-9.295947e-02,-3.275419e-01,-3.234527e-01,2.876602e-01,-4.033383e-01,4.425565e-01
2.123414e-01,-2.324014e+00,1.525179e+00,4.484480e-01,-5.011245e-01,6.833694e-02,-9.885853e-02,-3.038492e-01,3.610627e-01,-6.339304e-01,-1.936023e-01
-4.089886e-01,-2.851572e+00,1.271089e+00,8.314400e-01,-7.672641e-01,5.385058e-01,1.349146e-01,5.372653e-02,5.679177e-01,-8.873837e-01,-9.852147e-02
-4.851427e-01,-2.889192e+00,1.291855e+00,1.611700e-01,-1.045775e+00,3.157709e-01,6.677764e-01,5.849267e-01,8.540581e-01,-6.881396e-01,3.298176e-01
-1.976851e-01,-2.884016e+00,2.139430e+00,9.496157e-01,-3.871716e-01,2.447282e-02,-2.624567e-01,6.027810e-02,6.046402e-01,-4.795684e-01,4.892376e-01
-1.317647e-01,-2.956412e+00,1.946279e+00,-2.620304e-02,-1.493016e+00,-2.719581e-01,-3.324548e-02,4.037603e-01,3.056940e-01,-9.309330e-01,-3.621882e-02
5.318548e-01,-2.516713e+00,2.440786e+00,5.895551e-01,-1.472138e+00,-3.755522e-01,-2.749261e-01,2.870958e-01,5.690016e-01,-5.647523e-01,3.010029e-01
5.512376e-01,-2.794734e+00,2.362396e+00,8.967868e-01,-1.280065e+00,5.499731e-01,3.701146e-01,4.441279e-01,5.083553e-02,-1.091812e+00,2.621269e-01
2.390271e-01,-2.887438e+00,1.879630e+00,7.423780e-01,-1.501017e+00,-1.173560e-01,4.378234e-02,2.488780e-01,3.692105e-01,-1.150190e+00,1.658041e-01
5.827298e-01,-2.219755e+00,2.275674e+00,1.361886e+00,-1.103848e+00,-2.479592e-01,1.298866e-01,5.048330e-03,2.538452e-01,-1.172111e+00,-5.939224e-02
9.793693e-01,-2.340177e+00,1.646062e+00,1.519358e+00,-1.040838e+00,-1.922372e-01,-1.319110e-01,6.880577e-02,1.737221e-01,-1.104557e+00,5.876182e-02
4.019734e-01,-1.791193e+00,1.803192e+00,1.067001e+00,-1.058451e+00,-6.602812e-01,2.574076e-01,4.746627e-01,2.823162e-01,-1.041483e+00,2.646276e-01
-7.479005e-02,-2.256974e+00,1.191918e+00,7.016969e-01,-1.061998e+00,-7.781132e-01,-3.843036e-01,1.800966e-01,2.977335e-01,-1.193683e+00,5.635008e-01
8.871927e-02,-1.839716e+00,2.088560e+00,1.394586e+00,-7.372904e-01,-2.879269e-01,-9.873389e-02,2.515938e-01,5.687836e-01,-1.381946e+00,3.579136e-01
1.648461e-01,-1.965058e+00,1.983609e+00,7.136398e-01,-1.071319e+00,-3.756906e-01,-1.888156e-01,3.836177e-01,9.045045e-01,-1.220037e+00,1.931328e-01
-3.104069e-01,-1.668011e+00,2.532590e+00,1.040100e+00,-4.463668e-01,2.547544e-01,-9.907710e-02,2.376744e-01,7.603534e-01,-7.346972e-01,3.676778e-01
-1.115616e-01,-1.677032e+00,2.758350e+00,5.961788e-01,-6.736426e-01,5.506650e-01,6.864559e-02,2.782265e-01,7.429036e-01,-8.612994e-01,-2.859465e-02
-4.573563e-01,-2.392650e+00,2.478526e+00,6.538032e-01,-2.790173e-01,6.120143e-01,-3.507512e-02,-5.050450e-01,3.295168e-01,-1.004310e+00,2.084848e-02
-1.946595e-01,-2.143396e+00,2.727613e+00,4.403735e-01,-5.225526e-01,6.675733e-02,-2.271603e-01,-1.439239e-01,8.287608e-01,-6.030777e-01,-9.885832e-02
-1.073675e+00,-2.523900e+00,2.713578e+00,2.370148e-01,-7.724118e-01,5.743558e-01,6.012588e-01,7.970912e-01,1.119184e+00,-4.450779e-01,4.117788e-01
-5.859156e-01,-2.362370e+00,3.022462e+00,7.110375e-01,-4.324254e-01,3.655740e-01,-1.255793e-01,1.369375e-01,2.546697e-01,-1.035474e+00,-1.133005e-01
-6.421813e-01,-2.418238e+00,3.355885e+00,1.266419e+00,-6.853408e-01,5.820870e-03,-2.448612e-01,2.964634e-01,9.173973e-01,-3.155473e-01,5.491228e-01
-8.348488e-01,-2.729713e+00,3.301687e+00,1.453916e+00,-8.038013e-01,1.375092e-01,-2.976232e-01,-4.723228e-02,4.814950e-01,-1.078210e+00,2.746087e-01
-2.104374e-01,-2.784749e+00,2.989945e+00,6.315289e-01,-1.043856e+00,-1.574409e-03,-3.201356e-02,3.381739e-01,6.002279e-01,-8.425714e-01,1.252792e-01
-5.390841e-01,-3.019996e+00,3.184866e+00,9.563772e-01,-6.920907e-01,2.306687e-01,5.438120e-02,4.943981e-01,7.404782e-01,-7.278817e-01,1.917781e-01
-7.266739e-01,-3.192409e+00,2.894061e+00,1.107464e+00,-4.554581e-01,5.199464e-01,6.450567e-03,1.310238e-01,3.368884e-01,-8.953042e-01,2.233564e-01
-6.044169e-01,-2.838574e+00,3.395820e+00,1.612411e+00,-6.575363e-01,2.656052e-01,-2.546359e-02,3.186296e-01,5.705044e-01,-7.563759e-01,-5.886743e-02
-7.736692e-01,-3.221669e+00,3.446988e+00,1.354689e+00,-9.666914e-01,3.237433e-02,-2.417480e-01,7.070604e-02,3.010389e-01,-9.481606e-01,-1.963282e-01
-1.011926e+00,-3.545274e+00,3.466308e+00,1.342365e+00,-1.459154e+00,-8.043638e-02,-4.475037e-01,4.506922e-01,6.954963e-01,-7.872609e-01,-1.091857e-01
-9.041310e-01,-3.729840e+00,3.461575e+00,1.655709e+00,-1.041262e+00,3.535733e-01,-1.008142e-01,3.923069e-01,4.745113e-01,-8.610679e-01,3.311702e-01
-9.994381e-01,-3.602294e+00,3.427612e+00,1.596305e+00,-7.896222e-01,8.482901e-02,-1.613836e-02,2.366911e-01,6.909621e-01,-7.512812e-01,9.392896e-02
-1.353105e+00,-3.771962e+00,3.131605e+00,1.620615e+00,-1.018215e+00,5.136095e-02,3.576217e-02,1.320114e-01,6.457420e-01,-9.349730e-01,1.432683e-01
-1.232078e+00,-3.736463e+00,3.236232e+00,1.933911e+00,-1.113861e+00,3.616616e-01,2.396564e-01,5.328770e-01,8.083681e-01,-9.696750e-01,8.921411e-02
-1.577476e+00,-4.059041e+00,3.353156e+00,2.053644e+00,-8.870104e-01,4.149328e-01,2.532138e-01,6.818499e-01,6.407758e-01,-8.651851e-01,2.044199e-01
-1.646532e+00,-4.048952e+00,3.566479e+00,1.896924e+00,-8.527233e-01,1.644263e-02,2.246501e-01,5.759810e-01,4.287057e-01,-7.955790e-01,1.103901e-01
-1.896981e+00,-4.059578e+00,3.659394e+00,2.550853e+00,-5.569594e-01,4.127522e-01,2.012223e-01,7.891557e-01,4.812569e-01,-8.558578e-01,-6.123292e-02
-1.350935e+00,-4.017208e+00,3.441629e+00,2.291774e+00,-1.158174e+00,-1.206365e-01,-2.550163e-01,3.811432e-01,2.738759e-02,-1.010131e+00,-1.181981e-01
-1.522430e+00,-4.129839e+00,3.288568e+00,2.346220e+00,-1.069815e+00,-7.697454e-02,1.012054e-01,5.859182e-01,4.616919e-01,-9.786802e-01,-2.957328e-03
-1.986221e+00,-4.415605e+00,3.173075e+00,2.649215e+00,-7.856005e-01,2.153946e-02,3.153780e-01,5.320400e-01,6.743334e-01,-8.188811e-01,1.794838e-01
-1.373680e+00,-4.290761e+00,3.118646e+00,2.359117e+00,-1.007548e+00,-2.574132e-01,2.209418e-01,2.698557e-01,4.434371e-01,-1.274726e+00,2.868558e-02
-1.820969e+00,-4.614037e+00,2.939015e+00,2.208340e+00,-1.068236e+00,-3.642574e-01,-1.265023e-01,3.939878e-01,3.187784e-01,-1.027956e+00,-4.573279e-03
-2.022055e+00,-4.859098e+00,3.021396e+00,2.531106e+00,-9.085194e-01,-1.141616e-01,-1.289121e-01,3.520428e-01,2.710750e-01,-1.240640e+00,1.454154e-01
-2.172771e+00,-4.788676e+00,2.648804e+00,2.242474e+00,-8.290252e-01,-5.519277e-02,3.095506e-01,8.114049e-01,8.162148e-01,-9.040467e-01,4.040026e-01
-2.256046e+00,-4.870436e+00,2.604704e+00,2.178787e+00,-1.091592e+00,-5.408756e-01,-2.600073e-01,1.975708e-01,3.378324e-01,-1.368862e+00,1.952407e-01
-2.170659e+00,-4.934669e+00,2.528691e+00,2.002178e+00,-9.560679e-01,-4.256681e-01,-1.545943e-03,6.223079e-01,6.562620e-01,-1.079943e+00,4.954008e-01
-2.395023e+00,-5.388266e+00,2.296618e+00,1.857186e+00,-9.948387e-01,-3.548125e-01,-1.900207e-01,7.336982e-01,4.376044e-01,-1.181318e+00,2.934038e-01
-2.672321e+00,-5.451383e+00,2.228977e+00,1.911225e+00,-9.738971e-01,-2.798573e-01,-1.793300e-01,9.263199e-01,4.645149e-01,-9.746977e-01,2.671605e-01
-2.722770e+00,-5.544245e+00,2.190521e+00,1.897441e+00,-9.742888e-01,-2.456990e-01,-1.705877e-01,9.343507e-01,4.872650e-01,-9.932941e-01,2.729439e-01
-2.252955e+00,-5.225437e+00,2.370284e+00,1.856643e+00,-9.824334e-01,-4.170932e-01,-2.956594e-01,7.162111e-01,2.874211e-01,-1.205404e+00,1.257014e-01
-2.275351e+00,-5.419140e+00,2.230000e+00,1.801490e+00,-1.326129e+00,-4.758246e-01,-4.899041e-01,7.584896e-01,4.406693e-01,-1.145053e+00,4.586272e-01
-2.626964e+00,-5.740652e+00,1.952890e+00,1.601633e+00,-1.353261e+00,-4.597787e-01,-4.871282e-01,7.533576e-01,3.702065e-01,-1.089294e+00,4.746423e-01
-2.872309e+00,-5.573143e+00,2.074173e+00,1.808996e+00,-1.001348e+00,-3.458721e-01,-2.293190e-01,7.705507e-01,2.911643e-01,-1.153114e+00,5.973678e-02
-2.203624e+00,-5.177832e+00,2.357879e+00,1.903145e+00,-1.134674e+00,-4.420667e-01,-3.532688e-01,7.881440e-01,3.775077e-01,-1.061932e+00,2.528628e-01
-2.487356e+00,-5.318663e+00,2.214641e+00,1.900531e+00,-1.130054e+00,-3.644262e-01,-4.576087e-01,7.306648e-01,2.379152e-01,-1.206525e+00,2.122702e-01
-2.655051e+00,-5.511564e+00,2.208996e+00,1.859040e+00,-9.351063e-01,-2.890525e-01,-8.233693e-02,8.863435e-01,5.030972e-01,-1.069313e+00,2.621481e-01
-2.731994e+00,-5.547084e+00,2.122482e+00,1.700892e+00,-1.196442e+00,-6.269758e-01,-6.005054e-01,4.528080e-01,-7.777647e-02,-1.427924e+00,-1.726220e-01
-2.609651e+00,-5.491545e+00,2.143989e+00,1.907014e+00,-1.074584e+00,-2.294572e-01,-2.973404e-01,8.707615e-01,3.581354e-01,-1.181480e+00,2.185218e-01
-2.677176e+00,-5.567814e+00,2.140050e+00,1.726647e+00,-1.167676e+00,-5.458085e-01,-4.387897e-01,6.225777e-01,2.460328e-01,-1.232272e+00,1.742041e-01
-2.500600e+00,-5.374784e+00,2.158390e+00,1.879044e+00,-1.183544e+00,-4.045209e-01,-3.600468e-01,6.949707e-01,4.366786e-01,-1.180101e+00,3.990138e-01
-2.432656e+00,-5.424926e+00,2.215605e+00,1.836713e+00,-1.073176e+00,-2.486090e-01,-2.028626e-01,9.767106e-01,4.991793e-01,-1.033774e+00,3.149994e-01
-2.669606e+00,-5.413195e+00,2.121456e+00,1.925589e+00,-1.125935e+00,-3.100255e-01,-2.713308e-01,8.653493e-01,4.533155e-01,-1.009100e+00,3.821712e-01
-2.868962e+00,-5.708546e+00,1.952415e+00,1.771158e+00,-1.158480e+00,-2.189947e-01,-2.056871e-01,1.022998e+00,5.704149e-01,-1.000618e+00,3.415451e-01
-2.429527e+00,-5.391318e+00,2.194734e+00,1.854511e+00,-1.149208e+00,-3.177938e-01,-3.022840e-01,8.981079e-01,4.194197e-01,-1.014347e+00,2.942910e-01
-2.490800e+00,-5.412642e+00,2.404518e+00,2.021652e+00,-8.445352e-01,-1.945504e-01,-1.770112e-01,8.718234e-01,4.006806e-01,-1.118613e+00,2.453532e-01
-2.465538e+00,-5.342140e+00,2.177022e+00,1.880334e+00,-1.159112e+00,-3.730932e-01,-4.617511e-01,6.847348e-01,1.042004e-01,-1.288515e+00,6.406031e-02
-2.732790e+00,-5.528274e+00,2.112873e+00,1.788030e+00,-1.160195e+00,-4.978329e-01,-4.893399e-01,5.381389e-01,1.200028e-01,-1.423390e+00,1.021549e-01
-2.477185e+00,-5.259786e+00,2.113551e+00,1.726114e+00,-1.258716e+00,-5.622656e-01,-3.909947e-01,8.028505e-01,4.062508e-01,-9.269811e-01,2.304022e-01
-2.426788e+00,-5.247308e+00,2.407707e+00,2.057650e+00,-8.464783e-01,-2.393426e-01,-1.579208e-01,7.892785e-01,4.023507e-01,-1.183598e+00,2.761851e-01
-2.704141e+00,-5.580722e+00,2.070136e+00,1.738431e+00,-1.160448e+00,-4.717244e-01,-4.246484e-01,6.408730e-01,2.073862e-01,-1.226771e+00,2.386525e-01
-2.691520e+00,-5.581227e+00,1.924059e+00,1.436904e+00,-1.416283e+00,-8.101620e-01,-5.705357e-01,4.914819e-01,1.031248e-01,-1.352620e+00,-9.459868e-02
-2.318840e+00,-5.344233e+00,2.097106e+00,1.624115e+00,-1.441821e+00,-6.268359e-01,-5.325990e-01,7.299860e-01,3.399751e-01,-1.130594e+00,2.170617e-01
-2.369803e+00,-5.567515e+00,2.176953e+00,1.634745e+00,-1.188063e+00,-5.360201e-01,-3.993048e-01,6.509399e-01,3.640575e-01,-1.221184e+00,3.606648e-01
-2.646252e+00,-5.373677e+00,2.249389e+00,1.867315e+00,-9.887861e-01,-4.709301e-01,-3.006009e-01,6.845550e-01,3.084986e-01,-1.115124e+00,1.656228e-01
-2.378314e+00,-5.300400e+00,2.269845e+00,1.733222e+00,-1.098945e+00,-6.466159e-01,-3.405719e-01,5.788306e-01,3.424717e-01,-1.130973e+00,1.943209e-01
-2.410432e+00,-5.326107e+00,2.293063e+00,1.898201e+00,-9.407947e-01,-3.532191e-01,-2.024997e-01,7.522018e-01,3.942028e-01,-1.259945e+00,1.017254e-01
-2.380479e+00,-5.359734e+00,2.094949e+00,1.623688e+00,-1.366205e+00,-7.471939e-01,-5.038293e-01,6.054582e-01,3.608876e-01,-1.096083e+00,3.564656e-01
-2.436669e+00,-5.491366e+00,2.130239e+00,1.728056e+00,-1.135797e+00,-3.990149e-01,-2.885961e-01,7.674671e-01,4.148087e-01,-1.204094e+00,3.398591e-01
-2.632694e+00,-5.561166e+00,1.912792e+00,1.698032e+00,-1.366398e+00,-4.999372e-01,-4.433983e-01,6.182530e-01,3.206071e-01,-1.334550e+00,1.926557e-01
-2.375142e+00,-5.419937e+00,2.067877e+00,1.672208e+00,-1.416057e+00,-5.972501e-01,-5.050686e-01,6.644972e-01,3.788348e-01,-1.225221e+00,3.373250e-01
-2.465067e+00,-5.334032e+00,2.121653e+00,1.956840e+00,-1.120009e+00,-2.305703e-01,-3.368213e-01,8.730947e-01,3.507846e-01,-1.153647e+00,2.002633e-01
-2.210322e+00,-5.160324e+00,2.536454e+00,2.262914e+00,-7.899098e-01,-6.374824e-02,-1.601046e-01,7.822997e-01,3.465024e-01,-1.378536e+00,1.520565e-01
-2.802446e+00,-5.824886e+00,2.032057e+00,1.693473e+00,-1.091242e+00,-4.235390e-01,-2.664550e-01,7.139182e-01,3.896675e-01,-1.165500e+00,2.834638e-01
-2.338179e+00,-5.278756e+00,2.255263e+00,1.788609e+00,-1.076770e+00,-4.843776e-01,-3.507806e-01,7.307674e-01,3.560423e-01,-1.119710e+00,2.365253e-01
-2.753451e+00,-5.605599e+00,2.145350e+00,1.876030e+00,-9.888438e-01,-3.495173e-01,-2.068273e-01,7.752476e-01,3.543034e-01,-1.188862e+00,1.175186e-01
-2.202658e+00,-5.248170e+00,2.386304e+00,1.969604e+00,-9.697167e-01,-2.583132e-01,-2.264745e-01,9.004499e-01,4.344159e-01,-1.046030e+00,2.197255e-01
-2.272938e+00,-5.346173e+00,2.250494e+00,1.787434e+00,-1.134514e+00,-4.439315e-01,-3.428283e-01,8.308130e-01,3.709449e-01,-1.001439e+00,1.975029e-01
-2.639207e+00,-5.481289e+00,2.181917e+00,1.846899e+00,-1.039206e+00,-4.350685e-01,-2.781674e-01,7.341025e-01,3.893645e-01,-1.103652e+00,2.508073e-01
-2.418532e+00,-5.346873e+00,2.217007e+00,1.871163e+00,-1.035524e+00,-3.422270e-01,-3.163476e-01,7.819305e-01,3.156346e-01,-1.133228e+00,2.100750e-01
-2.781030e+00,-5.742217e+00,2.005122e+00,1.807634e+00,-1.161152e+00,-2.583620e-01,-3.426279e-01,8.381925e-01,3.269431e-01,-1.146082e+00,2.327419e-01
-2.589214e+00,-5.243048e+00,2.353467e+00,2.122841e+00,-7.957618e-01,-2.099335e-01,-1.271595e-01,7.630143e-01,3.254306e-01,-1.252654e+00,9.481349e-02
-2.307034e+00,-5.211673e+00,2.195515e+00,1.879428e+00,-1.154708e+00,-3.285177e-01,-3.138173e-01,9.074752e-01,4.088578e-01,-1.055017e+00,2.224285e-01
-3.008011e+00,-5.677673e+00,2.043393e+00,1.788202e+00,-9.993588e-01,-3.494394e-01,-1.948429e-01,7.696269e-01,3.258733e-01,-1.256505e+00,9.137696e-02
-2.686204e+00,-5.295112e+00,2.125028e+00,1.932656e+00,-1.041297e+00,-2.434417e-01,-1.547306e-01,1.035114e+00,5.372040e-01,-8.072807e-01,3.152584e-01
-2.246694e+00,-5.191157e+00,2.373671e+00,1.883312e+00,-1.028367e+00,-4.702385e-01,-2.833877e-01,6.670170e-01,4.552652e-01,-1.175514e+00,4.282531e-01
-2.232628e+00,-5.154940e+00,2.321591e+00,1.856093e+00,-1.191384e+00,-5.932741e-01,-5.305580e-01,5.536443e-01,1.958447e-01,-1.194938e+00,2.391294e-01
-1.993228e+00,-4.916461e+00,2.513251e+00,2.028168e+00,-1.043966e+00,-4.330714e-01,-4.132171e-01,6.513372e-01,2.732300e-01,-1.220581e+00,1.604106e-01
-2.569560e+00,-5.540365e+00,2.190449e+00,1.715752e+00,-1.067883e+00,-4.919935e-01,-2.965611e-01,6.704936e-01,2.960971e-01,-1.194463e+00,2.097507e-01
-2.741234e+00,-5.462781e+00,2.107606e+00,1.826114e+00,-1.139125e+00,-4.088337e-01,-4.599147e-01,7.424947e-01,1.388184e-01,-1.180209e+00,6.089810e-03
-2.494470e+00,-5.399769e+00,2.111783e+00,1.830321e+00,-1.240819e+00,-4.294053e-01,-4.609302e-01,6.652496e-01,2.006814e-01,-1.248810e+00,1.694211e-01
-2.400194e+00,-5.429696e+00,2.259034e+00,1.872647e+00,-1.081744e+00,-2.899101e-01,-2.409311e-01,8.479335e-01,5.190440e-01,-1.139606e+00,4.134224e-01
-2.587096e+00,-5.375518e+00,2.138692e+00,1.919023e+00,-1.143196e+00,-3.468201e-01,-3.469948e-01,7.372024e-01,3.642183e-01,-1.233084e+00,1.953035e-01
-2.389083e+00,-5.195123e+00,2.198824e+00,1.853423e+00,-1.186868e+00,-4.761287e-01,-4.591954e-01,6.551457e-01,2.052651e-01,-1.182009e+00,2.316372e-01
-2.620581e+00,-5.381970e+00,2.070943e+00,1.713913e+00,-1.134647e+00,-4.898740e-01,-2.804234e-01,7.776010e-01,3.388380e-01,-1.061685e+00,1.764907e-01
-2.109205e+00,-5.087523e+00,2.361591e+00,1.949985e+00,-1.114258e+00,-2.766582e-01,-2.448061e-01,9.985541e-01,5.468748e-01,-1.005704e+00,2.800575e-01
-2.587641e+00,-5.318911e+00,2.231355e+00,1.917244e+00,-1.019336e+00,-3.620486e-01,-1.992464e-01,8.133066e-01,4.604365e-01,-1.088803e+00,2.687200e-01
-1.981980e+00,-5.022159e+00,2.500782e+00,1.948654e+00,-9.924051e-01,-4.045704e-01,-3.362669e-01,7.014239e-01,2.978568e-01,-1.288234e+00,1.509166e-01
-2.721120e+00,-5.416815e+00,2.132929e+00,1.942728e+00,-1.113361e+00,-3.090840e-01,-2.951247e-01,8.673635e-01,4.665060e-01,-1.005426e+00,3.911202e-01
-2.569003e+00,-5.443102e+00,2.045888e+00,1.576924e+00,-1.268016e+00,-6.800798e-01,-3.736454e-01,7.786877e-01,4.725990e-01,-7.958424e-01,3.140196e-01
-2.238676e+00,-5.480102e+00,2.030997e+00,1.503255e+00,-1.334014e+00,-5.733817e-01,-3.259753e-01,8.620215e-01,5.333240e-01,-1.025806e+00,2.527069e-01
-2.993948e+00,-5.700004e+00,2.010242e+00,1.824284e+00,-1.003216e+00,-2.736889e-01,-1.519219e-01,9.855094e-01,4.566994e-01,-8.679242e-01,2.927905e-01
-2.894372e+00,-5.787293e+00,1.894905e+00,1.651122e+00,-1.217243e+00,-3.889275e-01,-2.919953e-01,8.766819e-01,4.826890e-01,-1.034646e+00,2.905696e-01
-2.523873e+00,-5.407242e+00,2.098783e+00,1.794551e+00,-1.189302e+00,-4.635943e-01,-3.898439e-01,7.080151e-01,4.068294e-01,-1.040301e+00,4.391296e-01
-2.313267e+00,-5.182408e+00,2.192228e+00,1.891730e+00,-1.124985e+00,-2.818198e-01,-1.367258e-01,1.063645e+00,5.754868e-01,-8.858748e-01,2.792382e-01
-2.327151e+00,-5.067791e+00,2.302299e+00,2.023932e+00,-8.554262e-01,-2.452934e-01,-2.565147e-02,8.989326e-01,5.494763e-01,-1.057883e+00,2.214665e-01
-2.451745e+00,-5.242983e+00,2.236215e+00,1.762985e+00,-1.143412e+00,-6.548147e-01,-4.380597e-01,5.489525e-01,1.878343e-01,-1.200739e+00,8.676164e-02
-2.087136e+00,-5.090215e+00,2.287951e+00,1.962182e+00,-1.215124e+00,-3.519797e-01,-3.725863e-01,8.732456e-01,4.079745e-01,-1.019536e+00,2.875698e-01
-2.217247e+00,-5.058574e+00,2.426347e+00,2.124858e+00,-9.062643e-01,-1.929618e-01,-3.051715e-01,7.981812e-01,2.344107e-01,-1.305763e+00,6.288449e-02
-2.643784e+00,-5.602740e+00,1.991424e+00,1.742838e+00,-1.184692e+00,-3.187156e-01,-1.756981e-01,9.541959e-01,5.796865e-01,-9.694828e-01,4.118080e-01
-2.543304e+00,-5.319156e+00,2.132432e+00,1.903594e+00,-1.139466e+00,-3.092903e-01,-2.932008e-01,9.268417e-01,4.749208e-01,-9.289425e-01,3.403028e-01
-2.258354e+00,-5.137099e+00,2.348308e+00,2.023455e+00,-9.658004e-01,-2.774703e-01,-2.194779e-01,8.275864e-01,4.424109e-01,-1.088441e+00,3.410527e-01
-2.453154e+00,-5.358147e+00,2.404420e+00,1.977055e+00,-8.393820e-01,-3.118089e-01,-1.613153e-01,8.333060e-01,4.323099e-01,-1.061195e+00,2.993472e-01
-2.521464e+00,-5.535689e+00,1.991453e+00,1.654460e+00,-1.369492e+00,-5.462890e-01,-5.027291e-01,6.688563e-01,3.408617e-01,-1.224749e+00,3.108881e-01
-2.360369e+00,-5.258145e+00,2.094873e+00,1.753016e+00,-1.158013e+00,-3.660588e-01,-1.753124e-01,8.977324e-01,4.353688e-01,-1.102796e+00,1.572894e-01
-2.039069e+00,-5.098557e+00,2.379614e+00,1.939578e+00,-1.285241e+00,-5.339940e-01,-5.592020e-01,6.808148e-01,4.750352e-01,-1.015118e+00,6.319785e-01
-2.169689e+00,-5.066520e+00,2.383854e+00,1.987441e+00,-1.011104e+00,-3.290819e-01,-2.835838e-01,7.450722e-01,2.923701e-01,-1.280109e+00,1.119063e-01
-2.267890e+00,-5.109806e+00,2.312429e+00,1.736242e+00,-1.085650e+00,-6.324062e-01,-3.511133e-01,5.986487e-01,1.759072e-01,-1.234969e+00,5.466076e-03
-3.025083e+00,-5.698936e+00,1.842625e+00,1.729220e+00,-1.071778e+00,-1.230461e-01,6.121057e-02,1.276559e+00,7.999783e-01,-7.520025e-01,3.924500e-01
-2.758880e+00,-5.589519e+00,2.010175e+00,1.809858e+00,-1.202714e+00,-3.462266e-01,-3.350353e-01,7.817631e-01,4.561240e-01,-1.161225e+00,4.241937e-01
-3.080577e+00,-5.794112e+00,1.801130e+00,1.556994e+00,-1.273895e+00,-5.319828e-01,-3.209902e-01,8.003545e-01,5.073310e-01,-9.075866e-01,5.617117e-01
-2.283654e+00,-5.061095e+00,2.426345e+00,1.996143e+00,-1.011870e+00,-5.196217e-01,-4.250708e-01,4.467448e-01,1.328306e-01,-1.441303e+00,5.429625e-02
-2.286158e+00,-5.255986e+00,2.116860e+00,1.730156e+00,-1.273046e+00,-4.737036e-01,-3.538173e-01,7.728544e-01,3.548416e-01,-1.062486e+00,3.135998e-01
-2.669638e+00,-5.594521e+00,2.040613e+00,1.880900e+00,-1.158542e+00,-1.155648e-01,-1.934280e-01,1.153053e+00,7.370411e-01,-7.362855e-01,7.075399e-01
-2.339308e+00,-5.196862e+00,2.248717e+00,1.961902e+00,-1.103281e+00,-3.227562e-01,-2.504177e-01,8.187146e-01,4.264936e-01,-1.071468e+00,2.549088e-01
-2.654580e+00,-5.468281e+00,1.954852e+00,1.530955e+00,-1.313480e+00,-6.313497e-01,-3.508061e-01,7.582594e-01,4.179752e-01,-1.032189e+00,2.206740e-01
-2.472690e+00,-5.056001e+00,2.308740e+00,2.071388e+00,-8.467257e-01,-2.151891e-01,-1.132716e-01,8.325974e-01,3.115056e-01,-1.157182e+00,5.451341e-02
-2.454267e+00,-5.240939e+00,2.244507e+00,1.813582e+00,-1.104109e+00,-5.193086e-01,-3.507691e-01,7.034125e-01,2.616424e-01,-1.147249e+00,9.486383e-02
-2.410549e+00,-5.066297e+00,2.283654e+00,1.965169e+00,-9.267721e-01,-2.946093e-01,-5.351324e-02,9.333458e-01,4.784775e-01,-1.014060e+00,1.408676e-01
-2.291093e+00,-5.013710e+00,2.375135e+00,1.981505e+00,-9.776533e-01,-3.670191e-01,-2.623058e-01,7.430070e-01,2.874793e-01,-1.197619e+00,9.904656e-02
-2.954728e+00,-5.629182e+00,1.945749e+00,1.804516e+00,-1.161438e+00,-3.574160e-01,-3.259849e-01,7.675860e-01,2.797089e-01,-1.124968e+00,2.457902e-01
-2.218649e+00,-5.096121e+00,2.142713e+00,1.768078e+00,-1.295654e+00,-4.439475e-01,-4.055381e-01,8.802010e-01,4.465055e-01,-1.030182e+00,3.677926e-01
-2.388928e+00,-5.255244e+00,2.209359e+00,2.023861e+00,-1.236829e+00,-3.261899e-01,-4.575771e-01,8.056136e-01,4.011741e-01,-1.000613e+00,4.016271e-01
-2.341040e+00,-5.200129e+00,2.236174e+00,1.995347e+00,-1.016248e+00,-1.793916e-01,-9.255645e-02,9.157604e-01,4.664606e-01,-1.327937e+00,4.106997e-02
-2.616391e+00,-5.398551e+00,1.967328e+00,1.796054e+00,-1.261772e+00,-3.722166e-01,-3.753230e-01,9.017639e-01,4.235868e-01,-9.778467e-01,3.015833e-01
-2.482636e+00,-5.274174e+00,2.277009e+00,1.861470e+00,-9.736989e-01,-4.658170e-01,-2.447979e-01,8.294082e-01,4.338621e-01,-8.275272e-01,3.148276e-01
-2.533047e+00,-5.395533e+00,2.168765e+00,1.850158e+00,-1.032531e+00,-3.279031e-01,-2.449137e-01,8.084948e-01,2.901413e-01,-1.192865e+00,4.808896e-03
-2.767658e+00,-5.504218e+00,2.037895e+00,1.721846e+00,-1.152498e+00,-5.163949e-01,-3.570529e-01,7.681294e-01,3.861490e-01,-9.606599e-01,2.512764e-01
-2.556883e+00,-5.369269e+00,2.218974e+00,1.895744e+00,-1.099470e+00,-4.669163e-01,-4.331887e-01,6.569775e-01,1.745968e-01,-1.181001e+00,1.592147e-01
-2.235970e+00,-4.986071e+00,2.298716e+00,1.975880e+00,-1.073121e+00,-3.871638e-01,-3.308980e-01,8.556711e-01,3.937231e-01,-9.123327e-01,2.282238e-01
-2.586387e+00,-5.489119e+00,2.167083e+00,1.863210e+00,-1.079103e+00,-2.928743e-01,-2.527877e-01,9.270418e-01,4.648159e-01,-1.016614e+00,2.922666e-01
-2.542338e+00,-5.310727e+00,2.232398e+00,1.887899e+00,-1.041364e+00,-4.794580e-01,-3.410823e-01,6.473385e-01,2.338413e-01,-1.209279e+00,1.272743e-01
-2.594019e+00,-5.443691e+00,1.985225e+00,1.543945e+00,-1.251173e+00,-6.643002e-01,-4.234559e-01,6.413955e-01,2.673041e-01,-1.147665e+00,1.970034e-01
-2.258993e+00,-5.300017e+00,2.163051e+00,1.915352e+00,-1.164259e+00,-2.035841e-01,-2.576333e-01,9.784596e-01,4.376348e-01,-9.800856e-01,3.374246e-01
-2.418336e+00,-5.186183e+00,2.227085e+00,1.907346e+00,-1.047131e+00,-4.152112e-01,-2.551374e-01,7.394239e-01,4.168359e-01,-1.109092e+00,2.428471e-01
-2.504555e+00,-5.212290e+00,2.197815e+00,1.922065e+00,-1.033892e+00,-3.925470e-01,-2.756802e-01,8.135758e-01,3.353453e-01,-9.805977e-01,1.571081e-01
-2.517239e+00,-5.189780e+00,2.224644e+00,1.772961e+00,-1.076427e+00,-6.744295e-01,-3.430846e-01,6.005826e-01,3.508170e-01,-1.053613e+00,2.252328e-01
-2.345561e+00,-5.256085e+00,2.239308e+00,1.948993e+00,-1.052436e+00,-3.072058e-01,-2.334747e-01,8.455553e-01,5.185482e-01,-1.016463e+00,3.707151e-01
-2.311762e+00,-5.247555e+00,2.331870e+00,1.846352e+00,-1.067067e+00,-4.651504e-01,-4.001782e-01,7.064208e-01,2.205117e-01,-1.124409e+00,1.526767e-01
-2.035721e+00,-5.006538e+00,2.514139e+00,1.983993e+00,-1.051403e+00,-5.092556e-01,-4.071979e-01,6.326259e-01,3.239336e-01,-1.174660e+00,2.693926e-01
-2.383069e+00,-5.168753e+00,2.434647e+00,2.151872e+00,-7.973765e-01,-1.152070e-01,-1.478517e-01,8.736571e-01,3.391061e-01,-1.165523e+00,1.270765e-01
-2.337058e+00,-5.124218e+00,2.230421e+00,1.695950e+00,-1.058744e+00,-5.918710e-01,-1.644114e-01,7.979305e-01,4.710390e-01,-8.415988e-01,3.003058e-01
-2.520260e+00,-5.430697e+00,2.073119e+00,1.640066e+00,-1.260628e+00,-5.143137e-01,-2.809117e-01,9.555822e-01,6.957874e-01,-7.221860e-01,6.440739e-01
-2.849759e+00,-5.558291e+00,1.968774e+00,1.740014e+00,-1.125644e+00,-3.929930e-01,-1.653448e-01,8.579631e-01,4.871223e-01,-1.103417e+00,1.666263e-01
-2.064765e+00,-5.144038e+00,2.341643e+00,1.858477e+00,-1.193128e+00,-4.098176e-01,-3.895105e-01,8.011034e-01,3.975666e-01,-1.094961e+00,3.699260e-01
-2.811410e+00,-5.339830e+00,2.129709e+00,1.992442e+00,-1.033750e+00,-2.964796e-01,-2.996921e-01,7.959550e-01,3.193090e-01,-1.050782e+00,2.007803e-01
-2.495286e+00,-5.150579e+00,2.059212e+00,1.681983e+00,-1.340965e+00,-6.553149e-01,-4.366904e-01,8.455885e-01,4.122672e-01,-7.048670e-01,3.332874e-01
-2.683071e+00,-5.722827e+00,1.906888e+00,1.444525e+00,-1.465261e+00,-7.381845e-01,-5.948829e-01,6.169063e-01,3.256634e-01,-1.123209e+00,3.589729e-01
-2.320501e+00,-5.210924e+00,2.388809e+00,2.031508e+00,-8.271047e-01,-1.765706e-01,-8.353146e-02,8.815171e-01,4.518235e-01,-1.085562e+00,2.513625e-01
-2.598863e+00,-5.327779e+00,2.178471e+00,1.816295e+00,-9.994882e-01,-3.693115e-01,-1.728322e-01,8.702608e-01,4.086332e-01,-9.361762e-01,2.674201e-01
-3.006358e+00,-5.694297e+00,1.834080e+00,1.468713e+00,-1.241464e+00,-6.345168e-01,-2.959906e-01,7.938821e-01,4.556579e-01,-9.156559e-01,3.373231e-01
-2.936047e+00,-5.600862e+00,1.741134e+00,1.396019e+00,-1.450586e+00,-7.854680e-01,-4.312207e-01,7.361536e-01,4.387165e-01,-8.105060e-01,4.111606e-01
-2.531288e+00,-5.156027e+00,2.219373e+00,1.887032e+00,-1.043598e+00,-5.099448e-01,-3.209703e-01,6.427563e-01,2.797306e-01,-1.043519e+00,1.836640e-01
-2.360715e+00,-5.365199e+00,2.279045e+00,1.906808e+00,-1.049673e+00,-2.585309e-01,-2.283870e-01,8.706934e-01,5.015557e-01,-1.175628e+00,3.137124e-01
-2.266783e+00,-5.082482e+00,2.257208e+00,2.023614e+00,-1.192914e+00,-3.147049e-01,-4.150833e-01,8.387628e-01,2.922494e-01,-1.088285e+00,2.135187e-01
-2.642648e+00,-5.603255e+00,1.946335e+00,1.386890e+00,-1.313156e+00,-8.385419e-01,-4.787866e-01,4.701640e-01,2.292545e-01,-1.266570e+00,1.763933e-01
-2.460324e+00,-5.296460e+00,2.081170e+00,1.851294e+00,-1.335383e+00,-5.079593e-01,-5.543818e-01,6.359213e-01,2.253021e-01,-1.111915e+00,2.328300e-01
-2.555150e+00,-5.259502e+00,2.192213e+00,1.858225e+00,-1.065843e+00,-4.676678e-01,-2.684998e-01,7.429470e-01,3.601885e-01,-1.150501e+00,9.235485e-02
-2.399134e+00,-5.328829e+00,2.136259e+00,1.972821e+00,-1.107987e+00,-1.505018e-01,-2.674070e-01,9.399228e-01,3.920991e-01,-1.239639e+00,1.576136e-01
-2.402886e+00,-5.192065e+00,2.264085e+00,2.059947e+00,-1.065506e+00,-2.272266e-01,-3.234521e-01,8.749496e-01,3.891995e-01,-1.054426e+00,3.156086e-01
-2.339266e+00,-5.157666e+00,2.285059e+00,2.053240e+00,-9.738517e-01,-1.774807e-01,-1.867595e-01,9.379240e-01,3.828377e-01,-1.030889e+00,1.115091e-01
-2.355071e+00,-5.049259e+00,2.231902e+00,1.807873e+00,-1.127372e+00,-5.819129e-01,-3.400656e-01,8.065004e-01,4.631978e-01,-8.179931e-01,3.243966e-01
-2.273742e+00,-5.232759e+00,2.179795e+00,1.822595e+00,-1.130632e+00,-3.492512e-01,-1.741397e-01,9.327149e-01,5.013756e-01,-1.045446e+00,2.748420e-01
-2.464948e+00,-5.227950e+00,2.274296e+00,1.935651e+00,-9.331147e-01,-3.640883e-01,-2.100849e-01,7.582632e-01,3.798836e-01,-1.111890e+00,2.121371e-01
-2.379055e+00,-5.151592e+00,2.393964e+00,2.057440e+00,-8.806906e-01,-3.001265e-01,-1.880325e-01,7.868121e-01,4.415964e-01,-9.981919e-01,4.057061e-01
-2.416438e+00,-5.339349e+00,1.855285e+00,1.286684e+00,-1.496928e+00,-9.055278e-01,-3.611989e-01,7.762100e-01,4.856526e-01,-9.130568e-01,1.019842e-01
-2.300348e+00,-5.002711e+00,2.307337e+00,1.972875e+00,-9.478580e-01,-3.509198e-01,-1.585998e-01,8.417576e-01,3.846905e-01,-1.140483e+00,-1.860606e-02
-2.681215e+00,-5.286854e+00,2.136679e+00,1.895764e+00,-9.665121e-01,-3.515513e-01,-8.241801e-02,8.863693e-01,5.700169e-01,-8.683518e-01,3.563984e-01
-2.333356e+00,-5.064902e+00,2.333732e+00,1.909055e+00,-1.079339e+00,-5.845677e-01,-5.124525e-01,5.614028e-01,7.538294e-02,-1.170044e+00,-5.350644e-02
-2.595111e+00,-5.323094e+00,2.000365e+00,1.800482e+00,-1.090668e+00,-3.454900e-01,-1.359364e-01,9.302838e-01,4.405057e-01,-9.333601e-01,1.601950e-01
-2.516658e+00,-5.132023e+00,2.220128e+00,2.085899e+00,-9.854571e-01,-1.840927e-01,-1.716624e-01,8.714952e-01,4.039305e-01,-1.197604e+00,1.903523e-01
-2.134174e+00,-4.908651e+00,2.244556e+00,1.856864e+00,-1.286648e+00,-5.868132e-01,-4.719308e-01,7.401676e-01,3.847880e-01,-9.291856e-01,2.611884e-01
-2.822678e+00,-5.589662e+00,1.865056e+00,1.474446e+00,-1.489101e+00,-8.233633e-01,-6.623284e-01,5.421119e-01,2.201340e-01,-1.026708e+00,3.042121e-01
-2.515992e+00,-5.360055e+00,2.196324e+00,1.762827e+00,-9.940527e-01,-5.192418e-01,-3.127365e-01,5.102621e-01,6.887192e-02,-1.409493e+00,-5.943086e-02
-2.284689e+00,-5.156044e+00,2.340495e+00,1.941548e+00,-1.030836e+00,-3.761439e-01,-3.145041e-01,7.252489e-01,3.088302e-01,-1.181863e+00,1.508942e-01
-2.472683e+00,-5.277372e+00,2.225612e+00,1.859025e+00,-1.077255e+00,-3.921764e-01,-2.787334e-01,8.059533e-01,3.626756e-01,-1.056230e+00,2.294881e-01
-2.460540e+00,-5.071717e+00,2.329097e+00,1.947823e+00,-1.045373e+00,-4.813325e-01,-3.791021e-01,8.343150e-01,4.368145e-01,-8.056162e-01,2.974084e-01
-2.277434e+00,-5.007378e+00,2.389792e+00,2.215120e+00,-9.018358e-01,-3.314028e-02,-2.992440e-02,1.132358e+00,6.429706e-01,-8.734698e-01,3.699178e-01
-2.311386e+00,-5.202615e+00,2.133490e+00,1.720726e+00,-1.439221e+00,-6.097258e-01,-6.515822e-01,6.924604e-01,2.306520e-01,-1.052701e+00,2.756067e-01
-2.460153e+00,-5.022220e+00,2.334253e+00,1.969221e+00,-1.039899e+00,-5.399906e-01,-4.062787e-01,6.291669e-01,2.609359e-01,-1.085245e+00,1.490343e-01
-2.326839e+00,-4.996951e+00,2.196075e+00,1.990653e+00,-1.201314e+00,-3.319264e-01,-3.050547e-01,8.343456e-01,3.687785e-01,-1.200049e+00,8.474550e-02
-2.879166e+00,-5.447841e+00,2.023079e+00,1.806312e+00,-1.060589e+00,-4.399996e-01,-3.218713e-01,6.182473e-01,1.218939e-01,-1.354529e+00,-7.365286e-02
-2.548839e+00,-5.193153e+00,2.038937e+00,1.617486e+00,-1.274906e+00,-6.565808e-01,-3.365455e-01,7.605817e-01,3.543879e-01,-9.899314e-01,7.307660e-02
-1.972341e+00,-4.959173e+00,2.413506e+00,1.895281e+00,-1.236124e+00,-5.927006e-01,-5.190242e-01,6.274037e-01,2.342841e-01,-1.139757e+00,1.369093e-01
-2.435202e+00,-5.550098e+00,2.011945e+00,1.641909e+00,-1.248244e+00,-3.475497e-01,-3.026386e-01,9.274871e-01,4.634775e-01,-1.069960e+00,2.841279e-01
-2.281875e+00,-5.307975e+00,2.259127e+00,1.785260e+00,-1.120705e+00,-4.298618e-01,-2.384963e-01,8.113659e-01,4.556228e-01,-1.122530e+00,3.016632e-01
-2.467223e+00,-5.275093e+00,2.039178e+00,1.664291e+00,-1.308560e+00,-5.639514e-01,-4.055129e-01,7.235232e-01,2.177388e-01,-1.191212e+00,-8.422200e-02
-2.705968e+00,-5.578644e+00,1.766702e+00,1.310965e+00,-1.471437e+00,-8.133558e-01,-5.669839e-01,5.547945e-01,1.582548e-01,-1.125264e+00,1.808923e-01
-2.244731e+00,-5.073806e+00,2.429500e+00,1.961950e+00,-9.258833e-01,-4.640695e-01,-2.156511e-01,7.291761e-01,3.626329e-01,-1.075556e+00,1.507453e-01
-2.508418e+00,-5.383746e+00,2.191584e+00,1.769991e+00,-1.023328e+00,-4.467604e-01,-2.666115e-01,7.478361e-01,3.067144e-01,-1.205349e+00,3.592078e-02
-2.412466e+00,-5.253169e+00,2.274870e+00,1.902428e+00,-9.574169e-01,-4.179263e-01,-2.423406e-01,6.553746e-01,3.126878e-01,-1.151818e+00,2.215481e-01
-2.418314e+00,-5.190076e+00,2.246675e+00,1.833941e+00,-1.069753e+00,-5.405058e-01,-2.931971e-01,6.850172e-01,3.720541e-01,-1.108743e+00,2.302476e-01
-2.334526e+00,-5.058845e+00,2.162732e+00,1.833708e+00,-1.058773e+00,-4.055943e-01,-8.346435e-02,9.652228e-01,6.374135e-01,-8.839724e-01,3.102808e-01
-2.187617e+00,-4.997836e+00,2.374089e+00,2.051046e+00,-1.117907e+00,-3.584480e-01,-3.908920e-01,8.009431e-01,3.561654e-01,-1.093159e+00,1.910797e-01
-2.407572e+00,-5.153999e+00,2.135526e+00,1.876355e+00,-1.150263e+00,-4.122261e-01,-2.687097e-01,8.053617e-01,4.607867e-01,-1.070697e+00,2.172948e-01
-3.012628e+00,-5.536239e+00,1.832306e+00,1.843456e+00,-1.054283e+00,-1.172083e-01,-7.232357e-02,1.046754e+00,3.848781e-01,-1.101452e+00,4.608796e-02
-2.152726e+00,-4.885808e+00,2.392495e+00,2.068423e+00,-9.683118e-01,-2.911711e-01,-7.988724e-02,1.033517e+00,6.088541e-01,-8.313868e-01,2.217186e-01
-2.710739e+00,-5.381326e+00,2.049201e+00,1.782270e+00,-1.121896e+00,-4.808436e-01,-3.526376e-01,7.096697e-01,2.729988e-01,-1.049871e+00,1.516313e-01
-2.327816e+00,-5.220551e+00,2.331054e+00,2.090176e+00,-7.506408e-01,8.027335e-02,3.077581e-01,1.311121e+00,8.322574e-01,-9.831068e-01,1.222976e-01
-2.160580e+00,-5.147589e+00,2.340143e+00,1.872537e+00,-1.086666e+00,-4.777655e-01,-3.501670e-01,7.393892e-01,4.129173e-01,-1.038568e+00,3.469711e-01
-1.984773e+00,-4.856408e+00,2.439667e+00,1.889699e+00,-9.664312e-01,-4.994421e-01,-2.405179e-01,7.270378e-01,2.291019e-01,-1.141292e+00,-6.954340e-02
-2.268184e+00,-4.975024e+00,2.330596e+00,1.934156e+00,-1.098946e+00,-5.313370e-01,-4.086733e-01,6.732307e-01,2.374163e-01,-1.054606e+00,1.337479e-01
-2.570085e+00,-5.314762e+00,1.982270e+00,1.815750e+00,-1.236000e+00,-3.054729e-01,-3.289210e-01,9.709109e-01,3.794994e-01,-9.822345e-01,1.908684e-01
-2.507506e+00,-5.378728e+00,1.879398e+00,1.602891e+00,-1.416152e+00,-5.590007e-01,-4.520241e-01,7.578761e-01,3.069625e-01,-1.092669e+00,1.982047e-01
-2.108011e+00,-5.001101e+00,2.333137e+00,1.975960e+00,-1.250654e+00,-3.992164e-01,-4.291308e-01,8.691526e-01,4.905506e-01,-9.765828e-01,4.180967e-01
-2.671461e+00,-5.209688e+00,1.965954e+00,1.620022e+00,-1.162106e+00,-6.008284e-01,-1.981992e-01,7.367399e-01,3.706853e-01,-1.066918e+00,1.577276e-02
-2.396723e+00,-4.948091e+00,2.457727e+00,1.996067e+00,-8.994631e-01,-5.975790e-01,-3.890549e-01,4.672594e-01,1.095939e-01,-1.223230e+00,1.138558e-01
-2.612431e+00,-5.360804e+00,2.192138e+00,1.871809e+00,-1.140528e+00,-4.060383e-01,-4.174957e-01,8.206630e-01,3.484037e-01,-9.906599e-01,3.678973e-01
-2.299402e+00,-5.159492e+00,2.149846e+00,1.810164e+00,-1.086031e+00,-2.926645e-01,-5.347662e-02,9.759957e-01,6.090602e-01,-9.937658e-01,3.496173e-01
-2.553126e+00,-5.236413e+00,2.081228e+00,1.794372e+00,-1.110530e+00,-3.758003e-01,-1.279895e-01,9.228731e-01,4.723504e-01,-9.278282e-01,2.782108e-01
-2.588237e+00,-5.074735e+00,2.443247e+00,2.100326e+00,-8.333238e-01,-4.750093e-01,-4.843272e-01,4.647921e-01,8.429027e-02,-1.120575e+00,3.486313e-01
-2.739345e+00,-5.480377e+00,1.828019e+00,1.601397e+00,-1.351419e+00,-4.889455e-01,-2.956207e-01,8.272639e-01,3.378512e-01,-1.097860e+00,6.079869e-02
-2.476837e+00,-5.224395e+00,2.192103e+00,1.768451e+00,-1.086534e+00,-4.211550e-01,-1.517856e-01,1.077882e+00,7.074671e-01,-5.525284e-01,5.365830e-01
-2.341956e+00,-5.048849e+00,2.431580e+00,2.101625e+00,-7.625859e-01,-2.246724e-01,-1.111585e-01,7.222030e-01,2.470362e-01,-1.275566e+00,7.208543e-02
-2.477005e+00,-5.204988e+00,2.123438e+00,1.636899e+00,-1.239269e+00,-6.962046e-01,-4.378142e-01,6.701478e-01,1.746984e-01,-1.141695e+00,-7.914453e-02
-2.275091e+00,-4.903962e+00,2.271548e+00,2.072753e+00,-9.008121e-01,-1.103768e-01,1.905746e-03,9.920431e-01,3.933336e-01,-1.166903e+00,-5.903232e-02
-2.418340e+00,-5.075169e+00,2.237313e+00,1.836229e+00,-1.119392e+00,-4.701954e-01,-2.825034e-01,8.983421e-01,4.415763e-01,-8.332864e-01,2.836055e-01
-2.438072e+00,-5.106024e+00,2.321160e+00,1.892786e+00,-8.593925e-01,-4.063773e-01,-7.208385e-03,9.185730e-01,5.313273e-01,-8.034843e-01,2.370750e-01
-2.295536e+00,-4.899601e+00,2.286002e+00,1.927161e+00,-1.167649e+00,-4.659136e-01,-3.732061e-01,9.635084e-01,4.958378e-01,-7.415975e-01,2.228424e-01
-2.751006e+00,-5.222363e+00,2.109873e+00,1.956172e+00,-1.115106e+00,-3.834381e-01,-3.174688e-01,8.094062e-01,3.419022e-01,-9.960207e-01,1.635224e-01
-2.361572e+00,-4.939705e+00,2.345490e+00,2.002053e+00,-9.337267e-01,-4.280425e-01,-2.779538e-01,6.951571e-01,2.860690e-01,-1.022906e+00,1.858831e-01
-1.925181e+00,-4.834148e+00,2.538122e+00,2.098090e+00,-8.636955e-01,-2.794012e-01,-1.638078e-01,7.898491e-01,4.036924e-01,-1.146312e+00,2.710242e-01
-2.441137e+00,-5.349880e+00,2.026664e+00,1.535385e+00,-1.401697e+00,-7.670592e-01,-5.573948e-01,6.681622e-01,2.277359e-01,-9.791107e-01,1.951994e-01
-2.067360e+00,-5.042104e+00,2.345567e+00,1.905129e+00,-9.911503e-01,-3.002369e-01,-8.276116e-02,9.865383e-01,6.005597e-01,-9.247961e-01,2.784951e-01
-2.246400e+00,-5.005432e+00,2.329888e+00,1.974048e+00,-1.008468e+00,-4.401646e-01,-3.087090e-01,6.235749e-01,2.327198e-01,-1.225620e+00,5.514822e-02
-2.189762e+00,-4.971635e+00,2.387371e+00,2.035091e+00,-8.290109e-01,-2.694603e-01,-1.432858e-01,7.263210e-01,2.246345e-01,-1.242599e+00,1.346530e-01
-2.199968e+00,-4.813792e+00,2.448075e+00,2.052187e+00,-7.357621e-01,-3.427074e-01,5.252711e-02,8.632159e-01,5.645578e-01,-9.433877e-01,2.131652e-01
-3.146718e+00,-5.545636e+00,1.845446e+00,1.773381e+00,-1.231750e+00,-5.196193e-01,-4.887935e-01,5.964217e-01,6.042493e-02,-1.287858e+00,-1.679089e-01
-2.260415e+00,-5.042614e+00,2.002532e+00,1.577931e+00,-1.343247e+00,-6.881172e-01,-3.450416e-01,7.833061e-01,3.696117e-01,-9.612680e-01,8.584942e-02
-2.704065e+00,-5.235445e+00,2.094028e+00,1.839556e+00,-8.735651e-01,-2.477494e-01,1.037765e-01,1.105342e+00,6.137125e-01,-8.682682e-01,2.146882e-01
-2.565413e+00,-5.286412e+00,2.061939e+00,1.762954e+00,-1.243355e+00,-5.511988e-01,-3.945329e-01,7.599746e-01,3.249744e-01,-1.033887e+00,1.062789e-01
-1.917983e+00,-4.618529e+00,2.511857e+00,2.184086e+00,-8.877595e-01,-2.545133e-01,-1.395733e-01,8.550617e-01,4.742864e-01,-1.062129e+00,1.981163e-01
-2.196492e+00,-5.088368e+00,2.206492e+00,1.926044e+00,-1.142075e+00,-3.362457e-01,-2.398370e-01,8.945351e-01,5.003067e-01,-9.313209e-01,4.295041e-01
-2.196924e+00,-5.120008e+00,2.404039e+00,2.024050e+00,-7.646018e-01,-1.141341e-01,-6.258553e-02,8.919142e-01,2.728725e-01,-1.218174e+00,1.110556e-01
-2.288190e+00,-4.980102e+00,2.288388e+00,1.918893e+00,-1.112536e+00,-5.576655e-01,-4.010473e-01,6.710331e-01,3.518618e-01,-9.482768e-01,3.009176e-01
-2.373003e+00,-5.139850e+00,2.355971e+00,2.034574e+00,-8.743915e-01,-2.112067e-01,-1.155711e-01,9.275443e-01,3.918877e-01,-1.027219e+00,1.257209e-01
-2.454370e+00,-5.117563e+00,2.033538e+00,1.764766e+00,-1.201457e+00,-4.964500e-01,-2.373782e-01,8.647934e-01,4.877484e-01,-9.548305e-01,1.340423e-01
-2.220658e+00,-5.018230e+00,2.182510e+00,1.643620e+00,-1.209631e+00,-6.808142e-01,-4.098801e-01,7.024812e-01,1.462009e-01,-1.029645e+00,-1.677743e-02
-2.587259e+00,-5.124945e+00,2.416602e+00,2.145246e+00,-6.616505e-01,-1.765482e-01,-1.222006e-01,6.595096e-01,3.894268e-02,-1.442426e+00,-2.258033e-01
-2.402336e+00,-5.020395e+00,2.261904e+00,1.868147e+00,-8.595366e-01,-3.046540e-01,1.168552e-01,1.019946e+00,6.493486e-01,-9.702988e-01,1.471059e-01
-2.265110e+00,-4.962842e+00,2.136004e+00,1.824174e+00,-1.193557e+00,-3.862075e-01,-1.644601e-01,9.166073e-01,3.690316e-01,-1.219447e+00,-4.015919e-02
-2.254106e+00,-5.018658e+00,2.160001e+00,1.642804e+00,-1.297027e+00,-7.456047e-01,-4.127405e-01,6.396715e-01,3.638154e-01,-1.040408e+00,2.628970e-01
-2.303884e+00,-5.040132e+00,2.083838e+00,1.736763e+00,-1.267499e+00,-4.591581e-01,-1.378028e-01,1.129684e+00,9.154102e-01,-4.593506e-01,7.208868e-01
-2.385000e+00,-4.947520e+00,2.229237e+00,1.901085e+00,-1.141067e+00,-5.187558e-01,-3.607339e-01,6.728578e-01,1.851093e-01,-1.146818e+00,2.693319e-02
-2.332932e+00,-4.831056e+00,2.365047e+00,2.102298e+00,-8.815969e-01,-2.705721e-01,-3.808738e-02,9.937816e-01,7.066223e-01,-9.103471e-01,3.339192e-01
-2.307185e+00,-5.187022e+00,2.069856e+00,1.728974e+00,-1.284211e+00,-4.924449e-01,-4.054785e-01,6.280747e-01,1.238594e-01,-1.343506e+00,-1.129656e-02
-1.976840e+00,-4.807853e+00,2.634597e+00,2.000660e+00,-9.678026e-01,-5.797546e-01,-3.939969e-01,6.322635e-01,3.018446e-01,-1.011576e+00,2.728219e-01
-2.162362e+00,-4.780501e+00,2.519528e+00,2.239042e+00,-8.879181e-01,-2.382462e-01,-3.809200e-01,7.815259e-01,1.549926e-01,-1.072703e+00,6.429788e-02
-2.640510e+00,-5.189176e+00,2.009572e+00,1.788215e+00,-1.121203e+00,-3.894815e-01,-1.773736e-01,8.187815e-01,2.787859e-01,-1.198177e+00,-3.358419e-02
-2.418870e+00,-4.973106e+00,2.192377e+00,1.948944e+00,-1.040734e+00,-3.987663e-01,-1.827804e-01,7.614923e-01,4.368783e-01,-1.029516e+00,2.668524e-01
-2.178906e+00,-4.807377e+00,2.421421e+00,2.000318e+00,-1.169456e+00,-6.141407e-01,-6.083851e-01,5.429939e-01,1.909367e-01,-1.105071e+00,2.469565e-01
-2.941846e+00,-5.458412e+00,1.793808e+00,1.563868e+00,-1.320643e+00,-6.641060e-01,-3.731759e-01,7.038577e-01,3.117194e-01,-9.718837e-01,1.585121e-01
-2.194044e+00,-4.788052e+00,2.096164e+00,1.751234e+00,-1.320969e+00,-5.880514e-01,-3.790509e-01,7.440476e-01,3.098679e-01,-1.177341e+00,-7.653295e-03
-2.779131e+00,-5.299126e+00,2.088430e+00,1.911716e+00,-1.126907e+00,-3.624884e-01,-2.285011e-01,9.399025e-01,5.610756e-01,-8.089684e-01,4.017899e-01
-2.322659e+00,-4.936072e+00,2.246721e+00,1.883835e+00,-1.213242e+00,-5.533526e-01,-4.243129e-01,7.866096e-01,3.551161e-01,-9.296577e-01,1.802618e-01
-2.558643e+00,-4.983012e+00,2.220423e+00,1.957822e+00,-9.408982e-01,-4.843863e-01,-2.376682e-01,6.952406e-01,2.532073e-01,-1.100073e+00,-9.718531e-03
-2.169397e+00,-4.890554e+00,2.221341e+00,1.894872e+00,-1.219683e+00,-4.599548e-01,-3.685004e-01,8.110615e-01,3.287439e-01,-1.059233e+00,1.522018e-01
-2.308682e+00,-5.048180e+00,2.195980e+00,1.785169e+00,-1.060813e+00,-5.229477e-01,-2.261608e-01,7.357978e-01,3.263906e-01,-1.093432e+00,7.287514e-02
-2.323795e+00,-5.240567e+00,2.106145e+00,1.519357e+00,-1.293740e+00,-8.985375e-01,-5.542877e-01,3.170652e-01,7.923946e-02,-1.424540e+00,-2.684477e-02
-2.327836e+00,-5.076448e+00,2.102317e+00,1.741715e+00,-1.187296e+00,-5.120795e-01,-2.427921e-01,9.153391e-01,5.322609e-01,-7.408052e-01,4.442755e-01
-2.656617e+00,-5.188384e+00,1.852311e+00,1.633068e+00,-1.378143e+00,-6.563048e-01,-4.536686e-01,6.777589e-01,2.304691e-01,-1.058965e+00,5.012248e-02
-2.229474e+00,-4.974384e+00,2.239091e+00,1.822372e+00,-1.301969e+00,-6.663197e-01,-5.656100e-01,5.521457e-01,1.394045e-01,-1.298609e+00,1.536087e-02
-2.429435e+00,-5.032612e+00,2.126267e+00,1.992291e+00,-1.086749e+00,-3.331277e-01,-3.332453e-01,7.860122e-01,3.078459e-01,-1.013530e+00,1.517698e-01
-2.470335e+00,-5.148805e+00,2.043866e+00,1.684885e+00,-1.152616e+00,-5.239144e-01,-1.991178e-01,8.428919e-01,3.871931e-01,-1.032973e+00,7.897832e-02
-2.003611e+00,-4.746559e+00,2.399240e+00,1.901966e+00,-9.621512e-01,-4.227583e-01,-7.253048e-02,9.587776e-01,4.238056e-01,-9.398063e-01,-4.636876e-02
-2.105845e+00,-4.778664e+00,2.177153e+00,1.790501e+00,-9.083488e-01,-2.777505e-01,1.474916e-01,1.067956e+00,4.605325e-01,-9.975487e-01,-5.040069e-02
-2.118048e+00,-4.794072e+00,2.258362e+00,1.995658e+00,-1.178401e+00,-4.209438e-01,-3.060270e-01,8.933149e-01,4.783294e-01,-7.832804e-01,3.647587e-01
-2.078957e+00,-4.817110e+00,2.195364e+00,1.781998e+00,-1.054729e+00,-3.690955e-01,-4.367508e-02,1.008874e+00,4.504124e-01,-9.963236e-01,2.558877e-02
-2.090988e+00,-4.740635e+00,2.443964e+00,2.181871e+00,-1.082252e+00,-4.422650e-01,-5.253170e-01,5.006539e-01,1.215283e-01,-1.287355e+00,1.465401e-01
-2.616847e+00,-5.186886e+00,2.047451e+00,1.754245e+00,-1.195646e+00,-5.423817e-01,-2.832976e-01,7.846650e-01,3.197838e-01,-1.109614e+00,-6.412858e-02
-2.360403e+00,-4.962156e+00,2.201204e+00,1.849296e+00,-1.091460e+00,-5.878962e-01,-3.118373e-01,6.978230e-01,3.302953e-01,-9.480104e-01,1.456183e-01
-2.066241e+00,-4.871204e+00,2.331662e+00,1.890059e+00,-1.065163e+00,-4.288079e-01,-2.953056e-01,7.378528e-01,1.817896e-01,-1.200133e+00,-3.700455e-02
-1.905904e+00,-4.620009e+00,2.453656e+00,1.973526e+00,-9.551509e-01,-3.599649e-01,-8.382292e-02,8.998869e-01,3.179183e-01,-1.096029e+00,-1.270501e-01
-2.439717e+00,-4.876773e+00,2.181183e+00,1.916638e+00,-1.016100e+00,-3.245518e-01,-1.110228e-01,1.109685e+00,5.696282e-01,-6.904834e-01,1.831256e-01
-2.211049e+00,-4.773520e+00,2.286553e+00,1.966717e+00,-1.207613e+00,-5.475062e-01,-3.502570e-01,7.793998e-01,4.488006e-01,-9.437535e-01,2.868271e-01
-2.543501e+00,-5.040135e+00,2.378643e+00,1.994521e+00,-7.329776e-01,-3.321151e-01,-4.918849e-02,8.284534e-01,3.322606e-01,-1.072827e+00,-6.374095e-02
-2.565823e+00,-5.126370e+00,2.085781e+00,1.827748e+00,-1.032373e+00,-3.543080e-01,-6.223814e-02,9.546891e-01,5.088322e-01,-9.257436e-01,1.151071e-01
-2.494361e+00,-4.784235e+00,2.368318e+00,2.014416e+00,-9.869187e-01,-5.884421e-01,-3.366402e-01,6.764736e-01,2.242041e-01,-1.029969e+00,-5.639184e-02
-1.702241e+00,-4.453815e+00,2.525476e+00,2.008815e+00,-1.214327e+00,-5.858316e-01,-5.088721e-01,7.470810e-01,3.798945e-01,-9.221422e-01,3.017883e-01
-2.128407e+00,-4.666851e+00,2.293342e+00,1.947997e+00,-1.189426e+00,-5.105963e-01,-3.898235e-01,7.781973e-01,2.675921e-01,-9.634585e-01,8.934003e-02
-3.021578e+00,-5.514870e+00,1.775268e+00,1.554119e+00,-1.196368e+00,-4.737864e-01,-5.250547e-02,9.748605e-01,5.027072e-01,-1.004287e+00,-4.084533e-03
-2.383604e+00,-4.984783e+00,2.221868e+00,1.749899e+00,-1.036022e+00,-5.590629e-01,-1.966265e-01,8.550970e-01,3.738674e-01,-9.220013e-01,1.273193e-02
-2.780742e+00,-5.388666e+00,1.751977e+00,1.343570e+00,-1.361950e+00,-7.034369e-01,-1.573439e-01,9.826356e-01,5.136363e-01,-7.125110e-01,1.308855e-01
-2.361957e+00,-4.872039e+00,2.344999e+00,1.989701e+00,-7.639669e-01,-3.240384e-01,-1.421160e-03,7.884949e-01,2.821429e-01,-1.130098e+00,-8.174556e-02
-1.974856e+00,-4.669748e+00,2.145749e+00,1.836090e+00,-1.547963e+00,-5.927179e-01,-5.890699e-01,7.517903e-01,3.213319e-01,-1.098575e+00,2.349622e-01
-2.269504e+00,-4.864816e+00,2.181053e+00,1.808164e+00,-1.217035e+00,-5.699719e-01,-3.179281e-01,8.300191e-01,3.410305e-01,-9.397759e-01,1.023077e-01
-2.356390e+00,-4.881936e+00,2.383221e+00,1.938490e+00,-9.237617e-01,-4.763614e-01,-2.430503e-01,7.375015e-01,2.022786e-01,-1.143414e+00,-1.236989e-01
-2.050053e+00,-4.693327e+00,2.372383e+00,2.157919e+00,-8.451163e-01,-6.596861e-02,5.036104e-03,9.753531e-01,3.159672e-01,-1.162711e+00,-4.735683e-03
-2.062212e+00,-4.640498e+00,2.573408e+00,2.302553e+00,-7.205390e-01,-1.411829e-01,-1.224745e-01,9.222161e-01,3.681989e-01,-9.530805e-01,1.009777e-01
-1.976168e+00,-4.755062e+00,2.177128e+00,1.701206e+00,-1.271851e+00,-7.398310e-01,-3.577993e-01,6.089209e-01,3.721136e-01,-1.023526e+00,2.580636e-01
-2.447813e+00,-4.766732e+00,2.354242e+00,2.119923e+00,-9.346608e-01,-4.825732e-01,-3.700494e-01,5.357079e-01,1.027312e-01,-1.218078e+00,-1.648193e-02
-2.526369e+00,-4.953013e+00,2.242349e+00,2.108984e+00,-8.574616e-01,-1.715435e-01,-1.060800e-01,9.483515e-01,3.645330e-01,-9.750472e-01,6.792720e-02
-2.326431e+00,-4.968632e+00,2.117805e+00,1.794619e+00,-1.160791e+00,-5.384492e-01,-2.918510e-01,7.700356e-01,4.135833e-01,-9.578120e-01,2.700331e-01
-2.416246e+00,-5.033401e+00,2.191415e+00,1.771776e+00,-1.058229e+00,-6.243164e-01,-2.041007e-01,7.958991e-01,5.433961e-01,-7.393151e-01,3.583464e-01
-2.019634e+00,-4.746093e+00,2.268421e+00,1.842070e+00,-1.131586e+00,-4.735120e-01,-1.836468e-01,9.320467e-01,5.113339e-01,-8.984013e-01,1.526689e-01
-2.267943e+00,-4.941948e+00,2.299182e+00,1.875351e+00,-1.208118e+00,-7.569490e-01,-5.935688e-01,3.903257e-01,5.058836e-02,-1.271842e+00,-8.551628e-02
-1.851308e+00,-4.580418e+00,2.398435e+00,1.774643e+00,-9.663841e-01,-6.225129e-01,-1.405928e-01,7.952600e-01,3.525099e-01,-8.915892e-01,4.330775e-02
-2.349458e+00,-4.861223e+00,2.208172e+00,1.956828e+00,-1.206217e+00,-5.515214e-01,-4.528596e-01,6.931231e-01,2.641595e-01,-1.001306e+00,7.369239e-02
-2.153918e+00,-4.617852e+00,2.520891e+00,2.235126e+00,-6.956347e-01,-3.154584e-01,-1.023872e-01,6.684954e-01,3.070681e-01,-1.037146e+00,1.260736e-01
-1.999465e+00,-4.704790e+00,2.255936e+00,1.886936e+00,-1.168442e+00,-3.878643e-01,-2.787284e-01,1.027398e+00,4.454853e-01,-8.966991e-01,7.863708e-02
-2.008242e+00,-4.764084e+00,2.439137e+00,2.025020e+00,-1.163492e+00,-6.016302e-01,-5.280797e-01,6.623747e-01,2.989855e-01,-8.393554e-01,3.660635e-01
-2.032644e+00,-4.698488e+00,2.188991e+00,2.003278e+00,-1.117444e+00,-2.969695e-01,-3.714481e-01,6.803223e-01,-9.828789e-03,-1.271420e+00,-1.024032e-01
-2.260686e+00,-4.730955e+00,2.265742e+00,2.123294e+00,-8.688871e-01,-1.263518e-01,2.687703e-02,9.715453e-01,3.838589e-01,-1.122483e+00,-6.856439e-02
-2.185244e+00,-4.752692e+00,2.194965e+00,1.801476e+00,-1.256814e+00,-6.831655e-01,-4.433936e-01,6.758131e-01,1.933455e-01,-1.022367e+00,7.263961e-03
-2.145480e+00,-4.962377e+00,1.997420e+00,1.506363e+00,-1.361818e+00,-6.338032e-01,-1.565117e-01,1.019261e+00,6.693660e-01,-7.320653e-01,3.385766e-01
-2.640752e+00,-5.061332e+00,1.921215e+00,1.659795e+00,-1.260577e+00,-6.141076e-01,-3.181027e-01,6.774524e-01,1.592792e-01,-1.108710e+00,-6.290255e-02
-2.440592e+00,-4.838105e+00,2.330387e+00,1.971549e+00,-1.000303e+00,-5.441769e-01,-2.376269e-01,7.276626e-01,4.739586e-01,-8.709598e-01,3.544412e-01
-2.271274e+00,-4.887407e+00,2.211748e+00,1.682636e+00,-1.072660e+00,-5.943510e-01,-1.630896e-01,8.933969e-01,4.816762e-01,-8.612136e-01,1.391165e-01
-1.865111e+00,-4.618342e+00,2.510248e+00,1.977952e+00,-8.658673e-01,-4.238871e-01,-5.888441e-02,7.542279e-01,2.763443e-01,-1.211638e+00,-1.083986e-01
-2.099556e+00,-4.814530e+00,2.136791e+00,1.547997e+00,-1.325774e+00,-8.250459e-01,-4.175579e-01,7.228609e-01,3.340494e-01,-7.814068e-01,1.461152e-01
-2.431785e+00,-4.889866e+00,2.269061e+00,1.984719e+00,-9.938977e-01,-4.513518e-01,-2.488944e-01,7.654266e-01,4.086159e-01,-8.152713e-01,3.601219e-01
-2.058064e+00,-4.635153e+00,2.505896e+00,2.072981e+00,-9.456449e-01,-5.309959e-01,-4.659582e-01,5.111840e-01,3.425417e-03,-1.107364e+00,1.477737e-01
-1.904556e+00,-4.481978e+00,2.377309e+00,1.892551e+00,-1.152679e+00,-6.367598e-01,-2.829015e-01,7.928087e-01,4.466368e-01,-9.111457e-01,7.684591e-02
-2.275746e+00,-4.712476e+00,2.177020e+00,1.836742e+00,-1.060573e+00,-4.355406e-01,2.986298e-03,1.024577e+00,6.279953e-01,-8.024726e-01,1.760183e-01
-2.398602e+00,-4.976991e+00,1.799944e+00,1.434822e+00,-1.651642e+00,-8.887500e-01,-5.573565e-01,6.146024e-01,1.406062e-01,-1.181284e+00,-9.843077e-02
-2.388313e+00,-4.739249e+00,2.398347e+00,2.161650e+00,-8.894081e-01,-2.922518e-01,-2.371240e-01,8.465430e-01,3.185544e-01,-9.966921e-01,1.499404e-01
-1.934314e+00,-4.544804e+00,2.257810e+00,1.858094e+00,-1.263238e+00,-5.336062e-01,-2.503223e-01,9.333576e-01,4.870016e-01,-8.600377e-01,2.007939e-01
-1.753199e+00,-4.480006e+00,2.350415e+00,1.881560e+00,-1.112260e+00,-4.145738e-01,-1.773627e-01,8.634688e-01,1.861775e-01,-1.185088e+00,-2.580066e-01
-1.743183e+00,-4.442799e+00,2.521013e+00,1.958574e+00,-1.245456e+00,-7.578484e-01,-5.965099e-01,5.639902e-01,2.629893e-01,-9.821716e-01,2.062817e-01
-2.011367e+00,-4.607588e+00,2.441633e+00,2.147619e+00,-8.985284e-01,-2.883883e-01,-1.839158e-01,8.241427e-01,3.667929e-01,-9.831873e-01,1.050612e-01
-2.096265e+00,-4.730784e+00,2.347593e+00,1.978490e+00,-9.136053e-01,-2.275891e-01,-5.823909e-02,1.007932e+00,4.159897e-01,-1.016417e+00,9.379875e-02
-2.406126e+00,-4.998267e+00,1.943411e+00,1.585583e+00,-1.169272e+00,-4.881048e-01,3.712267e-02,1.102371e+00,5.832121e-01,-7.225582e-01,9.194154e-02
-2.264298e+00,-4.806273e+00,2.278768e+00,1.785749e+00,-9.784916e-01,-6.491551e-01,-2.032396e-01,7.552049e-01,4.020200e-01,-7.708492e-01,2.647973e-01
-1.640669e+00,-4.385195e+00,2.428372e+00,1.889736e+00,-9.906524e-01,-4.990816e-01,-8.832793e-02,8.192932e-01,1.681767e-01,-1.192715e+00,-4.205331e-01
-2.131010e+00,-4.788958e+00,2.161592e+00,1.872714e+00,-1.169024e+00,-3.880648e-01,-2.340786e-01,9.016244e-01,3.243413e-01,-9.626612e-01,5.374204e-02
-1.816254e+00,-4.750259e+00,2.147513e+00,1.694651e+00,-1.247011e+00,-4.606071e-01,-9.282580e-02,1.025844e+00,5.698696e-01,-9.027787e-01,1.019307e-01
-2.344090e+00,-5.171397e+00,1.855655e+00,1.586132e+00,-1.395003e+00,-4.110718e-01,-2.581100e-01,1.048218e+00,3.233266e-01,-1.051008e+00,-1.804780e-01
-2.495643e+00,-4.951618e+00,2.334193e+00,2.244650e+00,-8.555159e-01,-1.218947e-01,-2.265241e-01,8.872465e-01,3.018926e-01,-9.869651e-01,2.406131e-01
-2.069726e+00,-4.720252e+00,2.329236e+00,1.903998e+00,-9.372759e-01,-4.503599e-01,-1.572084e-01,6.581215e-01,2.678571e-01,-1.294183e+00,8.907296e-03
-1.831940e+00,-4.531994e+00,2.311702e+00,1.688961e+00,-1.249976e+00,-7.881642e-01,-3.559371e-01,7.633254e-01,2.815795e-01,-8.727523e-01,5.993905e-02
-2.223671e+00,-4.787982e+00,2.315083e+00,2.024300e+00,-7.732282e-01,-1.838562e-01,1.542071e-01,1.049353e+00,6.472182e-01,-9.578378e-01,2.049496e-01
-2.434424e+00,-4.951469e+00,2.131468e+00,1.770429e+00,-1.097551e+00,-6.344626e-01,-1.848110e-01,7.982260e-01,4.644913e-01,-7.853789e-01,1.390896e-01
-2.366787e+00,-4.870405e+00,2.235143e+00,1.932055e+00,-1.059388e+00,-4.784948e-01,-2.179768e-01,7.715748e-01,2.802513e-01,-1.082753e+00,-1.006563e-01
-1.996859e+00,-4.594863e+00,2.239106e+00,1.786704e+00,-1.090434e+00,-5.816489e-01,-6.499046e-02,8.910477e-01,6.231323e-01,-8.610919e-01,2.593776e-01
-1.882730e+00,-4.699549e+00,2.282948e+00,1.993603e+00,-1.111959e+00,-2.489119e-01,-1.170418e-01,9.823098e-01,4.904147e-01,-1.046128e+00,2.823162e-01
-2.476958e+00,-5.001462e+00,2.084889e+00,1.788163e+00,-9.594590e-01,-3.969199e-01,9.328373e-02,9.016573e-01,5.543664e-01,-1.075303e+00,5.735901e-02
-2.445048e+00,-4.748162e+00,2.253959e+00,1.997036e+00,-1.075957e+00,-6.169598e-01,-5.361466e-01,4.611673e-01,-8.839902e-02,-1.228472e+00,-1.788192e-01
-1.769158e+00,-4.553765e+00,2.305923e+00,1.881306e+00,-1.206707e+00,-4.376580e-01,-2.784523e-01,9.478180e-01,3.064460e-01,-9.055832e-01,5.299804e-02
-2.371794e+00,-4.761268e+00,2.226200e+00,1.889592e+00,-8.959779e-01,-3.703184e-01,9.697472e-02,1.062250e+00,6.306454e-01,-8.018120e-01,8.602909e-02
-2.398703e+00,-4.833853e+00,2.279581e+00,1.951289e+00,-8.265993e-01,-3.422244e-01,6.315842e-02,8.922276e-01,5.036397e-01,-9.133702e-01,1.601129e-01
-2.381809e+00,-4.913745e+00,2.156598e+00,1.884002e+00,-1.048359e+00,-3.123344e-01,-1.251597e-01,1.005568e+00,2.908684e-01,-8.972132e-01,-6.432206e-02
-2.229493e+00,-4.745060e+00,2.030389e+00,1.654856e+00,-1.089043e+00,-4.876410e-01,-3.407691e-02,8.721391e-01,2.412119e-01,-1.220881e+00,-3.501923e-01
-2.002348e+00,-4.780301e+00,2.133405e+00,1.485450e+00,-1.229004e+00,-7.898338e-01,-2.006437e-01,6.830092e-01,2.341920e-01,-1.040874e+00,-3.174232e-02
-2.281170e+00,-4.881679e+00,2.436360e+00,1.960167e+00,-9.961883e-01,-5.594372e-01,-4.481192e-01,6.754935e-01,1.964640e-01,-9.124398e-01,1.509446e-01
-1.890817e+00,-4.534951e+00,2.314473e+00,1.956763e+00,-1.180270e+00,-5.083106e-01,-2.976493e-01,7.896361e-01,4.646391e-01,-9.198575e-01,3.101181e-01
-1.966012e+00,-4.395019e+00,2.553215e+00,2.025172e+00,-9.290346e-01,-5.948219e-01,-2.167644e-01,8.207771e-01,4.136355e-01,-7.940026e-01,8.406803e-02
-1.892112e+00,-4.422328e+00,2.457840e+00,2.165808e+00,-1.044167e+00,-3.796316e-01,-3.049981e-01,7.860271e-01,3.338434e-01,-1.016542e+00,7.104354e-02
-2.185940e+00,-4.817695e+00,2.117106e+00,1.617191e+00,-1.254825e+00,-7.346263e-01,-3.213455e-01,6.513289e-01,3.503523e-01,-1.006958e+00,2.410215e-01
-1.640263e+00,-4.430005e+00,2.337009e+00,1.850530e+00,-1.210594e+00,-5.014173e-01,-1.632021e-01,1.098209e+00,6.216476e-01,-5.844150e-01,1.895126e-01
-2.461873e+00,-4.926800e+00,2.103313e+00,1.703708e+00,-1.226358e+00,-6.697092e-01,-4.540310e-01,6.443440e-01,7.783480e-02,-1.060295e+00,1.818974e-02
-1.916317e+00,-4.448221e+00,2.513055e+00,2.144636e+00,-8.547044e-01,-3.204939e-01,-1.654064e-01,7.830717e-01,1.945292e-01,-1.088742e+00,-9.673221e-02
-2.213088e+00,-4.541478e+00,2.139245e+00,1.807547e+00,-9.941331e-01,-5.086466e-01,-8.160668e-02,7.562681e-01,3.176481e-01,-8.670603e-01,2.315828e-01
-1.814593e+00,-4.394457e+00,2.465398e+00,1.917129e+00,-1.171198e+00,-6.826053e-01,-3.319629e-01,7.816729e-01,4.623410e-01,-8.308987e-01,2.922090e-01
-1.943656e+00,-4.706872e+00,1.982881e+00,1.338527e+00,-1.370634e+00,-8.894707e-01,-3.722644e-01,7.069223e-01,1.800707e-01,-8.289285e-01,-6.046997e-03
-2.016132e+00,-4.450600e+00,2.518288e+00,2.120481e+00,-9.763872e-01,-5.314996e-01,-2.484837e-01,7.298147e-01,3.600655e-01,-1.075677e+00,-3.351711e-02
-2.580796e+00,-5.284225e+00,1.719076e+00,1.418114e+00,-1.408557e+00,-5.636221e-01,-8.414542e-02,1.114373e+00,7.402486e-01,-6.647248e-01,4.232699e-01
-2.168238e+00,-4.699037e+00,2.507235e+00,1.975270e+00,-8.635449e-01,-5.749177e-01,-2.409786e-01,8.563262e-01,4.225044e-01,-7.184171e-01,1.462858e-01
-1.832087e+00,-4.471651e+00,2.105078e+00,1.674053e+00,-1.475893e+00,-7.723972e-01,-4.300850e-01,7.556525e-01,3.339655e-01,-9.454640e-01,2.540863e-02
-2.343823e+00,-4.850903e+00,1.984310e+00,1.666933e+00,-1.072091e+00,-4.764385e-01,3.062045e-02,9.047986e-01,4.395054e-01,-8.952503e-01,5.811537e-02
-1.956483e+00,-4.367128e+00,2.362809e+00,1.977957e+00,-9.685064e-01,-4.472477e-01,-1.487116e-02,1.047694e+00,6.217250e-01,-7.498731e-01,9.341180e-02
-2.206592e+00,-4.715477e+00,2.240564e+00,2.042685e+00,-9.405378e-01,-2.540900e-01,-2.067879e-02,8.865339e-01,3.852998e-01,-1.152923e+00,6.196499e-02
-2.214108e+00,-4.810595e+00,2.190673e+00,1.987906e+00,-8.267887e-01,-1.063365e-01,1.765399e-01,1.099001e+00,5.116025e-01,-9.385439e-01,6.225626e-02
-2.105336e+00,-4.637889e+00,2.189320e+00,1.907766e+00,-1.184571e+00,-5.141079e-01,-3.216521e-01,6.666634e-01,2.403433e-01,-1.235097e+00,-3.163639e-02
-1.946181e+00,-4.700794e+00,2.081785e+00,1.764107e+00,-1.143376e+00,-3.702753e-01,-9.837974e-03,9.506387e-01,2.676457e-01,-1.133692e+00,-3.025998e-01
-1.983696e+00,-4.587672e+00,2.257664e+00,1.905790e+00,-1.391481e+00,-7.164023e-01,-7.107628e-01,5.844977e-01,1.796277e-01,-9.710339e-01,1.742279e-01
-2.307107e+00,-4.732996e+00,2.147325e+00,1.911793e+00,-1.310240e+00,-6.464246e-01,-4.329245e-01,6.683979e-01,3.782131e-01,-9.895152e-01,1.639049e-01
-2.074398e+00,-4.641038e+00,2.217253e+00,1.841327e+00,-9.519718e-01,-3.684003e-01,1.467042e-01,1.134169e+00,7.224155e-01,-5.645017e-01,3.290936e-01
-2.375976e+00,-4.819059e+00,2.088335e+00,1.768515e+00,-1.030345e+00,-5.497830e-01,-1.688841e-01,7.465579e-01,3.101209e-01,-1.035784e+00,-3.396710e-02
-2.099367e+00,-4.757133e+00,2.152398e+00,1.723819e+00,-1.175674e+00,-6.489215e-01,-3.638793e-01,5.293159e-01,1.949879e-03,-1.328302e+00,-1.934117e-01
-2.023870e+00,-4.636167e+00,2.328152e+00,2.000694e+00,-7.635161e-01,-2.611428e-01,-1.949632e-02,7.345447e-01,1.132927e-01,-1.234044e+00,-1.892096e-01
-2.626303e+00,-5.394473e+00,1.704797e+00,1.356114e+00,-1.395622e+00,-5.026862e-01,-8.524451e-02,1.197216e+00,7.219356e-01,-7.186858e-01,2.619676e-01
-1.820046e+00,-4.459447e+00,2.489560e+00,1.996002e+00,-9.124083e-01,-4.219645e-01,-1.630806e-02,8.778429e-01,5.397017e-01,-9.906895e-01,2.398292e-01
-1.934052e+00,-4.610227e+00,2.410936e+00,1.945919e+00,-9.764888e-01,-4.127137e-01,-1.714558e-01,8.534184e-01,3.646606e-01,-9.982466e-01,2.112112e-02
-2.592981e+00,-4.921148e+00,2.110744e+00,1.905797e+00,-9.587204e-01,-4.247870e-01,-2.027121e-01,6.882584e-01,1.639689e-01,-1.047852e+00,4.088969e-02
-2.092942e+00,-4.656243e+00,2.219600e+00,1.782525e+00,-1.244740e+00,-6.154090e-01,-4.225331e-01,8.085741e-01,1.825403e-01,-8.707806e-01,5.293879e-02
-2.077373e+00,-4.692624e+00,2.189293e+00,1.876622e+00,-1.114247e+00,-3.163142e-01,-1.076648e-01,1.046152e+00,4.659753e-01,-8.845705e-01,1.598844e-01
-1.963109e+00,-4.822806e+00,2.157510e+00,1.553513e+00,-1.321412e+00,-7.092796e-01,-2.003844e-01,8.691616e-01,5.856791e-01,-8.673402e-01,2.316287e-01
-1.840279e+00,-4.409853e+00,2.272864e+00,1.738834e+00,-1.105550e+00,-6.299759e-01,-4.377981e-02,8.519846e-01,4.875434e-01,-8.899537e-01,9.569930e-02
-1.890700e+00,-4.489938e+00,2.184785e+00,1.770980e+00,-1.286229e+00,-6.100621e-01,-3.308987e-01,7.756570e-01,2.651125e-01,-1.104188e+00,-8.717070e-02
-2.323934e+00,-4.623310e+00,2.521108e+00,2.314512e+00,-7.364931e-01,-2.218040e-01,-2.027883e-01,7.205148e-01,1.540926e-01,-1.198249e+00,-1.816689e-02
-1.874825e+00,-4.631419e+00,2.392290e+00,1.735364e+00,-1.101454e+00,-6.728403e-01,-1.970543e-01,7.987246e-01,4.659396e-01,-9.267704e-01,1.209599e-01
-1.659270e+00,-4.361160e+00,2.292917e+00,1.757960e+00,-1.300069e+00,-6.371369e-01,-2.330522e-01,8.704959e-01,5.023607e-01,-8.891548e-01,2.200166e-01
-2.121397e+00,-4.806942e+00,1.930127e+00,1.626071e+00,-1.309716e+00,-4.993078e-01,-1.215024e-01,9.226159e-01,5.307835e-01,-9.306619e-01,2.259426e-01
-1.967290e+00,-4.428119e+00,2.361797e+00,2.009296e+00,-1.025209e+00,-3.772826e-01,-2.219795e-01,8.326880e-01,1.959788e-01,-1.109111e+00,-1.010186e-01
-2.381891e+00,-4.768361e+00,1.986526e+00,1.578536e+00,-1.405372e+00,-9.039467e-01,-4.662873e-01,5.874587e-01,2.474670e-01,-8.664620e-01,1.590871e-01
-2.134535e+00,-4.510097e+00,2.435035e+00,2.031459e+00,-1.092408e+00,-6.063782e-01,-3.858580e-01,7.610455e-01,3.813967e-01,-8.253737e-01,1.592613e-01
-2.439453e+00,-4.775125e+00,2.067846e+00,1.807276e+00,-1.007487e+00,-5.428902e-01,-4.353053e-02,6.693912e-01,3.624818e-01,-1.139739e+00,1.072346e-01
-1.593694e+00,-4.259653e+00,2.368595e+00,1.816932e+00,-1.078458e+00,-4.836200e-01,4.454683e-02,1.047371e+00,5.329599e-01,-9.018948e-01,-9.109256e-02
-2.090841e+00,-4.543029e+00,2.274305e+00,1.865075e+00,-1.247413e+00,-7.999504e-01,-5.085896e-01,4.845337e-01,1.798930e-01,-1.081429e+00,5.824859e-02
-2.207414e+00,-4.459964e+00,2.238116e+00,1.835012e+00,-1.348001e+00,-9.733292e-01,-6.108241e-01,4.837399e-01,2.889748e-01,-8.682895e-01,2.016230e-01
-2.038937e+00,-4.539538e+00,2.393684e+00,1.907662e+00,-1.118736e+00,-7.668209e-01,-5.433788e-01,5.343208e-01,1.073863e-01,-9.178139e-01,5.162151e-02
-2.000588e+00,-4.646129e+00,2.182932e+00,1.911775e+00,-1.155711e+00,-3.850200e-01,-3.706185e-01,7.825486e-01,1.607847e-02,-1.001395e+00,-1.148670e-01
-2.203257e+00,-4.754417e+00,2.315948e+00,1.935707e+00,-8.288090e-01,-2.775287e-01,1.922681e-01,1.092863e+00,5.430284e-01,-9.036307e-01,-6.876474e-02
-2.577759e+00,-4.922857e+00,2.257947e+00,2.059512e+00,-7.303807e-01,-2.421080e-01,-4.051987e-02,8.810491e-01,2.095464e-01,-1.129736e+00,-3.024637e-01
-1.898280e+00,-4.340023e+00,2.495624e+00,1.958487e+00,-9.353623e-01,-6.033218e-01,-1.182035e-01,8.248019e-01,3.458925e-01,-8.873199e-01,-7.177089e-02
-2.162860e+00,-4.690309e+00,2.326695e+00,1.926626e+00,-8.994791e-01,-4.706025e-01,-3.790829e-02,8.523628e-01,4.611079e-01,-9.147524e-01,-4.703945e-02
-2.365970e+00,-4.920328e+00,2.182380e+00,1.977569e+00,-8.535809e-01,-1.684782e-01,1.600661e-01,1.037687e+00,6.388998e-01,-9.865487e-01,2.289020e-01
-1.953961e+00,-4.542040e+00,2.206414e+00,1.893422e+00,-1.355111e+00,-6.023107e-01,-3.608539e-01,8.460290e-01,4.511584e-01,-8.886953e-01,2.210778e-01
-2.592881e+00,-5.015674e+00,1.833291e+00,1.618046e+00,-1.349533e+00,-5.886654e-01,-4.161998e-01,8.240439e-01,2.036471e-01,-9.002999e-01,3.337989e-02
-1.728228e+00,-4.542048e+00,2.312324e+00,1.563256e+00,-1.276317e+00,-9.031510e-01,-2.923836e-01,6.958568e-01,4.276389e-01,-8.931109e-01,1.481041e-01
-2.022426e+00,-4.706801e+00,2.267165e+00,1.903945e+00,-1.119408e+00,-4.870085e-01,-2.490503e-01,7.434241e-01,3.095978e-01,-1.090997e+00,1.050150e-01
-2.066890e+00,-4.523446e+00,2.162362e+00,1.798511e+00,-1.085862e+00,-5.854188e-01,-1.352713e-01,7.985817e-01,3.384136e-01,-9.962245e-01,-1.422098e-01
-1.672922e+00,-4.404498e+00,2.189687e+00,1.645310e+00,-1.230474e+00,-6.488365e-01,-1.029808e-01,8.092238e-01,3.733103e-01,-1.026799e+00,2.378975e-02
-2.087645e+00,-4.712817e+00,2.145668e+00,1.683235e+00,-1.297525e+00,-7.621924e-01,-3.258521e-01,7.714483e-01,4.494200e-01,-7.793163e-01,6.777966e-02
-2.338518e+00,-4.923396e+00,2.092207e+00,1.726923e+00,-1.205491e+00,-5.256832e-01,-2.687236e-01,8.301840e-01,3.544140e-01,-1.085850e+00,8.649245e-02
-2.441966e+00,-5.059232e+00,1.829990e+00,1.452569e+00,-1.485332e+00,-8.192696e-01,-4.702731e-01,6.594288e-01,2.246107e-01,-9.358121e-01,1.265500e-01
-1.773162e+00,-4.498292e+00,2.323752e+00,1.799492e+00,-1.342048e+00,-6.650722e-01,-5.183902e-01,7.092037e-01,1.196336e-01,-1.094752e+00,-1.354490e-01
-2.284652e+00,-4.525443e+00,2.530721e+00,2.321457e+00,-8.729032e-01,-3.969425e-01,-3.883384e-01,5.626402e-01,7.692601e-02,-1.230816e+00,-2.424523e-02
-1.997025e+00,-4.691883e+00,2.175940e+00,1.659970e+00,-1.387504e+00,-6.224255e-01,-3.386219e-01,1.054439e+00,5.380298e-01,-6.789013e-01,3.324659e-01
-2.054812e+00,-4.493421e+00,2.283088e+00,1.914143e+00,-1.193388e+00,-6.226108e-01,-3.686019e-01,7.415984e-01,3.446294e-01,-9.080638e-01,1.647625e-01
-2.728444e+00,-5.087040e+00,2.008713e+00,1.656670e+00,-1.162721e+00,-6.451828e-01,-1.615041e-01,8.217691e-01,4.518981e-01,-9.694699e-01,1.542979e-03
-2.187342e+00,-4.744807e+00,2.156866e+00,1.850549e+00,-1.115860e+00,-3.602937e-01,-9.185888e-02,9.781084e-01,3.517126e-01,-1.093345e+00,-1.266904e-01
-1.893346e+00,-4.284385e+00,2.530009e+00,2.058616e+00,-1.159963e+00,-7.500786e-01,-5.928173e-01,5.550229e-01,9.317066e-02,-9.513526e-01,4.273113e-02
-1.948620e+00,-4.445629e+00,2.604253e+00,1.894897e+00,-9.297992e-01,-8.339289e-01,-3.078683e-01,5.712915e-01,3.677085e-01,-7.727160e-01,3.169324e-01
-1.601211e+00,-4.405598e+00,2.455325e+00,2.013974e+00,-1.224049e+00,-4.644357e-01,-4.182936e-01,7.879455e-01,3.721679e-01,-9.699960e-01,3.063744e-01
-2.179948e+00,-4.729843e+00,2.186894e+00,1.637717e+00,-1.062770e+00,-6.298214e-01,-9.503674e-02,8.422920e-01,2.932025e-01,-9.936947e-01,-9.117966e-02
-1.769797e+00,-4.194657e+00,2.648158e+00,2.346476e+00,-6.922343e-01,-2.543317e-01,-1.318229e-01,6.605378e-01,2.484766e-01,-1.105384e+00,2.328034e-01
-2.285437e+00,-4.518355e+00,2.426851e+00,2.133646e+00,-8.068906e-01,-3.545502e-01,-2.214986e-02,8.546984e-01,4.204260e-01,-9.697203e-01,2.174678e-02
-1.855704e+00,-4.609443e+00,2.023036e+00,1.573026e+00,-1.375542e+00,-5.868507e-01,-3.494651e-02,1.002913e+00,6.236679e-01,-9.215343e-01,5.397618e-02
-2.154562e+00,-4.461184e+00,2.245381e+00,1.834778e+00,-1.168666e+00,-6.162495e-01,-2.691064e-01,9.976629e-01,4.913739e-01,-6.172549e-01,1.623455e-01
-2.015504e+00,-4.530037e+00,2.341003e+00,2.038398e+00,-8.070161e-01,-1.839617e-01,2.198056e-01,1.200814e+00,5.464645e-01,-7.656708e-01,-7.719534e-02
-1.929147e+00,-4.453015e+00,2.122179e+00,1.808781e+00,-1.416546e+00,-6.654862e-01,-4.656282e-01,7.412845e-01,3.011552e-01,-9.467998e-01,5.291530e-02
-2.154290e+00,-4.430964e+00,2.376349e+00,2.171406e+00,-1.069699e+00,-4.325540e-01,-4.059976e-01,8.622150e-01,4.184224e-01,-7.491385e-01,3.094343e-01
-2.178137e+00,-4.698903e+00,2.209260e+00,1.975715e+00,-1.016461e+00,-4.028738e-01,-1.565133e-01,7.358046e-01,3.458282e-01,-1.073790e+00,1.499045e-01
-2.022222e+00,-4.616767e+00,2.116065e+00,1.682889e+00,-1.198939e+00,-6.245401e-01,-1.089917e-01,9.652816e-01,5.658410e-01,-7.089702e-01,1.834909e-01
-2.212979e+00,-4.686319e+00,2.053079e+00,1.673162e+00,-1.140686e+00,-8.120078e-01,-4.366879e-01,3.209683e-01,7.353865e-03,-1.114499e+00,4.704439e-02
-2.178364e+00,-4.684174e+00,2.159153e+00,1.676203e+00,-1.336849e+00,-9.553430e-01,-5.502353e-01,4.286121e-01,1.255811e-01,-9.740183e-01,1.421030e-01
-2.166401e+00,-4.674914e+00,2.054684e+00,1.576528e+00,-1.283959e+00,-7.804706e-01,-2.854412e-01,7.928522e-01,3.835246e-01,-9.336627e-01,6.531517e-02
-1.767091e+00,-4.379857e+00,2.293654e+00,1.844063e+00,-1.090214e+00,-5.586617e-01,-9.734288e-02,8.389706e-01,4.075584e-01,-8.281182e-01,1.282519e-01
-2.530496e+00,-4.794316e+00,2.097686e+00,1.809281e+00,-1.254406e+00,-7.421235e-01,-4.957709e-01,5.734243e-01,1.393655e-01,-1.020927e+00,4.823839e-02
-1.877730e+00,-4.503248e+00,2.395963e+00,2.040678e+00,-1.114992e+00,-4.775746e-01,-4.944785e-01,6.778219e-01,4.609076e-02,-1.086633e+00,2.471030e-02
-2.511615e+00,-4.935284e+00,1.975460e+00,1.785186e+00,-1.171897e+00,-4.462397e-01,-1.918747e-01,9.528679e-01,3.611899e-01,-7.812917e-01,2.057478e-01
-1.989649e+00,-4.498502e+00,2.134475e+00,1.741263e+00,-1.146966e+00,-5.808599e-01,-1.448625e-01,7.649200e-01,3.100482e-01,-1.068279e+00,-7.044722e-02
-2.317374e+00,-4.914289e+00,1.817455e+00,1.539155e+00,-1.539503e+00,-6.580227e-01,-2.705036e-01,9.497644e-01,5.777516e-01,-8.625845e-01,1.623998e-01
-2.253854e+00,-4.575519e+00,2.306344e+00,2.125210e+00,-9.395573e-01,-3.157663e-01,-1.678757e-01,9.561062e-01,3.359540e-01,-7.989701e-01,3.613229e-02
-2.278518e+00,-4.726670e+00,2.256801e+00,1.937791e+00,-1.125368e+00,-5.831103e-01,-4.645147e-01,6.509698e-01,9.187448e-02,-1.044164e+00,-7.344268e-02
-2.210915e+00,-4.565073e+00,2.413112e+00,2.030693e+00,-9.806274e-01,-5.288500e-01,-2.034532e-01,8.490062e-01,4.548878e-01,-7.771291e-01,8.266492e-02
-1.896204e+00,-4.353092e+00,2.249807e+00,1.886704e+00,-1.104155e+00,-5.358390e-01,-1.063781e-01,7.797777e-01,3.869779e-01,-1.023415e+00,4.256589e-03
-2.432579e+00,-5.019232e+00,2.104348e+00,1.806392e+00,-7.724285e-01,-2.220093e-01,4.709347e-02,9.270048e-01,2.602060e-01,-9.654432e-01,8.130291e-02
-1.590066e+00,-4.469255e+00,2.338878e+00,1.852609e+00,-9.823339e-01,-2.881742e-01,4.853396e-02,9.660690e-01,4.506726e-01,-9.896511e-01,1.872634e-01
-1.718327e+00,-4.486873e+00,2.349753e+00,1.666843e+00,-1.262939e+00,-7.620726e-01,-1.626865e-01,8.486898e-01,5.995414e-01,-9.971097e-01,-6.829971e-03
-2.092125e+00,-4.591699e+00,2.138783e+00,1.773682e+00,-9.932622e-01,-3.729670e-01,9.490196e-02,9.630497e-01,4.413570e-01,-9.616503e-01,9.634433e-02
-1.987179e+00,-4.428141e+00,2.486741e+00,1.980138e+00,-8.463147e-01,-4.448023e-01,-9.926484e-02,8.164704e-01,2.421709e-01,-1.115866e+00,-7.814079e-02
-2.394432e+00,-4.844513e+00,2.016612e+00,1.576315e+00,-1.363206e+00,-8.986283e-01,-4.906381e-01,5.478030e-01,1.403960e-01,-9.769245e-01,-4.332140e-02
-2.724525e+00,-4.978097e+00,1.787863e+00,1.513460e+00,-1.290973e+00,-6.145595e-01,-1.631186e-01,8.947654e-01,2.745359e-01,-9.968383e-01,-1.836829e-01
-1.818814e+00,-4.398844e+00,2.174055e+00,1.769697e+00,-1.356049e+00,-6.192327e-01,-1.649907e-01,9.595613e-01,5.907576e-01,-8.551542e-01,1.114176e-01
-2.062475e+00,-4.366668e+00,2.285640e+00,2.005187e+00,-1.205522e+00,-5.096347e-01,-4.181082e-01,7.981226e-01,1.376693e-01,-9.765559e-01,-1.819971e-02
-1.772692e+00,-4.430072e+00,2.318095e+00,1.907369e+00,-1.081586e+00,-4.391147e-01,-2.385434e-01,7.449489e-01,1.067987e-01,-1.169885e+00,-1.959704e-01
-1.944905e+00,-4.500971e+00,2.190779e+00,1.775262e+00,-1.236850e+00,-5.450824e-01,-2.148164e-01,8.523962e-01,3.453449e-01,-1.087665e+00,-3.750087e-02
-2.145746e+00,-4.869510e+00,1.858789e+00,1.601524e+00,-1.290246e+00,-4.110306e-01,-1.365108e-01,8.636446e-01,3.136113e-01,-1.093346e+00,1.369173e-01
-2.198664e+00,-4.465170e+00,2.327474e+00,2.004055e+00,-9.506786e-01,-4.430256e-01,-1.799096e-01,7.786923e-01,1.773967e-01,-9.540046e-01,-3.689757e-03
-1.914890e+00,-4.605226e+00,2.326179e+00,1.736610e+00,-1.098460e+00,-5.802606e-01,-2.746673e-02,9.049716e-01,4.422219e-01,-1.048309e+00,-1.494068e-01
-2.020448e+00,-4.365904e+00,2.567017e+00,2.122532e+00,-8.579285e-01,-5.493034e-01,-2.314756e-01,6.532932e-01,2.508477e-01,-1.023541e+00,-5.159831e-03
-2.303523e+00,-4.699664e+00,1.917323e+00,1.717693e+00,-1.261320e+00,-5.594928e-01,-4.035235e-01,5.839291e-01,-1.576352e-01,-1.364083e+00,-3.792573e-01
-1.941999e+00,-4.436982e+00,2.201032e+00,1.730141e+00,-1.106484e+00,-6.385624e-01,-6.681325e-02,8.958756e-01,4.487603e-01,-6.919292e-01,1.908185e-01
-2.012241e+00,-4.659601e+00,2.030266e+00,1.671894e+00,-1.169531e+00,-3.767979e-01,1.632413e-01,1.164393e+00,6.587739e-01,-8.912970e-01,-5.297924e-02
-2.508410e+00,-4.828692e+00,2.072478e+00,1.866806e+00,-1.121131e+00,-5.879480e-01,-4.347634e-01,6.382610e-01,1.383119e-01,-8.929898e-01,1.355230e-01
-2.072378e+00,-4.407362e+00,2.489458e+00,2.192578e+00,-7.234075e-01,-2.157982e-01,8.763522e-02,9.425392e-01,3.190102e-01,-1.148381e+00,-1.684899e-01
-1.613663e+00,-4.293923e+00,2.371070e+00,1.743833e+00,-1.122814e+00,-6.477776e-01,-1.591500e-01,8.550884e-01,3.248356e-01,-9.587890e-01,-1.185502e-01
-1.976742e+00,-4.565292e+00,2.056071e+00,1.568104e+00,-1.369741e+00,-8.363451e-01,-3.741121e-01,6.144164e-01,2.929218e-01,-9.584813e-01,1.739003e-01
-1.895982e+00,-4.493796e+00,2.136701e+00,1.680332e+00,-1.128163e+00,-6.495025e-01,-1.596033e-01,6.547747e-01,1.408811e-01,-1.145298e+00,-9.583373e-02
-2.379613e+00,-4.773117e+00,2.355762e+00,2.111071e+00,-8.353393e-01,-3.610040e-01,-2.961243e-01,6.036486e-01,5.987934e-02,-1.241264e+00,-4.789391e-03
-1.885432e+00,-4.479498e+00,2.304951e+00,1.800539e+00,-1.176424e+00,-6.682344e-01,-2.770892e-01,7.934875e-01,2.556036e-01,-9.461968e-01,-1.294286e-01
-1.904660e+00,-4.733276e+00,2.165819e+00,1.684155e+00,-1.073958e+00,-3.337117e-01,2.056292e-01,1.267531e+00,6.786952e-01,-9.154311e-01,-1.107705e-01
-2.177076e+00,-4.426169e+00,2.317672e+00,1.936977e+00,-8.949312e-01,-5.911374e-01,-1.241117e-01,6.951220e-01,1.203427e-01,-1.056862e+00,-3.290385e-01
-2.056086e+00,-4.390153e+00,2.321612e+00,2.023809e+00,-9.232841e-01,-3.753827e-01,-4.068125e-02,8.948294e-01,2.107981e-01,-1.102468e+00,-3.707767e-01
-2.339974e+00,-4.601299e+00,2.017302e+00,1.609116e+00,-1.315718e+00,-9.013193e-01,-2.002737e-01,7.988513e-01,6.092577e-01,-6.722965e-01,1.595424e-01
-2.238766e+00,-4.647567e+00,2.240988e+00,1.787108e+00,-1.072876e+00,-7.307617e-01,-2.229449e-01,7.317833e-01,4.954210e-01,-7.016823e-01,3.703887e-01
-2.002719e+00,-4.619013e+00,2.016963e+00,1.716130e+00,-1.082351e+00,-3.645077e-01,6.007122e-02,9.512556e-01,2.364758e-01,-1.140926e+00,-2.227471e-01
-2.262249e+00,-4.385000e+00,2.421594e+00,2.157715e+00,-7.105048e-01,-3.390313e-01,5.469772e-03,8.354043e-01,2.460364e-01,-9.542781e-01,-1.238393e-01
-2.115037e+00,-4.437813e+00,2.371303e+00,2.122086e+00,-1.246288e+00,-6.181123e-01,-5.466849e-01,6.236764e-01,3.235797e-01,-1.034958e+00,1.638991e-01
-2.029799e+00,-4.559184e+00,2.331754e+00,1.952650e+00,-1.162072e+00,-5.651505e-01,-4.598846e-01,6.830111e-01,7.944605e-02,-1.088645e+00,-1.786090e-01
-1.641045e+00,-4.156322e+00,2.465603e+00,2.003341e+00,-1.048903e+00,-4.856048e-01,-2.676470e-01,7.893996e-01,1.497614e-01,-1.091458e+00,-1.467837e-01
-1.808938e+00,-4.270481e+00,2.536071e+00,1.897263e+00,-1.054285e+00,-8.213555e-01,-3.870994e-01,5.095909e-01,1.412999e-01,-1.013178e+00,-3.007071e-02
-1.890172e+00,-4.325309e+00,2.526437e+00,1.933244e+00,-1.041511e+00,-7.803312e-01,-4.452295e-01,4.585212e-01,1.665864e-01,-1.135866e+00,3.036583e-02
-2.017219e+00,-4.628708e+00,2.103248e+00,1.674194e+00,-1.293019e+00,-6.363962e-01,-2.751998e-01,8.233985e-01,2.456440e-01,-9.309450e-01,-5.834612e-02
-2.242101e+00,-4.967525e+00,1.892599e+00,1.347035e+00,-1.096805e+00,-5.634842e-01,1.259298e-01,9.604540e-01,4.721045e-01,-9.079227e-01,1.154811e-01
-2.335901e+00,-4.737580e+00,2.191861e+00,1.877808e+00,-9.784733e-01,-4.941849e-01,-1.917872e-01,6.835400e-01,2.325635e-01,-1.029369e+00,-1.703479e-02
-2.314578e+00,-4.721566e+00,2.250215e+00,2.062011e+00,-1.073907e+00,-3.565783e-01,-2.578205e-01,8.176680e-01,3.621555e-01,-1.070064e+00,3.576937e-02
-1.936025e+00,-4.391686e+00,2.058251e+00,1.778531e+00,-1.317264e+00,-5.130074e-01,-2.673395e-01,9.391413e-01,2.639685e-01,-8.664082e-01,4.800935e-02
-2.193682e+00,-4.794226e+00,1.909073e+00,1.777860e+00,-1.175690e+00,-6.847128e-02,8.364775e-02,1.286317e+00,4.491616e-01,-9.480075e-01,-1.034711e-02
-2.032818e+00,-4.355861e+00,2.175848e+00,1.811274e+00,-1.167137e+00,-5.642311e-01,-5.651170e-02,8.845126e-01,3.926365e-01,-1.054344e+00,-1.539208e-01
-2.155648e+00,-4.481527e+00,2.081883e+00,1.784496e+00,-1.125642e+00,-4.343541e-01,3.989373e-02,1.028302e+00,6.038896e-01,-9.124587e-01,1.410626e-01
-2.178456e+00,-4.477514e+00,2.287187e+00,1.900788e+00,-1.100416e+00,-6.231612e-01,-3.000490e-01,7.169101e-01,1.568866e-01,-1.105445e+00,-1.778786e-01
-1.961263e+00,-4.501744e+00,2.078511e+00,1.557725e+00,-1.295386e+00,-6.689651e-01,-1.733108e-01,9.358130e-01,2.928660e-01,-8.795509e-01,-9.361825e-02
-1.993918e+00,-4.312069e+00,2.252505e+00,1.806636e+00,-1.206807e+00,-7.687871e-01,-1.963972e-01,7.329450e-01,4.680505e-01,-8.385757e-01,7.099581e-02
-2.078839e+00,-4.479550e+00,2.423143e+00,2.205568e+00,-7.036822e-01,-2.873988e-01,-1.199193e-01,6.442464e-01,1.628050e-01,-9.771691e-01,1.503808e-01
-1.775932e+00,-4.353038e+00,2.422959e+00,1.958539e+00,-8.994411e-01,-6.012084e-01,-2.776758e-01,4.805302e-01,1.173118e-01,-1.091318e+00,6.644995e-02
-2.010256e+00,-4.523221e+00,2.170647e+00,1.728846e+00,-1.041698e+00,-5.639362e-01,4.956946e-02,8.634117e-01,4.725414e-01,-1.008070e+00,-2.083131e-02
-2.523687e+00,-4.679434e+00,2.132445e+00,2.122887e+00,-7.868070e-01,-1.101891e-01,1.636912e-01,1.013641e+00,4.495590e-01,-9.461348e-01,2.139463e-02
-2.028016e+00,-4.299683e+00,2.457450e+00,2.172481e+00,-7.088119e-01,-3.446147e-01,-1.015372e-02,8.089923e-01,2.850392e-01,-9.652371e-01,-1.528389e-01
-2.004170e+00,-4.214769e+00,2.428410e+00,1.986458e+00,-9.955135e-01,-8.263807e-01,-3.248947e-01,5.475022e-01,2.994711e-01,-8.405697e-01,5.658477e-02
-2.245522e+00,-4.530260e+00,2.006106e+00,1.579983e+00,-1.190650e+00,-8.120803e-01,-8.107750e-02,7.288775e-01,4.271858e-01,-9.039612e-01,-1.785443e-02
-2.058406e+00,-4.494254e+00,2.249027e+00,1.940421e+00,-1.076183e+00,-5.048968e-01,-3.125380e-01,7.541017e-01,2.194736e-01,-1.088233e+00,-1.470041e-01
-1.849553e+00,-4.318740e+00,2.257705e+00,1.971982e+00,-1.049782e+00,-4.869205e-01,-2.502877e-01,6.236859e-01,1.155493e-01,-1.154015e+00,-3.941644e-02
-1.933529e+00,-4.444794e+00,2.061190e+00,1.614513e+00,-1.260101e+00,-6.428035e-01,-1.005051e-01,9.683978e-01,3.920851e-01,-9.331844e-01,-2.498947e-01
-2.029315e+00,-4.567665e+00,1.930704e+00,1.583471e+00,-1.141907e+00,-4.272170e-01,1.732156e-01,1.203385e+00,6.309976e-01,-5.774760e-01,1.381823e-01
-1.779094e+00,-4.593231e+00,1.975317e+00,1.562262e+00,-1.321700e+00,-4.824278e-01,-4.560225e-02,1.081393e+00,5.757057e-01,-7.854681e-01,2.172663e-01
-1.593990e+00,-4.274892e+00,2.346305e+00,1.718962e+00,-1.254482e+00,-8.423029e-01,-3.117789e-01,7.239530e-01,4.100165e-01,-8.075968e-01,1.415210e-01
-1.680846e+00,-4.549490e+00,2.107182e+00,1.571033e+00,-1.235768e+00,-6.336707e-01,-1.891371e-01,8.510140e-01,4.139233e-01,-8.486494e-01,1.602986e-01
-2.095775e+00,-4.594852e+00,2.171811e+00,1.721669e+00,-1.232344e+00,-8.527755e-01,-3.661738e-01,5.550765e-01,3.004968e-01,-9.568315e-01,1.212318e-02
-1.880719e+00,-4.455628e+00,2.048929e+00,1.636337e+00,-1.319698e+00,-5.939551e-01,-1.028992e-01,1.015667e+00,4.354073e-01,-9.815625e-01,-2.283044e-01
-1.632890e+00,-4.083880e+00,2.516334e+00,2.035446e+00,-9.472793e-01,-5.077971e-01,-2.964406e-02,9.055138e-01,4.357886e-01,-9.024712e-01,-6.762197e-02
-2.292704e+00,-4.430329e+00,2.285482e+00,2.020050e+00,-1.072426e+00,-6.563386e-01,-4.466736e-01,5.133000e-01,8.950626e-02,-1.081744e+00,-1.086812e-01
-1.942805e+00,-4.388263e+00,2.299662e+00,1.771677e+00,-1.270709e+00,-8.128964e-01,-4.005405e-01,6.794647e-01,2.937232e-01,-8.656591e-01,1.308959e-01
-1.529223e+00,-4.358118e+00,2.184043e+00,1.780760e+00,-1.376539e+00,-4.816744e-01,-3.944600e-01,8.844107e-01,2.417730e-01,-9.693630e-01,3.476060e-02
-1.985294e+00,-4.438572e+00,2.026237e+00,1.576387e+00,-1.405899e+00,-7.967654e-01,-1.967030e-01,8.217835e-01,5.258317e-01,-8.222266e-01,2.474367e-01
-1.746950e+00,-4.218038e+00,2.236840e+00,1.760476e+00,-1.084486e+00,-4.421408e-01,1.225330e-01,1.175563e+00,5.906095e-01,-6.712025e-01,-8.119818e-04
-1.843408e+00,-4.455951e+00,2.077514e+00,1.727340e+00,-1.375253e+00,-5.141150e-01,-2.643897e-01,9.518327e-01,4.342790e-01,-8.839038e-01,2.015008e-01
-2.107636e+00,-4.551722e+00,2.276763e+00,1.935187e+00,-6.608155e-01,-1.876773e-01,2.753635e-01,9.095889e-01,2.409045e-01,-1.156056e+00,-1.309381e-01
-1.875768e+00,-4.352764e+00,2.520113e+00,1.940991e+00,-9.528954e-01,-5.432950e-01,-1.622426e-01,9.093283e-01,4.274899e-01,-7.950552e-01,1.149865e-01
-1.861511e+00,-4.437764e+00,2.171735e+00,1.599784e+00,-1.450310e+00,-8.745293e-01,-5.067320e-01,6.905396e-01,2.605838e-01,-9.187781e-01,6.997550e-02
-1.734185e+00,-4.364560e+00,2.335072e+00,1.643613e+00,-1.284436e+00,-9.115483e-01,-2.533382e-01,7.442289e-01,5.557679e-01,-7.593589e-01,1.737299e-01
-1.376681e+00,-3.995933e+00,2.395454e+00,1.900039e+00,-1.047293e+00,-4.339942e-01,7.487635e-02,1.020355e+00,4.792320e-01,-9.585558e-01,-9.590626e-02
-1.585434e+00,-4.201359e+00,2.416714e+00,1.745321e+00,-1.280978e+00,-8.441960e-01,-3.876407e-01,7.662631e-01,3.817104e-01,-7.028888e-01,1.405355e-01
-2.129608e+00,-4.571558e+00,2.183362e+00,1.883262e+00,-1.308746e+00,-5.580272e-01,-2.512917e-01,9.548560e-01,5.453288e-01,-7.645749e-01,2.375858e-01
-1.738831e+00,-4.146453e+00,2.188944e+00,1.741107e+00,-1.160974e+00,-5.778456e-01,-9.554897e-02,9.985253e-01,4.245858e-01,-7.326779e-01,-3.219821e-02
-2.169857e+00,-4.528112e+00,2.140219e+00,1.851130e+00,-1.047744e+00,-3.373937e-01,2.283141e-01,1.214226e+00,6.484255e-01,-9.371290e-01,-2.155944e-01
-1.496625e+00,-4.161272e+00,2.304509e+00,1.798352e+00,-1.170066e+00,-4.510424e-01,-1.672828e-01,9.258862e-01,2.099006e-01,-1.038999e+00,-1.431676e-01
-1.733676e+00,-4.375665e+00,2.241330e+00,1.613640e+00,-1.102178e+00,-6.740103e-01,6.614064e-02,1.007364e+00,7.199370e-01,-6.388200e-01,2.345218e-01
-1.920291e+00,-4.499097e+00,2.092312e+00,1.743353e+00,-1.105664e+00,-4.734177e-01,-7.311964e-02,9.048186e-01,3.322079e-01,-8.106388e-01,1.287480e-01
-1.682546e+00,-4.147207e+00,2.322827e+00,1.913252e+00,-1.319959e+00,-7.119811e-01,-3.793344e-01,6.884147e-01,3.189759e-01,-1.170405e+00,-1.466679e-01
-1.774535e+00,-4.352412e+00,1.895646e+00,1.489407e+00,-1.269746e+00,-5.841670e-01,-5.359314e-02,7.608818e-01,1.049680e-01,-1.193158e+00,-2.158656e-01
-1.624383e+00,-4.209772e+00,2.416373e+00,1.946531e+00,-1.122974e+00,-5.737681e-01,-3.132756e-01,7.865235e-01,1.912113e-01,-9.328944e-01,-1.591277e-01
-1.751833e+00,-3.974924e+00,2.359809e+00,2.065566e+00,-9.951999e-01,-4.797980e-01,-6.129226e-02,8.759980e-01,4.988107e-01,-8.929793e-01,7.942557e-02
-1.622107e+00,-4.353443e+00,2.228129e+00,1.626348e+00,-1.438977e+00,-7.732082e-01,-3.872425e-01,8.289445e-01,2.339900e-01,-1.063587e+00,-2.342811e-01
-1.637271e+00,-4.368812e+00,1.977089e+00,1.605647e+00,-1.403393e+00,-5.807427e-01,-2.457995e-01,8.520499e-01,3.610059e-01,-8.923050e-01,1.527280e-01
-1.785571e+00,-4.419397e+00,2.143882e+00,1.792362e+00,-1.098511e+00,-3.165329e-01,9.840568e-02,1.104347e+00,4.390406e-01,-1.023514e+00,-1.466601e-01
-1.809138e+00,-4.106393e+00,2.340223e+00,2.043239e+00,-1.181854e+00,-5.669116e-01,-2.023774e-01,8.673097e-01,4.737284e-01,-9.020998e-01,8.263447e-02
-1.746945e+00,-3.970730e+00,2.463736e+00,2.008311e+00,-1.004480e+00,-6.485933e-01,-1.093393e-01,8.509403e-01,4.797916e-01,-7.787326e-01,-1.802594e-02
-1.650699e+00,-4.206433e+00,2.292125e+00,1.751668e+00,-1.188560e+00,-6.942688e-01,-2.768877e-01,7.394694e-01,1.035775e-01,-9.509538e-01,-1.951201e-01
-2.345997e+00,-4.614495e+00,2.070821e+00,1.857708e+00,-1.199829e+00,-6.682298e-01,-3.707501e-01,6.559378e-01,4.257990e-01,-8.219344e-01,4.466671e-01
-2.456446e+00,-4.800016e+00,1.863538e+00,1.399392e+00,-1.372886e+00,-9.362478e-01,-2.454543e-01,7.019161e-01,4.552554e-01,-9.776132e-01,6.605865e-02
-1.783211e+00,-4.265806e+00,2.347330e+00,2.069547e+00,-1.172094e+00,-4.203376e-01,-3.678201e-01,8.155332e-01,2.122758e-01,-9.588344e-01,5.785292e-02
-1.599512e+00,-4.085365e+00,2.426147e+00,1.851396e+00,-9.660225e-01,-6.256109e-01,-1.236957e-01,8.126435e-01,3.286003e-01,-8.624945e-01,-7.672402e-02
-2.238872e+00,-4.480094e+00,1.927567e+00,1.396712e+00,-1.387823e+00,-1.015911e+00,-2.945075e-01,6.745283e-01,1.952884e-01,-9.726964e-01,-2.324583e-01
-1.932350e+00,-4.317316e+00,2.146634e+00,1.712814e+00,-1.283773e+00,-8.506581e-01,-3.646228e-01,5.854993e-01,3.225220e-01,-9.613114e-01,2.825600e-02
-2.511010e+00,-4.847785e+00,1.976825e+00,1.722519e+00,-1.112961e+00,-5.118532e-01,-1.323049e-01,8.200847e-01,4.507659e-01,-8.250289e-01,3.787421e-01
-2.706460e+00,-4.634802e+00,2.066568e+00,1.746005e+00,-1.278062e+00,-9.511914e-01,-4.670888e-01,6.016588e-01,2.208935e-01,-8.133347e-01,-6.568807e-02
-1.889351e+00,-4.347385e+00,2.168188e+00,1.926552e+00,-9.615672e-01,-4.004150e-01,-3.282634e-01,4.747048e-01,-1.510718e-01,-1.237968e+00,2.048012e-02
-2.274148e+00,-4.493147e+00,2.108622e+00,1.696310e+00,-1.111938e+00,-7.052431e-01,-4.987049e-02,8.465727e-01,4.192578e-01,-8.786664e-01,-8.033221e-02
-1.619135e+00,-4.203528e+00,2.374700e+00,1.804727e+00,-1.158727e+00,-5.929808e-01,-1.146623e-01,9.627172e-01,4.772888e-01,-7.733484e-01,8.495284e-02
-2.002225e+00,-4.646542e+00,2.060269e+00,1.622494e+00,-1.159245e+00,-4.605868e-01,8.190490e-03,1.068650e+00,3.592212e-01,-1.027170e+00,-2.778368e-01
-2.034411e+00,-4.292781e+00,2.462198e+00,2.115391e+00,-9.133167e-01,-3.747664e-01,-3.432565e-01,7.100628e-01,-1.242104e-01,-1.135252e+00,-1.275428e-01
-1.664538e+00,-4.188567e+00,2.336203e+00,1.741112e+00,-1.053770e+00,-6.618408e-01,-1.435183e-01,7.653788e-01,2.954762e-01,-9.688261e-01,-4.652422e-02
-1.518854e+00,-3.876248e+00,2.450768e+00,2.003630e+00,-1.061447e+00,-4.824642e-01,-8.562360e-02,9.657087e-01,4.057071e-01,-9.328194e-01,-1.545827e-01
-2.165218e+00,-4.532344e+00,2.214047e+00,1.659802e+00,-1.278430e+00,-9.673940e-01,-4.086818e-01,5.275456e-01,2.163571e-01,-9.532448e-01,4.033147e-02
-2.254598e+00,-4.598166e+00,2.307193e+00,1.969253e+00,-8.667317e-01,-3.691251e-01,1.025671e-02,1.002019e+00,5.495336e-01,-8.059929e-01,7.533467e-02
-1.855537e+00,-4.163554e+00,2.240252e+00,1.911173e+00,-1.030221e+00,-3.787857e-01,6.842294e-02,9.652515e-01,4.617780e-01,-9.898154e-01,-2.082825e-02
-1.725191e+00,-4.100793e+00,2.312883e+00,1.985896e+00,-8.539094e-01,-3.551049e-01,1.180102e-01,8.063652e-01,2.285733e-01,-1.157090e+00,-2.615702e-01
-1.923761e+00,-4.337327e+00,2.198988e+00,1.783740e+00,-1.164320e+00,-5.493164e-01,-1.382174e-01,8.796157e-01,2.581156e-01,-1.194058e+00,-3.624804e-01
-2.137715e+00,-4.553414e+00,1.870340e+00,1.744095e+00,-9.660643e-01,-2.108422e-01,1.679866e-01,1.026475e+00,4.000903e-01,-7.911161e-01,1.104611e-01
-2.147834e+00,-4.261479e+00,2.565403e+00,2.162584e+00,-6.571360e-01,-4.345548e-01,-1.967578e-02,8.382134e-01,3.966238e-01,-7.636487e-01,3.138931e-02
-1.866401e+00,-4.110905e+00,2.209197e+00,1.944206e+00,-9.425904e-01,-4.015834e-01,9.985703e-02,8.830893e-01,2.936925e-01,-1.084060e+00,-1.736577e-01
-2.231324e+00,-4.461318e+00,2.127188e+00,1.859166e+00,-8.038920e-01,-4.160146e-01,1.394613e-01,8.555385e-01,2.699458e-01,-9.640875e-01,-1.807788e-01
-1.742130e+00,-4.488325e+00,2.080071e+00,1.498827e+00,-1.325651e+00,-7.817724e-01,-1.614745e-01,8.297452e-01,5.597708e-01,-8.193888e-01,2.504942e-01
-2.185644e+00,-4.223834e+00,2.198315e+00,1.972333e+00,-1.161802e+00,-6.832291e-01,-2.758003e-01,7.636102e-01,4.959743e-01,-5.920683e-01,3.582607e-01
-2.367889e+00,-4.850882e+00,1.602008e+00,1.444267e+00,-1.764027e+00,-8.890837e-01,-7.030282e-01,5.340412e-01,8.137347e-02,-9.897353e-01,1.045848e-01
-2.177556e+00,-4.249666e+00,2.205448e+00,1.969089e+00,-1.123750e+00,-5.383106e-01,-2.871794e-01,8.527752e-01,2.557859e-01,-8.722276e-01,-2.580485e-02
-2.615608e+00,-4.970729e+00,1.540679e+00,1.383389e+00,-1.560859e+00,-8.606631e-01,-5.058235e-01,3.748709e-01,1.418595e-02,-1.324778e+00,-4.321536e-02
-1.571534e+00,-4.050667e+00,2.108450e+00,1.686807e+00,-1.156981e+00,-5.088930e-01,1.689575e-01,1.112792e+00,6.611303e-01,-7.409684e-01,2.587811e-02
-1.711472e+00,-4.193494e+00,2.093909e+00,1.495501e+00,-1.368039e+00,-9.496288e-01,-2.705053e-01,6.602922e-01,2.512779e-01,-1.050699e+00,-2.512504e-01
-1.812289e+00,-4.548511e+00,1.825572e+00,1.316326e+00,-1.419049e+00,-6.812418e-01,-5.738845e-02,1.025650e+00,5.894199e-01,-7.234069e-01,2.475328e-01
-1.721414e+00,-4.315539e+00,2.262022e+00,1.715381e+00,-1.030752e+00,-5.503161e-01,-1.016027e-02,9.671028e-01,3.433537e-01,-7.728800e-01,-8.710954e-02
-1.494157e+00,-4.040286e+00,2.236055e+00,1.841617e+00,-9.555363e-01,-3.722475e-01,6.198066e-02,8.541756e-01,1.833571e-01,-1.122380e+00,-2.391804e-01
-2.125883e+00,-4.361659e+00,2.217929e+00,1.813569e+00,-1.167800e+00,-8.511022e-01,-4.426919e-01,6.527037e-01,2.759746e-01,-6.372683e-01,1.635338e-01
-1.642179e+00,-4.186235e+00,2.159563e+00,1.847116e+00,-1.139778e+00,-4.261850e-01,-9.200596e-02,9.564255e-01,3.935677e-01,-8.768222e-01,-5.468471e-02
-2.165860e+00,-4.217082e+00,2.272344e+00,2.179361e+00,-8.603659e-01,-2.928714e-01,-1.589645e-02,9.542122e-01,3.687506e-01,-8.581682e-01,-1.972698e-01
-1.594329e+00,-4.094751e+00,2.064957e+00,1.660009e+00,-1.155869e+00,-5.243322e-01,-7.737637e-03,8.573137e-01,2.833028e-01,-1.078892e+00,-1.801293e-01
-1.789314e+00,-3.975206e+00,2.050663e+00,1.680286e+00,-1.239782e+00,-6.115646e-01,4.429020e-02,9.969398e-01,5.813975e-01,-8.184944e-01,9.754966e-02
-1.877450e+00,-4.240183e+00,2.272957e+00,1.804198e+00,-9.987292e-01,-5.755589e-01,1.389484e-01,9.567573e-01,5.114926e-01,-8.562919e-01,-1.631490e-01
-1.572776e+00,-3.985524e+00,2.332192e+00,1.869967e+00,-1.278096e+00,-6.759672e-01,-3.350022e-01,7.778441e-01,2.986000e-01,-8.483302e-01,5.871491e-02
-1.557333e+00,-4.177128e+00,2.170362e+00,1.773728e+00,-9.799667e-01,-3.477633e-01,1.998205e-02,8.511403e-01,2.855786e-01,-8.633565e-01,2.841514e-01
-1.701167e+00,-4.157957e+00,2.328912e+00,1.822386e+00,-1.141949e+00,-6.353430e-01,-4.037424e-01,7.993275e-01,1.319364e-01,-8.072487e-01,-2.444534e-02
-2.059536e+00,-4.398227e+00,1.882755e+00,1.593912e+00,-1.432219e+00,-6.592144e-01,-2.415134e-01,9.125664e-01,3.773817e-01,-7.129515e-01,1.942947e-01
-1.805905e+00,-4.239974e+00,2.024570e+00,1.611823e+00,-1.495145e+00,-6.870418e-01,-2.101279e-01,9.973545e-01,4.495392e-01,-8.260961e-01,-2.253603e-02
-2.381546e+00,-4.454057e+00,1.993042e+00,1.946810e+00,-7.866015e-01,-2.431813e-02,5.247521e-01,1.427721e+00,7.842400e-01,-6.596449e-01,8.781506e-02
-1.818001e+00,-4.051863e+00,2.148527e+00,1.775066e+00,-1.122987e+00,-6.831498e-01,-1.172730e-01,6.046537e-01,1.464880e-01,-1.138574e+00,-1.198480e-01
-2.093406e+00,-4.121652e+00,2.374786e+00,2.126688e+00,-8.493568e-01,-4.105176e-01,-2.439735e-01,6.598908e-01,-1.544587e-01,-1.099651e+00,-3.418366e-01
-2.246665e+00,-4.337622e+00,2.277427e+00,1.886599e+00,-8.466541e-01,-4.686438e-01,2.943853e-02,9.314856e-01,3.466272e-01,-9.372577e-01,-1.524745e-01
-1.862246e+00,-4.329071e+00,2.031765e+00,1.584281e+00,-1.335190e+00,-7.665714e-01,-3.870228e-01,6.684448e-01,1.534508e-01,-8.451768e-01,1.767926e-01
-2.106988e+00,-4.626577e+00,1.918362e+00,1.326719e+00,-1.482964e+00,-9.576561e-01,-2.790308e-01,8.026655e-01,4.969049e-01,-7.630405e-01,1.540269e-01
-1.599307e+00,-4.343504e+00,2.129366e+00,1.584977e+00,-1.212884e+00,-8.138847e-01,-4.505587e-01,3.598585e-01,8.538008e-03,-1.063236e+00,8.674997e-02
-1.417784e+00,-3.760949e+00,2.515601e+00,1.855483e+00,-1.086887e+00,-8.721991e-01,-2.012313e-01,5.770743e-01,3.255001e-01,-9.620684e-01,3.262074e-02
-1.354704e+00,-4.140350e+00,2.165218e+00,1.580572e+00,-1.275869e+00,-4.686531e-01,2.034430e-02,1.120114e+00,4.468665e-01,-9.872707e-01,-4.791173e-02
-1.568713e+00,-4.057339e+00,2.103729e+00,1.788377e+00,-1.059490e+00,-4.222617e-01,1.244163e-01,9.177246e-01,4.707678e-01,-9.288402e-01,2.053257e-02
-1.120766e+00,-3.962269e+00,2.239482e+00,1.607778e+00,-1.306070e+00,-5.798389e-01,-8.679353e-02,1.063417e+00,4.841716e-01,-7.913607e-01,2.334206e-02
-2.227783e+00,-4.407713e+00,1.980533e+00,1.655721e+00,-1.260658e+00,-7.140295e-01,-2.157455e-01,8.667398e-01,2.571455e-01,-8.586077e-01,-1.631457e-01
-1.940233e+00,-4.204883e+00,2.320159e+00,1.826224e+00,-1.022514e+00,-6.961004e-01,-1.915444e-01,7.650555e-01,1.498777e-01,-8.447978e-01,-2.531561e-01
-1.709869e+00,-3.824852e+00,2.425302e+00,1.985152e+00,-9.136485e-01,-6.967783e-01,-1.925826e-01,5.940812e-01,9.081281e-02,-1.029634e+00,-3.188154e-01
-1.934697e+00,-4.380612e+00,1.992960e+00,1.699275e+00,-1.118725e+00,-4.898759e-01,8.290126e-02,8.283699e-01,5.156970e-01,-1.115826e+00,9.333916e-02
-1.729499e+00,-4.098239e+00,2.067404e+00,1.728420e+00,-1.115330e+00,-6.101538e-01,-7.936856e-02,8.197216e-01,4.384284e-01,-7.816119e-01,1.681138e-01
-1.498877e+00,-3.978981e+00,2.347605e+00,1.991851e+00,-1.176513e+00,-5.661036e-01,-3.005610e-01,7.995027e-01,4.057615e-01,-6.788278e-01,3.203764e-01
-2.011747e+00,-4.327823e+00,1.836669e+00,1.573409e+00,-9.822512e-01,-4.815648e-01,2.411502e-01,8.010296e-01,2.992421e-01,-1.018470e+00,-1.696014e-01
-1.822539e+00,-4.140963e+00,2.194495e+00,1.861221e+00,-1.047673e+00,-3.801757e-01,9.902431e-03,1.038794e+00,2.903794e-01,-1.021981e+00,-3.268048e-01
-1.593202e+00,-3.908792e+00,2.528893e+00,2.134520e+00,-9.580285e-01,-6.446045e-01,-4.413695e-01,4.217425e-01,-6.265660e-02,-1.093020e+00,-3.637908e-02
-1.921928e+00,-4.370253e+00,2.092943e+00,1.504279e+00,-1.440695e+00,-1.081996e+00,-4.719357e-01,4.393470e-01,1.264924e-01,-1.224125e+00,-2.797927e-01
-1.305563e+00,-3.919730e+00,2.580808e+00,2.146516e+00,-8.274841e-01,-2.631497e-01,-1.843558e-02,8.243906e-01,1.432684e-01,-1.157819e+00,-1.106310e-01
-2.065961e+00,-4.250085e+00,1.822232e+00,1.520960e+00,-1.455536e+00,-7.316956e-01,-1.950349e-01,8.364090e-01,2.352385e-01,-9.830140e-01,-1.134872e-02
-1.683288e+00,-3.999037e+00,2.326602e+00,2.057446e+00,-9.625587e-01,-5.095735e-01,-3.398649e-01,5.967419e-01,2.659243e-02,-9.513804e-01,1.671359e-02
-1.782961e+00,-4.144889e+00,2.212776e+00,1.915009e+00,-1.051404e+00,-4.671480e-01,-8.766319e-02,7.173929e-01,2.250439e-01,-1.141762e+00,-9.658500e-02
-1.091930e+00,-3.768107e+00,2.307623e+00,1.753876e+00,-1.361065e+00,-6.422652e-01,-2.322727e-01,9.740138e-01,2.253022e-01,-7.852437e-01,-2.323743e-01
-1.500751e+00,-3.905337e+00,2.458424e+00,1.890089e+00,-9.594203e-01,-7.094582e-01,-2.010122e-01,6.995100e-01,3.522569e-01,-8.106486e-01,4.147573e-02
-2.021458e+00,-3.901710e+00,2.419840e+00,2.225434e+00,-1.020174e+00,-5.824709e-01,-4.078794e-01,5.151107e-01,-4.381630e-02,-1.236954e+00,-2.697219e-01
-2.059010e+00,-4.107540e+00,2.349929e+00,2.251861e+00,-5.958832e-01,-1.923749e-02,2.083905e-01,9.456955e-01,6.655874e-03,-1.285232e+00,-6.585244e-01
-1.859720e+00,-4.029340e+00,2.269120e+00,2.001368e+00,-1.104420e+00,-4.270715e-01,-8.738277e-02,1.012757e+00,5.079337e-01,-7.973346e-01,1.366940e-01
-1.977663e+00,-4.178568e+00,2.008746e+00,1.710675e+00,-1.015383e+00,-5.817913e-01,1.660190e-01,8.318446e-01,5.530836e-01,-7.609368e-01,2.625107e-01
-2.116321e+00,-4.214403e+00,2.249603e+00,1.752625e+00,-1.096050e+00,-7.089316e-01,-2.863817e-01,7.352961e-01,8.976059e-02,-1.053957e+00,-2.118722e-01
-1.777143e+00,-4.145661e+00,1.936432e+00,1.478122e+00,-1.316036e+00,-7.868888e-01,-4.621817e-02,8.420631e-01,5.113514e-01,-7.100768e-01,1.319511e-01
-1.534097e+00,-3.931443e+00,2.135971e+00,1.791318e+00,-1.067520e+00,-5.888246e-01,-7.462469e-02,6.187471e-01,1.673863e-01,-9.917887e-01,-6.059838e-02
-1.323060e+00,-3.921768e+00,2.186157e+00,1.832492e+00,-1.190759e+00,-5.069865e-01,-2.224881e-01,7.584364e-01,2.577299e-01,-9.589595e-01,7.848695e-02
-1.891973e+00,-4.035235e+00,2.319335e+00,1.795032e+00,-1.221942e+00,-8.232040e-01,-9.916663e-02,9.854954e-01,6.981314e-01,-4.753563e-01,2.040554e-01
-1.635813e+00,-4.192981e+00,1.857978e+00,1.432669e+00,-1.286007e+00,-6.309022e-01,-1.912461e-01,7.729976e-01,7.476904e-02,-9.399848e-01,-2.064789e-01
-2.010030e+00,-4.301779e+00,2.099833e+00,1.812950e+00,-9.462398e-01,-4.222481e-01,-1.021420e-01,7.193045e-01,-1.289062e-02,-1.121216e+00,-3.438642e-01
-1.624973e+00,-4.037505e+00,2.185389e+00,1.827122e+00,-9.580166e-01,-2.714928e-01,4.762788e-02,1.070686e+00,2.343125e-01,-8.166476e-01,-1.093742e-01
-1.813773e+00,-4.063243e+00,1.893520e+00,1.759573e+00,-1.073658e+00,-4.537679e-01,1.645534e-03,7.807709e-01,3.385252e-01,-8.726104e-01,4.427663e-03
-1.521055e+00,-3.995885e+00,1.984849e+00,1.834205e+00,-8.467431e-01,-5.749467e-02,4.085782e-01,1.131478e+00,4.603941e-01,-8.782987e-01,-8.818460e-02
-1.458095e+00,-4.149420e+00,2.350454e+00,1.834486e+00,-1.216860e+00,-5.404477e-01,-3.404399e-01,9.155802e-01,3.774665e-01,-7.199404e-01,2.873620e-01
-1.461467e+00,-3.968806e+00,2.126542e+00,1.495285e+00,-1.135528e+00,-7.446126e-01,2.763947e-02,7.741531e-01,2.546190e-01,-1.091142e+00,-3.473036e-01
-1.133261e+00,-3.533181e+00,2.554750e+00,1.918493e+00,-1.052223e+00,-7.403213e-01,-1.142037e-01,7.048554e-01,3.168810e-01,-9.801017e-01,-9.048270e-02
-1.197648e+00,-3.657333e+00,2.330988e+00,1.650401e+00,-1.132678e+00,-7.931241e-01,-2.339887e-02,8.421715e-01,3.923733e-01,-8.125082e-01,-1.890694e-01
-2.018553e+00,-4.491917e+00,1.977252e+00,1.466020e+00,-1.336998e+00,-9.059220e-01,-4.394280e-01,4.455280e-01,-1.274461e-01,-1.282737e+00,-2.651285e-01
-2.165396e+00,-4.401302e+00,1.739513e+00,1.549089e+00,-1.102554e+00,-3.163171e-01,4.985852e-01,1.420162e+00,7.852884e-01,-5.644816e-01,-5.989267e-03
-2.239493e+00,-4.442588e+00,1.881985e+00,1.943813e+00,-1.052587e+00,-1.857459e-01,3.249523e-02,1.133787e+00,5.761894e-01,-6.022349e-01,1.961041e-01
-1.939041e+00,-4.060039e+00,2.155702e+00,1.936814e+00,-8.581532e-01,-2.537142e-01,3.273752e-01,1.211890e+00,6.438749e-01,-6.674805e-01,8.737921e-02
-1.686165e+00,-4.148800e+00,1.958222e+00,1.669460e+00,-1.223724e+00,-5.882448e-01,-5.848410e-02,6.895237e-01,2.635044e-01,-1.107372e+00,3.710101e-02
-1.773147e+00,-4.207243e+00,2.139055e+00,1.591073e+00,-1.227654e+00,-7.330898e-01,-1.801969e-01,8.387954e-01,2.711408e-01,-9.150869e-01,-1.093174e-01
7.567184e-01,-2.886974e+00,9.317255e-01,1.083819e+00,-5.185552e-01,-3.701233e-01,1.813849e-01,3.675577e-01,1.682636e-01,-4.497086e-01,-4.459999e-03
