-1.845421e+00,-2.815645e+00,7.154089e-01,2.969907e-01,-3.093894e-01,-5.212602e-01,-1.004084e-01,7.077024e-02,2.052495e-01,-3.244931e-01,-3.585292e-01
-9.133969e-01,-2.870390e+00,7.017837e-01,8.296956e-01,-4.026217e-01,-5.872413e-01,-1.848449e-01,8.634796e-02,7.046498e-01,-9.402369e-02,-2.833848e-01
3.611314e-01,-2.538058e+00,6.477697e-01,5.357736e-01,-4.221828e-01,-5.128673e-01,-5.877445e-03,7.287642e-02,4.526559e-01,-3.579605e-01,-7.323824e-01
6.512343e-01,-2.831706e+00,4.585983e-01,1.146633e+00,-1.652982e-01,-4.216860e-01,4.936470e-01,1.322232e-01,7.156136e-01,-2.990122e-01,-7.107111e-01
6.010089e-02,-3.042548e+00,1.074385e+00,1.150869e+00,4.613477e-01,-5.684501e-01,-6.995728e-02,-7.764256e-02,7.464946e-01,-1.083492e-01,1.287574e-01
7.110942e-01,-3.221568e+00,9.107622e-01,4.560949e-01,9.828398e-02,-5.731463e-01,-7.573039e-02,3.794365e-01,8.354776e-01,-2.293976e-01,-4.469143e-01
3.865784e-01,-3.306298e+00,1.039790e+00,8.807144e-01,4.967889e-02,-4.590376e-01,-7.221176e-01,3.827969e-01,7.954362e-01,7.479041e-02,-3.831657e-01
7.023640e-01,-2.987231e+00,1.381044e+00,1.216739e+00,-2.126462e-01,-5.487955e-01,-5.821862e-01,4.344534e-01,8.593018e-01,-4.345941e-02,-3.768301e-01
7.233682e-01,-3.003712e+00,1.277101e+00,1.730712e+00,3.635868e-03,-3.822970e-01,-2.545232e-01,3.085955e-01,1.038390e+00,-2.082551e-01,-5.985083e-01
2.123087e-01,-3.252514e+00,9.122481e-01,1.948924e+00,4.997848e-02,-4.727223e-01,-3.883808e-01,-1.715133e-01,4.668417e-01,-7.381157e-01,-7.254278e-01
9.874167e-01,-2.914135e+00,9.280269e-01,1.867146e+00,-3.732142e-01,-7.860501e-01,-4.720423e-01,7.388561e-02,7.660085e-01,-5.906192e-01,-8.609651e-01
1.116405e+00,-2.379748e+00,9.862525e-01,1.932272e+00,-5.638515e-02,-1.182596e+00,-5.090319e-01,2.983336e-01,1.102939e+00,-9.305306e-02,-4.237289e-01
8.500818e-01,-2.023148e+00,1.188777e+00,2.172015e+00,5.001758e-01,-1.422229e+00,-3.933121e-01,4.508660e-01,8.108149e-01,-5.350325e-01,-5.768302e-01
1.007422e+00,-2.625708e+00,4.655657e-01,1.859350e+00,3.910543e-01,-1.172446e+00,-1.990576e-01,2.113872e-01,9.074868e-01,-3.244044e-01,-2.342871e-01
6.972843e-01,-2.618337e+00,8.986660e-01,1.378630e+00,4.632060e-01,-1.372573e+00,-2.731100e-01,2.348200e-01,1.433917e+00,-3.050935e-01,-5.453759e-02
1.041239e-02,-2.813806e+00,8.918500e-01,1.629560e+00,9.995241e-01,-3.570099e-01,-3.875894e-02,2.636216e-01,1.083718e+00,-2.063401e-01,-3.926136e-01
2.094459e-01,-2.630822e+00,9.342686e-01,1.236601e+00,7.515142e-01,-2.819391e-01,-3.310712e-01,1.600584e-01,9.854048e-01,1.367143e-02,-9.527416e-01
2.064537e-01,-2.620126e+00,1.229277e+00,1.525797e+00,5.331948e-01,-6.093670e-01,-5.933452e-01,-1.958270e-01,9.452956e-01,1.289586e-01,-8.522361e-01
3.154800e-01,-2.451688e+00,1.625760e+00,1.227086e+00,6.073514e-01,-5.444565e-01,-5.890959e-01,-3.908909e-01,7.555121e-01,-2.556022e-01,-7.402459e-01
-4.050291e-01,-2.545419e+00,1.753829e+00,1.109138e+00,5.271973e-01,-2.049742e-01,-2.366175e-01,-4.893250e-02,7.282535e-01,-1.536979e-01,-5.651628e-01
-3.184928e-01,-2.370235e+00,2.134143e+00,1.206972e+00,3.115828e-01,-2.924488e-01,-1.478849e-01,3.241149e-01,8.070517e-01,4.075257e-02,-6.015067e-01
-4.347150e-01,-2.730966e+00,2.171874e+00,1.599541e+00,3.627451e-01,3.530691e-02,2.116199e-01,-2.649624e-02,3.524832e-01,-1.349951e-01,-3.814187e-01
-7.539601e-01,-3.332787e+00,1.642599e+00,1.245190e+00,7.052879e-02,2.590854e-01,1.069753e-01,2.327759e-01,6.479989e-01,2.172160e-01,8.061646e-02
6.192927e-02,-2.950112e+00,1.863236e+00,1.071865e+00,8.340807e-03,-4.229384e-02,-2.993594e-01,1.631887e-01,4.078984e-01,3.886285e-02,-1.455209e-01
-6.715396e-01,-3.054883e+00,2.215474e+00,1.248775e+00,-4.075405e-02,-4.933248e-01,-4.761258e-01,1.247865e-01,6.127247e-01,-6.691692e-03,-3.367220e-01
-5.408987e-01,-3.514670e+00,1.913159e+00,1.283601e+00,8.490189e-02,-3.278197e-01,-3.452862e-01,-4.444485e-02,4.534539e-01,-4.364978e-01,-5.308020e-01
1.355458e-01,-3.441566e+00,2.079595e+00,1.368937e+00,8.318618e-02,-5.860064e-01,-1.642561e-01,-7.726096e-02,7.805086e-01,-3.756514e-01,-5.905215e-01
-5.418885e-01,-4.164664e+00,1.804630e+00,1.692798e+00,4.756137e-01,-4.607660e-01,-1.714706e-01,-1.553185e-01,7.778621e-01,-1.379145e-01,-5.965152e-01
-3.845080e-01,-4.233873e+00,1.646742e+00,1.254022e+00,-1.720392e-01,-7.044809e-01,-1.764100e-01,2.293718e-01,1.113627e+00,-4.909695e-02,-5.126840e-01
-4.939357e-01,-4.033969e+00,1.909828e+00,1.754617e+00,1.520215e-01,-6.120493e-01,-2.277490e-01,4.317502e-02,1.491641e+00,1.871549e-01,-1.633986e-01
-8.370277e-01,-4.296234e+00,1.867315e+00,1.793882e+00,3.427265e-01,-3.778217e-01,-1.577118e-02,1.551493e-01,1.261256e+00,-3.515293e-01,-5.608050e-01
-4.446190e-02,-4.166286e+00,1.800458e+00,1.845266e+00,1.710541e-01,-2.209711e-01,-2.148620e-01,-1.429057e-03,1.064120e+00,-4.369400e-01,-3.961214e-01
-3.503165e-01,-4.271104e+00,2.055863e+00,2.228426e+00,4.289854e-01,-4.245103e-01,-3.887869e-01,1.474742e-01,1.066392e+00,5.026642e-02,-4.011348e-01
-1.669009e-01,-4.376931e+00,1.893201e+00,1.987626e+00,1.551150e-01,-5.893699e-01,-5.069641e-01,7.644289e-02,5.374531e-01,-2.707016e-01,-7.993690e-01
-9.639792e-02,-4.332919e+00,2.027956e+00,2.330955e+00,3.087784e-01,-5.645382e-01,-3.686104e-01,2.638668e-01,8.871886e-01,1.737907e-01,-5.885002e-01
-2.679272e-01,-4.516764e+00,2.034177e+00,2.497523e+00,4.104213e-01,-6.189124e-01,-5.841302e-01,5.220768e-02,7.613950e-01,5.129893e-02,-7.082254e-01
-2.492690e-01,-4.455698e+00,2.103995e+00,2.772085e+00,3.738949e-01,-5.473040e-01,-5.952337e-01,1.619638e-02,9.212433e-01,-2.562655e-01,-4.256101e-01
-9.589457e-01,-4.778765e+00,1.917261e+00,2.907000e+00,4.824304e-01,-4.911812e-01,-4.845545e-01,2.405193e-01,1.259527e+00,-2.535874e-02,-3.541230e-01
-3.124531e-01,-4.480263e+00,1.822038e+00,2.790474e+00,4.006946e-01,-5.316403e-01,-4.690290e-01,2.855158e-01,1.129682e+00,-2.412490e-01,-4.560410e-01
-9.204812e-01,-5.182776e+00,1.451733e+00,2.706998e+00,4.483537e-01,-6.327822e-01,-1.806568e-01,3.323117e-01,1.201105e+00,9.851703e-03,-4.537114e-01
-1.146267e+00,-5.161052e+00,1.641158e+00,3.035011e+00,7.393817e-01,-4.947321e-01,-2.975999e-01,2.880154e-01,1.063079e+00,-1.610683e-01,-4.455770e-01
-1.555189e+00,-5.319683e+00,1.256789e+00,2.781346e+00,4.573990e-01,-6.203840e-01,-4.455896e-01,5.539094e-01,1.275782e+00,-2.987267e-01,-3.207324e-01
-1.346539e+00,-5.303639e+00,1.306328e+00,2.772637e+00,6.155462e-01,-6.709600e-01,-7.262256e-01,4.365235e-01,1.103561e+00,-4.263614e-01,-2.791379e-01
-1.480382e+00,-5.549764e+00,1.260161e+00,2.784263e+00,6.676693e-01,-6.156706e-01,-6.370864e-01,7.659637e-01,1.007236e+00,-2.923906e-01,-3.981989e-01
-1.846381e+00,-5.838725e+00,9.676216e-01,2.826896e+00,7.584324e-01,-7.305285e-01,-4.797395e-01,7.237475e-01,1.006830e+00,-1.636162e-01,-4.213008e-01
-1.995646e+00,-6.115651e+00,6.409245e-01,2.499425e+00,4.643268e-01,-9.799729e-01,-5.194413e-01,6.028381e-01,7.959945e-01,-1.752675e-01,-6.188997e-01
-2.190126e+00,-6.316179e+00,5.234083e-01,2.651102e+00,4.724616e-01,-9.137822e-01,-4.709328e-01,5.781968e-01,8.416758e-01,-1.272430e-01,-6.535675e-01
-2.290526e+00,-6.450023e+00,2.426467e-01,2.363547e+00,1.102251e-01,-1.302585e+00,-8.273308e-01,3.223508e-01,7.968582e-01,-2.088105e-01,-5.309284e-01
-2.226769e+00,-6.299548e+00,2.990191e-01,2.433805e+00,2.908730e-01,-1.142393e+00,-7.258398e-01,4.035924e-01,7.458730e-01,-2.072935e-01,-5.832081e-01
-1.910353e+00,-6.028693e+00,6.198355e-01,2.700577e+00,5.482844e-01,-1.011131e+00,-6.237571e-01,4.872864e-01,7.994436e-01,-2.489677e-01,-6.832847e-01
-2.111604e+00,-6.240387e+00,4.213495e-01,2.526865e+00,2.438497e-01,-1.182271e+00,-7.283585e-01,3.427324e-01,7.024092e-01,-2.499659e-01,-6.466431e-01
-2.280776e+00,-6.432314e+00,3.097789e-01,2.375900e+00,2.111873e-01,-1.169905e+00,-6.486044e-01,4.205252e-01,7.393846e-01,-1.811802e-01,-6.398070e-01
-2.537745e+00,-6.502582e+00,3.250700e-01,2.534796e+00,4.348680e-01,-9.345210e-01,-4.423947e-01,7.096891e-01,1.017957e+00,4.522415e-02,-3.930710e-01
-2.066486e+00,-6.171669e+00,5.034716e-01,2.598280e+00,4.508910e-01,-9.753602e-01,-5.418830e-01,5.770592e-01,8.537482e-01,-1.164185e-01,-5.788180e-01
-2.024742e+00,-6.142638e+00,4.427961e-01,2.549506e+00,3.768892e-01,-1.040157e+00,-5.844449e-01,5.914492e-01,9.090370e-01,-7.771008e-02,-5.591491e-01
-1.858043e+00,-6.029281e+00,5.663910e-01,2.625787e+00,3.760737e-01,-1.090684e+00,-6.465726e-01,4.542707e-01,7.926164e-01,-2.547124e-01,-7.066822e-01
-2.158662e+00,-6.320721e+00,3.807725e-01,2.532203e+00,2.516280e-01,-1.090914e+00,-6.634911e-01,3.899108e-01,7.127274e-01,-2.324249e-01,-7.217625e-01
-2.251852e+00,-6.325785e+00,3.928765e-01,2.532335e+00,4.098402e-01,-9.498230e-01,-3.510632e-01,7.220104e-01,1.064950e+00,3.734587e-02,-5.409825e-01
-2.388748e+00,-6.433617e+00,2.765373e-01,2.423573e+00,2.146066e-01,-1.133639e+00,-6.854888e-01,5.003631e-01,8.202778e-01,-1.125300e-01,-5.396769e-01
-2.087954e+00,-6.191403e+00,4.565479e-01,2.563223e+00,4.359470e-01,-9.799986e-01,-4.719194e-01,5.274536e-01,8.125057e-01,-2.142358e-01,-7.109915e-01
-2.352104e+00,-6.369482e+00,3.386359e-01,2.541426e+00,3.778052e-01,-1.033832e+00,-6.714676e-01,5.590763e-01,8.370665e-01,-1.449990e-01,-5.663349e-01
-2.268834e+00,-6.294963e+00,2.765174e-01,2.401378e+00,1.830192e-01,-1.234637e+00,-8.346410e-01,4.276785e-01,7.392552e-01,-1.808615e-01,-5.892766e-01
-2.020084e+00,-6.126349e+00,4.851124e-01,2.666982e+00,3.660331e-01,-9.361566e-01,-5.925354e-01,5.798337e-01,7.657510e-01,-1.169990e-01,-6.660640e-01
-2.234442e+00,-6.364196e+00,3.890193e-01,2.456680e+00,2.122417e-01,-1.240435e+00,-8.415790e-01,2.591008e-01,5.570914e-01,-4.048986e-01,-7.912359e-01
-2.211438e+00,-6.357824e+00,3.519481e-01,2.433537e+00,2.249661e-01,-1.154997e+00,-6.895079e-01,3.842322e-01,6.966834e-01,-2.451444e-01,-6.498626e-01
-2.098239e+00,-6.131058e+00,5.388330e-01,2.649425e+00,3.937467e-01,-1.027657e+00,-6.507533e-01,4.588316e-01,7.313806e-01,-1.638540e-01,-5.858573e-01
-2.496359e+00,-6.427727e+00,2.845039e-01,2.514947e+00,3.731117e-01,-1.071414e+00,-7.471362e-01,4.547938e-01,7.615067e-01,-2.399281e-01,-5.752275e-01
-2.237795e+00,-6.327396e+00,2.123543e-01,2.403606e+00,1.476527e-01,-1.237036e+00,-8.160326e-01,2.805861e-01,6.500518e-01,-3.087804e-01,-7.302593e-01
-2.185270e+00,-6.199282e+00,4.745610e-01,2.620244e+00,4.242674e-01,-1.051645e+00,-6.194359e-01,4.347434e-01,7.757958e-01,-2.407353e-01,-6.539387e-01
-1.873629e+00,-6.072601e+00,5.685924e-01,2.574791e+00,2.368837e-01,-1.166558e+00,-7.668307e-01,3.852154e-01,7.057773e-01,-1.876249e-01,-5.912885e-01
-2.220853e+00,-6.359877e+00,4.001488e-01,2.611041e+00,3.515505e-01,-9.027465e-01,-5.311013e-01,5.408798e-01,7.350585e-01,-2.125153e-01,-7.236791e-01
-2.272847e+00,-6.295441e+00,5.104547e-01,2.649526e+00,5.143830e-01,-9.427635e-01,-5.139149e-01,6.081703e-01,8.902725e-01,-1.149703e-01,-5.599752e-01
-2.129558e+00,-6.253151e+00,4.078925e-01,2.532374e+00,4.062789e-01,-1.115362e+00,-6.457647e-01,4.613000e-01,8.806748e-01,-1.121867e-01,-4.326509e-01
-1.971633e+00,-6.060876e+00,4.975244e-01,2.589385e+00,4.298686e-01,-1.060779e+00,-6.481570e-01,4.681186e-01,7.834838e-01,-1.969967e-01,-5.830399e-01
-2.455969e+00,-6.504765e+00,2.770631e-01,2.466387e+00,2.307406e-01,-1.120974e+00,-7.200586e-01,4.588071e-01,7.440914e-01,-1.950591e-01,-6.274477e-01
-2.405097e+00,-6.479392e+00,2.609115e-01,2.510680e+00,1.802406e-01,-1.119765e+00,-6.315408e-01,3.876482e-01,7.330805e-01,-1.152810e-01,-6.482826e-01
-2.176995e+00,-6.211437e+00,5.430329e-01,2.799367e+00,5.075662e-01,-8.607243e-01,-4.124448e-01,5.173840e-01,7.762227e-01,-1.838993e-01,-7.793717e-01
-2.506146e+00,-6.571134e+00,2.382792e-01,2.401595e+00,2.230864e-01,-1.237349e+00,-7.551428e-01,3.078634e-01,6.804024e-01,-2.818027e-01,-7.107440e-01
-1.970006e+00,-6.154971e+00,4.370609e-01,2.574630e+00,3.849997e-01,-1.091091e+00,-5.476408e-01,4.037521e-01,8.174357e-01,-2.161027e-01,-7.265834e-01
-2.390319e+00,-6.413526e+00,2.142666e-01,2.369470e+00,2.331467e-01,-1.259978e+00,-7.057197e-01,4.196329e-01,8.310384e-01,-2.001551e-01,-6.690795e-01
-2.417992e+00,-6.417374e+00,4.566132e-01,2.693005e+00,5.694859e-01,-8.745795e-01,-3.532601e-01,5.707152e-01,8.161659e-01,-1.797391e-01,-7.885902e-01
-2.441604e+00,-6.450110e+00,3.004737e-01,2.652505e+00,3.135935e-01,-8.812823e-01,-5.030309e-01,5.607036e-01,7.991225e-01,-1.140839e-01,-6.291939e-01
-2.155956e+00,-6.237014e+00,5.586118e-01,2.639430e+00,3.890566e-01,-1.150038e+00,-6.486351e-01,3.374696e-01,6.768930e-01,-2.612179e-01,-7.603727e-01
-1.797209e+00,-5.973513e+00,6.598308e-01,2.717476e+00,4.319960e-01,-1.061803e+00,-6.065513e-01,4.198778e-01,7.420077e-01,-1.825460e-01,-6.464076e-01
-1.815778e+00,-5.949491e+00,6.397344e-01,2.687070e+00,4.693889e-01,-1.091957e+00,-6.341292e-01,3.596680e-01,7.327992e-01,-2.566638e-01,-6.326552e-01
-1.761367e+00,-5.895985e+00,6.398698e-01,2.653115e+00,2.985197e-01,-1.205291e+00,-7.856998e-01,3.993656e-01,7.433730e-01,-2.301878e-01,-7.154608e-01
-1.852690e+00,-6.006167e+00,7.375770e-01,2.766755e+00,5.008161e-01,-1.040126e+00,-5.870375e-01,3.292550e-01,6.208310e-01,-2.342362e-01,-7.719899e-01
-2.197264e+00,-6.310088e+00,4.460605e-01,2.545766e+00,3.069338e-01,-1.096229e+00,-5.632725e-01,4.463331e-01,8.021863e-01,-1.408562e-01,-6.276858e-01
-2.339123e+00,-6.417601e+00,3.362325e-01,2.490967e+00,2.175751e-01,-1.233832e+00,-7.381365e-01,2.564414e-01,6.090174e-01,-3.103845e-01,-8.253877e-01
-1.763276e+00,-6.036692e+00,6.223692e-01,2.735124e+00,4.257709e-01,-9.678475e-01,-4.949151e-01,4.817451e-01,8.260633e-01,-1.410016e-01,-6.943777e-01
-2.418249e+00,-6.413969e+00,3.285482e-01,2.481794e+00,3.424261e-01,-1.202349e+00,-6.787057e-01,3.958024e-01,8.178108e-01,-1.629361e-01,-5.926969e-01
-2.002280e+00,-6.002112e+00,6.283415e-01,2.749760e+00,5.277536e-01,-1.030584e+00,-5.898119e-01,4.356987e-01,7.380142e-01,-1.939968e-01,-7.090523e-01
-2.074474e+00,-6.257189e+00,4.668905e-01,2.573652e+00,4.010017e-01,-9.833039e-01,-4.770611e-01,6.083422e-01,9.480227e-01,3.211364e-02,-4.195492e-01
-2.461358e+00,-6.508555e+00,2.204642e-01,2.403062e+00,1.863097e-01,-1.223345e+00,-7.324954e-01,3.289853e-01,6.866029e-01,-2.792763e-01,-6.754270e-01
-2.119276e+00,-6.227202e+00,3.472457e-01,2.513518e+00,1.561791e-01,-1.222416e+00,-7.891385e-01,2.521422e-01,6.151820e-01,-3.063795e-01,-7.093043e-01
-2.208737e+00,-6.322821e+00,2.316375e-01,2.281356e+00,1.062066e-01,-1.296241e+00,-7.195280e-01,4.279025e-01,8.170384e-01,-1.379496e-01,-6.032630e-01
-2.445391e+00,-6.308655e+00,3.725705e-01,2.691887e+00,5.210537e-01,-8.982599e-01,-5.568008e-01,6.265366e-01,9.378945e-01,-9.591249e-02,-4.671280e-01
-1.623806e+00,-5.847229e+00,7.247048e-01,2.718900e+00,4.556433e-01,-9.960124e-01,-7.044937e-01,4.606838e-01,6.895703e-01,-2.760666e-01,-7.030835e-01
-2.003253e+00,-6.112596e+00,4.844569e-01,2.475544e+00,2.823118e-01,-1.217117e+00,-7.364916e-01,4.033548e-01,7.735907e-01,-1.193199e-01,-5.521783e-01
-2.352075e+00,-6.386330e+00,3.412024e-01,2.568231e+00,3.583620e-01,-9.909038e-01,-4.383999e-01,6.278203e-01,1.047166e+00,9.318106e-02,-3.428135e-01
-2.323452e+00,-6.521334e+00,1.922291e-01,2.294965e+00,5.466765e-02,-1.229652e+00,-7.783507e-01,3.714274e-01,7.251303e-01,-1.705077e-01,-5.391180e-01
-2.002196e+00,-6.040173e+00,6.478844e-01,2.700370e+00,4.828077e-01,-1.100061e+00,-6.547568e-01,3.420943e-01,7.002963e-01,-2.986173e-01,-6.715497e-01
-2.284024e+00,-6.244533e+00,3.566755e-01,2.490341e+00,4.499839e-01,-1.077317e+00,-6.659924e-01,4.757086e-01,7.615436e-01,-3.576672e-01,-7.230241e-01
-2.114308e+00,-6.224983e+00,4.371008e-01,2.459094e+00,4.366949e-01,-1.087843e+00,-6.140872e-01,5.116965e-01,7.718962e-01,-2.152593e-01,-7.048726e-01
-2.434106e+00,-6.431259e+00,3.713783e-01,2.584320e+00,4.276983e-01,-9.738863e-01,-5.393742e-01,5.878384e-01,8.822268e-01,-1.113402e-01,-6.027821e-01
-2.205398e+00,-6.381465e+00,3.899430e-01,2.476082e+00,2.403705e-01,-1.116052e+00,-6.982666e-01,3.890888e-01,6.396154e-01,-2.452382e-01,-7.021093e-01
-2.397839e+00,-6.417701e+00,4.502465e-01,2.608026e+00,5.326985e-01,-9.372691e-01,-3.889330e-01,5.378482e-01,8.824371e-01,-1.644175e-01,-6.550954e-01
-2.284329e+00,-6.277704e+00,4.313453e-01,2.528460e+00,3.915594e-01,-1.171515e+00,-6.655586e-01,3.442747e-01,7.319496e-01,-3.315837e-01,-7.220403e-01
-1.838328e+00,-5.976835e+00,4.755513e-01,2.596496e+00,2.897015e-01,-1.179479e+00,-6.847659e-01,3.076967e-01,6.904877e-01,-2.751365e-01,-7.844061e-01
-2.193611e+00,-6.207360e+00,4.296909e-01,2.662518e+00,4.539020e-01,-1.051802e+00,-5.524383e-01,3.942765e-01,7.486023e-01,-3.005234e-01,-8.794015e-01
-2.313929e+00,-6.312809e+00,4.103746e-01,2.644419e+00,3.236609e-01,-1.142780e+00,-6.336648e-01,2.877153e-01,6.669047e-01,-2.673369e-01,-8.096339e-01
-2.765522e+00,-6.954951e+00,-1.531650e-01,1.933666e+00,-2.241335e-01,-1.613515e+00,-9.160009e-01,1.278662e-01,6.382953e-01,-1.210673e-01,-5.497015e-01
-2.126709e+00,-6.114914e+00,5.115319e-01,2.680404e+00,3.735345e-01,-1.039737e+00,-4.975758e-01,5.534073e-01,9.200856e-01,-3.522793e-02,-5.733381e-01
-2.040200e+00,-6.134420e+00,4.790298e-01,2.547363e+00,3.507386e-01,-1.207888e+00,-6.343003e-01,3.703278e-01,7.990222e-01,-1.271184e-01,-5.725232e-01
-2.112199e+00,-6.224879e+00,4.282735e-01,2.499139e+00,4.065848e-01,-1.117293e+00,-5.995196e-01,4.857065e-01,8.726121e-01,-1.416464e-01,-5.426850e-01
-2.102291e+00,-6.068944e+00,5.728910e-01,2.722263e+00,4.981479e-01,-9.994293e-01,-5.751488e-01,5.838787e-01,8.843603e-01,-1.751764e-01,-6.369553e-01
-2.090051e+00,-6.200846e+00,5.027622e-01,2.668557e+00,3.684095e-01,-1.036244e+00,-5.374655e-01,4.266127e-01,7.477560e-01,-1.537569e-01,-7.136821e-01
-2.066551e+00,-6.089940e+00,5.935666e-01,2.845385e+00,4.929857e-01,-8.839982e-01,-4.103694e-01,5.179464e-01,8.178352e-01,-1.205419e-01,-7.223284e-01
-2.292505e+00,-6.294728e+00,4.408090e-01,2.557493e+00,3.448253e-01,-1.161376e+00,-6.243152e-01,3.866278e-01,7.266923e-01,-2.001865e-01,-8.121352e-01
-1.975467e+00,-6.152216e+00,4.908210e-01,2.652008e+00,4.032276e-01,-1.035682e+00,-4.780090e-01,4.413181e-01,8.086858e-01,-1.556347e-01,-7.675181e-01
-2.161163e+00,-6.122519e+00,4.465052e-01,2.713106e+00,4.617654e-01,-9.989449e-01,-5.553603e-01,5.275601e-01,9.005381e-01,-1.471700e-01,-6.424436e-01
-2.207309e+00,-6.247036e+00,5.732817e-01,2.662649e+00,5.053369e-01,-1.024710e+00,-5.897114e-01,4.608026e-01,7.655584e-01,-2.162169e-01,-6.474280e-01
-1.880277e+00,-6.012989e+00,6.308252e-01,2.689649e+00,4.457717e-01,-1.045439e+00,-5.065271e-01,4.257622e-01,7.777392e-01,-1.820884e-01,-6.759566e-01
-2.145147e+00,-6.085870e+00,5.459436e-01,2.707412e+00,3.898754e-01,-1.098834e+00,-5.902623e-01,4.128306e-01,7.671179e-01,-1.288673e-01,-6.074087e-01
-2.093024e+00,-6.148406e+00,5.358781e-01,2.612539e+00,3.641636e-01,-1.052020e+00,-6.597296e-01,4.679495e-01,7.189372e-01,-1.907969e-01,-5.757107e-01
-2.092023e+00,-6.044442e+00,5.728567e-01,2.687540e+00,5.300356e-01,-1.006935e+00,-5.465504e-01,4.480797e-01,7.359132e-01,-2.662109e-01,-7.339458e-01
-2.493314e+00,-6.529184e+00,2.360923e-01,2.347354e+00,3.014600e-01,-1.214217e+00,-7.838251e-01,4.373913e-01,7.896135e-01,-2.495116e-01,-5.947960e-01
-2.157089e+00,-6.287334e+00,3.484195e-01,2.411527e+00,2.905001e-01,-1.108051e+00,-5.756007e-01,5.741487e-01,9.371254e-01,-1.076295e-02,-4.911744e-01
-1.667888e+00,-5.847489e+00,7.401692e-01,2.773263e+00,4.482368e-01,-1.014138e+00,-6.270647e-01,4.208484e-01,7.375926e-01,-2.108601e-01,-6.317126e-01
-2.329396e+00,-6.301197e+00,4.125525e-01,2.674156e+00,4.269360e-01,-9.401289e-01,-4.869043e-01,5.603694e-01,8.671326e-01,-6.584890e-02,-6.005967e-01
-1.984670e+00,-6.203114e+00,4.920333e-01,2.437044e+00,2.045152e-01,-1.231959e+00,-8.113760e-01,3.018642e-01,6.236062e-01,-2.241554e-01,-6.193420e-01
-1.948118e+00,-6.036873e+00,5.627363e-01,2.634044e+00,3.141473e-01,-1.164592e+00,-7.807319e-01,3.594191e-01,6.994535e-01,-2.332063e-01,-6.581783e-01
-2.172164e+00,-6.126232e+00,4.190698e-01,2.590674e+00,4.342323e-01,-1.032472e+00,-7.091257e-01,4.856390e-01,7.212071e-01,-3.620769e-01,-7.737495e-01
-1.910821e+00,-6.069777e+00,4.898312e-01,2.594978e+00,3.662208e-01,-1.022911e+00,-5.989232e-01,4.924934e-01,7.803826e-01,-2.040381e-01,-6.328683e-01
-2.121277e+00,-6.161733e+00,4.767741e-01,2.681396e+00,3.462995e-01,-1.084473e+00,-7.133189e-01,3.343354e-01,6.578092e-01,-3.121746e-01,-6.850141e-01
-2.401772e+00,-6.563770e+00,1.725538e-01,2.227731e+00,-1.624719e-02,-1.415185e+00,-9.615927e-01,1.816067e-01,5.111476e-01,-3.141006e-01,-7.341443e-01
-2.041145e+00,-6.142168e+00,5.090374e-01,2.647464e+00,3.298144e-01,-9.559312e-01,-5.944325e-01,5.923171e-01,8.515461e-01,-9.885100e-02,-5.285373e-01
-2.211081e+00,-6.218780e+00,4.092783e-01,2.518538e+00,2.476309e-01,-1.150253e+00,-8.347097e-01,4.421456e-01,7.012715e-01,-2.080029e-01,-6.107580e-01
-1.995901e+00,-6.093488e+00,4.926207e-01,2.632122e+00,5.143225e-01,-8.803767e-01,-5.221826e-01,6.662258e-01,9.199644e-01,-1.743257e-01,-6.028254e-01
-2.007902e+00,-5.976270e+00,5.915187e-01,2.690760e+00,5.386641e-01,-1.014852e+00,-5.734905e-01,5.071130e-01,8.515677e-01,-1.873464e-01,-6.446394e-01
-2.336588e+00,-6.299606e+00,4.120170e-01,2.591436e+00,3.080448e-01,-1.144239e+00,-8.396126e-01,2.171041e-01,4.101707e-01,-5.859328e-01,-1.073434e+00
-2.355972e+00,-6.483410e+00,2.341022e-01,2.367241e+00,1.838494e-01,-1.192311e+00,-5.664618e-01,3.742148e-01,7.811454e-01,-1.462917e-01,-6.543782e-01
-2.187326e+00,-6.251209e+00,4.981044e-01,2.654795e+00,3.469523e-01,-1.030786e+00,-5.911569e-01,5.176064e-01,8.127382e-01,-1.178094e-01,-6.284695e-01
-1.920533e+00,-6.057091e+00,4.924305e-01,2.609467e+00,3.306291e-01,-1.059919e+00,-6.082027e-01,5.381252e-01,8.562964e-01,-1.782060e-01,-6.484741e-01
-2.097367e+00,-6.150881e+00,2.906874e-01,2.376697e+00,1.514900e-01,-1.335172e+00,-8.697104e-01,2.796588e-01,6.042363e-01,-3.172010e-01,-8.144040e-01
-2.402331e+00,-6.348315e+00,3.655955e-01,2.527753e+00,3.618253e-01,-1.174839e+00,-6.776115e-01,3.805762e-01,7.350426e-01,-2.670024e-01,-7.155026e-01
-2.055321e+00,-6.219097e+00,5.186146e-01,2.543854e+00,3.151017e-01,-1.211908e+00,-6.182756e-01,3.417111e-01,7.603800e-01,-8.961463e-02,-5.822955e-01
-1.941890e+00,-6.071733e+00,6.258620e-01,2.734643e+00,3.953303e-01,-1.030632e+00,-5.175833e-01,4.904373e-01,8.782546e-01,4.640064e-03,-5.279498e-01
-2.429236e+00,-6.480374e+00,1.549548e-01,2.328080e+00,6.913787e-02,-1.300179e+00,-6.936670e-01,3.993944e-01,8.032879e-01,-1.246048e-01,-6.877495e-01
-1.951959e+00,-6.039774e+00,4.664387e-01,2.559943e+00,3.195735e-01,-1.134961e+00,-5.958316e-01,4.384789e-01,8.316541e-01,-1.284541e-01,-6.401026e-01
-2.360387e+00,-6.286021e+00,3.857785e-01,2.624031e+00,5.227563e-01,-9.954976e-01,-5.195664e-01,5.536123e-01,9.017923e-01,-1.623449e-01,-7.066580e-01
-2.089527e+00,-6.142486e+00,3.905762e-01,2.485192e+00,1.142413e-01,-1.317535e+00,-8.432940e-01,3.328144e-01,7.403305e-01,-1.322215e-01,-6.029471e-01
-2.214245e+00,-6.305603e+00,3.993264e-01,2.488258e+00,2.976615e-01,-1.187149e+00,-6.177470e-01,2.777165e-01,6.807022e-01,-2.601388e-01,-7.069763e-01
-1.928852e+00,-6.031634e+00,6.527075e-01,2.694515e+00,3.636548e-01,-1.074413e+00,-6.752181e-01,4.522242e-01,7.004837e-01,-1.703659e-01,-6.406466e-01
-2.013101e+00,-6.194043e+00,4.534211e-01,2.503733e+00,1.874167e-01,-1.281371e+00,-8.178943e-01,2.371514e-01,5.488167e-01,-2.930578e-01,-8.012504e-01
-2.003848e+00,-6.040784e+00,4.863600e-01,2.668717e+00,3.559795e-01,-9.835409e-01,-5.262631e-01,6.156275e-01,9.356706e-01,-1.797513e-02,-5.385080e-01
-2.192925e+00,-6.167636e+00,4.573571e-01,2.582091e+00,3.623541e-01,-1.123926e+00,-7.510794e-01,5.404452e-01,8.773100e-01,-8.405571e-02,-4.883305e-01
-2.167816e+00,-6.340628e+00,3.681046e-01,2.523184e+00,3.497233e-01,-1.005360e+00,-4.688398e-01,5.650289e-01,9.537634e-01,-5.446713e-02,-4.592653e-01
-1.902270e+00,-5.956398e+00,5.881335e-01,2.605919e+00,2.982353e-01,-1.148067e+00,-8.018132e-01,3.785209e-01,6.305023e-01,-2.289840e-01,-6.444921e-01
-1.938258e+00,-5.884894e+00,7.639713e-01,2.873801e+00,6.731744e-01,-8.841196e-01,-4.130125e-01,5.427556e-01,8.111571e-01,-2.062108e-01,-7.909508e-01
-1.963754e+00,-6.150465e+00,5.792128e-01,2.653457e+00,4.699111e-01,-8.897264e-01,-4.161484e-01,7.000814e-01,1.006967e+00,9.115307e-02,-4.246112e-01
-2.300846e+00,-6.230469e+00,4.486489e-01,2.620568e+00,5.045745e-01,-9.250564e-01,-4.838713e-01,6.807746e-01,9.915060e-01,-4.177618e-03,-4.191316e-01
-2.072948e+00,-6.082435e+00,6.050850e-01,2.657342e+00,5.865197e-01,-9.453596e-01,-5.292047e-01,6.073918e-01,9.026930e-01,-1.325153e-01,-4.916831e-01
-2.126402e+00,-6.236080e+00,4.201788e-01,2.518280e+00,4.010525e-01,-9.370328e-01,-5.139965e-01,7.055635e-01,1.008347e+00,6.659752e-02,-2.891953e-01
-1.852128e+00,-5.876546e+00,6.833481e-01,2.659687e+00,4.370997e-01,-1.198657e+00,-6.910231e-01,3.234855e-01,6.704096e-01,-2.919872e-01,-7.385116e-01
-1.929148e+00,-5.950857e+00,7.054279e-01,2.783283e+00,5.243112e-01,-9.811978e-01,-5.393662e-01,4.634027e-01,7.508692e-01,-1.859162e-01,-6.909021e-01
-1.849163e+00,-5.951190e+00,5.593132e-01,2.609267e+00,3.117434e-01,-1.112509e+00,-5.857151e-01,5.076412e-01,9.226257e-01,1.350567e-02,-4.056286e-01
-2.267380e+00,-6.175581e+00,3.511943e-01,2.517776e+00,3.486298e-01,-1.155892e+00,-6.405109e-01,4.399480e-01,7.976532e-01,-3.108110e-01,-7.733898e-01
-1.806142e+00,-5.958333e+00,5.279885e-01,2.679007e+00,4.254910e-01,-9.515028e-01,-5.740682e-01,5.869263e-01,9.224085e-01,-1.816398e-01,-5.853137e-01
-2.326516e+00,-6.392750e+00,2.565025e-01,2.291574e+00,1.981812e-01,-1.280574e+00,-8.372153e-01,3.179622e-01,5.862659e-01,-3.497200e-01,-7.972938e-01
-2.073822e+00,-6.139961e+00,5.245355e-01,2.655228e+00,4.311087e-01,-1.019382e+00,-5.177322e-01,4.872071e-01,8.395854e-01,-1.401033e-01,-6.199053e-01
-1.753261e+00,-5.906799e+00,5.528753e-01,2.652620e+00,2.318768e-01,-1.147853e+00,-6.091746e-01,3.884066e-01,8.662197e-01,-2.807327e-02,-4.774329e-01
-1.819564e+00,-5.812495e+00,8.152540e-01,2.812238e+00,5.901551e-01,-1.016113e+00,-5.404869e-01,4.824079e-01,8.148430e-01,-1.161417e-01,-6.020104e-01
-1.934708e+00,-6.012339e+00,4.773734e-01,2.567112e+00,3.541305e-01,-1.138218e+00,-5.308374e-01,5.440666e-01,9.939008e-01,-1.763004e-02,-5.267637e-01
-1.815990e+00,-5.932075e+00,5.719742e-01,2.649107e+00,4.093209e-01,-1.060396e+00,-6.047506e-01,5.759295e-01,9.346843e-01,6.881161e-02,-4.470155e-01
-2.169261e+00,-6.156535e+00,5.576973e-01,2.750867e+00,4.593761e-01,-1.035322e+00,-6.464726e-01,4.404879e-01,7.654923e-01,-1.922496e-01,-6.397523e-01
-2.064779e+00,-6.097766e+00,4.232811e-01,2.498102e+00,1.692296e-01,-1.277081e+00,-7.052160e-01,3.795253e-01,7.661007e-01,-9.327605e-02,-5.906031e-01
-2.118350e+00,-6.289949e+00,4.183312e-01,2.539762e+00,2.443362e-01,-1.104881e+00,-5.647240e-01,4.938616e-01,8.584414e-01,-2.125419e-02,-5.980531e-01
-2.209230e+00,-6.159713e+00,4.058067e-01,2.523849e+00,3.114728e-01,-1.183356e+00,-5.633910e-01,4.604644e-01,8.372946e-01,-1.538287e-01,-7.216103e-01
-2.196119e+00,-6.243868e+00,5.126196e-01,2.685122e+00,6.255475e-01,-7.435832e-01,-2.672656e-01,8.797589e-01,1.147557e+00,1.587836e-01,-4.033208e-01
-1.989117e+00,-6.058157e+00,4.573262e-01,2.553899e+00,2.878753e-01,-1.210916e+00,-8.087558e-01,2.898983e-01,6.783177e-01,-3.701168e-01,-6.841500e-01
-2.022770e+00,-6.025070e+00,5.174013e-01,2.682209e+00,2.507915e-01,-1.207309e+00,-8.361029e-01,2.213090e-01,5.583016e-01,-3.841022e-01,-8.133742e-01
-2.069465e+00,-6.162879e+00,4.691577e-01,2.565140e+00,2.613729e-01,-1.102516e+00,-6.791199e-01,3.618044e-01,6.763036e-01,-2.175470e-01,-5.851623e-01
-2.279794e+00,-6.258137e+00,3.877026e-01,2.644421e+00,2.312612e-01,-1.163664e+00,-7.229772e-01,2.522112e-01,5.718625e-01,-3.839844e-01,-8.997523e-01
-1.748597e+00,-5.875500e+00,8.386873e-01,2.890405e+00,6.775483e-01,-8.691852e-01,-4.084809e-01,5.200443e-01,8.426690e-01,-2.469251e-01,-6.776699e-01
-2.198806e+00,-6.152509e+00,4.808808e-01,2.753824e+00,5.986902e-01,-8.198542e-01,-2.660891e-01,7.214747e-01,1.074504e+00,3.611021e-02,-5.271324e-01
-1.996916e+00,-5.860528e+00,6.594491e-01,2.772108e+00,5.494076e-01,-1.012068e+00,-6.390408e-01,5.954645e-01,8.837978e-01,-1.148112e-01,-5.326786e-01
-2.098758e+00,-6.091732e+00,5.465510e-01,2.706702e+00,4.595262e-01,-9.600027e-01,-4.709791e-01,5.762679e-01,8.838064e-01,-8.398288e-02,-5.707088e-01
-2.241248e+00,-6.299143e+00,4.263720e-01,2.519378e+00,3.116007e-01,-1.163051e+00,-5.906192e-01,4.029838e-01,8.156144e-01,-3.146038e-02,-5.289256e-01
-2.227256e+00,-6.266647e+00,3.281564e-01,2.467676e+00,1.482004e-01,-1.257290e+00,-6.363331e-01,4.332282e-01,8.621412e-01,-7.955412e-02,-6.697242e-01
-1.657973e+00,-5.734268e+00,7.959953e-01,2.817041e+00,4.627401e-01,-1.123566e+00,-6.731869e-01,2.673093e-01,6.320050e-01,-2.149290e-01,-7.292214e-01
-1.721693e+00,-5.864539e+00,6.452955e-01,2.789297e+00,3.420896e-01,-1.086233e+00,-7.750810e-01,2.950560e-01,7.026328e-01,-2.885243e-01,-5.653811e-01
-2.250231e+00,-6.304658e+00,2.576945e-01,2.325576e+00,2.136040e-01,-1.331667e+00,-7.979195e-01,3.124861e-01,7.083282e-01,-3.659097e-01,-8.397435e-01
-2.129530e+00,-6.299140e+00,3.014478e-01,2.245044e+00,1.713884e-01,-1.273327e+00,-6.943450e-01,4.593924e-01,8.084792e-01,-1.234165e-01,-5.817680e-01
-1.849792e+00,-5.988133e+00,6.687107e-01,2.570816e+00,3.190728e-01,-1.255150e+00,-8.010538e-01,2.858109e-01,6.951321e-01,-2.415822e-01,-5.140637e-01
-2.214914e+00,-6.084878e+00,5.177045e-01,2.629063e+00,4.132014e-01,-1.069109e+00,-6.049905e-01,4.496199e-01,8.309989e-01,-1.264544e-01,-3.633591e-01
-2.050298e+00,-6.157218e+00,5.013610e-01,2.543723e+00,4.098118e-01,-9.998539e-01,-4.858917e-01,6.272082e-01,9.530068e-01,2.455495e-02,-3.908676e-01
-2.068718e+00,-5.984216e+00,5.021946e-01,2.596147e+00,3.619583e-01,-1.147926e+00,-8.081470e-01,4.152792e-01,7.133842e-01,-2.689219e-01,-5.403109e-01
-1.767633e+00,-5.847380e+00,7.092175e-01,2.741606e+00,5.628396e-01,-9.425917e-01,-5.192974e-01,6.143954e-01,9.077501e-01,-7.988762e-02,-5.278867e-01
-2.018932e+00,-6.088686e+00,4.796514e-01,2.609545e+00,3.807243e-01,-1.022234e+00,-5.410475e-01,6.375781e-01,9.836708e-01,1.206747e-01,-4.444228e-01
-2.147922e+00,-6.151413e+00,5.695447e-01,2.585039e+00,4.153218e-01,-1.108003e+00,-6.367655e-01,5.100150e-01,8.444927e-01,-5.347483e-02,-5.065080e-01
-2.137525e+00,-6.245669e+00,4.080227e-01,2.368061e+00,2.106051e-01,-1.197447e+00,-7.024071e-01,4.443720e-01,7.242991e-01,-1.998723e-01,-6.653061e-01
-1.728089e+00,-5.845548e+00,7.257351e-01,2.658110e+00,4.450639e-01,-1.170498e+00,-5.845367e-01,4.123777e-01,8.261592e-01,-6.172328e-02,-5.746819e-01
-1.887548e+00,-5.825698e+00,5.400145e-01,2.623180e+00,3.908818e-01,-1.127828e+00,-6.584035e-01,5.554388e-01,9.945551e-01,-6.265312e-02,-4.486424e-01
-1.981289e+00,-6.013338e+00,5.575879e-01,2.635723e+00,5.225912e-01,-1.004170e+00,-5.606739e-01,5.120493e-01,8.613888e-01,-1.955928e-01,-5.590575e-01
-1.964199e+00,-6.011030e+00,5.244792e-01,2.525521e+00,2.877718e-01,-1.253383e+00,-8.025878e-01,3.775831e-01,8.014995e-01,-1.343548e-01,-4.299971e-01
-1.924789e+00,-6.097529e+00,5.676778e-01,2.536784e+00,3.084062e-01,-1.179769e+00,-7.022528e-01,3.866092e-01,7.201557e-01,-1.779917e-01,-6.108639e-01
-1.857677e+00,-5.885814e+00,5.526632e-01,2.699279e+00,2.986584e-01,-1.121189e+00,-5.994888e-01,3.666290e-01,7.396672e-01,-1.430722e-01,-6.443021e-01
-2.304407e+00,-6.305394e+00,4.637770e-01,2.528746e+00,3.661318e-01,-1.161742e+00,-6.299012e-01,4.742039e-01,8.163620e-01,-1.331685e-01,-6.267644e-01
-1.862939e+00,-5.917998e+00,5.016599e-01,2.585488e+00,2.413291e-01,-1.250417e+00,-7.747997e-01,2.946815e-01,6.961413e-01,-2.065181e-01,-6.757411e-01
-2.063380e+00,-5.990395e+00,4.917967e-01,2.672180e+00,4.679736e-01,-1.056378e+00,-6.373894e-01,4.174291e-01,7.291209e-01,-3.411177e-01,-8.049990e-01
-1.819875e+00,-5.904835e+00,6.187716e-01,2.633068e+00,2.286149e-01,-1.272849e+00,-8.223425e-01,3.541589e-01,7.302068e-01,-5.270536e-02,-5.800707e-01
-1.785135e+00,-5.834029e+00,7.093014e-01,2.714074e+00,4.156653e-01,-1.099446e+00,-5.152820e-01,4.058672e-01,8.445329e-01,-8.305763e-02,-5.282516e-01
-2.076047e+00,-6.002579e+00,6.026778e-01,2.723916e+00,3.935182e-01,-1.150295e+00,-5.899477e-01,3.519452e-01,7.642020e-01,-1.231798e-01,-6.745151e-01
-2.258450e+00,-6.088303e+00,5.582736e-01,2.720753e+00,5.529743e-01,-9.000278e-01,-4.461763e-01,7.025551e-01,9.209674e-01,-2.962933e-03,-6.165749e-01
-2.054843e+00,-6.148127e+00,5.143432e-01,2.622388e+00,4.633123e-01,-1.061384e+00,-5.606975e-01,4.229688e-01,7.833108e-01,-2.079783e-01,-6.935004e-01
-2.008032e+00,-6.042228e+00,5.053329e-01,2.557189e+00,3.566171e-01,-1.217767e+00,-7.007460e-01,4.349312e-01,7.351183e-01,-2.278679e-01,-8.502308e-01
-2.456254e+00,-6.519430e+00,1.473278e-01,2.280512e+00,8.715901e-02,-1.327403e+00,-7.319177e-01,3.464408e-01,7.176652e-01,-1.342771e-01,-6.675496e-01
-2.540427e+00,-6.557035e+00,7.367317e-02,2.288437e+00,-2.623415e-02,-1.439884e+00,-8.629794e-01,8.433798e-02,5.189483e-01,-3.523534e-01,-8.635789e-01
-2.180904e+00,-6.250020e+00,4.583118e-01,2.528741e+00,2.909773e-01,-1.117544e+00,-5.744904e-01,5.635068e-01,9.039172e-01,-6.688807e-02,-5.689976e-01
-1.988168e+00,-6.057674e+00,4.860979e-01,2.554764e+00,2.122534e-01,-1.417035e+00,-9.333189e-01,-1.062586e-01,3.356119e-01,-6.026476e-01,-9.820209e-01
-1.959732e+00,-6.052074e+00,4.715571e-01,2.653349e+00,2.994968e-01,-1.122705e+00,-6.147129e-01,4.661038e-01,9.316771e-01,-2.091152e-02,-5.149741e-01
-2.308259e+00,-6.056486e+00,4.819615e-01,2.745812e+00,5.519860e-01,-1.033956e+00,-5.311711e-01,3.958067e-01,7.295138e-01,-3.126496e-01,-8.384288e-01
-2.077979e+00,-6.210105e+00,2.623262e-01,2.299511e+00,2.711174e-02,-1.379600e+00,-7.973198e-01,2.977365e-01,7.458415e-01,-1.779020e-01,-5.923955e-01
-2.106670e+00,-6.209477e+00,2.936283e-01,2.311251e+00,8.143098e-03,-1.438603e+00,-9.555470e-01,1.530631e-01,5.327173e-01,-4.217270e-01,-8.126816e-01
-1.635400e+00,-5.747264e+00,8.248213e-01,2.827906e+00,5.185894e-01,-1.001824e+00,-5.535419e-01,4.612883e-01,7.915553e-01,-1.696547e-01,-5.972876e-01
-2.047876e+00,-6.088435e+00,3.986307e-01,2.397968e+00,2.456285e-01,-1.186151e+00,-6.329103e-01,4.946049e-01,8.358352e-01,-1.383159e-01,-5.225472e-01
-1.853975e+00,-5.834374e+00,6.935179e-01,2.698025e+00,4.877691e-01,-1.107005e+00,-7.025948e-01,4.802059e-01,7.824290e-01,-1.393714e-01,-5.489663e-01
-2.164292e+00,-6.114044e+00,4.879736e-01,2.613814e+00,5.011632e-01,-1.000589e+00,-6.326669e-01,4.986008e-01,6.919346e-01,-2.553270e-01,-7.448248e-01
-1.695619e+00,-5.653690e+00,7.855852e-01,2.839518e+00,5.124749e-01,-1.063566e+00,-6.816109e-01,3.518608e-01,6.395456e-01,-2.402626e-01,-7.030612e-01
-2.253328e+00,-6.177430e+00,5.502576e-01,2.615506e+00,5.412579e-01,-9.589663e-01,-4.267206e-01,6.491326e-01,8.923925e-01,-9.227639e-02,-6.573287e-01
-2.150334e+00,-6.089226e+00,5.262477e-01,2.702833e+00,4.443875e-01,-8.191008e-01,-4.462429e-01,7.387948e-01,9.691126e-01,2.343546e-02,-4.629337e-01
-1.939335e+00,-5.968265e+00,5.355983e-01,2.609823e+00,3.686963e-01,-1.103889e+00,-5.630724e-01,4.599227e-01,8.304949e-01,-1.925699e-01,-6.513555e-01
-2.177140e+00,-5.945976e+00,5.511104e-01,2.825237e+00,6.616468e-01,-8.019432e-01,-4.011523e-01,7.151483e-01,9.995570e-01,-1.459609e-01,-6.080529e-01
-1.905360e+00,-5.840729e+00,6.582508e-01,2.741223e+00,5.194062e-01,-9.794406e-01,-6.265145e-01,4.546082e-01,6.810170e-01,-2.763911e-01,-7.205981e-01
-1.769505e+00,-5.750245e+00,7.113990e-01,2.688353e+00,4.426936e-01,-1.101703e+00,-6.875348e-01,5.266411e-01,8.211075e-01,-1.022513e-01,-5.466900e-01
-1.943613e+00,-5.957921e+00,6.567207e-01,2.718071e+00,4.651002e-01,-9.607181e-01,-5.281448e-01,6.117903e-01,8.801210e-01,-4.416990e-02,-5.488611e-01
-1.535175e+00,-5.697413e+00,7.002756e-01,2.613091e+00,2.794402e-01,-1.181928e+00,-6.687687e-01,3.991655e-01,7.330366e-01,-1.880057e-01,-6.101633e-01
-1.886976e+00,-5.836992e+00,7.173671e-01,2.718848e+00,4.353027e-01,-1.197227e+00,-8.258559e-01,2.522301e-01,5.778613e-01,-2.888468e-01,-6.113859e-01
-2.135536e+00,-5.977950e+00,4.638278e-01,2.716975e+00,5.033778e-01,-8.997204e-01,-6.134997e-01,5.850561e-01,8.076471e-01,-2.358384e-01,-5.995146e-01
-1.680557e+00,-5.767837e+00,5.542315e-01,2.600149e+00,3.254737e-01,-1.123588e+00,-6.458201e-01,5.758852e-01,9.336834e-01,-7.842687e-02,-5.444831e-01
-1.997238e+00,-5.909068e+00,7.545304e-01,2.790604e+00,6.391358e-01,-1.052969e+00,-4.513582e-01,4.235680e-01,7.720550e-01,-1.976888e-01,-7.838327e-01
-2.021562e+00,-6.143266e+00,5.332951e-01,2.532052e+00,3.481503e-01,-1.213130e+00,-5.856418e-01,2.731743e-01,6.284083e-01,-2.219474e-01,-8.150990e-01
-2.021880e+00,-5.952415e+00,7.151838e-01,2.844041e+00,6.862888e-01,-8.067316e-01,-2.329737e-01,6.652394e-01,8.999922e-01,-1.056049e-01,-7.550691e-01
-1.863992e+00,-5.819077e+00,8.222455e-01,2.807981e+00,6.227230e-01,-9.521736e-01,-4.628596e-01,6.828674e-01,1.008733e+00,5.430798e-03,-5.224516e-01
-1.907756e+00,-6.020440e+00,3.424898e-01,2.354437e+00,9.825999e-02,-1.432294e+00,-8.360783e-01,2.545800e-01,7.960029e-01,-1.001078e-01,-4.947833e-01
-2.110147e+00,-6.053962e+00,4.009807e-01,2.545813e+00,3.528817e-01,-1.133570e+00,-5.940824e-01,5.844196e-01,9.475114e-01,-4.664737e-02,-5.526007e-01
-1.975099e+00,-5.950717e+00,6.284685e-01,2.806348e+00,4.753162e-01,-9.885403e-01,-4.983928e-01,4.403312e-01,7.637192e-01,-2.540069e-01,-7.886956e-01
-1.909501e+00,-6.051718e+00,4.567793e-01,2.492835e+00,2.051398e-01,-1.176160e+00,-6.101036e-01,4.271053e-01,7.192072e-01,-1.418441e-01,-6.898996e-01
-1.749463e+00,-5.738134e+00,7.906707e-01,2.793185e+00,3.163259e-01,-1.231635e+00,-8.916086e-01,2.265027e-01,5.697032e-01,-2.506820e-01,-6.063444e-01
-1.982747e+00,-6.001605e+00,5.472913e-01,2.728915e+00,4.573151e-01,-9.753039e-01,-4.646970e-01,5.160644e-01,9.071935e-01,-1.040470e-01,-5.426120e-01
-2.159919e+00,-6.081013e+00,4.923845e-01,2.615031e+00,4.425915e-01,-1.101588e+00,-6.580719e-01,4.225799e-01,7.506403e-01,-2.166676e-01,-6.342399e-01
-1.683688e+00,-5.657196e+00,8.524763e-01,2.897575e+00,5.499907e-01,-1.102073e+00,-6.458503e-01,3.681554e-01,7.539042e-01,-1.806775e-01,-6.679027e-01
-1.580295e+00,-5.660098e+00,8.524671e-01,2.802732e+00,4.531876e-01,-1.095766e+00,-6.599916e-01,3.573572e-01,7.103264e-01,-1.520142e-01,-5.559245e-01
-1.878643e+00,-5.740273e+00,7.142279e-01,2.828575e+00,5.050773e-01,-9.688554e-01,-4.193136e-01,5.963734e-01,9.471952e-01,-4.936146e-02,-6.016202e-01
-2.005418e+00,-5.972648e+00,6.487870e-01,2.828694e+00,4.969754e-01,-8.756386e-01,-4.897027e-01,5.804497e-01,7.177791e-01,-2.584762e-01,-9.325075e-01
-1.468025e+00,-5.619488e+00,8.019396e-01,2.631907e+00,3.489159e-01,-1.233806e+00,-7.669957e-01,3.187739e-01,6.707303e-01,-1.972276e-01,-5.932764e-01
-2.218749e+00,-6.068929e+00,4.935327e-01,2.576296e+00,4.520222e-01,-1.238203e+00,-8.497904e-01,1.914288e-01,5.243775e-01,-5.108888e-01,-7.460911e-01
-2.077649e+00,-6.045513e+00,4.790768e-01,2.574498e+00,4.156980e-01,-1.074590e+00,-6.927343e-01,5.049804e-01,6.927741e-01,-1.611443e-01,-6.638353e-01
-2.012192e+00,-5.942987e+00,5.716271e-01,2.737577e+00,4.666429e-01,-1.095141e+00,-6.974608e-01,1.740870e-01,4.800118e-01,-5.302396e-01,-9.106599e-01
-2.032195e+00,-5.997264e+00,6.291493e-01,2.733199e+00,4.289067e-01,-1.008420e+00,-6.963734e-01,5.130245e-01,7.348609e-01,-6.699002e-02,-4.696204e-01
-1.834595e+00,-5.834256e+00,5.702313e-01,2.706307e+00,3.393166e-01,-1.070103e+00,-5.806358e-01,4.108790e-01,7.727953e-01,-2.003279e-01,-6.783449e-01
-1.973330e+00,-5.902596e+00,7.982163e-01,2.825352e+00,7.621942e-01,-8.335890e-01,-3.870603e-01,5.940725e-01,8.108366e-01,-2.356749e-01,-7.178125e-01
-1.968903e+00,-5.993393e+00,4.170780e-01,2.421681e+00,2.921437e-01,-1.150379e+00,-7.392521e-01,5.279117e-01,7.578508e-01,-2.829960e-01,-6.672217e-01
-1.945875e+00,-5.869668e+00,5.125832e-01,2.595294e+00,3.803095e-01,-1.170783e+00,-6.968330e-01,3.084559e-01,6.333815e-01,-3.271321e-01,-7.930018e-01
-2.033778e+00,-6.031664e+00,3.855487e-01,2.487967e+00,1.807689e-01,-1.153648e+00,-7.013441e-01,5.920913e-01,9.411279e-01,-1.940669e-02,-4.900231e-01
-1.718732e+00,-5.790497e+00,8.136111e-01,2.847229e+00,5.976572e-01,-9.185847e-01,-4.206194e-01,5.404688e-01,8.496878e-01,-2.268438e-01,-7.152453e-01
-1.887594e+00,-5.836566e+00,7.265619e-01,2.840993e+00,6.652550e-01,-8.594284e-01,-3.472245e-01,4.732647e-01,7.224224e-01,-3.003608e-01,-8.131074e-01
-2.030704e+00,-5.843216e+00,7.953818e-01,2.988199e+00,8.343200e-01,-6.616333e-01,-2.493340e-01,8.616357e-01,1.085895e+00,4.413805e-02,-4.597409e-01
-1.794393e+00,-5.704197e+00,6.971543e-01,2.710665e+00,5.378963e-01,-1.131447e+00,-7.707325e-01,3.638781e-01,6.848934e-01,-3.354418e-01,-6.446877e-01
-1.787510e+00,-5.806012e+00,6.116760e-01,2.603721e+00,3.874341e-01,-1.118738e+00,-7.497257e-01,4.686920e-01,6.973920e-01,-1.903064e-01,-6.431500e-01
-1.901868e+00,-5.808365e+00,6.242792e-01,2.717694e+00,3.428601e-01,-1.096545e+00,-7.599122e-01,4.825079e-01,7.514095e-01,-1.527569e-01,-5.982670e-01
-1.975849e+00,-6.092400e+00,4.223507e-01,2.567635e+00,2.478383e-01,-1.005783e+00,-5.657686e-01,5.315963e-01,7.773584e-01,-1.498109e-01,-6.130269e-01
-1.803391e+00,-6.030331e+00,4.552690e-01,2.438099e+00,6.127253e-02,-1.213982e+00,-7.237179e-01,4.980730e-01,8.234611e-01,-1.599563e-01,-6.062348e-01
-2.110574e+00,-6.069054e+00,5.216106e-01,2.589404e+00,3.466265e-01,-1.090048e+00,-6.485906e-01,5.726660e-01,9.281434e-01,-9.646980e-03,-4.221139e-01
-1.781637e+00,-5.866432e+00,5.935077e-01,2.658694e+00,4.673884e-01,-1.092249e+00,-5.635539e-01,4.109068e-01,7.643089e-01,-2.134525e-01,-7.753390e-01
-1.907499e+00,-5.807168e+00,4.743821e-01,2.498897e+00,3.251407e-01,-1.321901e+00,-7.213432e-01,3.409069e-01,7.150734e-01,-2.363186e-01,-7.692002e-01
-2.338426e+00,-6.243174e+00,3.573396e-01,2.569067e+00,3.430688e-01,-1.037264e+00,-4.855029e-01,5.826357e-01,9.212886e-01,-5.617328e-02,-5.327854e-01
-1.910654e+00,-5.865816e+00,7.196616e-01,2.708931e+00,5.595470e-01,-1.000639e+00,-4.515251e-01,4.897953e-01,7.017372e-01,-1.957020e-01,-7.839843e-01
-1.816489e+00,-5.898549e+00,7.625677e-01,2.654571e+00,4.165605e-01,-1.207374e+00,-7.248972e-01,3.769400e-01,6.903068e-01,-1.548469e-01,-5.972245e-01
-1.864208e+00,-5.894431e+00,6.188623e-01,2.737707e+00,4.340310e-01,-9.579066e-01,-5.589047e-01,6.352185e-01,8.627445e-01,9.501459e-04,-5.727665e-01
-1.496194e+00,-5.486997e+00,9.412496e-01,2.904057e+00,6.538853e-01,-1.079279e+00,-6.281125e-01,3.380280e-01,7.180702e-01,-2.512439e-01,-7.277160e-01
-1.884933e+00,-5.851298e+00,7.283900e-01,2.783206e+00,5.053608e-01,-1.052141e+00,-6.593214e-01,4.918366e-01,7.761575e-01,-1.679213e-01,-6.816202e-01
-1.935597e+00,-5.889553e+00,5.268143e-01,2.664486e+00,3.984997e-01,-1.064709e+00,-3.144311e-01,5.991107e-01,1.101328e+00,9.764364e-02,-5.111847e-01
-1.848048e+00,-5.853159e+00,7.151526e-01,2.685892e+00,4.027564e-01,-1.138729e+00,-6.028577e-01,4.464069e-01,8.473583e-01,-5.272731e-02,-4.769633e-01
-1.881267e+00,-5.807306e+00,6.023504e-01,2.677256e+00,3.002090e-01,-1.347783e+00,-6.767607e-01,1.441100e-01,7.197843e-01,-2.791801e-01,-7.242140e-01
-1.865465e+00,-5.959544e+00,6.585149e-01,2.688853e+00,5.032882e-01,-9.784050e-01,-5.132325e-01,5.351294e-01,7.765496e-01,-1.425416e-01,-7.273202e-01
-1.931363e+00,-5.911645e+00,5.847814e-01,2.738821e+00,5.163961e-01,-9.364248e-01,-5.675311e-01,6.045014e-01,8.432056e-01,-2.503501e-01,-7.259874e-01
-1.724611e+00,-5.725968e+00,8.441935e-01,2.818322e+00,5.302722e-01,-1.070287e+00,-6.983805e-01,3.727723e-01,6.434194e-01,-3.078225e-01,-6.825317e-01
-1.812129e+00,-5.905136e+00,6.906445e-01,2.736988e+00,4.593174e-01,-9.895775e-01,-5.345970e-01,4.935179e-01,7.956487e-01,-1.518712e-01,-5.469605e-01
-1.975006e+00,-5.820027e+00,7.207059e-01,2.820220e+00,5.694625e-01,-1.060871e+00,-6.220231e-01,2.689228e-01,5.677465e-01,-4.080938e-01,-7.927465e-01
-2.164465e+00,-6.113170e+00,5.339575e-01,2.618447e+00,5.053676e-01,-9.824821e-01,-4.087494e-01,5.836488e-01,9.613095e-01,-2.869721e-02,-4.560795e-01
-1.882358e+00,-5.723093e+00,7.057845e-01,2.841943e+00,5.675991e-01,-9.112823e-01,-5.316716e-01,5.461890e-01,7.244880e-01,-2.299225e-01,-8.419427e-01
-1.755373e+00,-5.639361e+00,8.516447e-01,2.895838e+00,7.936771e-01,-8.984248e-01,-4.423339e-01,6.318431e-01,8.816385e-01,-2.184047e-01,-8.279040e-01
-1.896848e+00,-6.002178e+00,4.892945e-01,2.471941e+00,2.176161e-01,-1.257422e+00,-8.355400e-01,3.063577e-01,6.334524e-01,-3.017015e-01,-7.224033e-01
-2.257153e+00,-6.167993e+00,3.744084e-01,2.364341e+00,3.305526e-01,-1.200247e+00,-6.247575e-01,4.824145e-01,7.709049e-01,-2.301774e-01,-7.012283e-01
-1.822146e+00,-5.780602e+00,5.219695e-01,2.526782e+00,5.787015e-02,-1.405303e+00,-1.007044e+00,1.905528e-01,5.732208e-01,-2.307769e-01,-5.931094e-01
-1.799466e+00,-5.870188e+00,6.345075e-01,2.665924e+00,2.808963e-01,-1.190677e+00,-8.359477e-01,1.964115e-01,4.645641e-01,-4.175132e-01,-8.585388e-01
-2.026169e+00,-5.874376e+00,6.405567e-01,2.842440e+00,4.658283e-01,-1.013666e+00,-7.306444e-01,3.780054e-01,6.515308e-01,-3.070903e-01,-6.970591e-01
-1.900279e+00,-5.763993e+00,5.260023e-01,2.566409e+00,3.418975e-01,-1.193610e+00,-7.948332e-01,4.899551e-01,8.125870e-01,-1.319498e-01,-5.383388e-01
-1.788748e+00,-5.777828e+00,4.732747e-01,2.565399e+00,2.136725e-01,-1.247995e+00,-8.302984e-01,3.545161e-01,6.976096e-01,-1.922702e-01,-6.442310e-01
-1.771824e+00,-5.788746e+00,7.128377e-01,2.635742e+00,3.788031e-01,-1.276307e+00,-7.628579e-01,3.168859e-01,7.332366e-01,-1.291971e-01,-5.832647e-01
-1.987926e+00,-5.979577e+00,5.958494e-01,2.540626e+00,4.059950e-01,-1.021195e+00,-4.817893e-01,7.722188e-01,1.078636e+00,2.704265e-01,-2.263735e-01
-2.361225e+00,-6.236697e+00,4.781645e-01,2.644029e+00,4.721446e-01,-9.487192e-01,-5.799571e-01,5.192120e-01,7.237430e-01,-1.356946e-01,-5.818244e-01
-1.616468e+00,-5.658305e+00,6.548733e-01,2.603910e+00,2.547607e-01,-1.361737e+00,-8.968644e-01,2.301662e-01,7.211901e-01,-2.977285e-01,-6.036397e-01
-1.760163e+00,-5.777283e+00,5.892569e-01,2.582637e+00,4.519047e-01,-1.081869e+00,-7.116795e-01,5.153057e-01,6.982784e-01,-2.773997e-01,-8.477226e-01
-1.651425e+00,-5.671044e+00,6.804774e-01,2.599582e+00,2.711672e-01,-1.365270e+00,-8.602535e-01,2.483215e-01,6.821718e-01,-2.465075e-01,-6.957721e-01
-1.661610e+00,-5.802772e+00,6.883104e-01,2.566675e+00,2.634891e-01,-1.317554e+00,-7.438011e-01,3.285920e-01,7.036162e-01,-1.090661e-01,-6.438063e-01
-1.604133e+00,-5.644402e+00,7.244977e-01,2.658394e+00,2.756729e-01,-1.177295e+00,-6.464298e-01,4.919262e-01,8.571965e-01,4.238632e-02,-4.375065e-01
-2.514108e+00,-6.385277e+00,2.230910e-01,2.409101e+00,2.120487e-01,-1.162391e+00,-5.349926e-01,6.328778e-01,9.173793e-01,4.643982e-02,-7.387983e-01
-2.183497e+00,-6.111827e+00,2.280043e-01,2.349804e+00,9.867747e-02,-1.348787e+00,-7.778280e-01,3.974017e-01,7.836112e-01,-1.000423e-01,-5.864004e-01
-2.128493e+00,-6.136170e+00,3.398927e-01,2.405875e+00,2.770569e-01,-1.269934e+00,-6.718187e-01,4.096199e-01,8.018945e-01,-1.303135e-01,-6.079692e-01
-2.400341e+00,-6.245993e+00,3.557461e-01,2.559579e+00,2.923952e-01,-1.186039e+00,-7.464700e-01,4.361394e-01,7.348163e-01,-1.480760e-01,-7.164947e-01
-2.017714e+00,-5.939261e+00,6.034865e-01,2.642202e+00,4.244221e-01,-1.139836e+00,-5.166580e-01,3.997560e-01,8.155955e-01,-3.139514e-02,-4.850689e-01
-1.686726e+00,-5.716194e+00,7.413065e-01,2.794405e+00,3.907443e-01,-1.038396e+00,-5.237548e-01,5.480995e-01,9.194219e-01,4.470128e-03,-5.488890e-01
-2.336477e+00,-6.097256e+00,4.404435e-01,2.556381e+00,3.266566e-01,-1.218235e+00,-7.058481e-01,4.039496e-01,7.292009e-01,-7.600103e-02,-6.238507e-01
-1.755144e+00,-5.772414e+00,6.430208e-01,2.730232e+00,4.611555e-01,-9.806988e-01,-4.566259e-01,5.825445e-01,9.410714e-01,-7.248632e-02,-5.835589e-01
-1.500880e+00,-5.392306e+00,7.531862e-01,2.824571e+00,3.889342e-01,-1.271853e+00,-7.646776e-01,2.873786e-01,8.117793e-01,-1.353261e-01,-5.612317e-01
-1.979245e+00,-5.747521e+00,6.359065e-01,2.826369e+00,4.889335e-01,-1.138659e+00,-5.525401e-01,3.287637e-01,7.745730e-01,-2.510307e-01,-8.076773e-01
-1.681830e+00,-5.537087e+00,7.864112e-01,2.924801e+00,5.167362e-01,-9.216089e-01,-4.824513e-01,5.576203e-01,8.136934e-01,-3.988291e-02,-6.114388e-01
-1.477298e+00,-5.421532e+00,9.153225e-01,2.888562e+00,5.470832e-01,-9.962084e-01,-4.852485e-01,5.655756e-01,8.319389e-01,-1.266330e-01,-6.597076e-01
-1.812731e+00,-5.754478e+00,4.559467e-01,2.463385e+00,1.673722e-01,-1.321429e+00,-6.769237e-01,3.949569e-01,7.196904e-01,-1.448453e-01,-7.650689e-01
-2.097852e+00,-5.916779e+00,4.967524e-01,2.630719e+00,4.194841e-01,-9.710051e-01,-5.850212e-01,6.048422e-01,7.339270e-01,-1.978402e-01,-6.911553e-01
-1.663147e+00,-5.648448e+00,5.475190e-01,2.441192e+00,1.745523e-01,-1.370299e+00,-9.429558e-01,4.357088e-01,7.457742e-01,-2.282057e-01,-6.071617e-01
-1.784589e+00,-5.860346e+00,5.411707e-01,2.461427e+00,2.398925e-01,-1.311876e+00,-7.728603e-01,3.557343e-01,7.709159e-01,-1.710635e-01,-5.981687e-01
-1.753791e+00,-5.650897e+00,7.396051e-01,2.726319e+00,4.885647e-01,-1.067233e+00,-6.283543e-01,4.516226e-01,6.663808e-01,-2.562010e-01,-7.599413e-01
-1.921546e+00,-5.742448e+00,7.443943e-01,2.836375e+00,5.577505e-01,-1.024334e+00,-6.014273e-01,3.627909e-01,6.410929e-01,-2.943764e-01,-7.589289e-01
-2.335770e+00,-6.175745e+00,3.666112e-01,2.404875e+00,2.526486e-01,-1.351258e+00,-7.986072e-01,1.678976e-01,5.587967e-01,-2.360470e-01,-6.087340e-01
-1.852402e+00,-5.796102e+00,7.042175e-01,2.751015e+00,4.425170e-01,-1.078298e+00,-7.478094e-01,4.350759e-01,6.823355e-01,-1.924243e-01,-6.437512e-01
-1.975952e+00,-5.858285e+00,4.210478e-01,2.391403e+00,2.763958e-01,-1.358216e+00,-8.723781e-01,2.423314e-01,5.579309e-01,-5.294787e-01,-8.440819e-01
-1.957126e+00,-5.876189e+00,5.075634e-01,2.556330e+00,3.998350e-01,-1.084106e+00,-5.624338e-01,5.459611e-01,8.959571e-01,-1.644644e-01,-5.157271e-01
-1.986758e+00,-5.926908e+00,7.222110e-01,2.675381e+00,5.540128e-01,-1.099735e+00,-6.098413e-01,4.687625e-01,7.837440e-01,-1.361958e-01,-5.280357e-01
-1.933178e+00,-5.895412e+00,5.217107e-01,2.684260e+00,3.449706e-01,-1.025364e+00,-4.956890e-01,5.712051e-01,8.880079e-01,-2.640683e-03,-5.919323e-01
-2.237384e+00,-6.148347e+00,3.128767e-01,2.410832e+00,1.296687e-01,-1.309792e+00,-7.243485e-01,4.180937e-01,8.669740e-01,3.726010e-02,-4.238116e-01
-1.953055e+00,-5.920071e+00,3.687215e-01,2.343875e+00,1.543252e-01,-1.338659e+00,-7.963899e-01,4.306447e-01,8.184428e-01,-1.241846e-01,-4.909421e-01
-1.474454e+00,-5.592694e+00,6.329286e-01,2.666905e+00,3.047425e-01,-1.279427e+00,-7.917489e-01,2.628575e-01,7.931435e-01,-1.351333e-01,-5.393591e-01
-1.847206e+00,-5.777465e+00,4.255315e-01,2.399845e+00,1.599710e-01,-1.421058e+00,-9.095128e-01,2.034123e-01,6.034067e-01,-4.064513e-01,-7.514341e-01
-1.927893e+00,-5.950484e+00,5.956718e-01,2.620193e+00,3.186190e-01,-1.315980e+00,-7.703165e-01,1.699114e-01,5.990805e-01,-2.782061e-01,-8.026174e-01
-1.482142e+00,-5.612851e+00,7.459583e-01,2.657682e+00,2.113962e-01,-1.236761e+00,-8.243973e-01,3.109743e-01,6.468694e-01,-1.593570e-01,-5.593004e-01
-1.761569e+00,-5.783383e+00,6.740344e-01,2.712243e+00,2.837409e-01,-1.165133e+00,-7.323527e-01,4.536537e-01,8.120777e-01,-4.796076e-02,-5.469948e-01
-1.872515e+00,-5.831576e+00,7.304838e-01,2.763793e+00,5.803069e-01,-9.813284e-01,-5.449084e-01,5.430377e-01,8.516770e-01,-2.719735e-02,-3.985196e-01
-1.953138e+00,-5.932762e+00,4.011212e-01,2.447940e+00,3.729421e-01,-1.101017e+00,-5.209287e-01,6.860258e-01,9.598776e-01,-1.264574e-01,-7.110648e-01
-1.817499e+00,-5.758197e+00,6.442118e-01,2.611842e+00,3.655453e-01,-1.235221e+00,-7.463202e-01,3.326938e-01,5.519258e-01,-3.568533e-01,-9.292652e-01
-1.994604e+00,-5.998774e+00,5.039182e-01,2.603132e+00,2.518450e-01,-1.244731e+00,-6.933727e-01,2.305273e-01,5.993268e-01,-3.142527e-01,-8.733164e-01
-1.860591e+00,-5.872326e+00,5.743118e-01,2.636889e+00,1.863428e-01,-1.244190e+00,-7.805230e-01,3.093012e-01,6.618732e-01,-2.028851e-01,-7.128389e-01
-1.758808e+00,-5.679564e+00,5.961930e-01,2.613464e+00,2.271283e-01,-1.338413e+00,-7.616270e-01,2.673232e-01,6.283787e-01,-1.873755e-01,-8.085474e-01
-1.291837e+00,-5.431212e+00,8.173786e-01,2.650327e+00,3.403249e-01,-1.344773e+00,-7.582703e-01,2.391125e-01,7.075698e-01,-2.061191e-01,-6.372946e-01
-2.071671e+00,-5.843617e+00,6.730571e-01,3.058124e+00,8.461530e-01,-5.729066e-01,-1.711554e-01,8.190839e-01,1.008536e+00,-2.634214e-01,-9.363222e-01
-1.998149e+00,-6.056835e+00,2.536628e-01,2.249823e+00,-1.531780e-02,-1.439040e+00,-7.223870e-01,5.021226e-01,9.743093e-01,-1.881740e-02,-6.015846e-01
-1.826880e+00,-5.728901e+00,4.764610e-01,2.466502e+00,1.313015e-01,-1.385670e+00,-7.791532e-01,2.543007e-01,5.788866e-01,-1.712054e-01,-8.104012e-01
-2.257265e+00,-5.898385e+00,5.029283e-01,2.746686e+00,4.738024e-01,-1.032167e+00,-4.369528e-01,5.737586e-01,8.983834e-01,4.523970e-02,-5.624121e-01
-1.843377e+00,-5.670807e+00,7.154238e-01,2.851356e+00,5.358705e-01,-9.536200e-01,-4.948033e-01,5.552090e-01,7.735686e-01,-1.331099e-01,-7.701447e-01
-1.791005e+00,-5.785695e+00,5.943118e-01,2.722072e+00,3.522466e-01,-1.014277e+00,-6.033663e-01,6.087889e-01,9.714910e-01,8.811373e-02,-3.415067e-01
-1.388772e+00,-5.401834e+00,6.960740e-01,2.632967e+00,4.801529e-02,-1.483739e+00,-1.174408e+00,2.254509e-01,5.897859e-01,-2.101111e-01,-6.480909e-01
-1.773974e+00,-5.823526e+00,5.093948e-01,2.389494e+00,9.169140e-02,-1.475231e+00,-8.310501e-01,2.937536e-01,8.134713e-01,-1.151181e-02,-4.417798e-01
-2.032045e+00,-5.987482e+00,4.905593e-01,2.518894e+00,2.912966e-01,-1.175798e+00,-5.549507e-01,5.134555e-01,8.555094e-01,4.300927e-03,-5.775922e-01
-1.859754e+00,-5.723982e+00,4.741115e-01,2.506687e+00,1.483305e-01,-1.387746e+00,-6.515772e-01,3.154847e-01,7.829994e-01,-2.065867e-01,-8.493153e-01
-1.678900e+00,-5.663035e+00,6.325853e-01,2.686617e+00,2.711197e-01,-1.185483e+00,-7.333925e-01,3.528765e-01,7.555248e-01,-6.109268e-02,-4.925469e-01
-1.659868e+00,-5.556770e+00,7.130120e-01,2.643953e+00,3.182860e-01,-1.294677e+00,-8.862238e-01,3.121502e-01,6.915013e-01,-2.185173e-01,-5.538976e-01
-1.640608e+00,-5.669101e+00,5.545820e-01,2.594045e+00,4.393873e-01,-9.915720e-01,-4.756261e-01,6.695146e-01,9.087191e-01,-1.608108e-01,-6.836096e-01
-2.057924e+00,-5.969531e+00,4.484548e-01,2.545143e+00,4.055824e-01,-1.068110e+00,-5.281148e-01,5.678466e-01,8.694443e-01,-1.966792e-02,-5.393619e-01
-2.044983e+00,-5.908286e+00,5.982561e-01,2.788039e+00,5.623195e-01,-9.534235e-01,-5.170428e-01,4.432942e-01,6.385960e-01,-3.471534e-01,-8.710074e-01
-2.035957e+00,-5.989229e+00,5.140319e-01,2.426061e+00,3.338131e-01,-1.212387e+00,-5.897108e-01,5.841697e-01,9.555282e-01,9.873963e-02,-3.334669e-01
-1.589013e+00,-5.717813e+00,7.170140e-01,2.612090e+00,2.664410e-01,-1.273197e+00,-9.141930e-01,1.794772e-01,4.978460e-01,-3.306843e-01,-5.990844e-01
-1.862008e+00,-5.810508e+00,5.725252e-01,2.594660e+00,3.912717e-01,-1.205603e+00,-7.651017e-01,4.379904e-01,8.267695e-01,-1.761313e-01,-5.230584e-01
-1.587970e+00,-5.689891e+00,6.484587e-01,2.644099e+00,3.738492e-01,-1.123825e+00,-7.841818e-01,4.416169e-01,7.287409e-01,-2.139179e-01,-6.700834e-01
-2.057070e+00,-5.992719e+00,2.684188e-01,2.207765e+00,4.725455e-03,-1.618437e+00,-1.053244e+00,1.315156e-01,6.000486e-01,-2.368488e-01,-5.512560e-01
-1.813568e+00,-5.660577e+00,6.064703e-01,2.670461e+00,2.462456e-01,-1.289478e+00,-7.074949e-01,4.218994e-01,9.503938e-01,1.371592e-01,-3.730836e-01
-1.585385e+00,-5.606574e+00,7.792293e-01,2.584342e+00,2.438092e-01,-1.337897e+00,-9.417617e-01,1.830454e-01,5.289567e-01,-2.623735e-01,-5.823074e-01
-1.650326e+00,-5.605836e+00,6.740595e-01,2.670821e+00,3.817509e-01,-1.173501e+00,-5.935985e-01,4.416811e-01,8.279956e-01,-1.353825e-01,-6.080127e-01
-1.799215e+00,-5.735700e+00,6.656806e-01,2.741657e+00,5.214256e-01,-9.172623e-01,-6.490002e-01,5.103623e-01,5.921370e-01,-3.792430e-01,-8.054703e-01
-1.511217e+00,-5.505750e+00,7.369880e-01,2.662513e+00,4.637638e-01,-1.090350e+00,-6.899463e-01,5.722167e-01,8.220069e-01,-1.806773e-01,-6.049125e-01
-1.929257e+00,-5.781154e+00,7.500593e-01,2.721607e+00,5.731430e-01,-1.094026e+00,-5.743286e-01,5.350950e-01,8.538543e-01,-6.461858e-02,-5.124188e-01
-1.457362e+00,-5.388404e+00,9.575347e-01,2.912139e+00,4.730007e-01,-1.106028e+00,-6.924975e-01,2.474194e-01,4.925799e-01,-4.759504e-01,-9.609377e-01
-1.772062e+00,-5.612328e+00,6.740748e-01,2.603349e+00,2.915130e-01,-1.384042e+00,-7.447401e-01,1.468164e-01,5.477942e-01,-3.209911e-01,-7.903208e-01
-1.542736e+00,-5.462554e+00,8.360675e-01,2.862868e+00,4.135712e-01,-1.109516e+00,-7.167065e-01,4.087421e-01,7.193172e-01,-1.150325e-01,-5.857964e-01
-1.854613e+00,-5.807781e+00,4.702120e-01,2.468105e+00,2.848625e-01,-1.321979e+00,-6.557529e-01,3.121037e-01,7.633976e-01,-1.419145e-01,-6.349603e-01
-1.971070e+00,-5.813886e+00,6.285855e-01,2.844833e+00,5.887770e-01,-8.999946e-01,-4.370489e-01,6.646578e-01,1.013110e+00,-5.094486e-02,-5.764388e-01
-1.912590e+00,-5.603718e+00,7.018526e-01,2.748899e+00,4.584732e-01,-1.218021e+00,-5.889621e-01,3.862153e-01,8.417072e-01,-1.168987e-01,-6.919405e-01
-1.619687e+00,-5.569114e+00,6.750317e-01,2.749225e+00,3.070742e-01,-1.106041e+00,-5.874211e-01,4.387024e-01,7.457382e-01,-1.230379e-01,-7.391712e-01
-1.605149e+00,-5.411474e+00,8.036801e-01,2.844766e+00,4.255632e-01,-1.071477e+00,-5.246290e-01,5.880376e-01,8.749948e-01,-3.282957e-02,-7.000197e-01
-1.756903e+00,-5.613855e+00,6.775587e-01,2.847073e+00,3.574739e-01,-1.145325e+00,-7.188599e-01,2.777691e-01,5.971885e-01,-2.604370e-01,-7.164462e-01
-1.939188e+00,-5.770537e+00,3.794376e-01,2.484080e+00,1.568993e-01,-1.273620e+00,-7.568905e-01,4.677265e-01,7.838748e-01,-4.408415e-02,-5.794608e-01
-2.060734e+00,-5.672570e+00,5.511331e-01,2.583835e+00,2.974525e-01,-1.358945e+00,-9.327953e-01,4.334069e-01,8.223993e-01,2.620361e-03,-3.759839e-01
-1.752904e+00,-5.683476e+00,6.127023e-01,2.638699e+00,3.054120e-01,-1.220274e+00,-6.085480e-01,4.403928e-01,8.780387e-01,4.247783e-04,-5.422757e-01
-1.281334e+00,-5.373557e+00,8.696210e-01,2.712851e+00,3.075219e-01,-1.225051e+00,-7.253358e-01,3.786644e-01,6.272721e-01,-1.996995e-01,-8.036414e-01
-1.874193e+00,-5.676557e+00,6.419826e-01,2.686709e+00,3.651767e-01,-1.211817e+00,-5.495313e-01,4.371687e-01,9.437414e-01,-5.468848e-02,-4.569003e-01
-1.975926e+00,-5.995765e+00,3.370544e-01,2.204793e+00,-1.219328e-01,-1.570926e+00,-1.133515e+00,2.092877e-01,5.101610e-01,-1.109766e-01,-5.395253e-01
-1.906873e+00,-5.787330e+00,6.431660e-01,2.754054e+00,4.016459e-01,-1.052277e+00,-6.685177e-01,4.944242e-01,7.995784e-01,-2.285415e-01,-6.227597e-01
-2.128919e+00,-5.963270e+00,4.408702e-01,2.671414e+00,4.163963e-01,-1.129353e+00,-5.237681e-01,4.717173e-01,9.238528e-01,-5.269395e-02,-6.045612e-01
-1.321593e+00,-5.422514e+00,8.419417e-01,2.769133e+00,3.914380e-01,-1.148057e+00,-7.333783e-01,3.466327e-01,6.700938e-01,-1.815808e-01,-5.959435e-01
-1.674383e+00,-5.591603e+00,7.884222e-01,2.827654e+00,4.968368e-01,-1.178500e+00,-6.593828e-01,3.091904e-01,6.867536e-01,-2.059475e-01,-7.072607e-01
-1.793699e+00,-5.771955e+00,5.192877e-01,2.485804e+00,5.068743e-02,-1.492282e+00,-1.030264e+00,1.818164e-01,5.651860e-01,-7.714876e-02,-5.110872e-01
-1.646658e+00,-5.376645e+00,8.937579e-01,2.902057e+00,6.009998e-01,-1.096798e+00,-6.091955e-01,3.632691e-01,6.828865e-01,-1.607564e-01,-6.488684e-01
-1.654200e+00,-5.517102e+00,7.157715e-01,2.713415e+00,5.624115e-01,-9.823523e-01,-4.722603e-01,8.151125e-01,1.088999e+00,5.683249e-02,-4.542749e-01
-2.193830e+00,-5.872197e+00,3.903787e-01,2.676856e+00,4.676077e-01,-1.009896e+00,-4.511970e-01,5.346081e-01,8.775683e-01,-1.259790e-01,-6.697481e-01
-1.631424e+00,-5.566587e+00,6.257418e-01,2.658572e+00,2.937329e-01,-1.134288e+00,-7.293000e-01,4.329358e-01,7.041359e-01,-2.859898e-01,-7.488016e-01
-2.393947e+00,-6.174095e+00,2.441367e-01,2.334802e+00,6.699124e-02,-1.351403e+00,-8.513944e-01,3.932519e-01,7.742684e-01,-1.604347e-01,-5.412407e-01
-1.682563e+00,-5.716759e+00,6.725291e-01,2.649837e+00,3.604201e-01,-1.085609e+00,-5.329463e-01,5.177303e-01,8.536942e-01,-5.969827e-02,-6.075134e-01
-1.860011e+00,-5.749544e+00,6.901667e-01,2.758469e+00,4.648245e-01,-1.064018e+00,-6.137025e-01,4.462252e-01,7.513412e-01,-2.320535e-01,-7.374833e-01
-1.479510e+00,-5.473694e+00,8.667559e-01,2.728255e+00,5.465292e-01,-1.101820e+00,-7.354893e-01,5.005034e-01,7.037909e-01,-2.575156e-01,-7.016601e-01
-1.652010e+00,-5.440222e+00,7.735481e-01,2.879145e+00,6.239751e-01,-1.066845e+00,-6.785108e-01,3.151699e-01,6.327871e-01,-3.306136e-01,-7.690477e-01
-1.531682e+00,-5.504563e+00,6.254749e-01,2.549675e+00,1.812304e-01,-1.523143e+00,-9.797692e-01,4.572394e-02,4.833339e-01,-4.917614e-01,-9.170208e-01
-1.566269e+00,-5.531410e+00,7.907108e-01,2.740465e+00,3.934743e-01,-1.242954e+00,-6.973838e-01,3.081836e-01,6.846054e-01,-1.087685e-01,-6.240832e-01
-1.654315e+00,-5.734010e+00,5.287862e-01,2.488436e+00,7.134419e-02,-1.342198e+00,-9.365456e-01,2.399693e-01,4.363143e-01,-3.311573e-01,-8.553818e-01
-1.408165e+00,-5.503448e+00,1.025410e+00,2.857710e+00,4.982509e-01,-1.161898e+00,-8.507262e-01,2.896601e-01,6.070864e-01,-3.110648e-01,-5.890211e-01
-1.387133e+00,-5.504222e+00,6.781087e-01,2.706100e+00,3.576365e-01,-1.037309e+00,-5.537859e-01,5.798743e-01,8.518266e-01,-1.254884e-01,-6.992987e-01
-2.140884e+00,-6.164245e+00,1.341149e-01,1.977374e+00,-9.554049e-02,-1.625568e+00,-9.541152e-01,4.104788e-01,8.790015e-01,5.392798e-03,-3.712122e-01
-1.740553e+00,-5.760639e+00,6.984278e-01,2.373005e+00,1.249592e-01,-1.679575e+00,-1.021044e+00,1.288844e-01,6.949797e-01,-5.040830e-02,-4.614576e-01
-1.557256e+00,-5.680050e+00,6.232612e-01,2.528867e+00,1.899398e-01,-1.274587e+00,-7.376418e-01,2.298104e-01,5.148179e-01,-4.718882e-01,-9.414609e-01
-1.779003e+00,-5.593780e+00,6.342879e-01,2.716443e+00,1.874008e-01,-1.317588e+00,-9.613002e-01,1.187583e-01,4.051587e-01,-3.386355e-01,-7.730853e-01
-2.048869e+00,-5.785601e+00,6.593445e-01,2.818691e+00,5.639115e-01,-1.012652e+00,-5.438719e-01,3.942303e-01,7.008601e-01,-2.989136e-01,-6.916451e-01
-1.549332e+00,-5.634175e+00,7.295809e-01,2.725231e+00,4.305495e-01,-1.059909e+00,-5.703388e-01,5.832074e-01,8.971166e-01,-1.722773e-02,-6.188816e-01
-1.715432e+00,-5.495290e+00,8.133525e-01,2.754788e+00,5.468866e-01,-1.146563e+00,-7.320604e-01,4.618947e-01,6.999130e-01,-2.533166e-01,-6.610072e-01
-1.741147e+00,-5.736499e+00,5.279323e-01,2.395190e+00,1.522582e-01,-1.478367e+00,-7.592612e-01,2.111762e-01,5.994489e-01,-2.922820e-01,-9.330021e-01
-1.820078e+00,-5.588586e+00,6.356371e-01,2.814087e+00,4.692585e-01,-9.339883e-01,-3.904085e-01,6.041135e-01,7.964316e-01,-1.360804e-01,-8.210482e-01
-1.730749e+00,-5.611506e+00,7.063078e-01,2.574024e+00,2.361489e-01,-1.370552e+00,-8.430255e-01,3.366358e-01,6.802582e-01,-1.474546e-01,-6.008023e-01
-1.369040e+00,-5.402124e+00,7.843260e-01,2.743592e+00,2.710336e-01,-1.193978e+00,-7.672572e-01,2.931242e-01,6.103544e-01,-3.161276e-01,-7.647631e-01
-1.798917e+00,-5.775714e+00,6.966310e-01,2.775757e+00,5.298174e-01,-1.007742e+00,-4.963228e-01,6.197415e-01,9.444799e-01,-6.887301e-03,-6.713924e-01
-1.685532e+00,-5.587598e+00,5.282688e-01,2.579066e+00,1.359847e-01,-1.474688e+00,-8.521066e-01,2.031701e-01,7.640371e-01,-1.837388e-01,-7.090843e-01
-1.896273e+00,-5.695272e+00,6.316338e-01,2.781115e+00,4.550246e-01,-9.944835e-01,-5.170829e-01,4.501669e-01,7.596685e-01,-1.479601e-01,-5.799848e-01
-1.944410e+00,-6.040385e+00,4.955567e-01,2.443715e+00,1.420205e-01,-1.293186e+00,-8.273804e-01,3.924945e-01,6.436790e-01,-9.304463e-02,-6.248476e-01
-1.845804e+00,-5.667102e+00,5.906518e-01,2.639078e+00,2.866490e-01,-1.160183e+00,-6.472504e-01,5.123415e-01,8.086626e-01,-1.010210e-01,-6.472798e-01
-2.313298e+00,-6.145557e+00,3.481744e-01,2.234823e+00,2.540886e-01,-1.321459e+00,-8.170328e-01,3.409680e-01,5.263642e-01,-3.369056e-01,-6.745280e-01
-1.600687e+00,-5.420357e+00,8.291789e-01,2.705633e+00,5.625827e-01,-1.070452e+00,-5.655645e-01,6.918855e-01,9.950599e-01,-5.822410e-02,-4.605214e-01
-1.497091e+00,-5.368673e+00,6.223131e-01,2.501186e+00,2.159359e-01,-1.408413e+00,-8.067731e-01,3.583073e-01,7.919671e-01,-1.279359e-01,-5.556871e-01
-1.777567e+00,-5.806883e+00,3.824994e-01,2.363983e+00,7.086878e-02,-1.286622e+00,-8.050699e-01,4.126299e-01,6.162650e-01,-3.271606e-01,-8.087687e-01
-1.932619e+00,-5.841696e+00,3.905041e-01,2.408430e+00,2.475391e-01,-1.059088e+00,-4.845564e-01,8.118698e-01,9.316331e-01,-2.897930e-02,-7.424676e-01
-1.951716e+00,-5.714576e+00,5.299805e-01,2.657435e+00,2.262816e-01,-1.271731e+00,-8.299818e-01,1.819663e-01,5.792301e-01,-3.000687e-01,-6.536998e-01
-1.519385e+00,-5.444465e+00,8.364391e-01,2.817055e+00,4.711565e-01,-1.056828e+00,-6.383521e-01,4.659653e-01,6.792974e-01,-2.563596e-01,-8.375962e-01
-1.509318e+00,-5.438851e+00,8.322412e-01,2.820088e+00,5.410684e-01,-1.008602e+00,-6.453932e-01,6.416452e-01,9.760416e-01,-3.730634e-02,-3.674186e-01
-1.298953e+00,-5.148655e+00,7.947150e-01,2.772036e+00,3.867222e-01,-1.182499e+00,-6.946059e-01,4.600040e-01,8.618708e-01,-7.294402e-02,-5.122216e-01
-1.930617e+00,-5.725756e+00,5.409248e-01,2.632441e+00,2.415979e-01,-1.232446e+00,-8.697886e-01,3.427408e-01,6.561974e-01,-2.846658e-01,-6.268003e-01
-2.046276e+00,-5.757133e+00,4.378193e-01,2.658044e+00,1.941412e-01,-1.264307e+00,-7.641700e-01,2.067868e-01,5.735768e-01,-3.867115e-01,-8.515001e-01
-1.500795e+00,-5.399874e+00,6.855788e-01,2.571128e+00,2.386220e-01,-1.325632e+00,-6.819884e-01,3.974742e-01,8.096629e-01,-7.303693e-02,-5.504713e-01
-1.541864e+00,-5.361170e+00,9.073243e-01,2.906656e+00,6.244980e-01,-1.060022e+00,-6.805516e-01,3.174387e-01,5.321529e-01,-3.772241e-01,-7.336313e-01
-1.804955e+00,-5.670452e+00,5.179449e-01,2.555890e+00,4.908809e-01,-1.016996e+00,-4.905185e-01,6.648946e-01,8.791651e-01,-3.183526e-01,-7.751019e-01
-1.666082e+00,-5.320593e+00,8.438290e-01,3.074494e+00,7.179632e-01,-8.293852e-01,-6.034878e-01,5.245873e-01,6.513215e-01,-2.338480e-01,-7.396673e-01
-1.452144e+00,-5.548256e+00,6.021978e-01,2.469901e+00,9.898144e-02,-1.443342e+00,-7.144110e-01,4.650734e-01,9.953489e-01,1.356662e-01,-4.633956e-01
-1.435356e+00,-5.525515e+00,7.339559e-01,2.691324e+00,1.832067e-01,-1.293927e+00,-7.718815e-01,2.404599e-01,6.259229e-01,-2.177123e-01,-7.716851e-01
-1.688851e+00,-5.476294e+00,8.522587e-01,2.986610e+00,6.158842e-01,-9.111479e-01,-3.481340e-01,5.194382e-01,9.064430e-01,-2.398845e-01,-6.570937e-01
-1.527695e+00,-5.316896e+00,7.839566e-01,2.703723e+00,2.264424e-01,-1.314549e+00,-9.764529e-01,3.353707e-01,6.290283e-01,-2.165835e-01,-5.902276e-01
-1.507448e+00,-5.500874e+00,6.303165e-01,2.636108e+00,4.294418e-01,-9.600041e-01,-3.319866e-01,8.407111e-01,1.015305e+00,1.186991e-01,-7.281359e-01
-1.426473e+00,-5.482599e+00,9.075293e-01,2.907788e+00,5.865260e-01,-9.408447e-01,-5.033015e-01,6.134098e-01,8.666807e-01,-2.081822e-01,-6.963124e-01
-1.258936e+00,-5.222193e+00,9.249184e-01,2.841510e+00,3.636824e-01,-1.248449e+00,-6.772103e-01,3.475109e-01,7.370222e-01,-1.174875e-01,-6.123295e-01
-1.506782e+00,-5.421604e+00,7.155253e-01,2.837715e+00,3.771535e-01,-1.011803e+00,-5.468727e-01,4.472592e-01,6.463899e-01,-2.545288e-01,-8.240475e-01
-1.366324e+00,-5.227933e+00,1.012916e+00,3.065305e+00,4.052728e-01,-1.252989e+00,-1.018065e+00,-2.305179e-03,3.287763e-01,-3.017797e-01,-6.509606e-01
-1.762515e+00,-5.638086e+00,7.198436e-01,2.737113e+00,4.964651e-01,-9.441735e-01,-4.534516e-01,7.352781e-01,9.585266e-01,4.949458e-02,-5.443919e-01
-1.845892e+00,-5.557314e+00,8.838635e-01,3.124215e+00,7.901615e-01,-8.003794e-01,-6.294122e-01,3.095702e-01,4.147998e-01,-5.221520e-01,-9.208838e-01
-1.853937e+00,-5.573089e+00,5.817112e-01,2.789329e+00,3.397020e-01,-1.215041e+00,-7.070320e-01,3.059220e-01,6.890731e-01,-2.227228e-01,-7.769350e-01
-1.851874e+00,-5.678540e+00,7.139766e-01,2.827930e+00,5.354365e-01,-9.616076e-01,-3.981657e-01,4.778415e-01,8.774388e-01,-1.731667e-01,-5.821464e-01
-1.913081e+00,-5.705460e+00,6.067484e-01,2.767987e+00,2.660780e-01,-1.141671e+00,-6.989445e-01,4.308651e-01,8.298869e-01,-3.583253e-02,-4.270782e-01
-1.277923e+00,-5.106523e+00,8.855227e-01,2.910262e+00,4.131164e-01,-1.041049e+00,-4.381940e-01,7.146328e-01,1.016753e+00,1.731732e-01,-6.240228e-01
-1.752431e+00,-5.496378e+00,5.062994e-01,2.563035e+00,2.889262e-01,-1.189042e+00,-5.022757e-01,5.287940e-01,9.143017e-01,-6.925579e-02,-6.238570e-01
-1.500531e+00,-5.196401e+00,9.054366e-01,2.923023e+00,6.841147e-01,-9.757568e-01,-5.643356e-01,5.177046e-01,6.648461e-01,-3.760536e-01,-8.556556e-01
-1.462508e+00,-5.543205e+00,8.221435e-01,2.683336e+00,4.444965e-01,-1.143199e+00,-6.838871e-01,4.786493e-01,7.356057e-01,-1.560869e-01,-6.135041e-01
-1.595554e+00,-5.581849e+00,5.987667e-01,2.548955e+00,3.062224e-01,-1.116156e+00,-4.916365e-01,6.729454e-01,1.046497e+00,6.905399e-02,-4.011903e-01
-1.727838e+00,-5.766536e+00,5.572044e-01,2.378259e+00,1.540368e-01,-1.329435e+00,-6.852901e-01,6.277855e-01,1.077828e+00,1.364436e-01,-3.342487e-01
-1.643420e+00,-5.490961e+00,7.731763e-01,2.770455e+00,4.374502e-01,-1.098835e+00,-6.316191e-01,4.795750e-01,7.536075e-01,-3.362738e-02,-5.882259e-01
-1.590727e+00,-5.780754e+00,6.188068e-01,2.628347e+00,3.309000e-01,-1.042013e+00,-5.653308e-01,5.832093e-01,7.663833e-01,-1.828884e-01,-8.876167e-01
-1.448172e+00,-5.146480e+00,8.963936e-01,3.006455e+00,6.831575e-01,-8.489873e-01,-5.766944e-01,5.484665e-01,6.195333e-01,-4.399959e-01,-9.914174e-01
-1.514741e+00,-5.308580e+00,9.134289e-01,2.729730e+00,5.798995e-01,-1.291769e+00,-7.072389e-01,2.623335e-01,7.114889e-01,-1.885867e-01,-5.822420e-01
-1.576775e+00,-5.440168e+00,7.286136e-01,2.658109e+00,3.672645e-01,-1.285659e+00,-6.282465e-01,4.506315e-01,9.285762e-01,3.197997e-02,-5.201543e-01
-1.097375e+00,-5.197705e+00,1.183583e+00,3.015744e+00,6.304076e-01,-9.720249e-01,-5.838786e-01,4.790058e-01,6.537897e-01,-2.244722e-01,-7.917282e-01
-1.632146e+00,-5.523169e+00,6.296934e-01,2.672367e+00,3.030192e-01,-1.194182e+00,-5.949759e-01,3.827200e-01,7.523721e-01,-8.259344e-02,-6.289804e-01
-1.116214e+00,-5.101846e+00,7.133217e-01,2.438791e+00,1.011973e-01,-1.553096e+00,-9.123067e-01,2.528840e-01,6.045408e-01,-2.722395e-01,-6.836745e-01
-1.316074e+00,-5.489015e+00,4.798128e-01,2.135675e+00,3.901487e-02,-1.527491e+00,-1.011619e+00,3.632157e-01,5.605732e-01,-3.361885e-01,-7.495116e-01
-1.410192e+00,-5.532308e+00,6.278895e-01,2.643750e+00,3.493733e-01,-1.083579e+00,-6.257984e-01,5.062912e-01,8.236310e-01,-1.704478e-01,-5.960483e-01
-1.187082e+00,-5.112230e+00,9.401027e-01,2.767120e+00,3.508413e-01,-1.313319e+00,-7.889397e-01,3.143312e-01,6.891772e-01,-2.523156e-01,-7.038071e-01
-1.790467e+00,-5.590384e+00,4.055760e-01,2.378463e+00,3.458094e-02,-1.471966e+00,-7.332496e-01,2.990151e-01,8.051860e-01,-9.285056e-02,-5.442185e-01
-1.622984e+00,-5.626702e+00,5.583955e-01,2.509574e+00,2.116825e-01,-1.217311e+00,-6.715733e-01,4.685192e-01,7.558742e-01,-1.305017e-01,-6.046736e-01
-1.628977e+00,-5.291724e+00,7.227044e-01,2.928037e+00,5.626677e-01,-1.038692e+00,-4.729774e-01,3.902153e-01,7.722114e-01,-3.851850e-01,-8.975381e-01
-1.482265e+00,-5.342209e+00,7.129045e-01,2.701189e+00,4.967074e-01,-1.079473e+00,-4.162970e-01,5.725296e-01,9.380024e-01,-2.114988e-01,-8.126342e-01
-1.448534e+00,-5.381144e+00,5.605596e-01,2.523326e+00,7.544833e-02,-1.460516e+00,-9.242707e-01,3.406823e-01,7.660700e-01,-4.004147e-02,-5.082216e-01
-1.612789e+00,-5.449180e+00,5.344713e-01,2.403962e+00,1.622393e-01,-1.272836e+00,-5.862426e-01,6.596500e-01,9.266200e-01,-1.523352e-03,-6.091502e-01
-1.550906e+00,-5.423616e+00,5.555502e-01,2.510464e+00,9.081586e-02,-1.328340e+00,-7.103499e-01,4.198033e-01,7.335536e-01,-1.272530e-01,-6.874896e-01
-1.544030e+00,-5.220208e+00,9.855627e-01,2.952563e+00,5.478748e-01,-1.066500e+00,-6.123254e-01,5.331779e-01,7.181834e-01,-2.364784e-01,-9.106881e-01
-1.504226e+00,-5.562802e+00,5.795041e-01,2.491923e+00,2.859487e-01,-1.183100e+00,-5.560791e-01,5.373790e-01,7.225345e-01,-2.344258e-01,-9.449824e-01
-1.417751e+00,-5.238271e+00,7.551921e-01,2.790672e+00,4.359271e-01,-1.046938e+00,-5.521705e-01,6.867786e-01,8.927096e-01,9.455339e-02,-6.158449e-01
-1.673996e+00,-5.445803e+00,6.021935e-01,2.580889e+00,3.012663e-01,-1.264802e+00,-6.466829e-01,5.177429e-01,9.039668e-01,-6.261849e-02,-4.700296e-01
-1.304730e+00,-5.180581e+00,8.362967e-01,2.660384e+00,1.521831e-01,-1.524616e+00,-9.324671e-01,5.780202e-02,5.640089e-01,-2.690244e-01,-6.976557e-01
-1.843185e+00,-5.719200e+00,5.451281e-01,2.416384e+00,1.511116e-01,-1.457765e+00,-8.523775e-01,2.581501e-01,6.488397e-01,-6.892023e-02,-5.005456e-01
-1.379003e+00,-5.323852e+00,8.516529e-01,2.785099e+00,4.069881e-01,-1.118135e+00,-5.181481e-01,5.691337e-01,9.404341e-01,9.412088e-02,-5.634021e-01
-1.412041e+00,-5.257460e+00,7.940732e-01,2.771813e+00,3.820714e-01,-1.147006e+00,-7.484823e-01,2.831659e-01,4.612633e-01,-4.983583e-01,-9.693832e-01
-1.368872e+00,-5.163452e+00,8.305507e-01,2.780281e+00,3.235497e-01,-1.390645e+00,-8.496639e-01,3.131534e-01,7.275718e-01,-1.316890e-01,-7.416972e-01
-1.541900e+00,-5.298123e+00,8.033757e-01,2.891942e+00,4.071292e-01,-1.081843e+00,-7.149534e-01,4.298489e-01,6.231118e-01,-1.792232e-01,-7.339031e-01
-1.506128e+00,-5.340588e+00,1.053172e+00,3.041744e+00,7.585317e-01,-9.241161e-01,-4.393661e-01,4.424329e-01,6.779873e-01,-2.024361e-01,-7.459743e-01
-1.845909e+00,-5.714636e+00,4.631713e-01,2.341544e+00,8.472162e-02,-1.360739e+00,-7.327624e-01,5.904894e-01,8.338461e-01,-8.353656e-03,-6.670233e-01
-1.513409e+00,-5.246906e+00,7.692166e-01,2.811622e+00,4.316840e-01,-1.132026e+00,-5.168693e-01,4.305041e-01,7.790585e-01,-2.253838e-01,-8.217433e-01
-1.722114e+00,-5.622474e+00,4.217866e-01,2.454190e+00,1.189849e-01,-1.405536e+00,-8.344732e-01,2.065660e-01,5.533637e-01,-2.700536e-01,-8.711504e-01
-1.507791e+00,-5.309445e+00,6.391753e-01,2.655910e+00,3.359223e-01,-1.260431e+00,-7.622394e-01,4.079863e-01,7.531738e-01,-2.870922e-01,-8.044468e-01
-1.432624e+00,-5.508807e+00,5.477638e-01,2.401326e+00,1.711597e-01,-1.323965e+00,-6.365087e-01,5.861600e-01,1.014454e+00,1.074208e-01,-5.243832e-01
-1.571388e+00,-5.301066e+00,8.930536e-01,2.717685e+00,5.736434e-01,-1.170213e+00,-6.578570e-01,4.535618e-01,6.387023e-01,-2.738743e-01,-8.281171e-01
-1.671938e+00,-5.545143e+00,5.546535e-01,2.448933e+00,4.473006e-02,-1.464419e+00,-1.029884e+00,2.287856e-01,5.065683e-01,-2.345146e-01,-6.781751e-01
-1.532614e+00,-5.419931e+00,6.833332e-01,2.677707e+00,3.860589e-01,-1.093171e+00,-4.768769e-01,6.288469e-01,9.200346e-01,1.096579e-01,-5.237441e-01
-1.446149e+00,-5.395488e+00,7.048149e-01,2.523464e+00,2.293305e-01,-1.403230e+00,-7.401150e-01,4.616226e-01,9.720251e-01,2.802063e-02,-3.943046e-01
-1.177528e+00,-5.102296e+00,9.023197e-01,2.798554e+00,4.611396e-01,-1.174686e+00,-6.569472e-01,5.256378e-01,8.227230e-01,-1.026658e-01,-7.372493e-01
-1.471652e+00,-5.384784e+00,5.424281e-01,2.447997e+00,1.798251e-01,-1.347821e+00,-8.295165e-01,4.302285e-01,7.037173e-01,-1.967722e-01,-6.376896e-01
-1.646597e+00,-5.630548e+00,5.394088e-01,2.516159e+00,1.848198e-01,-1.220151e+00,-6.518484e-01,5.996798e-01,8.683892e-01,-1.001056e-01,-7.263971e-01
-1.129081e+00,-5.088994e+00,8.074920e-01,2.611879e+00,2.016801e-01,-1.116093e+00,-6.918038e-01,7.183884e-01,7.864311e-01,2.793385e-02,-6.033210e-01
-1.569449e+00,-5.400457e+00,8.762503e-01,3.051126e+00,5.145898e-01,-8.381537e-01,-5.913220e-01,5.980102e-01,7.604515e-01,-7.468124e-02,-6.504969e-01
-1.361569e+00,-5.166658e+00,9.284581e-01,2.944843e+00,4.696356e-01,-1.208361e+00,-8.637788e-01,2.032622e-01,5.754058e-01,-3.439325e-01,-7.129675e-01
-1.003261e+00,-5.047489e+00,7.718997e-01,2.570311e+00,4.710439e-01,-1.091802e+00,-5.105869e-01,4.993763e-01,6.552154e-01,-5.239081e-01,-1.002675e+00
-1.785183e+00,-5.516300e+00,6.170260e-01,2.678151e+00,4.513863e-01,-1.038631e+00,-5.794257e-01,6.413877e-01,8.671937e-01,-8.028804e-02,-5.118975e-01
-1.605099e+00,-5.416540e+00,8.758835e-01,2.789852e+00,5.186585e-01,-1.225598e+00,-6.519537e-01,3.189703e-01,6.825218e-01,-1.095446e-01,-6.573718e-01
-1.790862e+00,-5.501937e+00,8.983269e-01,3.220412e+00,8.681540e-01,-5.991592e-01,-1.657314e-01,6.442217e-01,7.383082e-01,-2.182642e-01,-9.836705e-01
-1.958531e+00,-5.684090e+00,5.065516e-01,2.490901e+00,2.768788e-01,-1.304078e+00,-6.096604e-01,5.696366e-01,1.046050e+00,2.063552e-01,-2.245383e-01
-1.608104e+00,-5.390775e+00,6.366900e-01,2.671254e+00,2.919748e-01,-1.208968e+00,-8.138544e-01,3.934728e-01,6.200136e-01,-2.267871e-01,-6.755401e-01
-1.408518e+00,-5.152445e+00,7.633820e-01,2.775359e+00,3.990216e-01,-1.200347e+00,-6.345231e-01,5.356076e-01,9.355371e-01,5.991482e-02,-4.709132e-01
-1.396463e+00,-5.377699e+00,5.178815e-01,2.444563e+00,-6.829806e-03,-1.434655e+00,-8.551516e-01,4.370673e-01,7.826716e-01,-2.146696e-01,-7.970282e-01
-1.627245e+00,-5.558129e+00,5.119367e-01,2.450956e+00,1.205553e-01,-1.339265e+00,-6.928967e-01,4.044143e-01,7.806334e-01,-9.196597e-02,-5.869460e-01
-1.368891e+00,-5.374210e+00,7.108130e-01,2.682650e+00,3.289514e-01,-1.101981e+00,-5.020055e-01,5.471401e-01,7.251486e-01,-8.116064e-02,-7.621665e-01
-1.871781e+00,-5.388798e+00,8.632003e-01,2.944841e+00,6.382133e-01,-9.195376e-01,-5.439413e-01,5.067878e-01,6.973426e-01,-3.648752e-01,-7.231127e-01
-1.837078e+00,-5.724064e+00,2.499312e-01,2.218084e+00,2.581253e-02,-1.372470e+00,-6.377104e-01,5.445267e-01,8.500626e-01,-8.557369e-03,-7.103434e-01
-1.530728e+00,-5.422202e+00,5.230936e-01,2.526415e+00,1.399535e-01,-1.354732e+00,-7.635711e-01,5.068432e-01,9.313951e-01,-3.122451e-02,-6.350497e-01
-1.628960e+00,-5.492778e+00,6.062120e-01,2.550498e+00,2.945471e-01,-1.306500e+00,-6.696788e-01,3.211641e-01,6.854569e-01,-3.158995e-01,-7.666327e-01
-1.546986e+00,-5.348845e+00,7.016420e-01,2.773845e+00,3.091153e-01,-1.074354e+00,-5.701737e-01,6.149942e-01,8.676767e-01,2.774704e-02,-6.041416e-01
-9.730101e-01,-5.145231e+00,9.191393e-01,2.732489e+00,2.367723e-01,-1.153589e+00,-6.383243e-01,5.202922e-01,8.184690e-01,-2.926792e-01,-6.474386e-01
-1.086800e+00,-4.940367e+00,8.898535e-01,2.837365e+00,2.419776e-01,-1.339786e+00,-7.555288e-01,2.907588e-01,6.781876e-01,-1.039803e-01,-7.096829e-01
-1.699088e+00,-5.289422e+00,8.587509e-01,2.893544e+00,7.590338e-01,-8.811907e-01,-2.177192e-01,8.177750e-01,1.101843e+00,1.226250e-01,-5.473701e-01
-1.400291e+00,-5.199772e+00,6.745912e-01,2.656997e+00,3.365730e-01,-1.161234e+00,-5.590718e-01,7.000083e-01,1.020798e+00,1.172084e-01,-5.220720e-01
-2.081174e+00,-5.813692e+00,3.485688e-01,2.287672e+00,1.430439e-01,-1.302304e+00,-7.341750e-01,4.844203e-01,7.640042e-01,-2.387490e-01,-6.377013e-01
-1.736173e+00,-5.677208e+00,3.636906e-01,2.179758e+00,-3.224438e-02,-1.590610e+00,-8.069062e-01,3.323944e-01,8.662051e-01,-1.569732e-01,-4.865955e-01
-1.396378e+00,-5.016887e+00,8.220460e-01,2.871684e+00,3.130795e-01,-1.213923e+00,-6.405479e-01,4.815481e-01,8.591434e-01,-3.413493e-02,-6.749805e-01
-1.350389e+00,-5.187343e+00,8.900498e-01,2.815297e+00,4.084975e-01,-1.094277e+00,-6.298300e-01,5.088513e-01,7.857931e-01,-4.925734e-02,-5.723547e-01
-1.781488e+00,-5.642015e+00,5.519353e-01,2.579780e+00,3.529762e-01,-1.138448e+00,-6.171243e-01,4.887222e-01,8.203377e-01,-2.908982e-01,-6.581939e-01
-1.442791e+00,-5.256218e+00,6.281687e-01,2.615879e+00,6.524500e-02,-1.546861e+00,-1.174390e+00,8.919440e-02,5.353825e-01,-2.775448e-01,-5.290820e-01
-1.816135e+00,-5.737597e+00,4.306577e-01,2.251929e+00,1.266281e-01,-1.403164e+00,-7.614727e-01,5.748008e-01,1.028591e+00,1.278554e-01,-2.450634e-01
-1.601279e+00,-5.283456e+00,8.132473e-01,2.857997e+00,4.255755e-01,-1.015004e+00,-6.813393e-01,6.435480e-01,8.493976e-01,-2.269046e-02,-5.184993e-01
-1.421896e+00,-5.206608e+00,8.286228e-01,2.709762e+00,3.409359e-01,-1.206639e+00,-7.421498e-01,4.464393e-01,6.818841e-01,-6.924666e-02,-6.155771e-01
-1.657558e+00,-5.329029e+00,1.010467e+00,3.046126e+00,7.117219e-01,-9.694015e-01,-5.684651e-01,4.296273e-01,7.721830e-01,-5.530110e-02,-4.983002e-01
-1.743502e+00,-5.349368e+00,6.388588e-01,2.717667e+00,5.850045e-01,-9.569126e-01,-4.693318e-01,6.012802e-01,7.709879e-01,-2.986455e-01,-7.339860e-01
-1.603571e+00,-5.498093e+00,4.845524e-01,2.393689e+00,3.794708e-01,-1.253463e+00,-5.540942e-01,4.131466e-01,7.618479e-01,-2.999612e-01,-6.945326e-01
-1.329969e+00,-5.129995e+00,8.673779e-01,2.794176e+00,4.895365e-01,-1.163649e+00,-6.140685e-01,5.256270e-01,8.852016e-01,-6.149130e-02,-5.468831e-01
-1.060611e+00,-5.179637e+00,6.279156e-01,2.295310e+00,-4.032617e-02,-1.427387e+00,-7.302973e-01,6.452945e-01,9.489307e-01,3.326503e-02,-5.287299e-01
-1.499110e+00,-5.505440e+00,5.863252e-01,2.575632e+00,1.401004e-01,-1.261352e+00,-6.744974e-01,5.564001e-01,9.507991e-01,3.257071e-01,-2.712785e-01
-1.132877e+00,-5.045311e+00,9.816554e-01,2.783967e+00,5.737835e-01,-1.090124e+00,-3.532398e-01,6.414138e-01,9.834215e-01,-1.744330e-01,-6.774327e-01
-1.034334e+00,-5.107569e+00,1.015131e+00,2.795646e+00,6.125055e-01,-1.010755e+00,-6.042754e-01,5.209616e-01,6.405016e-01,-2.771793e-01,-7.487130e-01
-1.541581e+00,-5.345955e+00,6.609025e-01,2.707992e+00,5.811600e-01,-9.050057e-01,-2.509187e-01,8.379324e-01,1.050148e+00,-7.157169e-02,-8.039513e-01
-1.922126e+00,-5.747711e+00,3.402127e-01,2.295087e+00,4.781209e-02,-1.310137e+00,-6.453086e-01,7.563757e-01,1.051724e+00,9.637033e-02,-4.980184e-01
-1.346755e+00,-5.215445e+00,9.683406e-01,2.884716e+00,4.389564e-01,-1.171722e+00,-6.521414e-01,3.871526e-01,6.435918e-01,-7.453111e-02,-7.566995e-01
-1.393992e+00,-5.058626e+00,7.109432e-01,2.633025e+00,1.527100e-01,-1.373260e+00,-7.295953e-01,3.526289e-01,7.178944e-01,-1.916380e-01,-6.876876e-01
-8.682413e-01,-4.781905e+00,9.308459e-01,2.948611e+00,3.226421e-01,-1.137684e+00,-5.833677e-01,3.947589e-01,7.846243e-01,-2.313503e-01,-7.337166e-01
-1.109387e+00,-4.983697e+00,6.878989e-01,2.709377e+00,2.152701e-01,-1.198718e+00,-5.963393e-01,5.472849e-01,8.852296e-01,3.502570e-02,-6.691392e-01
-1.171757e+00,-5.039770e+00,7.107875e-01,2.539196e+00,8.611539e-02,-1.432067e+00,-8.536650e-01,3.914315e-01,7.096646e-01,-3.124667e-01,-8.092195e-01
-1.602805e+00,-5.435086e+00,6.502013e-01,2.622326e+00,4.219453e-01,-1.015194e+00,-4.250539e-01,7.896485e-01,9.216616e-01,1.143488e-01,-5.839996e-01
-1.566482e+00,-5.408174e+00,5.568743e-01,2.512877e+00,1.110130e-01,-1.429000e+00,-7.738297e-01,2.124747e-01,5.781300e-01,-2.285637e-01,-7.587667e-01
-8.807721e-01,-4.958783e+00,9.208205e-01,2.541576e+00,2.144138e-01,-1.250940e+00,-6.862591e-01,6.453208e-01,7.895484e-01,-1.140029e-01,-6.022863e-01
-1.757802e+00,-5.543270e+00,3.703090e-01,2.355099e+00,5.769697e-02,-1.325817e+00,-6.661362e-01,5.569909e-01,9.065947e-01,1.156228e-02,-4.932877e-01
-2.118001e+00,-5.642367e+00,4.875378e-01,2.579824e+00,4.750285e-01,-1.148578e+00,-5.197123e-01,4.621302e-01,7.267731e-01,-3.483751e-01,-8.064577e-01
-1.425343e+00,-5.211121e+00,8.930696e-01,2.683492e+00,2.723843e-01,-1.430563e+00,-1.004524e+00,3.553622e-01,8.203999e-01,6.228249e-02,-2.221211e-01
-1.050782e+00,-5.081281e+00,1.162304e+00,2.864657e+00,5.740142e-01,-1.144578e+00,-6.650321e-01,4.406533e-01,6.747540e-01,-1.723918e-01,-7.850009e-01
-1.493075e+00,-5.346354e+00,5.653650e-01,2.306664e+00,4.158746e-02,-1.511498e+00,-8.206692e-01,3.942860e-01,7.800433e-01,-2.110002e-01,-5.582161e-01
-1.495084e+00,-4.999152e+00,9.676122e-01,2.982422e+00,5.792787e-01,-9.674066e-01,-5.570445e-01,6.011940e-01,7.160711e-01,-2.184391e-01,-8.602247e-01
-1.800069e+00,-5.544683e+00,5.919799e-01,2.450275e+00,3.281591e-01,-1.450660e+00,-6.331375e-01,1.831079e-01,7.298416e-01,-2.917221e-01,-6.478005e-01
-1.411893e+00,-5.121201e+00,8.181506e-01,2.855231e+00,3.013517e-01,-1.262899e+00,-1.058838e+00,2.079256e-01,5.002187e-01,-4.242461e-01,-6.554246e-01
-1.327882e+00,-5.070159e+00,7.732583e-01,2.699082e+00,3.850930e-01,-1.257136e+00,-7.633748e-01,3.377589e-01,6.381037e-01,-3.856941e-01,-7.971369e-01
-1.239895e+00,-5.304013e+00,7.757226e-01,2.511113e+00,2.714796e-01,-1.241359e+00,-8.092694e-01,5.089073e-01,6.608227e-01,-1.245096e-01,-5.708176e-01
-1.554793e+00,-5.283406e+00,8.133666e-01,2.751352e+00,3.939858e-01,-1.325415e+00,-6.783339e-01,4.166368e-01,9.352016e-01,1.495465e-01,-3.033813e-01
-1.486448e+00,-5.129125e+00,9.288912e-01,2.781728e+00,3.825226e-01,-1.333691e+00,-8.525514e-01,2.917283e-01,6.243680e-01,-1.676685e-01,-6.498457e-01
-2.097517e+00,-5.731192e+00,3.587673e-01,2.412930e+00,1.947516e-01,-1.354824e+00,-8.138185e-01,2.153225e-01,4.198190e-01,-3.969869e-01,-9.173514e-01
-1.233985e+00,-5.103020e+00,9.615020e-01,2.745137e+00,4.907768e-01,-1.089202e+00,-6.795974e-01,6.799958e-01,7.888200e-01,-1.951314e-03,-5.745175e-01
-1.970206e+00,-5.568301e+00,3.825713e-01,2.453876e+00,3.920295e-01,-1.138885e+00,-4.418209e-01,7.716066e-01,1.098542e+00,9.428284e-02,-5.962723e-01
-1.573665e+00,-5.236194e+00,7.057007e-01,2.757851e+00,5.904907e-01,-1.072538e+00,-4.096548e-01,4.872751e-01,8.897024e-01,-2.168204e-01,-6.333869e-01
-1.287947e+00,-4.966864e+00,8.323473e-01,2.688135e+00,1.938594e-01,-1.535763e+00,-9.117134e-01,1.365307e-01,6.546970e-01,-1.764467e-01,-5.142474e-01
-1.305691e+00,-5.186208e+00,6.814322e-01,2.472156e+00,1.052542e-01,-1.376014e+00,-7.442935e-01,5.199097e-01,8.396607e-01,6.284113e-02,-5.125899e-01
-1.209820e+00,-5.149092e+00,9.247045e-01,2.782961e+00,4.951824e-01,-9.652662e-01,-6.108507e-01,6.223377e-01,7.605656e-01,-2.397147e-01,-5.584004e-01
-1.516448e+00,-5.474259e+00,2.875524e-01,2.202779e+00,1.064027e-02,-1.380188e+00,-6.962153e-01,5.742346e-01,8.424468e-01,-2.150899e-01,-7.457509e-01
-1.460851e+00,-5.179143e+00,7.535248e-01,2.844368e+00,5.552757e-01,-1.074223e+00,-6.489335e-01,3.221731e-01,5.838075e-01,-3.762291e-01,-7.794356e-01
-1.362244e+00,-5.201893e+00,5.238596e-01,2.387715e+00,6.444859e-02,-1.435016e+00,-8.630369e-01,4.943475e-01,8.103267e-01,-1.175614e-01,-5.715131e-01
-1.259591e+00,-5.069205e+00,9.533791e-01,2.873185e+00,2.789092e-01,-1.205152e+00,-9.254935e-01,3.313934e-01,5.798976e-01,-2.159675e-01,-6.163933e-01
-1.653370e+00,-5.292640e+00,6.105019e-01,2.706036e+00,2.323367e-01,-1.204173e+00,-7.003539e-01,4.350678e-01,8.060245e-01,-2.504388e-03,-4.305935e-01
-1.237911e+00,-5.094914e+00,7.730421e-01,2.540705e+00,2.376830e-01,-1.420163e+00,-7.329039e-01,3.635498e-01,6.545454e-01,-3.021152e-01,-8.973298e-01
-1.101280e+00,-5.180369e+00,7.302157e-01,2.568625e+00,3.078003e-01,-1.080721e+00,-6.359789e-01,6.391586e-01,7.500707e-01,-1.830027e-01,-6.473964e-01
-1.521770e+00,-5.171631e+00,5.731444e-01,2.487037e+00,1.630024e-01,-1.505665e+00,-6.897100e-01,4.548213e-01,1.040291e+00,3.052793e-02,-4.458198e-01
-1.423478e+00,-5.210490e+00,8.058384e-01,2.690447e+00,4.307265e-01,-1.204074e+00,-6.352364e-01,4.714621e-01,6.668900e-01,-1.209908e-01,-7.021102e-01
-1.766892e+00,-5.477397e+00,3.584395e-01,2.141473e+00,-1.732325e-01,-1.609497e+00,-9.791158e-01,4.735756e-01,7.237128e-01,1.406950e-01,-4.629400e-01
-1.838953e+00,-5.267401e+00,7.810478e-01,2.957207e+00,5.566798e-01,-9.935130e-01,-5.014476e-01,5.231325e-01,7.235577e-01,-1.715093e-01,-7.455685e-01
-1.484914e+00,-5.082006e+00,8.692774e-01,2.805539e+00,4.007637e-01,-1.086150e+00,-6.032231e-01,6.786783e-01,9.650985e-01,-4.554882e-03,-4.303897e-01
-1.254125e+00,-5.119530e+00,7.775895e-01,2.383257e+00,1.881621e-01,-1.580369e+00,-8.091609e-01,4.092384e-01,9.326675e-01,-2.898906e-02,-4.155818e-01
-1.597814e+00,-5.120101e+00,9.299928e-01,3.001877e+00,5.737162e-01,-1.029556e+00,-6.696503e-01,5.418231e-01,7.950844e-01,-5.957025e-02,-5.114446e-01
-1.230409e+00,-5.170905e+00,8.536185e-01,2.605644e+00,3.198832e-01,-1.286860e+00,-7.526276e-01,4.287209e-01,6.517442e-01,-2.727403e-02,-5.605475e-01
-1.844299e+00,-5.420618e+00,5.181577e-01,2.703680e+00,1.177766e-01,-1.240188e+00,-7.617717e-01,4.327881e-01,8.411100e-01,1.347036e-02,-3.953554e-01
-1.790114e+00,-5.462754e+00,7.764427e-01,2.682833e+00,4.385882e-01,-1.221452e+00,-5.802112e-01,6.115827e-01,9.454502e-01,1.937689e-01,-4.752201e-01
-1.388381e+00,-5.181712e+00,6.022597e-01,2.605864e+00,3.707632e-01,-1.041005e+00,-3.472187e-01,6.914743e-01,9.040861e-01,-6.499470e-02,-7.446928e-01
-1.223516e+00,-5.009807e+00,9.591734e-01,2.757612e+00,2.572499e-01,-1.346988e+00,-9.278248e-01,4.250108e-01,6.894324e-01,-1.537925e-01,-7.529914e-01
-9.522845e-01,-4.814384e+00,1.054630e+00,3.049168e+00,6.808969e-01,-8.889789e-01,-5.595989e-01,4.798620e-01,5.455885e-01,-3.939699e-01,-9.466401e-01
-1.447216e+00,-5.353666e+00,6.401779e-01,2.543684e+00,3.593658e-01,-1.077233e+00,-5.160512e-01,6.106268e-01,7.426687e-01,-1.109416e-01,-6.464507e-01
-1.397358e+00,-5.140493e+00,6.907971e-01,2.497944e+00,1.006661e-01,-1.425299e+00,-7.413772e-01,6.347289e-01,1.023445e+00,2.310823e-01,-3.369677e-01
-1.293559e+00,-5.185808e+00,6.341866e-01,2.523786e+00,2.263775e-01,-1.252852e+00,-6.183303e-01,4.477821e-01,6.740668e-01,-2.820226e-01,-8.696330e-01
-1.665015e+00,-5.429107e+00,3.277811e-01,2.439100e+00,4.417661e-02,-1.283058e+00,-6.332173e-01,5.297743e-01,8.813737e-01,-6.578398e-02,-6.132238e-01
-1.687555e+00,-5.507172e+00,3.128955e-01,2.093987e+00,5.235151e-02,-1.584771e+00,-7.704394e-01,5.172118e-01,8.406986e-01,-7.219649e-02,-6.681145e-01
-1.394494e+00,-5.243327e+00,6.424479e-01,2.453030e+00,2.466707e-01,-1.234172e+00,-7.118768e-01,6.247799e-01,7.869607e-01,-1.283882e-01,-6.956160e-01
-1.358737e+00,-5.054262e+00,7.145678e-01,2.648123e+00,1.448095e-01,-1.321302e+00,-9.527173e-01,3.634172e-01,6.963287e-01,-1.929221e-01,-4.865407e-01
-1.156331e+00,-4.767505e+00,1.171226e+00,3.088696e+00,4.232623e-01,-1.329061e+00,-9.950669e-01,1.357935e-01,5.413282e-01,-1.664634e-01,-5.960408e-01
-1.843116e+00,-5.405322e+00,5.667963e-01,2.736599e+00,2.514038e-01,-1.222180e+00,-7.401576e-01,3.392240e-01,6.540310e-01,-1.936620e-02,-5.671345e-01
-1.398805e+00,-5.250496e+00,8.179986e-01,2.557988e+00,3.289674e-01,-1.373350e+00,-7.300794e-01,4.525548e-01,7.277771e-01,-4.627322e-02,-7.607206e-01
-1.669790e+00,-5.282937e+00,7.817996e-01,2.752173e+00,8.752143e-01,-8.180181e-01,-3.540631e-01,7.891480e-01,8.011043e-01,-1.841359e-01,-7.931484e-01
-1.305731e+00,-5.068945e+00,6.913339e-01,2.559372e+00,4.573028e-01,-1.284983e+00,-6.285974e-01,2.929284e-01,6.493200e-01,-4.367860e-01,-7.624907e-01
-1.408946e+00,-5.057327e+00,7.603962e-01,2.693078e+00,4.351185e-01,-1.162819e+00,-5.283109e-01,6.069707e-01,8.587105e-01,-1.844718e-01,-7.847343e-01
-1.273202e+00,-5.061803e+00,6.802518e-01,2.619353e+00,2.182933e-01,-1.213122e+00,-5.523516e-01,5.708251e-01,8.452676e-01,-3.059088e-02,-6.883008e-01
-1.428111e+00,-5.129965e+00,9.865453e-01,2.787959e+00,4.639882e-01,-1.362877e+00,-8.252626e-01,1.872935e-01,6.276214e-01,-1.607752e-01,-4.294069e-01
-1.490157e+00,-5.247186e+00,8.829235e-01,2.873945e+00,5.361703e-01,-1.054677e+00,-6.345098e-01,5.209680e-01,7.975122e-01,-1.342931e-01,-5.072731e-01
-9.911224e-01,-4.987268e+00,7.717789e-01,2.453076e+00,2.290889e-01,-1.407808e+00,-6.815856e-01,4.807961e-01,9.470482e-01,-9.084389e-02,-4.559931e-01
-1.357317e+00,-5.107977e+00,6.846289e-01,2.689811e+00,3.263866e-01,-1.208159e+00,-5.965539e-01,6.055290e-01,9.261643e-01,4.043139e-02,-7.196348e-01
-1.950282e+00,-5.249306e+00,5.787601e-01,2.822655e+00,3.252922e-01,-1.138909e+00,-6.685730e-01,6.020958e-01,7.644133e-01,3.718215e-02,-8.131440e-01
-1.490813e+00,-5.149316e+00,9.454521e-01,2.900926e+00,4.731947e-01,-1.231854e+00,-6.432981e-01,2.559591e-01,7.628646e-01,-1.682809e-01,-5.601454e-01
-1.078436e+00,-4.977842e+00,8.911577e-01,2.630363e+00,3.194537e-01,-1.268374e+00,-5.216764e-01,5.074908e-01,8.312755e-01,-2.854711e-01,-7.364715e-01
-1.003369e+00,-4.876781e+00,8.703769e-01,2.675377e+00,2.354426e-01,-1.090410e+00,-7.939039e-01,7.058893e-01,6.837962e-01,-1.822195e-01,-6.903211e-01
-1.187105e+00,-4.842159e+00,6.838477e-01,2.727344e+00,1.062321e-01,-1.415392e+00,-1.008026e+00,1.264402e-01,4.774913e-01,-4.601440e-01,-8.420331e-01
-1.573372e+00,-5.275934e+00,4.546847e-01,2.453011e+00,2.112715e-01,-1.378167e+00,-5.581632e-01,5.711875e-01,9.210841e-01,-1.090985e-01,-8.374974e-01
-1.581202e+00,-5.177043e+00,7.170735e-01,2.613364e+00,3.932941e-01,-1.318298e+00,-4.149530e-01,5.170590e-01,1.032067e+00,3.464372e-02,-5.486787e-01
-1.369461e+00,-5.094773e+00,8.229464e-01,2.708744e+00,2.943915e-01,-1.200899e+00,-7.023636e-01,4.961841e-01,7.407104e-01,-6.801585e-02,-4.735540e-01
-1.646629e+00,-5.407630e+00,6.766890e-01,2.510140e+00,3.494397e-01,-1.357934e+00,-7.539943e-01,2.328840e-01,4.121973e-01,-3.035145e-01,-9.247846e-01
-1.443997e+00,-5.151735e+00,6.983411e-01,2.751193e+00,5.070606e-01,-9.192400e-01,-2.660708e-01,8.439829e-01,1.067053e+00,1.643338e-01,-6.587118e-01
-1.452249e+00,-5.041098e+00,7.139758e-01,2.749886e+00,4.187997e-01,-1.369473e+00,-5.789288e-01,3.189316e-01,8.426400e-01,-1.555538e-01,-7.558121e-01
-1.102420e+00,-4.984624e+00,8.037704e-01,2.613184e+00,3.521484e-01,-1.212187e+00,-5.639352e-01,5.491714e-01,8.336477e-01,-2.404844e-01,-7.419459e-01
-1.785896e+00,-5.445392e+00,3.745179e-01,2.389113e+00,1.148991e-01,-1.367435e+00,-7.233844e-01,2.803190e-01,6.176551e-01,-3.164117e-01,-7.122590e-01
-9.522671e-01,-4.621667e+00,9.034709e-01,2.706317e+00,1.664682e-01,-1.562713e+00,-6.861917e-01,3.883950e-01,1.055855e+00,3.464495e-02,-4.671560e-01
-1.373019e+00,-5.136418e+00,5.932756e-01,2.577008e+00,2.364246e-01,-1.171751e+00,-4.503407e-01,6.295686e-01,8.899712e-01,-1.793949e-01,-7.506576e-01
-9.839385e-01,-5.023461e+00,8.942044e-01,2.480349e+00,1.829281e-01,-1.492135e+00,-8.897754e-01,3.696109e-01,6.527521e-01,-7.094637e-02,-5.492310e-01
-1.564013e+00,-5.244167e+00,7.057543e-01,2.672740e+00,3.361567e-01,-1.331979e+00,-7.165269e-01,3.740876e-01,8.289538e-01,-1.818016e-01,-6.425808e-01
-1.383528e+00,-5.224216e+00,9.331918e-01,2.719724e+00,5.635652e-01,-1.085626e+00,-6.100099e-01,5.824310e-01,7.033117e-01,-1.264782e-01,-7.632101e-01
-1.124662e+00,-4.961165e+00,8.941702e-01,2.582615e+00,3.645167e-01,-1.377978e+00,-6.192929e-01,5.389044e-01,9.654324e-01,1.003749e-01,-4.490965e-01
-2.085325e+00,-5.783675e+00,4.393356e-02,1.939511e+00,-2.823672e-01,-1.812852e+00,-9.755551e-01,2.254451e-01,7.813217e-01,-2.085604e-01,-7.192993e-01
-1.101768e+00,-5.061458e+00,7.134674e-01,2.523216e+00,1.338008e-01,-1.477334e+00,-8.274068e-01,2.526559e-01,6.468863e-01,1.329016e-02,-5.588517e-01
-1.314529e+00,-4.897971e+00,7.312892e-01,2.704075e+00,2.255631e-01,-1.455773e+00,-7.668468e-01,2.361585e-01,7.321176e-01,-1.877567e-01,-7.023948e-01
-1.239824e+00,-5.011108e+00,4.773203e-01,2.373275e+00,-1.602123e-03,-1.497050e+00,-8.957820e-01,4.678279e-01,7.584835e-01,-7.806566e-02,-6.753393e-01
-1.355989e+00,-5.280182e+00,4.997525e-01,2.207443e+00,1.032837e-01,-1.420342e+00,-8.312424e-01,4.480521e-01,5.779665e-01,-2.795280e-01,-6.954952e-01
-8.628087e-01,-4.693673e+00,1.019264e+00,2.710759e+00,2.624656e-01,-1.450462e+00,-7.447363e-01,4.103853e-01,8.793017e-01,7.215588e-02,-4.831101e-01
-1.633767e+00,-5.296309e+00,7.145341e-01,3.044429e+00,5.896806e-01,-6.500814e-01,-2.142333e-01,8.151197e-01,9.345947e-01,-5.825993e-02,-7.113606e-01
-1.052011e+00,-5.025194e+00,9.634080e-01,2.629401e+00,3.750187e-01,-1.254194e+00,-6.682028e-01,4.365516e-01,6.614771e-01,-2.687640e-01,-7.200659e-01
-1.842064e+00,-5.382470e+00,4.066601e-01,2.625780e+00,9.326996e-02,-1.289828e+00,-8.109550e-01,4.138841e-01,7.544817e-01,-1.221944e-01,-5.497510e-01
-1.463740e+00,-5.272801e+00,5.715057e-01,2.595757e+00,3.575700e-01,-1.217944e+00,-5.023608e-01,5.177257e-01,9.080943e-01,-2.457282e-02,-6.090818e-01
-1.250403e+00,-4.996961e+00,7.646937e-01,2.594318e+00,2.736218e-01,-1.352243e+00,-8.478236e-01,3.893112e-01,6.718819e-01,-1.468840e-01,-6.258535e-01
-1.692686e+00,-5.177593e+00,5.898783e-01,2.758151e+00,3.865290e-01,-1.084808e+00,-5.669466e-01,5.047579e-01,7.162060e-01,-3.509879e-01,-7.633079e-01
-9.866038e-01,-4.790253e+00,9.252040e-01,2.779525e+00,2.717216e-01,-1.178360e+00,-7.035848e-01,5.492986e-01,7.535777e-01,-5.683346e-02,-7.056304e-01
-1.415621e+00,-5.056507e+00,7.242340e-01,2.871843e+00,2.011038e-01,-1.164724e+00,-7.779858e-01,4.882905e-01,6.989923e-01,-1.443222e-02,-7.286914e-01
-1.574781e+00,-5.225220e+00,6.647456e-01,2.402390e+00,2.717818e-01,-1.375659e+00,-7.962317e-01,4.258876e-01,5.910047e-01,-3.158858e-01,-7.894556e-01
-1.162673e+00,-5.126715e+00,8.055446e-01,2.519479e+00,3.596407e-01,-1.273445e+00,-6.649529e-01,5.234665e-01,8.461784e-01,-2.032431e-01,-5.646509e-01
-8.698977e-01,-4.838407e+00,8.162907e-01,2.523180e+00,1.903553e-01,-1.469832e+00,-6.205027e-01,4.325774e-01,7.496002e-01,-1.874996e-01,-8.851376e-01
-1.084735e+00,-4.841860e+00,7.745718e-01,2.672052e+00,2.213863e-01,-1.168526e+00,-6.564098e-01,6.120323e-01,7.466187e-01,-1.326079e-01,-6.047158e-01
-1.339821e+00,-4.724582e+00,7.646212e-01,2.903099e+00,2.623317e-01,-1.321976e+00,-6.101381e-01,3.277684e-01,8.093364e-01,-7.189876e-03,-6.531391e-01
-9.581147e-01,-4.753373e+00,7.537305e-01,2.497807e+00,-8.902978e-02,-1.599520e+00,-9.229002e-01,4.194488e-01,7.580081e-01,-1.131679e-01,-7.333792e-01
-1.260403e+00,-4.916528e+00,7.870820e-01,3.004942e+00,4.350845e-01,-8.515805e-01,-3.438143e-01,7.763820e-01,9.587456e-01,6.839704e-02,-6.878535e-01
-1.087214e+00,-5.033405e+00,5.221517e-01,2.223616e+00,-1.552021e-01,-1.617632e+00,-8.589934e-01,6.322496e-01,9.601043e-01,2.000767e-01,-4.842748e-01
5.654327e-01,-3.050970e+00,1.110382e-01,1.402711e+00,1.007767e-01,-7.684954e-01,-2.570453e-02,3.277915e-01,2.188368e-01,-2.995631e-02,-1.697015e-01
